subset,detector,seed,nominal_fpr,arm,rule,window,unit,n,alarms,rate
DS05,pca,-1,0.005,pooled,R0,all_post_onset,7,539511,358091,0.6637325281597595
DS05,pca,-1,0.005,pooled,R0,all_post_onset,8,238536,160858,0.6743552335915752
DS05,pca,-1,0.005,pooled,R0,all_post_onset,9,774378,475901,0.6145590396421386
DS05,pca,-1,0.005,pooled,R0,all_post_onset,10,205662,145879,0.7093143118320351
DS05,pca,-1,0.005,pooled,R0,all_post_onset,all,1758087,1140729,0.6488467294280659
DS05,pca,-1,0.005,pooled,R0,early_first_10,7,84909,489,0.005759106808465534
DS05,pca,-1,0.005,pooled,R0,early_first_10,8,41129,366,0.008898830508886674
DS05,pca,-1,0.005,pooled,R0,early_first_10,9,152374,1896,0.012443067714964496
DS05,pca,-1,0.005,pooled,R0,early_first_10,10,42742,2286,0.05348369285480324
DS05,pca,-1,0.005,pooled,R0,early_first_10,all,321154,5037,0.01568406434296319
DS05,pca,-1,0.005,pooled,R1,all_post_onset,7,539511,354857,0.6577382110837406
DS05,pca,-1,0.005,pooled,R1,all_post_onset,8,238536,158789,0.6656814904249254
DS05,pca,-1,0.005,pooled,R1,all_post_onset,9,774378,467666,0.6039246982739696
DS05,pca,-1,0.005,pooled,R1,all_post_onset,10,205662,143652,0.6984858651573942
DS05,pca,-1,0.005,pooled,R1,all_post_onset,all,1758087,1124964,0.6398795964022258
DS05,pca,-1,0.005,pooled,R1,early_first_10,7,84909,266,0.0031327656667726623
DS05,pca,-1,0.005,pooled,R1,early_first_10,8,41129,190,0.004619611466361934
DS05,pca,-1,0.005,pooled,R1,early_first_10,9,152374,1189,0.0078031685195637055
DS05,pca,-1,0.005,pooled,R1,early_first_10,10,42742,1617,0.03783164100884376
DS05,pca,-1,0.005,pooled,R1,early_first_10,all,321154,3262,0.010157120882816343
DS05,pca,-1,0.005,pooled,R2,all_post_onset,7,539511,357723,0.6630504289995941
DS05,pca,-1,0.005,pooled,R2,all_post_onset,8,238536,160586,0.6732149444947513
DS05,pca,-1,0.005,pooled,R2,all_post_onset,9,774378,474359,0.6125677640635452
DS05,pca,-1,0.005,pooled,R2,all_post_onset,10,205662,145618,0.7080452392760938
DS05,pca,-1,0.005,pooled,R2,all_post_onset,all,1758087,1138286,0.647457150869098
DS05,pca,-1,0.005,pooled,R2,early_first_10,7,84909,384,0.0045224887821079035
DS05,pca,-1,0.005,pooled,R2,early_first_10,8,41129,245,0.005956867417150916
DS05,pca,-1,0.005,pooled,R2,early_first_10,9,152374,1638,0.010749865462611731
DS05,pca,-1,0.005,pooled,R2,early_first_10,10,42742,2122,0.04964671751438866
DS05,pca,-1,0.005,pooled,R2,early_first_10,all,321154,4389,0.013666340758639157
DS05,pca,-1,0.005,phase_conditioned,R0,all_post_onset,7,539511,357713,0.6630318936963288
DS05,pca,-1,0.005,phase_conditioned,R0,all_post_onset,8,238536,158885,0.666083945400275
DS05,pca,-1,0.005,phase_conditioned,R0,all_post_onset,9,774378,482301,0.6228237372446015
DS05,pca,-1,0.005,phase_conditioned,R0,all_post_onset,10,205662,144548,0.7028425280314302
DS05,pca,-1,0.005,phase_conditioned,R0,all_post_onset,all,1758087,1143447,0.6503927280049281
DS05,pca,-1,0.005,phase_conditioned,R0,early_first_10,7,84909,516,0.006077094300957496
DS05,pca,-1,0.005,phase_conditioned,R0,early_first_10,8,41129,881,0.021420408957183498
DS05,pca,-1,0.005,phase_conditioned,R0,early_first_10,9,152374,1865,0.012239620932705055
DS05,pca,-1,0.005,phase_conditioned,R0,early_first_10,10,42742,4828,0.11295681063122924
DS05,pca,-1,0.005,phase_conditioned,R0,early_first_10,all,321154,8090,0.025190407094415765
DS05,pca,-1,0.005,phase_conditioned,R1,all_post_onset,7,539511,355312,0.6585815673823148
DS05,pca,-1,0.005,phase_conditioned,R1,all_post_onset,8,238536,156924,0.6578629640808934
DS05,pca,-1,0.005,phase_conditioned,R1,all_post_onset,9,774378,473587,0.6115708349152481
DS05,pca,-1,0.005,phase_conditioned,R1,all_post_onset,10,205662,142268,0.6917563769680349
DS05,pca,-1,0.005,phase_conditioned,R1,all_post_onset,all,1758087,1128091,0.641658234205702
DS05,pca,-1,0.005,phase_conditioned,R1,early_first_10,7,84909,277,0.0032623161266767953
DS05,pca,-1,0.005,phase_conditioned,R1,early_first_10,8,41129,621,0.015098835371635585
DS05,pca,-1,0.005,phase_conditioned,R1,early_first_10,9,152374,1065,0.0069893813905259426
DS05,pca,-1,0.005,phase_conditioned,R1,early_first_10,10,42742,4082,0.09550325207056291
DS05,pca,-1,0.005,phase_conditioned,R1,early_first_10,all,321154,6045,0.018822745474133904
DS05,pca,-1,0.005,phase_conditioned,R2,all_post_onset,7,539511,357438,0.6625221728565311
DS05,pca,-1,0.005,phase_conditioned,R2,all_post_onset,8,238536,158582,0.6648136968843278
DS05,pca,-1,0.005,phase_conditioned,R2,all_post_onset,9,774378,481743,0.6221031589223868
DS05,pca,-1,0.005,phase_conditioned,R2,all_post_onset,10,205662,144363,0.7019429938442687
DS05,pca,-1,0.005,phase_conditioned,R2,all_post_onset,all,1758087,1142126,0.6496413431189697
DS05,pca,-1,0.005,phase_conditioned,R2,early_first_10,7,84909,413,0.004864030903673345
DS05,pca,-1,0.005,phase_conditioned,R2,early_first_10,8,41129,787,0.01913491696856233
DS05,pca,-1,0.005,phase_conditioned,R2,early_first_10,9,152374,1544,0.010132962316405685
DS05,pca,-1,0.005,phase_conditioned,R2,early_first_10,10,42742,4654,0.10888587337981377
DS05,pca,-1,0.005,phase_conditioned,R2,early_first_10,all,321154,7398,0.02303567758769936
DS05,pca,-1,0.005,quantile_regression_W,R0,all_post_onset,7,539511,356105,0.6600514169312581
DS05,pca,-1,0.005,quantile_regression_W,R0,all_post_onset,8,238536,164747,0.690658852332562
DS05,pca,-1,0.005,quantile_regression_W,R0,all_post_onset,9,774378,479141,0.6187430428033854
DS05,pca,-1,0.005,quantile_regression_W,R0,all_post_onset,10,205662,154873,0.7530462603689548
DS05,pca,-1,0.005,quantile_regression_W,R0,all_post_onset,all,1758087,1154866,0.6568878559479707
DS05,pca,-1,0.005,quantile_regression_W,R0,early_first_10,7,84909,2589,0.030491467335618132
DS05,pca,-1,0.005,quantile_regression_W,R0,early_first_10,8,41129,4873,0.11848087723990372
DS05,pca,-1,0.005,quantile_regression_W,R0,early_first_10,9,152374,23311,0.1529854174596716
DS05,pca,-1,0.005,quantile_regression_W,R0,early_first_10,10,42742,12247,0.2865331524027888
DS05,pca,-1,0.005,quantile_regression_W,R0,early_first_10,all,321154,43020,0.13395442684817876
DS05,pca,-1,0.005,quantile_regression_W,R1,all_post_onset,7,539511,351885,0.6522295189532743
DS05,pca,-1,0.005,quantile_regression_W,R1,all_post_onset,8,238536,162361,0.680656169299393
DS05,pca,-1,0.005,quantile_regression_W,R1,all_post_onset,9,774378,469993,0.6069296906678651
DS05,pca,-1,0.005,quantile_regression_W,R1,all_post_onset,10,205662,152644,0.7422080890003987
DS05,pca,-1,0.005,quantile_regression_W,R1,all_post_onset,all,1758087,1136883,0.6466591243778038
DS05,pca,-1,0.005,quantile_regression_W,R1,early_first_10,7,84909,1825,0.021493599029549282
DS05,pca,-1,0.005,quantile_regression_W,R1,early_first_10,8,41129,4132,0.10046439252109217
DS05,pca,-1,0.005,quantile_regression_W,R1,early_first_10,9,152374,19761,0.12968747949125178
DS05,pca,-1,0.005,quantile_regression_W,R1,early_first_10,10,42742,11217,0.26243507556969725
DS05,pca,-1,0.005,quantile_regression_W,R1,early_first_10,all,321154,36935,0.11500713053550633
DS05,pca,-1,0.005,quantile_regression_W,R2,all_post_onset,7,539511,355834,0.6595491102127667
DS05,pca,-1,0.005,quantile_regression_W,R2,all_post_onset,8,238536,164390,0.6891622228929806
DS05,pca,-1,0.005,quantile_regression_W,R2,all_post_onset,9,774378,478076,0.6173677454679756
DS05,pca,-1,0.005,quantile_regression_W,R2,all_post_onset,10,205662,154574,0.7515924186286237
DS05,pca,-1,0.005,quantile_regression_W,R2,all_post_onset,all,1758087,1152874,0.6557548062183498
DS05,pca,-1,0.005,quantile_regression_W,R2,early_first_10,7,84909,2502,0.02946684097092181
DS05,pca,-1,0.005,quantile_regression_W,R2,early_first_10,8,41129,4735,0.11512558049065137
DS05,pca,-1,0.005,quantile_regression_W,R2,early_first_10,9,152374,22956,0.1506556236628296
DS05,pca,-1,0.005,quantile_regression_W,R2,early_first_10,10,42742,12030,0.28145617893406955
DS05,pca,-1,0.005,quantile_regression_W,R2,early_first_10,all,321154,42223,0.13147275139029874
DS05,pca,-1,0.01,pooled,R0,all_post_onset,7,539511,376624,0.6980840057014592
DS05,pca,-1,0.01,pooled,R0,all_post_onset,8,238536,175295,0.7348785927491028
DS05,pca,-1,0.01,pooled,R0,all_post_onset,9,774378,517715,0.6685559248842297
DS05,pca,-1,0.01,pooled,R0,all_post_onset,10,205662,163308,0.7940601569565597
DS05,pca,-1,0.01,pooled,R0,all_post_onset,all,1758087,1232942,0.7012974898284329
DS05,pca,-1,0.01,pooled,R0,early_first_10,7,84909,1066,0.012554617296164128
DS05,pca,-1,0.01,pooled,R0,early_first_10,8,41129,1484,0.03608159692674269
DS05,pca,-1,0.01,pooled,R0,early_first_10,9,152374,4256,0.027931274364392876
DS05,pca,-1,0.01,pooled,R0,early_first_10,10,42742,8182,0.19142763558092743
DS05,pca,-1,0.01,pooled,R0,early_first_10,all,321154,14988,0.046669199200383614
DS05,pca,-1,0.01,pooled,R1,all_post_onset,7,539511,373373,0.6920581786098893
DS05,pca,-1,0.01,pooled,R1,all_post_onset,8,238536,172179,0.721815575007546
DS05,pca,-1,0.01,pooled,R1,all_post_onset,9,774378,509168,0.6575186795079405
DS05,pca,-1,0.01,pooled,R1,all_post_onset,10,205662,160935,0.782521807626105
DS05,pca,-1,0.01,pooled,R1,all_post_onset,all,1758087,1215655,0.6914646431035552
DS05,pca,-1,0.01,pooled,R1,early_first_10,7,84909,504,0.005935766526516624
DS05,pca,-1,0.01,pooled,R1,early_first_10,8,41129,885,0.021517663935422694
DS05,pca,-1,0.01,pooled,R1,early_first_10,9,152374,2691,0.01766049326000499
DS05,pca,-1,0.01,pooled,R1,early_first_10,10,42742,6901,0.16145711478171354
DS05,pca,-1,0.01,pooled,R1,early_first_10,all,321154,10981,0.03419231894978733
DS05,pca,-1,0.01,pooled,R2,all_post_onset,7,539511,376068,0.697053442839905
DS05,pca,-1,0.01,pooled,R2,all_post_onset,8,238536,175113,0.7341156051916692
DS05,pca,-1,0.01,pooled,R2,all_post_onset,9,774378,516505,0.666993380493764
DS05,pca,-1,0.01,pooled,R2,all_post_onset,10,205662,163073,0.7929175054215168
DS05,pca,-1,0.01,pooled,R2,all_post_onset,all,1758087,1230759,0.7000557992863834
DS05,pca,-1,0.01,pooled,R2,early_first_10,7,84909,837,0.009857612267250822
DS05,pca,-1,0.01,pooled,R2,early_first_10,8,41129,1222,0.02971139585207518
DS05,pca,-1,0.01,pooled,R2,early_first_10,9,152374,3656,0.023993594707758543
DS05,pca,-1,0.01,pooled,R2,early_first_10,10,42742,7936,0.18567217257030555
DS05,pca,-1,0.01,pooled,R2,early_first_10,all,321154,13651,0.04250608742223357
DS05,pca,-1,0.01,phase_conditioned,R0,all_post_onset,7,539511,379750,0.7038781415022122
DS05,pca,-1,0.01,phase_conditioned,R0,all_post_onset,8,238536,177248,0.7430660361538719
DS05,pca,-1,0.01,phase_conditioned,R0,all_post_onset,9,774378,529384,0.6836247930597202
DS05,pca,-1,0.01,phase_conditioned,R0,all_post_onset,10,205662,163943,0.7971477472746545
DS05,pca,-1,0.01,phase_conditioned,R0,all_post_onset,all,1758087,1250325,0.7111849413595573
DS05,pca,-1,0.01,phase_conditioned,R0,early_first_10,7,84909,1384,0.016299803318847235
DS05,pca,-1,0.01,phase_conditioned,R0,early_first_10,8,41129,3361,0.08171849546548664
DS05,pca,-1,0.01,phase_conditioned,R0,early_first_10,9,152374,7047,0.04624804756717025
DS05,pca,-1,0.01,phase_conditioned,R0,early_first_10,10,42742,11546,0.2701324224416265
DS05,pca,-1,0.01,phase_conditioned,R0,early_first_10,all,321154,23338,0.07266918674529976
DS05,pca,-1,0.01,phase_conditioned,R1,all_post_onset,7,539511,375680,0.6963342730732089
DS05,pca,-1,0.01,phase_conditioned,R1,all_post_onset,8,238536,174449,0.7313319582788342
DS05,pca,-1,0.01,phase_conditioned,R1,all_post_onset,9,774378,519654,0.6710598699859759
DS05,pca,-1,0.01,phase_conditioned,R1,all_post_onset,10,205662,161550,0.7855121510050471
DS05,pca,-1,0.01,phase_conditioned,R1,all_post_onset,all,1758087,1231333,0.700382290523734
DS05,pca,-1,0.01,phase_conditioned,R1,early_first_10,7,84909,738,0.008691658128113627
DS05,pca,-1,0.01,phase_conditioned,R1,early_first_10,8,41129,2722,0.06618201269177466
DS05,pca,-1,0.01,phase_conditioned,R1,early_first_10,9,152374,4466,0.029309462244214893
DS05,pca,-1,0.01,phase_conditioned,R1,early_first_10,10,42742,10508,0.24584717607973422
DS05,pca,-1,0.01,phase_conditioned,R1,early_first_10,all,321154,18434,0.05739925394047715
DS05,pca,-1,0.01,phase_conditioned,R2,all_post_onset,7,539511,379137,0.7027419274120453
DS05,pca,-1,0.01,phase_conditioned,R2,all_post_onset,8,238536,176891,0.7415694067142905
DS05,pca,-1,0.01,phase_conditioned,R2,all_post_onset,9,774378,528355,0.6822959846483242
DS05,pca,-1,0.01,phase_conditioned,R2,all_post_onset,10,205662,163677,0.7958543629839251
DS05,pca,-1,0.01,phase_conditioned,R2,all_post_onset,all,1758087,1248060,0.7098966092121721
DS05,pca,-1,0.01,phase_conditioned,R2,early_first_10,7,84909,1127,0.013273033482905228
DS05,pca,-1,0.01,phase_conditioned,R2,early_first_10,8,41129,3174,0.07717182523280411
DS05,pca,-1,0.01,phase_conditioned,R2,early_first_10,9,152374,6320,0.04147689238321498
DS05,pca,-1,0.01,phase_conditioned,R2,early_first_10,10,42742,11325,0.26496186420850687
DS05,pca,-1,0.01,phase_conditioned,R2,early_first_10,all,321154,21946,0.06833481756415925
DS05,pca,-1,0.01,quantile_regression_W,R0,all_post_onset,7,539511,381639,0.7073794602890395
DS05,pca,-1,0.01,quantile_regression_W,R0,all_post_onset,8,238536,179610,0.7529681054432036
DS05,pca,-1,0.01,quantile_regression_W,R0,all_post_onset,9,774378,541395,0.6991353060133423
DS05,pca,-1,0.01,quantile_regression_W,R0,all_post_onset,10,205662,168137,0.8175404304149527
DS05,pca,-1,0.01,quantile_regression_W,R0,all_post_onset,all,1758087,1270781,0.7228203154906441
DS05,pca,-1,0.01,quantile_regression_W,R0,early_first_10,7,84909,4469,0.05263281866468808
DS05,pca,-1,0.01,quantile_regression_W,R0,early_first_10,8,41129,6648,0.1616377738335481
DS05,pca,-1,0.01,quantile_regression_W,R0,early_first_10,9,152374,35896,0.23557824825757676
DS05,pca,-1,0.01,quantile_regression_W,R0,early_first_10,10,42742,17079,0.3995835477984184
DS05,pca,-1,0.01,quantile_regression_W,R0,early_first_10,all,321154,64092,0.19956780859027135
DS05,pca,-1,0.01,quantile_regression_W,R1,all_post_onset,7,539511,377371,0.699468592855382
DS05,pca,-1,0.01,quantile_regression_W,R1,all_post_onset,8,238536,177046,0.7422192038099071
DS05,pca,-1,0.01,quantile_regression_W,R1,all_post_onset,9,774378,530197,0.684674667927033
DS05,pca,-1,0.01,quantile_regression_W,R1,all_post_onset,10,205662,166047,0.807378125273507
DS05,pca,-1,0.01,quantile_regression_W,R1,all_post_onset,all,1758087,1250661,0.711376058181421
DS05,pca,-1,0.01,quantile_regression_W,R1,early_first_10,7,84909,3353,0.03948933564168698
DS05,pca,-1,0.01,quantile_regression_W,R1,early_first_10,8,41129,5731,0.13934207007221183
DS05,pca,-1,0.01,quantile_regression_W,R1,early_first_10,9,152374,31604,0.2074107131137858
DS05,pca,-1,0.01,quantile_regression_W,R1,early_first_10,10,42742,15902,0.37204623087361377
DS05,pca,-1,0.01,quantile_regression_W,R1,early_first_10,all,321154,56590,0.17620829882237182
DS05,pca,-1,0.01,quantile_regression_W,R2,all_post_onset,7,539511,381344,0.7068326688427112
DS05,pca,-1,0.01,quantile_regression_W,R2,all_post_onset,8,238536,179413,0.7521422342958715
DS05,pca,-1,0.01,quantile_regression_W,R2,all_post_onset,9,774378,540627,0.6981435423010468
DS05,pca,-1,0.01,quantile_regression_W,R2,all_post_onset,10,205662,168105,0.8173848353123085
DS05,pca,-1,0.01,quantile_regression_W,R2,all_post_onset,all,1758087,1269489,0.7220854258065728
DS05,pca,-1,0.01,quantile_regression_W,R2,early_first_10,7,84909,4368,0.051443309896477406
DS05,pca,-1,0.01,quantile_regression_W,R2,early_first_10,8,41129,6494,0.15789345717133896
DS05,pca,-1,0.01,quantile_regression_W,R2,early_first_10,9,152374,35643,0.23391786000236262
DS05,pca,-1,0.01,quantile_regression_W,R2,early_first_10,10,42742,17092,0.3998876982827196
DS05,pca,-1,0.01,quantile_regression_W,R2,early_first_10,all,321154,63597,0.19802649196335714
DS05,pca,-1,0.02,pooled,R0,all_post_onset,7,539511,392050,0.7266765645186104
DS05,pca,-1,0.02,pooled,R0,all_post_onset,8,238536,189072,0.7926350739511017
DS05,pca,-1,0.02,pooled,R0,all_post_onset,9,774378,549436,0.7095191237354367
DS05,pca,-1,0.02,pooled,R0,all_post_onset,10,205662,175370,0.8527097859594869
DS05,pca,-1,0.02,pooled,R0,all_post_onset,all,1758087,1305928,0.742811931377685
DS05,pca,-1,0.02,pooled,R0,early_first_10,7,84909,2544,0.029961488181464862
DS05,pca,-1,0.02,pooled,R0,early_first_10,8,41129,4409,0.10719929976415668
DS05,pca,-1,0.02,pooled,R0,early_first_10,9,152374,9804,0.06434168558940502
DS05,pca,-1,0.02,pooled,R0,early_first_10,10,42742,15758,0.36867717935520095
DS05,pca,-1,0.02,pooled,R0,early_first_10,all,321154,32515,0.10124426287699982
DS05,pca,-1,0.02,pooled,R1,all_post_onset,7,539511,387188,0.7176647000709903
DS05,pca,-1,0.02,pooled,R1,all_post_onset,8,238536,185872,0.779219908106114
DS05,pca,-1,0.02,pooled,R1,all_post_onset,9,774378,538665,0.6956098959422917
DS05,pca,-1,0.02,pooled,R1,all_post_onset,10,205662,172435,0.8384387976388443
DS05,pca,-1,0.02,pooled,R1,all_post_onset,all,1758087,1284160,0.7304302915612254
DS05,pca,-1,0.02,pooled,R1,early_first_10,7,84909,1393,0.01640579914967789
DS05,pca,-1,0.02,pooled,R1,early_first_10,8,41129,3151,0.0766126091079287
DS05,pca,-1,0.02,pooled,R1,early_first_10,9,152374,6243,0.040971556827280244
DS05,pca,-1,0.02,pooled,R1,early_first_10,10,42742,13810,0.3231013990922278
DS05,pca,-1,0.02,pooled,R1,early_first_10,all,321154,24597,0.0765894243882997
DS05,pca,-1,0.02,pooled,R2,all_post_onset,7,539511,391171,0.7250473113615848
DS05,pca,-1,0.02,pooled,R2,all_post_onset,8,238536,188806,0.7915199382902371
DS05,pca,-1,0.02,pooled,R2,all_post_onset,9,774378,547146,0.7065619116245554
DS05,pca,-1,0.02,pooled,R2,all_post_onset,10,205662,175326,0.8524958426933512
DS05,pca,-1,0.02,pooled,R2,all_post_onset,all,1758087,1302449,0.7408330759513039
DS05,pca,-1,0.02,pooled,R2,early_first_10,7,84909,2177,0.025639213746481527
DS05,pca,-1,0.02,pooled,R2,early_first_10,8,41129,4151,0.10092635366772837
DS05,pca,-1,0.02,pooled,R2,early_first_10,9,152374,8587,0.05635475868586504
DS05,pca,-1,0.02,pooled,R2,early_first_10,10,42742,15663,0.36645454120069254
DS05,pca,-1,0.02,pooled,R2,early_first_10,all,321154,30578,0.09521288852077196
DS05,pca,-1,0.02,phase_conditioned,R0,all_post_onset,7,539511,397230,0.7362778516100691
DS05,pca,-1,0.02,phase_conditioned,R0,all_post_onset,8,238536,190840,0.8000469530804575
DS05,pca,-1,0.02,phase_conditioned,R0,all_post_onset,9,774378,562977,0.7270054159596476
DS05,pca,-1,0.02,phase_conditioned,R0,all_post_onset,10,205662,175887,0.8552236193365814
DS05,pca,-1,0.02,phase_conditioned,R0,all_post_onset,all,1758087,1326934,0.7547601455445606
DS05,pca,-1,0.02,phase_conditioned,R0,early_first_10,7,84909,3953,0.04655572436373058
DS05,pca,-1,0.02,phase_conditioned,R0,early_first_10,8,41129,6879,0.16725424882686182
DS05,pca,-1,0.02,phase_conditioned,R0,early_first_10,9,152374,17359,0.11392363526585901
DS05,pca,-1,0.02,phase_conditioned,R0,early_first_10,10,42742,17581,0.411328435730663
DS05,pca,-1,0.02,phase_conditioned,R0,early_first_10,all,321154,45772,0.14252352453962897
DS05,pca,-1,0.02,phase_conditioned,R1,all_post_onset,7,539511,391656,0.725946273569955
DS05,pca,-1,0.02,phase_conditioned,R1,all_post_onset,8,238536,187536,0.7861957943455076
DS05,pca,-1,0.02,phase_conditioned,R1,all_post_onset,9,774378,551493,0.7121754491992283
DS05,pca,-1,0.02,phase_conditioned,R1,all_post_onset,10,205662,173719,0.8446820511324407
DS05,pca,-1,0.02,phase_conditioned,R1,all_post_onset,all,1758087,1304404,0.7419450800785171
DS05,pca,-1,0.02,phase_conditioned,R1,early_first_10,7,84909,2420,0.028501101178909184
DS05,pca,-1,0.02,phase_conditioned,R1,early_first_10,8,41129,5628,0.13683775438255247
DS05,pca,-1,0.02,phase_conditioned,R1,early_first_10,9,152374,12729,0.0835378739154974
DS05,pca,-1,0.02,phase_conditioned,R1,early_first_10,10,42742,16142,0.3776613167376351
DS05,pca,-1,0.02,phase_conditioned,R1,early_first_10,all,321154,36919,0.11495731020009092
DS05,pca,-1,0.02,phase_conditioned,R2,all_post_onset,7,539511,396490,0.7349062391684321
DS05,pca,-1,0.02,phase_conditioned,R2,all_post_onset,8,238536,190570,0.7989150484622867
DS05,pca,-1,0.02,phase_conditioned,R2,all_post_onset,9,774378,560130,0.723328916885552
DS05,pca,-1,0.02,phase_conditioned,R2,all_post_onset,10,205662,175708,0.8543532592311657
DS05,pca,-1,0.02,phase_conditioned,R2,all_post_onset,all,1758087,1322898,0.7524644684819352
DS05,pca,-1,0.02,phase_conditioned,R2,early_first_10,7,84909,3593,0.04231589113050442
DS05,pca,-1,0.02,phase_conditioned,R2,early_first_10,8,41129,6645,0.1615648325998687
DS05,pca,-1,0.02,phase_conditioned,R2,early_first_10,9,152374,15985,0.10490634885216638
DS05,pca,-1,0.02,phase_conditioned,R2,early_first_10,10,42742,17395,0.4069767441860465
DS05,pca,-1,0.02,phase_conditioned,R2,early_first_10,all,321154,43618,0.13581646188432964
DS05,pca,-1,0.02,quantile_regression_W,R0,all_post_onset,7,539511,408630,0.7574080973325845
DS05,pca,-1,0.02,quantile_regression_W,R0,all_post_onset,8,238536,192416,0.8066539222591139
DS05,pca,-1,0.02,quantile_regression_W,R0,all_post_onset,9,774378,594846,0.7681597359429116
DS05,pca,-1,0.02,quantile_regression_W,R0,all_post_onset,10,205662,177592,0.8635139208993396
DS05,pca,-1,0.02,quantile_regression_W,R0,all_post_onset,all,1758087,1373484,0.781237788573603
DS05,pca,-1,0.02,quantile_regression_W,R0,early_first_10,7,84909,10084,0.11876243978847943
DS05,pca,-1,0.02,quantile_regression_W,R0,early_first_10,8,41129,10246,0.24911862675970725
DS05,pca,-1,0.02,quantile_regression_W,R0,early_first_10,9,152374,41664,0.27343247535668813
DS05,pca,-1,0.02,quantile_regression_W,R0,early_first_10,10,42742,20804,0.4867343596462496
DS05,pca,-1,0.02,quantile_regression_W,R0,early_first_10,all,321154,82798,0.2578140082328104
DS05,pca,-1,0.02,quantile_regression_W,R1,all_post_onset,7,539511,402794,0.7465908943469178
DS05,pca,-1,0.02,quantile_regression_W,R1,all_post_onset,8,238536,189826,0.7957960224033269
DS05,pca,-1,0.02,quantile_regression_W,R1,all_post_onset,9,774378,579509,0.7483541629540096
DS05,pca,-1,0.02,quantile_regression_W,R1,all_post_onset,10,205662,175637,0.854008032597174
DS05,pca,-1,0.02,quantile_regression_W,R1,all_post_onset,all,1758087,1347766,0.7666093885001141
DS05,pca,-1,0.02,quantile_regression_W,R1,early_first_10,7,84909,7637,0.08994335111707828
DS05,pca,-1,0.02,quantile_regression_W,R1,early_first_10,8,41129,9121,0.22176566412993265
DS05,pca,-1,0.02,quantile_regression_W,R1,early_first_10,9,152374,34396,0.2257340491159909
DS05,pca,-1,0.02,quantile_regression_W,R1,early_first_10,10,42742,19554,0.45748912077113846
DS05,pca,-1,0.02,quantile_regression_W,R1,early_first_10,all,321154,70708,0.22016851728454262
DS05,pca,-1,0.02,quantile_regression_W,R2,all_post_onset,7,539511,408129,0.7564794786389898
DS05,pca,-1,0.02,quantile_regression_W,R2,all_post_onset,8,238536,192104,0.8053459435892276
DS05,pca,-1,0.02,quantile_regression_W,R2,all_post_onset,9,774378,592815,0.76553698581313
DS05,pca,-1,0.02,quantile_regression_W,R2,all_post_onset,10,205662,177433,0.8627408077330766
DS05,pca,-1,0.02,quantile_regression_W,R2,all_post_onset,all,1758087,1370481,0.7795296819781956
DS05,pca,-1,0.02,quantile_regression_W,R2,early_first_10,7,84909,9747,0.11479348478959828
DS05,pca,-1,0.02,quantile_regression_W,R2,early_first_10,8,41129,9998,0.24308881810887695
DS05,pca,-1,0.02,quantile_regression_W,R2,early_first_10,9,152374,39837,0.2614422408022366
DS05,pca,-1,0.02,quantile_regression_W,R2,early_first_10,10,42742,20721,0.4847924757849422
DS05,pca,-1,0.02,quantile_regression_W,R2,early_first_10,all,321154,80303,0.25004514967897024
DS05,isolation_forest,0,0.005,pooled,R0,all_post_onset,7,539511,257356,0.47701715071611145
DS05,isolation_forest,0,0.005,pooled,R0,all_post_onset,8,238536,118227,0.4956358788610524
DS05,isolation_forest,0,0.005,pooled,R0,all_post_onset,9,774378,339266,0.438114202624558
DS05,isolation_forest,0,0.005,pooled,R0,all_post_onset,10,205662,106427,0.5174849996596357
DS05,isolation_forest,0,0.005,pooled,R0,all_post_onset,all,1758087,821276,0.46714184224102673
DS05,isolation_forest,0,0.005,pooled,R0,early_first_10,7,84909,416,0.004899362847283563
DS05,isolation_forest,0,0.005,pooled,R0,early_first_10,8,41129,245,0.005956867417150916
DS05,isolation_forest,0,0.005,pooled,R0,early_first_10,9,152374,1019,0.006687492616850644
DS05,isolation_forest,0,0.005,pooled,R0,early_first_10,10,42742,604,0.0141312994244537
DS05,isolation_forest,0,0.005,pooled,R0,early_first_10,all,321154,2284,0.007111852880549518
DS05,isolation_forest,0,0.005,pooled,R1,all_post_onset,7,539511,253521,0.4699088619138442
DS05,isolation_forest,0,0.005,pooled,R1,all_post_onset,8,238536,116469,0.4882659221249623
DS05,isolation_forest,0,0.005,pooled,R1,all_post_onset,9,774378,331456,0.42802868883155254
DS05,isolation_forest,0,0.005,pooled,R1,all_post_onset,10,205662,104469,0.5079645243165971
DS05,isolation_forest,0,0.005,pooled,R1,all_post_onset,all,1758087,805915,0.4584045044414753
DS05,isolation_forest,0,0.005,pooled,R1,early_first_10,7,84909,259,0.003050324465015487
DS05,isolation_forest,0,0.005,pooled,R1,early_first_10,8,41129,123,0.0029905905808553577
DS05,isolation_forest,0,0.005,pooled,R1,early_first_10,9,152374,447,0.002933571344192579
DS05,isolation_forest,0,0.005,pooled,R1,early_first_10,10,42742,391,0.009147910720134761
DS05,isolation_forest,0,0.005,pooled,R1,early_first_10,all,321154,1220,0.003798800575424874
DS05,isolation_forest,0,0.005,pooled,R2,all_post_onset,7,539511,257128,0.4765945458016611
DS05,isolation_forest,0,0.005,pooled,R2,all_post_onset,8,238536,117977,0.49458781902941273
DS05,isolation_forest,0,0.005,pooled,R2,all_post_onset,9,774378,339159,0.43797602721151685
DS05,isolation_forest,0,0.005,pooled,R2,all_post_onset,10,205662,106145,0.5161138178175841
DS05,isolation_forest,0,0.005,pooled,R2,all_post_onset,all,1758087,820409,0.46664869258461045
DS05,isolation_forest,0,0.005,pooled,R2,early_first_10,7,84909,365,0.0042987198059098565
DS05,isolation_forest,0,0.005,pooled,R2,early_first_10,8,41129,186,0.004522356488122736
DS05,isolation_forest,0,0.005,pooled,R2,early_first_10,9,152374,911,0.005978710278656463
DS05,isolation_forest,0,0.005,pooled,R2,early_first_10,10,42742,487,0.011393945065743297
DS05,isolation_forest,0,0.005,pooled,R2,early_first_10,all,321154,1949,0.006068739607789409
DS05,isolation_forest,0,0.005,phase_conditioned,R0,all_post_onset,7,539511,254604,0.47191623525748316
DS05,isolation_forest,0,0.005,phase_conditioned,R0,all_post_onset,8,238536,117266,0.49160713686822954
DS05,isolation_forest,0,0.005,phase_conditioned,R0,all_post_onset,9,774378,335852,0.43370550299724425
DS05,isolation_forest,0,0.005,phase_conditioned,R0,all_post_onset,10,205662,103219,0.5018865906195602
DS05,isolation_forest,0,0.005,phase_conditioned,R0,all_post_onset,all,1758087,810941,0.4612632935685208
DS05,isolation_forest,0,0.005,phase_conditioned,R0,early_first_10,7,84909,398,0.004687371185622255
DS05,isolation_forest,0,0.005,phase_conditioned,R0,early_first_10,8,41129,140,0.0034039242383719515
DS05,isolation_forest,0,0.005,phase_conditioned,R0,early_first_10,9,152374,928,0.00609027786892777
DS05,isolation_forest,0,0.005,phase_conditioned,R0,early_first_10,10,42742,494,0.011557718403443919
DS05,isolation_forest,0,0.005,phase_conditioned,R0,early_first_10,all,321154,1960,0.0061029910883875025
DS05,isolation_forest,0,0.005,phase_conditioned,R1,all_post_onset,7,539511,250966,0.4651730919295436
DS05,isolation_forest,0,0.005,phase_conditioned,R1,all_post_onset,8,238536,115513,0.48425814132877215
DS05,isolation_forest,0,0.005,phase_conditioned,R1,all_post_onset,9,774378,328429,0.4241197451373877
DS05,isolation_forest,0,0.005,phase_conditioned,R1,all_post_onset,10,205662,101381,0.4929495969114372
DS05,isolation_forest,0,0.005,phase_conditioned,R1,all_post_onset,all,1758087,796289,0.45292923501510446
DS05,isolation_forest,0,0.005,phase_conditioned,R1,early_first_10,7,84909,258,0.003038547150478748
DS05,isolation_forest,0,0.005,phase_conditioned,R1,early_first_10,8,41129,34,0.0008266673150331882
DS05,isolation_forest,0,0.005,phase_conditioned,R1,early_first_10,9,152374,396,0.0025988685733786604
DS05,isolation_forest,0,0.005,phase_conditioned,R1,early_first_10,10,42742,302,0.00706564971222685
DS05,isolation_forest,0,0.005,phase_conditioned,R1,early_first_10,all,321154,990,0.0030826332538283815
DS05,isolation_forest,0,0.005,phase_conditioned,R2,all_post_onset,7,539511,254226,0.4712156007940524
DS05,isolation_forest,0,0.005,phase_conditioned,R2,all_post_onset,8,238536,117129,0.491032800080491
DS05,isolation_forest,0,0.005,phase_conditioned,R2,all_post_onset,9,774378,336123,0.43405546128634853
DS05,isolation_forest,0,0.005,phase_conditioned,R2,all_post_onset,10,205662,102994,0.5007925625540937
DS05,isolation_forest,0,0.005,phase_conditioned,R2,all_post_onset,all,1758087,810472,0.4609965263380026
DS05,isolation_forest,0,0.005,phase_conditioned,R2,early_first_10,7,84909,352,0.004145614716932245
DS05,isolation_forest,0,0.005,phase_conditioned,R2,early_first_10,8,41129,91,0.0022125507549417686
DS05,isolation_forest,0,0.005,phase_conditioned,R2,early_first_10,9,152374,837,0.005493063121004896
DS05,isolation_forest,0,0.005,phase_conditioned,R2,early_first_10,10,42742,412,0.00963923073323663
DS05,isolation_forest,0,0.005,phase_conditioned,R2,early_first_10,all,321154,1692,0.005268500470179415
DS05,isolation_forest,0,0.005,quantile_regression_W,R0,all_post_onset,7,539511,301942,0.5596586538550651
DS05,isolation_forest,0,0.005,quantile_regression_W,R0,all_post_onset,8,238536,140958,0.5909296709930576
DS05,isolation_forest,0,0.005,quantile_regression_W,R0,all_post_onset,9,774378,395674,0.5109571811182653
DS05,isolation_forest,0,0.005,quantile_regression_W,R0,all_post_onset,10,205662,124136,0.6035923019322966
DS05,isolation_forest,0,0.005,quantile_regression_W,R0,all_post_onset,all,1758087,962710,0.54758951064424
DS05,isolation_forest,0,0.005,quantile_regression_W,R0,early_first_10,7,84909,1529,0.01800751392667444
DS05,isolation_forest,0,0.005,quantile_regression_W,R0,early_first_10,8,41129,1862,0.04527219237034696
DS05,isolation_forest,0,0.005,quantile_regression_W,R0,early_first_10,9,152374,6616,0.04341948101382125
DS05,isolation_forest,0,0.005,quantile_regression_W,R0,early_first_10,10,42742,2110,0.04936596322118759
DS05,isolation_forest,0,0.005,quantile_regression_W,R0,early_first_10,all,321154,12117,0.03772956276428131
DS05,isolation_forest,0,0.005,quantile_regression_W,R1,all_post_onset,7,539511,297921,0.552205608412062
DS05,isolation_forest,0,0.005,quantile_regression_W,R1,all_post_onset,8,238536,139024,0.5828218801354932
DS05,isolation_forest,0,0.005,quantile_regression_W,R1,all_post_onset,9,774378,388620,0.5018479347295507
DS05,isolation_forest,0,0.005,quantile_regression_W,R1,all_post_onset,10,205662,122229,0.5943198062840972
DS05,isolation_forest,0,0.005,quantile_regression_W,R1,all_post_onset,all,1758087,947794,0.5391052888736451
DS05,isolation_forest,0,0.005,quantile_regression_W,R1,early_first_10,7,84909,1127,0.013273033482905228
DS05,isolation_forest,0,0.005,quantile_regression_W,R1,early_first_10,8,41129,1488,0.036178851904981886
DS05,isolation_forest,0,0.005,quantile_regression_W,R1,early_first_10,9,152374,5309,0.034841902161786134
DS05,isolation_forest,0,0.005,quantile_regression_W,R1,early_first_10,10,42742,1631,0.038159187684245005
DS05,isolation_forest,0,0.005,quantile_regression_W,R1,early_first_10,all,321154,9555,0.029752081555889074
DS05,isolation_forest,0,0.005,quantile_regression_W,R2,all_post_onset,7,539511,301536,0.5589061205424912
DS05,isolation_forest,0,0.005,quantile_regression_W,R2,all_post_onset,8,238536,140683,0.589776805178254
DS05,isolation_forest,0,0.005,quantile_regression_W,R2,all_post_onset,9,774378,394928,0.5099938273039781
DS05,isolation_forest,0,0.005,quantile_regression_W,R2,all_post_onset,10,205662,123912,0.6025031362137877
DS05,isolation_forest,0,0.005,quantile_regression_W,R2,all_post_onset,all,1758087,961059,0.5466504217368082
DS05,isolation_forest,0,0.005,quantile_regression_W,R2,early_first_10,7,84909,1399,0.016476463036898325
DS05,isolation_forest,0,0.005,quantile_regression_W,R2,early_first_10,8,41129,1793,0.04359454399572078
DS05,isolation_forest,0,0.005,quantile_regression_W,R2,early_first_10,9,152374,6398,0.04198879073857745
DS05,isolation_forest,0,0.005,quantile_regression_W,R2,early_first_10,10,42742,1980,0.04632445837817603
DS05,isolation_forest,0,0.005,quantile_regression_W,R2,early_first_10,all,321154,11570,0.03602633004726705
DS05,isolation_forest,0,0.01,pooled,R0,all_post_onset,7,539511,279212,0.5175279095328918
DS05,isolation_forest,0,0.01,pooled,R0,all_post_onset,8,238536,125888,0.5277526243418185
DS05,isolation_forest,0,0.01,pooled,R0,all_post_onset,9,774378,368834,0.47629710554793653
DS05,isolation_forest,0,0.01,pooled,R0,all_post_onset,10,205662,114861,0.558494033900283
DS05,isolation_forest,0,0.01,pooled,R0,all_post_onset,all,1758087,888795,0.5055466538345372
DS05,isolation_forest,0,0.01,pooled,R0,early_first_10,7,84909,565,0.006654182713257723
DS05,isolation_forest,0,0.01,pooled,R0,early_first_10,8,41129,512,0.012448637214617423
DS05,isolation_forest,0,0.01,pooled,R0,early_first_10,9,152374,1667,0.010940186646015725
DS05,isolation_forest,0,0.01,pooled,R0,early_first_10,10,42742,1348,0.03153806560291984
DS05,isolation_forest,0,0.01,pooled,R0,early_first_10,all,321154,4092,0.012741550782490643
DS05,isolation_forest,0,0.01,pooled,R1,all_post_onset,7,539511,275740,0.5110924522391573
DS05,isolation_forest,0,0.01,pooled,R1,all_post_onset,8,238536,123893,0.5193891068853339
DS05,isolation_forest,0,0.01,pooled,R1,all_post_onset,9,774378,363150,0.4689570209897492
DS05,isolation_forest,0,0.01,pooled,R1,all_post_onset,10,205662,112777,0.5483609028405831
DS05,isolation_forest,0,0.01,pooled,R1,all_post_onset,all,1758087,875560,0.49801858497332613
DS05,isolation_forest,0,0.01,pooled,R1,early_first_10,7,84909,351,0.004133837402395505
DS05,isolation_forest,0,0.01,pooled,R1,early_first_10,8,41129,239,0.005810984949792117
DS05,isolation_forest,0,0.01,pooled,R1,early_first_10,9,152374,962,0.006313413049470382
DS05,isolation_forest,0,0.01,pooled,R1,early_first_10,10,42742,920,0.021524495812081792
DS05,isolation_forest,0,0.01,pooled,R1,early_first_10,all,321154,2472,0.007697241821680564
DS05,isolation_forest,0,0.01,pooled,R2,all_post_onset,7,539511,278852,0.5168606386153387
DS05,isolation_forest,0,0.01,pooled,R2,all_post_onset,8,238536,125488,0.526075728611195
DS05,isolation_forest,0,0.01,pooled,R2,all_post_onset,9,774378,368430,0.4757753965117811
DS05,isolation_forest,0,0.01,pooled,R2,all_post_onset,10,205662,114536,0.5569137711390534
DS05,isolation_forest,0,0.01,pooled,R2,all_post_onset,all,1758087,887306,0.5046997105376468
DS05,isolation_forest,0,0.01,pooled,R2,early_first_10,7,84909,469,0.0055235605177307474
DS05,isolation_forest,0,0.01,pooled,R2,early_first_10,8,41129,372,0.009044712976245472
DS05,isolation_forest,0,0.01,pooled,R2,early_first_10,9,152374,1513,0.009929515534146246
DS05,isolation_forest,0,0.01,pooled,R2,early_first_10,10,42742,1218,0.028496560759908286
DS05,isolation_forest,0,0.01,pooled,R2,early_first_10,all,321154,3572,0.011122389881489878
DS05,isolation_forest,0,0.01,phase_conditioned,R0,all_post_onset,7,539511,291989,0.5412104665150479
DS05,isolation_forest,0,0.01,phase_conditioned,R0,all_post_onset,8,238536,130291,0.5462110540966563
DS05,isolation_forest,0,0.01,phase_conditioned,R0,all_post_onset,9,774378,387445,0.5003305879040986
DS05,isolation_forest,0,0.01,phase_conditioned,R0,all_post_onset,10,205662,118078,0.5741362040629772
DS05,isolation_forest,0,0.01,phase_conditioned,R0,all_post_onset,all,1758087,927803,0.5277344067728161
DS05,isolation_forest,0,0.01,phase_conditioned,R0,early_first_10,7,84909,592,0.006972170205749685
DS05,isolation_forest,0,0.01,phase_conditioned,R0,early_first_10,8,41129,431,0.01047922390527365
DS05,isolation_forest,0,0.01,phase_conditioned,R0,early_first_10,9,152374,1518,0.009962329531284866
DS05,isolation_forest,0,0.01,phase_conditioned,R0,early_first_10,10,42742,1273,0.029783351270413178
DS05,isolation_forest,0,0.01,phase_conditioned,R0,early_first_10,all,321154,3814,0.011875922454647926
DS05,isolation_forest,0,0.01,phase_conditioned,R1,all_post_onset,7,539511,288446,0.5346434085681293
DS05,isolation_forest,0,0.01,phase_conditioned,R1,all_post_onset,8,238536,128611,0.5391680920280377
DS05,isolation_forest,0,0.01,phase_conditioned,R1,all_post_onset,9,774378,381965,0.4932539405819897
DS05,isolation_forest,0,0.01,phase_conditioned,R1,all_post_onset,10,205662,115931,0.5636967451449466
DS05,isolation_forest,0,0.01,phase_conditioned,R1,all_post_onset,all,1758087,914953,0.5204253259366572
DS05,isolation_forest,0,0.01,phase_conditioned,R1,early_first_10,7,84909,402,0.004734480443769212
DS05,isolation_forest,0,0.01,phase_conditioned,R1,early_first_10,8,41129,233,0.00566510248243332
DS05,isolation_forest,0,0.01,phase_conditioned,R1,early_first_10,9,152374,814,0.005342118734167246
DS05,isolation_forest,0,0.01,phase_conditioned,R1,early_first_10,10,42742,889,0.020799213887979038
DS05,isolation_forest,0,0.01,phase_conditioned,R1,early_first_10,all,321154,2338,0.007279996512576521
DS05,isolation_forest,0,0.01,phase_conditioned,R2,all_post_onset,7,539511,291573,0.5404393978992087
DS05,isolation_forest,0,0.01,phase_conditioned,R2,all_post_onset,8,238536,129932,0.5447060401784217
DS05,isolation_forest,0,0.01,phase_conditioned,R2,all_post_onset,9,774378,387217,0.5000361580520107
DS05,isolation_forest,0,0.01,phase_conditioned,R2,all_post_onset,10,205662,117721,0.5724003461991034
DS05,isolation_forest,0,0.01,phase_conditioned,R2,all_post_onset,all,1758087,926443,0.52696083868432
DS05,isolation_forest,0,0.01,phase_conditioned,R2,early_first_10,7,84909,518,0.006100648930030974
DS05,isolation_forest,0,0.01,phase_conditioned,R2,early_first_10,8,41129,315,0.007658829536336891
DS05,isolation_forest,0,0.01,phase_conditioned,R2,early_first_10,9,152374,1384,0.009082914407969864
DS05,isolation_forest,0,0.01,phase_conditioned,R2,early_first_10,10,42742,1134,0.02653128070750082
DS05,isolation_forest,0,0.01,phase_conditioned,R2,early_first_10,all,321154,3351,0.010434246498564552
DS05,isolation_forest,0,0.01,quantile_regression_W,R0,all_post_onset,7,539511,324296,0.6010924707744606
DS05,isolation_forest,0,0.01,quantile_regression_W,R0,all_post_onset,8,238536,149443,0.626500821678908
DS05,isolation_forest,0,0.01,quantile_regression_W,R0,all_post_onset,9,774378,434016,0.5604704679110202
DS05,isolation_forest,0,0.01,quantile_regression_W,R0,all_post_onset,10,205662,132642,0.6449514251538933
DS05,isolation_forest,0,0.01,quantile_regression_W,R0,all_post_onset,all,1758087,1040397,0.5917778812993896
DS05,isolation_forest,0,0.01,quantile_regression_W,R0,early_first_10,7,84909,2740,0.03226984183066577
DS05,isolation_forest,0,0.01,quantile_regression_W,R0,early_first_10,8,41129,2679,0.06513652167570327
DS05,isolation_forest,0,0.01,quantile_regression_W,R0,early_first_10,9,152374,10348,0.06791184847808682
DS05,isolation_forest,0,0.01,quantile_regression_W,R0,early_first_10,10,42742,3207,0.07503158485798513
DS05,isolation_forest,0,0.01,quantile_regression_W,R0,early_first_10,all,321154,18974,0.05908069026074718
DS05,isolation_forest,0,0.01,quantile_regression_W,R1,all_post_onset,7,539511,320099,0.5933132039939871
DS05,isolation_forest,0,0.01,quantile_regression_W,R1,all_post_onset,8,238536,147230,0.6172233960492337
DS05,isolation_forest,0,0.01,quantile_regression_W,R1,all_post_onset,9,774378,425142,0.5490109481416052
DS05,isolation_forest,0,0.01,quantile_regression_W,R1,all_post_onset,10,205662,130510,0.6345849014402272
DS05,isolation_forest,0,0.01,quantile_regression_W,R1,all_post_onset,all,1758087,1022981,0.5818716593661178
DS05,isolation_forest,0,0.01,quantile_regression_W,R1,early_first_10,7,84909,2056,0.02421415868753607
DS05,isolation_forest,0,0.01,quantile_regression_W,R1,early_first_10,8,41129,2179,0.05297964939580345
DS05,isolation_forest,0,0.01,quantile_regression_W,R1,early_first_10,9,152374,8408,0.05518001758830247
DS05,isolation_forest,0,0.01,quantile_regression_W,R1,early_first_10,10,42742,2594,0.06068971971363062
DS05,isolation_forest,0,0.01,quantile_regression_W,R1,early_first_10,all,321154,15237,0.0474445281702859
DS05,isolation_forest,0,0.01,quantile_regression_W,R2,all_post_onset,7,539511,323882,0.6003251092192745
DS05,isolation_forest,0,0.01,quantile_regression_W,R2,all_post_onset,8,238536,149112,0.6251131904618171
DS05,isolation_forest,0,0.01,quantile_regression_W,R2,all_post_onset,9,774378,433314,0.55956393389275
DS05,isolation_forest,0,0.01,quantile_regression_W,R2,all_post_onset,10,205662,132405,0.6437990489249351
DS05,isolation_forest,0,0.01,quantile_regression_W,R2,all_post_onset,all,1758087,1038713,0.5908200219898105
DS05,isolation_forest,0,0.01,quantile_regression_W,R2,early_first_10,7,84909,2523,0.029714164576193337
DS05,isolation_forest,0,0.01,quantile_regression_W,R2,early_first_10,8,41129,2540,0.061756911181891125
DS05,isolation_forest,0,0.01,quantile_regression_W,R2,early_first_10,9,152374,10125,0.06644834420570439
DS05,isolation_forest,0,0.01,quantile_regression_W,R2,early_first_10,10,42742,3089,0.07227083430817463
DS05,isolation_forest,0,0.01,quantile_regression_W,R2,early_first_10,all,321154,18277,0.05691039189921346
DS05,isolation_forest,0,0.02,pooled,R0,all_post_onset,7,539511,311669,0.5776879433412849
DS05,isolation_forest,0,0.02,pooled,R0,all_post_onset,8,238536,148949,0.624429855451588
DS05,isolation_forest,0,0.02,pooled,R0,all_post_onset,9,774378,433407,0.5596840302797859
DS05,isolation_forest,0,0.02,pooled,R0,all_post_onset,10,205662,134704,0.6549775845805254
DS05,isolation_forest,0,0.02,pooled,R0,all_post_onset,all,1758087,1028729,0.5851411221401444
DS05,isolation_forest,0,0.02,pooled,R0,early_first_10,7,84909,1394,0.016417576464214628
DS05,isolation_forest,0,0.02,pooled,R0,early_first_10,8,41129,2057,0.05001337255950789
DS05,isolation_forest,0,0.02,pooled,R0,early_first_10,9,152374,4579,0.030051058579547693
DS05,isolation_forest,0,0.02,pooled,R0,early_first_10,10,42742,3471,0.0812081793084086
DS05,isolation_forest,0,0.02,pooled,R0,early_first_10,all,321154,11501,0.03581147985078809
DS05,isolation_forest,0,0.02,pooled,R1,all_post_onset,7,539511,307296,0.5695824552233412
DS05,isolation_forest,0,0.02,pooled,R1,all_post_onset,8,238536,146295,0.6133036522789013
DS05,isolation_forest,0,0.02,pooled,R1,all_post_onset,9,774378,426745,0.5510809966192222
DS05,isolation_forest,0,0.02,pooled,R1,all_post_onset,10,205662,132410,0.6438233606597232
DS05,isolation_forest,0,0.02,pooled,R1,all_post_onset,all,1758087,1012746,0.576049990700119
DS05,isolation_forest,0,0.02,pooled,R1,early_first_10,7,84909,851,0.010022494670765172
DS05,isolation_forest,0,0.02,pooled,R1,early_first_10,8,41129,1561,0.03795375525784726
DS05,isolation_forest,0,0.02,pooled,R1,early_first_10,9,152374,3446,0.022615406827936526
DS05,isolation_forest,0,0.02,pooled,R1,early_first_10,10,42742,2865,0.06703008750175471
DS05,isolation_forest,0,0.02,pooled,R1,early_first_10,all,321154,8723,0.02716142411428785
DS05,isolation_forest,0,0.02,pooled,R2,all_post_onset,7,539511,311240,0.5768927788312008
DS05,isolation_forest,0,0.02,pooled,R2,all_post_onset,8,238536,148656,0.6232015293289064
DS05,isolation_forest,0,0.02,pooled,R2,all_post_onset,9,774378,432437,0.5584314120494126
DS05,isolation_forest,0,0.02,pooled,R2,all_post_onset,10,205662,134591,0.6544281393743132
DS05,isolation_forest,0,0.02,pooled,R2,all_post_onset,all,1758087,1026924,0.5841144380226917
DS05,isolation_forest,0,0.02,pooled,R2,early_first_10,7,84909,1268,0.014933634832585474
DS05,isolation_forest,0,0.02,pooled,R2,early_first_10,8,41129,1898,0.04614748717449974
DS05,isolation_forest,0,0.02,pooled,R2,early_first_10,9,152374,4282,0.028101907149513695
DS05,isolation_forest,0,0.02,pooled,R2,early_first_10,10,42742,3371,0.0788685601983997
DS05,isolation_forest,0,0.02,pooled,R2,early_first_10,all,321154,10819,0.03368788805370632
DS05,isolation_forest,0,0.02,phase_conditioned,R0,all_post_onset,7,539511,319523,0.5922455705259022
DS05,isolation_forest,0,0.02,phase_conditioned,R0,all_post_onset,8,238536,151524,0.6352248717174767
DS05,isolation_forest,0,0.02,phase_conditioned,R0,all_post_onset,9,774378,445773,0.5756529756785446
DS05,isolation_forest,0,0.02,phase_conditioned,R0,all_post_onset,10,205662,137199,0.6671091402398109
DS05,isolation_forest,0,0.02,phase_conditioned,R0,all_post_onset,all,1758087,1054019,0.5995260757857831
DS05,isolation_forest,0,0.02,phase_conditioned,R0,early_first_10,7,84909,1121,0.013202369595684792
DS05,isolation_forest,0,0.02,phase_conditioned,R0,early_first_10,8,41129,2071,0.05035376498334509
DS05,isolation_forest,0,0.02,phase_conditioned,R0,early_first_10,9,152374,4749,0.031166734482260754
DS05,isolation_forest,0,0.02,phase_conditioned,R0,early_first_10,10,42742,4268,0.09985494361517945
DS05,isolation_forest,0,0.02,phase_conditioned,R0,early_first_10,all,321154,12209,0.03801602969291991
DS05,isolation_forest,0,0.02,phase_conditioned,R1,all_post_onset,7,539511,315609,0.5849908528278386
DS05,isolation_forest,0,0.02,phase_conditioned,R1,all_post_onset,8,238536,148775,0.6237004058087668
DS05,isolation_forest,0,0.02,phase_conditioned,R1,all_post_onset,9,774378,439117,0.5670576901719832
DS05,isolation_forest,0,0.02,phase_conditioned,R1,all_post_onset,10,205662,134568,0.6543163053942878
DS05,isolation_forest,0,0.02,phase_conditioned,R1,all_post_onset,all,1758087,1038069,0.590453714747905
DS05,isolation_forest,0,0.02,phase_conditioned,R1,early_first_10,7,84909,675,0.00794968731229905
DS05,isolation_forest,0,0.02,phase_conditioned,R1,early_first_10,8,41129,1446,0.035157674633470304
DS05,isolation_forest,0,0.02,phase_conditioned,R1,early_first_10,9,152374,3537,0.023212621575859398
DS05,isolation_forest,0,0.02,phase_conditioned,R1,early_first_10,10,42742,3436,0.08038931261990548
DS05,isolation_forest,0,0.02,phase_conditioned,R1,early_first_10,all,321154,9094,0.028316633141732626
DS05,isolation_forest,0,0.02,phase_conditioned,R2,all_post_onset,7,539511,319055,0.5913781183330831
DS05,isolation_forest,0,0.02,phase_conditioned,R2,all_post_onset,8,238536,151301,0.634290002347654
DS05,isolation_forest,0,0.02,phase_conditioned,R2,all_post_onset,9,774378,444979,0.574627636632239
DS05,isolation_forest,0,0.02,phase_conditioned,R2,all_post_onset,10,205662,136978,0.6660345615621748
DS05,isolation_forest,0,0.02,phase_conditioned,R2,all_post_onset,all,1758087,1052313,0.5985557028747724
DS05,isolation_forest,0,0.02,phase_conditioned,R2,early_first_10,7,84909,976,0.011494658987857589
DS05,isolation_forest,0,0.02,phase_conditioned,R2,early_first_10,8,41129,1930,0.04692552700041333
DS05,isolation_forest,0,0.02,phase_conditioned,R2,early_first_10,9,152374,4488,0.029453843831624818
DS05,isolation_forest,0,0.02,phase_conditioned,R2,early_first_10,10,42742,4115,0.09627532637686585
DS05,isolation_forest,0,0.02,phase_conditioned,R2,early_first_10,all,321154,11509,0.0358363900184958
DS05,isolation_forest,0,0.02,quantile_regression_W,R0,all_post_onset,7,539511,351342,0.6512230519859651
DS05,isolation_forest,0,0.02,quantile_regression_W,R0,all_post_onset,8,238536,160154,0.6714038971056779
DS05,isolation_forest,0,0.02,quantile_regression_W,R0,all_post_onset,9,774378,498874,0.6442254299579792
DS05,isolation_forest,0,0.02,quantile_regression_W,R0,all_post_onset,10,205662,144373,0.7019916173138451
DS05,isolation_forest,0,0.02,quantile_regression_W,R0,all_post_onset,all,1758087,1154743,0.656817893539967
DS05,isolation_forest,0,0.02,quantile_regression_W,R0,early_first_10,7,84909,7075,0.08332450034743077
DS05,isolation_forest,0,0.02,quantile_regression_W,R0,early_first_10,8,41129,4705,0.11439616815385738
DS05,isolation_forest,0,0.02,quantile_regression_W,R0,early_first_10,9,152374,17318,0.11365456048932232
DS05,isolation_forest,0,0.02,quantile_regression_W,R0,early_first_10,10,42742,5686,0.13303074259510553
DS05,isolation_forest,0,0.02,quantile_regression_W,R0,early_first_10,all,321154,34784,0.1083094091930974
DS05,isolation_forest,0,0.02,quantile_regression_W,R1,all_post_onset,7,539511,345755,0.640867378051606
DS05,isolation_forest,0,0.02,quantile_regression_W,R1,all_post_onset,8,238536,157393,0.6598291243250495
DS05,isolation_forest,0,0.02,quantile_regression_W,R1,all_post_onset,9,774378,488712,0.6311026397960686
DS05,isolation_forest,0,0.02,quantile_regression_W,R1,all_post_onset,10,205662,142055,0.6907206970660599
DS05,isolation_forest,0,0.02,quantile_regression_W,R1,all_post_onset,all,1758087,1133915,0.644970925784674
DS05,isolation_forest,0,0.02,quantile_regression_W,R1,early_first_10,7,84909,5246,0.06178379205973454
DS05,isolation_forest,0,0.02,quantile_regression_W,R1,early_first_10,8,41129,3808,0.09258673928371708
DS05,isolation_forest,0,0.02,quantile_regression_W,R1,early_first_10,9,152374,14741,0.09674222636407787
DS05,isolation_forest,0,0.02,quantile_regression_W,R1,early_first_10,10,42742,4844,0.11333114968883067
DS05,isolation_forest,0,0.02,quantile_regression_W,R1,early_first_10,all,321154,28639,0.08917528662261719
DS05,isolation_forest,0,0.02,quantile_regression_W,R2,all_post_onset,7,539511,350726,0.6500812773048186
DS05,isolation_forest,0,0.02,quantile_regression_W,R2,all_post_onset,8,238536,159842,0.6700959184357916
DS05,isolation_forest,0,0.02,quantile_regression_W,R2,all_post_onset,9,774378,498379,0.6435862072527887
DS05,isolation_forest,0,0.02,quantile_regression_W,R2,all_post_onset,10,205662,144204,0.7011698806780057
DS05,isolation_forest,0,0.02,quantile_regression_W,R2,all_post_onset,all,1758087,1153151,0.6559123638363744
DS05,isolation_forest,0,0.02,quantile_regression_W,R2,early_first_10,7,84909,6772,0.07975597404279876
DS05,isolation_forest,0,0.02,quantile_regression_W,R2,early_first_10,8,41129,4585,0.11147851880668141
DS05,isolation_forest,0,0.02,quantile_regression_W,R2,early_first_10,9,152374,17210,0.11294577815112815
DS05,isolation_forest,0,0.02,quantile_regression_W,R2,early_first_10,10,42742,5574,0.13041036919189555
DS05,isolation_forest,0,0.02,quantile_regression_W,R2,early_first_10,all,321154,34141,0.10630725446359067
DS05,isolation_forest,1,0.005,pooled,R0,all_post_onset,7,539511,270072,0.5005866423483488
DS05,isolation_forest,1,0.005,pooled,R0,all_post_onset,8,238536,121850,0.5108243619411745
DS05,isolation_forest,1,0.005,pooled,R0,all_post_onset,9,774378,354904,0.4583084746725759
DS05,isolation_forest,1,0.005,pooled,R0,all_post_onset,10,205662,109596,0.5328937771683636
DS05,isolation_forest,1,0.005,pooled,R0,all_post_onset,all,1758087,856422,0.4871328893280025
DS05,isolation_forest,1,0.005,pooled,R0,early_first_10,7,84909,396,0.004663816556548776
DS05,isolation_forest,1,0.005,pooled,R0,early_first_10,8,41129,205,0.004984317634758929
DS05,isolation_forest,1,0.005,pooled,R0,early_first_10,9,152374,971,0.006372478244319897
DS05,isolation_forest,1,0.005,pooled,R0,early_first_10,10,42742,544,0.012727527958448365
DS05,isolation_forest,1,0.005,pooled,R0,early_first_10,all,321154,2116,0.006588739358687732
DS05,isolation_forest,1,0.005,pooled,R1,all_post_onset,7,539511,266029,0.49309281923816195
DS05,isolation_forest,1,0.005,pooled,R1,all_post_onset,8,238536,120247,0.504104202300701
DS05,isolation_forest,1,0.005,pooled,R1,all_post_onset,9,774378,349277,0.45104199757741054
DS05,isolation_forest,1,0.005,pooled,R1,all_post_onset,10,205662,108053,0.5253911758127413
DS05,isolation_forest,1,0.005,pooled,R1,all_post_onset,all,1758087,843606,0.4798431476940561
DS05,isolation_forest,1,0.005,pooled,R1,early_first_10,7,84909,244,0.002873664746964397
DS05,isolation_forest,1,0.005,pooled,R1,early_first_10,8,41129,91,0.0022125507549417686
DS05,isolation_forest,1,0.005,pooled,R1,early_first_10,9,152374,410,0.002690747765366795
DS05,isolation_forest,1,0.005,pooled,R1,early_first_10,10,42742,360,0.008422628796032006
DS05,isolation_forest,1,0.005,pooled,R1,early_first_10,all,321154,1105,0.003440716914626628
DS05,isolation_forest,1,0.005,pooled,R2,all_post_onset,7,539511,270037,0.50052176878692
DS05,isolation_forest,1,0.005,pooled,R2,all_post_onset,8,238536,121625,0.5098811080926988
DS05,isolation_forest,1,0.005,pooled,R2,all_post_onset,9,774378,354438,0.4577067013783966
DS05,isolation_forest,1,0.005,pooled,R2,all_post_onset,10,205662,109313,0.5315177329793545
DS05,isolation_forest,1,0.005,pooled,R2,all_post_onset,all,1758087,855413,0.48655897006234616
DS05,isolation_forest,1,0.005,pooled,R2,early_first_10,7,84909,346,0.004074950829711809
DS05,isolation_forest,1,0.005,pooled,R2,early_first_10,8,41129,158,0.0038415716404483456
DS05,isolation_forest,1,0.005,pooled,R2,early_first_10,9,152374,875,0.005742449499258404
DS05,isolation_forest,1,0.005,pooled,R2,early_first_10,10,42742,460,0.010762247906040896
DS05,isolation_forest,1,0.005,pooled,R2,early_first_10,all,321154,1839,0.005726224801808478
DS05,isolation_forest,1,0.005,phase_conditioned,R0,all_post_onset,7,539511,272233,0.504592121383994
DS05,isolation_forest,1,0.005,phase_conditioned,R0,all_post_onset,8,238536,122711,0.5144338800013415
DS05,isolation_forest,1,0.005,phase_conditioned,R0,all_post_onset,9,774378,356468,0.46032816014917777
DS05,isolation_forest,1,0.005,phase_conditioned,R0,all_post_onset,10,205662,108065,0.5254495239762329
DS05,isolation_forest,1,0.005,phase_conditioned,R0,all_post_onset,all,1758087,859477,0.48887057352679364
DS05,isolation_forest,1,0.005,phase_conditioned,R0,early_first_10,7,84909,387,0.004557820725718122
DS05,isolation_forest,1,0.005,phase_conditioned,R0,early_first_10,8,41129,141,0.0034282379829317514
DS05,isolation_forest,1,0.005,phase_conditioned,R0,early_first_10,9,152374,904,0.005932770682662397
DS05,isolation_forest,1,0.005,phase_conditioned,R0,early_first_10,10,42742,437,0.010224135510738851
DS05,isolation_forest,1,0.005,phase_conditioned,R0,early_first_10,all,321154,1869,0.005819637930712368
DS05,isolation_forest,1,0.005,phase_conditioned,R1,all_post_onset,7,539511,268516,0.4977025491602581
DS05,isolation_forest,1,0.005,phase_conditioned,R1,all_post_onset,8,238536,121241,0.5082712881913003
DS05,isolation_forest,1,0.005,phase_conditioned,R1,all_post_onset,9,774378,349325,0.451103982809429
DS05,isolation_forest,1,0.005,phase_conditioned,R1,all_post_onset,10,205662,106205,0.516405558635042
DS05,isolation_forest,1,0.005,phase_conditioned,R1,all_post_onset,all,1758087,845287,0.48079930060344
DS05,isolation_forest,1,0.005,phase_conditioned,R1,early_first_10,7,84909,238,0.0028030008597439613
DS05,isolation_forest,1,0.005,phase_conditioned,R1,early_first_10,8,41129,46,0.0011184322497507842
DS05,isolation_forest,1,0.005,phase_conditioned,R1,early_first_10,9,152374,374,0.0024544869859687347
DS05,isolation_forest,1,0.005,phase_conditioned,R1,early_first_10,10,42742,238,0.0055682934818211596
DS05,isolation_forest,1,0.005,phase_conditioned,R1,early_first_10,all,321154,896,0.0027899387832628583
DS05,isolation_forest,1,0.005,phase_conditioned,R2,all_post_onset,7,539511,272270,0.5046607020060758
DS05,isolation_forest,1,0.005,phase_conditioned,R2,all_post_onset,8,238536,122537,0.5137044303585203
DS05,isolation_forest,1,0.005,phase_conditioned,R2,all_post_onset,9,774378,356225,0.4600143599120843
DS05,isolation_forest,1,0.005,phase_conditioned,R2,all_post_onset,10,205662,107900,0.524647236728224
DS05,isolation_forest,1,0.005,phase_conditioned,R2,all_post_onset,all,1758087,858932,0.4885605774913301
DS05,isolation_forest,1,0.005,phase_conditioned,R2,early_first_10,7,84909,344,0.00405139620063833
DS05,isolation_forest,1,0.005,phase_conditioned,R2,early_first_10,8,41129,95,0.002309805733180967
DS05,isolation_forest,1,0.005,phase_conditioned,R2,early_first_10,9,152374,823,0.0054011839290167615
DS05,isolation_forest,1,0.005,phase_conditioned,R2,early_first_10,10,42742,360,0.008422628796032006
DS05,isolation_forest,1,0.005,phase_conditioned,R2,early_first_10,all,321154,1622,0.005050536502737004
DS05,isolation_forest,1,0.005,quantile_regression_W,R0,all_post_onset,7,539511,307785,0.5704888315530174
DS05,isolation_forest,1,0.005,quantile_regression_W,R0,all_post_onset,8,238536,143681,0.602345138679277
DS05,isolation_forest,1,0.005,quantile_regression_W,R0,all_post_onset,9,774378,404324,0.522127436471594
DS05,isolation_forest,1,0.005,quantile_regression_W,R0,all_post_onset,10,205662,126552,0.6153397321819296
DS05,isolation_forest,1,0.005,quantile_regression_W,R0,all_post_onset,all,1758087,982342,0.5587561935217086
DS05,isolation_forest,1,0.005,quantile_regression_W,R0,early_first_10,7,84909,1189,0.014003226984183067
DS05,isolation_forest,1,0.005,quantile_regression_W,R0,early_first_10,8,41129,2007,0.048797685331517904
DS05,isolation_forest,1,0.005,quantile_regression_W,R0,early_first_10,9,152374,6551,0.042992899051019204
DS05,isolation_forest,1,0.005,quantile_regression_W,R0,early_first_10,10,42742,2097,0.04906181273688644
DS05,isolation_forest,1,0.005,quantile_regression_W,R0,early_first_10,all,321154,11844,0.03687950329125591
DS05,isolation_forest,1,0.005,quantile_regression_W,R1,all_post_onset,7,539511,303995,0.5634639516154444
DS05,isolation_forest,1,0.005,quantile_regression_W,R1,all_post_onset,8,238536,141726,0.5941493107958548
DS05,isolation_forest,1,0.005,quantile_regression_W,R1,all_post_onset,9,774378,397405,0.5131925235479313
DS05,isolation_forest,1,0.005,quantile_regression_W,R1,all_post_onset,10,205662,124652,0.6061012729624335
DS05,isolation_forest,1,0.005,quantile_regression_W,R1,all_post_onset,all,1758087,967778,0.5504721893740184
DS05,isolation_forest,1,0.005,quantile_regression_W,R1,early_first_10,7,84909,777,0.009150973395046462
DS05,isolation_forest,1,0.005,quantile_regression_W,R1,early_first_10,8,41129,1623,0.03946120742055484
DS05,isolation_forest,1,0.005,quantile_regression_W,R1,early_first_10,9,152374,5261,0.03452688778925538
DS05,isolation_forest,1,0.005,quantile_regression_W,R1,early_first_10,10,42742,1603,0.03750409433344252
DS05,isolation_forest,1,0.005,quantile_regression_W,R1,early_first_10,all,321154,9264,0.02884597420552134
DS05,isolation_forest,1,0.005,quantile_regression_W,R2,all_post_onset,7,539511,307317,0.5696213793601984
DS05,isolation_forest,1,0.005,quantile_regression_W,R2,all_post_onset,8,238536,143414,0.6012258107790858
DS05,isolation_forest,1,0.005,quantile_regression_W,R2,all_post_onset,9,774378,403660,0.5212699740953385
DS05,isolation_forest,1,0.005,quantile_regression_W,R2,all_post_onset,10,205662,126330,0.6142602911573358
DS05,isolation_forest,1,0.005,quantile_regression_W,R2,all_post_onset,all,1758087,980721,0.5578341686162289
DS05,isolation_forest,1,0.005,quantile_regression_W,R2,early_first_10,7,84909,1066,0.012554617296164128
DS05,isolation_forest,1,0.005,quantile_regression_W,R2,early_first_10,8,41129,1909,0.04641493836465754
DS05,isolation_forest,1,0.005,quantile_regression_W,R2,early_first_10,9,152374,6378,0.04185753475002297
DS05,isolation_forest,1,0.005,quantile_regression_W,R2,early_first_10,10,42742,2001,0.0468157783912779
DS05,isolation_forest,1,0.005,quantile_regression_W,R2,early_first_10,all,321154,11354,0.035353755519159036
DS05,isolation_forest,1,0.01,pooled,R0,all_post_onset,7,539511,285507,0.5291958829384387
DS05,isolation_forest,1,0.01,pooled,R0,all_post_onset,8,238536,128940,0.5405473387664755
DS05,isolation_forest,1,0.01,pooled,R0,all_post_onset,9,774378,382645,0.49413206470225135
DS05,isolation_forest,1,0.01,pooled,R0,all_post_onset,10,205662,117654,0.5720745689529422
DS05,isolation_forest,1,0.01,pooled,R0,all_post_onset,all,1758087,914746,0.5203075843231877
DS05,isolation_forest,1,0.01,pooled,R0,early_first_10,7,84909,529,0.006230199389935107
DS05,isolation_forest,1,0.01,pooled,R0,early_first_10,8,41129,368,0.008947457998006274
DS05,isolation_forest,1,0.01,pooled,R0,early_first_10,9,152374,1526,0.010014831926706656
DS05,isolation_forest,1,0.01,pooled,R0,early_first_10,10,42742,1054,0.024659585419493705
DS05,isolation_forest,1,0.01,pooled,R0,early_first_10,all,321154,3477,0.010826581639960892
DS05,isolation_forest,1,0.01,pooled,R1,all_post_onset,7,539511,282565,0.5237427967177685
DS05,isolation_forest,1,0.01,pooled,R1,all_post_onset,8,238536,126892,0.5319616326256833
DS05,isolation_forest,1,0.01,pooled,R1,all_post_onset,9,774378,376771,0.4865466219339909
DS05,isolation_forest,1,0.01,pooled,R1,all_post_onset,10,205662,115659,0.5623741867724713
DS05,isolation_forest,1,0.01,pooled,R1,all_post_onset,all,1758087,901887,0.5129933842864431
DS05,isolation_forest,1,0.01,pooled,R1,early_first_10,7,84909,338,0.003980732313417895
DS05,isolation_forest,1,0.01,pooled,R1,early_first_10,8,41129,180,0.004376474020763937
DS05,isolation_forest,1,0.01,pooled,R1,early_first_10,9,152374,853,0.005598067911848478
DS05,isolation_forest,1,0.01,pooled,R1,early_first_10,10,42742,726,0.016985634738664546
DS05,isolation_forest,1,0.01,pooled,R1,early_first_10,all,321154,2097,0.0065295777103819355
DS05,isolation_forest,1,0.01,pooled,R2,all_post_onset,7,539511,285078,0.5284007184283546
DS05,isolation_forest,1,0.01,pooled,R2,all_post_onset,8,238536,128471,0.5385811785223195
DS05,isolation_forest,1,0.01,pooled,R2,all_post_onset,9,774378,382460,0.49389316328718014
DS05,isolation_forest,1,0.01,pooled,R2,all_post_onset,10,205662,117426,0.5709659538466026
DS05,isolation_forest,1,0.01,pooled,R2,all_post_onset,all,1758087,913435,0.5195618874378799
DS05,isolation_forest,1,0.01,pooled,R2,early_first_10,7,84909,449,0.00528801422699596
DS05,isolation_forest,1,0.01,pooled,R2,early_first_10,8,41129,265,0.0064431423083469086
DS05,isolation_forest,1,0.01,pooled,R2,early_first_10,9,152374,1368,0.008977909617126282
DS05,isolation_forest,1,0.01,pooled,R2,early_first_10,10,42742,913,0.021360722474381172
DS05,isolation_forest,1,0.01,pooled,R2,early_first_10,all,321154,2995,0.00932574403557172
DS05,isolation_forest,1,0.01,phase_conditioned,R0,all_post_onset,7,539511,298963,0.554136987012313
DS05,isolation_forest,1,0.01,phase_conditioned,R0,all_post_onset,8,238536,133834,0.5610641580306537
DS05,isolation_forest,1,0.01,phase_conditioned,R0,all_post_onset,9,774378,397781,0.513678074532076
DS05,isolation_forest,1,0.01,phase_conditioned,R0,all_post_onset,10,205662,120793,0.5873374760529413
DS05,isolation_forest,1,0.01,phase_conditioned,R0,all_post_onset,all,1758087,951371,0.541139886706403
DS05,isolation_forest,1,0.01,phase_conditioned,R0,early_first_10,7,84909,597,0.007031056778433382
DS05,isolation_forest,1,0.01,phase_conditioned,R0,early_first_10,8,41129,393,0.009555301612001264
DS05,isolation_forest,1,0.01,phase_conditioned,R0,early_first_10,9,152374,1441,0.009456993975350126
DS05,isolation_forest,1,0.01,phase_conditioned,R0,early_first_10,10,42742,1189,0.027818071218005707
DS05,isolation_forest,1,0.01,phase_conditioned,R0,early_first_10,all,321154,3620,0.011271850887736102
DS05,isolation_forest,1,0.01,phase_conditioned,R1,all_post_onset,7,539511,296204,0.5490230968413989
DS05,isolation_forest,1,0.01,phase_conditioned,R1,all_post_onset,8,238536,132217,0.5542853070396083
DS05,isolation_forest,1,0.01,phase_conditioned,R1,all_post_onset,9,774378,391725,0.5058576044257456
DS05,isolation_forest,1,0.01,phase_conditioned,R1,all_post_onset,10,205662,118762,0.5774620493819957
DS05,isolation_forest,1,0.01,phase_conditioned,R1,all_post_onset,all,1758087,938908,0.5340509314954266
DS05,isolation_forest,1,0.01,phase_conditioned,R1,early_first_10,7,84909,399,0.004699148500158993
DS05,isolation_forest,1,0.01,phase_conditioned,R1,early_first_10,8,41129,208,0.005057258868438328
DS05,isolation_forest,1,0.01,phase_conditioned,R1,early_first_10,9,152374,770,0.0050533555593473955
DS05,isolation_forest,1,0.01,phase_conditioned,R1,early_first_10,10,42742,874,0.020448271021477702
DS05,isolation_forest,1,0.01,phase_conditioned,R1,early_first_10,all,321154,2251,0.007009098438755239
DS05,isolation_forest,1,0.01,phase_conditioned,R2,all_post_onset,7,539511,298705,0.5536587761880666
DS05,isolation_forest,1,0.01,phase_conditioned,R2,all_post_onset,8,238536,133537,0.5598190629506657
DS05,isolation_forest,1,0.01,phase_conditioned,R2,all_post_onset,9,774378,397696,0.5135683090170433
DS05,isolation_forest,1,0.01,phase_conditioned,R2,all_post_onset,10,205662,120433,0.5855870311481947
DS05,isolation_forest,1,0.01,phase_conditioned,R2,all_post_onset,all,1758087,950371,0.5405710866413324
DS05,isolation_forest,1,0.01,phase_conditioned,R2,early_first_10,7,84909,527,0.006206644760861628
DS05,isolation_forest,1,0.01,phase_conditioned,R2,early_first_10,8,41129,299,0.007269809623380097
DS05,isolation_forest,1,0.01,phase_conditioned,R2,early_first_10,9,152374,1315,0.008630081247456916
DS05,isolation_forest,1,0.01,phase_conditioned,R2,early_first_10,10,42742,1055,0.024682981610593794
DS05,isolation_forest,1,0.01,phase_conditioned,R2,early_first_10,all,321154,3196,0.009951611999227785
DS05,isolation_forest,1,0.01,quantile_regression_W,R0,all_post_onset,7,539511,331010,0.6135370733868262
DS05,isolation_forest,1,0.01,quantile_regression_W,R0,all_post_onset,8,238536,151184,0.6337995103464467
DS05,isolation_forest,1,0.01,quantile_regression_W,R0,all_post_onset,9,774378,441974,0.5707471028360827
DS05,isolation_forest,1,0.01,quantile_regression_W,R0,all_post_onset,10,205662,135065,0.6567328918322296
DS05,isolation_forest,1,0.01,quantile_regression_W,R0,all_post_onset,all,1758087,1059233,0.6024917993250618
DS05,isolation_forest,1,0.01,quantile_regression_W,R0,early_first_10,7,84909,3075,0.036215242200473445
DS05,isolation_forest,1,0.01,quantile_regression_W,R0,early_first_10,8,41129,2889,0.0702424080332612
DS05,isolation_forest,1,0.01,quantile_regression_W,R0,early_first_10,9,152374,10721,0.07035977266462783
DS05,isolation_forest,1,0.01,quantile_regression_W,R0,early_first_10,10,42742,3157,0.07386177530298067
DS05,isolation_forest,1,0.01,quantile_regression_W,R0,early_first_10,all,321154,19842,0.06178344345703307
DS05,isolation_forest,1,0.01,quantile_regression_W,R1,all_post_onset,7,539511,326926,0.6059672555332514
DS05,isolation_forest,1,0.01,quantile_regression_W,R1,all_post_onset,8,238536,149077,0.6249664620853875
DS05,isolation_forest,1,0.01,quantile_regression_W,R1,all_post_onset,9,774378,434594,0.5612168734132427
DS05,isolation_forest,1,0.01,quantile_regression_W,R1,all_post_onset,10,205662,133019,0.6467845299569196
DS05,isolation_forest,1,0.01,quantile_regression_W,R1,all_post_onset,all,1758087,1043616,0.5936088487088523
DS05,isolation_forest,1,0.01,quantile_regression_W,R1,early_first_10,7,84909,2306,0.027158487321720902
DS05,isolation_forest,1,0.01,quantile_regression_W,R1,early_first_10,8,41129,2346,0.05704004473728999
DS05,isolation_forest,1,0.01,quantile_regression_W,R1,early_first_10,9,152374,8588,0.05636132148529276
DS05,isolation_forest,1,0.01,quantile_regression_W,R1,early_first_10,10,42742,2513,0.058794628234523416
DS05,isolation_forest,1,0.01,quantile_regression_W,R1,early_first_10,all,321154,15753,0.04905123398743282
DS05,isolation_forest,1,0.01,quantile_regression_W,R2,all_post_onset,7,539511,330475,0.6125454346621292
DS05,isolation_forest,1,0.01,quantile_regression_W,R2,all_post_onset,8,238536,150911,0.6326550290102961
DS05,isolation_forest,1,0.01,quantile_regression_W,R2,all_post_onset,9,774378,441467,0.5700923838228875
DS05,isolation_forest,1,0.01,quantile_regression_W,R2,all_post_onset,10,205662,134930,0.6560764749929496
DS05,isolation_forest,1,0.01,quantile_regression_W,R2,all_post_onset,all,1758087,1057783,0.6016670392307093
DS05,isolation_forest,1,0.01,quantile_regression_W,R2,early_first_10,7,84909,2811,0.03310603116277427
DS05,isolation_forest,1,0.01,quantile_regression_W,R2,early_first_10,8,41129,2799,0.06805417102287924
DS05,isolation_forest,1,0.01,quantile_regression_W,R2,early_first_10,9,152374,10542,0.06918503156706525
DS05,isolation_forest,1,0.01,quantile_regression_W,R2,early_first_10,10,42742,3084,0.07215385335267419
DS05,isolation_forest,1,0.01,quantile_regression_W,R2,early_first_10,all,321154,19236,0.05989649825317449
DS05,isolation_forest,1,0.02,pooled,R0,all_post_onset,7,539511,319841,0.5928349931697408
DS05,isolation_forest,1,0.02,pooled,R0,all_post_onset,8,238536,152966,0.6412700808263743
DS05,isolation_forest,1,0.02,pooled,R0,all_post_onset,9,774378,442078,0.5708814041721226
DS05,isolation_forest,1,0.02,pooled,R0,all_post_onset,10,205662,137566,0.6688936215732609
DS05,isolation_forest,1,0.02,pooled,R0,all_post_onset,all,1758087,1052451,0.5986341972837522
DS05,isolation_forest,1,0.02,pooled,R0,early_first_10,7,84909,1290,0.01519273575239374
DS05,isolation_forest,1,0.02,pooled,R0,early_first_10,8,41129,1950,0.047411801891609325
DS05,isolation_forest,1,0.02,pooled,R0,early_first_10,9,152374,4647,0.030497328940632916
DS05,isolation_forest,1,0.02,pooled,R0,early_first_10,10,42742,3366,0.07875157924289926
DS05,isolation_forest,1,0.02,pooled,R0,early_first_10,all,321154,11253,0.03503926465184927
DS05,isolation_forest,1,0.02,pooled,R1,all_post_onset,7,539511,314925,0.5837230380844877
DS05,isolation_forest,1,0.02,pooled,R1,all_post_onset,8,238536,150315,0.6301564543716671
DS05,isolation_forest,1,0.02,pooled,R1,all_post_onset,9,774378,435045,0.5617992763224162
DS05,isolation_forest,1,0.02,pooled,R1,all_post_onset,10,205662,135270,0.6577296729585437
DS05,isolation_forest,1,0.02,pooled,R1,all_post_onset,all,1758087,1035555,0.5890237513843172
DS05,isolation_forest,1,0.02,pooled,R1,early_first_10,7,84909,803,0.009457183573001684
DS05,isolation_forest,1,0.02,pooled,R1,early_first_10,8,41129,1340,0.03258041771013154
DS05,isolation_forest,1,0.02,pooled,R1,early_first_10,9,152374,3456,0.022681034822213765
DS05,isolation_forest,1,0.02,pooled,R1,early_first_10,10,42742,2706,0.06331009311684058
DS05,isolation_forest,1,0.02,pooled,R1,early_first_10,all,321154,8305,0.02585986785156031
DS05,isolation_forest,1,0.02,pooled,R2,all_post_onset,7,539511,319445,0.5921009951604324
DS05,isolation_forest,1,0.02,pooled,R2,all_post_onset,8,238536,152677,0.6400585236609988
DS05,isolation_forest,1,0.02,pooled,R2,all_post_onset,9,774378,441250,0.569812158919804
DS05,isolation_forest,1,0.02,pooled,R2,all_post_onset,10,205662,137327,0.6677315206503875
DS05,isolation_forest,1,0.02,pooled,R2,all_post_onset,all,1758087,1050699,0.5976376595697482
DS05,isolation_forest,1,0.02,pooled,R2,early_first_10,7,84909,1164,0.013708794120764584
DS05,isolation_forest,1,0.02,pooled,R2,early_first_10,8,41129,1822,0.04429964258795497
DS05,isolation_forest,1,0.02,pooled,R2,early_first_10,9,152374,4318,0.028338167928911757
DS05,isolation_forest,1,0.02,pooled,R2,early_first_10,10,42742,3229,0.07554630106218707
DS05,isolation_forest,1,0.02,pooled,R2,early_first_10,all,321154,10533,0.0327973495581559
DS05,isolation_forest,1,0.02,phase_conditioned,R0,all_post_onset,7,539511,323201,0.5990628550669032
DS05,isolation_forest,1,0.02,phase_conditioned,R0,all_post_onset,8,238536,154156,0.646258845624979
DS05,isolation_forest,1,0.02,phase_conditioned,R0,all_post_onset,9,774378,448761,0.5795115563716945
DS05,isolation_forest,1,0.02,phase_conditioned,R0,all_post_onset,10,205662,139689,0.6792163841643084
DS05,isolation_forest,1,0.02,phase_conditioned,R0,all_post_onset,all,1758087,1065807,0.6062310909528368
DS05,isolation_forest,1,0.02,phase_conditioned,R0,early_first_10,7,84909,1067,0.012566394610700868
DS05,isolation_forest,1,0.02,phase_conditioned,R0,early_first_10,8,41129,1850,0.04498042743562936
DS05,isolation_forest,1,0.02,phase_conditioned,R0,early_first_10,9,152374,4335,0.02844973551918306
DS05,isolation_forest,1,0.02,phase_conditioned,R0,early_first_10,10,42742,4389,0.10268588273829021
DS05,isolation_forest,1,0.02,phase_conditioned,R0,early_first_10,all,321154,11641,0.03624740778567292
DS05,isolation_forest,1,0.02,phase_conditioned,R1,all_post_onset,7,539511,319063,0.5913929465756954
DS05,isolation_forest,1,0.02,phase_conditioned,R1,all_post_onset,8,238536,151417,0.6347763021095348
DS05,isolation_forest,1,0.02,phase_conditioned,R1,all_post_onset,9,774378,442190,0.5710260363801658
DS05,isolation_forest,1,0.02,phase_conditioned,R1,all_post_onset,10,205662,137099,0.666622905544048
DS05,isolation_forest,1,0.02,phase_conditioned,R1,all_post_onset,all,1758087,1049769,0.5971086755092325
DS05,isolation_forest,1,0.02,phase_conditioned,R1,early_first_10,7,84909,671,0.007902578054152093
DS05,isolation_forest,1,0.02,phase_conditioned,R1,early_first_10,8,41129,1166,0.028349826156726397
DS05,isolation_forest,1,0.02,phase_conditioned,R1,early_first_10,9,152374,3144,0.02063344140076391
DS05,isolation_forest,1,0.02,phase_conditioned,R1,early_first_10,10,42742,3461,0.0809742173974077
DS05,isolation_forest,1,0.02,phase_conditioned,R1,early_first_10,all,321154,8442,0.026286454473554745
DS05,isolation_forest,1,0.02,phase_conditioned,R2,all_post_onset,7,539511,322523,0.5978061615055115
DS05,isolation_forest,1,0.02,phase_conditioned,R2,all_post_onset,8,238536,153848,0.6449676359123989
DS05,isolation_forest,1,0.02,phase_conditioned,R2,all_post_onset,9,774378,448009,0.5785404544034051
DS05,isolation_forest,1,0.02,phase_conditioned,R2,all_post_onset,10,205662,139497,0.6782828135484436
DS05,isolation_forest,1,0.02,phase_conditioned,R2,all_post_onset,all,1758087,1063877,0.6051333068272503
DS05,isolation_forest,1,0.02,phase_conditioned,R2,early_first_10,7,84909,928,0.010929347890094102
DS05,isolation_forest,1,0.02,phase_conditioned,R2,early_first_10,8,41129,1674,0.04070120839310462
DS05,isolation_forest,1,0.02,phase_conditioned,R2,early_first_10,9,152374,4058,0.026631840077703545
DS05,isolation_forest,1,0.02,phase_conditioned,R2,early_first_10,10,42742,4288,0.10032286743718123
DS05,isolation_forest,1,0.02,phase_conditioned,R2,early_first_10,all,321154,10948,0.03408956450799305
DS05,isolation_forest,1,0.02,quantile_regression_W,R0,all_post_onset,7,539511,356705,0.66116353512718
DS05,isolation_forest,1,0.02,quantile_regression_W,R0,all_post_onset,8,238536,161967,0.6790044270047288
DS05,isolation_forest,1,0.02,quantile_regression_W,R0,all_post_onset,9,774378,501827,0.6480388130861156
DS05,isolation_forest,1,0.02,quantile_regression_W,R0,all_post_onset,10,205662,145989,0.7098491699973744
DS05,isolation_forest,1,0.02,quantile_regression_W,R0,all_post_onset,all,1758087,1166488,0.6634984503042227
DS05,isolation_forest,1,0.02,quantile_regression_W,R0,early_first_10,7,84909,7563,0.08907182984135957
DS05,isolation_forest,1,0.02,quantile_regression_W,R0,early_first_10,8,41129,4570,0.11111381263828442
DS05,isolation_forest,1,0.02,quantile_regression_W,R0,early_first_10,9,152374,16667,0.10938217806187407
DS05,isolation_forest,1,0.02,quantile_regression_W,R0,early_first_10,10,42742,5662,0.1324692340087034
DS05,isolation_forest,1,0.02,quantile_regression_W,R0,early_first_10,all,321154,34462,0.10730677494286231
DS05,isolation_forest,1,0.02,quantile_regression_W,R1,all_post_onset,7,539511,351020,0.6506262152208203
DS05,isolation_forest,1,0.02,quantile_regression_W,R1,all_post_onset,8,238536,159219,0.6674841533353456
DS05,isolation_forest,1,0.02,quantile_regression_W,R1,all_post_onset,9,774378,490880,0.6339023061089029
DS05,isolation_forest,1,0.02,quantile_regression_W,R1,all_post_onset,10,205662,143413,0.6973237642345207
DS05,isolation_forest,1,0.02,quantile_regression_W,R1,all_post_onset,all,1758087,1144532,0.6510098760755298
DS05,isolation_forest,1,0.02,quantile_regression_W,R1,early_first_10,7,84909,5808,0.06840264282938205
DS05,isolation_forest,1,0.02,quantile_regression_W,R1,early_first_10,8,41129,3728,0.09064163971893312
DS05,isolation_forest,1,0.02,quantile_regression_W,R1,early_first_10,9,152374,13962,0.09162980560988095
DS05,isolation_forest,1,0.02,quantile_regression_W,R1,early_first_10,10,42742,4767,0.11152964297412381
DS05,isolation_forest,1,0.02,quantile_regression_W,R1,early_first_10,all,321154,28265,0.08801073628228202
DS05,isolation_forest,1,0.02,quantile_regression_W,R2,all_post_onset,7,539511,356136,0.6601088763713807
DS05,isolation_forest,1,0.02,quantile_regression_W,R2,all_post_onset,8,238536,161506,0.6770718046751854
DS05,isolation_forest,1,0.02,quantile_regression_W,R2,all_post_onset,9,774378,501370,0.6474486620229397
DS05,isolation_forest,1,0.02,quantile_regression_W,R2,all_post_onset,10,205662,145726,0.7085703727475178
DS05,isolation_forest,1,0.02,quantile_regression_W,R2,all_post_onset,all,1758087,1164738,0.6625030501903489
DS05,isolation_forest,1,0.02,quantile_regression_W,R2,early_first_10,7,84909,7299,0.08596261880366039
DS05,isolation_forest,1,0.02,quantile_regression_W,R2,early_first_10,8,41129,4411,0.10724792725327628
DS05,isolation_forest,1,0.02,quantile_regression_W,R2,early_first_10,9,152374,16510,0.10835181855172142
DS05,isolation_forest,1,0.02,quantile_regression_W,R2,early_first_10,10,42742,5505,0.12879603200598944
DS05,isolation_forest,1,0.02,quantile_regression_W,R2,early_first_10,all,321154,33725,0.10501192574279006
DS05,isolation_forest,2,0.005,pooled,R0,all_post_onset,7,539511,271573,0.50336879136848
DS05,isolation_forest,2,0.005,pooled,R0,all_post_onset,8,238536,125153,0.5246713284367978
DS05,isolation_forest,2,0.005,pooled,R0,all_post_onset,9,774378,374141,0.4831503477629788
DS05,isolation_forest,2,0.005,pooled,R0,all_post_onset,10,205662,114272,0.5556301115422392
DS05,isolation_forest,2,0.005,pooled,R0,all_post_onset,all,1758087,885139,0.5034671207966386
DS05,isolation_forest,2,0.005,pooled,R0,early_first_10,7,84909,435,0.00512313182348161
DS05,isolation_forest,2,0.005,pooled,R0,early_first_10,8,41129,302,0.007342750857059496
DS05,isolation_forest,2,0.005,pooled,R0,early_first_10,9,152374,1137,0.007461902949322063
DS05,isolation_forest,2,0.005,pooled,R0,early_first_10,10,42742,788,0.018436198586870057
DS05,isolation_forest,2,0.005,pooled,R0,early_first_10,all,321154,2662,0.008288858304738536
DS05,isolation_forest,2,0.005,pooled,R1,all_post_onset,7,539511,267949,0.49665159746511195
DS05,isolation_forest,2,0.005,pooled,R1,all_post_onset,8,238536,123536,0.5178924774457524
DS05,isolation_forest,2,0.005,pooled,R1,all_post_onset,9,774378,367533,0.47461704748843586
DS05,isolation_forest,2,0.005,pooled,R1,all_post_onset,10,205662,112117,0.5451517538485476
DS05,isolation_forest,2,0.005,pooled,R1,all_post_onset,all,1758087,871135,0.49550164468538815
DS05,isolation_forest,2,0.005,pooled,R1,early_first_10,7,84909,265,0.003120988352235923
DS05,isolation_forest,2,0.005,pooled,R1,early_first_10,8,41129,147,0.0035741204502905493
DS05,isolation_forest,2,0.005,pooled,R1,early_first_10,9,152374,562,0.0036882932783808262
DS05,isolation_forest,2,0.005,pooled,R1,early_first_10,10,42742,536,0.012540358429647654
DS05,isolation_forest,2,0.005,pooled,R1,early_first_10,all,321154,1510,0.004701794154829147
DS05,isolation_forest,2,0.005,pooled,R2,all_post_onset,7,539511,271156,0.5025958692223143
DS05,isolation_forest,2,0.005,pooled,R2,all_post_onset,8,238536,124814,0.5232501593050944
DS05,isolation_forest,2,0.005,pooled,R2,all_post_onset,9,774378,374025,0.48300055011893417
DS05,isolation_forest,2,0.005,pooled,R2,all_post_onset,10,205662,114060,0.5545992939872217
DS05,isolation_forest,2,0.005,pooled,R2,all_post_onset,all,1758087,884055,0.502850541526102
DS05,isolation_forest,2,0.005,pooled,R2,early_first_10,7,84909,368,0.004334051749520075
DS05,isolation_forest,2,0.005,pooled,R2,early_first_10,8,41129,208,0.005057258868438328
DS05,isolation_forest,2,0.005,pooled,R2,early_first_10,9,152374,1039,0.006818748605405121
DS05,isolation_forest,2,0.005,pooled,R2,early_first_10,10,42742,672,0.015722240419259743
DS05,isolation_forest,2,0.005,pooled,R2,early_first_10,all,321154,2287,0.007121194193439907
DS05,isolation_forest,2,0.005,phase_conditioned,R0,all_post_onset,7,539511,271113,0.5025161674182732
DS05,isolation_forest,2,0.005,phase_conditioned,R0,all_post_onset,8,238536,125683,0.5268932152798739
DS05,isolation_forest,2,0.005,phase_conditioned,R0,all_post_onset,9,774378,378702,0.489040236163734
DS05,isolation_forest,2,0.005,phase_conditioned,R0,all_post_onset,10,205662,111676,0.543007458840233
DS05,isolation_forest,2,0.005,phase_conditioned,R0,all_post_onset,all,1758087,887174,0.5046246289290576
DS05,isolation_forest,2,0.005,phase_conditioned,R0,early_first_10,7,84909,404,0.00475803507284269
DS05,isolation_forest,2,0.005,phase_conditioned,R0,early_first_10,8,41129,162,0.003938826618687544
DS05,isolation_forest,2,0.005,phase_conditioned,R0,early_first_10,9,152374,1051,0.006897502198537808
DS05,isolation_forest,2,0.005,phase_conditioned,R0,early_first_10,10,42742,549,0.012844508913948808
DS05,isolation_forest,2,0.005,phase_conditioned,R0,early_first_10,all,321154,2166,0.006744427906860883
DS05,isolation_forest,2,0.005,phase_conditioned,R1,all_post_onset,7,539511,267987,0.4967220316175203
DS05,isolation_forest,2,0.005,phase_conditioned,R1,all_post_onset,8,238536,123988,0.519787369621357
DS05,isolation_forest,2,0.005,phase_conditioned,R1,all_post_onset,9,774378,372161,0.48059345694221683
DS05,isolation_forest,2,0.005,phase_conditioned,R1,all_post_onset,10,205662,110094,0.5353152259532631
DS05,isolation_forest,2,0.005,phase_conditioned,R1,all_post_onset,all,1758087,874230,0.49726208088678203
DS05,isolation_forest,2,0.005,phase_conditioned,R1,early_first_10,7,84909,257,0.0030267698359420087
DS05,isolation_forest,2,0.005,phase_conditioned,R1,early_first_10,8,41129,52,0.001264314717109582
DS05,isolation_forest,2,0.005,phase_conditioned,R1,early_first_10,9,152374,482,0.003163269324162915
DS05,isolation_forest,2,0.005,phase_conditioned,R1,early_first_10,10,42742,341,0.007978101165130317
DS05,isolation_forest,2,0.005,phase_conditioned,R1,early_first_10,all,321154,1132,0.003524788730640129
DS05,isolation_forest,2,0.005,phase_conditioned,R2,all_post_onset,7,539511,270834,0.5019990324571696
DS05,isolation_forest,2,0.005,phase_conditioned,R2,all_post_onset,8,238536,125462,0.5259667303887045
DS05,isolation_forest,2,0.005,phase_conditioned,R2,all_post_onset,9,774378,378839,0.4892171523467867
DS05,isolation_forest,2,0.005,phase_conditioned,R2,all_post_onset,10,205662,111454,0.5419280178156393
DS05,isolation_forest,2,0.005,phase_conditioned,R2,all_post_onset,all,1758087,886589,0.5042918808909912
DS05,isolation_forest,2,0.005,phase_conditioned,R2,early_first_10,7,84909,358,0.004216278604152681
DS05,isolation_forest,2,0.005,phase_conditioned,R2,early_first_10,8,41129,114,0.0027717668798171607
DS05,isolation_forest,2,0.005,phase_conditioned,R2,early_first_10,9,152374,968,0.006352789846036725
DS05,isolation_forest,2,0.005,phase_conditioned,R2,early_first_10,10,42742,481,0.011253567919142764
DS05,isolation_forest,2,0.005,phase_conditioned,R2,early_first_10,all,321154,1921,0.005981554020812445
DS05,isolation_forest,2,0.005,quantile_regression_W,R0,all_post_onset,7,539511,306698,0.5684740440880723
DS05,isolation_forest,2,0.005,quantile_regression_W,R0,all_post_onset,8,238536,143660,0.6022571016534192
DS05,isolation_forest,2,0.005,quantile_regression_W,R0,all_post_onset,9,774378,418223,0.5400760352179427
DS05,isolation_forest,2,0.005,quantile_regression_W,R0,all_post_onset,10,205662,127968,0.6222248154739329
DS05,isolation_forest,2,0.005,quantile_regression_W,R0,all_post_onset,all,1758087,996549,0.5668371360461684
DS05,isolation_forest,2,0.005,quantile_regression_W,R0,early_first_10,7,84909,1404,0.01653534960958202
DS05,isolation_forest,2,0.005,quantile_regression_W,R0,early_first_10,8,41129,1391,0.03382041868268132
DS05,isolation_forest,2,0.005,quantile_regression_W,R0,early_first_10,9,152374,7799,0.051183272736818615
DS05,isolation_forest,2,0.005,quantile_regression_W,R0,early_first_10,10,42742,2083,0.04873426606148519
DS05,isolation_forest,2,0.005,quantile_regression_W,R0,early_first_10,all,321154,12677,0.0394732745038206
DS05,isolation_forest,2,0.005,quantile_regression_W,R1,all_post_onset,7,539511,302542,0.5607707720509869
DS05,isolation_forest,2,0.005,quantile_regression_W,R1,all_post_onset,8,238536,141796,0.5944427675487138
DS05,isolation_forest,2,0.005,quantile_regression_W,R1,all_post_onset,9,774378,410803,0.5304941514350873
DS05,isolation_forest,2,0.005,quantile_regression_W,R1,all_post_onset,10,205662,126001,0.6126605790082758
DS05,isolation_forest,2,0.005,quantile_regression_W,R1,all_post_onset,all,1758087,981142,0.5580736334436237
DS05,isolation_forest,2,0.005,quantile_regression_W,R1,early_first_10,7,84909,1014,0.011942196940253683
DS05,isolation_forest,2,0.005,quantile_regression_W,R1,early_first_10,8,41129,947,0.023025116098130273
DS05,isolation_forest,2,0.005,quantile_regression_W,R1,early_first_10,9,152374,6435,0.04223161431740323
DS05,isolation_forest,2,0.005,quantile_regression_W,R1,early_first_10,10,42742,1494,0.034953909503532825
DS05,isolation_forest,2,0.005,quantile_regression_W,R1,early_first_10,all,321154,9890,0.030795194828649185
DS05,isolation_forest,2,0.005,quantile_regression_W,R2,all_post_onset,7,539511,306272,0.5676844401689678
DS05,isolation_forest,2,0.005,quantile_regression_W,R2,all_post_onset,8,238536,143392,0.6011335815139015
DS05,isolation_forest,2,0.005,quantile_regression_W,R2,all_post_onset,9,774378,417529,0.5391798320716756
DS05,isolation_forest,2,0.005,quantile_regression_W,R2,all_post_onset,10,205662,127774,0.6212815201641528
DS05,isolation_forest,2,0.005,quantile_regression_W,R2,all_post_onset,all,1758087,994967,0.5659372943432265
DS05,isolation_forest,2,0.005,quantile_regression_W,R2,early_first_10,7,84909,1260,0.01483941631629156
DS05,isolation_forest,2,0.005,quantile_regression_W,R2,early_first_10,8,41129,1275,0.03100002431374456
DS05,isolation_forest,2,0.005,quantile_regression_W,R2,early_first_10,9,152374,7666,0.05031042041293134
DS05,isolation_forest,2,0.005,quantile_regression_W,R2,early_first_10,10,42742,1999,0.04676898600907772
DS05,isolation_forest,2,0.005,quantile_regression_W,R2,early_first_10,all,321154,12200,0.03798800575424874
DS05,isolation_forest,2,0.01,pooled,R0,all_post_onset,7,539511,289956,0.5374422393611993
DS05,isolation_forest,2,0.01,pooled,R0,all_post_onset,8,238536,135506,0.5680735821846598
DS05,isolation_forest,2,0.01,pooled,R0,all_post_onset,9,774378,410500,0.5301028696579707
DS05,isolation_forest,2,0.01,pooled,R0,all_post_onset,10,205662,123970,0.6027851523373302
DS05,isolation_forest,2,0.01,pooled,R0,all_post_onset,all,1758087,959932,0.5460093840634735
DS05,isolation_forest,2,0.01,pooled,R0,early_first_10,7,84909,625,0.007360821585462083
DS05,isolation_forest,2,0.01,pooled,R0,early_first_10,8,41129,692,0.01682511123538136
DS05,isolation_forest,2,0.01,pooled,R0,early_first_10,9,152374,1824,0.011970546156168375
DS05,isolation_forest,2,0.01,pooled,R0,early_first_10,10,42742,1706,0.03991390201675167
DS05,isolation_forest,2,0.01,pooled,R0,early_first_10,all,321154,4847,0.015092447859905217
DS05,isolation_forest,2,0.01,pooled,R1,all_post_onset,7,539511,286448,0.5309400549757095
DS05,isolation_forest,2,0.01,pooled,R1,all_post_onset,8,238536,133093,0.5579577086896736
DS05,isolation_forest,2,0.01,pooled,R1,all_post_onset,9,774378,404856,0.5228144394597987
DS05,isolation_forest,2,0.01,pooled,R1,all_post_onset,10,205662,121729,0.5918886328052825
DS05,isolation_forest,2,0.01,pooled,R1,all_post_onset,all,1758087,946126,0.538156530365107
DS05,isolation_forest,2,0.01,pooled,R1,early_first_10,7,84909,361,0.004251610547762899
DS05,isolation_forest,2,0.01,pooled,R1,early_first_10,8,41129,349,0.008485496851370079
DS05,isolation_forest,2,0.01,pooled,R1,early_first_10,9,152374,1102,0.007232204969351726
DS05,isolation_forest,2,0.01,pooled,R1,early_first_10,10,42742,1212,0.028356183613307752
DS05,isolation_forest,2,0.01,pooled,R1,early_first_10,all,321154,3024,0.009416043393512147
DS05,isolation_forest,2,0.01,pooled,R2,all_post_onset,7,539511,289559,0.5367063878215643
DS05,isolation_forest,2,0.01,pooled,R2,all_post_onset,8,238536,135177,0.5666943354462219
DS05,isolation_forest,2,0.01,pooled,R2,all_post_onset,9,774378,410408,0.5299840646299353
DS05,isolation_forest,2,0.01,pooled,R2,all_post_onset,10,205662,123746,0.6016959866188212
DS05,isolation_forest,2,0.01,pooled,R2,all_post_onset,all,1758087,958890,0.5454166943956699
DS05,isolation_forest,2,0.01,pooled,R2,early_first_10,7,84909,521,0.0061359808736411925
DS05,isolation_forest,2,0.01,pooled,R2,early_first_10,8,41129,541,0.013153735806851613
DS05,isolation_forest,2,0.01,pooled,R2,early_first_10,9,152374,1663,0.010913935448304829
DS05,isolation_forest,2,0.01,pooled,R2,early_first_10,10,42742,1581,0.03698937812924056
DS05,isolation_forest,2,0.01,pooled,R2,early_first_10,all,321154,4306,0.013407897768671727
DS05,isolation_forest,2,0.01,phase_conditioned,R0,all_post_onset,7,539511,299215,0.5546040766546002
DS05,isolation_forest,2,0.01,phase_conditioned,R0,all_post_onset,8,238536,137728,0.5773887379682732
DS05,isolation_forest,2,0.01,phase_conditioned,R0,all_post_onset,9,774378,418578,0.5405344676630792
DS05,isolation_forest,2,0.01,phase_conditioned,R0,all_post_onset,10,205662,125470,0.6100786727737745
DS05,isolation_forest,2,0.01,phase_conditioned,R0,all_post_onset,all,1758087,980991,0.557987744633798
DS05,isolation_forest,2,0.01,phase_conditioned,R0,early_first_10,7,84909,614,0.00723127112555795
DS05,isolation_forest,2,0.01,phase_conditioned,R0,early_first_10,8,41129,515,0.012521578448296822
DS05,isolation_forest,2,0.01,phase_conditioned,R0,early_first_10,9,152374,1758,0.011537401393938598
DS05,isolation_forest,2,0.01,phase_conditioned,R0,early_first_10,10,42742,1477,0.03455617425483131
DS05,isolation_forest,2,0.01,phase_conditioned,R0,early_first_10,all,321154,4364,0.013588496484552582
DS05,isolation_forest,2,0.01,phase_conditioned,R1,all_post_onset,7,539511,296071,0.5487765773079696
DS05,isolation_forest,2,0.01,phase_conditioned,R1,all_post_onset,8,238536,135635,0.5686143810577858
DS05,isolation_forest,2,0.01,phase_conditioned,R1,all_post_onset,9,774378,412758,0.5330187582808396
DS05,isolation_forest,2,0.01,phase_conditioned,R1,all_post_onset,10,205662,123316,0.5996051774270404
DS05,isolation_forest,2,0.01,phase_conditioned,R1,all_post_onset,all,1758087,967780,0.5504733269741486
DS05,isolation_forest,2,0.01,phase_conditioned,R1,early_first_10,7,84909,386,0.004546043411181383
DS05,isolation_forest,2,0.01,phase_conditioned,R1,early_first_10,8,41129,257,0.006248632351868511
DS05,isolation_forest,2,0.01,phase_conditioned,R1,early_first_10,9,152374,1041,0.006831874204260569
DS05,isolation_forest,2,0.01,phase_conditioned,R1,early_first_10,10,42742,1067,0.024963735903794863
DS05,isolation_forest,2,0.01,phase_conditioned,R1,early_first_10,all,321154,2751,0.008565983920486745
DS05,isolation_forest,2,0.01,phase_conditioned,R2,all_post_onset,7,539511,298728,0.5537014073855769
DS05,isolation_forest,2,0.01,phase_conditioned,R2,all_post_onset,8,238536,137448,0.5762149109568367
DS05,isolation_forest,2,0.01,phase_conditioned,R2,all_post_onset,9,774378,418501,0.5404350330200497
DS05,isolation_forest,2,0.01,phase_conditioned,R2,all_post_onset,10,205662,125160,0.6085713452169093
DS05,isolation_forest,2,0.01,phase_conditioned,R2,all_post_onset,all,1758087,979837,0.5573313493587063
DS05,isolation_forest,2,0.01,phase_conditioned,R2,early_first_10,7,84909,522,0.006147758188177931
DS05,isolation_forest,2,0.01,phase_conditioned,R2,early_first_10,8,41129,381,0.009263536677283668
DS05,isolation_forest,2,0.01,phase_conditioned,R2,early_first_10,9,152374,1639,0.010756428262039456
DS05,isolation_forest,2,0.01,phase_conditioned,R2,early_first_10,10,42742,1360,0.03181881989612091
DS05,isolation_forest,2,0.01,phase_conditioned,R2,early_first_10,all,321154,3902,0.01214993429943267
DS05,isolation_forest,2,0.01,quantile_regression_W,R0,all_post_onset,7,539511,328954,0.6097262150354673
DS05,isolation_forest,2,0.01,quantile_regression_W,R0,all_post_onset,8,238536,152071,0.6375180266291042
DS05,isolation_forest,2,0.01,quantile_regression_W,R0,all_post_onset,9,774378,454311,0.5866785988238302
DS05,isolation_forest,2,0.01,quantile_regression_W,R0,all_post_onset,10,205662,137530,0.6687185770827864
DS05,isolation_forest,2,0.01,quantile_regression_W,R0,all_post_onset,all,1758087,1072866,0.6102462506121711
DS05,isolation_forest,2,0.01,quantile_regression_W,R0,early_first_10,7,84909,2996,0.03528483435207104
DS05,isolation_forest,2,0.01,quantile_regression_W,R0,early_first_10,8,41129,3015,0.07330593984779596
DS05,isolation_forest,2,0.01,quantile_regression_W,R0,early_first_10,9,152374,12089,0.0793376822817541
DS05,isolation_forest,2,0.01,quantile_regression_W,R0,early_first_10,10,42742,3901,0.09126854148144682
DS05,isolation_forest,2,0.01,quantile_regression_W,R0,early_first_10,all,321154,22001,0.06850607496714972
DS05,isolation_forest,2,0.01,quantile_regression_W,R1,all_post_onset,7,539511,324429,0.60133899030789
DS05,isolation_forest,2,0.01,quantile_regression_W,R1,all_post_onset,8,238536,149859,0.6282447932387564
DS05,isolation_forest,2,0.01,quantile_regression_W,R1,all_post_onset,9,774378,445778,0.5756594324735466
DS05,isolation_forest,2,0.01,quantile_regression_W,R1,all_post_onset,10,205662,135433,0.6585222355126372
DS05,isolation_forest,2,0.01,quantile_regression_W,R1,all_post_onset,all,1758087,1055499,0.6003678998820877
DS05,isolation_forest,2,0.01,quantile_regression_W,R1,early_first_10,7,84909,2219,0.02613386095702458
DS05,isolation_forest,2,0.01,quantile_regression_W,R1,early_first_10,8,41129,2401,0.05837730068807897
DS05,isolation_forest,2,0.01,quantile_regression_W,R1,early_first_10,9,152374,9688,0.06358040085578905
DS05,isolation_forest,2,0.01,quantile_regression_W,R1,early_first_10,10,42742,3191,0.0746572458003837
DS05,isolation_forest,2,0.01,quantile_regression_W,R1,early_first_10,all,321154,17499,0.05448787808963924
DS05,isolation_forest,2,0.01,quantile_regression_W,R2,all_post_onset,7,539511,328457,0.6088050104631787
DS05,isolation_forest,2,0.01,quantile_regression_W,R2,all_post_onset,8,238536,151719,0.6360423583861555
DS05,isolation_forest,2,0.01,quantile_regression_W,R2,all_post_onset,9,774378,453808,0.5860290452466367
DS05,isolation_forest,2,0.01,quantile_regression_W,R2,all_post_onset,10,205662,137285,0.6675273020781671
DS05,isolation_forest,2,0.01,quantile_regression_W,R2,all_post_onset,all,1758087,1071269,0.6093378769082531
DS05,isolation_forest,2,0.01,quantile_regression_W,R2,early_first_10,7,84909,2775,0.032682047839451646
DS05,isolation_forest,2,0.01,quantile_regression_W,R2,early_first_10,8,41129,2868,0.0697318193975054
DS05,isolation_forest,2,0.01,quantile_regression_W,R2,early_first_10,9,152374,11891,0.07803824799506477
DS05,isolation_forest,2,0.01,quantile_regression_W,R2,early_first_10,10,42742,3837,0.08977118525104114
DS05,isolation_forest,2,0.01,quantile_regression_W,R2,early_first_10,all,321154,21371,0.06654439926016802
DS05,isolation_forest,2,0.02,pooled,R0,all_post_onset,7,539511,316311,0.5862920311170671
DS05,isolation_forest,2,0.02,pooled,R0,all_post_onset,8,238536,154127,0.6461372706845089
DS05,isolation_forest,2,0.02,pooled,R0,all_post_onset,9,774378,449595,0.5805885497780154
DS05,isolation_forest,2,0.02,pooled,R0,all_post_onset,10,205662,139198,0.6768289718081123
DS05,isolation_forest,2,0.02,pooled,R0,all_post_onset,all,1758087,1059231,0.6024906617249317
DS05,isolation_forest,2,0.02,pooled,R0,early_first_10,7,84909,1426,0.016794450529390288
DS05,isolation_forest,2,0.02,pooled,R0,early_first_10,8,41129,2171,0.05278513943932505
DS05,isolation_forest,2,0.02,pooled,R0,early_first_10,9,152374,4376,0.02871881029571974
DS05,isolation_forest,2,0.02,pooled,R0,early_first_10,10,42742,4090,0.09569042159936363
DS05,isolation_forest,2,0.02,pooled,R0,early_first_10,all,321154,12063,0.03756141913225431
DS05,isolation_forest,2,0.02,pooled,R1,all_post_onset,7,539511,311551,0.5774692267627537
DS05,isolation_forest,2,0.02,pooled,R1,all_post_onset,8,238536,151561,0.6353799845725593
DS05,isolation_forest,2,0.02,pooled,R1,all_post_onset,9,774378,442975,0.5720397531954678
DS05,isolation_forest,2,0.02,pooled,R1,all_post_onset,10,205662,137089,0.6665742820744717
DS05,isolation_forest,2,0.02,pooled,R1,all_post_onset,all,1758087,1043176,0.5933585766802212
DS05,isolation_forest,2,0.02,pooled,R1,early_first_10,7,84909,890,0.010481809937698006
DS05,isolation_forest,2,0.02,pooled,R1,early_first_10,8,41129,1602,0.038950618784799045
DS05,isolation_forest,2,0.02,pooled,R1,early_first_10,9,152374,3117,0.020456245816215364
DS05,isolation_forest,2,0.02,pooled,R1,early_first_10,10,42742,3393,0.07938327640260166
DS05,isolation_forest,2,0.02,pooled,R1,early_first_10,all,321154,9002,0.02803016621309403
DS05,isolation_forest,2,0.02,pooled,R2,all_post_onset,7,539511,315775,0.5852985388620436
DS05,isolation_forest,2,0.02,pooled,R2,all_post_onset,8,238536,153879,0.6450975953315223
DS05,isolation_forest,2,0.02,pooled,R2,all_post_onset,9,774378,449316,0.580228260616908
DS05,isolation_forest,2,0.02,pooled,R2,all_post_onset,10,205662,138968,0.6757106320078575
DS05,isolation_forest,2,0.02,pooled,R2,all_post_onset,all,1758087,1057938,0.6017552032407952
DS05,isolation_forest,2,0.02,pooled,R2,early_first_10,7,84909,1285,0.015133849179710043
DS05,isolation_forest,2,0.02,pooled,R2,early_first_10,8,41129,2022,0.0491623914999149
DS05,isolation_forest,2,0.02,pooled,R2,early_first_10,9,152374,4061,0.026651528475986716
DS05,isolation_forest,2,0.02,pooled,R2,early_first_10,10,42742,3973,0.09295306724065322
DS05,isolation_forest,2,0.02,pooled,R2,early_first_10,all,321154,11341,0.035313276496634016
DS05,isolation_forest,2,0.02,phase_conditioned,R0,all_post_onset,7,539511,322310,0.5974113595459593
DS05,isolation_forest,2,0.02,phase_conditioned,R0,all_post_onset,8,238536,155728,0.6528490458463293
DS05,isolation_forest,2,0.02,phase_conditioned,R0,all_post_onset,9,774378,457692,0.5910446836041313
DS05,isolation_forest,2,0.02,phase_conditioned,R0,all_post_onset,10,205662,141433,0.6876963172584143
DS05,isolation_forest,2,0.02,phase_conditioned,R0,all_post_onset,all,1758087,1077163,0.61269038449178
DS05,isolation_forest,2,0.02,phase_conditioned,R0,early_first_10,7,84909,1107,0.013037487192170441
DS05,isolation_forest,2,0.02,phase_conditioned,R0,early_first_10,8,41129,2019,0.049089450266235506
DS05,isolation_forest,2,0.02,phase_conditioned,R0,early_first_10,9,152374,4137,0.02715030123249373
DS05,isolation_forest,2,0.02,phase_conditioned,R0,early_first_10,10,42742,4376,0.10238173225398906
DS05,isolation_forest,2,0.02,phase_conditioned,R0,early_first_10,all,321154,11639,0.03624118024374599
DS05,isolation_forest,2,0.02,phase_conditioned,R1,all_post_onset,7,539511,318047,0.5895097597639344
DS05,isolation_forest,2,0.02,phase_conditioned,R1,all_post_onset,8,238536,153057,0.641651574605091
DS05,isolation_forest,2,0.02,phase_conditioned,R1,all_post_onset,9,774378,450581,0.5818618297523949
DS05,isolation_forest,2,0.02,phase_conditioned,R1,all_post_onset,10,205662,138975,0.675744668436561
DS05,isolation_forest,2,0.02,phase_conditioned,R1,all_post_onset,all,1758087,1060660,0.6033034770179178
DS05,isolation_forest,2,0.02,phase_conditioned,R1,early_first_10,7,84909,681,0.008020351199519486
DS05,isolation_forest,2,0.02,phase_conditioned,R1,early_first_10,8,41129,1377,0.03348002625884412
DS05,isolation_forest,2,0.02,phase_conditioned,R1,early_first_10,9,152374,2912,0.01911087193353197
DS05,isolation_forest,2,0.02,phase_conditioned,R1,early_first_10,10,42742,3505,0.08200364980581161
DS05,isolation_forest,2,0.02,phase_conditioned,R1,early_first_10,all,321154,8475,0.026389208915349023
DS05,isolation_forest,2,0.02,phase_conditioned,R2,all_post_onset,7,539511,321905,0.596660679763712
DS05,isolation_forest,2,0.02,phase_conditioned,R2,all_post_onset,8,238536,155457,0.6517129489888319
DS05,isolation_forest,2,0.02,phase_conditioned,R2,all_post_onset,9,774378,457249,0.5904726115669608
DS05,isolation_forest,2,0.02,phase_conditioned,R2,all_post_onset,10,205662,141228,0.6866995361321002
DS05,isolation_forest,2,0.02,phase_conditioned,R2,all_post_onset,all,1758087,1075839,0.6119372932056264
DS05,isolation_forest,2,0.02,phase_conditioned,R2,early_first_10,7,84909,995,0.011718427964055636
DS05,isolation_forest,2,0.02,phase_conditioned,R2,early_first_10,8,41129,1883,0.04578278100610275
DS05,isolation_forest,2,0.02,phase_conditioned,R2,early_first_10,9,152374,3853,0.025286466195020146
DS05,isolation_forest,2,0.02,phase_conditioned,R2,early_first_10,10,42742,4205,0.09838098357587385
DS05,isolation_forest,2,0.02,phase_conditioned,R2,early_first_10,all,321154,10936,0.03405219925643149
DS05,isolation_forest,2,0.02,quantile_regression_W,R0,all_post_onset,7,539511,353971,0.6560959832144294
DS05,isolation_forest,2,0.02,quantile_regression_W,R0,all_post_onset,8,238536,163067,0.6836158902639434
DS05,isolation_forest,2,0.02,quantile_regression_W,R0,all_post_onset,9,774378,508759,0.6569905136767832
DS05,isolation_forest,2,0.02,quantile_regression_W,R0,all_post_onset,10,205662,148156,0.7203858758545575
DS05,isolation_forest,2,0.02,quantile_regression_W,R0,all_post_onset,all,1758087,1173953,0.6677445427899757
DS05,isolation_forest,2,0.02,quantile_regression_W,R0,early_first_10,7,84909,6158,0.07252470291724081
DS05,isolation_forest,2,0.02,quantile_regression_W,R0,early_first_10,8,41129,5309,0.12908166986797637
DS05,isolation_forest,2,0.02,quantile_regression_W,R0,early_first_10,9,152374,18693,0.12267840970244268
DS05,isolation_forest,2,0.02,quantile_regression_W,R0,early_first_10,10,42742,6221,0.1455477048336531
DS05,isolation_forest,2,0.02,quantile_regression_W,R0,early_first_10,all,321154,36381,0.11328210142174783
DS05,isolation_forest,2,0.02,quantile_regression_W,R1,all_post_onset,7,539511,348449,0.6458607887512952
DS05,isolation_forest,2,0.02,quantile_regression_W,R1,all_post_onset,8,238536,160258,0.67183988999564
DS05,isolation_forest,2,0.02,quantile_regression_W,R1,all_post_onset,9,774378,499425,0.6449369687671912
DS05,isolation_forest,2,0.02,quantile_regression_W,R1,all_post_onset,10,205662,145844,0.709144129688518
DS05,isolation_forest,2,0.02,quantile_regression_W,R1,all_post_onset,all,1758087,1153976,0.6563816238900577
DS05,isolation_forest,2,0.02,quantile_regression_W,R1,early_first_10,7,84909,4419,0.052043952937851114
DS05,isolation_forest,2,0.02,quantile_regression_W,R1,early_first_10,8,41129,4445,0.10807459456830946
DS05,isolation_forest,2,0.02,quantile_regression_W,R1,early_first_10,9,152374,16091,0.10560200559150511
DS05,isolation_forest,2,0.02,quantile_regression_W,R1,early_first_10,10,42742,5394,0.12619905479387955
DS05,isolation_forest,2,0.02,quantile_regression_W,R1,early_first_10,all,321154,30349,0.09449983497013893
DS05,isolation_forest,2,0.02,quantile_regression_W,R2,all_post_onset,7,539511,353337,0.6549208449874052
DS05,isolation_forest,2,0.02,quantile_regression_W,R2,all_post_onset,8,238536,162744,0.6822617969614649
DS05,isolation_forest,2,0.02,quantile_regression_W,R2,all_post_onset,9,774378,508481,0.6566315158746762
DS05,isolation_forest,2,0.02,quantile_regression_W,R2,all_post_onset,10,205662,147888,0.7190827668699128
DS05,isolation_forest,2,0.02,quantile_regression_W,R2,all_post_onset,all,1758087,1172450,0.6668896362921743
DS05,isolation_forest,2,0.02,quantile_regression_W,R2,early_first_10,7,84909,5719,0.06735446183561225
DS05,isolation_forest,2,0.02,quantile_regression_W,R2,early_first_10,8,41129,5212,0.1267232366456758
DS05,isolation_forest,2,0.02,quantile_regression_W,R2,early_first_10,9,152374,18497,0.12139210101460879
DS05,isolation_forest,2,0.02,quantile_regression_W,R2,early_first_10,10,42742,6104,0.14281035047494267
DS05,isolation_forest,2,0.02,quantile_regression_W,R2,early_first_10,all,321154,35532,0.11063850987376772
DS05,lstm_autoencoder,0,0.005,pooled,R0,all_post_onset,7,539511,330108,0.6118651890322904
DS05,lstm_autoencoder,0,0.005,pooled,R0,all_post_onset,8,238536,142085,0.5956543247140893
DS05,lstm_autoencoder,0,0.005,pooled,R0,all_post_onset,9,774378,400937,0.5177536035372906
DS05,lstm_autoencoder,0,0.005,pooled,R0,all_post_onset,10,205662,123981,0.6028386381538641
DS05,lstm_autoencoder,0,0.005,pooled,R0,all_post_onset,all,1758087,997111,0.5671568016827381
DS05,lstm_autoencoder,0,0.005,pooled,R0,early_first_10,7,84909,478,0.005629556348561401
DS05,lstm_autoencoder,0,0.005,pooled,R0,early_first_10,8,41129,194,0.004716866444601133
DS05,lstm_autoencoder,0,0.005,pooled,R0,early_first_10,9,152374,1625,0.010664549070051321
DS05,lstm_autoencoder,0,0.005,pooled,R0,early_first_10,10,42742,495,0.011581114594544008
DS05,lstm_autoencoder,0,0.005,pooled,R0,early_first_10,all,321154,2792,0.008693648529988728
DS05,lstm_autoencoder,0,0.005,pooled,R1,all_post_onset,7,539511,327432,0.6069051418784789
DS05,lstm_autoencoder,0,0.005,pooled,R1,all_post_onset,8,238536,140551,0.5892234295871482
DS05,lstm_autoencoder,0,0.005,pooled,R1,all_post_onset,9,774378,395208,0.510355407824086
DS05,lstm_autoencoder,0,0.005,pooled,R1,all_post_onset,10,205662,122081,0.593600178934368
DS05,lstm_autoencoder,0,0.005,pooled,R1,all_post_onset,all,1758087,985272,0.5604227777123658
DS05,lstm_autoencoder,0,0.005,pooled,R1,early_first_10,7,84909,299,0.0035214170464850604
DS05,lstm_autoencoder,0,0.005,pooled,R1,early_first_10,8,41129,41,0.0009968635269517858
DS05,lstm_autoencoder,0,0.005,pooled,R1,early_first_10,9,152374,981,0.006438106238597136
DS05,lstm_autoencoder,0,0.005,pooled,R1,early_first_10,10,42742,205,0.004796219175518226
DS05,lstm_autoencoder,0,0.005,pooled,R1,early_first_10,all,321154,1526,0.004751614490244555
DS05,lstm_autoencoder,0,0.005,pooled,R2,all_post_onset,7,539511,329407,0.6105658642733883
DS05,lstm_autoencoder,0,0.005,pooled,R2,all_post_onset,8,238536,141583,0.5935498205721568
DS05,lstm_autoencoder,0,0.005,pooled,R2,all_post_onset,9,774378,400084,0.5166520743099623
DS05,lstm_autoencoder,0,0.005,pooled,R2,all_post_onset,10,205662,123518,0.6005873715124816
DS05,lstm_autoencoder,0,0.005,pooled,R2,all_post_onset,all,1758087,994592,0.5657239943188249
DS05,lstm_autoencoder,0,0.005,pooled,R2,early_first_10,7,84909,409,0.004816921645526387
DS05,lstm_autoencoder,0,0.005,pooled,R2,early_first_10,8,41129,89,0.0021639232658221693
DS05,lstm_autoencoder,0,0.005,pooled,R2,early_first_10,9,152374,1397,0.009168230800530273
DS05,lstm_autoencoder,0,0.005,pooled,R2,early_first_10,10,42742,345,0.008071685929530673
DS05,lstm_autoencoder,0,0.005,pooled,R2,early_first_10,all,321154,2240,0.0069748469581571455
DS05,lstm_autoencoder,0,0.005,phase_conditioned,R0,all_post_onset,7,539511,333636,0.6184044440243109
DS05,lstm_autoencoder,0,0.005,phase_conditioned,R0,all_post_onset,8,238536,142603,0.5978259046852467
DS05,lstm_autoencoder,0,0.005,phase_conditioned,R0,all_post_onset,9,774378,403341,0.5208580305742156
DS05,lstm_autoencoder,0,0.005,phase_conditioned,R0,all_post_onset,10,205662,122137,0.5938724703639953
DS05,lstm_autoencoder,0,0.005,phase_conditioned,R0,all_post_onset,all,1758087,1001717,0.5697766947824539
DS05,lstm_autoencoder,0,0.005,phase_conditioned,R0,early_first_10,7,84909,467,0.005500005888657268
DS05,lstm_autoencoder,0,0.005,phase_conditioned,R0,early_first_10,8,41129,198,0.0048141214228403315
DS05,lstm_autoencoder,0,0.005,phase_conditioned,R0,early_first_10,9,152374,1578,0.010356097496948298
DS05,lstm_autoencoder,0,0.005,phase_conditioned,R0,early_first_10,10,42742,502,0.011744887932244631
DS05,lstm_autoencoder,0,0.005,phase_conditioned,R0,early_first_10,all,321154,2745,0.008547301294705966
DS05,lstm_autoencoder,0,0.005,phase_conditioned,R1,all_post_onset,7,539511,331774,0.6149531705563
DS05,lstm_autoencoder,0,0.005,phase_conditioned,R1,all_post_onset,8,238536,140997,0.5910931683267935
DS05,lstm_autoencoder,0,0.005,phase_conditioned,R1,all_post_onset,9,774378,397977,0.5139311808961515
DS05,lstm_autoencoder,0,0.005,phase_conditioned,R1,all_post_onset,10,205662,120659,0.5866859215606188
DS05,lstm_autoencoder,0,0.005,phase_conditioned,R1,all_post_onset,all,1758087,991407,0.5639123661115747
DS05,lstm_autoencoder,0,0.005,phase_conditioned,R1,early_first_10,7,84909,312,0.003674522135462672
DS05,lstm_autoencoder,0,0.005,phase_conditioned,R1,early_first_10,8,41129,52,0.001264314717109582
DS05,lstm_autoencoder,0,0.005,phase_conditioned,R1,early_first_10,9,152374,882,0.0057883890952524705
DS05,lstm_autoencoder,0,0.005,phase_conditioned,R1,early_first_10,10,42742,263,0.0061531982593233826
DS05,lstm_autoencoder,0,0.005,phase_conditioned,R1,early_first_10,all,321154,1509,0.004698680383865684
DS05,lstm_autoencoder,0,0.005,phase_conditioned,R2,all_post_onset,7,539511,333150,0.6175036282856142
DS05,lstm_autoencoder,0,0.005,phase_conditioned,R2,all_post_onset,8,238536,142151,0.5959310125096422
DS05,lstm_autoencoder,0,0.005,phase_conditioned,R2,all_post_onset,9,774378,402140,0.5193071084147535
DS05,lstm_autoencoder,0,0.005,phase_conditioned,R2,all_post_onset,10,205662,121676,0.5916309284165281
DS05,lstm_autoencoder,0,0.005,phase_conditioned,R2,all_post_onset,all,1758087,999117,0.56829781461327
DS05,lstm_autoencoder,0,0.005,phase_conditioned,R2,early_first_10,7,84909,407,0.004793367016452908
DS05,lstm_autoencoder,0,0.005,phase_conditioned,R2,early_first_10,8,41129,108,0.002625884412458363
DS05,lstm_autoencoder,0,0.005,phase_conditioned,R2,early_first_10,9,152374,1338,0.008781025634294564
DS05,lstm_autoencoder,0,0.005,phase_conditioned,R2,early_first_10,10,42742,380,0.008890552618033783
DS05,lstm_autoencoder,0,0.005,phase_conditioned,R2,early_first_10,all,321154,2233,0.0069530505614129046
DS05,lstm_autoencoder,0,0.005,quantile_regression_W,R0,all_post_onset,7,539511,328513,0.6089088081614648
DS05,lstm_autoencoder,0,0.005,quantile_regression_W,R0,all_post_onset,8,238536,139989,0.5868673910856222
DS05,lstm_autoencoder,0,0.005,quantile_regression_W,R0,all_post_onset,9,774378,398102,0.5140926007711996
DS05,lstm_autoencoder,0,0.005,quantile_regression_W,R0,all_post_onset,10,205662,122599,0.5961188746584202
DS05,lstm_autoencoder,0,0.005,quantile_regression_W,R0,all_post_onset,all,1758087,989203,0.5626587307681588
DS05,lstm_autoencoder,0,0.005,quantile_regression_W,R0,early_first_10,7,84909,733,0.00863277155542993
DS05,lstm_autoencoder,0,0.005,quantile_regression_W,R0,early_first_10,8,41129,663,0.01612001264314717
DS05,lstm_autoencoder,0,0.005,quantile_regression_W,R0,early_first_10,9,152374,3666,0.024059222702035782
DS05,lstm_autoencoder,0,0.005,quantile_regression_W,R0,early_first_10,10,42742,593,0.013873941322352722
DS05,lstm_autoencoder,0,0.005,quantile_regression_W,R0,early_first_10,all,321154,5655,0.01760837479838333
DS05,lstm_autoencoder,0,0.005,quantile_regression_W,R1,all_post_onset,7,539511,325886,0.6040395839936535
DS05,lstm_autoencoder,0,0.005,quantile_regression_W,R1,all_post_onset,8,238536,138606,0.5810695240969916
DS05,lstm_autoencoder,0,0.005,quantile_regression_W,R1,all_post_onset,9,774378,391684,0.5058046587067297
DS05,lstm_autoencoder,0,0.005,quantile_regression_W,R1,all_post_onset,10,205662,120946,0.5880814151374586
DS05,lstm_autoencoder,0,0.005,quantile_regression_W,R1,all_post_onset,all,1758087,977122,0.5557870571820394
DS05,lstm_autoencoder,0,0.005,quantile_regression_W,R1,early_first_10,7,84909,401,0.004722703129232473
DS05,lstm_autoencoder,0,0.005,quantile_regression_W,R1,early_first_10,8,41129,420,0.010211772715115855
DS05,lstm_autoencoder,0,0.005,quantile_regression_W,R1,early_first_10,9,152374,2507,0.016452938165303792
DS05,lstm_autoencoder,0,0.005,quantile_regression_W,R1,early_first_10,10,42742,242,0.005661878246221515
DS05,lstm_autoencoder,0,0.005,quantile_regression_W,R1,early_first_10,all,321154,3570,0.011116162339562951
DS05,lstm_autoencoder,0,0.005,quantile_regression_W,R2,all_post_onset,7,539511,327865,0.6077077205098691
DS05,lstm_autoencoder,0,0.005,quantile_regression_W,R2,all_post_onset,8,238536,139526,0.5849263842774256
DS05,lstm_autoencoder,0,0.005,quantile_regression_W,R2,all_post_onset,9,774378,396580,0.5121271523726139
DS05,lstm_autoencoder,0,0.005,quantile_regression_W,R2,all_post_onset,10,205662,122103,0.5937071505674358
DS05,lstm_autoencoder,0,0.005,quantile_regression_W,R2,all_post_onset,all,1758087,986074,0.5608789553645525
DS05,lstm_autoencoder,0,0.005,quantile_regression_W,R2,early_first_10,7,84909,545,0.006418636422522936
DS05,lstm_autoencoder,0,0.005,quantile_regression_W,R2,early_first_10,8,41129,561,0.013640010698047607
DS05,lstm_autoencoder,0,0.005,quantile_regression_W,R2,early_first_10,9,152374,3168,0.020790948587029283
DS05,lstm_autoencoder,0,0.005,quantile_regression_W,R2,early_first_10,10,42742,415,0.009709419306536895
DS05,lstm_autoencoder,0,0.005,quantile_regression_W,R2,early_first_10,all,321154,4689,0.014600472047678061
DS05,lstm_autoencoder,0,0.01,pooled,R0,all_post_onset,7,539511,357198,0.6620773255781625
DS05,lstm_autoencoder,0,0.01,pooled,R0,all_post_onset,8,238536,158155,0.6630236106918872
DS05,lstm_autoencoder,0,0.01,pooled,R0,all_post_onset,9,774378,443562,0.5727977809286937
DS05,lstm_autoencoder,0,0.01,pooled,R0,all_post_onset,10,205662,139144,0.6765664050724004
DS05,lstm_autoencoder,0,0.01,pooled,R0,all_post_onset,all,1758087,1098059,0.6245760306514979
DS05,lstm_autoencoder,0,0.01,pooled,R0,early_first_10,7,84909,956,0.011259112697122802
DS05,lstm_autoencoder,0,0.01,pooled,R0,early_first_10,8,41129,748,0.018186680930730142
DS05,lstm_autoencoder,0,0.01,pooled,R0,early_first_10,9,152374,3616,0.023731082730649587
DS05,lstm_autoencoder,0,0.01,pooled,R0,early_first_10,10,42742,1338,0.03130410369191895
DS05,lstm_autoencoder,0,0.01,pooled,R0,early_first_10,all,321154,6658,0.02073148707473673
DS05,lstm_autoencoder,0,0.01,pooled,R1,all_post_onset,7,539511,353745,0.6556770853606321
DS05,lstm_autoencoder,0,0.01,pooled,R1,all_post_onset,8,238536,155794,0.6531257336418822
DS05,lstm_autoencoder,0,0.01,pooled,R1,all_post_onset,9,774378,436569,0.5637673074390026
DS05,lstm_autoencoder,0,0.01,pooled,R1,all_post_onset,10,205662,136622,0.6643035660452588
DS05,lstm_autoencoder,0,0.01,pooled,R1,all_post_onset,all,1758087,1082730,0.6158568944540287
DS05,lstm_autoencoder,0,0.01,pooled,R1,early_first_10,7,84909,481,0.005664888292171619
DS05,lstm_autoencoder,0,0.01,pooled,R1,early_first_10,8,41129,305,0.0074156920907388945
DS05,lstm_autoencoder,0,0.01,pooled,R1,early_first_10,9,152374,2189,0.014365967947287594
DS05,lstm_autoencoder,0,0.01,pooled,R1,early_first_10,10,42742,710,0.016611295681063124
DS05,lstm_autoencoder,0,0.01,pooled,R1,early_first_10,all,321154,3685,0.011474246000361198
DS05,lstm_autoencoder,0,0.01,pooled,R2,all_post_onset,7,539511,356403,0.660603768968566
DS05,lstm_autoencoder,0,0.01,pooled,R2,all_post_onset,8,238536,157532,0.6604118455914412
DS05,lstm_autoencoder,0,0.01,pooled,R2,all_post_onset,9,774378,441445,0.5700639739248791
DS05,lstm_autoencoder,0,0.01,pooled,R2,all_post_onset,10,205662,138696,0.6743880736353823
DS05,lstm_autoencoder,0,0.01,pooled,R2,all_post_onset,all,1758087,1094076,0.6223104999923212
DS05,lstm_autoencoder,0,0.01,pooled,R2,early_first_10,7,84909,747,0.008797653958944282
DS05,lstm_autoencoder,0,0.01,pooled,R2,early_first_10,8,41129,502,0.012205499769019426
DS05,lstm_autoencoder,0,0.01,pooled,R2,early_first_10,9,152374,3033,0.019904970664286557
DS05,lstm_autoencoder,0,0.01,pooled,R2,early_first_10,10,42742,1027,0.024027888259791307
DS05,lstm_autoencoder,0,0.01,pooled,R2,early_first_10,all,321154,5309,0.016531010045025128
DS05,lstm_autoencoder,0,0.01,phase_conditioned,R0,all_post_onset,7,539511,358604,0.6646833892172727
DS05,lstm_autoencoder,0,0.01,phase_conditioned,R0,all_post_onset,8,238536,156634,0.6566472146761915
DS05,lstm_autoencoder,0,0.01,phase_conditioned,R0,all_post_onset,9,774378,448007,0.5785378716854043
DS05,lstm_autoencoder,0,0.01,phase_conditioned,R0,all_post_onset,10,205662,140214,0.6817691163170639
DS05,lstm_autoencoder,0,0.01,phase_conditioned,R0,all_post_onset,all,1758087,1103459,0.6276475510028798
DS05,lstm_autoencoder,0,0.01,phase_conditioned,R0,early_first_10,7,84909,910,0.010717356228432793
DS05,lstm_autoencoder,0,0.01,phase_conditioned,R0,early_first_10,8,41129,710,0.017262758637457756
DS05,lstm_autoencoder,0,0.01,phase_conditioned,R0,early_first_10,9,152374,3423,0.022464462441098874
DS05,lstm_autoencoder,0,0.01,phase_conditioned,R0,early_first_10,10,42742,1683,0.03937578962144963
DS05,lstm_autoencoder,0,0.01,phase_conditioned,R0,early_first_10,all,321154,6726,0.020943223500252215
DS05,lstm_autoencoder,0,0.01,phase_conditioned,R1,all_post_onset,7,539511,355608,0.6591302123589695
DS05,lstm_autoencoder,0,0.01,phase_conditioned,R1,all_post_onset,8,238536,154220,0.6465271489418788
DS05,lstm_autoencoder,0,0.01,phase_conditioned,R1,all_post_onset,9,774378,440288,0.5685698715614338
DS05,lstm_autoencoder,0,0.01,phase_conditioned,R1,all_post_onset,10,205662,137707,0.6695792124942868
DS05,lstm_autoencoder,0,0.01,phase_conditioned,R1,all_post_onset,all,1758087,1087823,0.6187537931854339
DS05,lstm_autoencoder,0,0.01,phase_conditioned,R1,early_first_10,7,84909,497,0.005853325324759448
DS05,lstm_autoencoder,0,0.01,phase_conditioned,R1,early_first_10,8,41129,284,0.006905103454983102
DS05,lstm_autoencoder,0,0.01,phase_conditioned,R1,early_first_10,9,152374,1921,0.012607137700657592
DS05,lstm_autoencoder,0,0.01,phase_conditioned,R1,early_first_10,10,42742,1008,0.023583360628889615
DS05,lstm_autoencoder,0,0.01,phase_conditioned,R1,early_first_10,all,321154,3710,0.011552090274447773
DS05,lstm_autoencoder,0,0.01,phase_conditioned,R2,all_post_onset,7,539511,357777,0.663150519637227
DS05,lstm_autoencoder,0,0.01,phase_conditioned,R2,all_post_onset,8,238536,156014,0.654048026293725
DS05,lstm_autoencoder,0,0.01,phase_conditioned,R2,all_post_onset,9,774378,446352,0.5764006725397675
DS05,lstm_autoencoder,0,0.01,phase_conditioned,R2,all_post_onset,10,205662,139779,0.6796539953904951
DS05,lstm_autoencoder,0,0.01,phase_conditioned,R2,all_post_onset,all,1758087,1099922,0.6256357051727247
DS05,lstm_autoencoder,0,0.01,phase_conditioned,R2,early_first_10,7,84909,666,0.007843691481468396
DS05,lstm_autoencoder,0,0.01,phase_conditioned,R2,early_first_10,8,41129,485,0.011792166111502833
DS05,lstm_autoencoder,0,0.01,phase_conditioned,R2,early_first_10,9,152374,2793,0.018329898801632823
DS05,lstm_autoencoder,0,0.01,phase_conditioned,R2,early_first_10,10,42742,1405,0.03287164849562491
DS05,lstm_autoencoder,0,0.01,phase_conditioned,R2,early_first_10,all,321154,5349,0.01665556088356365
DS05,lstm_autoencoder,0,0.01,quantile_regression_W,R0,all_post_onset,7,539511,343266,0.6362539410688568
DS05,lstm_autoencoder,0,0.01,quantile_regression_W,R0,all_post_onset,8,238536,149840,0.6281651406915518
DS05,lstm_autoencoder,0,0.01,quantile_regression_W,R0,all_post_onset,9,774378,431130,0.5567436058359096
DS05,lstm_autoencoder,0,0.01,quantile_regression_W,R0,all_post_onset,10,205662,132804,0.6457391253610293
DS05,lstm_autoencoder,0,0.01,quantile_regression_W,R0,all_post_onset,all,1758087,1057040,0.6012444207823617
DS05,lstm_autoencoder,0,0.01,quantile_regression_W,R0,early_first_10,7,84909,1219,0.014356546420285247
DS05,lstm_autoencoder,0,0.01,quantile_regression_W,R0,early_first_10,8,41129,1474,0.03583845948114469
DS05,lstm_autoencoder,0,0.01,quantile_regression_W,R0,early_first_10,9,152374,7768,0.050979825954559174
DS05,lstm_autoencoder,0,0.01,quantile_regression_W,R0,early_first_10,10,42742,1546,0.03617051144073745
DS05,lstm_autoencoder,0,0.01,quantile_regression_W,R0,early_first_10,all,321154,12007,0.037387047958300376
DS05,lstm_autoencoder,0,0.01,quantile_regression_W,R1,all_post_onset,7,539511,340456,0.6310455208512894
DS05,lstm_autoencoder,0,0.01,quantile_regression_W,R1,all_post_onset,8,238536,148004,0.6204681892879901
DS05,lstm_autoencoder,0,0.01,quantile_regression_W,R1,all_post_onset,9,774378,421240,0.5439720653221036
DS05,lstm_autoencoder,0,0.01,quantile_regression_W,R1,all_post_onset,10,205662,130884,0.6364034192023806
DS05,lstm_autoencoder,0,0.01,quantile_regression_W,R1,all_post_onset,all,1758087,1040584,0.5918842469115578
DS05,lstm_autoencoder,0,0.01,quantile_regression_W,R1,early_first_10,7,84909,584,0.0068779516894557705
DS05,lstm_autoencoder,0,0.01,quantile_regression_W,R1,early_first_10,8,41129,1079,0.026234530380023827
DS05,lstm_autoencoder,0,0.01,quantile_regression_W,R1,early_first_10,9,152374,5162,0.03387717064591072
DS05,lstm_autoencoder,0,0.01,quantile_regression_W,R1,early_first_10,10,42742,1013,0.02370034158439006
DS05,lstm_autoencoder,0,0.01,quantile_regression_W,R1,early_first_10,all,321154,7838,0.024405736811623086
DS05,lstm_autoencoder,0,0.01,quantile_regression_W,R2,all_post_onset,7,539511,342525,0.6348804750968933
DS05,lstm_autoencoder,0,0.01,quantile_regression_W,R2,all_post_onset,8,238536,149324,0.6260019451990475
DS05,lstm_autoencoder,0,0.01,quantile_regression_W,R2,all_post_onset,9,774378,428695,0.5535991466699726
DS05,lstm_autoencoder,0,0.01,quantile_regression_W,R2,all_post_onset,10,205662,132369,0.6436240044344604
DS05,lstm_autoencoder,0,0.01,quantile_regression_W,R2,all_post_onset,all,1758087,1052913,0.5988969829138149
DS05,lstm_autoencoder,0,0.01,quantile_regression_W,R2,early_first_10,7,84909,953,0.011223780753512585
DS05,lstm_autoencoder,0,0.01,quantile_regression_W,R2,early_first_10,8,41129,1316,0.03199688784069635
DS05,lstm_autoencoder,0,0.01,quantile_regression_W,R2,early_first_10,9,152374,6763,0.04438421252969667
DS05,lstm_autoencoder,0,0.01,quantile_regression_W,R2,early_first_10,10,42742,1314,0.030742595105516822
DS05,lstm_autoencoder,0,0.01,quantile_regression_W,R2,early_first_10,all,321154,10346,0.03221507438798832
DS05,lstm_autoencoder,0,0.02,pooled,R0,all_post_onset,7,539511,374400,0.6939617542552422
DS05,lstm_autoencoder,0,0.02,pooled,R0,all_post_onset,8,238536,169982,0.7126052252070966
DS05,lstm_autoencoder,0,0.02,pooled,R0,all_post_onset,9,774378,475173,0.6136189302898585
DS05,lstm_autoencoder,0,0.02,pooled,R0,all_post_onset,10,205662,150790,0.7331932977409537
DS05,lstm_autoencoder,0,0.02,pooled,R0,all_post_onset,all,1758087,1170345,0.6656923121552005
DS05,lstm_autoencoder,0,0.02,pooled,R0,early_first_10,7,84909,1759,0.020716296270124487
DS05,lstm_autoencoder,0,0.02,pooled,R0,early_first_10,8,41129,1649,0.04009336477910963
DS05,lstm_autoencoder,0,0.02,pooled,R0,early_first_10,9,152374,6471,0.04246787509680129
DS05,lstm_autoencoder,0,0.02,pooled,R0,early_first_10,10,42742,3814,0.08923307285573909
DS05,lstm_autoencoder,0,0.02,pooled,R0,early_first_10,all,321154,13693,0.042636865802699014
DS05,lstm_autoencoder,0,0.02,pooled,R1,all_post_onset,7,539511,370681,0.6870684749708532
DS05,lstm_autoencoder,0,0.02,pooled,R1,all_post_onset,8,238536,166957,0.6999237012442566
DS05,lstm_autoencoder,0,0.02,pooled,R1,all_post_onset,9,774378,466219,0.6020561018004127
DS05,lstm_autoencoder,0,0.02,pooled,R1,all_post_onset,10,205662,148192,0.7205609203450322
DS05,lstm_autoencoder,0,0.02,pooled,R1,all_post_onset,all,1758087,1152049,0.6552855461646665
DS05,lstm_autoencoder,0,0.02,pooled,R1,early_first_10,7,84909,871,0.010258040961499959
DS05,lstm_autoencoder,0,0.02,pooled,R1,early_first_10,8,41129,736,0.017894915996012548
DS05,lstm_autoencoder,0,0.02,pooled,R1,early_first_10,9,152374,3858,0.025319280192158768
DS05,lstm_autoencoder,0,0.02,pooled,R1,early_first_10,10,42742,2573,0.06019839970052875
DS05,lstm_autoencoder,0,0.02,pooled,R1,early_first_10,all,321154,8038,0.025028491004315687
DS05,lstm_autoencoder,0,0.02,pooled,R2,all_post_onset,7,539511,373096,0.6915447507094388
DS05,lstm_autoencoder,0,0.02,pooled,R2,all_post_onset,8,238536,169270,0.7096203508065868
DS05,lstm_autoencoder,0,0.02,pooled,R2,all_post_onset,9,774378,471931,0.6094323444106109
DS05,lstm_autoencoder,0,0.02,pooled,R2,all_post_onset,10,205662,150226,0.7304509340568506
DS05,lstm_autoencoder,0,0.02,pooled,R2,all_post_onset,all,1758087,1164523,0.6623807581763588
DS05,lstm_autoencoder,0,0.02,pooled,R2,early_first_10,7,84909,1285,0.015133849179710043
DS05,lstm_autoencoder,0,0.02,pooled,R2,early_first_10,8,41129,1299,0.03158355418317975
DS05,lstm_autoencoder,0,0.02,pooled,R2,early_first_10,9,152374,5316,0.034887841757780196
DS05,lstm_autoencoder,0,0.02,pooled,R2,early_first_10,10,42742,3396,0.07945346497590192
DS05,lstm_autoencoder,0,0.02,pooled,R2,early_first_10,all,321154,11296,0.03517315680327818
DS05,lstm_autoencoder,0,0.02,phase_conditioned,R0,all_post_onset,7,539511,374092,0.693390866914669
DS05,lstm_autoencoder,0,0.02,phase_conditioned,R0,all_post_onset,8,238536,170513,0.7148313042894993
DS05,lstm_autoencoder,0,0.02,phase_conditioned,R0,all_post_onset,9,774378,476690,0.6155779218934422
DS05,lstm_autoencoder,0,0.02,phase_conditioned,R0,all_post_onset,10,205662,151694,0.7375888593906507
DS05,lstm_autoencoder,0,0.02,phase_conditioned,R0,all_post_onset,all,1758087,1172989,0.6671962195272475
DS05,lstm_autoencoder,0,0.02,phase_conditioned,R0,early_first_10,7,84909,1705,0.020080321285140562
DS05,lstm_autoencoder,0,0.02,phase_conditioned,R0,early_first_10,8,41129,2310,0.0561647499331372
DS05,lstm_autoencoder,0,0.02,phase_conditioned,R0,early_first_10,9,152374,6194,0.04064997965532177
DS05,lstm_autoencoder,0,0.02,phase_conditioned,R0,early_first_10,10,42742,5887,0.13773337700622337
DS05,lstm_autoencoder,0,0.02,phase_conditioned,R0,early_first_10,all,321154,16096,0.05011925742790063
DS05,lstm_autoencoder,0,0.02,phase_conditioned,R1,all_post_onset,7,539511,370342,0.6864401281901574
DS05,lstm_autoencoder,0,0.02,phase_conditioned,R1,all_post_onset,8,238536,167783,0.7033864909279941
DS05,lstm_autoencoder,0,0.02,phase_conditioned,R1,all_post_onset,9,774378,467806,0.6041054885340235
DS05,lstm_autoencoder,0,0.02,phase_conditioned,R1,all_post_onset,10,205662,149475,0.7267993114916708
DS05,lstm_autoencoder,0,0.02,phase_conditioned,R1,all_post_onset,all,1758087,1155406,0.6571950079831089
DS05,lstm_autoencoder,0,0.02,phase_conditioned,R1,early_first_10,7,84909,824,0.00970450717827321
DS05,lstm_autoencoder,0,0.02,phase_conditioned,R1,early_first_10,8,41129,1373,0.03338277128060493
DS05,lstm_autoencoder,0,0.02,phase_conditioned,R1,early_first_10,9,152374,3686,0.024190478690590256
DS05,lstm_autoencoder,0,0.02,phase_conditioned,R1,early_first_10,10,42742,4726,0.11057039913902017
DS05,lstm_autoencoder,0,0.02,phase_conditioned,R1,early_first_10,all,321154,10609,0.033033996151379086
DS05,lstm_autoencoder,0,0.02,phase_conditioned,R2,all_post_onset,7,539511,372946,0.6912667211604583
DS05,lstm_autoencoder,0,0.02,phase_conditioned,R2,all_post_onset,8,238536,169736,0.7115739343327632
DS05,lstm_autoencoder,0,0.02,phase_conditioned,R2,all_post_onset,9,774378,473395,0.6113228939871742
DS05,lstm_autoencoder,0,0.02,phase_conditioned,R2,all_post_onset,10,205662,151130,0.7348464957065476
DS05,lstm_autoencoder,0,0.02,phase_conditioned,R2,all_post_onset,all,1758087,1167207,0.6639074175510086
DS05,lstm_autoencoder,0,0.02,phase_conditioned,R2,early_first_10,7,84909,1228,0.0144625422511159
DS05,lstm_autoencoder,0,0.02,phase_conditioned,R2,early_first_10,8,41129,1948,0.04736317440248973
DS05,lstm_autoencoder,0,0.02,phase_conditioned,R2,early_first_10,9,152374,5017,0.03292556472889076
DS05,lstm_autoencoder,0,0.02,phase_conditioned,R2,early_first_10,10,42742,5535,0.12949791773899208
DS05,lstm_autoencoder,0,0.02,phase_conditioned,R2,early_first_10,all,321154,13728,0.042745847786420224
DS05,lstm_autoencoder,0,0.02,quantile_regression_W,R0,all_post_onset,7,539511,368050,0.6821918366817359
DS05,lstm_autoencoder,0,0.02,quantile_regression_W,R0,all_post_onset,8,238536,164267,0.6886465774558138
DS05,lstm_autoencoder,0,0.02,quantile_regression_W,R0,all_post_onset,9,774378,487044,0.6289486529834267
DS05,lstm_autoencoder,0,0.02,quantile_regression_W,R0,all_post_onset,10,205662,148471,0.7219175151462107
DS05,lstm_autoencoder,0,0.02,quantile_regression_W,R0,all_post_onset,all,1758087,1167832,0.6642629175916778
DS05,lstm_autoencoder,0,0.02,quantile_regression_W,R0,early_first_10,7,84909,2204,0.02595720123897349
DS05,lstm_autoencoder,0,0.02,quantile_regression_W,R0,early_first_10,8,41129,2827,0.06873495587055363
DS05,lstm_autoencoder,0,0.02,quantile_regression_W,R0,early_first_10,9,152374,14902,0.09779883707194141
DS05,lstm_autoencoder,0,0.02,quantile_regression_W,R0,early_first_10,10,42742,3302,0.07725422301249357
DS05,lstm_autoencoder,0,0.02,quantile_regression_W,R0,early_first_10,all,321154,23235,0.07234846833606308
DS05,lstm_autoencoder,0,0.02,quantile_regression_W,R1,all_post_onset,7,539511,364549,0.6757026270085318
DS05,lstm_autoencoder,0,0.02,quantile_regression_W,R1,all_post_onset,8,238536,161772,0.6781869403360499
DS05,lstm_autoencoder,0,0.02,quantile_regression_W,R1,all_post_onset,9,774378,475216,0.613674458726875
DS05,lstm_autoencoder,0,0.02,quantile_regression_W,R1,all_post_onset,10,205662,146124,0.7105055868366543
DS05,lstm_autoencoder,0,0.02,quantile_regression_W,R1,all_post_onset,all,1758087,1147661,0.6527896514791361
DS05,lstm_autoencoder,0,0.02,quantile_regression_W,R1,early_first_10,7,84909,1175,0.013838344580668715
DS05,lstm_autoencoder,0,0.02,quantile_regression_W,R1,early_first_10,8,41129,2075,0.050451019961584284
DS05,lstm_autoencoder,0,0.02,quantile_regression_W,R1,early_first_10,9,152374,10191,0.06688148896793417
DS05,lstm_autoencoder,0,0.02,quantile_regression_W,R1,early_first_10,10,42742,2264,0.05296897665060128
DS05,lstm_autoencoder,0,0.02,quantile_regression_W,R1,early_first_10,all,321154,15705,0.04890177298118659
DS05,lstm_autoencoder,0,0.02,quantile_regression_W,R2,all_post_onset,7,539511,367066,0.680367962840424
DS05,lstm_autoencoder,0,0.02,quantile_regression_W,R2,all_post_onset,8,238536,163670,0.6861438105778582
DS05,lstm_autoencoder,0,0.02,quantile_regression_W,R2,all_post_onset,9,774378,484377,0.6255045985294003
DS05,lstm_autoencoder,0,0.02,quantile_regression_W,R2,all_post_onset,10,205662,147998,0.7196176250352521
DS05,lstm_autoencoder,0,0.02,quantile_regression_W,R2,all_post_onset,all,1758087,1163111,0.6615776124844789
DS05,lstm_autoencoder,0,0.02,quantile_regression_W,R2,early_first_10,7,84909,1770,0.02084584673002862
DS05,lstm_autoencoder,0,0.02,quantile_regression_W,R2,early_first_10,8,41129,2586,0.0628753434316419
DS05,lstm_autoencoder,0,0.02,quantile_regression_W,R2,early_first_10,9,152374,13271,0.08709491120532374
DS05,lstm_autoencoder,0,0.02,quantile_regression_W,R2,early_first_10,10,42742,2999,0.07016517710916663
DS05,lstm_autoencoder,0,0.02,quantile_regression_W,R2,early_first_10,all,321154,20626,0.06422463989238808
DS05,lstm_autoencoder,1,0.005,pooled,R0,all_post_onset,7,539511,319197,0.5916413196394513
DS05,lstm_autoencoder,1,0.005,pooled,R0,all_post_onset,8,238536,135821,0.5693941375725258
DS05,lstm_autoencoder,1,0.005,pooled,R0,all_post_onset,9,774378,395412,0.5106188450601644
DS05,lstm_autoencoder,1,0.005,pooled,R0,all_post_onset,10,205662,120679,0.5867831684997715
DS05,lstm_autoencoder,1,0.005,pooled,R0,all_post_onset,all,1758087,971109,0.552366862390769
DS05,lstm_autoencoder,1,0.005,pooled,R0,early_first_10,7,84909,486,0.005723774864855316
DS05,lstm_autoencoder,1,0.005,pooled,R0,early_first_10,8,41129,202,0.00491137640107953
DS05,lstm_autoencoder,1,0.005,pooled,R0,early_first_10,9,152374,1608,0.010552981479780016
DS05,lstm_autoencoder,1,0.005,pooled,R0,early_first_10,10,42742,442,0.010341116466239296
DS05,lstm_autoencoder,1,0.005,pooled,R0,early_first_10,all,321154,2738,0.008525504897961726
DS05,lstm_autoencoder,1,0.005,pooled,R1,all_post_onset,7,539511,316102,0.585904643278821
DS05,lstm_autoencoder,1,0.005,pooled,R1,all_post_onset,8,238536,133936,0.5614917664419626
DS05,lstm_autoencoder,1,0.005,pooled,R1,all_post_onset,9,774378,389486,0.502966251623884
DS05,lstm_autoencoder,1,0.005,pooled,R1,all_post_onset,10,205662,118841,0.5778461747916485
DS05,lstm_autoencoder,1,0.005,pooled,R1,all_post_onset,all,1758087,958365,0.5451180743615077
DS05,lstm_autoencoder,1,0.005,pooled,R1,early_first_10,7,84909,280,0.003297648070287013
DS05,lstm_autoencoder,1,0.005,pooled,R1,early_first_10,8,41129,35,0.0008509810595929879
DS05,lstm_autoencoder,1,0.005,pooled,R1,early_first_10,9,152374,938,0.006155905863205009
DS05,lstm_autoencoder,1,0.005,pooled,R1,early_first_10,10,42742,160,0.0037433905760142247
DS05,lstm_autoencoder,1,0.005,pooled,R1,early_first_10,all,321154,1413,0.004399758371373235
DS05,lstm_autoencoder,1,0.005,pooled,R2,all_post_onset,7,539511,318469,0.5902919495617328
DS05,lstm_autoencoder,1,0.005,pooled,R2,all_post_onset,8,238536,135302,0.5672183653620418
DS05,lstm_autoencoder,1,0.005,pooled,R2,all_post_onset,9,774378,394223,0.5090834192087068
DS05,lstm_autoencoder,1,0.005,pooled,R2,all_post_onset,10,205662,120244,0.5846680475732027
DS05,lstm_autoencoder,1,0.005,pooled,R2,all_post_onset,all,1758087,968238,0.550733837403951
DS05,lstm_autoencoder,1,0.005,pooled,R2,early_first_10,7,84909,391,0.0046049299838650795
DS05,lstm_autoencoder,1,0.005,pooled,R2,early_first_10,8,41129,93,0.002261178244061368
DS05,lstm_autoencoder,1,0.005,pooled,R2,early_first_10,9,152374,1316,0.00863664404688464
DS05,lstm_autoencoder,1,0.005,pooled,R2,early_first_10,10,42742,305,0.007135838285527116
DS05,lstm_autoencoder,1,0.005,pooled,R2,early_first_10,all,321154,2105,0.0065544878780896395
DS05,lstm_autoencoder,1,0.005,phase_conditioned,R0,all_post_onset,7,539511,318593,0.5905217873222233
DS05,lstm_autoencoder,1,0.005,phase_conditioned,R0,all_post_onset,8,238536,138074,0.5788392527752624
DS05,lstm_autoencoder,1,0.005,phase_conditioned,R0,all_post_onset,9,774378,394490,0.5094282120618097
DS05,lstm_autoencoder,1,0.005,phase_conditioned,R0,all_post_onset,10,205662,119667,0.5818624733786504
DS05,lstm_autoencoder,1,0.005,phase_conditioned,R0,all_post_onset,all,1758087,970824,0.5522047543722239
DS05,lstm_autoencoder,1,0.005,phase_conditioned,R0,early_first_10,7,84909,489,0.005759106808465534
DS05,lstm_autoencoder,1,0.005,phase_conditioned,R0,early_first_10,8,41129,175,0.00425490529796494
DS05,lstm_autoencoder,1,0.005,phase_conditioned,R0,early_first_10,9,152374,1559,0.010231404307821544
DS05,lstm_autoencoder,1,0.005,phase_conditioned,R0,early_first_10,10,42742,430,0.01006036217303823
DS05,lstm_autoencoder,1,0.005,phase_conditioned,R0,early_first_10,all,321154,2653,0.008260834366067369
DS05,lstm_autoencoder,1,0.005,phase_conditioned,R1,all_post_onset,7,539511,315894,0.5855191089709014
DS05,lstm_autoencoder,1,0.005,phase_conditioned,R1,all_post_onset,8,238536,136479,0.5721526310494014
DS05,lstm_autoencoder,1,0.005,phase_conditioned,R1,all_post_onset,9,774378,389303,0.5027299329268136
DS05,lstm_autoencoder,1,0.005,phase_conditioned,R1,all_post_onset,10,205662,118312,0.5752739932510624
DS05,lstm_autoencoder,1,0.005,phase_conditioned,R1,all_post_onset,all,1758087,959988,0.5460412368671175
DS05,lstm_autoencoder,1,0.005,phase_conditioned,R1,early_first_10,7,84909,290,0.0034154212156544063
DS05,lstm_autoencoder,1,0.005,phase_conditioned,R1,early_first_10,8,41129,46,0.0011184322497507842
DS05,lstm_autoencoder,1,0.005,phase_conditioned,R1,early_first_10,9,152374,859,0.005637444708414822
DS05,lstm_autoencoder,1,0.005,phase_conditioned,R1,early_first_10,10,42742,202,0.004726030602217959
DS05,lstm_autoencoder,1,0.005,phase_conditioned,R1,early_first_10,all,321154,1397,0.004349938035957827
DS05,lstm_autoencoder,1,0.005,phase_conditioned,R2,all_post_onset,7,539511,318082,0.5895746333253632
DS05,lstm_autoencoder,1,0.005,phase_conditioned,R2,all_post_onset,8,238536,137604,0.5768689002917798
DS05,lstm_autoencoder,1,0.005,phase_conditioned,R2,all_post_onset,9,774378,393279,0.5078643763123436
DS05,lstm_autoencoder,1,0.005,phase_conditioned,R2,all_post_onset,10,205662,119262,0.5798932228608105
DS05,lstm_autoencoder,1,0.005,phase_conditioned,R2,all_post_onset,all,1758087,968227,0.5507275806032352
DS05,lstm_autoencoder,1,0.005,phase_conditioned,R2,early_first_10,7,84909,405,0.00476981238737943
DS05,lstm_autoencoder,1,0.005,phase_conditioned,R2,early_first_10,8,41129,107,0.002601570667898563
DS05,lstm_autoencoder,1,0.005,phase_conditioned,R2,early_first_10,9,152374,1307,0.008577578852035124
DS05,lstm_autoencoder,1,0.005,phase_conditioned,R2,early_first_10,10,42742,304,0.007112442094427027
DS05,lstm_autoencoder,1,0.005,phase_conditioned,R2,early_first_10,all,321154,2123,0.006610535755431974
DS05,lstm_autoencoder,1,0.005,quantile_regression_W,R0,all_post_onset,7,539511,319175,0.5916005419722675
DS05,lstm_autoencoder,1,0.005,quantile_regression_W,R0,all_post_onset,8,238536,137978,0.5784367977999127
DS05,lstm_autoencoder,1,0.005,quantile_regression_W,R0,all_post_onset,9,774378,391215,0.5051990113355493
DS05,lstm_autoencoder,1,0.005,quantile_regression_W,R0,all_post_onset,10,205662,121419,0.5903813052484173
DS05,lstm_autoencoder,1,0.005,quantile_regression_W,R0,all_post_onset,all,1758087,969787,0.5516149087047456
DS05,lstm_autoencoder,1,0.005,quantile_regression_W,R0,early_first_10,7,84909,840,0.00989294421086104
DS05,lstm_autoencoder,1,0.005,quantile_regression_W,R0,early_first_10,8,41129,612,0.014880011670597389
DS05,lstm_autoencoder,1,0.005,quantile_regression_W,R0,early_first_10,9,152374,4237,0.02780658117526612
DS05,lstm_autoencoder,1,0.005,quantile_regression_W,R0,early_first_10,10,42742,819,0.019161480510972814
DS05,lstm_autoencoder,1,0.005,quantile_regression_W,R0,early_first_10,all,321154,6508,0.02026442143021728
DS05,lstm_autoencoder,1,0.005,quantile_regression_W,R1,all_post_onset,7,539511,316582,0.5867943378355585
DS05,lstm_autoencoder,1,0.005,quantile_regression_W,R1,all_post_onset,8,238536,136475,0.5721358620920951
DS05,lstm_autoencoder,1,0.005,quantile_regression_W,R1,all_post_onset,9,774378,385123,0.49733205230520494
DS05,lstm_autoencoder,1,0.005,quantile_regression_W,R1,all_post_onset,10,205662,119566,0.5813713763359298
DS05,lstm_autoencoder,1,0.005,quantile_regression_W,R1,all_post_onset,all,1758087,957746,0.5447659871212289
DS05,lstm_autoencoder,1,0.005,quantile_regression_W,R1,early_first_10,7,84909,474,0.005582447090414444
DS05,lstm_autoencoder,1,0.005,quantile_regression_W,R1,early_first_10,8,41129,382,0.009287850421843468
DS05,lstm_autoencoder,1,0.005,quantile_regression_W,R1,early_first_10,9,152374,3054,0.02004278945226876
DS05,lstm_autoencoder,1,0.005,quantile_regression_W,R1,early_first_10,10,42742,506,0.011838472696644986
DS05,lstm_autoencoder,1,0.005,quantile_regression_W,R1,early_first_10,all,321154,4416,0.013750412574652659
DS05,lstm_autoencoder,1,0.005,quantile_regression_W,R2,all_post_onset,7,539511,318417,0.5901955659847529
DS05,lstm_autoencoder,1,0.005,quantile_regression_W,R2,all_post_onset,8,238536,137637,0.5770072441895563
DS05,lstm_autoencoder,1,0.005,quantile_regression_W,R2,all_post_onset,9,774378,389945,0.5035589854050606
DS05,lstm_autoencoder,1,0.005,quantile_regression_W,R2,all_post_onset,10,205662,121173,0.5891851678968405
DS05,lstm_autoencoder,1,0.005,quantile_regression_W,R2,all_post_onset,all,1758087,967172,0.5501274965345856
DS05,lstm_autoencoder,1,0.005,quantile_regression_W,R2,early_first_10,7,84909,651,0.007667031763417305
DS05,lstm_autoencoder,1,0.005,quantile_regression_W,R2,early_first_10,8,41129,520,0.01264314717109582
DS05,lstm_autoencoder,1,0.005,quantile_regression_W,R2,early_first_10,9,152374,3747,0.024590809455681414
DS05,lstm_autoencoder,1,0.005,quantile_regression_W,R2,early_first_10,10,42742,691,0.016166768050161432
DS05,lstm_autoencoder,1,0.005,quantile_regression_W,R2,early_first_10,all,321154,5609,0.01746514133406403
DS05,lstm_autoencoder,1,0.01,pooled,R0,all_post_onset,7,539511,350442,0.6495548746920823
DS05,lstm_autoencoder,1,0.01,pooled,R0,all_post_onset,8,238536,155403,0.6514865680651977
DS05,lstm_autoencoder,1,0.01,pooled,R0,all_post_onset,9,774378,435728,0.562681274519679
DS05,lstm_autoencoder,1,0.01,pooled,R0,all_post_onset,10,205662,136370,0.663078254611936
DS05,lstm_autoencoder,1,0.01,pooled,R0,all_post_onset,all,1758087,1077943,0.6131340485425352
DS05,lstm_autoencoder,1,0.01,pooled,R0,early_first_10,7,84909,1023,0.012048192771084338
DS05,lstm_autoencoder,1,0.01,pooled,R0,early_first_10,8,41129,731,0.017773347273213547
DS05,lstm_autoencoder,1,0.01,pooled,R0,early_first_10,9,152374,3403,0.0223332064525444
DS05,lstm_autoencoder,1,0.01,pooled,R0,early_first_10,10,42742,1551,0.036287492396237894
DS05,lstm_autoencoder,1,0.01,pooled,R0,early_first_10,all,321154,6708,0.02088717562290988
DS05,lstm_autoencoder,1,0.01,pooled,R1,all_post_onset,7,539511,346483,0.6422167481293245
DS05,lstm_autoencoder,1,0.01,pooled,R1,all_post_onset,8,238536,153160,0.6420833752557266
DS05,lstm_autoencoder,1,0.01,pooled,R1,all_post_onset,9,774378,429679,0.5548698439263512
DS05,lstm_autoencoder,1,0.01,pooled,R1,all_post_onset,10,205662,134112,0.6520990751816087
DS05,lstm_autoencoder,1,0.01,pooled,R1,all_post_onset,all,1758087,1063434,0.604881328398424
DS05,lstm_autoencoder,1,0.01,pooled,R1,early_first_10,7,84909,536,0.006312640591692282
DS05,lstm_autoencoder,1,0.01,pooled,R1,early_first_10,8,41129,282,0.006856475965863503
DS05,lstm_autoencoder,1,0.01,pooled,R1,early_first_10,9,152374,1966,0.012902463674905168
DS05,lstm_autoencoder,1,0.01,pooled,R1,early_first_10,10,42742,885,0.02070562912357868
DS05,lstm_autoencoder,1,0.01,pooled,R1,early_first_10,all,321154,3669,0.01142442566494579
DS05,lstm_autoencoder,1,0.01,pooled,R2,all_post_onset,7,539511,349545,0.647892257989179
DS05,lstm_autoencoder,1,0.01,pooled,R2,all_post_onset,8,238536,154828,0.6490760304524265
DS05,lstm_autoencoder,1,0.01,pooled,R2,all_post_onset,9,774378,433986,0.5604317271410086
DS05,lstm_autoencoder,1,0.01,pooled,R2,all_post_onset,10,205662,135911,0.6608464373583841
DS05,lstm_autoencoder,1,0.01,pooled,R2,all_post_onset,all,1758087,1074270,0.6110448459035304
DS05,lstm_autoencoder,1,0.01,pooled,R2,early_first_10,7,84909,758,0.008927204418848414
DS05,lstm_autoencoder,1,0.01,pooled,R2,early_first_10,8,41129,483,0.011743538622383233
DS05,lstm_autoencoder,1,0.01,pooled,R2,early_first_10,9,152374,2784,0.018270833606783308
DS05,lstm_autoencoder,1,0.01,pooled,R2,early_first_10,10,42742,1254,0.02933882363951149
DS05,lstm_autoencoder,1,0.01,pooled,R2,early_first_10,all,321154,5279,0.016437596916121237
DS05,lstm_autoencoder,1,0.01,phase_conditioned,R0,all_post_onset,7,539511,352302,0.6530024410994401
DS05,lstm_autoencoder,1,0.01,phase_conditioned,R0,all_post_onset,8,238536,157060,0.6584331086293054
DS05,lstm_autoencoder,1,0.01,phase_conditioned,R0,all_post_onset,9,774378,437788,0.5653414740604717
DS05,lstm_autoencoder,1,0.01,phase_conditioned,R0,all_post_onset,10,205662,137382,0.6679989497330572
DS05,lstm_autoencoder,1,0.01,phase_conditioned,R0,all_post_onset,all,1758087,1084532,0.6168818721712862
DS05,lstm_autoencoder,1,0.01,phase_conditioned,R0,early_first_10,7,84909,1036,0.012201297860061949
DS05,lstm_autoencoder,1,0.01,phase_conditioned,R0,early_first_10,8,41129,738,0.017943543485132146
DS05,lstm_autoencoder,1,0.01,phase_conditioned,R0,early_first_10,9,152374,3507,0.02301573759302768
DS05,lstm_autoencoder,1,0.01,phase_conditioned,R0,early_first_10,10,42742,1787,0.04180899349585888
DS05,lstm_autoencoder,1,0.01,phase_conditioned,R0,early_first_10,all,321154,7068,0.022008133169756566
DS05,lstm_autoencoder,1,0.01,phase_conditioned,R1,all_post_onset,7,539511,348769,0.6464539184557868
DS05,lstm_autoencoder,1,0.01,phase_conditioned,R1,all_post_onset,8,238536,154783,0.6488873796827314
DS05,lstm_autoencoder,1,0.01,phase_conditioned,R1,all_post_onset,9,774378,431470,0.5571826678960404
DS05,lstm_autoencoder,1,0.01,phase_conditioned,R1,all_post_onset,10,205662,134826,0.6555707909093561
DS05,lstm_autoencoder,1,0.01,phase_conditioned,R1,all_post_onset,all,1758087,1069848,0.6085296120157876
DS05,lstm_autoencoder,1,0.01,phase_conditioned,R1,early_first_10,7,84909,563,0.006630628084184244
DS05,lstm_autoencoder,1,0.01,phase_conditioned,R1,early_first_10,8,41129,298,0.007245495878820297
DS05,lstm_autoencoder,1,0.01,phase_conditioned,R1,early_first_10,9,152374,1939,0.012725268090356623
DS05,lstm_autoencoder,1,0.01,phase_conditioned,R1,early_first_10,10,42742,1088,0.02545505591689673
DS05,lstm_autoencoder,1,0.01,phase_conditioned,R1,early_first_10,all,321154,3888,0.012106341505944189
DS05,lstm_autoencoder,1,0.01,phase_conditioned,R2,all_post_onset,7,539511,351352,0.6512415872892304
DS05,lstm_autoencoder,1,0.01,phase_conditioned,R2,all_post_onset,8,238536,156649,0.6567100982660898
DS05,lstm_autoencoder,1,0.01,phase_conditioned,R2,all_post_onset,9,774378,435939,0.5629537512687602
DS05,lstm_autoencoder,1,0.01,phase_conditioned,R2,all_post_onset,10,205662,136895,0.6656309867646916
DS05,lstm_autoencoder,1,0.01,phase_conditioned,R2,all_post_onset,all,1758087,1080835,0.6147790183307197
DS05,lstm_autoencoder,1,0.01,phase_conditioned,R2,early_first_10,7,84909,766,0.00902142293514233
DS05,lstm_autoencoder,1,0.01,phase_conditioned,R2,early_first_10,8,41129,501,0.012181186024459627
DS05,lstm_autoencoder,1,0.01,phase_conditioned,R2,early_first_10,9,152374,2771,0.018185517214222898
DS05,lstm_autoencoder,1,0.01,phase_conditioned,R2,early_first_10,10,42742,1511,0.03535164475223434
DS05,lstm_autoencoder,1,0.01,phase_conditioned,R2,early_first_10,all,321154,5549,0.01727831507625625
DS05,lstm_autoencoder,1,0.01,quantile_regression_W,R0,all_post_onset,7,539511,334595,0.6201819796074594
DS05,lstm_autoencoder,1,0.01,quantile_regression_W,R0,all_post_onset,8,238536,146322,0.6134168427407184
DS05,lstm_autoencoder,1,0.01,quantile_regression_W,R0,all_post_onset,9,774378,421992,0.544943167290393
DS05,lstm_autoencoder,1,0.01,quantile_regression_W,R0,all_post_onset,10,205662,130688,0.6354503991986852
DS05,lstm_autoencoder,1,0.01,quantile_regression_W,R0,all_post_onset,all,1758087,1033597,0.5879100408569087
DS05,lstm_autoencoder,1,0.01,quantile_regression_W,R0,early_first_10,7,84909,1322,0.015569609817569397
DS05,lstm_autoencoder,1,0.01,quantile_regression_W,R0,early_first_10,8,41129,1380,0.033552967492523525
DS05,lstm_autoencoder,1,0.01,quantile_regression_W,R0,early_first_10,9,152374,7266,0.04768530064184178
DS05,lstm_autoencoder,1,0.01,quantile_regression_W,R0,early_first_10,10,42742,1665,0.038954658181648026
DS05,lstm_autoencoder,1,0.01,quantile_regression_W,R0,early_first_10,all,321154,11633,0.03622249761796521
DS05,lstm_autoencoder,1,0.01,quantile_regression_W,R1,all_post_onset,7,539511,331715,0.6148438122670344
DS05,lstm_autoencoder,1,0.01,quantile_regression_W,R1,all_post_onset,8,238536,144342,0.6051162088741322
DS05,lstm_autoencoder,1,0.01,quantile_regression_W,R1,all_post_onset,9,774378,414712,0.5355420737675916
DS05,lstm_autoencoder,1,0.01,quantile_regression_W,R1,all_post_onset,10,205662,128883,0.6266738629401639
DS05,lstm_autoencoder,1,0.01,quantile_regression_W,R1,all_post_onset,all,1758087,1019652,0.5799781239494973
DS05,lstm_autoencoder,1,0.01,quantile_regression_W,R1,early_first_10,7,84909,753,0.008868317846164717
DS05,lstm_autoencoder,1,0.01,quantile_regression_W,R1,early_first_10,8,41129,940,0.022854919886211675
DS05,lstm_autoencoder,1,0.01,quantile_regression_W,R1,early_first_10,9,152374,5206,0.03416593382073057
DS05,lstm_autoencoder,1,0.01,quantile_regression_W,R1,early_first_10,10,42742,1053,0.024636189228393616
DS05,lstm_autoencoder,1,0.01,quantile_regression_W,R1,early_first_10,all,321154,7952,0.024760706701457868
DS05,lstm_autoencoder,1,0.01,quantile_regression_W,R2,all_post_onset,7,539511,333928,0.6189456748796596
DS05,lstm_autoencoder,1,0.01,quantile_regression_W,R2,all_post_onset,8,238536,145860,0.6114800281718483
DS05,lstm_autoencoder,1,0.01,quantile_regression_W,R2,all_post_onset,9,774378,420141,0.5425528617806807
DS05,lstm_autoencoder,1,0.01,quantile_regression_W,R2,all_post_onset,10,205662,130349,0.6338020635800489
DS05,lstm_autoencoder,1,0.01,quantile_regression_W,R2,all_post_onset,all,1758087,1030278,0.586022193440939
DS05,lstm_autoencoder,1,0.01,quantile_regression_W,R2,early_first_10,7,84909,1052,0.012389734892649778
DS05,lstm_autoencoder,1,0.01,quantile_regression_W,R2,early_first_10,8,41129,1209,0.029395317172797784
DS05,lstm_autoencoder,1,0.01,quantile_regression_W,R2,early_first_10,9,152374,6435,0.04223161431740323
DS05,lstm_autoencoder,1,0.01,quantile_regression_W,R2,early_first_10,10,42742,1470,0.034392400917130694
DS05,lstm_autoencoder,1,0.01,quantile_regression_W,R2,early_first_10,all,321154,10166,0.031654595614564976
DS05,lstm_autoencoder,1,0.02,pooled,R0,all_post_onset,7,539511,369740,0.6853243029335825
DS05,lstm_autoencoder,1,0.02,pooled,R0,all_post_onset,8,238536,168893,0.7080398765804742
DS05,lstm_autoencoder,1,0.02,pooled,R0,all_post_onset,9,774378,466106,0.6019101782333692
DS05,lstm_autoencoder,1,0.02,pooled,R0,all_post_onset,10,205662,152137,0.7397428790928805
DS05,lstm_autoencoder,1,0.02,pooled,R0,all_post_onset,all,1758087,1156876,0.6580311440787628
DS05,lstm_autoencoder,1,0.02,pooled,R0,early_first_10,7,84909,1808,0.021293384682424712
DS05,lstm_autoencoder,1,0.02,pooled,R0,early_first_10,8,41129,1793,0.04359454399572078
DS05,lstm_autoencoder,1,0.02,pooled,R0,early_first_10,9,152374,6557,0.043032275847585545
DS05,lstm_autoencoder,1,0.02,pooled,R0,early_first_10,10,42742,4338,0.10149267699218567
DS05,lstm_autoencoder,1,0.02,pooled,R0,early_first_10,all,321154,14496,0.045137223886359816
DS05,lstm_autoencoder,1,0.02,pooled,R1,all_post_onset,7,539511,365673,0.6777859950955587
DS05,lstm_autoencoder,1,0.02,pooled,R1,all_post_onset,8,238536,165890,0.6954505818828185
DS05,lstm_autoencoder,1,0.02,pooled,R1,all_post_onset,9,774378,456333,0.5892897267226084
DS05,lstm_autoencoder,1,0.02,pooled,R1,all_post_onset,10,205662,149678,0.7277863679240696
DS05,lstm_autoencoder,1,0.02,pooled,R1,all_post_onset,all,1758087,1137574,0.6470521652227677
DS05,lstm_autoencoder,1,0.02,pooled,R1,early_first_10,7,84909,887,0.010446477994087789
DS05,lstm_autoencoder,1,0.02,pooled,R1,early_first_10,8,41129,908,0.022076880060298086
DS05,lstm_autoencoder,1,0.02,pooled,R1,early_first_10,9,152374,3736,0.024518618661976452
DS05,lstm_autoencoder,1,0.02,pooled,R1,early_first_10,10,42742,3150,0.07369800196528005
DS05,lstm_autoencoder,1,0.02,pooled,R1,early_first_10,all,321154,8681,0.027030645733822405
DS05,lstm_autoencoder,1,0.02,pooled,R2,all_post_onset,7,539511,368643,0.6832909801653719
DS05,lstm_autoencoder,1,0.02,pooled,R2,all_post_onset,8,238536,168320,0.7056377234463561
DS05,lstm_autoencoder,1,0.02,pooled,R2,all_post_onset,9,774378,463507,0.5985539361913691
DS05,lstm_autoencoder,1,0.02,pooled,R2,all_post_onset,10,205662,151786,0.7380361953107526
DS05,lstm_autoencoder,1,0.02,pooled,R2,all_post_onset,all,1758087,1152256,0.6554032877781362
DS05,lstm_autoencoder,1,0.02,pooled,R2,early_first_10,7,84909,1308,0.015404727414055047
DS05,lstm_autoencoder,1,0.02,pooled,R2,early_first_10,8,41129,1441,0.0350361059106713
DS05,lstm_autoencoder,1,0.02,pooled,R2,early_first_10,9,152374,5284,0.034677832176093035
DS05,lstm_autoencoder,1,0.02,pooled,R2,early_first_10,10,42742,4018,0.09400589584015723
DS05,lstm_autoencoder,1,0.02,pooled,R2,early_first_10,all,321154,12051,0.03752405388069275
DS05,lstm_autoencoder,1,0.02,phase_conditioned,R0,all_post_onset,7,539511,368613,0.6832353742555759
DS05,lstm_autoencoder,1,0.02,phase_conditioned,R0,all_post_onset,8,238536,168758,0.7074739242713888
DS05,lstm_autoencoder,1,0.02,phase_conditioned,R0,all_post_onset,9,774378,468499,0.6050004003212901
DS05,lstm_autoencoder,1,0.02,phase_conditioned,R0,all_post_onset,10,205662,153142,0.7446295377852982
DS05,lstm_autoencoder,1,0.02,phase_conditioned,R0,all_post_onset,all,1758087,1159012,0.6592461010177539
DS05,lstm_autoencoder,1,0.02,phase_conditioned,R0,early_first_10,7,84909,1760,0.020728073584661225
DS05,lstm_autoencoder,1,0.02,phase_conditioned,R0,early_first_10,8,41129,2234,0.05431690534659243
DS05,lstm_autoencoder,1,0.02,phase_conditioned,R0,early_first_10,9,152374,6317,0.041457203984931815
DS05,lstm_autoencoder,1,0.02,phase_conditioned,R0,early_first_10,10,42742,5863,0.13717186841982126
DS05,lstm_autoencoder,1,0.02,phase_conditioned,R0,early_first_10,all,321154,16174,0.05036213156305075
DS05,lstm_autoencoder,1,0.02,phase_conditioned,R1,all_post_onset,7,539511,364785,0.6761400601655944
DS05,lstm_autoencoder,1,0.02,phase_conditioned,R1,all_post_onset,8,238536,165878,0.6954002750108998
DS05,lstm_autoencoder,1,0.02,phase_conditioned,R1,all_post_onset,9,774378,459168,0.5929507294886993
DS05,lstm_autoencoder,1,0.02,phase_conditioned,R1,all_post_onset,10,205662,150630,0.7324153222277329
DS05,lstm_autoencoder,1,0.02,phase_conditioned,R1,all_post_onset,all,1758087,1140461,0.6486942910106269
DS05,lstm_autoencoder,1,0.02,phase_conditioned,R1,early_first_10,7,84909,857,0.010093158557985609
DS05,lstm_autoencoder,1,0.02,phase_conditioned,R1,early_first_10,8,41129,1345,0.032701986432930534
DS05,lstm_autoencoder,1,0.02,phase_conditioned,R1,early_first_10,9,152374,3602,0.02363920353866145
DS05,lstm_autoencoder,1,0.02,phase_conditioned,R1,early_first_10,10,42742,4778,0.11178700107622479
DS05,lstm_autoencoder,1,0.02,phase_conditioned,R1,early_first_10,all,321154,10582,0.03294992433536559
DS05,lstm_autoencoder,1,0.02,phase_conditioned,R2,all_post_onset,7,539511,367392,0.6809722137268749
DS05,lstm_autoencoder,1,0.02,phase_conditioned,R2,all_post_onset,8,238536,168149,0.7049208505215145
DS05,lstm_autoencoder,1,0.02,phase_conditioned,R2,all_post_onset,9,774378,466190,0.6020186523894016
DS05,lstm_autoencoder,1,0.02,phase_conditioned,R2,all_post_onset,10,205662,152958,0.7437348659450944
DS05,lstm_autoencoder,1,0.02,phase_conditioned,R2,all_post_onset,all,1758087,1154689,0.6567871783364532
DS05,lstm_autoencoder,1,0.02,phase_conditioned,R2,early_first_10,7,84909,1212,0.014274105218528071
DS05,lstm_autoencoder,1,0.02,phase_conditioned,R2,early_first_10,8,41129,1900,0.04619611466361934
DS05,lstm_autoencoder,1,0.02,phase_conditioned,R2,early_first_10,9,152374,5032,0.033024006720306615
DS05,lstm_autoencoder,1,0.02,phase_conditioned,R2,early_first_10,10,42742,5598,0.1309718777782977
DS05,lstm_autoencoder,1,0.02,phase_conditioned,R2,early_first_10,all,321154,13742,0.0427894405799087
DS05,lstm_autoencoder,1,0.02,quantile_regression_W,R0,all_post_onset,7,539511,361660,0.6703477778951681
DS05,lstm_autoencoder,1,0.02,quantile_regression_W,R0,all_post_onset,8,238536,162739,0.6822408357648322
DS05,lstm_autoencoder,1,0.02,quantile_regression_W,R0,all_post_onset,9,774378,477433,0.6165374016307281
DS05,lstm_autoencoder,1,0.02,quantile_regression_W,R0,all_post_onset,10,205662,145974,0.7097762347930099
DS05,lstm_autoencoder,1,0.02,quantile_regression_W,R0,all_post_onset,all,1758087,1147806,0.6528721274885714
DS05,lstm_autoencoder,1,0.02,quantile_regression_W,R0,early_first_10,7,84909,2325,0.027382256297918947
DS05,lstm_autoencoder,1,0.02,quantile_regression_W,R0,early_first_10,8,41129,3017,0.07335456733691556
DS05,lstm_autoencoder,1,0.02,quantile_regression_W,R0,early_first_10,9,152374,14474,0.09498995891687559
DS05,lstm_autoencoder,1,0.02,quantile_regression_W,R0,early_first_10,10,42742,3262,0.07631837536849001
DS05,lstm_autoencoder,1,0.02,quantile_regression_W,R0,early_first_10,all,321154,23078,0.07185960629479939
DS05,lstm_autoencoder,1,0.02,quantile_regression_W,R1,all_post_onset,7,539511,357907,0.6633914785796767
DS05,lstm_autoencoder,1,0.02,quantile_regression_W,R1,all_post_onset,8,238536,160137,0.6713326290371264
DS05,lstm_autoencoder,1,0.02,quantile_regression_W,R1,all_post_onset,9,774378,466183,0.6020096128763989
DS05,lstm_autoencoder,1,0.02,quantile_regression_W,R1,all_post_onset,10,205662,143641,0.6984323793408602
DS05,lstm_autoencoder,1,0.02,quantile_regression_W,R1,all_post_onset,all,1758087,1127868,0.6415313917911912
DS05,lstm_autoencoder,1,0.02,quantile_regression_W,R1,early_first_10,7,84909,1372,0.016158475544406366
DS05,lstm_autoencoder,1,0.02,quantile_regression_W,R1,early_first_10,8,41129,2218,0.053927885433635636
DS05,lstm_autoencoder,1,0.02,quantile_regression_W,R1,early_first_10,9,152374,10176,0.06678304697651831
DS05,lstm_autoencoder,1,0.02,quantile_regression_W,R1,early_first_10,10,42742,2233,0.05224369472649853
DS05,lstm_autoencoder,1,0.02,quantile_regression_W,R1,early_first_10,all,321154,15999,0.04981722164444472
DS05,lstm_autoencoder,1,0.02,quantile_regression_W,R2,all_post_onset,7,539511,360804,0.6687611559356529
DS05,lstm_autoencoder,1,0.02,quantile_regression_W,R2,all_post_onset,8,238536,162255,0.6802117919307777
DS05,lstm_autoencoder,1,0.02,quantile_regression_W,R2,all_post_onset,9,774378,474851,0.6132031126917346
DS05,lstm_autoencoder,1,0.02,quantile_regression_W,R2,all_post_onset,10,205662,145592,0.7079188182551954
DS05,lstm_autoencoder,1,0.02,quantile_regression_W,R2,all_post_onset,all,1758087,1143502,0.650424012008507
DS05,lstm_autoencoder,1,0.02,quantile_regression_W,R2,early_first_10,7,84909,1892,0.022282679103510818
DS05,lstm_autoencoder,1,0.02,quantile_regression_W,R2,early_first_10,8,41129,2805,0.06820005349023803
DS05,lstm_autoencoder,1,0.02,quantile_regression_W,R2,early_first_10,9,152374,13022,0.0854607741478205
DS05,lstm_autoencoder,1,0.02,quantile_regression_W,R2,early_first_10,10,42742,3054,0.07145196761967151
DS05,lstm_autoencoder,1,0.02,quantile_regression_W,R2,early_first_10,all,321154,20773,0.06468236422401714
DS05,lstm_autoencoder,2,0.005,pooled,R0,all_post_onset,7,539511,335056,0.6210364570879926
DS05,lstm_autoencoder,2,0.005,pooled,R0,all_post_onset,8,238536,147377,0.6178396552302378
DS05,lstm_autoencoder,2,0.005,pooled,R0,all_post_onset,9,774378,423726,0.5471823837970603
DS05,lstm_autoencoder,2,0.005,pooled,R0,all_post_onset,10,205662,130456,0.6343223347045152
DS05,lstm_autoencoder,2,0.005,pooled,R0,all_post_onset,all,1758087,1036615,0.5896266794532922
DS05,lstm_autoencoder,2,0.005,pooled,R0,early_first_10,7,84909,467,0.005500005888657268
DS05,lstm_autoencoder,2,0.005,pooled,R0,early_first_10,8,41129,199,0.004838435167400131
DS05,lstm_autoencoder,2,0.005,pooled,R0,early_first_10,9,152374,1744,0.011445522201950465
DS05,lstm_autoencoder,2,0.005,pooled,R0,early_first_10,10,42742,580,0.013569790838051566
DS05,lstm_autoencoder,2,0.005,pooled,R0,early_first_10,all,321154,2990,0.009310175180754405
DS05,lstm_autoencoder,2,0.005,pooled,R1,all_post_onset,7,539511,332502,0.6163025406340186
DS05,lstm_autoencoder,2,0.005,pooled,R1,all_post_onset,8,238536,145665,0.6106625415031693
DS05,lstm_autoencoder,2,0.005,pooled,R1,all_post_onset,9,774378,419101,0.5412098484202805
DS05,lstm_autoencoder,2,0.005,pooled,R1,all_post_onset,10,205662,128761,0.6260806566113332
DS05,lstm_autoencoder,2,0.005,pooled,R1,all_post_onset,all,1758087,1026029,0.5836053619644535
DS05,lstm_autoencoder,2,0.005,pooled,R1,early_first_10,7,84909,290,0.0034154212156544063
DS05,lstm_autoencoder,2,0.005,pooled,R1,early_first_10,8,41129,40,0.0009725497823919862
DS05,lstm_autoencoder,2,0.005,pooled,R1,early_first_10,9,152374,1041,0.006831874204260569
DS05,lstm_autoencoder,2,0.005,pooled,R1,early_first_10,10,42742,297,0.006948668756726405
DS05,lstm_autoencoder,2,0.005,pooled,R1,early_first_10,all,321154,1668,0.005193769967056303
DS05,lstm_autoencoder,2,0.005,pooled,R2,all_post_onset,7,539511,334408,0.619835369436397
DS05,lstm_autoencoder,2,0.005,pooled,R2,all_post_onset,8,238536,146959,0.6160872991917362
DS05,lstm_autoencoder,2,0.005,pooled,R2,all_post_onset,9,774378,422879,0.5460886027237344
DS05,lstm_autoencoder,2,0.005,pooled,R2,all_post_onset,10,205662,130114,0.6326594120450059
DS05,lstm_autoencoder,2,0.005,pooled,R2,all_post_onset,all,1758087,1034360,0.5883440353065577
DS05,lstm_autoencoder,2,0.005,pooled,R2,early_first_10,7,84909,399,0.004699148500158993
DS05,lstm_autoencoder,2,0.005,pooled,R2,early_first_10,8,41129,96,0.002334119477740767
DS05,lstm_autoencoder,2,0.005,pooled,R2,early_first_10,9,152374,1475,0.009680129155892737
DS05,lstm_autoencoder,2,0.005,pooled,R2,early_first_10,10,42742,432,0.010107154555238407
DS05,lstm_autoencoder,2,0.005,pooled,R2,early_first_10,all,321154,2402,0.007479277854238154
DS05,lstm_autoencoder,2,0.005,phase_conditioned,R0,all_post_onset,7,539511,332505,0.6163081012249982
DS05,lstm_autoencoder,2,0.005,phase_conditioned,R0,all_post_onset,8,238536,146955,0.61607053023443
DS05,lstm_autoencoder,2,0.005,phase_conditioned,R0,all_post_onset,9,774378,425933,0.5500324131109097
DS05,lstm_autoencoder,2,0.005,phase_conditioned,R0,all_post_onset,10,205662,127702,0.6209314311832035
DS05,lstm_autoencoder,2,0.005,phase_conditioned,R0,all_post_onset,all,1758087,1033095,0.5876245032242432
DS05,lstm_autoencoder,2,0.005,phase_conditioned,R0,early_first_10,7,84909,504,0.005935766526516624
DS05,lstm_autoencoder,2,0.005,phase_conditioned,R0,early_first_10,8,41129,226,0.005494906270514722
DS05,lstm_autoencoder,2,0.005,phase_conditioned,R0,early_first_10,9,152374,1715,0.011255201018546471
DS05,lstm_autoencoder,2,0.005,phase_conditioned,R0,early_first_10,10,42742,578,0.013522998455851388
DS05,lstm_autoencoder,2,0.005,phase_conditioned,R0,early_first_10,all,321154,3023,0.009412929622548683
DS05,lstm_autoencoder,2,0.005,phase_conditioned,R1,all_post_onset,7,539511,330234,0.6120987338534339
DS05,lstm_autoencoder,2,0.005,phase_conditioned,R1,all_post_onset,8,238536,145498,0.6099624375356341
DS05,lstm_autoencoder,2,0.005,phase_conditioned,R1,all_post_onset,9,774378,420113,0.54251670372867
DS05,lstm_autoencoder,2,0.005,phase_conditioned,R1,all_post_onset,10,205662,125875,0.6120479232916144
DS05,lstm_autoencoder,2,0.005,phase_conditioned,R1,all_post_onset,all,1758087,1021720,0.5811544024840637
DS05,lstm_autoencoder,2,0.005,phase_conditioned,R1,early_first_10,7,84909,298,0.003509639731948321
DS05,lstm_autoencoder,2,0.005,phase_conditioned,R1,early_first_10,8,41129,84,0.002042354543023171
DS05,lstm_autoencoder,2,0.005,phase_conditioned,R1,early_first_10,9,152374,990,0.006497171433446651
DS05,lstm_autoencoder,2,0.005,phase_conditioned,R1,early_first_10,10,42742,297,0.006948668756726405
DS05,lstm_autoencoder,2,0.005,phase_conditioned,R1,early_first_10,all,321154,1669,0.005196883738019766
DS05,lstm_autoencoder,2,0.005,phase_conditioned,R2,all_post_onset,7,539511,331841,0.615077357088178
DS05,lstm_autoencoder,2,0.005,phase_conditioned,R2,all_post_onset,8,238536,146568,0.6144481336150518
DS05,lstm_autoencoder,2,0.005,phase_conditioned,R2,all_post_onset,9,774378,425011,0.5488417801125548
DS05,lstm_autoencoder,2,0.005,phase_conditioned,R2,all_post_onset,10,205662,127320,0.619074014645389
DS05,lstm_autoencoder,2,0.005,phase_conditioned,R2,all_post_onset,all,1758087,1030740,0.5862849790710016
DS05,lstm_autoencoder,2,0.005,phase_conditioned,R2,early_first_10,7,84909,415,0.004887585532746823
DS05,lstm_autoencoder,2,0.005,phase_conditioned,R2,early_first_10,8,41129,152,0.0036956891730895477
DS05,lstm_autoencoder,2,0.005,phase_conditioned,R2,early_first_10,9,152374,1445,0.009483245173061022
DS05,lstm_autoencoder,2,0.005,phase_conditioned,R2,early_first_10,10,42742,419,0.009803004070937251
DS05,lstm_autoencoder,2,0.005,phase_conditioned,R2,early_first_10,all,321154,2431,0.007569577212178581
DS05,lstm_autoencoder,2,0.005,quantile_regression_W,R0,all_post_onset,7,539511,326025,0.6042972247090421
DS05,lstm_autoencoder,2,0.005,quantile_regression_W,R0,all_post_onset,8,238536,143351,0.6009616997015126
DS05,lstm_autoencoder,2,0.005,quantile_regression_W,R0,all_post_onset,9,774378,417936,0.5397054151848322
DS05,lstm_autoencoder,2,0.005,quantile_regression_W,R0,all_post_onset,10,205662,125854,0.6119458140055042
DS05,lstm_autoencoder,2,0.005,quantile_regression_W,R0,all_post_onset,all,1758087,1013166,0.5762888867274486
DS05,lstm_autoencoder,2,0.005,quantile_regression_W,R0,early_first_10,7,84909,706,0.00831478406293797
DS05,lstm_autoencoder,2,0.005,quantile_regression_W,R0,early_first_10,8,41129,903,0.02195531133749909
DS05,lstm_autoencoder,2,0.005,quantile_regression_W,R0,early_first_10,9,152374,4345,0.0285153635134603
DS05,lstm_autoencoder,2,0.005,quantile_regression_W,R0,early_first_10,10,42742,800,0.018716952880071126
DS05,lstm_autoencoder,2,0.005,quantile_regression_W,R0,early_first_10,all,321154,6754,0.02103040908722918
DS05,lstm_autoencoder,2,0.005,quantile_regression_W,R1,all_post_onset,7,539511,323501,0.5996189141648641
DS05,lstm_autoencoder,2,0.005,quantile_regression_W,R1,all_post_onset,8,238536,141677,0.5939438910688534
DS05,lstm_autoencoder,2,0.005,quantile_regression_W,R1,all_post_onset,9,774378,411867,0.5318681574114967
DS05,lstm_autoencoder,2,0.005,quantile_regression_W,R1,all_post_onset,10,205662,124455,0.6051433906117805
DS05,lstm_autoencoder,2,0.005,quantile_regression_W,R1,all_post_onset,all,1758087,1001500,0.5696532651683336
DS05,lstm_autoencoder,2,0.005,quantile_regression_W,R1,early_first_10,7,84909,378,0.004451824894887468
DS05,lstm_autoencoder,2,0.005,quantile_regression_W,R1,early_first_10,8,41129,611,0.01485569792603759
DS05,lstm_autoencoder,2,0.005,quantile_regression_W,R1,early_first_10,9,152374,3055,0.020049352251696483
DS05,lstm_autoencoder,2,0.005,quantile_regression_W,R1,early_first_10,10,42742,433,0.010130550746338497
DS05,lstm_autoencoder,2,0.005,quantile_regression_W,R1,early_first_10,all,321154,4477,0.013940352603423902
DS05,lstm_autoencoder,2,0.005,quantile_regression_W,R2,all_post_onset,7,539511,325277,0.6029107840247928
DS05,lstm_autoencoder,2,0.005,quantile_regression_W,R2,all_post_onset,8,238536,143090,0.5998675252372807
DS05,lstm_autoencoder,2,0.005,quantile_regression_W,R2,all_post_onset,9,774378,416620,0.5380059867403257
DS05,lstm_autoencoder,2,0.005,quantile_regression_W,R2,all_post_onset,10,205662,125502,0.6102342678764185
DS05,lstm_autoencoder,2,0.005,quantile_regression_W,R2,all_post_onset,all,1758087,1010489,0.5747662089532543
DS05,lstm_autoencoder,2,0.005,quantile_regression_W,R2,early_first_10,7,84909,523,0.006159535502714671
DS05,lstm_autoencoder,2,0.005,quantile_regression_W,R2,early_first_10,8,41129,799,0.019426681903279924
DS05,lstm_autoencoder,2,0.005,quantile_regression_W,R2,early_first_10,9,152374,3856,0.02530615459330332
DS05,lstm_autoencoder,2,0.005,quantile_regression_W,R2,early_first_10,10,42742,679,0.015886013756960367
DS05,lstm_autoencoder,2,0.005,quantile_regression_W,R2,early_first_10,all,321154,5857,0.018237356533002857
DS05,lstm_autoencoder,2,0.01,pooled,R0,all_post_onset,7,539511,365650,0.6777433638980485
DS05,lstm_autoencoder,2,0.01,pooled,R0,all_post_onset,8,238536,165076,0.6920380990709998
DS05,lstm_autoencoder,2,0.01,pooled,R0,all_post_onset,9,774378,465725,0.6014181704542226
DS05,lstm_autoencoder,2,0.01,pooled,R0,all_post_onset,10,205662,149490,0.7268722466960352
DS05,lstm_autoencoder,2,0.01,pooled,R0,all_post_onset,all,1758087,1145941,0.6518113153672145
DS05,lstm_autoencoder,2,0.01,pooled,R0,early_first_10,7,84909,1068,0.012578171925237608
DS05,lstm_autoencoder,2,0.01,pooled,R0,early_first_10,8,41129,837,0.02035060419655231
DS05,lstm_autoencoder,2,0.01,pooled,R0,early_first_10,9,152374,3825,0.02510270781104388
DS05,lstm_autoencoder,2,0.01,pooled,R0,early_first_10,10,42742,2512,0.058771232043423334
DS05,lstm_autoencoder,2,0.01,pooled,R0,early_first_10,all,321154,8242,0.02566370028086214
DS05,lstm_autoencoder,2,0.01,pooled,R1,all_post_onset,7,539511,362721,0.6723143735716232
DS05,lstm_autoencoder,2,0.01,pooled,R1,all_post_onset,8,238536,162670,0.6819515712512996
DS05,lstm_autoencoder,2,0.01,pooled,R1,all_post_onset,9,774378,459100,0.5928629170766732
DS05,lstm_autoencoder,2,0.01,pooled,R1,all_post_onset,10,205662,147544,0.7174101195164883
DS05,lstm_autoencoder,2,0.01,pooled,R1,all_post_onset,all,1758087,1132035,0.6439015816623409
DS05,lstm_autoencoder,2,0.01,pooled,R1,early_first_10,7,84909,541,0.006371527164375979
DS05,lstm_autoencoder,2,0.01,pooled,R1,early_first_10,8,41129,342,0.008315300639451483
DS05,lstm_autoencoder,2,0.01,pooled,R1,early_first_10,9,152374,2145,0.014077204772467744
DS05,lstm_autoencoder,2,0.01,pooled,R1,early_first_10,10,42742,1600,0.03743390576014225
DS05,lstm_autoencoder,2,0.01,pooled,R1,early_first_10,all,321154,4628,0.014410532018906817
DS05,lstm_autoencoder,2,0.01,pooled,R2,all_post_onset,7,539511,364850,0.6762605396368193
DS05,lstm_autoencoder,2,0.01,pooled,R2,all_post_onset,8,238536,164468,0.6894892175604521
DS05,lstm_autoencoder,2,0.01,pooled,R2,all_post_onset,9,774378,463552,0.5986120473463864
DS05,lstm_autoencoder,2,0.01,pooled,R2,all_post_onset,10,205662,149107,0.7250099678112631
DS05,lstm_autoencoder,2,0.01,pooled,R2,all_post_onset,all,1758087,1141977,0.6495565919092741
DS05,lstm_autoencoder,2,0.01,pooled,R2,early_first_10,7,84909,763,0.00898609099153211
DS05,lstm_autoencoder,2,0.01,pooled,R2,early_first_10,8,41129,546,0.013275304529650611
DS05,lstm_autoencoder,2,0.01,pooled,R2,early_first_10,9,152374,2973,0.019511202698623123
DS05,lstm_autoencoder,2,0.01,pooled,R2,early_first_10,10,42742,2239,0.05238407187309906
DS05,lstm_autoencoder,2,0.01,pooled,R2,early_first_10,all,321154,6521,0.0203049004527423
DS05,lstm_autoencoder,2,0.01,phase_conditioned,R0,all_post_onset,7,539511,364272,0.6751891991080812
DS05,lstm_autoencoder,2,0.01,phase_conditioned,R0,all_post_onset,8,238536,164665,0.6903150887077841
DS05,lstm_autoencoder,2,0.01,phase_conditioned,R0,all_post_onset,9,774378,468102,0.6044877307981373
DS05,lstm_autoencoder,2,0.01,phase_conditioned,R0,all_post_onset,10,205662,148617,0.7226274178020247
DS05,lstm_autoencoder,2,0.01,phase_conditioned,R0,all_post_onset,all,1758087,1145656,0.6516492073486693
DS05,lstm_autoencoder,2,0.01,phase_conditioned,R0,early_first_10,7,84909,1121,0.013202369595684792
DS05,lstm_autoencoder,2,0.01,phase_conditioned,R0,early_first_10,8,41129,900,0.02188237010381969
DS05,lstm_autoencoder,2,0.01,phase_conditioned,R0,early_first_10,9,152374,4030,0.026448081693727275
DS05,lstm_autoencoder,2,0.01,phase_conditioned,R0,early_first_10,10,42742,3370,0.07884516400729961
DS05,lstm_autoencoder,2,0.01,phase_conditioned,R0,early_first_10,all,321154,9421,0.029334836246785033
DS05,lstm_autoencoder,2,0.01,phase_conditioned,R1,all_post_onset,7,539511,361533,0.670112379543698
DS05,lstm_autoencoder,2,0.01,phase_conditioned,R1,all_post_onset,8,238536,162369,0.6806897072140055
DS05,lstm_autoencoder,2,0.01,phase_conditioned,R1,all_post_onset,9,774378,460211,0.5942976169261007
DS05,lstm_autoencoder,2,0.01,phase_conditioned,R1,all_post_onset,10,205662,146679,0.7132041893981387
DS05,lstm_autoencoder,2,0.01,phase_conditioned,R1,all_post_onset,all,1758087,1130792,0.6431945631814581
DS05,lstm_autoencoder,2,0.01,phase_conditioned,R1,early_first_10,7,84909,574,0.006760178544088377
DS05,lstm_autoencoder,2,0.01,phase_conditioned,R1,early_first_10,8,41129,365,0.008874516764326873
DS05,lstm_autoencoder,2,0.01,phase_conditioned,R1,early_first_10,9,152374,2100,0.01378187879822017
DS05,lstm_autoencoder,2,0.01,phase_conditioned,R1,early_first_10,10,42742,2492,0.05830330822142155
DS05,lstm_autoencoder,2,0.01,phase_conditioned,R1,early_first_10,all,321154,5531,0.017222267198913916
DS05,lstm_autoencoder,2,0.01,phase_conditioned,R2,all_post_onset,7,539511,363342,0.6734654159044023
DS05,lstm_autoencoder,2,0.01,phase_conditioned,R2,all_post_onset,8,238536,164102,0.6879548579669316
DS05,lstm_autoencoder,2,0.01,phase_conditioned,R2,all_post_onset,9,774378,465325,0.6009016268540687
DS05,lstm_autoencoder,2,0.01,phase_conditioned,R2,all_post_onset,10,205662,148172,0.7204636734058796
DS05,lstm_autoencoder,2,0.01,phase_conditioned,R2,all_post_onset,all,1758087,1140941,0.6489673150418609
DS05,lstm_autoencoder,2,0.01,phase_conditioned,R2,early_first_10,7,84909,789,0.009292301169487333
DS05,lstm_autoencoder,2,0.01,phase_conditioned,R2,early_first_10,8,41129,633,0.015390600306353181
DS05,lstm_autoencoder,2,0.01,phase_conditioned,R2,early_first_10,9,152374,3109,0.020403743420793572
DS05,lstm_autoencoder,2,0.01,phase_conditioned,R2,early_first_10,10,42742,3081,0.07208366477937392
DS05,lstm_autoencoder,2,0.01,phase_conditioned,R2,early_first_10,all,321154,7612,0.023702024573880445
DS05,lstm_autoencoder,2,0.01,quantile_regression_W,R0,all_post_onset,7,539511,347475,0.6440554502132486
DS05,lstm_autoencoder,2,0.01,quantile_regression_W,R0,all_post_onset,8,238536,154530,0.647826743133112
DS05,lstm_autoencoder,2,0.01,quantile_regression_W,R0,all_post_onset,9,774378,456051,0.5889255634844999
DS05,lstm_autoencoder,2,0.01,quantile_regression_W,R0,all_post_onset,10,205662,138182,0.6718888272991608
DS05,lstm_autoencoder,2,0.01,quantile_regression_W,R0,all_post_onset,all,1758087,1096238,0.6235402457330042
DS05,lstm_autoencoder,2,0.01,quantile_regression_W,R0,early_first_10,7,84909,1364,0.01606425702811245
DS05,lstm_autoencoder,2,0.01,quantile_regression_W,R0,early_first_10,8,41129,1769,0.043011014126285586
DS05,lstm_autoencoder,2,0.01,quantile_regression_W,R0,early_first_10,9,152374,8998,0.05905206925065956
DS05,lstm_autoencoder,2,0.01,quantile_regression_W,R0,early_first_10,10,42742,2011,0.04704974030227879
DS05,lstm_autoencoder,2,0.01,quantile_regression_W,R0,early_first_10,all,321154,14142,0.04403494896529391
DS05,lstm_autoencoder,2,0.01,quantile_regression_W,R1,all_post_onset,7,539511,344406,0.6383669656411083
DS05,lstm_autoencoder,2,0.01,quantile_regression_W,R1,all_post_onset,8,238536,152792,0.640540631183553
DS05,lstm_autoencoder,2,0.01,quantile_regression_W,R1,all_post_onset,9,774378,447638,0.5780613602142622
DS05,lstm_autoencoder,2,0.01,quantile_regression_W,R1,all_post_onset,10,205662,136320,0.6628351372640546
DS05,lstm_autoencoder,2,0.01,quantile_regression_W,R1,all_post_onset,all,1758087,1081156,0.6149616031516074
DS05,lstm_autoencoder,2,0.01,quantile_regression_W,R1,early_first_10,7,84909,729,0.008585662297282973
DS05,lstm_autoencoder,2,0.01,quantile_regression_W,R1,early_first_10,8,41129,1333,0.03241022149821294
DS05,lstm_autoencoder,2,0.01,quantile_regression_W,R1,early_first_10,9,152374,6691,0.04391169097090055
DS05,lstm_autoencoder,2,0.01,quantile_regression_W,R1,early_first_10,10,42742,1302,0.030461840812315753
DS05,lstm_autoencoder,2,0.01,quantile_regression_W,R1,early_first_10,all,321154,10055,0.03130896703762058
DS05,lstm_autoencoder,2,0.01,quantile_regression_W,R2,all_post_onset,7,539511,346791,0.6427876354698977
DS05,lstm_autoencoder,2,0.01,quantile_regression_W,R2,all_post_onset,8,238536,154088,0.645973773350773
DS05,lstm_autoencoder,2,0.01,quantile_regression_W,R2,all_post_onset,9,774378,454068,0.5863647985867367
DS05,lstm_autoencoder,2,0.01,quantile_regression_W,R2,all_post_onset,10,205662,137760,0.6698369168830411
DS05,lstm_autoencoder,2,0.01,quantile_regression_W,R2,all_post_onset,all,1758087,1092707,0.6215318127032394
DS05,lstm_autoencoder,2,0.01,quantile_regression_W,R2,early_first_10,7,84909,1081,0.012731277014215218
DS05,lstm_autoencoder,2,0.01,quantile_regression_W,R2,early_first_10,8,41129,1590,0.03865885385008145
DS05,lstm_autoencoder,2,0.01,quantile_regression_W,R2,early_first_10,9,152374,8236,0.05405121608673396
DS05,lstm_autoencoder,2,0.01,quantile_regression_W,R2,early_first_10,10,42742,1798,0.04206635159795985
DS05,lstm_autoencoder,2,0.01,quantile_regression_W,R2,early_first_10,all,321154,12705,0.03956046009079756
DS05,lstm_autoencoder,2,0.02,pooled,R0,all_post_onset,7,539511,381842,0.7077557269453264
DS05,lstm_autoencoder,2,0.02,pooled,R0,all_post_onset,8,238536,180128,0.7551396854143609
DS05,lstm_autoencoder,2,0.02,pooled,R0,all_post_onset,9,774378,505464,0.6527354857705152
DS05,lstm_autoencoder,2,0.02,pooled,R0,all_post_onset,10,205662,162512,0.7901897287782867
DS05,lstm_autoencoder,2,0.02,pooled,R0,all_post_onset,all,1758087,1229946,0.6995933648334809
DS05,lstm_autoencoder,2,0.02,pooled,R0,early_first_10,7,84909,2270,0.026734503998398284
DS05,lstm_autoencoder,2,0.02,pooled,R0,early_first_10,8,41129,2637,0.06411534440419168
DS05,lstm_autoencoder,2,0.02,pooled,R0,early_first_10,9,152374,8186,0.05372307611534776
DS05,lstm_autoencoder,2,0.02,pooled,R0,early_first_10,10,42742,8105,0.18962612886622057
DS05,lstm_autoencoder,2,0.02,pooled,R0,early_first_10,all,321154,21198,0.06600571688348891
DS05,lstm_autoencoder,2,0.02,pooled,R1,all_post_onset,7,539511,377954,0.7005492010357528
DS05,lstm_autoencoder,2,0.02,pooled,R1,all_post_onset,8,238536,176880,0.7415232920816983
DS05,lstm_autoencoder,2,0.02,pooled,R1,all_post_onset,9,774378,495309,0.6396217351216072
DS05,lstm_autoencoder,2,0.02,pooled,R1,all_post_onset,10,205662,160318,0.7795217395532476
DS05,lstm_autoencoder,2,0.02,pooled,R1,all_post_onset,all,1758087,1210461,0.6885102955655779
DS05,lstm_autoencoder,2,0.02,pooled,R1,early_first_10,7,84909,1124,0.01323770153929501
DS05,lstm_autoencoder,2,0.02,pooled,R1,early_first_10,8,41129,1422,0.03457414476403511
DS05,lstm_autoencoder,2,0.02,pooled,R1,early_first_10,9,152374,4817,0.031613004843345976
DS05,lstm_autoencoder,2,0.02,pooled,R1,early_first_10,10,42742,6711,0.15701183847269665
DS05,lstm_autoencoder,2,0.02,pooled,R1,early_first_10,all,321154,14074,0.043823212539778424
DS05,lstm_autoencoder,2,0.02,pooled,R2,all_post_onset,7,539511,380592,0.7054388140371559
DS05,lstm_autoencoder,2,0.02,pooled,R2,all_post_onset,8,238536,179679,0.7532573699567361
DS05,lstm_autoencoder,2,0.02,pooled,R2,all_post_onset,9,774378,503339,0.6499913478946974
DS05,lstm_autoencoder,2,0.02,pooled,R2,all_post_onset,10,205662,162215,0.7887456117318707
DS05,lstm_autoencoder,2,0.02,pooled,R2,all_post_onset,all,1758087,1225825,0.6972493397653244
DS05,lstm_autoencoder,2,0.02,pooled,R2,early_first_10,7,84909,1664,0.01959745138913425
DS05,lstm_autoencoder,2,0.02,pooled,R2,early_first_10,8,41129,2288,0.05562984755282161
DS05,lstm_autoencoder,2,0.02,pooled,R2,early_first_10,9,152374,6751,0.04430545893656398
DS05,lstm_autoencoder,2,0.02,pooled,R2,early_first_10,10,42742,7866,0.18403443919329934
DS05,lstm_autoencoder,2,0.02,pooled,R2,early_first_10,all,321154,18569,0.05781961302054466
DS05,lstm_autoencoder,2,0.02,phase_conditioned,R0,all_post_onset,7,539511,381090,0.706361872139771
DS05,lstm_autoencoder,2,0.02,phase_conditioned,R0,all_post_onset,8,238536,179219,0.751328939866519
DS05,lstm_autoencoder,2,0.02,phase_conditioned,R0,all_post_onset,9,774378,509488,0.6579319143880638
DS05,lstm_autoencoder,2,0.02,phase_conditioned,R0,all_post_onset,10,205662,163127,0.7931800721572289
DS05,lstm_autoencoder,2,0.02,phase_conditioned,R0,all_post_onset,all,1758087,1232924,0.7012872514272616
DS05,lstm_autoencoder,2,0.02,phase_conditioned,R0,early_first_10,7,84909,2231,0.026275188731465452
DS05,lstm_autoencoder,2,0.02,phase_conditioned,R0,early_first_10,8,41129,3765,0.0915412482676457
DS05,lstm_autoencoder,2,0.02,phase_conditioned,R0,early_first_10,9,152374,8406,0.05516689198944702
DS05,lstm_autoencoder,2,0.02,phase_conditioned,R0,early_first_10,10,42742,9269,0.21685929530672407
DS05,lstm_autoencoder,2,0.02,phase_conditioned,R0,early_first_10,all,321154,23671,0.07370607247613295
DS05,lstm_autoencoder,2,0.02,phase_conditioned,R1,all_post_onset,7,539511,377536,0.6997744253592605
DS05,lstm_autoencoder,2,0.02,phase_conditioned,R1,all_post_onset,8,238536,176286,0.7390331019217226
DS05,lstm_autoencoder,2,0.02,phase_conditioned,R1,all_post_onset,9,774378,499984,0.6456588384484063
DS05,lstm_autoencoder,2,0.02,phase_conditioned,R1,all_post_onset,10,205662,160849,0.7821036457877488
DS05,lstm_autoencoder,2,0.02,phase_conditioned,R1,all_post_onset,all,1758087,1214655,0.6908958430384844
DS05,lstm_autoencoder,2,0.02,phase_conditioned,R1,early_first_10,7,84909,1225,0.014427210307505682
DS05,lstm_autoencoder,2,0.02,phase_conditioned,R1,early_first_10,8,41129,2670,0.06491769797466508
DS05,lstm_autoencoder,2,0.02,phase_conditioned,R1,early_first_10,9,152374,5023,0.0329649415254571
DS05,lstm_autoencoder,2,0.02,phase_conditioned,R1,early_first_10,10,42742,7904,0.1849234944551027
DS05,lstm_autoencoder,2,0.02,phase_conditioned,R1,early_first_10,all,321154,16822,0.05237985514737478
DS05,lstm_autoencoder,2,0.02,phase_conditioned,R2,all_post_onset,7,539511,379917,0.7041876810667438
DS05,lstm_autoencoder,2,0.02,phase_conditioned,R2,all_post_onset,8,238536,178690,0.7491112452627695
DS05,lstm_autoencoder,2,0.02,phase_conditioned,R2,all_post_onset,9,774378,507098,0.654845566377144
DS05,lstm_autoencoder,2,0.02,phase_conditioned,R2,all_post_onset,10,205662,162912,0.7921346675613385
DS05,lstm_autoencoder,2,0.02,phase_conditioned,R2,all_post_onset,all,1758087,1228617,0.6988374295470019
DS05,lstm_autoencoder,2,0.02,phase_conditioned,R2,early_first_10,7,84909,1639,0.019303018525715768
DS05,lstm_autoencoder,2,0.02,phase_conditioned,R2,early_first_10,8,41129,3401,0.08269104524787863
DS05,lstm_autoencoder,2,0.02,phase_conditioned,R2,early_first_10,9,152374,6877,0.04513237166445719
DS05,lstm_autoencoder,2,0.02,phase_conditioned,R2,early_first_10,10,42742,9081,0.21246081137990735
DS05,lstm_autoencoder,2,0.02,phase_conditioned,R2,early_first_10,all,321154,20998,0.06538296269079631
DS05,lstm_autoencoder,2,0.02,quantile_regression_W,R0,all_post_onset,7,539511,373208,0.6917523461060108
DS05,lstm_autoencoder,2,0.02,quantile_regression_W,R0,all_post_onset,8,238536,172111,0.7215305027333401
DS05,lstm_autoencoder,2,0.02,quantile_regression_W,R0,all_post_onset,9,774378,511605,0.6606657213918784
DS05,lstm_autoencoder,2,0.02,quantile_regression_W,R0,all_post_onset,10,205662,157603,0.7663204675632834
DS05,lstm_autoencoder,2,0.02,quantile_regression_W,R0,all_post_onset,all,1758087,1214527,0.6908230366301554
DS05,lstm_autoencoder,2,0.02,quantile_regression_W,R0,early_first_10,7,84909,2996,0.03528483435207104
DS05,lstm_autoencoder,2,0.02,quantile_regression_W,R0,early_first_10,8,41129,3610,0.08777261786087676
DS05,lstm_autoencoder,2,0.02,quantile_regression_W,R0,early_first_10,9,152374,18096,0.1187604184440915
DS05,lstm_autoencoder,2,0.02,quantile_regression_W,R0,early_first_10,10,42742,5421,0.12683075195358195
DS05,lstm_autoencoder,2,0.02,quantile_regression_W,R0,early_first_10,all,321154,30123,0.09379612273239629
DS05,lstm_autoencoder,2,0.02,quantile_regression_W,R1,all_post_onset,7,539511,369631,0.6851222681279899
DS05,lstm_autoencoder,2,0.02,quantile_regression_W,R1,all_post_onset,8,238536,169604,0.7110205587416575
DS05,lstm_autoencoder,2,0.02,quantile_regression_W,R1,all_post_onset,9,774378,501825,0.6480362303681148
DS05,lstm_autoencoder,2,0.02,quantile_regression_W,R1,all_post_onset,10,205662,155383,0.7555260573173459
DS05,lstm_autoencoder,2,0.02,quantile_regression_W,R1,all_post_onset,all,1758087,1196443,0.6805368562534163
DS05,lstm_autoencoder,2,0.02,quantile_regression_W,R1,early_first_10,7,84909,1687,0.019868329623479255
DS05,lstm_autoencoder,2,0.02,quantile_regression_W,R1,early_first_10,8,41129,2752,0.06691142502856864
DS05,lstm_autoencoder,2,0.02,quantile_regression_W,R1,early_first_10,9,152374,13567,0.08903749983593001
DS05,lstm_autoencoder,2,0.02,quantile_regression_W,R1,early_first_10,10,42742,4313,0.10090777221468344
DS05,lstm_autoencoder,2,0.02,quantile_regression_W,R1,early_first_10,all,321154,22319,0.06949625413353096
DS05,lstm_autoencoder,2,0.02,quantile_regression_W,R2,all_post_onset,7,539511,372199,0.6898821340065355
DS05,lstm_autoencoder,2,0.02,quantile_regression_W,R2,all_post_onset,8,238536,171590,0.719346346044203
DS05,lstm_autoencoder,2,0.02,quantile_regression_W,R2,all_post_onset,9,774378,509690,0.6581927689061414
DS05,lstm_autoencoder,2,0.02,quantile_regression_W,R2,all_post_onset,10,205662,157297,0.7648325893942488
DS05,lstm_autoencoder,2,0.02,quantile_regression_W,R2,all_post_onset,all,1758087,1210776,0.6886894675860751
DS05,lstm_autoencoder,2,0.02,quantile_regression_W,R2,early_first_10,7,84909,2518,0.02965527800350964
DS05,lstm_autoencoder,2,0.02,quantile_regression_W,R2,early_first_10,8,41129,3333,0.08103771061781224
DS05,lstm_autoencoder,2,0.02,quantile_regression_W,R2,early_first_10,9,152374,16793,0.11020909078976729
DS05,lstm_autoencoder,2,0.02,quantile_regression_W,R2,early_first_10,10,42742,5183,0.1212624584717608
DS05,lstm_autoencoder,2,0.02,quantile_regression_W,R2,early_first_10,all,321154,27827,0.08664690460028522
DS05,cvae,0,0.005,pooled,R0,all_post_onset,7,539511,215452,0.39934681591292853
DS05,cvae,0,0.005,pooled,R0,all_post_onset,8,238536,102200,0.42844685917429653
DS05,cvae,0,0.005,pooled,R0,all_post_onset,9,774378,316433,0.4086286025687713
DS05,cvae,0,0.005,pooled,R0,all_post_onset,10,205662,87596,0.42592214410051443
DS05,cvae,0,0.005,pooled,R0,all_post_onset,all,1758087,721681,0.41049219976030765
DS05,cvae,0,0.005,pooled,R0,early_first_10,7,84909,647,0.0076199225052703485
DS05,cvae,0,0.005,pooled,R0,early_first_10,8,41129,66,0.0016047071409467772
DS05,cvae,0,0.005,pooled,R0,early_first_10,9,152374,2042,0.013401236431412182
DS05,cvae,0,0.005,pooled,R0,early_first_10,10,42742,68,0.0015909409948060456
DS05,cvae,0,0.005,pooled,R0,early_first_10,all,321154,2823,0.008790175429856082
DS05,cvae,0,0.005,pooled,R1,all_post_onset,7,539511,209839,0.3889429501900795
DS05,cvae,0,0.005,pooled,R1,all_post_onset,8,238536,99499,0.41712362075326154
DS05,cvae,0,0.005,pooled,R1,all_post_onset,9,774378,308782,0.39874841485682705
DS05,cvae,0,0.005,pooled,R1,all_post_onset,10,205662,85435,0.4154146123250771
DS05,cvae,0,0.005,pooled,R1,all_post_onset,all,1758087,703555,0.40018212978083567
DS05,cvae,0,0.005,pooled,R1,early_first_10,7,84909,411,0.004840476274599866
DS05,cvae,0,0.005,pooled,R1,early_first_10,8,41129,0,0.0
DS05,cvae,0,0.005,pooled,R1,early_first_10,9,152374,1068,0.007009069788809114
DS05,cvae,0,0.005,pooled,R1,early_first_10,10,42742,5,0.00011698095550044452
DS05,cvae,0,0.005,pooled,R1,early_first_10,all,321154,1484,0.004620836109779109
DS05,cvae,0,0.005,pooled,R2,all_post_onset,7,539511,215394,0.3992393111539895
DS05,cvae,0,0.005,pooled,R2,all_post_onset,8,238536,102116,0.4280947110708656
DS05,cvae,0,0.005,pooled,R2,all_post_onset,9,774378,315723,0.4077117376784981
DS05,cvae,0,0.005,pooled,R2,all_post_onset,10,205662,87408,0.4250080228724801
DS05,cvae,0,0.005,pooled,R2,all_post_onset,all,1758087,720641,0.4099006476926341
DS05,cvae,0,0.005,pooled,R2,early_first_10,7,84909,564,0.006642405398720984
DS05,cvae,0,0.005,pooled,R2,early_first_10,8,41129,4,9.725497823919862e-05
DS05,cvae,0,0.005,pooled,R2,early_first_10,9,152374,1578,0.010356097496948298
DS05,cvae,0,0.005,pooled,R2,early_first_10,10,42742,16,0.0003743390576014225
DS05,cvae,0,0.005,pooled,R2,early_first_10,all,321154,2162,0.006731972823007031
DS05,cvae,0,0.005,phase_conditioned,R0,all_post_onset,7,539511,216737,0.4017286023825279
DS05,cvae,0,0.005,phase_conditioned,R0,all_post_onset,8,238536,105136,0.4407552738370728
DS05,cvae,0,0.005,phase_conditioned,R0,all_post_onset,9,774378,329875,0.42598705025194417
DS05,cvae,0,0.005,phase_conditioned,R0,all_post_onset,10,205662,90017,0.4376938860849355
DS05,cvae,0,0.005,phase_conditioned,R0,all_post_onset,all,1758087,741765,0.42191598026718813
DS05,cvae,0,0.005,phase_conditioned,R0,early_first_10,7,84909,556,0.006548186882427069
DS05,cvae,0,0.005,phase_conditioned,R0,early_first_10,8,41129,70,0.0017019621191859758
DS05,cvae,0,0.005,phase_conditioned,R0,early_first_10,9,152374,2363,0.015507895047711552
DS05,cvae,0,0.005,phase_conditioned,R0,early_first_10,10,42742,82,0.0019184876702072902
DS05,cvae,0,0.005,phase_conditioned,R0,early_first_10,all,321154,3071,0.009562390628794909
DS05,cvae,0,0.005,phase_conditioned,R1,all_post_onset,7,539511,212288,0.3934822459597673
DS05,cvae,0,0.005,phase_conditioned,R1,all_post_onset,8,238536,103042,0.43197672468725895
DS05,cvae,0,0.005,phase_conditioned,R1,all_post_onset,9,774378,321849,0.41562260291485553
DS05,cvae,0,0.005,phase_conditioned,R1,all_post_onset,10,205662,87994,0.427857358189651
DS05,cvae,0,0.005,phase_conditioned,R1,all_post_onset,all,1758087,725173,0.41247844958753466
DS05,cvae,0,0.005,phase_conditioned,R1,early_first_10,7,84909,353,0.004157392031468985
DS05,cvae,0,0.005,phase_conditioned,R1,early_first_10,8,41129,4,9.725497823919862e-05
DS05,cvae,0,0.005,phase_conditioned,R1,early_first_10,9,152374,1195,0.007842545316130049
DS05,cvae,0,0.005,phase_conditioned,R1,early_first_10,10,42742,19,0.0004445276309016892
DS05,cvae,0,0.005,phase_conditioned,R1,early_first_10,all,321154,1571,0.004891734183600391
DS05,cvae,0,0.005,phase_conditioned,R2,all_post_onset,7,539511,216394,0.4010928414805259
DS05,cvae,0,0.005,phase_conditioned,R2,all_post_onset,8,238536,104968,0.44005097763021095
DS05,cvae,0,0.005,phase_conditioned,R2,all_post_onset,9,774378,329134,0.42503015323265897
DS05,cvae,0,0.005,phase_conditioned,R2,all_post_onset,10,205662,89799,0.43663389444817224
DS05,cvae,0,0.005,phase_conditioned,R2,all_post_onset,all,1758087,740295,0.42107984417153416
DS05,cvae,0,0.005,phase_conditioned,R2,early_first_10,7,84909,471,0.005547115146804226
DS05,cvae,0,0.005,phase_conditioned,R2,early_first_10,8,41129,17,0.0004133336575165941
DS05,cvae,0,0.005,phase_conditioned,R2,early_first_10,9,152374,1890,0.012403690918398151
DS05,cvae,0,0.005,phase_conditioned,R2,early_first_10,10,42742,43,0.001006036217303823
DS05,cvae,0,0.005,phase_conditioned,R2,early_first_10,all,321154,2421,0.007538439502543951
DS05,cvae,0,0.005,quantile_regression_W,R0,all_post_onset,7,539511,231168,0.4284768985247752
DS05,cvae,0,0.005,quantile_regression_W,R0,all_post_onset,8,238536,102207,0.42847620484958243
DS05,cvae,0,0.005,quantile_regression_W,R0,all_post_onset,9,774378,340846,0.44015454984516605
DS05,cvae,0,0.005,quantile_regression_W,R0,all_post_onset,10,205662,89759,0.4364394005698671
DS05,cvae,0,0.005,quantile_regression_W,R0,all_post_onset,all,1758087,763980,0.43455187371273435
DS05,cvae,0,0.005,quantile_regression_W,R0,early_first_10,7,84909,585,0.006889729003992509
DS05,cvae,0,0.005,quantile_regression_W,R0,early_first_10,8,41129,90,0.0021882370103819687
DS05,cvae,0,0.005,quantile_regression_W,R0,early_first_10,9,152374,1521,0.009982017929568036
DS05,cvae,0,0.005,quantile_regression_W,R0,early_first_10,10,42742,79,0.0018482990969070235
DS05,cvae,0,0.005,quantile_regression_W,R0,early_first_10,all,321154,2275,0.007083828941878351
DS05,cvae,0,0.005,quantile_regression_W,R1,all_post_onset,7,539511,226237,0.41933714048462406
DS05,cvae,0,0.005,quantile_regression_W,R1,all_post_onset,8,238536,100281,0.42040195190663043
DS05,cvae,0,0.005,quantile_regression_W,R1,all_post_onset,9,774378,333330,0.4304486955982737
DS05,cvae,0,0.005,quantile_regression_W,R1,all_post_onset,10,205662,87638,0.42612636267273485
DS05,cvae,0,0.005,quantile_regression_W,R1,all_post_onset,all,1758087,747486,0.4251700854394578
DS05,cvae,0,0.005,quantile_regression_W,R1,early_first_10,7,84909,290,0.0034154212156544063
DS05,cvae,0,0.005,quantile_regression_W,R1,early_first_10,8,41129,4,9.725497823919862e-05
DS05,cvae,0,0.005,quantile_regression_W,R1,early_first_10,9,152374,612,0.00401643324976702
DS05,cvae,0,0.005,quantile_regression_W,R1,early_first_10,10,42742,4,9.358476440035563e-05
DS05,cvae,0,0.005,quantile_regression_W,R1,early_first_10,all,321154,910,0.0028335315767513405
DS05,cvae,0,0.005,quantile_regression_W,R2,all_post_onset,7,539511,230813,0.4278188952588548
DS05,cvae,0,0.005,quantile_regression_W,R2,all_post_onset,8,238536,101991,0.42757068115504576
DS05,cvae,0,0.005,quantile_regression_W,R2,all_post_onset,9,774378,340160,0.43926867757090204
DS05,cvae,0,0.005,quantile_regression_W,R2,all_post_onset,10,205662,89578,0.43555931577053614
DS05,cvae,0,0.005,quantile_regression_W,R2,all_post_onset,all,1758087,762542,0.43373393921916265
DS05,cvae,0,0.005,quantile_regression_W,R2,early_first_10,7,84909,451,0.005311568856069439
DS05,cvae,0,0.005,quantile_regression_W,R2,early_first_10,8,41129,24,0.0005835298694351918
DS05,cvae,0,0.005,quantile_regression_W,R2,early_first_10,9,152374,1005,0.006595613424862509
DS05,cvae,0,0.005,quantile_regression_W,R2,early_first_10,10,42742,19,0.0004445276309016892
DS05,cvae,0,0.005,quantile_regression_W,R2,early_first_10,all,321154,1499,0.004667542674231054
DS05,cvae,0,0.01,pooled,R0,all_post_onset,7,539511,231899,0.42983182919347335
DS05,cvae,0,0.01,pooled,R0,all_post_onset,8,238536,110318,0.46247945802729984
DS05,cvae,0,0.01,pooled,R0,all_post_onset,9,774378,345778,0.446523532435064
DS05,cvae,0,0.01,pooled,R0,all_post_onset,10,205662,95254,0.4631579971020412
DS05,cvae,0,0.01,pooled,R0,all_post_onset,all,1758087,783249,0.4455120821665822
DS05,cvae,0,0.01,pooled,R0,early_first_10,7,84909,1261,0.014851193630828298
DS05,cvae,0,0.01,pooled,R0,early_first_10,8,41129,211,0.005130200102117727
DS05,cvae,0,0.01,pooled,R0,early_first_10,9,152374,3200,0.021000958168716447
DS05,cvae,0,0.01,pooled,R0,early_first_10,10,42742,202,0.004726030602217959
DS05,cvae,0,0.01,pooled,R0,early_first_10,all,321154,4874,0.015176519675918718
DS05,cvae,0,0.01,pooled,R1,all_post_onset,7,539511,226891,0.4205493493181789
DS05,cvae,0,0.01,pooled,R1,all_post_onset,8,238536,107906,0.45236777677164036
DS05,cvae,0,0.01,pooled,R1,all_post_onset,9,774378,336007,0.4339056636423039
DS05,cvae,0,0.01,pooled,R1,all_post_onset,10,205662,92821,0.4513279069541286
DS05,cvae,0,0.01,pooled,R1,all_post_onset,all,1758087,763625,0.43434994968963425
DS05,cvae,0,0.01,pooled,R1,early_first_10,7,84909,825,0.00971628449280995
DS05,cvae,0,0.01,pooled,R1,early_first_10,8,41129,16,0.00038901991295679447
DS05,cvae,0,0.01,pooled,R1,early_first_10,9,152374,1700,0.011156759027130612
DS05,cvae,0,0.01,pooled,R1,early_first_10,10,42742,34,0.0007954704974030228
DS05,cvae,0,0.01,pooled,R1,early_first_10,all,321154,2575,0.008017960230917255
DS05,cvae,0,0.01,pooled,R2,all_post_onset,7,539511,231256,0.4286400091935104
DS05,cvae,0,0.01,pooled,R2,all_post_onset,8,238536,110000,0.4611463259214542
DS05,cvae,0,0.01,pooled,R2,all_post_onset,9,774378,344733,0.4451740622796619
DS05,cvae,0,0.01,pooled,R2,all_post_onset,10,205662,94846,0.46117415954332835
DS05,cvae,0,0.01,pooled,R2,all_post_onset,all,1758087,780835,0.4441389988095015
DS05,cvae,0,0.01,pooled,R2,early_first_10,7,84909,1095,0.012896159417729569
DS05,cvae,0,0.01,pooled,R2,early_first_10,8,41129,60,0.0014588246735879793
DS05,cvae,0,0.01,pooled,R2,early_first_10,9,152374,2611,0.017135469305787077
DS05,cvae,0,0.01,pooled,R2,early_first_10,10,42742,87,0.0020354686257077347
DS05,cvae,0,0.01,pooled,R2,early_first_10,all,321154,3853,0.011997359522222983
DS05,cvae,0,0.01,phase_conditioned,R0,all_post_onset,7,539511,237413,0.44005219541399526
DS05,cvae,0,0.01,phase_conditioned,R0,all_post_onset,8,238536,113736,0.4768085320454774
DS05,cvae,0,0.01,phase_conditioned,R0,all_post_onset,9,774378,358629,0.4631187869490094
DS05,cvae,0,0.01,phase_conditioned,R0,all_post_onset,10,205662,96759,0.47047582927327364
DS05,cvae,0,0.01,phase_conditioned,R0,all_post_onset,all,1758087,806537,0.4587582980819493
DS05,cvae,0,0.01,phase_conditioned,R0,early_first_10,7,84909,1176,0.013850121895205455
DS05,cvae,0,0.01,phase_conditioned,R0,early_first_10,8,41129,201,0.00488706265651973
DS05,cvae,0,0.01,phase_conditioned,R0,early_first_10,9,152374,4006,0.026290574507461903
DS05,cvae,0,0.01,phase_conditioned,R0,early_first_10,10,42742,243,0.005685274437321604
DS05,cvae,0,0.01,phase_conditioned,R0,early_first_10,all,321154,5626,0.017518075440442902
DS05,cvae,0,0.01,phase_conditioned,R1,all_post_onset,7,539511,230900,0.42798015239726345
DS05,cvae,0,0.01,phase_conditioned,R1,all_post_onset,8,238536,111236,0.4663279337290807
DS05,cvae,0,0.01,phase_conditioned,R1,all_post_onset,9,774378,348729,0.45033433284519964
DS05,cvae,0,0.01,phase_conditioned,R1,all_post_onset,10,205662,94265,0.4583491359609456
DS05,cvae,0,0.01,phase_conditioned,R1,all_post_onset,all,1758087,785130,0.4465819950889802
DS05,cvae,0,0.01,phase_conditioned,R1,early_first_10,7,84909,745,0.008774099329870803
DS05,cvae,0,0.01,phase_conditioned,R1,early_first_10,8,41129,36,0.0008752948041527875
DS05,cvae,0,0.01,phase_conditioned,R1,early_first_10,9,152374,2239,0.01469410791867379
DS05,cvae,0,0.01,phase_conditioned,R1,early_first_10,10,42742,80,0.0018716952880071123
DS05,cvae,0,0.01,phase_conditioned,R1,early_first_10,all,321154,3100,0.009652689986735337
DS05,cvae,0,0.01,phase_conditioned,R2,all_post_onset,7,539511,236651,0.4386398053051745
DS05,cvae,0,0.01,phase_conditioned,R2,all_post_onset,8,238536,113394,0.4753747861957943
DS05,cvae,0,0.01,phase_conditioned,R2,all_post_onset,9,774378,357667,0.4618764995906392
DS05,cvae,0,0.01,phase_conditioned,R2,all_post_onset,10,205662,96431,0.46888097947117113
DS05,cvae,0,0.01,phase_conditioned,R2,all_post_onset,all,1758087,804143,0.45739659072617
DS05,cvae,0,0.01,phase_conditioned,R2,early_first_10,7,84909,1022,0.012036415456547598
DS05,cvae,0,0.01,phase_conditioned,R2,early_first_10,8,41129,86,0.00209098203214277
DS05,cvae,0,0.01,phase_conditioned,R2,early_first_10,9,152374,3522,0.02311417958444354
DS05,cvae,0,0.01,phase_conditioned,R2,early_first_10,10,42742,148,0.003462636282813158
DS05,cvae,0,0.01,phase_conditioned,R2,early_first_10,all,321154,4778,0.01487759766342627
DS05,cvae,0,0.01,quantile_regression_W,R0,all_post_onset,7,539511,252610,0.46822029578636953
DS05,cvae,0,0.01,quantile_regression_W,R0,all_post_onset,8,238536,111958,0.4693547305228561
DS05,cvae,0,0.01,quantile_regression_W,R0,all_post_onset,9,774378,377271,0.4871923014341833
DS05,cvae,0,0.01,quantile_regression_W,R0,all_post_onset,10,205662,95868,0.46614347813402573
DS05,cvae,0,0.01,quantile_regression_W,R0,all_post_onset,all,1758087,837707,0.47648779611020387
DS05,cvae,0,0.01,quantile_regression_W,R0,early_first_10,7,84909,1168,0.013755903378911541
DS05,cvae,0,0.01,quantile_regression_W,R0,early_first_10,8,41129,231,0.00561647499331372
DS05,cvae,0,0.01,quantile_regression_W,R0,early_first_10,9,152374,3628,0.023809836323782273
DS05,cvae,0,0.01,quantile_regression_W,R0,early_first_10,10,42742,203,0.004749426793318048
DS05,cvae,0,0.01,quantile_regression_W,R0,early_first_10,all,321154,5230,0.01628502213891155
DS05,cvae,0,0.01,quantile_regression_W,R1,all_post_onset,7,539511,245954,0.45588319793294296
DS05,cvae,0,0.01,quantile_regression_W,R1,all_post_onset,8,238536,109355,0.45844233155582387
DS05,cvae,0,0.01,quantile_regression_W,R1,all_post_onset,9,774378,367154,0.47412762242729
DS05,cvae,0,0.01,quantile_regression_W,R1,all_post_onset,10,205662,93410,0.4541918293121724
DS05,cvae,0,0.01,quantile_regression_W,R1,all_post_onset,all,1758087,815873,0.4640686154894496
DS05,cvae,0,0.01,quantile_regression_W,R1,early_first_10,7,84909,589,0.006936838262139467
DS05,cvae,0,0.01,quantile_regression_W,R1,early_first_10,8,41129,47,0.0011427459943105839
DS05,cvae,0,0.01,quantile_regression_W,R1,early_first_10,9,152374,1574,0.010329846299237402
DS05,cvae,0,0.01,quantile_regression_W,R1,early_first_10,10,42742,53,0.001239998128304712
DS05,cvae,0,0.01,quantile_regression_W,R1,early_first_10,all,321154,2263,0.007046463690316795
DS05,cvae,0,0.01,quantile_regression_W,R2,all_post_onset,7,539511,252038,0.4671600764395907
DS05,cvae,0,0.01,quantile_regression_W,R2,all_post_onset,8,238536,111621,0.4679419458698058
DS05,cvae,0,0.01,quantile_regression_W,R2,all_post_onset,9,774378,376074,0.48564654471072266
DS05,cvae,0,0.01,quantile_regression_W,R2,all_post_onset,10,205662,95492,0.464315235677957
DS05,cvae,0,0.01,quantile_regression_W,R2,all_post_onset,all,1758087,835225,0.47507603434869833
DS05,cvae,0,0.01,quantile_regression_W,R2,early_first_10,7,84909,911,0.010729133542969532
DS05,cvae,0,0.01,quantile_regression_W,R2,early_first_10,8,41129,113,0.002747453135257361
DS05,cvae,0,0.01,quantile_regression_W,R2,early_first_10,9,152374,2818,0.018493968787325923
DS05,cvae,0,0.01,quantile_regression_W,R2,early_first_10,10,42742,124,0.002901127696411024
DS05,cvae,0,0.01,quantile_regression_W,R2,early_first_10,all,321154,3966,0.012349215641094303
DS05,cvae,0,0.02,pooled,R0,all_post_onset,7,539511,252453,0.46792929152510326
DS05,cvae,0,0.02,pooled,R0,all_post_onset,8,238536,119606,0.5014169768923769
DS05,cvae,0,0.02,pooled,R0,all_post_onset,9,774378,379860,0.4905356298861796
DS05,cvae,0,0.02,pooled,R0,all_post_onset,10,205662,103448,0.5030000680728574
DS05,cvae,0,0.02,pooled,R0,all_post_onset,all,1758087,855367,0.48653280525935294
DS05,cvae,0,0.02,pooled,R0,early_first_10,7,84909,2440,0.02873664746964397
DS05,cvae,0,0.02,pooled,R0,early_first_10,8,41129,600,0.014588246735879792
DS05,cvae,0,0.02,pooled,R0,early_first_10,9,152374,5465,0.03586569887251106
DS05,cvae,0,0.02,pooled,R0,early_first_10,10,42742,567,0.01326564035375041
DS05,cvae,0,0.02,pooled,R0,early_first_10,all,321154,9072,0.02824813018053644
DS05,cvae,0,0.02,pooled,R1,all_post_onset,7,539511,245122,0.4543410607012647
DS05,cvae,0,0.02,pooled,R1,all_post_onset,8,238536,116514,0.48845457289465744
DS05,cvae,0,0.02,pooled,R1,all_post_onset,9,774378,368585,0.4759755571568407
DS05,cvae,0,0.02,pooled,R1,all_post_onset,10,205662,100321,0.48779550913634995
DS05,cvae,0,0.02,pooled,R1,all_post_onset,all,1758087,830542,0.4724123436439721
DS05,cvae,0,0.02,pooled,R1,early_first_10,7,84909,1638,0.019291241211179026
DS05,cvae,0,0.02,pooled,R1,early_first_10,8,41129,146,0.0035498067057307494
DS05,cvae,0,0.02,pooled,R1,early_first_10,9,152374,3152,0.020685943796185702
DS05,cvae,0,0.02,pooled,R1,early_first_10,10,42742,197,0.004609049646717514
DS05,cvae,0,0.02,pooled,R1,early_first_10,all,321154,5133,0.015982986355455638
DS05,cvae,0,0.02,pooled,R2,all_post_onset,7,539511,251283,0.46576066104305563
DS05,cvae,0,0.02,pooled,R2,all_post_onset,8,238536,118938,0.4986165610222356
DS05,cvae,0,0.02,pooled,R2,all_post_onset,9,774378,378503,0.4887832557226574
DS05,cvae,0,0.02,pooled,R2,all_post_onset,10,205662,102848,0.5000826598982797
DS05,cvae,0,0.02,pooled,R2,all_post_onset,all,1758087,851572,0.4843742090124095
DS05,cvae,0,0.02,pooled,R2,early_first_10,7,84909,2146,0.02527411699584261
DS05,cvae,0,0.02,pooled,R2,early_first_10,8,41129,352,0.008558438085049478
DS05,cvae,0,0.02,pooled,R2,early_first_10,9,152374,4763,0.03125861367424889
DS05,cvae,0,0.02,pooled,R2,early_first_10,10,42742,409,0.009569042159936363
DS05,cvae,0,0.02,pooled,R2,early_first_10,all,321154,7670,0.023882623289761297
DS05,cvae,0,0.02,phase_conditioned,R0,all_post_onset,7,539511,263315,0.4880623379319421
DS05,cvae,0,0.02,phase_conditioned,R0,all_post_onset,8,238536,124943,0.5237909581782205
DS05,cvae,0,0.02,phase_conditioned,R0,all_post_onset,9,774378,385724,0.49810815906443623
DS05,cvae,0,0.02,phase_conditioned,R0,all_post_onset,10,205662,105797,0.5144217210763291
DS05,cvae,0,0.02,phase_conditioned,R0,all_post_onset,all,1758087,879779,0.5004183524478595
DS05,cvae,0,0.02,phase_conditioned,R0,early_first_10,7,84909,2387,0.028112449799196786
DS05,cvae,0,0.02,phase_conditioned,R0,early_first_10,8,41129,528,0.012837657127574217
DS05,cvae,0,0.02,phase_conditioned,R0,early_first_10,9,152374,6682,0.043852625776051035
DS05,cvae,0,0.02,phase_conditioned,R0,early_first_10,10,42742,640,0.014973562304056899
DS05,cvae,0,0.02,phase_conditioned,R0,early_first_10,all,321154,10237,0.03187567335297085
DS05,cvae,0,0.02,phase_conditioned,R1,all_post_onset,7,539511,256355,0.4751617668592485
DS05,cvae,0,0.02,phase_conditioned,R1,all_post_onset,8,238536,122105,0.511893382969447
DS05,cvae,0,0.02,phase_conditioned,R1,all_post_onset,9,774378,375443,0.48483169718147984
DS05,cvae,0,0.02,phase_conditioned,R1,all_post_onset,10,205662,102773,0.4997179838764575
DS05,cvae,0,0.02,phase_conditioned,R1,all_post_onset,all,1758087,856676,0.4872773645445305
DS05,cvae,0,0.02,phase_conditioned,R1,early_first_10,7,84909,1591,0.018737707427952277
DS05,cvae,0,0.02,phase_conditioned,R1,early_first_10,8,41129,129,0.0031364730482141556
DS05,cvae,0,0.02,phase_conditioned,R1,early_first_10,9,152374,4560,0.02992636539042094
DS05,cvae,0,0.02,phase_conditioned,R1,early_first_10,10,42742,232,0.005427916335220626
DS05,cvae,0,0.02,phase_conditioned,R1,early_first_10,all,321154,6512,0.020276876514071132
DS05,cvae,0,0.02,phase_conditioned,R2,all_post_onset,7,539511,262462,0.4864812765634065
DS05,cvae,0,0.02,phase_conditioned,R2,all_post_onset,8,238536,124416,0.521581648053124
DS05,cvae,0,0.02,phase_conditioned,R2,all_post_onset,9,774378,384551,0.49659339495698485
DS05,cvae,0,0.02,phase_conditioned,R2,all_post_onset,10,205662,105332,0.5121607297410314
DS05,cvae,0,0.02,phase_conditioned,R2,all_post_onset,all,1758087,876761,0.49870171385147605
DS05,cvae,0,0.02,phase_conditioned,R2,early_first_10,7,84909,2098,0.02470880589807912
DS05,cvae,0,0.02,phase_conditioned,R2,early_first_10,8,41129,281,0.006832162221303703
DS05,cvae,0,0.02,phase_conditioned,R2,early_first_10,9,152374,6243,0.040971556827280244
DS05,cvae,0,0.02,phase_conditioned,R2,early_first_10,10,42742,418,0.009779607879837162
DS05,cvae,0,0.02,phase_conditioned,R2,early_first_10,all,321154,9040,0.028148489509705624
DS05,cvae,0,0.02,quantile_regression_W,R0,all_post_onset,7,539511,275239,0.5101638335455626
DS05,cvae,0,0.02,quantile_regression_W,R0,all_post_onset,8,238536,122589,0.5139224268035013
DS05,cvae,0,0.02,quantile_regression_W,R0,all_post_onset,9,774378,418950,0.5410148532112224
DS05,cvae,0,0.02,quantile_regression_W,R0,all_post_onset,10,205662,103737,0.5044052863436124
DS05,cvae,0,0.02,quantile_regression_W,R0,all_post_onset,all,1758087,920515,0.5235889918985807
DS05,cvae,0,0.02,quantile_regression_W,R0,early_first_10,7,84909,2341,0.02757069333050678
DS05,cvae,0,0.02,quantile_regression_W,R0,early_first_10,8,41129,546,0.013275304529650611
DS05,cvae,0,0.02,quantile_regression_W,R0,early_first_10,9,152374,7529,0.049411316891333164
DS05,cvae,0,0.02,quantile_regression_W,R0,early_first_10,10,42742,474,0.011089794581442141
DS05,cvae,0,0.02,quantile_regression_W,R0,early_first_10,all,321154,10890,0.033908965792112195
DS05,cvae,0,0.02,quantile_regression_W,R1,all_post_onset,7,539511,268296,0.4972947724884201
DS05,cvae,0,0.02,quantile_regression_W,R1,all_post_onset,8,238536,119586,0.5013331321058456
DS05,cvae,0,0.02,quantile_regression_W,R1,all_post_onset,9,774378,404407,0.5222346192686259
DS05,cvae,0,0.02,quantile_regression_W,R1,all_post_onset,10,205662,100708,0.4896772374089525
DS05,cvae,0,0.02,quantile_regression_W,R1,all_post_onset,all,1758087,892997,0.5079367517079644
DS05,cvae,0,0.02,quantile_regression_W,R1,early_first_10,7,84909,1293,0.015228067696003957
DS05,cvae,0,0.02,quantile_regression_W,R1,early_first_10,8,41129,171,0.004157650319725741
DS05,cvae,0,0.02,quantile_regression_W,R1,early_first_10,9,152374,4545,0.029827923399005078
DS05,cvae,0,0.02,quantile_regression_W,R1,early_first_10,10,42742,188,0.004398483926816714
DS05,cvae,0,0.02,quantile_regression_W,R1,early_first_10,all,321154,6197,0.019296038660580283
DS05,cvae,0,0.02,quantile_regression_W,R2,all_post_onset,7,539511,274044,0.5079488648053515
DS05,cvae,0,0.02,quantile_regression_W,R2,all_post_onset,8,238536,122041,0.5116250796525472
DS05,cvae,0,0.02,quantile_regression_W,R2,all_post_onset,9,774378,417119,0.5386503748815178
DS05,cvae,0,0.02,quantile_regression_W,R2,all_post_onset,10,205662,103367,0.5026062179692894
DS05,cvae,0,0.02,quantile_regression_W,R2,all_post_onset,all,1758087,916571,0.5213456444419418
DS05,cvae,0,0.02,quantile_regression_W,R2,early_first_10,7,84909,1939,0.022836212886737567
DS05,cvae,0,0.02,quantile_regression_W,R2,early_first_10,8,41129,331,0.008047849449293685
DS05,cvae,0,0.02,quantile_regression_W,R2,early_first_10,9,152374,6574,0.04314384343785685
DS05,cvae,0,0.02,quantile_regression_W,R2,early_first_10,10,42742,324,0.007580365916428806
DS05,cvae,0,0.02,quantile_regression_W,R2,early_first_10,all,321154,9168,0.028547052193028888
DS05,cvae,1,0.005,pooled,R0,all_post_onset,7,539511,172343,0.3194429770662693
DS05,cvae,1,0.005,pooled,R0,all_post_onset,8,238536,72620,0.30444041989469095
DS05,cvae,1,0.005,pooled,R0,all_post_onset,9,774378,234582,0.302929577028273
DS05,cvae,1,0.005,pooled,R0,all_post_onset,10,205662,63647,0.30947379681224535
DS05,cvae,1,0.005,pooled,R0,all_post_onset,all,1758087,543192,0.30896764494589857
DS05,cvae,1,0.005,pooled,R0,early_first_10,7,84909,630,0.00741970815814578
DS05,cvae,1,0.005,pooled,R0,early_first_10,8,41129,170,0.004133336575165941
DS05,cvae,1,0.005,pooled,R0,early_first_10,9,152374,3298,0.021644112512633387
DS05,cvae,1,0.005,pooled,R0,early_first_10,10,42742,188,0.004398483926816714
DS05,cvae,1,0.005,pooled,R0,early_first_10,all,321154,4286,0.013345622349402467
DS05,cvae,1,0.005,pooled,R1,all_post_onset,7,539511,164963,0.30576392325643037
DS05,cvae,1,0.005,pooled,R1,all_post_onset,8,238536,68544,0.2873528523996378
DS05,cvae,1,0.005,pooled,R1,all_post_onset,9,774378,222888,0.2878284248777729
DS05,cvae,1,0.005,pooled,R1,all_post_onset,10,205662,60904,0.2961363791074676
DS05,cvae,1,0.005,pooled,R1,all_post_onset,all,1758087,517299,0.29423970486102224
DS05,cvae,1,0.005,pooled,R1,early_first_10,7,84909,381,0.004487156838497686
DS05,cvae,1,0.005,pooled,R1,early_first_10,8,41129,49,0.0011913734834301832
DS05,cvae,1,0.005,pooled,R1,early_first_10,9,152374,1815,0.01191148096131886
DS05,cvae,1,0.005,pooled,R1,early_first_10,10,42742,72,0.0016845257592064012
DS05,cvae,1,0.005,pooled,R1,early_first_10,all,321154,2317,0.007214607322343798
DS05,cvae,1,0.005,pooled,R2,all_post_onset,7,539511,171729,0.3183049094457759
DS05,cvae,1,0.005,pooled,R2,all_post_onset,8,238536,72286,0.30304021195962033
DS05,cvae,1,0.005,pooled,R2,all_post_onset,9,774378,233907,0.30205790970301327
DS05,cvae,1,0.005,pooled,R2,all_post_onset,10,205662,63183,0.30721766782390525
DS05,cvae,1,0.005,pooled,R2,all_post_onset,all,1758087,541105,0.30778055921009595
DS05,cvae,1,0.005,pooled,R2,early_first_10,7,84909,531,0.006253754019008586
DS05,cvae,1,0.005,pooled,R2,early_first_10,8,41129,79,0.0019207858202241728
DS05,cvae,1,0.005,pooled,R2,early_first_10,9,152374,2980,0.01955714229461719
DS05,cvae,1,0.005,pooled,R2,early_first_10,10,42742,105,0.002456600065509335
DS05,cvae,1,0.005,pooled,R2,early_first_10,all,321154,3695,0.011505383709995827
DS05,cvae,1,0.005,phase_conditioned,R0,all_post_onset,7,539511,171446,0.3177803603633661
DS05,cvae,1,0.005,phase_conditioned,R0,all_post_onset,8,238536,71919,0.3015016601267733
DS05,cvae,1,0.005,phase_conditioned,R0,all_post_onset,9,774378,234778,0.30318268339234844
DS05,cvae,1,0.005,phase_conditioned,R0,all_post_onset,10,205662,63916,0.31078176814384767
DS05,cvae,1,0.005,phase_conditioned,R0,all_post_onset,all,1758087,542059,0.30832319447217343
DS05,cvae,1,0.005,phase_conditioned,R0,early_first_10,7,84909,531,0.006253754019008586
DS05,cvae,1,0.005,phase_conditioned,R0,early_first_10,8,41129,152,0.0036956891730895477
DS05,cvae,1,0.005,phase_conditioned,R0,early_first_10,9,152374,4396,0.02885006628427422
DS05,cvae,1,0.005,phase_conditioned,R0,early_first_10,10,42742,197,0.004609049646717514
DS05,cvae,1,0.005,phase_conditioned,R0,early_first_10,all,321154,5276,0.01642825560323085
DS05,cvae,1,0.005,phase_conditioned,R1,all_post_onset,7,539511,164348,0.30462400210561047
DS05,cvae,1,0.005,phase_conditioned,R1,all_post_onset,8,238536,67854,0.2844602072643123
DS05,cvae,1,0.005,phase_conditioned,R1,all_post_onset,9,774378,223026,0.288006632419826
DS05,cvae,1,0.005,phase_conditioned,R1,all_post_onset,10,205662,61200,0.2975756338069259
DS05,cvae,1,0.005,phase_conditioned,R1,all_post_onset,all,1758087,516428,0.29374428000434566
DS05,cvae,1,0.005,phase_conditioned,R1,early_first_10,7,84909,321,0.003780517966293326
DS05,cvae,1,0.005,phase_conditioned,R1,early_first_10,8,41129,51,0.0012400009725497825
DS05,cvae,1,0.005,phase_conditioned,R1,early_first_10,9,152374,2796,0.018349587199915997
DS05,cvae,1,0.005,phase_conditioned,R1,early_first_10,10,42742,90,0.0021056571990080014
DS05,cvae,1,0.005,phase_conditioned,R1,early_first_10,all,321154,3258,0.010144665798962492
DS05,cvae,1,0.005,phase_conditioned,R2,all_post_onset,7,539511,170902,0.31677203986573027
DS05,cvae,1,0.005,phase_conditioned,R2,all_post_onset,8,238536,71553,0.2999673005332528
DS05,cvae,1,0.005,phase_conditioned,R2,all_post_onset,9,774378,234024,0.3022089987060583
DS05,cvae,1,0.005,phase_conditioned,R2,all_post_onset,10,205662,63536,0.30893407629994846
DS05,cvae,1,0.005,phase_conditioned,R2,all_post_onset,all,1758087,540015,0.3071605671391689
DS05,cvae,1,0.005,phase_conditioned,R2,early_first_10,7,84909,429,0.005052467936261173
DS05,cvae,1,0.005,phase_conditioned,R2,early_first_10,8,41129,89,0.0021639232658221693
DS05,cvae,1,0.005,phase_conditioned,R2,early_first_10,9,152374,4319,0.02834473072833948
DS05,cvae,1,0.005,phase_conditioned,R2,early_first_10,10,42742,133,0.0031116934163118244
DS05,cvae,1,0.005,phase_conditioned,R2,early_first_10,all,321154,4970,0.015475441688411168
DS05,cvae,1,0.005,quantile_regression_W,R0,all_post_onset,7,539511,179805,0.33327402036288417
DS05,cvae,1,0.005,quantile_regression_W,R0,all_post_onset,8,238536,74420,0.3119864506824966
DS05,cvae,1,0.005,quantile_regression_W,R0,all_post_onset,9,774378,252475,0.3260358636221587
DS05,cvae,1,0.005,quantile_regression_W,R0,all_post_onset,10,205662,63957,0.31098112436911046
DS05,cvae,1,0.005,quantile_regression_W,R0,all_post_onset,all,1758087,570657,0.3245897387330661
DS05,cvae,1,0.005,quantile_regression_W,R0,early_first_10,7,84909,719,0.00846788915191558
DS05,cvae,1,0.005,quantile_regression_W,R0,early_first_10,8,41129,182,0.004425101509883537
DS05,cvae,1,0.005,quantile_regression_W,R0,early_first_10,9,152374,1904,0.012495570110386286
DS05,cvae,1,0.005,quantile_regression_W,R0,early_first_10,10,42742,145,0.0033924477095128914
DS05,cvae,1,0.005,quantile_regression_W,R0,early_first_10,all,321154,2950,0.009185624342215884
DS05,cvae,1,0.005,quantile_regression_W,R1,all_post_onset,7,539511,171892,0.31860703488900133
DS05,cvae,1,0.005,quantile_regression_W,R1,all_post_onset,8,238536,70387,0.2950791494784854
DS05,cvae,1,0.005,quantile_regression_W,R1,all_post_onset,9,774378,241242,0.31153002797083595
DS05,cvae,1,0.005,quantile_regression_W,R1,all_post_onset,10,205662,61011,0.29665665023193394
DS05,cvae,1,0.005,quantile_regression_W,R1,all_post_onset,all,1758087,544532,0.30972983703309337
DS05,cvae,1,0.005,quantile_regression_W,R1,early_first_10,7,84909,398,0.004687371185622255
DS05,cvae,1,0.005,quantile_regression_W,R1,early_first_10,8,41129,52,0.001264314717109582
DS05,cvae,1,0.005,quantile_regression_W,R1,early_first_10,9,152374,1020,0.006694055416278368
DS05,cvae,1,0.005,quantile_regression_W,R1,early_first_10,10,42742,45,0.0010528285995040007
DS05,cvae,1,0.005,quantile_regression_W,R1,early_first_10,all,321154,1515,0.004717363009646462
DS05,cvae,1,0.005,quantile_regression_W,R2,all_post_onset,7,539511,179110,0.33198581678594136
DS05,cvae,1,0.005,quantile_regression_W,R2,all_post_onset,8,238536,74147,0.31084196934634606
DS05,cvae,1,0.005,quantile_regression_W,R2,all_post_onset,9,774378,251111,0.3242744499456338
DS05,cvae,1,0.005,quantile_regression_W,R2,all_post_onset,10,205662,63525,0.30888059048341454
DS05,cvae,1,0.005,quantile_regression_W,R2,all_post_onset,all,1758087,567893,0.32301757535321063
DS05,cvae,1,0.005,quantile_regression_W,R2,early_first_10,7,84909,545,0.006418636422522936
DS05,cvae,1,0.005,quantile_regression_W,R2,early_first_10,8,41129,81,0.001969413309343772
DS05,cvae,1,0.005,quantile_regression_W,R2,early_first_10,9,152374,1473,0.00966700355703729
DS05,cvae,1,0.005,quantile_regression_W,R2,early_first_10,10,42742,65,0.0015207524215057788
DS05,cvae,1,0.005,quantile_regression_W,R2,early_first_10,all,321154,2164,0.006738200364933957
DS05,cvae,1,0.01,pooled,R0,all_post_onset,7,539511,190802,0.35365729336380536
DS05,cvae,1,0.01,pooled,R0,all_post_onset,8,238536,83208,0.3488278498842942
DS05,cvae,1,0.01,pooled,R0,all_post_onset,9,774378,262906,0.3395060293551728
DS05,cvae,1,0.01,pooled,R0,all_post_onset,10,205662,71097,0.34569828164658517
DS05,cvae,1,0.01,pooled,R0,all_post_onset,all,1758087,608013,0.3458378339638482
DS05,cvae,1,0.01,pooled,R0,early_first_10,7,84909,1115,0.013131705708464355
DS05,cvae,1,0.01,pooled,R0,early_first_10,8,41129,418,0.010163145225996255
DS05,cvae,1,0.01,pooled,R0,early_first_10,9,152374,5484,0.03599039206163781
DS05,cvae,1,0.01,pooled,R0,early_first_10,10,42742,490,0.011464133639043564
DS05,cvae,1,0.01,pooled,R0,early_first_10,all,321154,7507,0.023375078622716827
DS05,cvae,1,0.01,pooled,R1,all_post_onset,7,539511,181905,0.3371664340486107
DS05,cvae,1,0.01,pooled,R1,all_post_onset,8,238536,78353,0.32847452795385185
DS05,cvae,1,0.01,pooled,R1,all_post_onset,9,774378,249334,0.32197970500194995
DS05,cvae,1,0.01,pooled,R1,all_post_onset,10,205662,67297,0.32722136320759304
DS05,cvae,1,0.01,pooled,R1,all_post_onset,all,1758087,576889,0.3281345007385869
DS05,cvae,1,0.01,pooled,R1,early_first_10,7,84909,670,0.007890800739615353
DS05,cvae,1,0.01,pooled,R1,early_first_10,8,41129,121,0.002941963091735758
DS05,cvae,1,0.01,pooled,R1,early_first_10,9,152374,3583,0.0235145103495347
DS05,cvae,1,0.01,pooled,R1,early_first_10,10,42742,209,0.004889803939918581
DS05,cvae,1,0.01,pooled,R1,early_first_10,all,321154,4583,0.014270412325550982
DS05,cvae,1,0.01,pooled,R2,all_post_onset,7,539511,189865,0.35192053544784074
DS05,cvae,1,0.01,pooled,R2,all_post_onset,8,238536,82605,0.3462999295703793
DS05,cvae,1,0.01,pooled,R2,all_post_onset,9,774378,261490,0.3376774650106279
DS05,cvae,1,0.01,pooled,R2,all_post_onset,10,205662,70466,0.342630140716321
DS05,cvae,1,0.01,pooled,R2,all_post_onset,all,1758087,604426,0.3437975481304395
DS05,cvae,1,0.01,pooled,R2,early_first_10,7,84909,882,0.010387591421404092
DS05,cvae,1,0.01,pooled,R2,early_first_10,8,41129,252,0.006127063629069513
DS05,cvae,1,0.01,pooled,R2,early_first_10,9,152374,5337,0.0350256605457624
DS05,cvae,1,0.01,pooled,R2,early_first_10,10,42742,353,0.008258855458331384
DS05,cvae,1,0.01,pooled,R2,early_first_10,all,321154,6824,0.02124837305467159
DS05,cvae,1,0.01,phase_conditioned,R0,all_post_onset,7,539511,190967,0.35396312586768386
DS05,cvae,1,0.01,phase_conditioned,R0,all_post_onset,8,238536,83719,0.3509700841801657
DS05,cvae,1,0.01,phase_conditioned,R0,all_post_onset,9,774378,266559,0.34422336378357854
DS05,cvae,1,0.01,phase_conditioned,R0,all_post_onset,10,205662,71621,0.348246151452383
DS05,cvae,1,0.01,phase_conditioned,R0,all_post_onset,all,1758087,612866,0.3485982206796365
DS05,cvae,1,0.01,phase_conditioned,R0,early_first_10,7,84909,1095,0.012896159417729569
DS05,cvae,1,0.01,phase_conditioned,R0,early_first_10,8,41129,391,0.009506674122881665
DS05,cvae,1,0.01,phase_conditioned,R0,early_first_10,9,152374,6244,0.04097811962670797
DS05,cvae,1,0.01,phase_conditioned,R0,early_first_10,10,42742,497,0.011627906976744186
DS05,cvae,1,0.01,phase_conditioned,R0,early_first_10,all,321154,8227,0.025616993716410196
DS05,cvae,1,0.01,phase_conditioned,R1,all_post_onset,7,539511,182253,0.33781146260224537
DS05,cvae,1,0.01,phase_conditioned,R1,all_post_onset,8,238536,78663,0.329774122145085
DS05,cvae,1,0.01,phase_conditioned,R1,all_post_onset,9,774378,252940,0.3266363455573376
DS05,cvae,1,0.01,phase_conditioned,R1,all_post_onset,10,205662,67713,0.32924409954196693
DS05,cvae,1,0.01,phase_conditioned,R1,all_post_onset,all,1758087,581569,0.33079648504311787
DS05,cvae,1,0.01,phase_conditioned,R1,early_first_10,7,84909,673,0.00792613268322557
DS05,cvae,1,0.01,phase_conditioned,R1,early_first_10,8,41129,110,0.002674511901577962
DS05,cvae,1,0.01,phase_conditioned,R1,early_first_10,9,152374,4690,0.030779529316025043
DS05,cvae,1,0.01,phase_conditioned,R1,early_first_10,10,42742,207,0.004843011557718403
DS05,cvae,1,0.01,phase_conditioned,R1,early_first_10,all,321154,5680,0.017686219072469905
DS05,cvae,1,0.01,phase_conditioned,R2,all_post_onset,7,539511,190111,0.3523765039081687
DS05,cvae,1,0.01,phase_conditioned,R2,all_post_onset,8,238536,83142,0.3485511620887413
DS05,cvae,1,0.01,phase_conditioned,R2,all_post_onset,9,774378,265423,0.3427563799591414
DS05,cvae,1,0.01,phase_conditioned,R2,all_post_onset,10,205662,70979,0.3451245247055849
DS05,cvae,1,0.01,phase_conditioned,R2,all_post_onset,all,1758087,609655,0.3467718036706943
DS05,cvae,1,0.01,phase_conditioned,R2,early_first_10,7,84909,885,0.01042292336501431
DS05,cvae,1,0.01,phase_conditioned,R2,early_first_10,8,41129,223,0.005421965036835323
DS05,cvae,1,0.01,phase_conditioned,R2,early_first_10,9,152374,6168,0.04047934687020095
DS05,cvae,1,0.01,phase_conditioned,R2,early_first_10,10,42742,344,0.008048289738430584
DS05,cvae,1,0.01,phase_conditioned,R2,early_first_10,all,321154,7620,0.023726934741588147
DS05,cvae,1,0.01,quantile_regression_W,R0,all_post_onset,7,539511,200241,0.3711527661159828
DS05,cvae,1,0.01,quantile_regression_W,R0,all_post_onset,8,238536,83418,0.3497082201428715
DS05,cvae,1,0.01,quantile_regression_W,R0,all_post_onset,9,774378,286680,0.3702067982303216
DS05,cvae,1,0.01,quantile_regression_W,R0,all_post_onset,10,205662,70712,0.34382627806789784
DS05,cvae,1,0.01,quantile_regression_W,R0,all_post_onset,all,1758087,641051,0.3646298505136549
DS05,cvae,1,0.01,quantile_regression_W,R0,early_first_10,7,84909,1379,0.01624091674616354
DS05,cvae,1,0.01,quantile_regression_W,R0,early_first_10,8,41129,418,0.010163145225996255
DS05,cvae,1,0.01,quantile_regression_W,R0,early_first_10,9,152374,4776,0.0313439300668093
DS05,cvae,1,0.01,quantile_regression_W,R0,early_first_10,10,42742,371,0.008679986898132984
DS05,cvae,1,0.01,quantile_regression_W,R0,early_first_10,all,321154,6944,0.02162202557028715
DS05,cvae,1,0.01,quantile_regression_W,R1,all_post_onset,7,539511,190734,0.3535312533016009
DS05,cvae,1,0.01,quantile_regression_W,R1,all_post_onset,8,238536,78690,0.32988731260690213
DS05,cvae,1,0.01,quantile_regression_W,R1,all_post_onset,9,774378,272250,0.3515724878547686
DS05,cvae,1,0.01,quantile_regression_W,R1,all_post_onset,10,205662,66948,0.32552440411938033
DS05,cvae,1,0.01,quantile_regression_W,R1,all_post_onset,all,1758087,608622,0.3461842332034763
DS05,cvae,1,0.01,quantile_regression_W,R1,early_first_10,7,84909,825,0.00971628449280995
DS05,cvae,1,0.01,quantile_regression_W,R1,early_first_10,8,41129,121,0.002941963091735758
DS05,cvae,1,0.01,quantile_regression_W,R1,early_first_10,9,152374,2789,0.01830364760392193
DS05,cvae,1,0.01,quantile_regression_W,R1,early_first_10,10,42742,105,0.002456600065509335
DS05,cvae,1,0.01,quantile_regression_W,R1,early_first_10,all,321154,3840,0.011956880499697965
DS05,cvae,1,0.01,quantile_regression_W,R2,all_post_onset,7,539511,199236,0.3692899681378137
DS05,cvae,1,0.01,quantile_regression_W,R2,all_post_onset,8,238536,82992,0.34792232618975755
DS05,cvae,1,0.01,quantile_regression_W,R2,all_post_onset,9,774378,284791,0.36776742107859467
DS05,cvae,1,0.01,quantile_regression_W,R2,all_post_onset,10,205662,70138,0.34103529091421847
DS05,cvae,1,0.01,quantile_regression_W,R2,all_post_onset,all,1758087,637157,0.3624149430602695
DS05,cvae,1,0.01,quantile_regression_W,R2,early_first_10,7,84909,1125,0.013249478853831749
DS05,cvae,1,0.01,quantile_regression_W,R2,early_first_10,8,41129,265,0.0064431423083469086
DS05,cvae,1,0.01,quantile_regression_W,R2,early_first_10,9,152374,4330,0.028416921522044444
DS05,cvae,1,0.01,quantile_regression_W,R2,early_first_10,10,42742,220,0.005147162042019559
DS05,cvae,1,0.01,quantile_regression_W,R2,early_first_10,all,321154,5940,0.01849579952297029
DS05,cvae,1,0.02,pooled,R0,all_post_onset,7,539511,211125,0.3913265901900054
DS05,cvae,1,0.02,pooled,R0,all_post_onset,8,238536,95274,0.39941140959855115
DS05,cvae,1,0.02,pooled,R0,all_post_onset,9,774378,295834,0.3820278985198443
DS05,cvae,1,0.02,pooled,R0,all_post_onset,10,205662,80643,0.39211424570411646
DS05,cvae,1,0.02,pooled,R0,all_post_onset,all,1758087,682876,0.38841991323523806
DS05,cvae,1,0.02,pooled,R0,early_first_10,7,84909,2241,0.026392961876832845
DS05,cvae,1,0.02,pooled,R0,early_first_10,8,41129,1083,0.026331785358263027
DS05,cvae,1,0.02,pooled,R0,early_first_10,9,152374,7892,0.05179361308359694
DS05,cvae,1,0.02,pooled,R0,early_first_10,10,42742,1156,0.027045996911702775
DS05,cvae,1,0.02,pooled,R0,early_first_10,all,321154,12372,0.038523574359964376
DS05,cvae,1,0.02,pooled,R1,all_post_onset,7,539511,200501,0.3716346840008823
DS05,cvae,1,0.02,pooled,R1,all_post_onset,8,238536,89229,0.37406932286950395
DS05,cvae,1,0.02,pooled,R1,all_post_onset,9,774378,279492,0.3609245097355555
DS05,cvae,1,0.02,pooled,R1,all_post_onset,10,205662,75478,0.36700022366796003
DS05,cvae,1,0.02,pooled,R1,all_post_onset,all,1758087,644700,0.36670540195109796
DS05,cvae,1,0.02,pooled,R1,early_first_10,7,84909,1298,0.015286954268687654
DS05,cvae,1,0.02,pooled,R1,early_first_10,8,41129,431,0.01047922390527365
DS05,cvae,1,0.02,pooled,R1,early_first_10,9,152374,5832,0.038274246262485725
DS05,cvae,1,0.02,pooled,R1,early_first_10,10,42742,578,0.013522998455851388
DS05,cvae,1,0.02,pooled,R1,early_first_10,all,321154,8139,0.02534298187162545
DS05,cvae,1,0.02,pooled,R2,all_post_onset,7,539511,209771,0.38881691012787506
DS05,cvae,1,0.02,pooled,R2,all_post_onset,8,238536,94238,0.3950682496562364
DS05,cvae,1,0.02,pooled,R2,all_post_onset,9,774378,294363,0.38012830943027826
DS05,cvae,1,0.02,pooled,R2,all_post_onset,10,205662,79721,0.38763116180918206
DS05,cvae,1,0.02,pooled,R2,all_post_onset,all,1758087,678093,0.3856993425240048
DS05,cvae,1,0.02,pooled,R2,early_first_10,7,84909,1892,0.022282679103510818
DS05,cvae,1,0.02,pooled,R2,early_first_10,8,41129,784,0.01906197573488293
DS05,cvae,1,0.02,pooled,R2,early_first_10,9,152374,7634,0.050100410831244176
DS05,cvae,1,0.02,pooled,R2,early_first_10,10,42742,904,0.02115015675448037
DS05,cvae,1,0.02,pooled,R2,early_first_10,all,321154,11214,0.03491782758427421
DS05,cvae,1,0.02,phase_conditioned,R0,all_post_onset,7,539511,210797,0.39071863224290143
DS05,cvae,1,0.02,phase_conditioned,R0,all_post_onset,8,238536,96384,0.4040647952510313
DS05,cvae,1,0.02,phase_conditioned,R0,all_post_onset,9,774378,297522,0.3842077125124939
DS05,cvae,1,0.02,phase_conditioned,R0,all_post_onset,10,205662,81537,0.39646118388423723
DS05,cvae,1,0.02,phase_conditioned,R0,all_post_onset,all,1758087,686240,0.390333356654136
DS05,cvae,1,0.02,phase_conditioned,R0,early_first_10,7,84909,2190,0.025792318835459137
DS05,cvae,1,0.02,phase_conditioned,R0,early_first_10,8,41129,943,0.022927861119891074
DS05,cvae,1,0.02,phase_conditioned,R0,early_first_10,9,152374,8303,0.054490923648391455
DS05,cvae,1,0.02,phase_conditioned,R0,early_first_10,10,42742,1161,0.02716297786720322
DS05,cvae,1,0.02,phase_conditioned,R0,early_first_10,all,321154,12597,0.03922417282674356
DS05,cvae,1,0.02,phase_conditioned,R1,all_post_onset,7,539511,200372,0.3713955785887591
DS05,cvae,1,0.02,phase_conditioned,R1,all_post_onset,8,238536,90103,0.37773334004091624
DS05,cvae,1,0.02,phase_conditioned,R1,all_post_onset,9,774378,281813,0.3639217539754487
DS05,cvae,1,0.02,phase_conditioned,R1,all_post_onset,10,205662,76342,0.37120129143935193
DS05,cvae,1,0.02,phase_conditioned,R1,all_post_onset,all,1758087,648630,0.36894078620682597
DS05,cvae,1,0.02,phase_conditioned,R1,early_first_10,7,84909,1337,0.01574626953562049
DS05,cvae,1,0.02,phase_conditioned,R1,early_first_10,8,41129,356,0.008655693063288677
DS05,cvae,1,0.02,phase_conditioned,R1,early_first_10,9,152374,6602,0.04332760182183312
DS05,cvae,1,0.02,phase_conditioned,R1,early_first_10,10,42742,560,0.013101867016049788
DS05,cvae,1,0.02,phase_conditioned,R1,early_first_10,all,321154,8855,0.027572441881464967
DS05,cvae,1,0.02,phase_conditioned,R2,all_post_onset,7,539511,209605,0.38850922409367
DS05,cvae,1,0.02,phase_conditioned,R2,all_post_onset,8,238536,95511,0.40040497031894556
DS05,cvae,1,0.02,phase_conditioned,R2,all_post_onset,9,774378,295751,0.3819207157228124
DS05,cvae,1,0.02,phase_conditioned,R2,all_post_onset,10,205662,80728,0.39252754519551497
DS05,cvae,1,0.02,phase_conditioned,R2,all_post_onset,all,1758087,681595,0.3876912803518825
DS05,cvae,1,0.02,phase_conditioned,R2,early_first_10,7,84909,1852,0.021811586522041244
DS05,cvae,1,0.02,phase_conditioned,R2,early_first_10,8,41129,660,0.016047071409467772
DS05,cvae,1,0.02,phase_conditioned,R2,early_first_10,9,152374,7932,0.05205612506070589
DS05,cvae,1,0.02,phase_conditioned,R2,early_first_10,10,42742,921,0.02154789200318188
DS05,cvae,1,0.02,phase_conditioned,R2,early_first_10,all,321154,11365,0.035388006999757124
DS05,cvae,1,0.02,quantile_regression_W,R0,all_post_onset,7,539511,221520,0.4105940379343517
DS05,cvae,1,0.02,quantile_regression_W,R0,all_post_onset,8,238536,93414,0.39161384445115205
DS05,cvae,1,0.02,quantile_regression_W,R0,all_post_onset,9,774378,321974,0.4157840227899036
DS05,cvae,1,0.02,quantile_regression_W,R0,all_post_onset,10,205662,79052,0.38437825169452794
DS05,cvae,1,0.02,quantile_regression_W,R0,all_post_onset,all,1758087,715960,0.407238094588038
DS05,cvae,1,0.02,quantile_regression_W,R0,early_first_10,7,84909,2404,0.028312664146321356
DS05,cvae,1,0.02,quantile_regression_W,R0,early_first_10,8,41129,950,0.02309805733180967
DS05,cvae,1,0.02,quantile_regression_W,R0,early_first_10,9,152374,8527,0.05596099072020161
DS05,cvae,1,0.02,quantile_regression_W,R0,early_first_10,10,42742,857,0.02005053577277619
DS05,cvae,1,0.02,quantile_regression_W,R0,early_first_10,all,321154,12738,0.03966321453259184
DS05,cvae,1,0.02,quantile_regression_W,R1,all_post_onset,7,539511,210125,0.389473059863469
DS05,cvae,1,0.02,quantile_regression_W,R1,all_post_onset,8,238536,88246,0.3699483516114968
DS05,cvae,1,0.02,quantile_regression_W,R1,all_post_onset,9,774378,303905,0.39245045701195025
DS05,cvae,1,0.02,quantile_regression_W,R1,all_post_onset,10,205662,74244,0.3610000875222452
DS05,cvae,1,0.02,quantile_regression_W,R1,all_post_onset,all,1758087,676520,0.38480462002164856
DS05,cvae,1,0.02,quantile_regression_W,R1,early_first_10,7,84909,1453,0.01711243802188225
DS05,cvae,1,0.02,quantile_regression_W,R1,early_first_10,8,41129,421,0.010236086459675655
DS05,cvae,1,0.02,quantile_regression_W,R1,early_first_10,9,152374,6129,0.04022339769251972
DS05,cvae,1,0.02,quantile_regression_W,R1,early_first_10,10,42742,376,0.008796967853633429
DS05,cvae,1,0.02,quantile_regression_W,R1,early_first_10,all,321154,8379,0.026090286902856575
DS05,cvae,1,0.02,quantile_regression_W,R2,all_post_onset,7,539511,220089,0.407941636037078
DS05,cvae,1,0.02,quantile_regression_W,R2,all_post_onset,8,238536,92683,0.38854931750343763
DS05,cvae,1,0.02,quantile_regression_W,R2,all_post_onset,9,774378,319440,0.4125117190829285
DS05,cvae,1,0.02,quantile_regression_W,R2,all_post_onset,10,205662,78486,0.3816261633165096
DS05,cvae,1,0.02,quantile_regression_W,R2,all_post_onset,all,1758087,710698,0.40424506864563586
DS05,cvae,1,0.02,quantile_regression_W,R2,early_first_10,7,84909,2034,0.023955057767727803
DS05,cvae,1,0.02,quantile_regression_W,R2,early_first_10,8,41129,750,0.01823530841984974
DS05,cvae,1,0.02,quantile_regression_W,R2,early_first_10,9,152374,7907,0.051892055075012794
DS05,cvae,1,0.02,quantile_regression_W,R2,early_first_10,10,42742,689,0.016119975667961257
DS05,cvae,1,0.02,quantile_regression_W,R2,early_first_10,all,321154,11380,0.03543471356420907
DS05,cvae,2,0.005,pooled,R0,all_post_onset,7,539511,212044,0.39302998456009236
DS05,cvae,2,0.005,pooled,R0,all_post_onset,8,238536,92488,0.3877318308347587
DS05,cvae,2,0.005,pooled,R0,all_post_onset,9,774378,344771,0.4452231339216765
DS05,cvae,2,0.005,pooled,R0,all_post_onset,10,205662,78178,0.38012856045355975
DS05,cvae,2,0.005,pooled,R0,all_post_onset,all,1758087,727481,0.4137912401377179
DS05,cvae,2,0.005,pooled,R0,early_first_10,7,84909,329,0.0038747364825872403
DS05,cvae,2,0.005,pooled,R0,early_first_10,8,41129,46,0.0011184322497507842
DS05,cvae,2,0.005,pooled,R0,early_first_10,9,152374,11165,0.07327365561053722
DS05,cvae,2,0.005,pooled,R0,early_first_10,10,42742,45,0.0010528285995040007
DS05,cvae,2,0.005,pooled,R0,early_first_10,all,321154,11585,0.03607303661171899
DS05,cvae,2,0.005,pooled,R1,all_post_onset,7,539511,203300,0.3768227153848578
DS05,cvae,2,0.005,pooled,R1,all_post_onset,8,238536,88599,0.371428212093772
DS05,cvae,2,0.005,pooled,R1,all_post_onset,9,774378,322617,0.41661436662715107
DS05,cvae,2,0.005,pooled,R1,all_post_onset,10,205662,75530,0.3672530657097568
DS05,cvae,2,0.005,pooled,R1,all_post_onset,all,1758087,690046,0.39249820970179516
DS05,cvae,2,0.005,pooled,R1,early_first_10,7,84909,115,0.0013543911717250232
DS05,cvae,2,0.005,pooled,R1,early_first_10,8,41129,0,0.0
DS05,cvae,2,0.005,pooled,R1,early_first_10,9,152374,6173,0.040512160867339574
DS05,cvae,2,0.005,pooled,R1,early_first_10,10,42742,3,7.018857330026672e-05
DS05,cvae,2,0.005,pooled,R1,early_first_10,all,321154,6291,0.019588733131145807
DS05,cvae,2,0.005,pooled,R2,all_post_onset,7,539511,210946,0.39099480826155536
DS05,cvae,2,0.005,pooled,R2,all_post_onset,8,238536,92226,0.3866334641312003
DS05,cvae,2,0.005,pooled,R2,all_post_onset,9,774378,341641,0.441181180250472
DS05,cvae,2,0.005,pooled,R2,all_post_onset,10,205662,77759,0.37809123707831294
DS05,cvae,2,0.005,pooled,R2,all_post_onset,all,1758087,722572,0.41099900061828565
DS05,cvae,2,0.005,pooled,R2,early_first_10,7,84909,147,0.0017312652369006819
DS05,cvae,2,0.005,pooled,R2,early_first_10,8,41129,0,0.0
DS05,cvae,2,0.005,pooled,R2,early_first_10,9,152374,10147,0.06659272579311432
DS05,cvae,2,0.005,pooled,R2,early_first_10,10,42742,6,0.00014037714660053343
DS05,cvae,2,0.005,pooled,R2,early_first_10,all,321154,10300,0.03207184092366902
DS05,cvae,2,0.005,phase_conditioned,R0,all_post_onset,7,539511,226778,0.4203399003912803
DS05,cvae,2,0.005,phase_conditioned,R0,all_post_onset,8,238536,98222,0.4117701311332461
DS05,cvae,2,0.005,phase_conditioned,R0,all_post_onset,9,774378,358587,0.4630645498709932
DS05,cvae,2,0.005,phase_conditioned,R0,all_post_onset,10,205662,83358,0.4053155176940806
DS05,cvae,2,0.005,phase_conditioned,R0,all_post_onset,all,1758087,766945,0.43623836590566906
DS05,cvae,2,0.005,phase_conditioned,R0,early_first_10,7,84909,412,0.004852253589136605
DS05,cvae,2,0.005,phase_conditioned,R0,early_first_10,8,41129,127,0.0030878455590945563
DS05,cvae,2,0.005,phase_conditioned,R0,early_first_10,9,152374,8398,0.055114389594025225
DS05,cvae,2,0.005,phase_conditioned,R0,early_first_10,10,42742,117,0.002737354358710402
DS05,cvae,2,0.005,phase_conditioned,R0,early_first_10,all,321154,9054,0.028192082303194105
DS05,cvae,2,0.005,phase_conditioned,R1,all_post_onset,7,539511,217399,0.402955639458695
DS05,cvae,2,0.005,phase_conditioned,R1,all_post_onset,8,238536,93995,0.39404953549988264
DS05,cvae,2,0.005,phase_conditioned,R1,all_post_onset,9,774378,335564,0.4333335916051334
DS05,cvae,2,0.005,phase_conditioned,R1,all_post_onset,10,205662,80338,0.39063122988203947
DS05,cvae,2,0.005,phase_conditioned,R1,all_post_onset,all,1758087,727296,0.4136860121256798
DS05,cvae,2,0.005,phase_conditioned,R1,early_first_10,7,84909,132,0.001554605518849592
DS05,cvae,2,0.005,phase_conditioned,R1,early_first_10,8,41129,3,7.294123367939897e-05
DS05,cvae,2,0.005,phase_conditioned,R1,early_first_10,9,152374,3702,0.02429548348143384
DS05,cvae,2,0.005,phase_conditioned,R1,early_first_10,10,42742,16,0.0003743390576014225
DS05,cvae,2,0.005,phase_conditioned,R1,early_first_10,all,321154,3853,0.011997359522222983
DS05,cvae,2,0.005,phase_conditioned,R2,all_post_onset,7,539511,225761,0.4184548600491927
DS05,cvae,2,0.005,phase_conditioned,R2,all_post_onset,8,238536,97763,0.4098458932823557
DS05,cvae,2,0.005,phase_conditioned,R2,all_post_onset,9,774378,354731,0.4580850695655094
DS05,cvae,2,0.005,phase_conditioned,R2,all_post_onset,10,205662,82891,0.4030448016648676
DS05,cvae,2,0.005,phase_conditioned,R2,all_post_onset,all,1758087,761146,0.4329398943283239
DS05,cvae,2,0.005,phase_conditioned,R2,early_first_10,7,84909,177,0.0020845846730028618
DS05,cvae,2,0.005,phase_conditioned,R2,early_first_10,8,41129,11,0.0002674511901577962
DS05,cvae,2,0.005,phase_conditioned,R2,early_first_10,9,152374,7025,0.046103665979760323
DS05,cvae,2,0.005,phase_conditioned,R2,early_first_10,10,42742,43,0.001006036217303823
DS05,cvae,2,0.005,phase_conditioned,R2,early_first_10,all,321154,7256,0.022593522110887613
DS05,cvae,2,0.005,quantile_regression_W,R0,all_post_onset,7,539511,249390,0.46225192813492216
DS05,cvae,2,0.005,quantile_regression_W,R0,all_post_onset,8,238536,114168,0.47861957943455075
DS05,cvae,2,0.005,quantile_regression_W,R0,all_post_onset,9,774378,351149,0.4534594216261309
DS05,cvae,2,0.005,quantile_regression_W,R0,all_post_onset,10,205662,95209,0.4629391914889479
DS05,cvae,2,0.005,quantile_regression_W,R0,all_post_onset,all,1758087,809916,0.4606802735018233
DS05,cvae,2,0.005,quantile_regression_W,R0,early_first_10,7,84909,1203,0.014168109387697417
DS05,cvae,2,0.005,quantile_regression_W,R0,early_first_10,8,41129,218,0.0053003963140363245
DS05,cvae,2,0.005,quantile_regression_W,R0,early_first_10,9,152374,2601,0.017069841311509838
DS05,cvae,2,0.005,quantile_regression_W,R0,early_first_10,10,42742,285,0.006667914463525338
DS05,cvae,2,0.005,quantile_regression_W,R0,early_first_10,all,321154,4307,0.013411011539635191
DS05,cvae,2,0.005,quantile_regression_W,R1,all_post_onset,7,539511,239093,0.44316612636257646
DS05,cvae,2,0.005,quantile_regression_W,R1,all_post_onset,8,238536,109006,0.4569792400308549
DS05,cvae,2,0.005,quantile_regression_W,R1,all_post_onset,9,774378,331223,0.4277278021844629
DS05,cvae,2,0.005,quantile_regression_W,R1,all_post_onset,10,205662,90767,0.4413406463031576
DS05,cvae,2,0.005,quantile_regression_W,R1,all_post_onset,all,1758087,770089,0.4380266733102514
DS05,cvae,2,0.005,quantile_regression_W,R1,early_first_10,7,84909,458,0.0053940100578266145
DS05,cvae,2,0.005,quantile_regression_W,R1,early_first_10,8,41129,11,0.0002674511901577962
DS05,cvae,2,0.005,quantile_regression_W,R1,early_first_10,9,152374,674,0.004423326814285902
DS05,cvae,2,0.005,quantile_regression_W,R1,early_first_10,10,42742,30,0.0007018857330026672
DS05,cvae,2,0.005,quantile_regression_W,R1,early_first_10,all,321154,1173,0.0036524533401421123
DS05,cvae,2,0.005,quantile_regression_W,R2,all_post_onset,7,539511,247900,0.4594901679483829
DS05,cvae,2,0.005,quantile_regression_W,R2,all_post_onset,8,238536,113648,0.47643961498474025
DS05,cvae,2,0.005,quantile_regression_W,R2,all_post_onset,9,774378,348145,0.4495801791889749
DS05,cvae,2,0.005,quantile_regression_W,R2,all_post_onset,10,205662,94081,0.4574544641207418
DS05,cvae,2,0.005,quantile_regression_W,R2,all_post_onset,all,1758087,803774,0.4571867035021589
DS05,cvae,2,0.005,quantile_regression_W,R2,early_first_10,7,84909,708,0.008338338692011447
DS05,cvae,2,0.005,quantile_regression_W,R2,early_first_10,8,41129,41,0.0009968635269517858
DS05,cvae,2,0.005,quantile_regression_W,R2,early_first_10,9,152374,1152,0.007560344940737921
DS05,cvae,2,0.005,quantile_regression_W,R2,early_first_10,10,42742,106,0.002479996256609424
DS05,cvae,2,0.005,quantile_regression_W,R2,early_first_10,all,321154,2007,0.006249338323670264
DS05,cvae,2,0.01,pooled,R0,all_post_onset,7,539511,224888,0.41683672807412636
DS05,cvae,2,0.01,pooled,R0,all_post_onset,8,238536,98663,0.4136189086762585
DS05,cvae,2,0.01,pooled,R0,all_post_onset,9,774378,375057,0.4843332326073313
DS05,cvae,2,0.01,pooled,R0,all_post_onset,10,205662,82269,0.40002042185722203
DS05,cvae,2,0.01,pooled,R0,all_post_onset,all,1758087,780877,0.44416288841223445
DS05,cvae,2,0.01,pooled,R0,early_first_10,7,84909,453,0.005335123485142918
DS05,cvae,2,0.01,pooled,R0,early_first_10,8,41129,83,0.0020180407984633714
DS05,cvae,2,0.01,pooled,R0,early_first_10,9,152374,15934,0.10457164608135246
DS05,cvae,2,0.01,pooled,R0,early_first_10,10,42742,86,0.002012072434607646
DS05,cvae,2,0.01,pooled,R0,early_first_10,all,321154,16556,0.05155159207109362
DS05,cvae,2,0.01,pooled,R1,all_post_onset,7,539511,214621,0.3978065322115768
DS05,cvae,2,0.01,pooled,R1,all_post_onset,8,238536,94201,0.3949131368011537
DS05,cvae,2,0.01,pooled,R1,all_post_onset,9,774378,349715,0.45160761281957906
DS05,cvae,2,0.01,pooled,R1,all_post_onset,10,205662,79214,0.3851659519016639
DS05,cvae,2,0.01,pooled,R1,all_post_onset,all,1758087,737751,0.41963281680599424
DS05,cvae,2,0.01,pooled,R1,early_first_10,7,84909,140,0.0016488240351435065
DS05,cvae,2,0.01,pooled,R1,early_first_10,8,41129,1,2.4313744559799654e-05
DS05,cvae,2,0.01,pooled,R1,early_first_10,9,152374,9851,0.06465013716250805
DS05,cvae,2,0.01,pooled,R1,early_first_10,10,42742,10,0.00023396191100088904
DS05,cvae,2,0.01,pooled,R1,early_first_10,all,321154,10002,0.03114393717655704
DS05,cvae,2,0.01,pooled,R2,all_post_onset,7,539511,223817,0.41485159709440583
DS05,cvae,2,0.01,pooled,R2,all_post_onset,8,238536,98506,0.4129607271019888
DS05,cvae,2,0.01,pooled,R2,all_post_onset,9,774378,372214,0.4806618989692372
DS05,cvae,2,0.01,pooled,R2,all_post_onset,10,205662,81719,0.3973461310305258
DS05,cvae,2,0.01,pooled,R2,all_post_onset,all,1758087,776256,0.4415344633115426
DS05,cvae,2,0.01,pooled,R2,early_first_10,7,84909,183,0.0021552485602232977
DS05,cvae,2,0.01,pooled,R2,early_first_10,8,41129,3,7.294123367939897e-05
DS05,cvae,2,0.01,pooled,R2,early_first_10,9,152374,14913,0.09787102786564637
DS05,cvae,2,0.01,pooled,R2,early_first_10,10,42742,17,0.0003977352487015114
DS05,cvae,2,0.01,pooled,R2,early_first_10,all,321154,15116,0.047067761883706885
DS05,cvae,2,0.01,phase_conditioned,R0,all_post_onset,7,539511,243869,0.4520185872021145
DS05,cvae,2,0.01,phase_conditioned,R0,all_post_onset,8,238536,105596,0.4426837039272898
DS05,cvae,2,0.01,phase_conditioned,R0,all_post_onset,9,774378,398186,0.5142010749272319
DS05,cvae,2,0.01,phase_conditioned,R0,all_post_onset,10,205662,89482,0.4350925304626037
DS05,cvae,2,0.01,phase_conditioned,R0,all_post_onset,all,1758087,837133,0.4761613048728533
DS05,cvae,2,0.01,phase_conditioned,R0,early_first_10,7,84909,705,0.00830300674840123
DS05,cvae,2,0.01,phase_conditioned,R0,early_first_10,8,41129,293,0.007123927156021299
DS05,cvae,2,0.01,phase_conditioned,R0,early_first_10,9,152374,13080,0.08584141651462848
DS05,cvae,2,0.01,phase_conditioned,R0,early_first_10,10,42742,316,0.007393196387628094
DS05,cvae,2,0.01,phase_conditioned,R0,early_first_10,all,321154,14394,0.04481961924808659
DS05,cvae,2,0.01,phase_conditioned,R1,all_post_onset,7,539511,233167,0.4321821056475216
DS05,cvae,2,0.01,phase_conditioned,R1,all_post_onset,8,238536,100736,0.42230942080021466
DS05,cvae,2,0.01,phase_conditioned,R1,all_post_onset,9,774378,369757,0.47748902990529174
DS05,cvae,2,0.01,phase_conditioned,R1,all_post_onset,10,205662,85689,0.41664964845231495
DS05,cvae,2,0.01,phase_conditioned,R1,all_post_onset,all,1758087,789349,0.44898176256351363
DS05,cvae,2,0.01,phase_conditioned,R1,early_first_10,7,84909,191,0.0022494670765172125
DS05,cvae,2,0.01,phase_conditioned,R1,early_first_10,8,41129,31,0.0007537260813537893
DS05,cvae,2,0.01,phase_conditioned,R1,early_first_10,9,152374,7004,0.045965847191778125
DS05,cvae,2,0.01,phase_conditioned,R1,early_first_10,10,42742,103,0.0024098076833091574
DS05,cvae,2,0.01,phase_conditioned,R1,early_first_10,all,321154,7329,0.022820827391220412
DS05,cvae,2,0.01,phase_conditioned,R2,all_post_onset,7,539511,242298,0.44910669105912576
DS05,cvae,2,0.01,phase_conditioned,R2,all_post_onset,8,238536,104833,0.43948502532112554
DS05,cvae,2,0.01,phase_conditioned,R2,all_post_onset,9,774378,395105,0.5102223978470463
DS05,cvae,2,0.01,phase_conditioned,R2,all_post_onset,10,205662,88592,0.43076504167031343
DS05,cvae,2,0.01,phase_conditioned,R2,all_post_onset,all,1758087,830828,0.4725750204625823
DS05,cvae,2,0.01,phase_conditioned,R2,early_first_10,7,84909,318,0.0037451860226831077
DS05,cvae,2,0.01,phase_conditioned,R2,early_first_10,8,41129,82,0.0019937270539035715
DS05,cvae,2,0.01,phase_conditioned,R2,early_first_10,9,152374,11637,0.07637129694042291
DS05,cvae,2,0.01,phase_conditioned,R2,early_first_10,10,42742,176,0.0041177296336156475
DS05,cvae,2,0.01,phase_conditioned,R2,early_first_10,all,321154,12213,0.03802848477677376
DS05,cvae,2,0.01,quantile_regression_W,R0,all_post_onset,7,539511,269491,0.4995097412286311
DS05,cvae,2,0.01,quantile_regression_W,R0,all_post_onset,8,238536,124095,0.5202359392292987
DS05,cvae,2,0.01,quantile_regression_W,R0,all_post_onset,9,774378,388178,0.5012771540513806
DS05,cvae,2,0.01,quantile_regression_W,R0,all_post_onset,10,205662,104812,0.509632309323064
DS05,cvae,2,0.01,quantile_regression_W,R0,all_post_onset,all,1758087,886576,0.5042844864901452
DS05,cvae,2,0.01,quantile_regression_W,R0,early_first_10,7,84909,2018,0.023766620735139972
DS05,cvae,2,0.01,quantile_regression_W,R0,early_first_10,8,41129,535,0.013007853339492816
DS05,cvae,2,0.01,quantile_regression_W,R0,early_first_10,9,152374,4853,0.03184926562274404
DS05,cvae,2,0.01,quantile_regression_W,R0,early_first_10,10,42742,736,0.017219596649665433
DS05,cvae,2,0.01,quantile_regression_W,R0,early_first_10,all,321154,8142,0.02535232318451584
DS05,cvae,2,0.01,quantile_regression_W,R1,all_post_onset,7,539511,257330,0.4769689589276215
DS05,cvae,2,0.01,quantile_regression_W,R1,all_post_onset,8,238536,118791,0.4980003018412315
DS05,cvae,2,0.01,quantile_regression_W,R1,all_post_onset,9,774378,363813,0.46981319200700433
DS05,cvae,2,0.01,quantile_regression_W,R1,all_post_onset,10,205662,98436,0.4786299851212183
DS05,cvae,2,0.01,quantile_regression_W,R1,all_post_onset,all,1758087,838370,0.4768649105533458
DS05,cvae,2,0.01,quantile_regression_W,R1,early_first_10,7,84909,664,0.007820136852394917
DS05,cvae,2,0.01,quantile_regression_W,R1,early_first_10,8,41129,76,0.0018478445865447739
DS05,cvae,2,0.01,quantile_regression_W,R1,early_first_10,9,152374,1375,0.009023849213120348
DS05,cvae,2,0.01,quantile_regression_W,R1,early_first_10,10,42742,176,0.0041177296336156475
DS05,cvae,2,0.01,quantile_regression_W,R1,early_first_10,all,321154,2291,0.00713364927729376
DS05,cvae,2,0.01,quantile_regression_W,R2,all_post_onset,7,539511,267303,0.4954542168741694
DS05,cvae,2,0.01,quantile_regression_W,R2,all_post_onset,8,238536,123259,0.5167312271522957
DS05,cvae,2,0.01,quantile_regression_W,R2,all_post_onset,9,774378,384153,0.4960794340748317
DS05,cvae,2,0.01,quantile_regression_W,R2,all_post_onset,10,205662,103376,0.5026499790919081
DS05,cvae,2,0.01,quantile_regression_W,R2,all_post_onset,all,1758087,878091,0.49945821793802014
DS05,cvae,2,0.01,quantile_regression_W,R2,early_first_10,7,84909,1121,0.013202369595684792
DS05,cvae,2,0.01,quantile_regression_W,R2,early_first_10,8,41129,204,0.00496000389019913
DS05,cvae,2,0.01,quantile_regression_W,R2,early_first_10,9,152374,2536,0.016643259348707785
DS05,cvae,2,0.01,quantile_regression_W,R2,early_first_10,10,42742,391,0.009147910720134761
DS05,cvae,2,0.01,quantile_regression_W,R2,early_first_10,all,321154,4252,0.013239754136644724
DS05,cvae,2,0.02,pooled,R0,all_post_onset,7,539511,238887,0.44278429911531
DS05,cvae,2,0.02,pooled,R0,all_post_onset,8,238536,105140,0.44077204279437904
DS05,cvae,2,0.02,pooled,R0,all_post_onset,9,774378,405423,0.5235466400130169
DS05,cvae,2,0.02,pooled,R0,all_post_onset,10,205662,86949,0.42277620561892815
DS05,cvae,2,0.02,pooled,R0,all_post_onset,all,1758087,836399,0.4757438056250914
DS05,cvae,2,0.02,pooled,R0,early_first_10,7,84909,636,0.0074903720453662155
DS05,cvae,2,0.02,pooled,R0,early_first_10,8,41129,124,0.003014904325415157
DS05,cvae,2,0.02,pooled,R0,early_first_10,9,152374,21796,0.1430427763266699
DS05,cvae,2,0.02,pooled,R0,early_first_10,10,42742,141,0.0032988629451125356
DS05,cvae,2,0.02,pooled,R0,early_first_10,all,321154,22697,0.07067325955771997
DS05,cvae,2,0.02,pooled,R1,all_post_onset,7,539511,227999,0.42260306091998123
DS05,cvae,2,0.02,pooled,R1,all_post_onset,8,238536,100665,0.42201177180802896
DS05,cvae,2,0.02,pooled,R1,all_post_onset,9,774378,377725,0.487778578420358
DS05,cvae,2,0.02,pooled,R1,all_post_onset,10,205662,83317,0.4051161614688178
DS05,cvae,2,0.02,pooled,R1,all_post_onset,all,1758087,789706,0.4491848241867439
DS05,cvae,2,0.02,pooled,R1,early_first_10,7,84909,186,0.002190580503833516
DS05,cvae,2,0.02,pooled,R1,early_first_10,8,41129,3,7.294123367939897e-05
DS05,cvae,2,0.02,pooled,R1,early_first_10,9,152374,14811,0.09720162232401854
DS05,cvae,2,0.02,pooled,R1,early_first_10,10,42742,18,0.0004211314398016003
DS05,cvae,2,0.02,pooled,R1,early_first_10,all,321154,15018,0.04676261232928751
DS05,cvae,2,0.02,pooled,R2,all_post_onset,7,539511,238146,0.44141083314334645
DS05,cvae,2,0.02,pooled,R2,all_post_onset,8,238536,104725,0.4390322634738572
DS05,cvae,2,0.02,pooled,R2,all_post_onset,9,774378,402874,0.5202549659210359
DS05,cvae,2,0.02,pooled,R2,all_post_onset,10,205662,86333,0.41978099989302836
DS05,cvae,2,0.02,pooled,R2,all_post_onset,all,1758087,832078,0.47328602054392077
DS05,cvae,2,0.02,pooled,R2,early_first_10,7,84909,262,0.0030856564086257053
DS05,cvae,2,0.02,pooled,R2,early_first_10,8,41129,11,0.0002674511901577962
DS05,cvae,2,0.02,pooled,R2,early_first_10,9,152374,20814,0.13659810728864505
DS05,cvae,2,0.02,pooled,R2,early_first_10,10,42742,45,0.0010528285995040007
DS05,cvae,2,0.02,pooled,R2,early_first_10,all,321154,21132,0.06580020799990036
DS05,cvae,2,0.02,phase_conditioned,R0,all_post_onset,7,539511,262334,0.4862440246816098
DS05,cvae,2,0.02,phase_conditioned,R0,all_post_onset,8,238536,114536,0.48016232350672433
DS05,cvae,2,0.02,phase_conditioned,R0,all_post_onset,9,774378,439381,0.5673986089480848
DS05,cvae,2,0.02,phase_conditioned,R0,all_post_onset,10,205662,97665,0.47488111561688595
DS05,cvae,2,0.02,phase_conditioned,R0,all_post_onset,all,1758087,913916,0.5198354802691789
DS05,cvae,2,0.02,phase_conditioned,R0,early_first_10,7,84909,1329,0.015652051019326572
DS05,cvae,2,0.02,phase_conditioned,R0,early_first_10,8,41129,644,0.015658051496510977
DS05,cvae,2,0.02,phase_conditioned,R0,early_first_10,9,152374,18995,0.1246603751296153
DS05,cvae,2,0.02,phase_conditioned,R0,early_first_10,10,42742,712,0.016658088063263302
DS05,cvae,2,0.02,phase_conditioned,R0,early_first_10,all,321154,21680,0.0675065544878781
DS05,cvae,2,0.02,phase_conditioned,R1,all_post_onset,7,539511,249172,0.4618478585237372
DS05,cvae,2,0.02,phase_conditioned,R1,all_post_onset,8,238536,108322,0.45411174833148876
DS05,cvae,2,0.02,phase_conditioned,R1,all_post_onset,9,774378,407685,0.5264676940718874
DS05,cvae,2,0.02,phase_conditioned,R1,all_post_onset,10,205662,92486,0.44969902072332274
DS05,cvae,2,0.02,phase_conditioned,R1,all_post_onset,all,1758087,857665,0.4878399078088855
DS05,cvae,2,0.02,phase_conditioned,R1,early_first_10,7,84909,368,0.004334051749520075
DS05,cvae,2,0.02,phase_conditioned,R1,early_first_10,8,41129,122,0.002966276836295558
DS05,cvae,2,0.02,phase_conditioned,R1,early_first_10,9,152374,10936,0.07177077454158846
DS05,cvae,2,0.02,phase_conditioned,R1,early_first_10,10,42742,239,0.005591689672921249
DS05,cvae,2,0.02,phase_conditioned,R1,early_first_10,all,321154,11665,0.03632213828879603
DS05,cvae,2,0.02,phase_conditioned,R2,all_post_onset,7,539511,260331,0.48253140343755735
DS05,cvae,2,0.02,phase_conditioned,R2,all_post_onset,8,238536,113564,0.4760874668813093
DS05,cvae,2,0.02,phase_conditioned,R2,all_post_onset,9,774378,436594,0.5637995914140123
DS05,cvae,2,0.02,phase_conditioned,R2,all_post_onset,10,205662,96548,0.4694498740652138
DS05,cvae,2,0.02,phase_conditioned,R2,all_post_onset,all,1758087,907037,0.5159227046215574
DS05,cvae,2,0.02,phase_conditioned,R2,early_first_10,7,84909,691,0.00813812434488688
DS05,cvae,2,0.02,phase_conditioned,R2,early_first_10,8,41129,275,0.0066862797539449055
DS05,cvae,2,0.02,phase_conditioned,R2,early_first_10,9,152374,17213,0.11296546654941132
DS05,cvae,2,0.02,phase_conditioned,R2,early_first_10,10,42742,454,0.010621870759440363
DS05,cvae,2,0.02,phase_conditioned,R2,early_first_10,all,321154,18633,0.058018894362206294
DS05,cvae,2,0.02,quantile_regression_W,R0,all_post_onset,7,539511,292975,0.5430380474170128
DS05,cvae,2,0.02,quantile_regression_W,R0,all_post_onset,8,238536,135255,0.5670213301136935
DS05,cvae,2,0.02,quantile_regression_W,R0,all_post_onset,9,774378,431216,0.5568546627099427
DS05,cvae,2,0.02,quantile_regression_W,R0,all_post_onset,10,205662,118558,0.5764701306026393
DS05,cvae,2,0.02,quantile_regression_W,R0,all_post_onset,all,1758087,978004,0.5562887388394318
DS05,cvae,2,0.02,quantile_regression_W,R0,early_first_10,7,84909,3988,0.04696793037251646
DS05,cvae,2,0.02,quantile_regression_W,R0,early_first_10,8,41129,1216,0.029565513384716382
DS05,cvae,2,0.02,quantile_regression_W,R0,early_first_10,9,152374,9306,0.06107341147439852
DS05,cvae,2,0.02,quantile_regression_W,R0,early_first_10,10,42742,1939,0.04536521454307239
DS05,cvae,2,0.02,quantile_regression_W,R0,early_first_10,all,321154,16449,0.05121841857800308
DS05,cvae,2,0.02,quantile_regression_W,R1,all_post_onset,7,539511,277156,0.5137170511815329
DS05,cvae,2,0.02,quantile_regression_W,R1,all_post_onset,8,238536,128695,0.5395202401314686
DS05,cvae,2,0.02,quantile_regression_W,R1,all_post_onset,9,774378,401398,0.5183489200364679
DS05,cvae,2,0.02,quantile_regression_W,R1,all_post_onset,10,205662,110164,0.5356555902402972
DS05,cvae,2,0.02,quantile_regression_W,R1,all_post_onset,all,1758087,917413,0.5218245740967313
DS05,cvae,2,0.02,quantile_regression_W,R1,early_first_10,7,84909,1337,0.01574626953562049
DS05,cvae,2,0.02,quantile_regression_W,R1,early_first_10,8,41129,272,0.006613338520265506
DS05,cvae,2,0.02,quantile_regression_W,R1,early_first_10,9,152374,3052,0.020029663853413312
DS05,cvae,2,0.02,quantile_regression_W,R1,early_first_10,10,42742,575,0.01345280988255112
DS05,cvae,2,0.02,quantile_regression_W,R1,early_first_10,all,321154,5236,0.01630370476469233
DS05,cvae,2,0.02,quantile_regression_W,R2,all_post_onset,7,539511,289974,0.537475602907077
DS05,cvae,2,0.02,quantile_regression_W,R2,all_post_onset,8,238536,133771,0.5608000469530805
DS05,cvae,2,0.02,quantile_regression_W,R2,all_post_onset,9,774378,426114,0.5502661490899793
DS05,cvae,2,0.02,quantile_regression_W,R2,all_post_onset,10,205662,117466,0.5711604477249078
DS05,cvae,2,0.02,quantile_regression_W,R2,all_post_onset,all,1758087,967325,0.5502145229445414
DS05,cvae,2,0.02,quantile_regression_W,R2,early_first_10,7,84909,2567,0.030232366415809866
DS05,cvae,2,0.02,quantile_regression_W,R2,early_first_10,8,41129,638,0.01551216902915218
DS05,cvae,2,0.02,quantile_regression_W,R2,early_first_10,9,152374,5976,0.03921928938007797
DS05,cvae,2,0.02,quantile_regression_W,R2,early_first_10,10,42742,1257,0.029409012212811753
DS05,cvae,2,0.02,quantile_regression_W,R2,early_first_10,all,321154,10438,0.032501541316626914
