subset,detector,seed,nominal_fpr,arm,rule,unit,healthy_flights,flagged,false_flag_rate,any_alarm_fraction,events_per_healthy_flight,kappa
DS06,pca,-1,0.005,pooled,R0,7,21,6,0.2857142857142857,1.0,23.61904761904762,0.015594541910331383
DS06,pca,-1,0.005,pooled,R0,8,31,4,0.12903225806451613,1.0,7.129032258064516,0.015594541910331383
DS06,pca,-1,0.005,pooled,R0,9,16,3,0.1875,1.0,53.1875,0.015594541910331383
DS06,pca,-1,0.005,pooled,R0,10,32,3,0.09375,1.0,9.40625,0.015594541910331383
DS06,pca,-1,0.005,pooled,R0,all,100,16,0.16,1.0,18.69,0.015594541910331383
DS06,pca,-1,0.005,pooled,R1,7,21,3,0.14285714285714285,0.8571428571428571,4.619047619047619,0.012760055478502081
DS06,pca,-1,0.005,pooled,R1,8,31,4,0.12903225806451613,0.3225806451612903,0.9032258064516129,0.012760055478502081
DS06,pca,-1,0.005,pooled,R1,9,16,2,0.125,1.0,10.0,0.012760055478502081
DS06,pca,-1,0.005,pooled,R1,10,32,3,0.09375,0.4375,0.96875,0.012760055478502081
DS06,pca,-1,0.005,pooled,R1,all,100,12,0.12,0.58,3.16,0.012760055478502081
DS06,pca,-1,0.005,pooled,R2,7,21,6,0.2857142857142857,0.9047619047619048,5.619047619047619,0.014285714285714285
DS06,pca,-1,0.005,pooled,R2,8,31,5,0.16129032258064516,0.5161290322580645,1.032258064516129,0.014285714285714285
DS06,pca,-1,0.005,pooled,R2,9,16,3,0.1875,1.0,12.3125,0.014285714285714285
DS06,pca,-1,0.005,pooled,R2,10,32,3,0.09375,0.59375,1.3125,0.014285714285714285
DS06,pca,-1,0.005,pooled,R2,all,100,17,0.17,0.7,3.89,0.014285714285714285
DS06,pca,-1,0.005,phase_conditioned,R0,7,21,5,0.23809523809523808,1.0,23.952380952380953,0.016069012178619755
DS06,pca,-1,0.005,phase_conditioned,R0,8,31,4,0.12903225806451613,1.0,7.225806451612903,0.016069012178619755
DS06,pca,-1,0.005,phase_conditioned,R0,9,16,5,0.3125,1.0,67.5625,0.016069012178619755
DS06,pca,-1,0.005,phase_conditioned,R0,10,32,3,0.09375,1.0,8.625,0.016069012178619755
DS06,pca,-1,0.005,phase_conditioned,R0,all,100,17,0.17,1.0,20.84,0.016069012178619755
DS06,pca,-1,0.005,phase_conditioned,R1,7,21,5,0.23809523809523808,0.7619047619047619,5.714285714285714,0.012343966712898752
DS06,pca,-1,0.005,phase_conditioned,R1,8,31,2,0.06451612903225806,0.3225806451612903,1.096774193548387,0.012343966712898752
DS06,pca,-1,0.005,phase_conditioned,R1,9,16,3,0.1875,1.0,11.6875,0.012343966712898752
DS06,pca,-1,0.005,phase_conditioned,R1,10,32,3,0.09375,0.46875,1.28125,0.012343966712898752
DS06,pca,-1,0.005,phase_conditioned,R1,all,100,13,0.13,0.57,3.82,0.012343966712898752
DS06,pca,-1,0.005,phase_conditioned,R2,7,21,5,0.23809523809523808,0.8571428571428571,5.857142857142857,0.01407766990291262
DS06,pca,-1,0.005,phase_conditioned,R2,8,31,3,0.0967741935483871,0.45161290322580644,1.2258064516129032,0.01407766990291262
DS06,pca,-1,0.005,phase_conditioned,R2,9,16,4,0.25,1.0,14.6875,0.01407766990291262
DS06,pca,-1,0.005,phase_conditioned,R2,10,32,3,0.09375,0.625,1.3125,0.01407766990291262
DS06,pca,-1,0.005,phase_conditioned,R2,all,100,15,0.15,0.68,4.38,0.01407766990291262
DS06,pca,-1,0.005,quantile_regression_W,R0,7,21,12,0.5714285714285714,1.0,70.95238095238095,0.01762255687279718
DS06,pca,-1,0.005,quantile_regression_W,R0,8,31,2,0.06451612903225806,1.0,12.03225806451613,0.01762255687279718
DS06,pca,-1,0.005,quantile_regression_W,R0,9,16,15,0.9375,1.0,157.8125,0.01762255687279718
DS06,pca,-1,0.005,quantile_regression_W,R0,10,32,18,0.5625,1.0,32.03125,0.01762255687279718
DS06,pca,-1,0.005,quantile_regression_W,R0,all,100,47,0.47,1.0,54.13,0.01762255687279718
DS06,pca,-1,0.005,quantile_regression_W,R1,7,21,12,0.5714285714285714,0.9523809523809523,15.142857142857142,0.00681335166895862
DS06,pca,-1,0.005,quantile_regression_W,R1,8,31,2,0.06451612903225806,0.6129032258064516,1.2580645161290323,0.00681335166895862
DS06,pca,-1,0.005,quantile_regression_W,R1,9,16,15,0.9375,1.0,32.125,0.00681335166895862
DS06,pca,-1,0.005,quantile_regression_W,R1,10,32,18,0.5625,0.90625,7.71875,0.00681335166895862
DS06,pca,-1,0.005,quantile_regression_W,R1,all,100,47,0.47,0.84,11.18,0.00681335166895862
DS06,pca,-1,0.005,quantile_regression_W,R2,7,21,12,0.5714285714285714,0.9523809523809523,14.761904761904763,0.014221465904947125
DS06,pca,-1,0.005,quantile_regression_W,R2,8,31,2,0.06451612903225806,0.8064516129032258,1.903225806451613,0.014221465904947125
DS06,pca,-1,0.005,quantile_regression_W,R2,9,16,15,0.9375,1.0,30.75,0.014221465904947125
DS06,pca,-1,0.005,quantile_regression_W,R2,10,32,18,0.5625,0.96875,6.8125,0.014221465904947125
DS06,pca,-1,0.005,quantile_regression_W,R2,all,100,47,0.47,0.92,10.79,0.014221465904947125
DS06,pca,-1,0.01,pooled,R0,7,21,9,0.42857142857142855,1.0,56.19047619047619,0.02612085769980507
DS06,pca,-1,0.01,pooled,R0,8,31,7,0.22580645161290322,1.0,15.290322580645162,0.02612085769980507
DS06,pca,-1,0.01,pooled,R0,9,16,9,0.5625,1.0,142.9375,0.02612085769980507
DS06,pca,-1,0.01,pooled,R0,10,32,6,0.1875,1.0,24.125,0.02612085769980507
DS06,pca,-1,0.01,pooled,R0,all,100,31,0.31,1.0,47.13,0.02612085769980507
DS06,pca,-1,0.01,pooled,R1,7,21,9,0.42857142857142855,0.9523809523809523,12.333333333333334,0.020662768031189084
DS06,pca,-1,0.01,pooled,R1,8,31,6,0.1935483870967742,0.4838709677419355,2.3870967741935485,0.020662768031189084
DS06,pca,-1,0.01,pooled,R1,9,16,6,0.375,1.0,28.25,0.020662768031189084
DS06,pca,-1,0.01,pooled,R1,10,32,5,0.15625,0.75,4.1875,0.020662768031189084
DS06,pca,-1,0.01,pooled,R1,all,100,26,0.26,0.75,9.19,0.020662768031189084
DS06,pca,-1,0.01,pooled,R2,7,21,9,0.42857142857142855,1.0,14.095238095238095,0.02245508982035928
DS06,pca,-1,0.01,pooled,R2,8,31,7,0.22580645161290322,0.7096774193548387,2.935483870967742,0.02245508982035928
DS06,pca,-1,0.01,pooled,R2,9,16,8,0.5,1.0,31.0,0.02245508982035928
DS06,pca,-1,0.01,pooled,R2,10,32,6,0.1875,0.875,5.59375,0.02245508982035928
DS06,pca,-1,0.01,pooled,R2,all,100,30,0.3,0.87,10.62,0.02245508982035928
DS06,pca,-1,0.01,phase_conditioned,R0,7,21,12,0.5714285714285714,1.0,69.57142857142857,0.030994152046783626
DS06,pca,-1,0.01,phase_conditioned,R0,8,31,4,0.12903225806451613,1.0,13.64516129032258,0.030994152046783626
DS06,pca,-1,0.01,phase_conditioned,R0,9,16,9,0.5625,1.0,186.5625,0.030994152046783626
DS06,pca,-1,0.01,phase_conditioned,R0,10,32,7,0.21875,1.0,24.5,0.030994152046783626
DS06,pca,-1,0.01,phase_conditioned,R0,all,100,32,0.32,1.0,56.53,0.030994152046783626
DS06,pca,-1,0.01,phase_conditioned,R1,7,21,11,0.5238095238095238,1.0,17.80952380952381,0.02280701754385965
DS06,pca,-1,0.01,phase_conditioned,R1,8,31,3,0.0967741935483871,0.6774193548387096,1.8387096774193548,0.02280701754385965
DS06,pca,-1,0.01,phase_conditioned,R1,9,16,9,0.5625,1.0,33.3125,0.02280701754385965
DS06,pca,-1,0.01,phase_conditioned,R1,10,32,7,0.21875,0.8125,5.125,0.02280701754385965
DS06,pca,-1,0.01,phase_conditioned,R1,all,100,30,0.3,0.84,11.28,0.02280701754385965
DS06,pca,-1,0.01,phase_conditioned,R2,7,21,12,0.5714285714285714,1.0,15.904761904761905,0.025146198830409357
DS06,pca,-1,0.01,phase_conditioned,R2,8,31,4,0.12903225806451613,0.7741935483870968,2.4516129032258065,0.025146198830409357
DS06,pca,-1,0.01,phase_conditioned,R2,9,16,9,0.5625,1.0,36.9375,0.025146198830409357
DS06,pca,-1,0.01,phase_conditioned,R2,10,32,7,0.21875,0.84375,5.65625,0.025146198830409357
DS06,pca,-1,0.01,phase_conditioned,R2,all,100,32,0.32,0.88,11.82,0.025146198830409357
DS06,pca,-1,0.01,quantile_regression_W,R0,7,21,16,0.7619047619047619,1.0,113.80952380952381,0.03259862937581034
DS06,pca,-1,0.01,quantile_regression_W,R0,8,31,2,0.06451612903225806,1.0,19.29032258064516,0.03259862937581034
DS06,pca,-1,0.01,quantile_regression_W,R0,9,16,15,0.9375,1.0,257.9375,0.03259862937581034
DS06,pca,-1,0.01,quantile_regression_W,R0,10,32,19,0.59375,1.0,48.46875,0.03259862937581034
DS06,pca,-1,0.01,quantile_regression_W,R0,all,100,52,0.52,1.0,86.66,0.03259862937581034
DS06,pca,-1,0.01,quantile_regression_W,R1,7,21,16,0.7619047619047619,1.0,27.952380952380953,0.019633265419522133
DS06,pca,-1,0.01,quantile_regression_W,R1,8,31,2,0.06451612903225806,0.7096774193548387,2.032258064516129,0.019633265419522133
DS06,pca,-1,0.01,quantile_regression_W,R1,9,16,15,0.9375,1.0,59.6875,0.019633265419522133
DS06,pca,-1,0.01,quantile_regression_W,R1,10,32,20,0.625,0.9375,12.34375,0.019633265419522133
DS06,pca,-1,0.01,quantile_regression_W,R1,all,100,53,0.53,0.89,20.0,0.019633265419522133
DS06,pca,-1,0.01,quantile_regression_W,R2,7,21,16,0.7619047619047619,1.0,24.19047619047619,0.03011855174623518
DS06,pca,-1,0.01,quantile_regression_W,R2,8,31,1,0.03225806451612903,0.9354838709677419,3.4838709677419355,0.03011855174623518
DS06,pca,-1,0.01,quantile_regression_W,R2,9,16,15,0.9375,1.0,54.25,0.03011855174623518
DS06,pca,-1,0.01,quantile_regression_W,R2,10,32,19,0.59375,0.96875,11.28125,0.03011855174623518
DS06,pca,-1,0.01,quantile_regression_W,R2,all,100,51,0.51,0.97,18.45,0.03011855174623518
DS06,pca,-1,0.02,pooled,R0,7,21,10,0.47619047619047616,1.0,115.76190476190476,0.07083201184057511
DS06,pca,-1,0.02,pooled,R0,8,31,0,0.0,1.0,26.93548387096774,0.07083201184057511
DS06,pca,-1,0.02,pooled,R0,9,16,8,0.5,1.0,288.625,0.07083201184057511
DS06,pca,-1,0.02,pooled,R0,10,32,4,0.125,1.0,37.28125,0.07083201184057511
DS06,pca,-1,0.02,pooled,R0,all,100,22,0.22,1.0,90.77,0.07083201184057511
DS06,pca,-1,0.02,pooled,R1,7,21,11,0.5238095238095238,1.0,28.095238095238095,0.04905277401894452
DS06,pca,-1,0.02,pooled,R1,8,31,1,0.03225806451612903,0.8064516129032258,4.064516129032258,0.04905277401894452
DS06,pca,-1,0.02,pooled,R1,9,16,9,0.5625,1.0,54.75,0.04905277401894452
DS06,pca,-1,0.02,pooled,R1,10,32,5,0.15625,0.9375,8.25,0.04905277401894452
DS06,pca,-1,0.02,pooled,R1,all,100,26,0.26,0.92,18.56,0.04905277401894452
DS06,pca,-1,0.02,pooled,R2,7,21,10,0.47619047619047616,1.0,26.80952380952381,0.06744899037953273
DS06,pca,-1,0.02,pooled,R2,8,31,0,0.0,1.0,6.193548387096774,0.06744899037953273
DS06,pca,-1,0.02,pooled,R2,9,16,7,0.4375,1.0,58.375,0.06744899037953273
DS06,pca,-1,0.02,pooled,R2,10,32,3,0.09375,0.96875,9.75,0.06744899037953273
DS06,pca,-1,0.02,pooled,R2,all,100,20,0.2,0.99,20.01,0.06744899037953273
DS06,pca,-1,0.02,phase_conditioned,R0,7,21,15,0.7142857142857143,1.0,157.66666666666666,0.05223880597014925
DS06,pca,-1,0.02,phase_conditioned,R0,8,31,3,0.0967741935483871,1.0,25.838709677419356,0.05223880597014925
DS06,pca,-1,0.02,phase_conditioned,R0,9,16,11,0.6875,1.0,353.0625,0.05223880597014925
DS06,pca,-1,0.02,phase_conditioned,R0,10,32,10,0.3125,1.0,44.34375,0.05223880597014925
DS06,pca,-1,0.02,phase_conditioned,R0,all,100,39,0.39,1.0,111.8,0.05223880597014925
DS06,pca,-1,0.02,phase_conditioned,R1,7,21,15,0.7142857142857143,1.0,36.19047619047619,0.036259447710319616
DS06,pca,-1,0.02,phase_conditioned,R1,8,31,3,0.0967741935483871,0.8064516129032258,5.0,0.036259447710319616
DS06,pca,-1,0.02,phase_conditioned,R1,9,16,12,0.75,1.0,68.8125,0.036259447710319616
DS06,pca,-1,0.02,phase_conditioned,R1,10,32,11,0.34375,0.96875,9.90625,0.036259447710319616
DS06,pca,-1,0.02,phase_conditioned,R1,all,100,41,0.41,0.93,23.33,0.036259447710319616
DS06,pca,-1,0.02,phase_conditioned,R2,7,21,15,0.7142857142857143,1.0,36.333333333333336,0.048927875243664716
DS06,pca,-1,0.02,phase_conditioned,R2,8,31,3,0.0967741935483871,0.967741935483871,5.870967741935484,0.048927875243664716
DS06,pca,-1,0.02,phase_conditioned,R2,9,16,11,0.6875,1.0,65.9375,0.048927875243664716
DS06,pca,-1,0.02,phase_conditioned,R2,10,32,11,0.34375,0.96875,11.59375,0.048927875243664716
DS06,pca,-1,0.02,phase_conditioned,R2,all,100,40,0.4,0.98,23.71,0.048927875243664716
DS06,pca,-1,0.02,quantile_regression_W,R0,7,21,17,0.8095238095238095,1.0,210.28571428571428,0.06478667801142579
DS06,pca,-1,0.02,quantile_regression_W,R0,8,31,1,0.03225806451612903,1.0,33.29032258064516,0.06478667801142579
DS06,pca,-1,0.02,quantile_regression_W,R0,9,16,15,0.9375,1.0,490.875,0.06478667801142579
DS06,pca,-1,0.02,quantile_regression_W,R0,10,32,17,0.53125,1.0,74.53125,0.06478667801142579
DS06,pca,-1,0.02,quantile_regression_W,R0,all,100,50,0.5,1.0,156.87,0.06478667801142579
DS06,pca,-1,0.02,quantile_regression_W,R1,7,21,17,0.8095238095238095,1.0,48.095238095238095,0.03872529245663574
DS06,pca,-1,0.02,quantile_regression_W,R1,8,31,1,0.03225806451612903,1.0,5.290322580645161,0.03872529245663574
DS06,pca,-1,0.02,quantile_regression_W,R1,9,16,15,0.9375,1.0,116.5,0.03872529245663574
DS06,pca,-1,0.02,quantile_regression_W,R1,10,32,19,0.59375,1.0,20.15625,0.03872529245663574
DS06,pca,-1,0.02,quantile_regression_W,R1,all,100,52,0.52,1.0,36.83,0.03872529245663574
DS06,pca,-1,0.02,quantile_regression_W,R2,7,21,17,0.8095238095238095,1.0,47.904761904761905,0.06280038449214995
DS06,pca,-1,0.02,quantile_regression_W,R2,8,31,0,0.0,1.0,8.064516129032258,0.06280038449214995
DS06,pca,-1,0.02,quantile_regression_W,R2,9,16,15,0.9375,1.0,104.25,0.06280038449214995
DS06,pca,-1,0.02,quantile_regression_W,R2,10,32,16,0.5,1.0,17.9375,0.06280038449214995
DS06,pca,-1,0.02,quantile_regression_W,R2,all,100,48,0.48,1.0,34.98,0.06280038449214995
DS06,isolation_forest,0,0.005,pooled,R0,7,21,4,0.19047619047619047,0.9523809523809523,15.19047619047619,0.012198038746711314
DS06,isolation_forest,0,0.005,pooled,R0,8,31,5,0.16129032258064516,1.0,8.580645161290322,0.012198038746711314
DS06,isolation_forest,0,0.005,pooled,R0,9,16,2,0.125,1.0,27.5,0.012198038746711314
DS06,isolation_forest,0,0.005,pooled,R0,10,32,3,0.09375,1.0,7.21875,0.012198038746711314
DS06,isolation_forest,0,0.005,pooled,R0,all,100,14,0.14,0.99,12.56,0.012198038746711314
DS06,isolation_forest,0,0.005,pooled,R1,7,21,3,0.14285714285714285,0.8095238095238095,3.380952380952381,0.008793163068715111
DS06,isolation_forest,0,0.005,pooled,R1,8,31,0,0.0,0.6129032258064516,1.7096774193548387,0.008793163068715111
DS06,isolation_forest,0,0.005,pooled,R1,9,16,1,0.0625,0.9375,10.0625,0.008793163068715111
DS06,isolation_forest,0,0.005,pooled,R1,10,32,0,0.0,0.46875,1.375,0.008793163068715111
DS06,isolation_forest,0,0.005,pooled,R1,all,100,4,0.04,0.66,3.29,0.008793163068715111
DS06,isolation_forest,0,0.005,pooled,R2,7,21,3,0.14285714285714285,0.8095238095238095,3.2857142857142856,0.011536444677503933
DS06,isolation_forest,0,0.005,pooled,R2,8,31,2,0.06451612903225806,0.7419354838709677,1.7419354838709677,0.011536444677503933
DS06,isolation_forest,0,0.005,pooled,R2,9,16,2,0.125,1.0,8.25,0.011536444677503933
DS06,isolation_forest,0,0.005,pooled,R2,10,32,2,0.0625,0.71875,1.5625,0.011536444677503933
DS06,isolation_forest,0,0.005,pooled,R2,all,100,9,0.09,0.79,3.05,0.011536444677503933
DS06,isolation_forest,0,0.005,phase_conditioned,R0,7,21,2,0.09523809523809523,0.9523809523809523,11.19047619047619,0.01287958115183246
DS06,isolation_forest,0,0.005,phase_conditioned,R0,8,31,2,0.06451612903225806,1.0,7.741935483870968,0.01287958115183246
DS06,isolation_forest,0,0.005,phase_conditioned,R0,9,16,0,0.0,1.0,21.75,0.01287958115183246
DS06,isolation_forest,0,0.005,phase_conditioned,R0,10,32,1,0.03125,1.0,5.4375,0.01287958115183246
DS06,isolation_forest,0,0.005,phase_conditioned,R0,all,100,5,0.05,0.99,9.97,0.01287958115183246
DS06,isolation_forest,0,0.005,phase_conditioned,R1,7,21,3,0.14285714285714285,0.7619047619047619,2.5714285714285716,0.00865233350812795
DS06,isolation_forest,0,0.005,phase_conditioned,R1,8,31,1,0.03225806451612903,0.6129032258064516,1.1290322580645162,0.00865233350812795
DS06,isolation_forest,0,0.005,phase_conditioned,R1,9,16,0,0.0,0.9375,8.125,0.00865233350812795
DS06,isolation_forest,0,0.005,phase_conditioned,R1,10,32,1,0.03125,0.59375,1.34375,0.00865233350812795
DS06,isolation_forest,0,0.005,phase_conditioned,R1,all,100,5,0.05,0.69,2.62,0.00865233350812795
DS06,isolation_forest,0,0.005,phase_conditioned,R2,7,21,1,0.047619047619047616,0.8571428571428571,2.8095238095238093,0.013722554890219561
DS06,isolation_forest,0,0.005,phase_conditioned,R2,8,31,2,0.06451612903225806,0.8064516129032258,1.3870967741935485,0.013722554890219561
DS06,isolation_forest,0,0.005,phase_conditioned,R2,9,16,0,0.0,0.9375,6.875,0.013722554890219561
DS06,isolation_forest,0,0.005,phase_conditioned,R2,10,32,1,0.03125,0.65625,1.5,0.013722554890219561
DS06,isolation_forest,0,0.005,phase_conditioned,R2,all,100,4,0.04,0.79,2.6,0.013722554890219561
DS06,isolation_forest,0,0.005,quantile_regression_W,R0,7,21,5,0.23809523809523808,1.0,25.333333333333332,0.01700186605846983
DS06,isolation_forest,0,0.005,quantile_regression_W,R0,8,31,2,0.06451612903225806,1.0,9.32258064516129,0.01700186605846983
DS06,isolation_forest,0,0.005,quantile_regression_W,R0,9,16,6,0.375,1.0,46.625,0.01700186605846983
DS06,isolation_forest,0,0.005,quantile_regression_W,R0,10,32,5,0.15625,1.0,13.90625,0.01700186605846983
DS06,isolation_forest,0,0.005,quantile_regression_W,R0,all,100,18,0.18,1.0,20.12,0.01700186605846983
DS06,isolation_forest,0,0.005,quantile_regression_W,R1,7,21,6,0.2857142857142857,0.9523809523809523,6.285714285714286,0.00990354361169856
DS06,isolation_forest,0,0.005,quantile_regression_W,R1,8,31,2,0.06451612903225806,0.5483870967741935,1.6129032258064515,0.00990354361169856
DS06,isolation_forest,0,0.005,quantile_regression_W,R1,9,16,6,0.375,1.0,11.5,0.00990354361169856
DS06,isolation_forest,0,0.005,quantile_regression_W,R1,10,32,5,0.15625,0.75,3.46875,0.00990354361169856
DS06,isolation_forest,0,0.005,quantile_regression_W,R1,all,100,19,0.19,0.77,4.77,0.00990354361169856
DS06,isolation_forest,0,0.005,quantile_regression_W,R2,7,21,5,0.23809523809523808,0.9523809523809523,7.238095238095238,0.014597410635993192
DS06,isolation_forest,0,0.005,quantile_regression_W,R2,8,31,2,0.06451612903225806,0.5806451612903226,2.096774193548387,0.014597410635993192
DS06,isolation_forest,0,0.005,quantile_regression_W,R2,9,16,6,0.375,1.0,12.5625,0.014597410635993192
DS06,isolation_forest,0,0.005,quantile_regression_W,R2,10,32,5,0.15625,0.9375,3.9375,0.014597410635993192
DS06,isolation_forest,0,0.005,quantile_regression_W,R2,all,100,18,0.18,0.84,5.44,0.014597410635993192
DS06,isolation_forest,0,0.01,pooled,R0,7,21,2,0.09523809523809523,1.0,21.142857142857142,0.02245508982035928
DS06,isolation_forest,0,0.01,pooled,R0,8,31,3,0.0967741935483871,1.0,14.903225806451612,0.02245508982035928
DS06,isolation_forest,0,0.01,pooled,R0,9,16,1,0.0625,1.0,36.375,0.02245508982035928
DS06,isolation_forest,0,0.01,pooled,R0,10,32,3,0.09375,1.0,11.90625,0.02245508982035928
DS06,isolation_forest,0,0.01,pooled,R0,all,100,9,0.09,1.0,18.69,0.02245508982035928
DS06,isolation_forest,0,0.01,pooled,R1,7,21,2,0.09523809523809523,0.9047619047619048,5.761904761904762,0.01865582396555848
DS06,isolation_forest,0,0.01,pooled,R1,8,31,0,0.0,0.7741935483870968,3.4193548387096775,0.01865582396555848
DS06,isolation_forest,0,0.01,pooled,R1,9,16,1,0.0625,1.0,12.5,0.01865582396555848
DS06,isolation_forest,0,0.01,pooled,R1,10,32,1,0.03125,0.875,2.71875,0.01865582396555848
DS06,isolation_forest,0,0.01,pooled,R1,all,100,4,0.04,0.87,5.14,0.01865582396555848
DS06,isolation_forest,0,0.01,pooled,R2,7,21,2,0.09523809523809523,0.9047619047619048,5.666666666666667,0.020330064577852188
DS06,isolation_forest,0,0.01,pooled,R2,8,31,3,0.0967741935483871,0.9354838709677419,3.7096774193548385,0.020330064577852188
DS06,isolation_forest,0,0.01,pooled,R2,9,16,1,0.0625,1.0,11.625,0.020330064577852188
DS06,isolation_forest,0,0.01,pooled,R2,10,32,2,0.0625,0.875,3.0,0.020330064577852188
DS06,isolation_forest,0,0.01,pooled,R2,all,100,8,0.08,0.92,5.16,0.020330064577852188
DS06,isolation_forest,0,0.01,phase_conditioned,R0,7,21,1,0.047619047619047616,1.0,19.19047619047619,0.022954091816367265
DS06,isolation_forest,0,0.01,phase_conditioned,R0,8,31,4,0.12903225806451613,1.0,11.806451612903226,0.022954091816367265
DS06,isolation_forest,0,0.01,phase_conditioned,R0,9,16,1,0.0625,1.0,30.875,0.022954091816367265
DS06,isolation_forest,0,0.01,phase_conditioned,R0,10,32,3,0.09375,1.0,10.0625,0.022954091816367265
DS06,isolation_forest,0,0.01,phase_conditioned,R0,all,100,9,0.09,1.0,15.85,0.022954091816367265
DS06,isolation_forest,0,0.01,phase_conditioned,R1,7,21,0,0.0,0.9523809523809523,5.0476190476190474,0.02107156623409996
DS06,isolation_forest,0,0.01,phase_conditioned,R1,8,31,5,0.16129032258064516,0.9354838709677419,2.4516129032258065,0.02107156623409996
DS06,isolation_forest,0,0.01,phase_conditioned,R1,9,16,0,0.0,1.0,12.0,0.02107156623409996
DS06,isolation_forest,0,0.01,phase_conditioned,R1,10,32,1,0.03125,0.78125,2.0625,0.02107156623409996
DS06,isolation_forest,0,0.01,phase_conditioned,R1,all,100,6,0.06,0.9,4.4,0.02107156623409996
DS06,isolation_forest,0,0.01,phase_conditioned,R2,7,21,1,0.047619047619047616,0.9523809523809523,5.476190476190476,0.02245508982035928
DS06,isolation_forest,0,0.01,phase_conditioned,R2,8,31,1,0.03225806451612903,0.9354838709677419,2.774193548387097,0.02245508982035928
DS06,isolation_forest,0,0.01,phase_conditioned,R2,9,16,1,0.0625,1.0,9.375,0.02245508982035928
DS06,isolation_forest,0,0.01,phase_conditioned,R2,10,32,2,0.0625,0.9375,2.59375,0.02245508982035928
DS06,isolation_forest,0,0.01,phase_conditioned,R2,all,100,5,0.05,0.95,4.34,0.02245508982035928
DS06,isolation_forest,0,0.01,quantile_regression_W,R0,7,21,6,0.2857142857142857,1.0,55.19047619047619,0.03212348769294952
DS06,isolation_forest,0,0.01,quantile_regression_W,R0,8,31,2,0.06451612903225806,1.0,14.903225806451612,0.03212348769294952
DS06,isolation_forest,0,0.01,quantile_regression_W,R0,9,16,6,0.375,1.0,74.5625,0.03212348769294952
DS06,isolation_forest,0,0.01,quantile_regression_W,R0,10,32,10,0.3125,1.0,28.0625,0.03212348769294952
DS06,isolation_forest,0,0.01,quantile_regression_W,R0,all,100,24,0.24,1.0,37.12,0.03212348769294952
DS06,isolation_forest,0,0.01,quantile_regression_W,R1,7,21,6,0.2857142857142857,1.0,15.619047619047619,0.020890287305926653
DS06,isolation_forest,0,0.01,quantile_regression_W,R1,8,31,2,0.06451612903225806,0.9354838709677419,3.4838709677419355,0.020890287305926653
DS06,isolation_forest,0,0.01,quantile_regression_W,R1,9,16,7,0.4375,1.0,21.5,0.020890287305926653
DS06,isolation_forest,0,0.01,quantile_regression_W,R1,10,32,10,0.3125,1.0,8.375,0.020890287305926653
DS06,isolation_forest,0,0.01,quantile_regression_W,R1,all,100,25,0.25,0.98,10.48,0.020890287305926653
DS06,isolation_forest,0,0.01,quantile_regression_W,R2,7,21,5,0.23809523809523808,1.0,14.476190476190476,0.033514114865804474
DS06,isolation_forest,0,0.01,quantile_regression_W,R2,8,31,2,0.06451612903225806,0.967741935483871,3.967741935483871,0.033514114865804474
DS06,isolation_forest,0,0.01,quantile_regression_W,R2,9,16,5,0.3125,1.0,22.375,0.033514114865804474
DS06,isolation_forest,0,0.01,quantile_regression_W,R2,10,32,8,0.25,1.0,7.84375,0.033514114865804474
DS06,isolation_forest,0,0.01,quantile_regression_W,R2,all,100,20,0.2,0.99,10.36,0.033514114865804474
DS06,isolation_forest,0,0.02,pooled,R0,7,21,2,0.09523809523809523,1.0,40.142857142857146,0.04195240016135539
DS06,isolation_forest,0,0.02,pooled,R0,8,31,3,0.0967741935483871,1.0,21.032258064516128,0.04195240016135539
DS06,isolation_forest,0,0.02,pooled,R0,9,16,1,0.0625,1.0,59.9375,0.04195240016135539
DS06,isolation_forest,0,0.02,pooled,R0,10,32,6,0.1875,1.0,27.0625,0.04195240016135539
DS06,isolation_forest,0,0.02,pooled,R0,all,100,12,0.12,1.0,33.2,0.04195240016135539
DS06,isolation_forest,0,0.02,pooled,R1,7,21,2,0.09523809523809523,1.0,11.142857142857142,0.028237192416296894
DS06,isolation_forest,0,0.02,pooled,R1,8,31,3,0.0967741935483871,1.0,6.193548387096774,0.028237192416296894
DS06,isolation_forest,0,0.02,pooled,R1,9,16,1,0.0625,1.0,19.4375,0.028237192416296894
DS06,isolation_forest,0,0.02,pooled,R1,10,32,3,0.09375,1.0,7.28125,0.028237192416296894
DS06,isolation_forest,0,0.02,pooled,R1,all,100,9,0.09,1.0,9.7,0.028237192416296894
DS06,isolation_forest,0,0.02,pooled,R2,7,21,2,0.09523809523809523,1.0,12.0,0.03973376361436063
DS06,isolation_forest,0,0.02,pooled,R2,8,31,3,0.0967741935483871,1.0,5.935483870967742,0.03973376361436063
DS06,isolation_forest,0,0.02,pooled,R2,9,16,1,0.0625,1.0,21.125,0.03973376361436063
DS06,isolation_forest,0,0.02,pooled,R2,10,32,5,0.15625,1.0,7.03125,0.03973376361436063
DS06,isolation_forest,0,0.02,pooled,R2,all,100,11,0.11,1.0,9.99,0.03973376361436063
DS06,isolation_forest,0,0.02,phase_conditioned,R0,7,21,3,0.14285714285714285,1.0,36.285714285714285,0.040408582808685596
DS06,isolation_forest,0,0.02,phase_conditioned,R0,8,31,1,0.03225806451612903,1.0,20.516129032258064,0.040408582808685596
DS06,isolation_forest,0,0.02,phase_conditioned,R0,9,16,0,0.0,1.0,53.1875,0.040408582808685596
DS06,isolation_forest,0,0.02,phase_conditioned,R0,10,32,4,0.125,1.0,23.21875,0.040408582808685596
DS06,isolation_forest,0,0.02,phase_conditioned,R0,all,100,8,0.08,1.0,29.92,0.040408582808685596
DS06,isolation_forest,0,0.02,phase_conditioned,R1,7,21,4,0.19047619047619047,1.0,10.428571428571429,0.025113609184405646
DS06,isolation_forest,0,0.02,phase_conditioned,R1,8,31,0,0.0,1.0,5.387096774193548,0.025113609184405646
DS06,isolation_forest,0,0.02,phase_conditioned,R1,9,16,2,0.125,1.0,17.875,0.025113609184405646
DS06,isolation_forest,0,0.02,phase_conditioned,R1,10,32,2,0.0625,1.0,5.9375,0.025113609184405646
DS06,isolation_forest,0,0.02,phase_conditioned,R1,all,100,8,0.08,1.0,8.62,0.025113609184405646
DS06,isolation_forest,0,0.02,phase_conditioned,R2,7,21,3,0.14285714285714285,1.0,10.80952380952381,0.03963767184890145
DS06,isolation_forest,0,0.02,phase_conditioned,R2,8,31,0,0.0,1.0,5.903225806451613,0.03963767184890145
DS06,isolation_forest,0,0.02,phase_conditioned,R2,9,16,1,0.0625,1.0,17.5625,0.03963767184890145
DS06,isolation_forest,0,0.02,phase_conditioned,R2,10,32,1,0.03125,1.0,6.5625,0.03963767184890145
DS06,isolation_forest,0,0.02,phase_conditioned,R2,all,100,5,0.05,1.0,9.01,0.03963767184890145
DS06,isolation_forest,0,0.02,quantile_regression_W,R0,7,21,10,0.47619047619047616,1.0,78.85714285714286,0.050564919429523986
DS06,isolation_forest,0,0.02,quantile_regression_W,R0,8,31,2,0.06451612903225806,1.0,23.93548387096774,0.050564919429523986
DS06,isolation_forest,0,0.02,quantile_regression_W,R0,9,16,5,0.3125,1.0,105.875,0.050564919429523986
DS06,isolation_forest,0,0.02,quantile_regression_W,R0,10,32,11,0.34375,1.0,41.65625,0.050564919429523986
DS06,isolation_forest,0,0.02,quantile_regression_W,R0,all,100,28,0.28,1.0,54.25,0.050564919429523986
DS06,isolation_forest,0,0.02,quantile_regression_W,R1,7,21,10,0.47619047619047616,1.0,23.333333333333332,0.03985317252228631
DS06,isolation_forest,0,0.02,quantile_regression_W,R1,8,31,2,0.06451612903225806,1.0,6.290322580645161,0.03985317252228631
DS06,isolation_forest,0,0.02,quantile_regression_W,R1,9,16,6,0.375,1.0,32.9375,0.03985317252228631
DS06,isolation_forest,0,0.02,quantile_regression_W,R1,10,32,12,0.375,1.0,12.71875,0.03985317252228631
DS06,isolation_forest,0,0.02,quantile_regression_W,R1,all,100,30,0.3,1.0,16.19,0.03985317252228631
DS06,isolation_forest,0,0.02,quantile_regression_W,R2,7,21,10,0.47619047619047616,1.0,20.095238095238095,0.05047230968697907
DS06,isolation_forest,0,0.02,quantile_regression_W,R2,8,31,2,0.06451612903225806,1.0,7.064516129032258,0.05047230968697907
DS06,isolation_forest,0,0.02,quantile_regression_W,R2,9,16,4,0.25,1.0,30.25,0.05047230968697907
DS06,isolation_forest,0,0.02,quantile_regression_W,R2,10,32,11,0.34375,1.0,11.78125,0.05047230968697907
DS06,isolation_forest,0,0.02,quantile_regression_W,R2,all,100,27,0.27,1.0,15.02,0.05047230968697907
DS06,isolation_forest,1,0.005,pooled,R0,7,21,2,0.09523809523809523,0.9523809523809523,13.142857142857142,0.01351421055346366
DS06,isolation_forest,1,0.005,pooled,R0,8,31,5,0.16129032258064516,1.0,8.64516129032258,0.01351421055346366
DS06,isolation_forest,1,0.005,pooled,R0,9,16,0,0.0,1.0,25.375,0.01351421055346366
DS06,isolation_forest,1,0.005,pooled,R0,10,32,2,0.0625,1.0,6.90625,0.01351421055346366
DS06,isolation_forest,1,0.005,pooled,R0,all,100,9,0.09,0.99,11.71,0.01351421055346366
DS06,isolation_forest,1,0.005,pooled,R1,7,21,3,0.14285714285714285,0.8571428571428571,3.1904761904761907,0.008751671326121308
DS06,isolation_forest,1,0.005,pooled,R1,8,31,4,0.12903225806451613,0.6774193548387096,1.8709677419354838,0.008751671326121308
DS06,isolation_forest,1,0.005,pooled,R1,9,16,0,0.0,0.9375,8.4375,0.008751671326121308
DS06,isolation_forest,1,0.005,pooled,R1,10,32,0,0.0,0.65625,1.59375,0.008751671326121308
DS06,isolation_forest,1,0.005,pooled,R1,all,100,7,0.07,0.75,3.11,0.008751671326121308
DS06,isolation_forest,1,0.005,pooled,R2,7,21,2,0.09523809523809523,0.8571428571428571,3.0,0.011371050424084258
DS06,isolation_forest,1,0.005,pooled,R2,8,31,6,0.1935483870967742,0.6774193548387096,1.6774193548387097,0.011371050424084258
DS06,isolation_forest,1,0.005,pooled,R2,9,16,1,0.0625,1.0,7.25,0.011371050424084258
DS06,isolation_forest,1,0.005,pooled,R2,10,32,1,0.03125,0.65625,1.65625,0.011371050424084258
DS06,isolation_forest,1,0.005,pooled,R2,all,100,10,0.1,0.76,2.84,0.011371050424084258
DS06,isolation_forest,1,0.005,phase_conditioned,R0,7,21,2,0.09523809523809523,0.9523809523809523,10.476190476190476,0.013371788148925014
DS06,isolation_forest,1,0.005,phase_conditioned,R0,8,31,6,0.1935483870967742,1.0,6.612903225806452,0.013371788148925014
DS06,isolation_forest,1,0.005,phase_conditioned,R0,9,16,0,0.0,1.0,21.5,0.013371788148925014
DS06,isolation_forest,1,0.005,phase_conditioned,R0,10,32,1,0.03125,1.0,5.375,0.013371788148925014
DS06,isolation_forest,1,0.005,phase_conditioned,R0,all,100,9,0.09,0.99,9.41,0.013371788148925014
DS06,isolation_forest,1,0.005,phase_conditioned,R1,7,21,2,0.09523809523809523,0.7619047619047619,2.9047619047619047,0.008630120335480735
DS06,isolation_forest,1,0.005,phase_conditioned,R1,8,31,4,0.12903225806451613,0.6129032258064516,1.4193548387096775,0.008630120335480735
DS06,isolation_forest,1,0.005,phase_conditioned,R1,9,16,0,0.0,0.9375,8.0,0.008630120335480735
DS06,isolation_forest,1,0.005,phase_conditioned,R1,10,32,1,0.03125,0.46875,1.125,0.008630120335480735
DS06,isolation_forest,1,0.005,phase_conditioned,R1,all,100,7,0.07,0.65,2.69,0.008630120335480735
DS06,isolation_forest,1,0.005,phase_conditioned,R2,7,21,2,0.09523809523809523,0.8571428571428571,2.5238095238095237,0.013371788148925014
DS06,isolation_forest,1,0.005,phase_conditioned,R2,8,31,5,0.16129032258064516,0.6451612903225806,1.1612903225806452,0.013371788148925014
DS06,isolation_forest,1,0.005,phase_conditioned,R2,9,16,0,0.0,1.0,6.625,0.013371788148925014
DS06,isolation_forest,1,0.005,phase_conditioned,R2,10,32,1,0.03125,0.46875,1.1875,0.013371788148925014
DS06,isolation_forest,1,0.005,phase_conditioned,R2,all,100,8,0.08,0.69,2.33,0.013371788148925014
DS06,isolation_forest,1,0.005,quantile_regression_W,R0,7,21,7,0.3333333333333333,1.0,31.238095238095237,0.015550487248600456
DS06,isolation_forest,1,0.005,quantile_regression_W,R0,8,31,2,0.06451612903225806,1.0,9.96774193548387,0.015550487248600456
DS06,isolation_forest,1,0.005,quantile_regression_W,R0,9,16,5,0.3125,1.0,46.75,0.015550487248600456
DS06,isolation_forest,1,0.005,quantile_regression_W,R0,10,32,8,0.25,1.0,19.5,0.015550487248600456
DS06,isolation_forest,1,0.005,quantile_regression_W,R0,all,100,22,0.22,1.0,23.37,0.015550487248600456
DS06,isolation_forest,1,0.005,quantile_regression_W,R1,7,21,6,0.2857142857142857,1.0,7.333333333333333,0.009232991179656471
DS06,isolation_forest,1,0.005,quantile_regression_W,R1,8,31,2,0.06451612903225806,0.5806451612903226,1.7096774193548387,0.009232991179656471
DS06,isolation_forest,1,0.005,quantile_regression_W,R1,9,16,6,0.375,1.0,11.4375,0.009232991179656471
DS06,isolation_forest,1,0.005,quantile_regression_W,R1,10,32,8,0.25,0.9375,4.96875,0.009232991179656471
DS06,isolation_forest,1,0.005,quantile_regression_W,R1,all,100,22,0.22,0.85,5.49,0.009232991179656471
DS06,isolation_forest,1,0.005,quantile_regression_W,R2,7,21,9,0.42857142857142855,1.0,8.0,0.01366895342239645
DS06,isolation_forest,1,0.005,quantile_regression_W,R2,8,31,2,0.06451612903225806,0.7419354838709677,2.096774193548387,0.01366895342239645
DS06,isolation_forest,1,0.005,quantile_regression_W,R2,9,16,6,0.375,1.0,11.5,0.01366895342239645
DS06,isolation_forest,1,0.005,quantile_regression_W,R2,10,32,9,0.28125,0.9375,5.21875,0.01366895342239645
DS06,isolation_forest,1,0.005,quantile_regression_W,R2,all,100,26,0.26,0.9,5.84,0.01366895342239645
DS06,isolation_forest,1,0.01,pooled,R0,7,21,3,0.14285714285714285,1.0,18.61904761904762,0.018877818563188254
DS06,isolation_forest,1,0.01,pooled,R0,8,31,8,0.25806451612903225,1.0,11.225806451612904,0.018877818563188254
DS06,isolation_forest,1,0.01,pooled,R0,9,16,1,0.0625,1.0,31.9375,0.018877818563188254
DS06,isolation_forest,1,0.01,pooled,R0,10,32,3,0.09375,1.0,9.59375,0.018877818563188254
DS06,isolation_forest,1,0.01,pooled,R0,all,100,15,0.15,1.0,15.57,0.018877818563188254
DS06,isolation_forest,1,0.01,pooled,R1,7,21,2,0.09523809523809523,0.9523809523809523,4.904761904761905,0.014589811049988041
DS06,isolation_forest,1,0.01,pooled,R1,8,31,4,0.12903225806451613,0.7096774193548387,2.225806451612903,0.014589811049988041
DS06,isolation_forest,1,0.01,pooled,R1,9,16,1,0.0625,1.0,11.6875,0.014589811049988041
DS06,isolation_forest,1,0.01,pooled,R1,10,32,1,0.03125,0.71875,2.15625,0.014589811049988041
DS06,isolation_forest,1,0.01,pooled,R1,all,100,8,0.08,0.81,4.28,0.014589811049988041
DS06,isolation_forest,1,0.01,pooled,R2,7,21,2,0.09523809523809523,0.9523809523809523,5.523809523809524,0.018169209431345354
DS06,isolation_forest,1,0.01,pooled,R2,8,31,4,0.12903225806451613,0.8064516129032258,2.5483870967741935,0.018169209431345354
DS06,isolation_forest,1,0.01,pooled,R2,9,16,1,0.0625,1.0,9.75,0.018169209431345354
DS06,isolation_forest,1,0.01,pooled,R2,10,32,1,0.03125,0.84375,2.34375,0.018169209431345354
DS06,isolation_forest,1,0.01,pooled,R2,all,100,8,0.08,0.88,4.26,0.018169209431345354
DS06,isolation_forest,1,0.01,phase_conditioned,R0,7,21,2,0.09523809523809523,1.0,17.904761904761905,0.01972247205447771
DS06,isolation_forest,1,0.01,phase_conditioned,R0,8,31,6,0.1935483870967742,1.0,10.258064516129032,0.01972247205447771
DS06,isolation_forest,1,0.01,phase_conditioned,R0,9,16,1,0.0625,1.0,32.0625,0.01972247205447771
DS06,isolation_forest,1,0.01,phase_conditioned,R0,10,32,2,0.0625,1.0,10.0,0.01972247205447771
DS06,isolation_forest,1,0.01,phase_conditioned,R0,all,100,11,0.11,1.0,15.27,0.01972247205447771
DS06,isolation_forest,1,0.01,phase_conditioned,R1,7,21,2,0.09523809523809523,0.9523809523809523,4.809523809523809,0.014326095335988694
DS06,isolation_forest,1,0.01,phase_conditioned,R1,8,31,5,0.16129032258064516,0.8709677419354839,2.193548387096774,0.014326095335988694
DS06,isolation_forest,1,0.01,phase_conditioned,R1,9,16,1,0.0625,1.0,11.4375,0.014326095335988694
DS06,isolation_forest,1,0.01,phase_conditioned,R1,10,32,2,0.0625,0.84375,2.25,0.014326095335988694
DS06,isolation_forest,1,0.01,phase_conditioned,R1,all,100,10,0.1,0.9,4.24,0.014326095335988694
DS06,isolation_forest,1,0.01,phase_conditioned,R2,7,21,2,0.09523809523809523,0.9523809523809523,5.190476190476191,0.019015803674675574
DS06,isolation_forest,1,0.01,phase_conditioned,R2,8,31,5,0.16129032258064516,0.967741935483871,2.5161290322580645,0.019015803674675574
DS06,isolation_forest,1,0.01,phase_conditioned,R2,9,16,1,0.0625,1.0,9.9375,0.019015803674675574
DS06,isolation_forest,1,0.01,phase_conditioned,R2,10,32,2,0.0625,0.96875,2.625,0.019015803674675574
DS06,isolation_forest,1,0.01,phase_conditioned,R2,all,100,10,0.1,0.97,4.3,0.019015803674675574
DS06,isolation_forest,1,0.01,quantile_regression_W,R0,7,21,10,0.47619047619047616,1.0,59.23809523809524,0.02261780104712042
DS06,isolation_forest,1,0.01,quantile_regression_W,R0,8,31,2,0.06451612903225806,1.0,15.35483870967742,0.02261780104712042
DS06,isolation_forest,1,0.01,quantile_regression_W,R0,9,16,6,0.375,1.0,72.9375,0.02261780104712042
DS06,isolation_forest,1,0.01,quantile_regression_W,R0,10,32,13,0.40625,1.0,34.125,0.02261780104712042
DS06,isolation_forest,1,0.01,quantile_regression_W,R0,all,100,31,0.31,1.0,39.79,0.02261780104712042
DS06,isolation_forest,1,0.01,quantile_regression_W,R1,7,21,11,0.5238095238095238,1.0,17.666666666666668,0.016172506738544475
DS06,isolation_forest,1,0.01,quantile_regression_W,R1,8,31,2,0.06451612903225806,0.9354838709677419,3.5483870967741935,0.016172506738544475
DS06,isolation_forest,1,0.01,quantile_regression_W,R1,9,16,6,0.375,1.0,21.1875,0.016172506738544475
DS06,isolation_forest,1,0.01,quantile_regression_W,R1,10,32,10,0.3125,1.0,9.8125,0.016172506738544475
DS06,isolation_forest,1,0.01,quantile_regression_W,R1,all,100,29,0.29,0.98,11.34,0.016172506738544475
DS06,isolation_forest,1,0.01,quantile_regression_W,R2,7,21,10,0.47619047619047616,1.0,14.952380952380953,0.02252816020025031
DS06,isolation_forest,1,0.01,quantile_regression_W,R2,8,31,2,0.06451612903225806,0.967741935483871,4.032258064516129,0.02252816020025031
DS06,isolation_forest,1,0.01,quantile_regression_W,R2,9,16,6,0.375,1.0,19.8125,0.02252816020025031
DS06,isolation_forest,1,0.01,quantile_regression_W,R2,10,32,11,0.34375,1.0,8.84375,0.02252816020025031
DS06,isolation_forest,1,0.01,quantile_regression_W,R2,all,100,29,0.29,0.99,10.39,0.02252816020025031
DS06,isolation_forest,1,0.02,pooled,R0,7,21,3,0.14285714285714285,1.0,40.333333333333336,0.03872529245663574
DS06,isolation_forest,1,0.02,pooled,R0,8,31,4,0.12903225806451613,1.0,21.451612903225808,0.03872529245663574
DS06,isolation_forest,1,0.02,pooled,R0,9,16,1,0.0625,1.0,57.0,0.03872529245663574
DS06,isolation_forest,1,0.02,pooled,R0,10,32,5,0.15625,1.0,26.96875,0.03872529245663574
DS06,isolation_forest,1,0.02,pooled,R0,all,100,13,0.13,1.0,32.87,0.03872529245663574
DS06,isolation_forest,1,0.02,pooled,R1,7,21,3,0.14285714285714285,1.0,10.80952380952381,0.023162274618585298
DS06,isolation_forest,1,0.02,pooled,R1,8,31,6,0.1935483870967742,1.0,5.67741935483871,0.023162274618585298
DS06,isolation_forest,1,0.02,pooled,R1,9,16,2,0.125,1.0,18.75,0.023162274618585298
DS06,isolation_forest,1,0.02,pooled,R1,10,32,4,0.125,1.0,6.1875,0.023162274618585298
DS06,isolation_forest,1,0.02,pooled,R1,all,100,15,0.15,1.0,9.01,0.023162274618585298
DS06,isolation_forest,1,0.02,pooled,R2,7,21,2,0.09523809523809523,1.0,11.285714285714286,0.035699878983461074
DS06,isolation_forest,1,0.02,pooled,R2,8,31,4,0.12903225806451613,1.0,6.032258064516129,0.035699878983461074
DS06,isolation_forest,1,0.02,pooled,R2,9,16,1,0.0625,1.0,20.4375,0.035699878983461074
DS06,isolation_forest,1,0.02,pooled,R2,10,32,4,0.125,1.0,6.75,0.035699878983461074
DS06,isolation_forest,1,0.02,pooled,R2,all,100,11,0.11,1.0,9.67,0.035699878983461074
DS06,isolation_forest,1,0.02,phase_conditioned,R0,7,21,4,0.19047619047619047,1.0,35.80952380952381,0.035371338276406955
DS06,isolation_forest,1,0.02,phase_conditioned,R0,8,31,5,0.16129032258064516,1.0,20.612903225806452,0.035371338276406955
DS06,isolation_forest,1,0.02,phase_conditioned,R0,9,16,2,0.125,1.0,58.75,0.035371338276406955
DS06,isolation_forest,1,0.02,phase_conditioned,R0,10,32,4,0.125,1.0,24.84375,0.035371338276406955
DS06,isolation_forest,1,0.02,phase_conditioned,R0,all,100,15,0.15,1.0,31.26,0.035371338276406955
DS06,isolation_forest,1,0.02,phase_conditioned,R1,7,21,4,0.19047619047619047,1.0,10.761904761904763,0.023439368572111936
DS06,isolation_forest,1,0.02,phase_conditioned,R1,8,31,7,0.22580645161290322,1.0,5.096774193548387,0.023439368572111936
DS06,isolation_forest,1,0.02,phase_conditioned,R1,9,16,2,0.125,1.0,19.0,0.023439368572111936
DS06,isolation_forest,1,0.02,phase_conditioned,R1,10,32,3,0.09375,1.0,6.03125,0.023439368572111936
DS06,isolation_forest,1,0.02,phase_conditioned,R1,all,100,16,0.16,1.0,8.81,0.023439368572111936
DS06,isolation_forest,1,0.02,phase_conditioned,R2,7,21,3,0.14285714285714285,1.0,10.333333333333334,0.03452048134192294
DS06,isolation_forest,1,0.02,phase_conditioned,R2,8,31,2,0.06451612903225806,1.0,5.774193548387097,0.03452048134192294
DS06,isolation_forest,1,0.02,phase_conditioned,R2,9,16,2,0.125,1.0,19.0,0.03452048134192294
DS06,isolation_forest,1,0.02,phase_conditioned,R2,10,32,4,0.125,1.0,6.9375,0.03452048134192294
DS06,isolation_forest,1,0.02,phase_conditioned,R2,all,100,11,0.11,1.0,9.22,0.03452048134192294
DS06,isolation_forest,1,0.02,quantile_regression_W,R0,7,21,8,0.38095238095238093,1.0,87.76190476190476,0.05658981629885341
DS06,isolation_forest,1,0.02,quantile_regression_W,R0,8,31,2,0.06451612903225806,1.0,25.258064516129032,0.05658981629885341
DS06,isolation_forest,1,0.02,quantile_regression_W,R0,9,16,3,0.1875,1.0,118.4375,0.05658981629885341
DS06,isolation_forest,1,0.02,quantile_regression_W,R0,10,32,10,0.3125,1.0,44.1875,0.05658981629885341
DS06,isolation_forest,1,0.02,quantile_regression_W,R0,all,100,23,0.23,1.0,59.35,0.05658981629885341
DS06,isolation_forest,1,0.02,quantile_regression_W,R1,7,21,6,0.2857142857142857,1.0,24.19047619047619,0.043261667540639745
DS06,isolation_forest,1,0.02,quantile_regression_W,R1,8,31,2,0.06451612903225806,0.967741935483871,6.612903225806452,0.043261667540639745
DS06,isolation_forest,1,0.02,quantile_regression_W,R1,9,16,4,0.25,1.0,35.25,0.043261667540639745
DS06,isolation_forest,1,0.02,quantile_regression_W,R1,10,32,12,0.375,1.0,13.5625,0.043261667540639745
DS06,isolation_forest,1,0.02,quantile_regression_W,R1,all,100,24,0.24,0.99,17.11,0.043261667540639745
DS06,isolation_forest,1,0.02,quantile_regression_W,R2,7,21,8,0.38095238095238093,1.0,23.61904761904762,0.04993219085192948
DS06,isolation_forest,1,0.02,quantile_regression_W,R2,8,31,2,0.06451612903225806,1.0,7.064516129032258,0.04993219085192948
DS06,isolation_forest,1,0.02,quantile_regression_W,R2,9,16,6,0.375,1.0,33.0625,0.04993219085192948
DS06,isolation_forest,1,0.02,quantile_regression_W,R2,10,32,12,0.375,1.0,12.1875,0.04993219085192948
DS06,isolation_forest,1,0.02,quantile_regression_W,R2,all,100,28,0.28,1.0,16.34,0.04993219085192948
DS06,isolation_forest,2,0.005,pooled,R0,7,21,3,0.14285714285714285,0.9523809523809523,14.19047619047619,0.014701803051317614
DS06,isolation_forest,2,0.005,pooled,R0,8,31,3,0.0967741935483871,1.0,9.870967741935484,0.014701803051317614
DS06,isolation_forest,2,0.005,pooled,R0,9,16,0,0.0,1.0,25.5625,0.014701803051317614
DS06,isolation_forest,2,0.005,pooled,R0,10,32,3,0.09375,1.0,7.5,0.014701803051317614
DS06,isolation_forest,2,0.005,pooled,R0,all,100,9,0.09,0.99,12.53,0.014701803051317614
DS06,isolation_forest,2,0.005,pooled,R1,7,21,3,0.14285714285714285,0.8095238095238095,3.2857142857142856,0.009633507853403141
DS06,isolation_forest,2,0.005,pooled,R1,8,31,2,0.06451612903225806,0.6129032258064516,1.8709677419354838,0.009633507853403141
DS06,isolation_forest,2,0.005,pooled,R1,9,16,0,0.0,0.9375,8.75,0.009633507853403141
DS06,isolation_forest,2,0.005,pooled,R1,10,32,0,0.0,0.6875,1.59375,0.009633507853403141
DS06,isolation_forest,2,0.005,pooled,R1,all,100,5,0.05,0.73,3.18,0.009633507853403141
DS06,isolation_forest,2,0.005,pooled,R2,7,21,2,0.09523809523809523,0.8095238095238095,3.4761904761904763,0.014563106796116505
DS06,isolation_forest,2,0.005,pooled,R2,8,31,0,0.0,0.7096774193548387,1.967741935483871,0.014563106796116505
DS06,isolation_forest,2,0.005,pooled,R2,9,16,0,0.0,0.9375,7.375,0.014563106796116505
DS06,isolation_forest,2,0.005,pooled,R2,10,32,1,0.03125,0.78125,1.71875,0.014563106796116505
DS06,isolation_forest,2,0.005,pooled,R2,all,100,3,0.03,0.79,3.07,0.014563106796116505
DS06,isolation_forest,2,0.005,phase_conditioned,R0,7,21,2,0.09523809523809523,0.9523809523809523,10.095238095238095,0.014031413612565446
DS06,isolation_forest,2,0.005,phase_conditioned,R0,8,31,3,0.0967741935483871,1.0,8.193548387096774,0.014031413612565446
DS06,isolation_forest,2,0.005,phase_conditioned,R0,9,16,0,0.0,1.0,19.9375,0.014031413612565446
DS06,isolation_forest,2,0.005,phase_conditioned,R0,10,32,2,0.0625,1.0,5.8125,0.014031413612565446
DS06,isolation_forest,2,0.005,phase_conditioned,R0,all,100,7,0.07,0.99,9.71,0.014031413612565446
DS06,isolation_forest,2,0.005,phase_conditioned,R1,7,21,3,0.14285714285714285,0.6666666666666666,2.761904761904762,0.008481675392670158
DS06,isolation_forest,2,0.005,phase_conditioned,R1,8,31,2,0.06451612903225806,0.6451612903225806,1.4516129032258065,0.008481675392670158
DS06,isolation_forest,2,0.005,phase_conditioned,R1,9,16,0,0.0,0.9375,8.1875,0.008481675392670158
DS06,isolation_forest,2,0.005,phase_conditioned,R1,10,32,1,0.03125,0.5,1.3125,0.008481675392670158
DS06,isolation_forest,2,0.005,phase_conditioned,R1,all,100,6,0.06,0.65,2.76,0.008481675392670158
DS06,isolation_forest,2,0.005,phase_conditioned,R2,7,21,2,0.09523809523809523,0.7619047619047619,2.4285714285714284,0.014031413612565446
DS06,isolation_forest,2,0.005,phase_conditioned,R2,8,31,1,0.03225806451612903,0.6451612903225806,1.4838709677419355,0.014031413612565446
DS06,isolation_forest,2,0.005,phase_conditioned,R2,9,16,0,0.0,0.9375,6.25,0.014031413612565446
DS06,isolation_forest,2,0.005,phase_conditioned,R2,10,32,2,0.0625,0.5,1.3125,0.014031413612565446
DS06,isolation_forest,2,0.005,phase_conditioned,R2,all,100,5,0.05,0.67,2.39,0.014031413612565446
DS06,isolation_forest,2,0.005,quantile_regression_W,R0,7,21,5,0.23809523809523808,1.0,22.761904761904763,0.01451378809869376
DS06,isolation_forest,2,0.005,quantile_regression_W,R0,8,31,2,0.06451612903225806,1.0,10.064516129032258,0.01451378809869376
DS06,isolation_forest,2,0.005,quantile_regression_W,R0,9,16,6,0.375,1.0,47.375,0.01451378809869376
DS06,isolation_forest,2,0.005,quantile_regression_W,R0,10,32,6,0.1875,1.0,15.15625,0.01451378809869376
DS06,isolation_forest,2,0.005,quantile_regression_W,R0,all,100,19,0.19,1.0,20.33,0.01451378809869376
DS06,isolation_forest,2,0.005,quantile_regression_W,R1,7,21,4,0.19047619047619047,0.9523809523809523,5.428571428571429,0.009537632179141614
DS06,isolation_forest,2,0.005,quantile_regression_W,R1,8,31,2,0.06451612903225806,0.6129032258064516,1.8709677419354838,0.009537632179141614
DS06,isolation_forest,2,0.005,quantile_regression_W,R1,9,16,6,0.375,1.0,10.9375,0.009537632179141614
DS06,isolation_forest,2,0.005,quantile_regression_W,R1,10,32,5,0.15625,0.9375,3.40625,0.009537632179141614
DS06,isolation_forest,2,0.005,quantile_regression_W,R1,all,100,17,0.17,0.85,4.56,0.009537632179141614
DS06,isolation_forest,2,0.005,quantile_regression_W,R2,7,21,5,0.23809523809523808,0.9523809523809523,6.380952380952381,0.013477088948787063
DS06,isolation_forest,2,0.005,quantile_regression_W,R2,8,31,2,0.06451612903225806,0.6774193548387096,2.225806451612903,0.013477088948787063
DS06,isolation_forest,2,0.005,quantile_regression_W,R2,9,16,6,0.375,1.0,13.3125,0.013477088948787063
DS06,isolation_forest,2,0.005,quantile_regression_W,R2,10,32,4,0.125,0.9375,4.28125,0.013477088948787063
DS06,isolation_forest,2,0.005,quantile_regression_W,R2,all,100,17,0.17,0.87,5.53,0.013477088948787063
DS06,isolation_forest,2,0.01,pooled,R0,7,21,2,0.09523809523809523,0.9523809523809523,21.047619047619047,0.02245508982035928
DS06,isolation_forest,2,0.01,pooled,R0,8,31,6,0.1935483870967742,1.0,14.258064516129032,0.02245508982035928
DS06,isolation_forest,2,0.01,pooled,R0,9,16,1,0.0625,1.0,36.0625,0.02245508982035928
DS06,isolation_forest,2,0.01,pooled,R0,10,32,3,0.09375,1.0,11.4375,0.02245508982035928
DS06,isolation_forest,2,0.01,pooled,R0,all,100,12,0.12,0.99,18.27,0.02245508982035928
DS06,isolation_forest,2,0.01,pooled,R1,7,21,1,0.047619047619047616,0.9047619047619048,5.333333333333333,0.018416646735230805
DS06,isolation_forest,2,0.01,pooled,R1,8,31,3,0.0967741935483871,0.7096774193548387,3.2580645161290325,0.018416646735230805
DS06,isolation_forest,2,0.01,pooled,R1,9,16,1,0.0625,1.0,11.9375,0.018416646735230805
DS06,isolation_forest,2,0.01,pooled,R1,10,32,1,0.03125,0.75,2.25,0.018416646735230805
DS06,isolation_forest,2,0.01,pooled,R1,all,100,6,0.06,0.81,4.76,0.018416646735230805
DS06,isolation_forest,2,0.01,pooled,R2,7,21,3,0.14285714285714285,0.9523809523809523,5.619047619047619,0.020569241808179862
DS06,isolation_forest,2,0.01,pooled,R2,8,31,3,0.0967741935483871,0.8709677419354839,3.6129032258064515,0.020569241808179862
DS06,isolation_forest,2,0.01,pooled,R2,9,16,1,0.0625,1.0,10.6875,0.020569241808179862
DS06,isolation_forest,2,0.01,pooled,R2,10,32,2,0.0625,0.875,2.75,0.020569241808179862
DS06,isolation_forest,2,0.01,pooled,R2,all,100,9,0.09,0.91,4.89,0.020569241808179862
DS06,isolation_forest,2,0.01,phase_conditioned,R0,7,21,2,0.09523809523809523,1.0,18.38095238095238,0.02097535395909806
DS06,isolation_forest,2,0.01,phase_conditioned,R0,8,31,8,0.25806451612903225,1.0,12.32258064516129,0.02097535395909806
DS06,isolation_forest,2,0.01,phase_conditioned,R0,9,16,0,0.0,1.0,33.0625,0.02097535395909806
DS06,isolation_forest,2,0.01,phase_conditioned,R0,10,32,4,0.125,1.0,10.78125,0.02097535395909806
DS06,isolation_forest,2,0.01,phase_conditioned,R0,all,100,14,0.14,1.0,16.42,0.02097535395909806
DS06,isolation_forest,2,0.01,phase_conditioned,R1,7,21,2,0.09523809523809523,0.9523809523809523,5.0476190476190474,0.015068165510643387
DS06,isolation_forest,2,0.01,phase_conditioned,R1,8,31,5,0.16129032258064516,0.8709677419354839,2.774193548387097,0.015068165510643387
DS06,isolation_forest,2,0.01,phase_conditioned,R1,9,16,0,0.0,1.0,11.625,0.015068165510643387
DS06,isolation_forest,2,0.01,phase_conditioned,R1,10,32,3,0.09375,0.84375,2.15625,0.015068165510643387
DS06,isolation_forest,2,0.01,phase_conditioned,R1,all,100,10,0.1,0.9,4.47,0.015068165510643387
DS06,isolation_forest,2,0.01,phase_conditioned,R2,7,21,2,0.09523809523809523,0.9523809523809523,4.619047619047619,0.01966439433665443
DS06,isolation_forest,2,0.01,phase_conditioned,R2,8,31,5,0.16129032258064516,0.9354838709677419,2.838709677419355,0.01966439433665443
DS06,isolation_forest,2,0.01,phase_conditioned,R2,9,16,0,0.0,1.0,9.625,0.01966439433665443
DS06,isolation_forest,2,0.01,phase_conditioned,R2,10,32,3,0.09375,0.96875,2.4375,0.01966439433665443
DS06,isolation_forest,2,0.01,phase_conditioned,R2,all,100,10,0.1,0.96,4.17,0.01966439433665443
DS06,isolation_forest,2,0.01,quantile_regression_W,R0,7,21,6,0.2857142857142857,1.0,45.523809523809526,0.028090668891670143
DS06,isolation_forest,2,0.01,quantile_regression_W,R0,8,31,2,0.06451612903225806,1.0,16.225806451612904,0.028090668891670143
DS06,isolation_forest,2,0.01,quantile_regression_W,R0,9,16,7,0.4375,1.0,71.875,0.028090668891670143
DS06,isolation_forest,2,0.01,quantile_regression_W,R0,10,32,11,0.34375,1.0,30.0625,0.028090668891670143
DS06,isolation_forest,2,0.01,quantile_regression_W,R0,all,100,26,0.26,1.0,35.71,0.028090668891670143
DS06,isolation_forest,2,0.01,quantile_regression_W,R1,7,21,4,0.19047619047619047,1.0,11.619047619047619,0.019885968571825893
DS06,isolation_forest,2,0.01,quantile_regression_W,R1,8,31,2,0.06451612903225806,0.9032258064516129,3.3870967741935485,0.019885968571825893
DS06,isolation_forest,2,0.01,quantile_regression_W,R1,9,16,7,0.4375,1.0,19.6875,0.019885968571825893
DS06,isolation_forest,2,0.01,quantile_regression_W,R1,10,32,9,0.28125,1.0,8.5,0.019885968571825893
DS06,isolation_forest,2,0.01,quantile_regression_W,R1,all,100,22,0.22,0.97,9.36,0.019885968571825893
DS06,isolation_forest,2,0.01,quantile_regression_W,R2,7,21,5,0.23809523809523808,1.0,12.19047619047619,0.0294812960645251
DS06,isolation_forest,2,0.01,quantile_regression_W,R2,8,31,2,0.06451612903225806,0.967741935483871,4.32258064516129,0.0294812960645251
DS06,isolation_forest,2,0.01,quantile_regression_W,R2,9,16,6,0.375,1.0,20.0,0.0294812960645251
DS06,isolation_forest,2,0.01,quantile_regression_W,R2,10,32,9,0.28125,1.0,7.71875,0.0294812960645251
DS06,isolation_forest,2,0.01,quantile_regression_W,R2,all,100,22,0.22,0.99,9.57,0.0294812960645251
DS06,isolation_forest,2,0.02,pooled,R0,7,21,2,0.09523809523809523,1.0,38.0,0.04207888988821791
DS06,isolation_forest,2,0.02,pooled,R0,8,31,3,0.0967741935483871,1.0,20.903225806451612,0.04207888988821791
DS06,isolation_forest,2,0.02,pooled,R0,9,16,0,0.0,1.0,60.3125,0.04207888988821791
DS06,isolation_forest,2,0.02,pooled,R0,10,32,4,0.125,1.0,25.15625,0.04207888988821791
DS06,isolation_forest,2,0.02,pooled,R0,all,100,9,0.09,1.0,32.16,0.04207888988821791
DS06,isolation_forest,2,0.02,pooled,R1,7,21,2,0.09523809523809523,1.0,10.19047619047619,0.027833803953206938
DS06,isolation_forest,2,0.02,pooled,R1,8,31,3,0.0967741935483871,0.9032258064516129,5.903225806451613,0.027833803953206938
DS06,isolation_forest,2,0.02,pooled,R1,9,16,1,0.0625,1.0,19.25,0.027833803953206938
DS06,isolation_forest,2,0.02,pooled,R1,10,32,4,0.125,1.0,5.78125,0.027833803953206938
DS06,isolation_forest,2,0.02,pooled,R1,all,100,10,0.1,0.97,8.9,0.027833803953206938
DS06,isolation_forest,2,0.02,pooled,R2,7,21,2,0.09523809523809523,1.0,10.666666666666666,0.03933037515127067
DS06,isolation_forest,2,0.02,pooled,R2,8,31,3,0.0967741935483871,0.967741935483871,6.064516129032258,0.03933037515127067
DS06,isolation_forest,2,0.02,pooled,R2,9,16,1,0.0625,1.0,22.1875,0.03933037515127067
DS06,isolation_forest,2,0.02,pooled,R2,10,32,4,0.125,1.0,6.1875,0.03933037515127067
DS06,isolation_forest,2,0.02,pooled,R2,all,100,10,0.1,0.99,9.65,0.03933037515127067
DS06,isolation_forest,2,0.02,phase_conditioned,R0,7,21,1,0.047619047619047616,1.0,36.61904761904762,0.03872529245663574
DS06,isolation_forest,2,0.02,phase_conditioned,R0,8,31,3,0.0967741935483871,1.0,21.161290322580644,0.03872529245663574
DS06,isolation_forest,2,0.02,phase_conditioned,R0,9,16,0,0.0,1.0,62.5,0.03872529245663574
DS06,isolation_forest,2,0.02,phase_conditioned,R0,10,32,4,0.125,1.0,21.8125,0.03872529245663574
DS06,isolation_forest,2,0.02,phase_conditioned,R0,all,100,8,0.08,1.0,31.23,0.03872529245663574
DS06,isolation_forest,2,0.02,phase_conditioned,R1,7,21,2,0.09523809523809523,0.9523809523809523,10.047619047619047,0.02702702702702703
DS06,isolation_forest,2,0.02,phase_conditioned,R1,8,31,0,0.0,1.0,5.516129032258065,0.02702702702702703
DS06,isolation_forest,2,0.02,phase_conditioned,R1,9,16,2,0.125,1.0,19.1875,0.02702702702702703
DS06,isolation_forest,2,0.02,phase_conditioned,R1,10,32,3,0.09375,1.0,5.09375,0.02702702702702703
DS06,isolation_forest,2,0.02,phase_conditioned,R1,all,100,7,0.07,0.99,8.52,0.02702702702702703
DS06,isolation_forest,2,0.02,phase_conditioned,R2,7,21,1,0.047619047619047616,0.9523809523809523,10.428571428571429,0.03713221122960298
DS06,isolation_forest,2,0.02,phase_conditioned,R2,8,31,1,0.03225806451612903,1.0,5.967741935483871,0.03713221122960298
DS06,isolation_forest,2,0.02,phase_conditioned,R2,9,16,0,0.0,1.0,20.375,0.03713221122960298
DS06,isolation_forest,2,0.02,phase_conditioned,R2,10,32,3,0.09375,1.0,6.46875,0.03713221122960298
DS06,isolation_forest,2,0.02,phase_conditioned,R2,all,100,5,0.05,0.99,9.37,0.03713221122960298
DS06,isolation_forest,2,0.02,quantile_regression_W,R0,7,21,6,0.2857142857142857,1.0,76.66666666666667,0.050564919429523986
DS06,isolation_forest,2,0.02,quantile_regression_W,R0,8,31,2,0.06451612903225806,1.0,26.06451612903226,0.050564919429523986
DS06,isolation_forest,2,0.02,quantile_regression_W,R0,9,16,7,0.4375,1.0,107.5625,0.050564919429523986
DS06,isolation_forest,2,0.02,quantile_regression_W,R0,10,32,10,0.3125,1.0,45.5,0.050564919429523986
DS06,isolation_forest,2,0.02,quantile_regression_W,R0,all,100,25,0.25,1.0,55.95,0.050564919429523986
DS06,isolation_forest,2,0.02,quantile_regression_W,R1,7,21,4,0.19047619047619047,1.0,25.61904761904762,0.043261667540639745
DS06,isolation_forest,2,0.02,quantile_regression_W,R1,8,31,2,0.06451612903225806,0.967741935483871,7.161290322580645,0.043261667540639745
DS06,isolation_forest,2,0.02,quantile_regression_W,R1,9,16,7,0.4375,1.0,32.0625,0.043261667540639745
DS06,isolation_forest,2,0.02,quantile_regression_W,R1,10,32,10,0.3125,1.0,14.1875,0.043261667540639745
DS06,isolation_forest,2,0.02,quantile_regression_W,R1,all,100,23,0.23,0.99,17.27,0.043261667540639745
DS06,isolation_forest,2,0.02,quantile_regression_W,R2,7,21,5,0.23809523809523808,1.0,19.0,0.050750138914613815
DS06,isolation_forest,2,0.02,quantile_regression_W,R2,8,31,2,0.06451612903225806,0.967741935483871,7.548387096774194,0.050750138914613815
DS06,isolation_forest,2,0.02,quantile_regression_W,R2,9,16,6,0.375,1.0,31.4375,0.050750138914613815
DS06,isolation_forest,2,0.02,quantile_regression_W,R2,10,32,10,0.3125,1.0,12.59375,0.050750138914613815
DS06,isolation_forest,2,0.02,quantile_regression_W,R2,all,100,23,0.23,0.99,15.39,0.050750138914613815
DS06,lstm_autoencoder,0,0.005,pooled,R0,7,21,2,0.09523809523809523,1.0,13.095238095238095,0.015048543689320388
DS06,lstm_autoencoder,0,0.005,pooled,R0,8,31,3,0.0967741935483871,1.0,7.483870967741935,0.015048543689320388
DS06,lstm_autoencoder,0,0.005,pooled,R0,9,16,1,0.0625,1.0,20.75,0.015048543689320388
DS06,lstm_autoencoder,0,0.005,pooled,R0,10,32,1,0.03125,1.0,7.625,0.015048543689320388
DS06,lstm_autoencoder,0,0.005,pooled,R0,all,100,7,0.07,1.0,10.83,0.015048543689320388
DS06,lstm_autoencoder,0,0.005,pooled,R1,7,21,2,0.09523809523809523,0.9047619047619048,3.5238095238095237,0.010887656033287101
DS06,lstm_autoencoder,0,0.005,pooled,R1,8,31,0,0.0,0.8064516129032258,1.7741935483870968,0.010887656033287101
DS06,lstm_autoencoder,0,0.005,pooled,R1,9,16,2,0.125,1.0,7.625,0.010887656033287101
DS06,lstm_autoencoder,0,0.005,pooled,R1,10,32,0,0.0,0.75,1.625,0.010887656033287101
DS06,lstm_autoencoder,0,0.005,pooled,R1,all,100,4,0.04,0.84,3.03,0.010887656033287101
DS06,lstm_autoencoder,0,0.005,pooled,R2,7,21,2,0.09523809523809523,0.9523809523809523,3.5714285714285716,0.014133182029194821
DS06,lstm_autoencoder,0,0.005,pooled,R2,8,31,1,0.03225806451612903,0.8387096774193549,2.129032258064516,0.014133182029194821
DS06,lstm_autoencoder,0,0.005,pooled,R2,9,16,1,0.0625,1.0,7.3125,0.014133182029194821
DS06,lstm_autoencoder,0,0.005,pooled,R2,10,32,1,0.03125,0.75,1.8125,0.014133182029194821
DS06,lstm_autoencoder,0,0.005,pooled,R2,all,100,5,0.05,0.86,3.16,0.014133182029194821
DS06,lstm_autoencoder,0,0.005,phase_conditioned,R0,7,21,2,0.09523809523809523,1.0,12.428571428571429,0.012968099861303746
DS06,lstm_autoencoder,0,0.005,phase_conditioned,R0,8,31,2,0.06451612903225806,1.0,6.870967741935484,0.012968099861303746
DS06,lstm_autoencoder,0,0.005,phase_conditioned,R0,9,16,3,0.1875,1.0,21.25,0.012968099861303746
DS06,lstm_autoencoder,0,0.005,phase_conditioned,R0,10,32,1,0.03125,1.0,7.15625,0.012968099861303746
DS06,lstm_autoencoder,0,0.005,phase_conditioned,R0,all,100,8,0.08,1.0,10.43,0.012968099861303746
DS06,lstm_autoencoder,0,0.005,phase_conditioned,R1,7,21,3,0.14285714285714285,0.9047619047619048,3.6666666666666665,0.009724079251245897
DS06,lstm_autoencoder,0,0.005,phase_conditioned,R1,8,31,0,0.0,0.7419354838709677,1.4193548387096775,0.009724079251245897
DS06,lstm_autoencoder,0,0.005,phase_conditioned,R1,9,16,3,0.1875,1.0,8.0,0.009724079251245897
DS06,lstm_autoencoder,0,0.005,phase_conditioned,R1,10,32,0,0.0,0.625,1.15625,0.009724079251245897
DS06,lstm_autoencoder,0,0.005,phase_conditioned,R1,all,100,6,0.06,0.78,2.86,0.009724079251245897
DS06,lstm_autoencoder,0,0.005,phase_conditioned,R2,7,21,2,0.09523809523809523,0.9523809523809523,3.5238095238095237,0.0130374479889043
DS06,lstm_autoencoder,0,0.005,phase_conditioned,R2,8,31,0,0.0,0.7419354838709677,1.7096774193548387,0.0130374479889043
DS06,lstm_autoencoder,0,0.005,phase_conditioned,R2,9,16,2,0.125,1.0,6.9375,0.0130374479889043
DS06,lstm_autoencoder,0,0.005,phase_conditioned,R2,10,32,0,0.0,0.625,1.40625,0.0130374479889043
DS06,lstm_autoencoder,0,0.005,phase_conditioned,R2,all,100,4,0.04,0.79,2.83,0.0130374479889043
DS06,lstm_autoencoder,0,0.005,quantile_regression_W,R0,7,21,2,0.09523809523809523,1.0,30.666666666666668,0.014401262576445058
DS06,lstm_autoencoder,0,0.005,quantile_regression_W,R0,8,31,0,0.0,1.0,9.0,0.014401262576445058
DS06,lstm_autoencoder,0,0.005,quantile_regression_W,R0,9,16,2,0.125,1.0,55.75,0.014401262576445058
DS06,lstm_autoencoder,0,0.005,quantile_regression_W,R0,10,32,4,0.125,1.0,11.09375,0.014401262576445058
DS06,lstm_autoencoder,0,0.005,quantile_regression_W,R0,all,100,8,0.08,1.0,21.7,0.014401262576445058
DS06,lstm_autoencoder,0,0.005,quantile_regression_W,R1,7,21,3,0.14285714285714285,1.0,7.285714285714286,0.007296137339055794
DS06,lstm_autoencoder,0,0.005,quantile_regression_W,R1,8,31,3,0.0967741935483871,0.6451612903225806,2.4516129032258065,0.007296137339055794
DS06,lstm_autoencoder,0,0.005,quantile_regression_W,R1,9,16,2,0.125,1.0,11.0,0.007296137339055794
DS06,lstm_autoencoder,0,0.005,quantile_regression_W,R1,10,32,7,0.21875,0.9375,3.21875,0.007296137339055794
DS06,lstm_autoencoder,0,0.005,quantile_regression_W,R1,all,100,15,0.15,0.87,5.08,0.007296137339055794
DS06,lstm_autoencoder,0,0.005,quantile_regression_W,R2,7,21,2,0.09523809523809523,1.0,8.0,0.011798636601992658
DS06,lstm_autoencoder,0,0.005,quantile_regression_W,R2,8,31,1,0.03225806451612903,0.8064516129032258,2.6451612903225805,0.011798636601992658
DS06,lstm_autoencoder,0,0.005,quantile_regression_W,R2,9,16,2,0.125,1.0,11.5,0.011798636601992658
DS06,lstm_autoencoder,0,0.005,quantile_regression_W,R2,10,32,5,0.15625,1.0,3.5,0.011798636601992658
DS06,lstm_autoencoder,0,0.005,quantile_regression_W,R2,all,100,10,0.1,0.94,5.46,0.011798636601992658
DS06,lstm_autoencoder,0,0.01,pooled,R0,7,21,3,0.14285714285714285,1.0,37.19047619047619,0.026409449631196163
DS06,lstm_autoencoder,0,0.01,pooled,R0,8,31,3,0.0967741935483871,1.0,15.290322580645162,0.026409449631196163
DS06,lstm_autoencoder,0,0.01,pooled,R0,9,16,1,0.0625,1.0,56.6875,0.026409449631196163
DS06,lstm_autoencoder,0,0.01,pooled,R0,10,32,2,0.0625,1.0,17.59375,0.026409449631196163
DS06,lstm_autoencoder,0,0.01,pooled,R0,all,100,9,0.09,1.0,27.25,0.026409449631196163
DS06,lstm_autoencoder,0,0.01,pooled,R1,7,21,3,0.14285714285714285,0.9523809523809523,7.809523809523809,0.01872399445214979
DS06,lstm_autoencoder,0,0.01,pooled,R1,8,31,3,0.0967741935483871,0.9032258064516129,4.193548387096774,0.01872399445214979
DS06,lstm_autoencoder,0,0.01,pooled,R1,9,16,1,0.0625,1.0,12.9375,0.01872399445214979
DS06,lstm_autoencoder,0,0.01,pooled,R1,10,32,2,0.0625,0.9375,4.46875,0.01872399445214979
DS06,lstm_autoencoder,0,0.01,pooled,R1,all,100,9,0.09,0.94,6.44,0.01872399445214979
DS06,lstm_autoencoder,0,0.01,pooled,R2,7,21,3,0.14285714285714285,1.0,8.571428571428571,0.023881982771960592
DS06,lstm_autoencoder,0,0.01,pooled,R2,8,31,3,0.0967741935483871,0.967741935483871,4.612903225806452,0.023881982771960592
DS06,lstm_autoencoder,0,0.01,pooled,R2,9,16,1,0.0625,1.0,13.3125,0.023881982771960592
DS06,lstm_autoencoder,0,0.01,pooled,R2,10,32,2,0.0625,0.96875,4.625,0.023881982771960592
DS06,lstm_autoencoder,0,0.01,pooled,R2,all,100,9,0.09,0.98,6.84,0.023881982771960592
DS06,lstm_autoencoder,0,0.01,phase_conditioned,R0,7,21,3,0.14285714285714285,1.0,37.333333333333336,0.028627430752566154
DS06,lstm_autoencoder,0,0.01,phase_conditioned,R0,8,31,3,0.0967741935483871,1.0,16.225806451612904,0.028627430752566154
DS06,lstm_autoencoder,0,0.01,phase_conditioned,R0,9,16,1,0.0625,1.0,66.1875,0.028627430752566154
DS06,lstm_autoencoder,0,0.01,phase_conditioned,R0,10,32,2,0.0625,1.0,17.15625,0.028627430752566154
DS06,lstm_autoencoder,0,0.01,phase_conditioned,R0,all,100,9,0.09,1.0,28.95,0.028627430752566154
DS06,lstm_autoencoder,0,0.01,phase_conditioned,R1,7,21,3,0.14285714285714285,0.9523809523809523,6.809523809523809,0.019476439790575915
DS06,lstm_autoencoder,0,0.01,phase_conditioned,R1,8,31,0,0.0,0.9032258064516129,4.741935483870968,0.019476439790575915
DS06,lstm_autoencoder,0,0.01,phase_conditioned,R1,9,16,2,0.125,1.0,12.0625,0.019476439790575915
DS06,lstm_autoencoder,0,0.01,phase_conditioned,R1,10,32,0,0.0,0.90625,4.21875,0.019476439790575915
DS06,lstm_autoencoder,0,0.01,phase_conditioned,R1,all,100,5,0.05,0.93,6.18,0.019476439790575915
DS06,lstm_autoencoder,0,0.01,phase_conditioned,R2,7,21,3,0.14285714285714285,1.0,7.380952380952381,0.02544502617801047
DS06,lstm_autoencoder,0,0.01,phase_conditioned,R2,8,31,3,0.0967741935483871,0.9032258064516129,5.419354838709677,0.02544502617801047
DS06,lstm_autoencoder,0,0.01,phase_conditioned,R2,9,16,1,0.0625,1.0,12.5625,0.02544502617801047
DS06,lstm_autoencoder,0,0.01,phase_conditioned,R2,10,32,2,0.0625,0.90625,4.46875,0.02544502617801047
DS06,lstm_autoencoder,0,0.01,phase_conditioned,R2,all,100,9,0.09,0.94,6.67,0.02544502617801047
DS06,lstm_autoencoder,0,0.01,quantile_regression_W,R0,7,21,4,0.19047619047619047,1.0,59.0,0.029394357861511147
DS06,lstm_autoencoder,0,0.01,quantile_regression_W,R0,8,31,2,0.06451612903225806,1.0,15.612903225806452,0.029394357861511147
DS06,lstm_autoencoder,0,0.01,quantile_regression_W,R0,9,16,3,0.1875,1.0,107.25,0.029394357861511147
DS06,lstm_autoencoder,0,0.01,quantile_regression_W,R0,10,32,5,0.15625,1.0,21.53125,0.029394357861511147
DS06,lstm_autoencoder,0,0.01,quantile_regression_W,R0,all,100,14,0.14,1.0,41.28,0.029394357861511147
DS06,lstm_autoencoder,0,0.01,quantile_regression_W,R1,7,21,6,0.2857142857142857,1.0,16.61904761904762,0.015533980582524271
DS06,lstm_autoencoder,0,0.01,quantile_regression_W,R1,8,31,1,0.03225806451612903,0.8387096774193549,4.870967741935484,0.015533980582524271
DS06,lstm_autoencoder,0,0.01,quantile_regression_W,R1,9,16,2,0.125,1.0,23.4375,0.015533980582524271
DS06,lstm_autoencoder,0,0.01,quantile_regression_W,R1,10,32,4,0.125,0.96875,5.625,0.015533980582524271
DS06,lstm_autoencoder,0,0.01,quantile_regression_W,R1,all,100,13,0.13,0.94,10.55,0.015533980582524271
DS06,lstm_autoencoder,0,0.01,quantile_regression_W,R2,7,21,4,0.19047619047619047,1.0,17.333333333333332,0.027618859735648055
DS06,lstm_autoencoder,0,0.01,quantile_regression_W,R2,8,31,0,0.0,1.0,5.290322580645161,0.027618859735648055
DS06,lstm_autoencoder,0,0.01,quantile_regression_W,R2,9,16,2,0.125,1.0,24.1875,0.027618859735648055
DS06,lstm_autoencoder,0,0.01,quantile_regression_W,R2,10,32,4,0.125,1.0,6.03125,0.027618859735648055
DS06,lstm_autoencoder,0,0.01,quantile_regression_W,R2,all,100,10,0.1,1.0,11.08,0.027618859735648055
DS06,lstm_autoencoder,0,0.02,pooled,R0,7,21,1,0.047619047619047616,1.0,73.0952380952381,0.05264219443323921
DS06,lstm_autoencoder,0,0.02,pooled,R0,8,31,3,0.0967741935483871,1.0,29.483870967741936,0.05264219443323921
DS06,lstm_autoencoder,0,0.02,pooled,R0,9,16,1,0.0625,1.0,145.375,0.05264219443323921
DS06,lstm_autoencoder,0,0.02,pooled,R0,10,32,4,0.125,1.0,36.4375,0.05264219443323921
DS06,lstm_autoencoder,0,0.02,pooled,R0,all,100,9,0.09,1.0,59.41,0.05264219443323921
DS06,lstm_autoencoder,0,0.02,pooled,R1,7,21,2,0.09523809523809523,1.0,19.857142857142858,0.032460732984293195
DS06,lstm_autoencoder,0,0.02,pooled,R1,8,31,3,0.0967741935483871,1.0,8.67741935483871,0.032460732984293195
DS06,lstm_autoencoder,0,0.02,pooled,R1,9,16,1,0.0625,1.0,27.875,0.032460732984293195
DS06,lstm_autoencoder,0,0.02,pooled,R1,10,32,2,0.0625,1.0,10.125,0.032460732984293195
DS06,lstm_autoencoder,0,0.02,pooled,R1,all,100,8,0.08,1.0,14.56,0.032460732984293195
DS06,lstm_autoencoder,0,0.02,pooled,R2,7,21,2,0.09523809523809523,1.0,20.19047619047619,0.04429319371727749
DS06,lstm_autoencoder,0,0.02,pooled,R2,8,31,3,0.0967741935483871,1.0,8.709677419354838,0.04429319371727749
DS06,lstm_autoencoder,0,0.02,pooled,R2,9,16,1,0.0625,1.0,30.3125,0.04429319371727749
DS06,lstm_autoencoder,0,0.02,pooled,R2,10,32,2,0.0625,1.0,11.46875,0.04429319371727749
DS06,lstm_autoencoder,0,0.02,pooled,R2,all,100,8,0.08,1.0,15.46,0.04429319371727749
DS06,lstm_autoencoder,0,0.02,phase_conditioned,R0,7,21,2,0.09523809523809523,1.0,70.0952380952381,0.048272251308900525
DS06,lstm_autoencoder,0,0.02,phase_conditioned,R0,8,31,3,0.0967741935483871,1.0,26.322580645161292,0.048272251308900525
DS06,lstm_autoencoder,0,0.02,phase_conditioned,R0,9,16,1,0.0625,1.0,152.0,0.048272251308900525
DS06,lstm_autoencoder,0,0.02,phase_conditioned,R0,10,32,3,0.09375,1.0,34.8125,0.048272251308900525
DS06,lstm_autoencoder,0,0.02,phase_conditioned,R0,all,100,9,0.09,1.0,58.34,0.048272251308900525
DS06,lstm_autoencoder,0,0.02,phase_conditioned,R1,7,21,2,0.09523809523809523,1.0,17.714285714285715,0.03250506347873339
DS06,lstm_autoencoder,0,0.02,phase_conditioned,R1,8,31,3,0.0967741935483871,1.0,8.225806451612904,0.03250506347873339
DS06,lstm_autoencoder,0,0.02,phase_conditioned,R1,9,16,1,0.0625,1.0,27.0,0.03250506347873339
DS06,lstm_autoencoder,0,0.02,phase_conditioned,R1,10,32,2,0.0625,1.0,8.6875,0.03250506347873339
DS06,lstm_autoencoder,0,0.02,phase_conditioned,R1,all,100,8,0.08,1.0,13.37,0.03250506347873339
DS06,lstm_autoencoder,0,0.02,phase_conditioned,R2,7,21,2,0.09523809523809523,1.0,18.571428571428573,0.04418848167539267
DS06,lstm_autoencoder,0,0.02,phase_conditioned,R2,8,31,3,0.0967741935483871,1.0,8.483870967741936,0.04418848167539267
DS06,lstm_autoencoder,0,0.02,phase_conditioned,R2,9,16,1,0.0625,1.0,30.0625,0.04418848167539267
DS06,lstm_autoencoder,0,0.02,phase_conditioned,R2,10,32,3,0.09375,1.0,9.75,0.04418848167539267
DS06,lstm_autoencoder,0,0.02,phase_conditioned,R2,all,100,9,0.09,1.0,14.46,0.04418848167539267
DS06,lstm_autoencoder,0,0.02,quantile_regression_W,R0,7,21,9,0.42857142857142855,1.0,110.42857142857143,0.053247277127874144
DS06,lstm_autoencoder,0,0.02,quantile_regression_W,R0,8,31,2,0.06451612903225806,1.0,29.096774193548388,0.053247277127874144
DS06,lstm_autoencoder,0,0.02,quantile_regression_W,R0,9,16,4,0.25,1.0,218.375,0.053247277127874144
DS06,lstm_autoencoder,0,0.02,quantile_regression_W,R0,10,32,5,0.15625,1.0,37.8125,0.053247277127874144
DS06,lstm_autoencoder,0,0.02,quantile_regression_W,R0,all,100,20,0.2,1.0,79.25,0.053247277127874144
DS06,lstm_autoencoder,0,0.02,quantile_regression_W,R1,7,21,8,0.38095238095238093,1.0,33.57142857142857,0.03217753120665742
DS06,lstm_autoencoder,0,0.02,quantile_regression_W,R1,8,31,2,0.06451612903225806,1.0,8.709677419354838,0.03217753120665742
DS06,lstm_autoencoder,0,0.02,quantile_regression_W,R1,9,16,4,0.25,1.0,49.875,0.03217753120665742
DS06,lstm_autoencoder,0,0.02,quantile_regression_W,R1,10,32,4,0.125,1.0,12.1875,0.03217753120665742
DS06,lstm_autoencoder,0,0.02,quantile_regression_W,R1,all,100,18,0.18,1.0,21.63,0.03217753120665742
DS06,lstm_autoencoder,0,0.02,quantile_regression_W,R2,7,21,9,0.42857142857142855,1.0,33.142857142857146,0.04477611940298507
DS06,lstm_autoencoder,0,0.02,quantile_regression_W,R2,8,31,2,0.06451612903225806,1.0,8.64516129032258,0.04477611940298507
DS06,lstm_autoencoder,0,0.02,quantile_regression_W,R2,9,16,4,0.25,1.0,53.125,0.04477611940298507
DS06,lstm_autoencoder,0,0.02,quantile_regression_W,R2,10,32,5,0.15625,1.0,10.90625,0.04477611940298507
DS06,lstm_autoencoder,0,0.02,quantile_regression_W,R2,all,100,20,0.2,1.0,21.63,0.04477611940298507
DS06,lstm_autoencoder,1,0.005,pooled,R0,7,21,3,0.14285714285714285,1.0,18.80952380952381,0.01449375866851595
DS06,lstm_autoencoder,1,0.005,pooled,R0,8,31,3,0.0967741935483871,1.0,8.580645161290322,0.01449375866851595
DS06,lstm_autoencoder,1,0.005,pooled,R0,9,16,2,0.125,1.0,28.5625,0.01449375866851595
DS06,lstm_autoencoder,1,0.005,pooled,R0,10,32,1,0.03125,1.0,9.5625,0.01449375866851595
DS06,lstm_autoencoder,1,0.005,pooled,R0,all,100,9,0.09,1.0,14.24,0.01449375866851595
DS06,lstm_autoencoder,1,0.005,pooled,R1,7,21,3,0.14285714285714285,0.9047619047619048,3.9047619047619047,0.010331834204448767
DS06,lstm_autoencoder,1,0.005,pooled,R1,8,31,0,0.0,0.7096774193548387,1.7741935483870968,0.010331834204448767
DS06,lstm_autoencoder,1,0.005,pooled,R1,9,16,2,0.125,1.0,7.9375,0.010331834204448767
DS06,lstm_autoencoder,1,0.005,pooled,R1,10,32,0,0.0,0.75,1.78125,0.010331834204448767
DS06,lstm_autoencoder,1,0.005,pooled,R1,all,100,5,0.05,0.81,3.21,0.010331834204448767
DS06,lstm_autoencoder,1,0.005,pooled,R2,7,21,3,0.14285714285714285,0.9523809523809523,4.0,0.012155099064057371
DS06,lstm_autoencoder,1,0.005,pooled,R2,8,31,3,0.0967741935483871,0.7741935483870968,2.096774193548387,0.012155099064057371
DS06,lstm_autoencoder,1,0.005,pooled,R2,9,16,3,0.1875,1.0,7.875,0.012155099064057371
DS06,lstm_autoencoder,1,0.005,pooled,R2,10,32,1,0.03125,0.75,2.09375,0.012155099064057371
DS06,lstm_autoencoder,1,0.005,pooled,R2,all,100,10,0.1,0.84,3.42,0.012155099064057371
DS06,lstm_autoencoder,1,0.005,phase_conditioned,R0,7,21,3,0.14285714285714285,1.0,18.80952380952381,0.012968099861303746
DS06,lstm_autoencoder,1,0.005,phase_conditioned,R0,8,31,3,0.0967741935483871,1.0,7.806451612903226,0.012968099861303746
DS06,lstm_autoencoder,1,0.005,phase_conditioned,R0,9,16,3,0.1875,1.0,27.9375,0.012968099861303746
DS06,lstm_autoencoder,1,0.005,phase_conditioned,R0,10,32,1,0.03125,1.0,7.84375,0.012968099861303746
DS06,lstm_autoencoder,1,0.005,phase_conditioned,R0,all,100,10,0.1,1.0,13.35,0.012968099861303746
DS06,lstm_autoencoder,1,0.005,phase_conditioned,R1,7,21,3,0.14285714285714285,0.9047619047619048,3.8095238095238093,0.00984743411927878
DS06,lstm_autoencoder,1,0.005,phase_conditioned,R1,8,31,0,0.0,0.7741935483870968,1.7741935483870968,0.00984743411927878
DS06,lstm_autoencoder,1,0.005,phase_conditioned,R1,9,16,3,0.1875,1.0,7.9375,0.00984743411927878
DS06,lstm_autoencoder,1,0.005,phase_conditioned,R1,10,32,0,0.0,0.75,1.65625,0.00984743411927878
DS06,lstm_autoencoder,1,0.005,phase_conditioned,R1,all,100,6,0.06,0.83,3.15,0.00984743411927878
DS06,lstm_autoencoder,1,0.005,phase_conditioned,R2,7,21,3,0.14285714285714285,0.9523809523809523,3.857142857142857,0.011911997082776224
DS06,lstm_autoencoder,1,0.005,phase_conditioned,R2,8,31,0,0.0,0.8387096774193549,2.096774193548387,0.011911997082776224
DS06,lstm_autoencoder,1,0.005,phase_conditioned,R2,9,16,3,0.1875,1.0,7.25,0.011911997082776224
DS06,lstm_autoencoder,1,0.005,phase_conditioned,R2,10,32,0,0.0,0.75,1.71875,0.011911997082776224
DS06,lstm_autoencoder,1,0.005,phase_conditioned,R2,all,100,6,0.06,0.86,3.17,0.011911997082776224
DS06,lstm_autoencoder,1,0.005,quantile_regression_W,R0,7,21,10,0.47619047619047616,1.0,46.904761904761905,0.0144
DS06,lstm_autoencoder,1,0.005,quantile_regression_W,R0,8,31,3,0.0967741935483871,1.0,9.612903225806452,0.0144
DS06,lstm_autoencoder,1,0.005,quantile_regression_W,R0,9,16,3,0.1875,1.0,70.75,0.0144
DS06,lstm_autoencoder,1,0.005,quantile_regression_W,R0,10,32,7,0.21875,1.0,14.03125,0.0144
DS06,lstm_autoencoder,1,0.005,quantile_regression_W,R0,all,100,23,0.23,1.0,28.64,0.0144
DS06,lstm_autoencoder,1,0.005,quantile_regression_W,R1,7,21,8,0.38095238095238093,0.9523809523809523,9.142857142857142,0.00793991416309013
DS06,lstm_autoencoder,1,0.005,quantile_regression_W,R1,8,31,0,0.0,0.6774193548387096,2.4838709677419355,0.00793991416309013
DS06,lstm_autoencoder,1,0.005,quantile_regression_W,R1,9,16,3,0.1875,1.0,11.3125,0.00793991416309013
DS06,lstm_autoencoder,1,0.005,quantile_regression_W,R1,10,32,7,0.21875,0.9375,3.53125,0.00793991416309013
DS06,lstm_autoencoder,1,0.005,quantile_regression_W,R1,all,100,18,0.18,0.87,5.63,0.00793991416309013
DS06,lstm_autoencoder,1,0.005,quantile_regression_W,R2,7,21,10,0.47619047619047616,1.0,10.047619047619047,0.012369172216936251
DS06,lstm_autoencoder,1,0.005,quantile_regression_W,R2,8,31,3,0.0967741935483871,0.8387096774193549,2.6774193548387095,0.012369172216936251
DS06,lstm_autoencoder,1,0.005,quantile_regression_W,R2,9,16,3,0.1875,1.0,13.125,0.012369172216936251
DS06,lstm_autoencoder,1,0.005,quantile_regression_W,R2,10,32,7,0.21875,0.96875,3.6875,0.012369172216936251
DS06,lstm_autoencoder,1,0.005,quantile_regression_W,R2,all,100,23,0.23,0.94,6.22,0.012369172216936251
DS06,lstm_autoencoder,1,0.01,pooled,R0,7,21,3,0.14285714285714285,1.0,46.57142857142857,0.026873678237994532
DS06,lstm_autoencoder,1,0.01,pooled,R0,8,31,3,0.0967741935483871,1.0,17.516129032258064,0.026873678237994532
DS06,lstm_autoencoder,1,0.01,pooled,R0,9,16,2,0.125,1.0,83.875,0.026873678237994532
DS06,lstm_autoencoder,1,0.01,pooled,R0,10,32,2,0.0625,1.0,21.21875,0.026873678237994532
DS06,lstm_autoencoder,1,0.01,pooled,R0,all,100,10,0.1,1.0,35.42,0.026873678237994532
DS06,lstm_autoencoder,1,0.01,pooled,R1,7,21,3,0.14285714285714285,1.0,7.809523809523809,0.0187434554973822
DS06,lstm_autoencoder,1,0.01,pooled,R1,8,31,0,0.0,0.967741935483871,4.548387096774194,0.0187434554973822
DS06,lstm_autoencoder,1,0.01,pooled,R1,9,16,1,0.0625,1.0,13.3125,0.0187434554973822
DS06,lstm_autoencoder,1,0.01,pooled,R1,10,32,1,0.03125,1.0,4.46875,0.0187434554973822
DS06,lstm_autoencoder,1,0.01,pooled,R1,all,100,5,0.05,0.99,6.61,0.0187434554973822
DS06,lstm_autoencoder,1,0.01,pooled,R2,7,21,3,0.14285714285714285,1.0,8.666666666666666,0.023439667128987516
DS06,lstm_autoencoder,1,0.01,pooled,R2,8,31,3,0.0967741935483871,0.967741935483871,5.0,0.023439667128987516
DS06,lstm_autoencoder,1,0.01,pooled,R2,9,16,1,0.0625,1.0,15.0625,0.023439667128987516
DS06,lstm_autoencoder,1,0.01,pooled,R2,10,32,2,0.0625,1.0,4.90625,0.023439667128987516
DS06,lstm_autoencoder,1,0.01,pooled,R2,all,100,9,0.09,0.99,7.35,0.023439667128987516
DS06,lstm_autoencoder,1,0.01,phase_conditioned,R0,7,21,3,0.14285714285714285,1.0,45.333333333333336,0.026701570680628273
DS06,lstm_autoencoder,1,0.01,phase_conditioned,R0,8,31,3,0.0967741935483871,1.0,16.774193548387096,0.026701570680628273
DS06,lstm_autoencoder,1,0.01,phase_conditioned,R0,9,16,2,0.125,1.0,90.875,0.026701570680628273
DS06,lstm_autoencoder,1,0.01,phase_conditioned,R0,10,32,2,0.0625,1.0,20.96875,0.026701570680628273
DS06,lstm_autoencoder,1,0.01,phase_conditioned,R0,all,100,10,0.1,1.0,35.97,0.026701570680628273
DS06,lstm_autoencoder,1,0.01,phase_conditioned,R1,7,21,3,0.14285714285714285,1.0,7.428571428571429,0.018219895287958116
DS06,lstm_autoencoder,1,0.01,phase_conditioned,R1,8,31,0,0.0,1.0,5.161290322580645,0.018219895287958116
DS06,lstm_autoencoder,1,0.01,phase_conditioned,R1,9,16,2,0.125,1.0,13.0,0.018219895287958116
DS06,lstm_autoencoder,1,0.01,phase_conditioned,R1,10,32,1,0.03125,1.0,4.9375,0.018219895287958116
DS06,lstm_autoencoder,1,0.01,phase_conditioned,R1,all,100,6,0.06,1.0,6.82,0.018219895287958116
DS06,lstm_autoencoder,1,0.01,phase_conditioned,R2,7,21,3,0.14285714285714285,1.0,7.666666666666667,0.023350785340314137
DS06,lstm_autoencoder,1,0.01,phase_conditioned,R2,8,31,3,0.0967741935483871,1.0,5.548387096774194,0.023350785340314137
DS06,lstm_autoencoder,1,0.01,phase_conditioned,R2,9,16,2,0.125,1.0,15.0,0.023350785340314137
DS06,lstm_autoencoder,1,0.01,phase_conditioned,R2,10,32,2,0.0625,1.0,4.9375,0.023350785340314137
DS06,lstm_autoencoder,1,0.01,phase_conditioned,R2,all,100,10,0.1,1.0,7.31,0.023350785340314137
DS06,lstm_autoencoder,1,0.01,quantile_regression_W,R0,7,21,10,0.47619047619047616,1.0,73.61904761904762,0.0278161373051884
DS06,lstm_autoencoder,1,0.01,quantile_regression_W,R0,8,31,3,0.0967741935483871,1.0,15.03225806451613,0.0278161373051884
DS06,lstm_autoencoder,1,0.01,quantile_regression_W,R0,9,16,6,0.375,1.0,130.875,0.0278161373051884
DS06,lstm_autoencoder,1,0.01,quantile_regression_W,R0,10,32,4,0.125,1.0,20.6875,0.0278161373051884
DS06,lstm_autoencoder,1,0.01,quantile_regression_W,R0,all,100,23,0.23,1.0,47.68,0.0278161373051884
DS06,lstm_autoencoder,1,0.01,quantile_regression_W,R1,7,21,11,0.5238095238095238,1.0,15.80952380952381,0.016094420600858368
DS06,lstm_autoencoder,1,0.01,quantile_regression_W,R1,8,31,1,0.03225806451612903,0.9032258064516129,4.258064516129032,0.016094420600858368
DS06,lstm_autoencoder,1,0.01,quantile_regression_W,R1,9,16,6,0.375,1.0,23.625,0.016094420600858368
DS06,lstm_autoencoder,1,0.01,quantile_regression_W,R1,10,32,5,0.15625,0.96875,4.90625,0.016094420600858368
DS06,lstm_autoencoder,1,0.01,quantile_regression_W,R1,all,100,23,0.23,0.96,9.99,0.016094420600858368
DS06,lstm_autoencoder,1,0.01,quantile_regression_W,R2,7,21,11,0.5238095238095238,1.0,16.666666666666668,0.024659696192542907
DS06,lstm_autoencoder,1,0.01,quantile_regression_W,R2,8,31,1,0.03225806451612903,1.0,4.483870967741935,0.024659696192542907
DS06,lstm_autoencoder,1,0.01,quantile_regression_W,R2,9,16,6,0.375,1.0,23.9375,0.024659696192542907
DS06,lstm_autoencoder,1,0.01,quantile_regression_W,R2,10,32,4,0.125,1.0,5.25,0.024659696192542907
DS06,lstm_autoencoder,1,0.01,quantile_regression_W,R2,all,100,22,0.22,1.0,10.4,0.024659696192542907
DS06,lstm_autoencoder,1,0.02,pooled,R0,7,21,2,0.09523809523809523,1.0,85.52380952380952,0.05789473684210526
DS06,lstm_autoencoder,1,0.02,pooled,R0,8,31,3,0.0967741935483871,1.0,32.0,0.05789473684210526
DS06,lstm_autoencoder,1,0.02,pooled,R0,9,16,2,0.125,1.0,193.5,0.05789473684210526
DS06,lstm_autoencoder,1,0.02,pooled,R0,10,32,2,0.0625,1.0,39.90625,0.05789473684210526
DS06,lstm_autoencoder,1,0.02,pooled,R0,all,100,9,0.09,1.0,71.61,0.05789473684210526
DS06,lstm_autoencoder,1,0.02,pooled,R1,7,21,3,0.14285714285714285,1.0,18.61904761904762,0.03274853801169591
DS06,lstm_autoencoder,1,0.02,pooled,R1,8,31,2,0.06451612903225806,1.0,8.903225806451612,0.03274853801169591
DS06,lstm_autoencoder,1,0.02,pooled,R1,9,16,3,0.1875,1.0,31.0,0.03274853801169591
DS06,lstm_autoencoder,1,0.02,pooled,R1,10,32,2,0.0625,1.0,9.0,0.03274853801169591
DS06,lstm_autoencoder,1,0.02,pooled,R1,all,100,10,0.1,1.0,14.51,0.03274853801169591
DS06,lstm_autoencoder,1,0.02,pooled,R2,7,21,3,0.14285714285714285,1.0,19.095238095238095,0.04834307992202729
DS06,lstm_autoencoder,1,0.02,pooled,R2,8,31,4,0.12903225806451613,1.0,8.193548387096774,0.04834307992202729
DS06,lstm_autoencoder,1,0.02,pooled,R2,9,16,2,0.125,1.0,32.8125,0.04834307992202729
DS06,lstm_autoencoder,1,0.02,pooled,R2,10,32,2,0.0625,1.0,10.375,0.04834307992202729
DS06,lstm_autoencoder,1,0.02,pooled,R2,all,100,11,0.11,1.0,15.12,0.04834307992202729
DS06,lstm_autoencoder,1,0.02,phase_conditioned,R0,7,21,4,0.19047619047619047,1.0,89.66666666666667,0.05458089668615984
DS06,lstm_autoencoder,1,0.02,phase_conditioned,R0,8,31,2,0.06451612903225806,1.0,28.032258064516128,0.05458089668615984
DS06,lstm_autoencoder,1,0.02,phase_conditioned,R0,9,16,4,0.25,1.0,207.6875,0.05458089668615984
DS06,lstm_autoencoder,1,0.02,phase_conditioned,R0,10,32,3,0.09375,1.0,35.90625,0.05458089668615984
DS06,lstm_autoencoder,1,0.02,phase_conditioned,R0,all,100,13,0.13,1.0,72.24,0.05458089668615984
DS06,lstm_autoencoder,1,0.02,phase_conditioned,R1,7,21,3,0.14285714285714285,1.0,20.476190476190474,0.03586744639376218
DS06,lstm_autoencoder,1,0.02,phase_conditioned,R1,8,31,1,0.03225806451612903,1.0,8.451612903225806,0.03586744639376218
DS06,lstm_autoencoder,1,0.02,phase_conditioned,R1,9,16,3,0.1875,1.0,33.375,0.03586744639376218
DS06,lstm_autoencoder,1,0.02,phase_conditioned,R1,10,32,2,0.0625,1.0,9.75,0.03586744639376218
DS06,lstm_autoencoder,1,0.02,phase_conditioned,R1,all,100,9,0.09,1.0,15.38,0.03586744639376218
DS06,lstm_autoencoder,1,0.02,phase_conditioned,R2,7,21,4,0.19047619047619047,1.0,22.333333333333332,0.0456140350877193
DS06,lstm_autoencoder,1,0.02,phase_conditioned,R2,8,31,4,0.12903225806451613,1.0,8.225806451612904,0.0456140350877193
DS06,lstm_autoencoder,1,0.02,phase_conditioned,R2,9,16,3,0.1875,1.0,37.5625,0.0456140350877193
DS06,lstm_autoencoder,1,0.02,phase_conditioned,R2,10,32,3,0.09375,1.0,10.0625,0.0456140350877193
DS06,lstm_autoencoder,1,0.02,phase_conditioned,R2,all,100,14,0.14,1.0,16.47,0.0456140350877193
DS06,lstm_autoencoder,1,0.02,quantile_regression_W,R0,7,21,15,0.7142857142857143,1.0,147.61904761904762,0.05117891816920943
DS06,lstm_autoencoder,1,0.02,quantile_regression_W,R0,8,31,2,0.06451612903225806,1.0,32.87096774193548,0.05117891816920943
DS06,lstm_autoencoder,1,0.02,quantile_regression_W,R0,9,16,8,0.5,1.0,257.6875,0.05117891816920943
DS06,lstm_autoencoder,1,0.02,quantile_regression_W,R0,10,32,4,0.125,1.0,39.59375,0.05117891816920943
DS06,lstm_autoencoder,1,0.02,quantile_regression_W,R0,all,100,29,0.29,1.0,95.09,0.05117891816920943
DS06,lstm_autoencoder,1,0.02,quantile_regression_W,R1,7,21,14,0.6666666666666666,1.0,39.476190476190474,0.033560566334556896
DS06,lstm_autoencoder,1,0.02,quantile_regression_W,R1,8,31,0,0.0,1.0,8.0,0.033560566334556896
DS06,lstm_autoencoder,1,0.02,quantile_regression_W,R1,9,16,8,0.5,1.0,50.625,0.033560566334556896
DS06,lstm_autoencoder,1,0.02,quantile_regression_W,R1,10,32,4,0.125,1.0,11.625,0.033560566334556896
DS06,lstm_autoencoder,1,0.02,quantile_regression_W,R1,all,100,26,0.26,1.0,22.59,0.033560566334556896
DS06,lstm_autoencoder,1,0.02,quantile_regression_W,R2,7,21,15,0.7142857142857143,1.0,38.333333333333336,0.04320388349514563
DS06,lstm_autoencoder,1,0.02,quantile_regression_W,R2,8,31,2,0.06451612903225806,1.0,8.806451612903226,0.04320388349514563
DS06,lstm_autoencoder,1,0.02,quantile_regression_W,R2,9,16,8,0.5,1.0,51.25,0.04320388349514563
DS06,lstm_autoencoder,1,0.02,quantile_regression_W,R2,10,32,4,0.125,1.0,10.71875,0.04320388349514563
DS06,lstm_autoencoder,1,0.02,quantile_regression_W,R2,all,100,29,0.29,1.0,22.41,0.04320388349514563
DS06,lstm_autoencoder,2,0.005,pooled,R0,7,21,2,0.09523809523809523,1.0,13.80952380952381,0.013978363923665978
DS06,lstm_autoencoder,2,0.005,pooled,R0,8,31,3,0.0967741935483871,1.0,7.419354838709677,0.013978363923665978
DS06,lstm_autoencoder,2,0.005,pooled,R0,9,16,2,0.125,1.0,24.375,0.013978363923665978
DS06,lstm_autoencoder,2,0.005,pooled,R0,10,32,1,0.03125,1.0,7.34375,0.013978363923665978
DS06,lstm_autoencoder,2,0.005,pooled,R0,all,100,8,0.08,1.0,11.45,0.013978363923665978
DS06,lstm_autoencoder,2,0.005,pooled,R1,7,21,2,0.09523809523809523,0.9047619047619048,3.7142857142857144,0.01008873222316762
DS06,lstm_autoencoder,2,0.005,pooled,R1,8,31,0,0.0,0.8064516129032258,1.8064516129032258,0.01008873222316762
DS06,lstm_autoencoder,2,0.005,pooled,R1,9,16,2,0.125,1.0,8.3125,0.01008873222316762
DS06,lstm_autoencoder,2,0.005,pooled,R1,10,32,0,0.0,0.75,2.0,0.01008873222316762
DS06,lstm_autoencoder,2,0.005,pooled,R1,all,100,4,0.04,0.84,3.31,0.01008873222316762
DS06,lstm_autoencoder,2,0.005,pooled,R2,7,21,2,0.09523809523809523,0.9523809523809523,3.5714285714285716,0.012033548073416798
DS06,lstm_autoencoder,2,0.005,pooled,R2,8,31,2,0.06451612903225806,0.8387096774193549,2.3870967741935485,0.012033548073416798
DS06,lstm_autoencoder,2,0.005,pooled,R2,9,16,2,0.125,1.0,7.4375,0.012033548073416798
DS06,lstm_autoencoder,2,0.005,pooled,R2,10,32,1,0.03125,0.75,2.15625,0.012033548073416798
DS06,lstm_autoencoder,2,0.005,pooled,R2,all,100,7,0.07,0.86,3.37,0.012033548073416798
DS06,lstm_autoencoder,2,0.005,phase_conditioned,R0,7,21,2,0.09523809523809523,1.0,14.904761904761905,0.013720534378707381
DS06,lstm_autoencoder,2,0.005,phase_conditioned,R0,8,31,1,0.03225806451612903,1.0,6.935483870967742,0.013720534378707381
DS06,lstm_autoencoder,2,0.005,phase_conditioned,R0,9,16,3,0.1875,1.0,26.1875,0.013720534378707381
DS06,lstm_autoencoder,2,0.005,phase_conditioned,R0,10,32,1,0.03125,1.0,6.1875,0.013720534378707381
DS06,lstm_autoencoder,2,0.005,phase_conditioned,R0,all,100,7,0.07,1.0,11.45,0.013720534378707381
DS06,lstm_autoencoder,2,0.005,phase_conditioned,R1,7,21,2,0.09523809523809523,0.9047619047619048,3.761904761904762,0.01008873222316762
DS06,lstm_autoencoder,2,0.005,phase_conditioned,R1,8,31,0,0.0,0.7419354838709677,1.6774193548387097,0.01008873222316762
DS06,lstm_autoencoder,2,0.005,phase_conditioned,R1,9,16,3,0.1875,1.0,7.5625,0.01008873222316762
DS06,lstm_autoencoder,2,0.005,phase_conditioned,R1,10,32,0,0.0,0.6875,1.5625,0.01008873222316762
DS06,lstm_autoencoder,2,0.005,phase_conditioned,R1,all,100,5,0.05,0.8,3.02,0.01008873222316762
DS06,lstm_autoencoder,2,0.005,phase_conditioned,R2,7,21,3,0.14285714285714285,0.9523809523809523,4.0476190476190474,0.011668895101495077
DS06,lstm_autoencoder,2,0.005,phase_conditioned,R2,8,31,0,0.0,0.8064516129032258,2.096774193548387,0.011668895101495077
DS06,lstm_autoencoder,2,0.005,phase_conditioned,R2,9,16,3,0.1875,1.0,7.0,0.011668895101495077
DS06,lstm_autoencoder,2,0.005,phase_conditioned,R2,10,32,0,0.0,0.75,1.96875,0.011668895101495077
DS06,lstm_autoencoder,2,0.005,phase_conditioned,R2,all,100,6,0.06,0.85,3.25,0.011668895101495077
DS06,lstm_autoencoder,2,0.005,quantile_regression_W,R0,7,21,4,0.19047619047619047,1.0,34.333333333333336,0.014958477330169702
DS06,lstm_autoencoder,2,0.005,quantile_regression_W,R0,8,31,0,0.0,1.0,9.483870967741936,0.014958477330169702
DS06,lstm_autoencoder,2,0.005,quantile_regression_W,R0,9,16,2,0.125,1.0,59.25,0.014958477330169702
DS06,lstm_autoencoder,2,0.005,quantile_regression_W,R0,10,32,7,0.21875,1.0,12.25,0.014958477330169702
DS06,lstm_autoencoder,2,0.005,quantile_regression_W,R0,all,100,13,0.13,1.0,23.55,0.014958477330169702
DS06,lstm_autoencoder,2,0.005,quantile_regression_W,R1,7,21,5,0.23809523809523808,1.0,7.0,0.007466666666666667
DS06,lstm_autoencoder,2,0.005,quantile_regression_W,R1,8,31,1,0.03225806451612903,0.6451612903225806,2.6129032258064515,0.007466666666666667
DS06,lstm_autoencoder,2,0.005,quantile_regression_W,R1,9,16,2,0.125,1.0,10.0625,0.007466666666666667
DS06,lstm_autoencoder,2,0.005,quantile_regression_W,R1,10,32,6,0.1875,0.875,3.1875,0.007466666666666667
DS06,lstm_autoencoder,2,0.005,quantile_regression_W,R1,all,100,14,0.14,0.85,4.91,0.007466666666666667
DS06,lstm_autoencoder,2,0.005,quantile_regression_W,R2,7,21,4,0.19047619047619047,1.0,7.333333333333333,0.011798636601992658
DS06,lstm_autoencoder,2,0.005,quantile_regression_W,R2,8,31,2,0.06451612903225806,1.0,3.0,0.011798636601992658
DS06,lstm_autoencoder,2,0.005,quantile_regression_W,R2,9,16,2,0.125,1.0,11.1875,0.011798636601992658
DS06,lstm_autoencoder,2,0.005,quantile_regression_W,R2,10,32,9,0.28125,1.0,3.59375,0.011798636601992658
DS06,lstm_autoencoder,2,0.005,quantile_regression_W,R2,all,100,17,0.17,1.0,5.41,0.011798636601992658
DS06,lstm_autoencoder,2,0.01,pooled,R0,7,21,3,0.14285714285714285,1.0,44.523809523809526,0.026409449631196163
DS06,lstm_autoencoder,2,0.01,pooled,R0,8,31,3,0.0967741935483871,1.0,17.580645161290324,0.026409449631196163
DS06,lstm_autoencoder,2,0.01,pooled,R0,9,16,2,0.125,1.0,76.0,0.026409449631196163
DS06,lstm_autoencoder,2,0.01,pooled,R0,10,32,2,0.0625,1.0,20.5,0.026409449631196163
DS06,lstm_autoencoder,2,0.01,pooled,R0,all,100,10,0.1,1.0,33.52,0.026409449631196163
DS06,lstm_autoencoder,2,0.01,pooled,R1,7,21,3,0.14285714285714285,1.0,8.523809523809524,0.01645432506318667
DS06,lstm_autoencoder,2,0.01,pooled,R1,8,31,3,0.0967741935483871,0.967741935483871,5.032258064516129,0.01645432506318667
DS06,lstm_autoencoder,2,0.01,pooled,R1,9,16,2,0.125,1.0,12.875,0.01645432506318667
DS06,lstm_autoencoder,2,0.01,pooled,R1,10,32,2,0.0625,1.0,4.75,0.01645432506318667
DS06,lstm_autoencoder,2,0.01,pooled,R1,all,100,10,0.1,0.99,6.93,0.01645432506318667
DS06,lstm_autoencoder,2,0.01,pooled,R2,7,21,3,0.14285714285714285,1.0,9.285714285714286,0.022243831287224992
DS06,lstm_autoencoder,2,0.01,pooled,R2,8,31,3,0.0967741935483871,1.0,5.645161290322581,0.022243831287224992
DS06,lstm_autoencoder,2,0.01,pooled,R2,9,16,1,0.0625,1.0,13.375,0.022243831287224992
DS06,lstm_autoencoder,2,0.01,pooled,R2,10,32,2,0.0625,1.0,5.0625,0.022243831287224992
DS06,lstm_autoencoder,2,0.01,pooled,R2,all,100,9,0.09,1.0,7.46,0.022243831287224992
DS06,lstm_autoencoder,2,0.01,phase_conditioned,R0,7,21,3,0.14285714285714285,1.0,44.42857142857143,0.02847268788363336
DS06,lstm_autoencoder,2,0.01,phase_conditioned,R0,8,31,3,0.0967741935483871,1.0,16.516129032258064,0.02847268788363336
DS06,lstm_autoencoder,2,0.01,phase_conditioned,R0,9,16,2,0.125,1.0,86.4375,0.02847268788363336
DS06,lstm_autoencoder,2,0.01,phase_conditioned,R0,10,32,3,0.09375,1.0,19.875,0.02847268788363336
DS06,lstm_autoencoder,2,0.01,phase_conditioned,R0,all,100,11,0.11,1.0,34.64,0.02847268788363336
DS06,lstm_autoencoder,2,0.01,phase_conditioned,R1,7,21,3,0.14285714285714285,1.0,7.428571428571429,0.01746506986027944
DS06,lstm_autoencoder,2,0.01,phase_conditioned,R1,8,31,2,0.06451612903225806,0.9354838709677419,5.032258064516129,0.01746506986027944
DS06,lstm_autoencoder,2,0.01,phase_conditioned,R1,9,16,2,0.125,1.0,13.25,0.01746506986027944
DS06,lstm_autoencoder,2,0.01,phase_conditioned,R1,10,32,2,0.0625,0.90625,4.8125,0.01746506986027944
DS06,lstm_autoencoder,2,0.01,phase_conditioned,R1,all,100,9,0.09,0.95,6.78,0.01746506986027944
DS06,lstm_autoencoder,2,0.01,phase_conditioned,R2,7,21,3,0.14285714285714285,1.0,8.142857142857142,0.02368064952638701
DS06,lstm_autoencoder,2,0.01,phase_conditioned,R2,8,31,3,0.0967741935483871,0.9354838709677419,5.516129032258065,0.02368064952638701
DS06,lstm_autoencoder,2,0.01,phase_conditioned,R2,9,16,2,0.125,1.0,13.1875,0.02368064952638701
DS06,lstm_autoencoder,2,0.01,phase_conditioned,R2,10,32,3,0.09375,0.90625,4.875,0.02368064952638701
DS06,lstm_autoencoder,2,0.01,phase_conditioned,R2,all,100,11,0.11,0.95,7.09,0.02368064952638701
DS06,lstm_autoencoder,2,0.01,quantile_regression_W,R0,7,21,7,0.3333333333333333,1.0,59.76190476190476,0.029591635431051488
DS06,lstm_autoencoder,2,0.01,quantile_regression_W,R0,8,31,0,0.0,1.0,14.483870967741936,0.029591635431051488
DS06,lstm_autoencoder,2,0.01,quantile_regression_W,R0,9,16,3,0.1875,1.0,99.5,0.029591635431051488
DS06,lstm_autoencoder,2,0.01,quantile_regression_W,R0,10,32,4,0.125,1.0,20.59375,0.029591635431051488
DS06,lstm_autoencoder,2,0.01,quantile_regression_W,R0,all,100,14,0.14,1.0,39.55,0.029591635431051488
DS06,lstm_autoencoder,2,0.01,quantile_regression_W,R1,7,21,9,0.42857142857142855,1.0,17.666666666666668,0.017754981258630894
DS06,lstm_autoencoder,2,0.01,quantile_regression_W,R1,8,31,0,0.0,0.9032258064516129,4.290322580645161,0.017754981258630894
DS06,lstm_autoencoder,2,0.01,quantile_regression_W,R1,9,16,3,0.1875,1.0,19.8125,0.017754981258630894
DS06,lstm_autoencoder,2,0.01,quantile_regression_W,R1,10,32,5,0.15625,1.0,5.375,0.017754981258630894
DS06,lstm_autoencoder,2,0.01,quantile_regression_W,R1,all,100,17,0.17,0.97,9.93,0.017754981258630894
DS06,lstm_autoencoder,2,0.01,quantile_regression_W,R2,7,21,9,0.42857142857142855,1.0,16.285714285714285,0.02464604090194022
DS06,lstm_autoencoder,2,0.01,quantile_regression_W,R2,8,31,0,0.0,1.0,4.516129032258065,0.02464604090194022
DS06,lstm_autoencoder,2,0.01,quantile_regression_W,R2,9,16,2,0.125,1.0,21.25,0.02464604090194022
DS06,lstm_autoencoder,2,0.01,quantile_regression_W,R2,10,32,4,0.125,1.0,5.21875,0.02464604090194022
DS06,lstm_autoencoder,2,0.01,quantile_regression_W,R2,all,100,15,0.15,1.0,9.89,0.02464604090194022
DS06,lstm_autoencoder,2,0.02,pooled,R0,7,21,2,0.09523809523809523,1.0,82.80952380952381,0.05141361256544503
DS06,lstm_autoencoder,2,0.02,pooled,R0,8,31,3,0.0967741935483871,1.0,30.451612903225808,0.05141361256544503
DS06,lstm_autoencoder,2,0.02,pooled,R0,9,16,1,0.0625,1.0,163.875,0.05141361256544503
DS06,lstm_autoencoder,2,0.02,pooled,R0,10,32,4,0.125,1.0,39.0,0.05141361256544503
DS06,lstm_autoencoder,2,0.02,pooled,R0,all,100,10,0.1,1.0,65.53,0.05141361256544503
DS06,lstm_autoencoder,2,0.02,pooled,R1,7,21,3,0.14285714285714285,1.0,19.19047619047619,0.03112313937753721
DS06,lstm_autoencoder,2,0.02,pooled,R1,8,31,3,0.0967741935483871,1.0,8.419354838709678,0.03112313937753721
DS06,lstm_autoencoder,2,0.02,pooled,R1,9,16,1,0.0625,1.0,30.3125,0.03112313937753721
DS06,lstm_autoencoder,2,0.02,pooled,R1,10,32,2,0.0625,1.0,8.875,0.03112313937753721
DS06,lstm_autoencoder,2,0.02,pooled,R1,all,100,9,0.09,1.0,14.33,0.03112313937753721
DS06,lstm_autoencoder,2,0.02,pooled,R2,7,21,2,0.09523809523809523,1.0,20.095238095238095,0.045784590560709965
DS06,lstm_autoencoder,2,0.02,pooled,R2,8,31,3,0.0967741935483871,1.0,8.129032258064516,0.045784590560709965
DS06,lstm_autoencoder,2,0.02,pooled,R2,9,16,1,0.0625,1.0,31.5625,0.045784590560709965
DS06,lstm_autoencoder,2,0.02,pooled,R2,10,32,3,0.09375,1.0,10.03125,0.045784590560709965
DS06,lstm_autoencoder,2,0.02,pooled,R2,all,100,9,0.09,1.0,15.0,0.045784590560709965
DS06,lstm_autoencoder,2,0.02,phase_conditioned,R0,7,21,4,0.19047619047619047,1.0,73.33333333333333,0.044487662574449985
DS06,lstm_autoencoder,2,0.02,phase_conditioned,R0,8,31,3,0.0967741935483871,1.0,28.387096774193548,0.044487662574449985
DS06,lstm_autoencoder,2,0.02,phase_conditioned,R0,9,16,2,0.125,1.0,164.875,0.044487662574449985
DS06,lstm_autoencoder,2,0.02,phase_conditioned,R0,10,32,4,0.125,1.0,34.6875,0.044487662574449985
DS06,lstm_autoencoder,2,0.02,phase_conditioned,R0,all,100,13,0.13,1.0,61.68,0.044487662574449985
DS06,lstm_autoencoder,2,0.02,phase_conditioned,R1,7,21,4,0.19047619047619047,1.0,16.476190476190474,0.02905068676309712
DS06,lstm_autoencoder,2,0.02,phase_conditioned,R1,8,31,4,0.12903225806451613,1.0,8.516129032258064,0.02905068676309712
DS06,lstm_autoencoder,2,0.02,phase_conditioned,R1,9,16,2,0.125,1.0,26.5625,0.02905068676309712
DS06,lstm_autoencoder,2,0.02,phase_conditioned,R1,10,32,3,0.09375,1.0,8.125,0.02905068676309712
DS06,lstm_autoencoder,2,0.02,phase_conditioned,R1,all,100,13,0.13,1.0,12.95,0.02905068676309712
DS06,lstm_autoencoder,2,0.02,phase_conditioned,R2,7,21,4,0.19047619047619047,1.0,16.857142857142858,0.03865321502370244
DS06,lstm_autoencoder,2,0.02,phase_conditioned,R2,8,31,3,0.0967741935483871,1.0,8.548387096774194,0.03865321502370244
DS06,lstm_autoencoder,2,0.02,phase_conditioned,R2,9,16,1,0.0625,1.0,30.375,0.03865321502370244
DS06,lstm_autoencoder,2,0.02,phase_conditioned,R2,10,32,3,0.09375,1.0,8.15625,0.03865321502370244
DS06,lstm_autoencoder,2,0.02,phase_conditioned,R2,all,100,11,0.11,1.0,13.66,0.03865321502370244
DS06,lstm_autoencoder,2,0.02,quantile_regression_W,R0,7,21,10,0.47619047619047616,1.0,114.9047619047619,0.0556322746103768
DS06,lstm_autoencoder,2,0.02,quantile_regression_W,R0,8,31,2,0.06451612903225806,1.0,29.967741935483872,0.0556322746103768
DS06,lstm_autoencoder,2,0.02,quantile_regression_W,R0,9,16,4,0.25,1.0,208.3125,0.0556322746103768
DS06,lstm_autoencoder,2,0.02,quantile_regression_W,R0,10,32,4,0.125,1.0,39.96875,0.0556322746103768
DS06,lstm_autoencoder,2,0.02,quantile_regression_W,R0,all,100,20,0.2,1.0,79.54,0.0556322746103768
DS06,lstm_autoencoder,2,0.02,quantile_regression_W,R1,7,21,9,0.42857142857142855,1.0,35.0,0.03287615974183138
DS06,lstm_autoencoder,2,0.02,quantile_regression_W,R1,8,31,1,0.03225806451612903,1.0,7.806451612903226,0.03287615974183138
DS06,lstm_autoencoder,2,0.02,quantile_regression_W,R1,9,16,5,0.3125,1.0,45.5,0.03287615974183138
DS06,lstm_autoencoder,2,0.02,quantile_regression_W,R1,10,32,4,0.125,1.0,10.65625,0.03287615974183138
DS06,lstm_autoencoder,2,0.02,quantile_regression_W,R1,all,100,19,0.19,1.0,20.46,0.03287615974183138
DS06,lstm_autoencoder,2,0.02,quantile_regression_W,R2,7,21,9,0.42857142857142855,1.0,32.61904761904762,0.052870388636811996
DS06,lstm_autoencoder,2,0.02,quantile_regression_W,R2,8,31,0,0.0,1.0,8.0,0.052870388636811996
DS06,lstm_autoencoder,2,0.02,quantile_regression_W,R2,9,16,4,0.25,1.0,49.9375,0.052870388636811996
DS06,lstm_autoencoder,2,0.02,quantile_regression_W,R2,10,32,4,0.125,1.0,10.6875,0.052870388636811996
DS06,lstm_autoencoder,2,0.02,quantile_regression_W,R2,all,100,17,0.17,1.0,20.74,0.052870388636811996
DS06,cvae,0,0.005,pooled,R0,7,21,3,0.14285714285714285,1.0,18.523809523809526,0.01289875173370319
DS06,cvae,0,0.005,pooled,R0,8,31,3,0.0967741935483871,1.0,11.161290322580646,0.01289875173370319
DS06,cvae,0,0.005,pooled,R0,9,16,1,0.0625,1.0,23.25,0.01289875173370319
DS06,cvae,0,0.005,pooled,R0,10,32,1,0.03125,1.0,9.625,0.01289875173370319
DS06,cvae,0,0.005,pooled,R0,all,100,8,0.08,1.0,14.15,0.01289875173370319
DS06,cvae,0,0.005,pooled,R1,7,21,3,0.14285714285714285,0.7619047619047619,2.9047619047619047,0.007836338418862691
DS06,cvae,0,0.005,pooled,R1,8,31,3,0.0967741935483871,0.7096774193548387,1.4516129032258065,0.007836338418862691
DS06,cvae,0,0.005,pooled,R1,9,16,1,0.0625,0.9375,3.8125,0.007836338418862691
DS06,cvae,0,0.005,pooled,R1,10,32,1,0.03125,0.6875,1.34375,0.007836338418862691
DS06,cvae,0,0.005,pooled,R1,all,100,8,0.08,0.75,2.1,0.007836338418862691
DS06,cvae,0,0.005,pooled,R2,7,21,2,0.09523809523809523,0.9047619047619048,3.4285714285714284,0.011234396671289875
DS06,cvae,0,0.005,pooled,R2,8,31,3,0.0967741935483871,0.9032258064516129,2.096774193548387,0.011234396671289875
DS06,cvae,0,0.005,pooled,R2,9,16,0,0.0,1.0,5.25,0.011234396671289875
DS06,cvae,0,0.005,pooled,R2,10,32,1,0.03125,0.75,1.96875,0.011234396671289875
DS06,cvae,0,0.005,pooled,R2,all,100,6,0.06,0.87,2.84,0.011234396671289875
DS06,cvae,0,0.005,phase_conditioned,R0,7,21,2,0.09523809523809523,1.0,17.523809523809526,0.019282814614343707
DS06,cvae,0,0.005,phase_conditioned,R0,8,31,2,0.06451612903225806,1.0,12.290322580645162,0.019282814614343707
DS06,cvae,0,0.005,phase_conditioned,R0,9,16,0,0.0,1.0,23.125,0.019282814614343707
DS06,cvae,0,0.005,phase_conditioned,R0,10,32,1,0.03125,1.0,9.625,0.019282814614343707
DS06,cvae,0,0.005,phase_conditioned,R0,all,100,5,0.05,1.0,14.27,0.019282814614343707
DS06,cvae,0,0.005,phase_conditioned,R1,7,21,2,0.09523809523809523,0.7142857142857143,3.0,0.015730717185385656
DS06,cvae,0,0.005,phase_conditioned,R1,8,31,2,0.06451612903225806,0.7096774193548387,2.6129032258064515,0.015730717185385656
DS06,cvae,0,0.005,phase_conditioned,R1,9,16,0,0.0,0.9375,3.8125,0.015730717185385656
DS06,cvae,0,0.005,phase_conditioned,R1,10,32,1,0.03125,0.8125,1.6875,0.015730717185385656
DS06,cvae,0,0.005,phase_conditioned,R1,all,100,5,0.05,0.78,2.59,0.015730717185385656
DS06,cvae,0,0.005,phase_conditioned,R2,7,21,2,0.09523809523809523,0.8571428571428571,3.857142857142857,0.01843707713125846
DS06,cvae,0,0.005,phase_conditioned,R2,8,31,2,0.06451612903225806,0.8709677419354839,3.193548387096774,0.01843707713125846
DS06,cvae,0,0.005,phase_conditioned,R2,9,16,0,0.0,1.0,4.6875,0.01843707713125846
DS06,cvae,0,0.005,phase_conditioned,R2,10,32,1,0.03125,0.875,2.28125,0.01843707713125846
DS06,cvae,0,0.005,phase_conditioned,R2,all,100,5,0.05,0.89,3.28,0.01843707713125846
DS06,cvae,0,0.005,quantile_regression_W,R0,7,21,2,0.09523809523809523,1.0,20.714285714285715,0.013085751882447547
DS06,cvae,0,0.005,quantile_regression_W,R0,8,31,2,0.06451612903225806,1.0,10.451612903225806,0.013085751882447547
DS06,cvae,0,0.005,quantile_regression_W,R0,9,16,2,0.125,1.0,39.1875,0.013085751882447547
DS06,cvae,0,0.005,quantile_regression_W,R0,10,32,1,0.03125,1.0,9.125,0.013085751882447547
DS06,cvae,0,0.005,quantile_regression_W,R0,all,100,7,0.07,1.0,16.78,0.013085751882447547
DS06,cvae,0,0.005,quantile_regression_W,R1,7,21,3,0.14285714285714285,0.8095238095238095,3.0952380952380953,0.006666666666666667
DS06,cvae,0,0.005,quantile_regression_W,R1,8,31,2,0.06451612903225806,0.6774193548387096,1.8387096774193548,0.006666666666666667
DS06,cvae,0,0.005,quantile_regression_W,R1,9,16,2,0.125,1.0,4.4375,0.006666666666666667
DS06,cvae,0,0.005,quantile_regression_W,R1,10,32,1,0.03125,0.6875,1.90625,0.006666666666666667
DS06,cvae,0,0.005,quantile_regression_W,R1,all,100,8,0.08,0.76,2.54,0.006666666666666667
DS06,cvae,0,0.005,quantile_regression_W,R2,7,21,3,0.14285714285714285,0.9523809523809523,4.142857142857143,0.01057433132904831
DS06,cvae,0,0.005,quantile_regression_W,R2,8,31,2,0.06451612903225806,0.6774193548387096,2.064516129032258,0.01057433132904831
DS06,cvae,0,0.005,quantile_regression_W,R2,9,16,1,0.0625,1.0,6.4375,0.01057433132904831
DS06,cvae,0,0.005,quantile_regression_W,R2,10,32,1,0.03125,0.71875,1.6875,0.01057433132904831
DS06,cvae,0,0.005,quantile_regression_W,R2,all,100,7,0.07,0.8,3.08,0.01057433132904831
DS06,cvae,0,0.01,pooled,R0,7,21,2,0.09523809523809523,1.0,32.76190476190476,0.03382949932341001
DS06,cvae,0,0.01,pooled,R0,8,31,5,0.16129032258064516,1.0,23.64516129032258,0.03382949932341001
DS06,cvae,0,0.01,pooled,R0,9,16,0,0.0,1.0,40.4375,0.03382949932341001
DS06,cvae,0,0.01,pooled,R0,10,32,2,0.0625,1.0,19.03125,0.03382949932341001
DS06,cvae,0,0.01,pooled,R0,all,100,9,0.09,1.0,26.77,0.03382949932341001
DS06,cvae,0,0.01,pooled,R1,7,21,2,0.09523809523809523,1.0,6.476190476190476,0.02452638700947226
DS06,cvae,0,0.01,pooled,R1,8,31,5,0.16129032258064516,1.0,5.096774193548387,0.02452638700947226
DS06,cvae,0,0.01,pooled,R1,9,16,0,0.0,1.0,7.125,0.02452638700947226
DS06,cvae,0,0.01,pooled,R1,10,32,2,0.0625,0.90625,3.5,0.02452638700947226
DS06,cvae,0,0.01,pooled,R1,all,100,9,0.09,0.97,5.2,0.02452638700947226
DS06,cvae,0,0.01,pooled,R2,7,21,2,0.09523809523809523,1.0,7.095238095238095,0.03112313937753721
DS06,cvae,0,0.01,pooled,R2,8,31,5,0.16129032258064516,1.0,6.774193548387097,0.03112313937753721
DS06,cvae,0,0.01,pooled,R2,9,16,0,0.0,1.0,9.0625,0.03112313937753721
DS06,cvae,0,0.01,pooled,R2,10,32,2,0.0625,0.90625,5.21875,0.03112313937753721
DS06,cvae,0,0.01,pooled,R2,all,100,9,0.09,0.97,6.71,0.03112313937753721
DS06,cvae,0,0.01,phase_conditioned,R0,7,21,2,0.09523809523809523,1.0,28.857142857142858,0.03061569688768606
DS06,cvae,0,0.01,phase_conditioned,R0,8,31,5,0.16129032258064516,1.0,22.161290322580644,0.03061569688768606
DS06,cvae,0,0.01,phase_conditioned,R0,9,16,0,0.0,1.0,36.3125,0.03061569688768606
DS06,cvae,0,0.01,phase_conditioned,R0,10,32,2,0.0625,1.0,16.34375,0.03061569688768606
DS06,cvae,0,0.01,phase_conditioned,R0,all,100,9,0.09,1.0,23.97,0.03061569688768606
DS06,cvae,0,0.01,phase_conditioned,R1,7,21,2,0.09523809523809523,0.9523809523809523,6.0476190476190474,0.023004059539918808
DS06,cvae,0,0.01,phase_conditioned,R1,8,31,5,0.16129032258064516,1.0,4.967741935483871,0.023004059539918808
DS06,cvae,0,0.01,phase_conditioned,R1,9,16,0,0.0,1.0,5.75,0.023004059539918808
DS06,cvae,0,0.01,phase_conditioned,R1,10,32,2,0.0625,0.875,3.5625,0.023004059539918808
DS06,cvae,0,0.01,phase_conditioned,R1,all,100,9,0.09,0.95,4.87,0.023004059539918808
DS06,cvae,0,0.01,phase_conditioned,R2,7,21,2,0.09523809523809523,1.0,6.190476190476191,0.02740189445196211
DS06,cvae,0,0.01,phase_conditioned,R2,8,31,5,0.16129032258064516,1.0,5.838709677419355,0.02740189445196211
DS06,cvae,0,0.01,phase_conditioned,R2,9,16,0,0.0,1.0,6.875,0.02740189445196211
DS06,cvae,0,0.01,phase_conditioned,R2,10,32,2,0.0625,0.90625,4.40625,0.02740189445196211
DS06,cvae,0,0.01,phase_conditioned,R2,all,100,9,0.09,0.97,5.62,0.02740189445196211
DS06,cvae,0,0.01,quantile_regression_W,R0,7,21,3,0.14285714285714285,1.0,34.38095238095238,0.026594040371675745
DS06,cvae,0,0.01,quantile_regression_W,R0,8,31,3,0.0967741935483871,1.0,17.258064516129032,0.026594040371675745
DS06,cvae,0,0.01,quantile_regression_W,R0,9,16,1,0.0625,1.0,59.0625,0.026594040371675745
DS06,cvae,0,0.01,quantile_regression_W,R0,10,32,2,0.0625,1.0,15.375,0.026594040371675745
DS06,cvae,0,0.01,quantile_regression_W,R0,all,100,9,0.09,1.0,26.94,0.026594040371675745
DS06,cvae,0,0.01,quantile_regression_W,R1,7,21,3,0.14285714285714285,1.0,6.523809523809524,0.016981736622877282
DS06,cvae,0,0.01,quantile_regression_W,R1,8,31,3,0.0967741935483871,0.9354838709677419,3.2903225806451615,0.016981736622877282
DS06,cvae,0,0.01,quantile_regression_W,R1,9,16,1,0.0625,1.0,8.3125,0.016981736622877282
DS06,cvae,0,0.01,quantile_regression_W,R1,10,32,2,0.0625,0.90625,2.90625,0.016981736622877282
DS06,cvae,0,0.01,quantile_regression_W,R1,all,100,9,0.09,0.95,4.65,0.016981736622877282
DS06,cvae,0,0.01,quantile_regression_W,R2,7,21,3,0.14285714285714285,1.0,8.142857142857142,0.02531239987183595
DS06,cvae,0,0.01,quantile_regression_W,R2,8,31,3,0.0967741935483871,1.0,5.258064516129032,0.02531239987183595
DS06,cvae,0,0.01,quantile_regression_W,R2,9,16,1,0.0625,1.0,10.8125,0.02531239987183595
DS06,cvae,0,0.01,quantile_regression_W,R2,10,32,2,0.0625,0.9375,5.0,0.02531239987183595
DS06,cvae,0,0.01,quantile_regression_W,R2,all,100,9,0.09,0.98,6.67,0.02531239987183595
DS06,cvae,0,0.02,pooled,R0,7,21,2,0.09523809523809523,1.0,51.904761904761905,0.05784844384303112
DS06,cvae,0,0.02,pooled,R0,8,31,5,0.16129032258064516,1.0,37.806451612903224,0.05784844384303112
DS06,cvae,0,0.02,pooled,R0,9,16,0,0.0,1.0,60.875,0.05784844384303112
DS06,cvae,0,0.02,pooled,R0,10,32,2,0.0625,1.0,31.40625,0.05784844384303112
DS06,cvae,0,0.02,pooled,R0,all,100,9,0.09,1.0,42.41,0.05784844384303112
DS06,cvae,0,0.02,pooled,R1,7,21,2,0.09523809523809523,1.0,12.523809523809524,0.043640054127198916
DS06,cvae,0,0.02,pooled,R1,8,31,5,0.16129032258064516,1.0,8.838709677419354,0.043640054127198916
DS06,cvae,0,0.02,pooled,R1,9,16,0,0.0,1.0,11.1875,0.043640054127198916
DS06,cvae,0,0.02,pooled,R1,10,32,2,0.0625,1.0,6.5,0.043640054127198916
DS06,cvae,0,0.02,pooled,R1,all,100,9,0.09,1.0,9.24,0.043640054127198916
DS06,cvae,0,0.02,pooled,R2,7,21,2,0.09523809523809523,1.0,12.666666666666666,0.05328146143437077
DS06,cvae,0,0.02,pooled,R2,8,31,5,0.16129032258064516,1.0,10.451612903225806,0.05328146143437077
DS06,cvae,0,0.02,pooled,R2,9,16,0,0.0,1.0,13.625,0.05328146143437077
DS06,cvae,0,0.02,pooled,R2,10,32,2,0.0625,1.0,8.34375,0.05328146143437077
DS06,cvae,0,0.02,pooled,R2,all,100,9,0.09,1.0,10.75,0.05328146143437077
DS06,cvae,0,0.02,phase_conditioned,R0,7,21,2,0.09523809523809523,1.0,47.23809523809524,0.05463464140730717
DS06,cvae,0,0.02,phase_conditioned,R0,8,31,5,0.16129032258064516,1.0,35.516129032258064,0.05463464140730717
DS06,cvae,0,0.02,phase_conditioned,R0,9,16,0,0.0,1.0,57.5625,0.05463464140730717
DS06,cvae,0,0.02,phase_conditioned,R0,10,32,2,0.0625,1.0,29.03125,0.05463464140730717
DS06,cvae,0,0.02,phase_conditioned,R0,all,100,9,0.09,1.0,39.43,0.05463464140730717
DS06,cvae,0,0.02,phase_conditioned,R1,7,21,2,0.09523809523809523,1.0,10.761904761904763,0.040257104194857916
DS06,cvae,0,0.02,phase_conditioned,R1,8,31,5,0.16129032258064516,1.0,9.258064516129032,0.040257104194857916
DS06,cvae,0,0.02,phase_conditioned,R1,9,16,0,0.0,1.0,10.75,0.040257104194857916
DS06,cvae,0,0.02,phase_conditioned,R1,10,32,2,0.0625,1.0,6.75,0.040257104194857916
DS06,cvae,0,0.02,phase_conditioned,R1,all,100,9,0.09,1.0,9.01,0.040257104194857916
DS06,cvae,0,0.02,phase_conditioned,R2,7,21,2,0.09523809523809523,1.0,11.904761904761905,0.05091339648173207
DS06,cvae,0,0.02,phase_conditioned,R2,8,31,5,0.16129032258064516,1.0,10.290322580645162,0.05091339648173207
DS06,cvae,0,0.02,phase_conditioned,R2,9,16,0,0.0,1.0,12.5,0.05091339648173207
DS06,cvae,0,0.02,phase_conditioned,R2,10,32,2,0.0625,1.0,8.03125,0.05091339648173207
DS06,cvae,0,0.02,phase_conditioned,R2,all,100,9,0.09,1.0,10.26,0.05091339648173207
DS06,cvae,0,0.02,quantile_regression_W,R0,7,21,3,0.14285714285714285,1.0,55.76190476190476,0.0450509271350222
DS06,cvae,0,0.02,quantile_regression_W,R0,8,31,5,0.16129032258064516,1.0,28.774193548387096,0.0450509271350222
DS06,cvae,0,0.02,quantile_regression_W,R0,9,16,1,0.0625,1.0,86.875,0.0450509271350222
DS06,cvae,0,0.02,quantile_regression_W,R0,10,32,2,0.0625,1.0,24.5,0.0450509271350222
DS06,cvae,0,0.02,quantile_regression_W,R0,all,100,11,0.11,1.0,42.37,0.0450509271350222
DS06,cvae,0,0.02,quantile_regression_W,R1,7,21,3,0.14285714285714285,1.0,11.476190476190476,0.029157321371355335
DS06,cvae,0,0.02,quantile_regression_W,R1,8,31,6,0.1935483870967742,1.0,7.193548387096774,0.029157321371355335
DS06,cvae,0,0.02,quantile_regression_W,R1,9,16,1,0.0625,1.0,14.1875,0.029157321371355335
DS06,cvae,0,0.02,quantile_regression_W,R1,10,32,2,0.0625,1.0,5.65625,0.029157321371355335
DS06,cvae,0,0.02,quantile_regression_W,R1,all,100,12,0.12,1.0,8.72,0.029157321371355335
DS06,cvae,0,0.02,quantile_regression_W,R2,7,21,3,0.14285714285714285,1.0,12.857142857142858,0.04085211739825657
DS06,cvae,0,0.02,quantile_regression_W,R2,8,31,5,0.16129032258064516,1.0,8.258064516129032,0.04085211739825657
DS06,cvae,0,0.02,quantile_regression_W,R2,9,16,1,0.0625,1.0,16.75,0.04085211739825657
DS06,cvae,0,0.02,quantile_regression_W,R2,10,32,2,0.0625,1.0,7.15625,0.04085211739825657
DS06,cvae,0,0.02,quantile_regression_W,R2,all,100,11,0.11,1.0,10.23,0.04085211739825657
DS06,cvae,1,0.005,pooled,R0,7,21,2,0.09523809523809523,1.0,19.0,0.013607978376363128
DS06,cvae,1,0.005,pooled,R0,8,31,3,0.0967741935483871,1.0,9.451612903225806,0.013607978376363128
DS06,cvae,1,0.005,pooled,R0,9,16,0,0.0,1.0,32.9375,0.013607978376363128
DS06,cvae,1,0.005,pooled,R0,10,32,1,0.03125,1.0,8.09375,0.013607978376363128
DS06,cvae,1,0.005,pooled,R0,all,100,6,0.06,1.0,14.78,0.013607978376363128
DS06,cvae,1,0.005,pooled,R1,7,21,3,0.14285714285714285,0.9523809523809523,4.380952380952381,0.007829247832976047
DS06,cvae,1,0.005,pooled,R1,8,31,3,0.0967741935483871,0.7096774193548387,1.967741935483871,0.007829247832976047
DS06,cvae,1,0.005,pooled,R1,9,16,1,0.0625,1.0,6.375,0.007829247832976047
DS06,cvae,1,0.005,pooled,R1,10,32,1,0.03125,0.65625,1.53125,0.007829247832976047
DS06,cvae,1,0.005,pooled,R1,all,100,8,0.08,0.79,3.04,0.007829247832976047
DS06,cvae,1,0.005,pooled,R2,7,21,3,0.14285714285714285,0.9523809523809523,5.666666666666667,0.0110914344300494
DS06,cvae,1,0.005,pooled,R2,8,31,3,0.0967741935483871,0.8709677419354839,2.4193548387096775,0.0110914344300494
DS06,cvae,1,0.005,pooled,R2,9,16,0,0.0,1.0,8.1875,0.0110914344300494
DS06,cvae,1,0.005,pooled,R2,10,32,1,0.03125,0.71875,1.75,0.0110914344300494
DS06,cvae,1,0.005,pooled,R2,all,100,7,0.07,0.86,3.81,0.0110914344300494
DS06,cvae,1,0.005,phase_conditioned,R0,7,21,2,0.09523809523809523,1.0,16.19047619047619,0.01636615811373093
DS06,cvae,1,0.005,phase_conditioned,R0,8,31,5,0.16129032258064516,1.0,9.870967741935484,0.01636615811373093
DS06,cvae,1,0.005,phase_conditioned,R0,9,16,0,0.0,1.0,34.9375,0.01636615811373093
DS06,cvae,1,0.005,phase_conditioned,R0,10,32,2,0.0625,1.0,8.21875,0.01636615811373093
DS06,cvae,1,0.005,phase_conditioned,R0,all,100,9,0.09,1.0,14.68,0.01636615811373093
DS06,cvae,1,0.005,phase_conditioned,R1,7,21,2,0.09523809523809523,0.9047619047619048,3.6666666666666665,0.008202069158355857
DS06,cvae,1,0.005,phase_conditioned,R1,8,31,3,0.0967741935483871,0.7096774193548387,1.7741935483870968,0.008202069158355857
DS06,cvae,1,0.005,phase_conditioned,R1,9,16,1,0.0625,0.9375,8.3125,0.008202069158355857
DS06,cvae,1,0.005,phase_conditioned,R1,10,32,1,0.03125,0.625,1.46875,0.008202069158355857
DS06,cvae,1,0.005,phase_conditioned,R1,all,100,7,0.07,0.76,3.12,0.008202069158355857
DS06,cvae,1,0.005,phase_conditioned,R2,7,21,2,0.09523809523809523,1.0,4.857142857142857,0.010532202441979681
DS06,cvae,1,0.005,phase_conditioned,R2,8,31,3,0.0967741935483871,0.7096774193548387,2.225806451612903,0.010532202441979681
DS06,cvae,1,0.005,phase_conditioned,R2,9,16,1,0.0625,0.9375,9.625,0.010532202441979681
DS06,cvae,1,0.005,phase_conditioned,R2,10,32,1,0.03125,0.6875,1.75,0.010532202441979681
DS06,cvae,1,0.005,phase_conditioned,R2,all,100,7,0.07,0.8,3.81,0.010532202441979681
DS06,cvae,1,0.005,quantile_regression_W,R0,7,21,2,0.09523809523809523,1.0,21.047619047619047,0.013597485196286278
DS06,cvae,1,0.005,quantile_regression_W,R0,8,31,5,0.16129032258064516,0.9354838709677419,12.96774193548387,0.013597485196286278
DS06,cvae,1,0.005,quantile_regression_W,R0,9,16,1,0.0625,1.0,36.5625,0.013597485196286278
DS06,cvae,1,0.005,quantile_regression_W,R0,10,32,2,0.0625,0.8125,10.125,0.013597485196286278
DS06,cvae,1,0.005,quantile_regression_W,R0,all,100,10,0.1,0.92,17.53,0.013597485196286278
DS06,cvae,1,0.005,quantile_regression_W,R1,7,21,3,0.14285714285714285,0.8095238095238095,4.809523809523809,0.007549631838941188
DS06,cvae,1,0.005,quantile_regression_W,R1,8,31,5,0.16129032258064516,0.6451612903225806,2.3870967741935485,0.007549631838941188
DS06,cvae,1,0.005,quantile_regression_W,R1,9,16,3,0.1875,0.9375,6.5,0.007549631838941188
DS06,cvae,1,0.005,quantile_regression_W,R1,10,32,2,0.0625,0.5625,2.03125,0.007549631838941188
DS06,cvae,1,0.005,quantile_regression_W,R1,all,100,13,0.13,0.7,3.44,0.007549631838941188
DS06,cvae,1,0.005,quantile_regression_W,R2,7,21,3,0.14285714285714285,0.9523809523809523,5.857142857142857,0.010532407407407407
DS06,cvae,1,0.005,quantile_regression_W,R2,8,31,5,0.16129032258064516,0.7096774193548387,3.4516129032258065,0.010532407407407407
DS06,cvae,1,0.005,quantile_regression_W,R2,9,16,3,0.1875,1.0,8.375,0.010532407407407407
DS06,cvae,1,0.005,quantile_regression_W,R2,10,32,2,0.0625,0.6875,2.75,0.010532407407407407
DS06,cvae,1,0.005,quantile_regression_W,R2,all,100,13,0.13,0.8,4.52,0.010532407407407407
DS06,cvae,1,0.01,pooled,R0,7,21,2,0.09523809523809523,1.0,34.19047619047619,0.028294036061026352
DS06,cvae,1,0.01,pooled,R0,8,31,5,0.16129032258064516,1.0,20.70967741935484,0.028294036061026352
DS06,cvae,1,0.01,pooled,R0,9,16,0,0.0,1.0,61.25,0.028294036061026352
DS06,cvae,1,0.01,pooled,R0,10,32,2,0.0625,1.0,18.34375,0.028294036061026352
DS06,cvae,1,0.01,pooled,R0,all,100,9,0.09,1.0,29.27,0.028294036061026352
DS06,cvae,1,0.01,pooled,R1,7,21,4,0.19047619047619047,0.9523809523809523,7.476190476190476,0.012209898406188835
DS06,cvae,1,0.01,pooled,R1,8,31,3,0.0967741935483871,0.8387096774193549,4.064516129032258,0.012209898406188835
DS06,cvae,1,0.01,pooled,R1,9,16,0,0.0,1.0,13.625,0.012209898406188835
DS06,cvae,1,0.01,pooled,R1,10,32,1,0.03125,0.84375,3.65625,0.012209898406188835
DS06,cvae,1,0.01,pooled,R1,all,100,8,0.08,0.89,6.18,0.012209898406188835
DS06,cvae,1,0.01,pooled,R2,7,21,2,0.09523809523809523,1.0,8.333333333333334,0.02149973780807551
DS06,cvae,1,0.01,pooled,R2,8,31,3,0.0967741935483871,1.0,5.612903225806452,0.02149973780807551
DS06,cvae,1,0.01,pooled,R2,9,16,0,0.0,1.0,16.75,0.02149973780807551
DS06,cvae,1,0.01,pooled,R2,10,32,1,0.03125,1.0,5.0625,0.02149973780807551
DS06,cvae,1,0.01,pooled,R2,all,100,6,0.06,1.0,7.79,0.02149973780807551
DS06,cvae,1,0.01,phase_conditioned,R0,7,21,2,0.09523809523809523,1.0,32.95238095238095,0.026005547850208043
DS06,cvae,1,0.01,phase_conditioned,R0,8,31,5,0.16129032258064516,1.0,21.451612903225808,0.026005547850208043
DS06,cvae,1,0.01,phase_conditioned,R0,9,16,0,0.0,1.0,66.0625,0.026005547850208043
DS06,cvae,1,0.01,phase_conditioned,R0,10,32,2,0.0625,1.0,16.4375,0.026005547850208043
DS06,cvae,1,0.01,phase_conditioned,R0,all,100,9,0.09,1.0,29.4,0.026005547850208043
DS06,cvae,1,0.01,phase_conditioned,R1,7,21,2,0.09523809523809523,1.0,7.380952380952381,0.01699029126213592
DS06,cvae,1,0.01,phase_conditioned,R1,8,31,5,0.16129032258064516,0.8709677419354839,4.548387096774194,0.01699029126213592
DS06,cvae,1,0.01,phase_conditioned,R1,9,16,0,0.0,1.0,14.125,0.01699029126213592
DS06,cvae,1,0.01,phase_conditioned,R1,10,32,2,0.0625,0.8125,3.28125,0.01699029126213592
DS06,cvae,1,0.01,phase_conditioned,R1,all,100,9,0.09,0.9,6.27,0.01699029126213592
DS06,cvae,1,0.01,phase_conditioned,R2,7,21,2,0.09523809523809523,1.0,9.19047619047619,0.02378640776699029
DS06,cvae,1,0.01,phase_conditioned,R2,8,31,5,0.16129032258064516,0.9354838709677419,6.096774193548387,0.02378640776699029
DS06,cvae,1,0.01,phase_conditioned,R2,9,16,0,0.0,1.0,16.875,0.02378640776699029
DS06,cvae,1,0.01,phase_conditioned,R2,10,32,2,0.0625,0.90625,4.375,0.02378640776699029
DS06,cvae,1,0.01,phase_conditioned,R2,all,100,9,0.09,0.95,7.92,0.02378640776699029
DS06,cvae,1,0.01,quantile_regression_W,R0,7,21,1,0.047619047619047616,1.0,35.19047619047619,0.024895977808599166
DS06,cvae,1,0.01,quantile_regression_W,R0,8,31,5,0.16129032258064516,1.0,20.483870967741936,0.024895977808599166
DS06,cvae,1,0.01,quantile_regression_W,R0,9,16,1,0.0625,1.0,80.5,0.024895977808599166
DS06,cvae,1,0.01,quantile_regression_W,R0,10,32,2,0.0625,0.90625,17.875,0.024895977808599166
DS06,cvae,1,0.01,quantile_regression_W,R0,all,100,9,0.09,0.97,32.34,0.024895977808599166
DS06,cvae,1,0.01,quantile_regression_W,R1,7,21,2,0.09523809523809523,1.0,7.809523809523809,0.015092559839641551
DS06,cvae,1,0.01,quantile_regression_W,R1,8,31,4,0.12903225806451613,0.6774193548387096,4.419354838709677,0.015092559839641551
DS06,cvae,1,0.01,quantile_regression_W,R1,9,16,1,0.0625,1.0,15.5,0.015092559839641551
DS06,cvae,1,0.01,quantile_regression_W,R1,10,32,2,0.0625,0.71875,3.71875,0.015092559839641551
DS06,cvae,1,0.01,quantile_regression_W,R1,all,100,9,0.09,0.81,6.68,0.015092559839641551
DS06,cvae,1,0.01,quantile_regression_W,R2,7,21,2,0.09523809523809523,1.0,9.19047619047619,0.02018030513176144
DS06,cvae,1,0.01,quantile_regression_W,R2,8,31,5,0.16129032258064516,0.7741935483870968,5.67741935483871,0.02018030513176144
DS06,cvae,1,0.01,quantile_regression_W,R2,9,16,1,0.0625,1.0,17.6875,0.02018030513176144
DS06,cvae,1,0.01,quantile_regression_W,R2,10,32,2,0.0625,0.8125,4.84375,0.02018030513176144
DS06,cvae,1,0.01,quantile_regression_W,R2,all,100,10,0.1,0.87,8.07,0.02018030513176144
DS06,cvae,1,0.02,pooled,R0,7,21,2,0.09523809523809523,1.0,66.9047619047619,0.051941747572815535
DS06,cvae,1,0.02,pooled,R0,8,31,5,0.16129032258064516,1.0,38.87096774193548,0.051941747572815535
DS06,cvae,1,0.02,pooled,R0,9,16,0,0.0,1.0,116.0,0.051941747572815535
DS06,cvae,1,0.02,pooled,R0,10,32,2,0.0625,1.0,36.21875,0.051941747572815535
DS06,cvae,1,0.02,pooled,R0,all,100,9,0.09,1.0,56.25,0.051941747572815535
DS06,cvae,1,0.02,pooled,R1,7,21,2,0.09523809523809523,1.0,16.095238095238095,0.03897364771151179
DS06,cvae,1,0.02,pooled,R1,8,31,3,0.0967741935483871,1.0,8.774193548387096,0.03897364771151179
DS06,cvae,1,0.02,pooled,R1,9,16,0,0.0,1.0,25.0625,0.03897364771151179
DS06,cvae,1,0.02,pooled,R1,10,32,1,0.03125,1.0,8.34375,0.03897364771151179
DS06,cvae,1,0.02,pooled,R1,all,100,6,0.06,1.0,12.78,0.03897364771151179
DS06,cvae,1,0.02,pooled,R2,7,21,2,0.09523809523809523,1.0,18.666666666666668,0.04979195561719833
DS06,cvae,1,0.02,pooled,R2,8,31,5,0.16129032258064516,1.0,11.064516129032258,0.04979195561719833
DS06,cvae,1,0.02,pooled,R2,9,16,0,0.0,1.0,30.8125,0.04979195561719833
DS06,cvae,1,0.02,pooled,R2,10,32,2,0.0625,1.0,10.78125,0.04979195561719833
DS06,cvae,1,0.02,pooled,R2,all,100,9,0.09,1.0,15.73,0.04979195561719833
DS06,cvae,1,0.02,phase_conditioned,R0,7,21,3,0.14285714285714285,1.0,57.714285714285715,0.04875173370319001
DS06,cvae,1,0.02,phase_conditioned,R0,8,31,5,0.16129032258064516,1.0,37.32258064516129,0.04875173370319001
DS06,cvae,1,0.02,phase_conditioned,R0,9,16,2,0.125,1.0,137.5,0.04875173370319001
DS06,cvae,1,0.02,phase_conditioned,R0,10,32,2,0.0625,1.0,34.34375,0.04875173370319001
DS06,cvae,1,0.02,phase_conditioned,R0,all,100,12,0.12,1.0,56.68,0.04875173370319001
DS06,cvae,1,0.02,phase_conditioned,R1,7,21,3,0.14285714285714285,1.0,14.428571428571429,0.03446601941747573
DS06,cvae,1,0.02,phase_conditioned,R1,8,31,5,0.16129032258064516,1.0,9.290322580645162,0.03446601941747573
DS06,cvae,1,0.02,phase_conditioned,R1,9,16,0,0.0,1.0,30.125,0.03446601941747573
DS06,cvae,1,0.02,phase_conditioned,R1,10,32,2,0.0625,1.0,8.0625,0.03446601941747573
DS06,cvae,1,0.02,phase_conditioned,R1,all,100,10,0.1,1.0,13.31,0.03446601941747573
DS06,cvae,1,0.02,phase_conditioned,R2,7,21,3,0.14285714285714285,1.0,15.476190476190476,0.04563106796116505
DS06,cvae,1,0.02,phase_conditioned,R2,8,31,5,0.16129032258064516,1.0,10.903225806451612,0.04563106796116505
DS06,cvae,1,0.02,phase_conditioned,R2,9,16,1,0.0625,1.0,35.25,0.04563106796116505
DS06,cvae,1,0.02,phase_conditioned,R2,10,32,2,0.0625,1.0,9.625,0.04563106796116505
DS06,cvae,1,0.02,phase_conditioned,R2,all,100,11,0.11,1.0,15.35,0.04563106796116505
DS06,cvae,1,0.02,quantile_regression_W,R0,7,21,1,0.047619047619047616,1.0,62.666666666666664,0.04678704583668397
DS06,cvae,1,0.02,quantile_regression_W,R0,8,31,5,0.16129032258064516,1.0,31.64516129032258,0.04678704583668397
DS06,cvae,1,0.02,quantile_regression_W,R0,9,16,2,0.125,1.0,159.375,0.04678704583668397
DS06,cvae,1,0.02,quantile_regression_W,R0,10,32,2,0.0625,1.0,28.65625,0.04678704583668397
DS06,cvae,1,0.02,quantile_regression_W,R0,all,100,10,0.1,1.0,57.64,0.04678704583668397
DS06,cvae,1,0.02,quantile_regression_W,R1,7,21,1,0.047619047619047616,1.0,14.238095238095237,0.030790568654646324
DS06,cvae,1,0.02,quantile_regression_W,R1,8,31,5,0.16129032258064516,0.9354838709677419,7.354838709677419,0.030790568654646324
DS06,cvae,1,0.02,quantile_regression_W,R1,9,16,1,0.0625,1.0,32.375,0.030790568654646324
DS06,cvae,1,0.02,quantile_regression_W,R1,10,32,2,0.0625,0.90625,6.46875,0.030790568654646324
DS06,cvae,1,0.02,quantile_regression_W,R1,all,100,9,0.09,0.95,12.52,0.030790568654646324
DS06,cvae,1,0.02,quantile_regression_W,R2,7,21,1,0.047619047619047616,1.0,15.80952380952381,0.03721244925575101
DS06,cvae,1,0.02,quantile_regression_W,R2,8,31,5,0.16129032258064516,0.9354838709677419,9.32258064516129,0.03721244925575101
DS06,cvae,1,0.02,quantile_regression_W,R2,9,16,2,0.125,1.0,39.0,0.03721244925575101
DS06,cvae,1,0.02,quantile_regression_W,R2,10,32,2,0.0625,0.90625,7.84375,0.03721244925575101
DS06,cvae,1,0.02,quantile_regression_W,R2,all,100,10,0.1,0.95,14.96,0.03721244925575101
DS06,cvae,2,0.005,pooled,R0,7,21,3,0.14285714285714285,1.0,14.619047619047619,0.011466666666666667
DS06,cvae,2,0.005,pooled,R0,8,31,2,0.06451612903225806,0.967741935483871,10.64516129032258,0.011466666666666667
DS06,cvae,2,0.005,pooled,R0,9,16,5,0.3125,1.0,36.9375,0.011466666666666667
DS06,cvae,2,0.005,pooled,R0,10,32,0,0.0,1.0,6.4375,0.011466666666666667
DS06,cvae,2,0.005,pooled,R0,all,100,10,0.1,0.99,14.34,0.011466666666666667
DS06,cvae,2,0.005,pooled,R1,7,21,3,0.14285714285714285,0.8571428571428571,3.5714285714285716,0.007073509015256588
DS06,cvae,2,0.005,pooled,R1,8,31,0,0.0,0.8064516129032258,2.064516129032258,0.007073509015256588
DS06,cvae,2,0.005,pooled,R1,9,16,5,0.3125,1.0,7.75,0.007073509015256588
DS06,cvae,2,0.005,pooled,R1,10,32,0,0.0,0.65625,1.1875,0.007073509015256588
DS06,cvae,2,0.005,pooled,R1,all,100,8,0.08,0.8,3.01,0.007073509015256588
DS06,cvae,2,0.005,pooled,R2,7,21,3,0.14285714285714285,0.9047619047619048,3.6666666666666665,0.00969721978645484
DS06,cvae,2,0.005,pooled,R2,8,31,1,0.03225806451612903,0.8064516129032258,2.7096774193548385,0.00969721978645484
DS06,cvae,2,0.005,pooled,R2,9,16,5,0.3125,1.0,8.0,0.00969721978645484
DS06,cvae,2,0.005,pooled,R2,10,32,0,0.0,0.65625,1.53125,0.00969721978645484
DS06,cvae,2,0.005,pooled,R2,all,100,9,0.09,0.81,3.38,0.00969721978645484
DS06,cvae,2,0.005,phase_conditioned,R0,7,21,2,0.09523809523809523,1.0,15.952380952380953,0.016678370786516853
DS06,cvae,2,0.005,phase_conditioned,R0,8,31,0,0.0,0.967741935483871,6.774193548387097,0.016678370786516853
DS06,cvae,2,0.005,phase_conditioned,R0,9,16,4,0.25,1.0,63.0625,0.016678370786516853
DS06,cvae,2,0.005,phase_conditioned,R0,10,32,0,0.0,1.0,5.28125,0.016678370786516853
DS06,cvae,2,0.005,phase_conditioned,R0,all,100,6,0.06,0.99,17.23,0.016678370786516853
DS06,cvae,2,0.005,phase_conditioned,R1,7,21,2,0.09523809523809523,0.9047619047619048,4.0,0.01386938202247191
DS06,cvae,2,0.005,phase_conditioned,R1,8,31,0,0.0,0.8064516129032258,1.5806451612903225,0.01386938202247191
DS06,cvae,2,0.005,phase_conditioned,R1,9,16,4,0.25,1.0,18.0,0.01386938202247191
DS06,cvae,2,0.005,phase_conditioned,R1,10,32,0,0.0,0.5,0.71875,0.01386938202247191
DS06,cvae,2,0.005,phase_conditioned,R1,all,100,6,0.06,0.76,4.44,0.01386938202247191
DS06,cvae,2,0.005,phase_conditioned,R2,7,21,2,0.09523809523809523,0.9047619047619048,4.190476190476191,0.016502808988764044
DS06,cvae,2,0.005,phase_conditioned,R2,8,31,0,0.0,0.8387096774193549,1.8387096774193548,0.016502808988764044
DS06,cvae,2,0.005,phase_conditioned,R2,9,16,4,0.25,1.0,15.375,0.016502808988764044
DS06,cvae,2,0.005,phase_conditioned,R2,10,32,0,0.0,0.5,1.0,0.016502808988764044
DS06,cvae,2,0.005,phase_conditioned,R2,all,100,6,0.06,0.77,4.23,0.016502808988764044
DS06,cvae,2,0.005,quantile_regression_W,R0,7,21,4,0.19047619047619047,1.0,32.0,0.019456777226429876
DS06,cvae,2,0.005,quantile_regression_W,R0,8,31,0,0.0,1.0,6.580645161290323,0.019456777226429876
DS06,cvae,2,0.005,quantile_regression_W,R0,9,16,1,0.0625,1.0,60.25,0.019456777226429876
DS06,cvae,2,0.005,quantile_regression_W,R0,10,32,2,0.0625,0.96875,6.34375,0.019456777226429876
DS06,cvae,2,0.005,quantile_regression_W,R0,all,100,7,0.07,0.99,20.43,0.019456777226429876
DS06,cvae,2,0.005,quantile_regression_W,R1,7,21,4,0.19047619047619047,1.0,7.285714285714286,0.010666666666666666
DS06,cvae,2,0.005,quantile_regression_W,R1,8,31,0,0.0,0.7096774193548387,1.5161290322580645,0.010666666666666666
DS06,cvae,2,0.005,quantile_regression_W,R1,9,16,1,0.0625,1.0,11.5,0.010666666666666666
DS06,cvae,2,0.005,quantile_regression_W,R1,10,32,0,0.0,0.75,1.625,0.010666666666666666
DS06,cvae,2,0.005,quantile_regression_W,R1,all,100,5,0.05,0.83,4.36,0.010666666666666666
DS06,cvae,2,0.005,quantile_regression_W,R2,7,21,4,0.19047619047619047,1.0,8.238095238095237,0.016895587699039746
DS06,cvae,2,0.005,quantile_regression_W,R2,8,31,1,0.03225806451612903,0.8387096774193549,1.8709677419354838,0.016895587699039746
DS06,cvae,2,0.005,quantile_regression_W,R2,9,16,1,0.0625,1.0,12.375,0.016895587699039746
DS06,cvae,2,0.005,quantile_regression_W,R2,10,32,2,0.0625,0.78125,2.03125,0.016895587699039746
DS06,cvae,2,0.005,quantile_regression_W,R2,all,100,8,0.08,0.88,4.94,0.016895587699039746
DS06,cvae,2,0.01,pooled,R0,7,21,1,0.047619047619047616,1.0,28.666666666666668,0.026933333333333333
DS06,cvae,2,0.01,pooled,R0,8,31,3,0.0967741935483871,1.0,20.096774193548388,0.026933333333333333
DS06,cvae,2,0.01,pooled,R0,9,16,5,0.3125,1.0,74.0625,0.026933333333333333
DS06,cvae,2,0.01,pooled,R0,10,32,0,0.0,1.0,14.46875,0.026933333333333333
DS06,cvae,2,0.01,pooled,R0,all,100,9,0.09,1.0,28.73,0.026933333333333333
DS06,cvae,2,0.01,pooled,R1,7,21,3,0.14285714285714285,1.0,7.523809523809524,0.015018773466833541
DS06,cvae,2,0.01,pooled,R1,8,31,5,0.16129032258064516,1.0,5.32258064516129,0.015018773466833541
DS06,cvae,2,0.01,pooled,R1,9,16,6,0.375,1.0,17.25,0.015018773466833541
DS06,cvae,2,0.01,pooled,R1,10,32,0,0.0,0.875,3.21875,0.015018773466833541
DS06,cvae,2,0.01,pooled,R1,all,100,14,0.14,0.96,7.02,0.015018773466833541
DS06,cvae,2,0.01,pooled,R2,7,21,1,0.047619047619047616,1.0,7.904761904761905,0.025333333333333333
DS06,cvae,2,0.01,pooled,R2,8,31,5,0.16129032258064516,1.0,4.645161290322581,0.025333333333333333
DS06,cvae,2,0.01,pooled,R2,9,16,5,0.3125,1.0,19.0625,0.025333333333333333
DS06,cvae,2,0.01,pooled,R2,10,32,1,0.03125,0.90625,3.5625,0.025333333333333333
DS06,cvae,2,0.01,pooled,R2,all,100,12,0.12,0.97,7.29,0.025333333333333333
DS06,cvae,2,0.01,phase_conditioned,R0,7,21,2,0.09523809523809523,1.0,26.142857142857142,0.03300561797752809
DS06,cvae,2,0.01,phase_conditioned,R0,8,31,0,0.0,1.0,18.419354838709676,0.03300561797752809
DS06,cvae,2,0.01,phase_conditioned,R0,9,16,4,0.25,1.0,80.375,0.03300561797752809
DS06,cvae,2,0.01,phase_conditioned,R0,10,32,0,0.0,1.0,11.8125,0.03300561797752809
DS06,cvae,2,0.01,phase_conditioned,R0,all,100,6,0.06,1.0,27.84,0.03300561797752809
DS06,cvae,2,0.01,phase_conditioned,R1,7,21,2,0.09523809523809523,0.9523809523809523,7.142857142857143,0.02615870786516854
DS06,cvae,2,0.01,phase_conditioned,R1,8,31,0,0.0,0.9032258064516129,4.096774193548387,0.02615870786516854
DS06,cvae,2,0.01,phase_conditioned,R1,9,16,4,0.25,1.0,24.0,0.02615870786516854
DS06,cvae,2,0.01,phase_conditioned,R1,10,32,0,0.0,0.875,2.5625,0.02615870786516854
DS06,cvae,2,0.01,phase_conditioned,R1,all,100,6,0.06,0.92,7.43,0.02615870786516854
DS06,cvae,2,0.01,phase_conditioned,R2,7,21,2,0.09523809523809523,0.9523809523809523,7.238095238095238,0.03107443820224719
DS06,cvae,2,0.01,phase_conditioned,R2,8,31,0,0.0,0.9354838709677419,4.516129032258065,0.03107443820224719
DS06,cvae,2,0.01,phase_conditioned,R2,9,16,4,0.25,1.0,20.9375,0.03107443820224719
DS06,cvae,2,0.01,phase_conditioned,R2,10,32,0,0.0,0.875,3.21875,0.03107443820224719
DS06,cvae,2,0.01,phase_conditioned,R2,all,100,6,0.06,0.93,7.3,0.03107443820224719
DS06,cvae,2,0.01,quantile_regression_W,R0,7,21,4,0.19047619047619047,1.0,53.857142857142854,0.029333333333333333
DS06,cvae,2,0.01,quantile_regression_W,R0,8,31,0,0.0,1.0,13.419354838709678,0.029333333333333333
DS06,cvae,2,0.01,quantile_regression_W,R0,9,16,3,0.1875,1.0,93.375,0.029333333333333333
DS06,cvae,2,0.01,quantile_regression_W,R0,10,32,0,0.0,1.0,12.21875,0.029333333333333333
DS06,cvae,2,0.01,quantile_regression_W,R0,all,100,7,0.07,1.0,34.32,0.029333333333333333
DS06,cvae,2,0.01,quantile_regression_W,R1,7,21,5,0.23809523809523808,1.0,11.428571428571429,0.019311797752808987
DS06,cvae,2,0.01,quantile_regression_W,R1,8,31,0,0.0,0.967741935483871,2.774193548387097,0.019311797752808987
DS06,cvae,2,0.01,quantile_regression_W,R1,9,16,2,0.125,1.0,22.625,0.019311797752808987
DS06,cvae,2,0.01,quantile_regression_W,R1,10,32,0,0.0,0.9375,2.53125,0.019311797752808987
DS06,cvae,2,0.01,quantile_regression_W,R1,all,100,7,0.07,0.97,7.69,0.019311797752808987
DS06,cvae,2,0.01,quantile_regression_W,R2,7,21,4,0.19047619047619047,1.0,13.095238095238095,0.027733333333333332
DS06,cvae,2,0.01,quantile_regression_W,R2,8,31,0,0.0,1.0,3.225806451612903,0.027733333333333332
DS06,cvae,2,0.01,quantile_regression_W,R2,9,16,3,0.1875,1.0,21.875,0.027733333333333332
DS06,cvae,2,0.01,quantile_regression_W,R2,10,32,0,0.0,0.96875,3.0,0.027733333333333332
DS06,cvae,2,0.01,quantile_regression_W,R2,all,100,7,0.07,0.99,8.21,0.027733333333333332
DS06,cvae,2,0.02,pooled,R0,7,21,1,0.047619047619047616,1.0,60.0,0.05179073033707865
DS06,cvae,2,0.02,pooled,R0,8,31,0,0.0,1.0,36.61290322580645,0.05179073033707865
DS06,cvae,2,0.02,pooled,R0,9,16,4,0.25,1.0,109.4375,0.05179073033707865
DS06,cvae,2,0.02,pooled,R0,10,32,0,0.0,1.0,30.0,0.05179073033707865
DS06,cvae,2,0.02,pooled,R0,all,100,5,0.05,1.0,51.06,0.05179073033707865
DS06,cvae,2,0.02,pooled,R1,7,21,1,0.047619047619047616,1.0,15.0,0.0326629680998613
DS06,cvae,2,0.02,pooled,R1,8,31,2,0.06451612903225806,1.0,9.806451612903226,0.0326629680998613
DS06,cvae,2,0.02,pooled,R1,9,16,5,0.3125,1.0,28.9375,0.0326629680998613
DS06,cvae,2,0.02,pooled,R1,10,32,0,0.0,1.0,7.21875,0.0326629680998613
DS06,cvae,2,0.02,pooled,R1,all,100,8,0.08,1.0,13.13,0.0326629680998613
DS06,cvae,2,0.02,pooled,R2,7,21,1,0.047619047619047616,1.0,17.19047619047619,0.05056179775280899
DS06,cvae,2,0.02,pooled,R2,8,31,0,0.0,1.0,9.741935483870968,0.05056179775280899
DS06,cvae,2,0.02,pooled,R2,9,16,4,0.25,1.0,28.25,0.05056179775280899
DS06,cvae,2,0.02,pooled,R2,10,32,0,0.0,1.0,8.0,0.05056179775280899
DS06,cvae,2,0.02,pooled,R2,all,100,5,0.05,1.0,13.71,0.05056179775280899
DS06,cvae,2,0.02,phase_conditioned,R0,7,21,2,0.09523809523809523,1.0,52.23809523809524,0.048981741573033706
DS06,cvae,2,0.02,phase_conditioned,R0,8,31,0,0.0,1.0,31.64516129032258,0.048981741573033706
DS06,cvae,2,0.02,phase_conditioned,R0,9,16,4,0.25,1.0,117.3125,0.048981741573033706
DS06,cvae,2,0.02,phase_conditioned,R0,10,32,0,0.0,1.0,26.375,0.048981741573033706
DS06,cvae,2,0.02,phase_conditioned,R0,all,100,6,0.06,1.0,47.99,0.048981741573033706
DS06,cvae,2,0.02,phase_conditioned,R1,7,21,1,0.047619047619047616,1.0,12.380952380952381,0.04073033707865169
DS06,cvae,2,0.02,phase_conditioned,R1,8,31,0,0.0,1.0,8.516129032258064,0.04073033707865169
DS06,cvae,2,0.02,phase_conditioned,R1,9,16,4,0.25,1.0,34.1875,0.04073033707865169
DS06,cvae,2,0.02,phase_conditioned,R1,10,32,0,0.0,1.0,5.8125,0.04073033707865169
DS06,cvae,2,0.02,phase_conditioned,R1,all,100,5,0.05,1.0,12.57,0.04073033707865169
DS06,cvae,2,0.02,phase_conditioned,R2,7,21,1,0.047619047619047616,1.0,14.047619047619047,0.047050561797752806
DS06,cvae,2,0.02,phase_conditioned,R2,8,31,0,0.0,1.0,8.193548387096774,0.047050561797752806
DS06,cvae,2,0.02,phase_conditioned,R2,9,16,5,0.3125,1.0,31.9375,0.047050561797752806
DS06,cvae,2,0.02,phase_conditioned,R2,10,32,0,0.0,1.0,7.0,0.047050561797752806
DS06,cvae,2,0.02,phase_conditioned,R2,all,100,6,0.06,1.0,12.84,0.047050561797752806
DS06,cvae,2,0.02,quantile_regression_W,R0,7,21,6,0.2857142857142857,1.0,101.71428571428571,0.047420386594354054
DS06,cvae,2,0.02,quantile_regression_W,R0,8,31,0,0.0,1.0,32.064516129032256,0.047420386594354054
DS06,cvae,2,0.02,quantile_regression_W,R0,9,16,4,0.25,1.0,136.125,0.047420386594354054
DS06,cvae,2,0.02,quantile_regression_W,R0,10,32,0,0.0,1.0,25.09375,0.047420386594354054
DS06,cvae,2,0.02,quantile_regression_W,R0,all,100,10,0.1,1.0,61.11,0.047420386594354054
DS06,cvae,2,0.02,quantile_regression_W,R1,7,21,5,0.23809523809523808,1.0,23.38095238095238,0.032818801279377
DS06,cvae,2,0.02,quantile_regression_W,R1,8,31,0,0.0,1.0,6.645161290322581,0.032818801279377
DS06,cvae,2,0.02,quantile_regression_W,R1,9,16,4,0.25,1.0,31.6875,0.032818801279377
DS06,cvae,2,0.02,quantile_regression_W,R1,10,32,0,0.0,0.96875,4.875,0.032818801279377
DS06,cvae,2,0.02,quantile_regression_W,R1,all,100,9,0.09,0.99,13.6,0.032818801279377
DS06,cvae,2,0.02,quantile_regression_W,R2,7,21,6,0.2857142857142857,1.0,25.714285714285715,0.04422194409678765
DS06,cvae,2,0.02,quantile_regression_W,R2,8,31,0,0.0,1.0,8.193548387096774,0.04422194409678765
DS06,cvae,2,0.02,quantile_regression_W,R2,9,16,4,0.25,1.0,34.0,0.04422194409678765
DS06,cvae,2,0.02,quantile_regression_W,R2,10,32,0,0.0,1.0,6.03125,0.04422194409678765
DS06,cvae,2,0.02,quantile_regression_W,R2,all,100,10,0.1,1.0,15.31,0.04422194409678765
