subset,detector,seed,nominal_fpr,arm,unit,weighting,flight_class,overall_fpr,climb_fpr,cruise_fpr,descent_fpr,spread,max_abs_error,rms_error,mean_abs_error,overall_abs_error
DS08a,pca,-1,0.005,pooled,10,per_engine,,0.005927682276229994,0.005846798087939004,0.0026231605886116445,0.00849844440805633,0.005875283819444684,0.003498444408056329,0.002490351104130145,0.002240693969127896,0.0009276822762299937
DS08a,pca,-1,0.005,pooled,11,per_engine,,0.008787531177318697,0.00034955528799471785,0.0036354695375753,0.017706380423727776,0.01735682513573306,0.012706380423727775,0.00785155362279329,0.006240451866052586,0.0037875311773186973
DS08a,pca,-1,0.005,pooled,12,per_engine,,0.006228910394442657,0.0002637908293894018,0.0036758699558895607,0.012765634651437489,0.012501843822048086,0.007765634651437489,0.00530691621757553,0.004608657955386175,0.001228910394442657
DS08a,pca,-1,0.005,pooled,13,per_engine,,0.006723851933329194,0.0032916635845846587,0.006118556020779096,0.009405136476708657,0.006113472892123998,0.0044051364767086565,0.0028032604979609287,0.0024106763043010315,0.0017238519333291936
DS08a,pca,-1,0.005,pooled,14,per_engine,,0.02213755140546432,0.0004798464491362764,0.04607811800805472,0.015458538910430648,0.04559827155891844,0.04107811800805472,0.02461181696765497,0.01868560348978303,0.01713755140546432
DS08a,pca,-1,0.005,pooled,15,per_engine,,0.0037760439913588403,0.005483405483405483,0.001734390485629336,0.004412650895165523,0.0037490149977761475,0.003265609514370664,0.0019358775213224413,0.001445454700870208,0.0012239560086411598
DS08a,pca,-1,0.005,pooled,all,row_pooled,,0.009578426206531305,0.001857477587973187,0.012446601189938438,0.011938548660037827,0.01058912360196525,0.007446601189938438,0.00615008872293173,0.0058425574206676925,0.004578426206531305
DS08a,pca,-1,0.005,pooled,equal_engine,equal_engine,,0.008930261863023951,0.002619176620408257,0.010644260766089942,0.011374464294254406,0.00875528767384615,0.006374464294254406,0.00510423989114792,0.0047998494799786975,0.003930261863023951
DS08a,pca,-1,0.005,phase_conditioned,10,per_engine,,0.005312403862747893,0.007387508394895903,0.00490509703561527,0.004765023743245456,0.0026224846516504476,0.0023875083948959033,0.00138617179666228,0.0009057958720117259,0.00031240386274789325
DS08a,pca,-1,0.005,phase_conditioned,11,per_engine,,0.007898254070152913,0.0015341593195323728,0.005830801383937196,0.013356370008209878,0.011822210688677505,0.008356370008209879,0.005245035820533731,0.004217670690871567,0.0028982540701529133
DS08a,pca,-1,0.005,phase_conditioned,12,per_engine,,0.005799899347408196,0.0007913724881682054,0.004364366233341891,0.010630804408370269,0.009839431920202063,0.005630804408370269,0.004075231449622852,0.003491688562286724,0.0007998993474081957
DS08a,pca,-1,0.005,phase_conditioned,13,per_engine,,0.006954485376952623,0.004382720615430135,0.007126318188907418,0.008371480173109033,0.0039887595576788976,0.003371480173109033,0.0023287436839607165,0.002038359248862105,0.0019544853769526225
DS08a,pca,-1,0.005,phase_conditioned,14,per_engine,,0.023227484635605096,0.0007037747920665387,0.0507958831426197,0.013590632125420278,0.05009210835055316,0.0457958831426197,0.0270155475246142,0.01956091349199115,0.018227484635605095
DS08a,pca,-1,0.005,phase_conditioned,15,per_engine,,0.0037581903554658905,0.006143063285920429,0.0028631208016738244,0.003265750442237039,0.0032799424842466043,0.0021368791983261757,0.0017205103809102066,0.0016713973473365216,0.0012418096445341096
DS08a,pca,-1,0.005,phase_conditioned,all,row_pooled,,0.009518689209804356,0.002647969004228952,0.014472852109494986,0.009560572041631181,0.011824883105266033,0.009472852109494986,0.006220015922818295,0.005461818382299072,0.004518689209804356
DS08a,pca,-1,0.005,phase_conditioned,equal_engine,equal_engine,,0.008825119608055433,0.003490433149335597,0.012647597797682548,0.008996676816765326,0.009157164648346951,0.007647597797682548,0.005057600542069109,0.004384613821704093,0.0038251196080554333
DS08a,pca,-1,0.005,quantile_regression_W,10,per_engine,,0.006595484456716664,0.0022123019792201636,0.00782682874813393,0.007466841329621746,0.005614526768913768,0.0028268287481339307,0.0026986124318413617,0.0026937893661785044,0.001595484456716664
DS08a,pca,-1,0.005,quantile_regression_W,11,per_engine,,0.0028414771471569444,0.002582825183516526,0.001668452203235041,0.0038231077454692498,0.002154655542234209,0.0033315477967649594,0.0024716404939733073,0.002308538289259728,0.0021585228528430557
DS08a,pca,-1,0.005,quantile_regression_W,12,per_engine,,0.003898225379303517,0.0011017146403910312,0.0030573902490256028,0.006632061465772277,0.005530346825381246,0.003898285359608969,0.002685391716775611,0.002490985525451881,0.0011017746206964832
DS08a,pca,-1,0.005,quantile_regression_W,13,per_engine,,0.005672695661430104,0.007082624454471485,0.007066332345566446,0.0034871701670888375,0.0035954542873826473,0.0020826244544714847,0.0019057551507685691,0.001887262210983031,0.0006726956614301043
DS08a,pca,-1,0.005,quantile_regression_W,14,per_engine,,0.045452047517425195,0.02543186180422265,0.09994246627884677,0.006672935963002564,0.09326953031584422,0.09494246627884677,0.05607831308278663,0.03901575468202399,0.0404520475174252
DS08a,pca,-1,0.005,quantile_regression_W,15,per_engine,,0.0032761421863562513,8.245722531436817e-05,0.003771611056051096,0.004432089885893125,0.004349632660578757,0.004917542774685632,0.002944695130579941,0.0022379472775804704,0.0017238578136437488
DS08a,pca,-1,0.005,quantile_regression_W,all,row_pooled,,0.012424403722239014,0.007922638185343651,0.023920085696217234,0.005381969407054295,0.018538116289162937,0.018920085696217233,0.011055275623619071,0.00740823109620506,0.007424403722239014
DS08a,pca,-1,0.005,quantile_regression_W,equal_engine,equal_engine,,0.011289345391398113,0.00641563088118937,0.02055551348014315,0.0054190344261413,0.01513647905400185,0.015555513480143147,0.009021337673778091,0.005796726262491271,0.006289345391398113
DS08a,pca,-1,0.01,pooled,10,per_engine,,0.016927659766044136,0.018646545253427092,0.005736830880784816,0.02480759783854593,0.019070766957761116,0.014807597838545931,0.010201344837923784,0.009239104070396069,0.006927659766044135
DS08a,pca,-1,0.01,pooled,11,per_engine,,0.014459961482198672,0.005301588534586554,0.00625230509843868,0.025965273437978654,0.0206636849033921,0.015965273437978655,0.009849031142248528,0.00813712660165114,0.004459961482198672
DS08a,pca,-1,0.01,pooled,12,per_engine,,0.011422419127292529,0.0031499728450616804,0.004819473942166312,0.02333141884935901,0.02018144600429733,0.01333141884935901,0.009155826028570204,0.008453990687377006,0.0014224191272925284
DS08a,pca,-1,0.01,pooled,13,per_engine,,0.009553546876247416,0.006342924772542348,0.0072582870442575555,0.013698785737814783,0.007355860965272435,0.003698785737814783,0.0033947118230777933,0.003365857973671627,0.000446453123752584
DS08a,pca,-1,0.01,pooled,14,per_engine,,0.027252910304906532,0.0012476007677543186,0.05190820175158218,0.023355275870508972,0.05066060098382786,0.04190820175158218,0.025892503805473182,0.02133862561811228,0.017252910304906534
DS08a,pca,-1,0.01,pooled,15,per_engine,,0.0072842834443234365,0.01030715316429602,0.0031108908710494438,0.008805862799603445,0.0071962622932465765,0.006889109128950556,0.004040632430296767,0.0027967998312143773,0.0027157165556765638
DS08a,pca,-1,0.01,pooled,all,row_pooled,,0.01488431975163675,0.005739038578107996,0.015012325284255902,0.020481567916118257,0.014742529338010261,0.010481567916118257,0.007144752456039387,0.006584951540755388,0.004884319751636749
DS08a,pca,-1,0.01,pooled,equal_engine,equal_engine,,0.014483463500168789,0.007499297556278002,0.013180998264713166,0.019994035755635135,0.012494738199357133,0.009994035755635134,0.006225030478026028,0.005225245488023433,0.004483463500168788
DS08a,pca,-1,0.01,phase_conditioned,10,per_engine,,0.017062720881198742,0.018330502113538497,0.01561100447856686,0.017651874897658425,0.0027194976349716373,0.008330502113538496,0.007289989167152029,0.00719779382992126,0.007062720881198742
DS08a,pca,-1,0.01,phase_conditioned,11,per_engine,,0.013649614295787246,0.005223909581698839,0.008553012873425947,0.02252202575696308,0.017298116175264243,0.01252202575696308,0.007782586127295263,0.006248367767279432,0.003649614295787246
DS08a,pca,-1,0.01,phase_conditioned,12,per_engine,,0.010349891509706374,0.0031499728450616804,0.007445095339230284,0.018075618504751895,0.014925645659690213,0.008075618504751894,0.00628930372625636,0.005826850106819977,0.0003498915097063741
DS08a,pca,-1,0.01,phase_conditioned,13,per_engine,,0.009189855676687394,0.00632443228049412,0.008925893489136564,0.011199836432409101,0.004875404151914981,0.0036755677195058805,0.0023168304730017894,0.001983170220926139,0.0008101443233126063
DS08a,pca,-1,0.01,phase_conditioned,14,per_engine,,0.030229618706551505,0.0012316058861164428,0.06386243048008694,0.019696754995040384,0.0626308245939705,0.05386243048008694,0.03200038129977218,0.02410919319633696,0.020229618706551503
DS08a,pca,-1,0.01,phase_conditioned,15,per_engine,,0.007016478905929192,0.01030715316429602,0.005395881510846823,0.006609256847384484,0.004911271653449198,0.004604118489153177,0.0033060242616325024,0.002767338268688238,0.002983521094070808
DS08a,pca,-1,0.01,phase_conditioned,all,row_pooled,,0.015010926520819236,0.0056894113143071854,0.02011279893654092,0.016455598199373984,0.014423387622233733,0.010112798936540919,0.007360358353139396,0.006959661940535905,0.005010926520819236
DS08a,pca,-1,0.01,phase_conditioned,equal_engine,equal_engine,,0.014583029995976743,0.0074279293118676,0.018298886361882236,0.01595922790570123,0.010870957050014635,0.008298886361882236,0.00608274772626848,0.005610061651905289,0.004583029995976743
DS08a,pca,-1,0.01,quantile_regression_W,10,per_engine,,0.013513614910747113,0.0049381740607592935,0.012241416080187674,0.018044866546585884,0.01310669248582659,0.008044866546585884,0.005638141113170505,0.005116036188671421,0.003513614910747113
DS08a,pca,-1,0.01,quantile_regression_W,11,per_engine,,0.010497679460329822,0.020235367227249775,0.0037935334305133563,0.009030866693624478,0.01644183379673642,0.010235367227249775,0.00693354620475315,0.005803655701037314,0.000497679460329822
DS08a,pca,-1,0.01,quantile_regression_W,12,per_engine,,0.008452342647823182,0.0035223834277290714,0.003629192242163979,0.01637425633134299,0.01285187290361392,0.006477616572270929,0.006407751860632787,0.006407560220483314,0.0015476573521768181
DS08a,pca,-1,0.01,quantile_regression_W,13,per_engine,,0.007344788127699964,0.011150972705081736,0.0052307655393327174,0.007008416915615026,0.005920207165749019,0.004769234460667283,0.0033176248963898776,0.0029705967500446642,0.0026552118723000362
DS08a,pca,-1,0.01,quantile_regression_W,14,per_engine,,0.05352579661296379,0.03758797184900832,0.10697436553090839,0.012508534401690134,0.09446583112921825,0.0969743655309084,0.05822776115024051,0.042356957260535615,0.04352579661296379
DS08a,pca,-1,0.01,quantile_regression_W,15,per_engine,,0.005597114852439699,0.00016491445062873634,0.007570752119810594,0.006764768773205295,0.007405837669181858,0.009835085549371264,0.006139947722841614,0.005166521552118459,0.004402885147560301
DS08a,pca,-1,0.01,quantile_regression_W,all,row_pooled,,0.01766788547971929,0.015423444628380415,0.02627415045881032,0.011693008748741884,0.014581141710068435,0.016274150458810317,0.009952018277991338,0.007796867945310873,0.00766788547971929
DS08a,pca,-1,0.01,quantile_regression_W,equal_engine,equal_engine,,0.016488556102000597,0.012933297286742822,0.023240004157152785,0.011621951610343968,0.011618052546808817,0.013240004157152785,0.007885274674567636,0.005931751018079859,0.006488556102000597
DS08a,pca,-1,0.02,pooled,10,per_engine,,0.04500536492762975,0.04207324299766918,0.017573043292812965,0.06728344522678893,0.04971040193397597,0.04728344522678893,0.030159809724242075,0.023927881643881713,0.02500536492762975
DS08a,pca,-1,0.02,pooled,11,per_engine,,0.023368518538007386,0.012331533770924767,0.00876376473067669,0.0405224913918808,0.031758726661204106,0.0205224913918808,0.014215379116340559,0.013142397630093115,0.003368518538007386
DS08a,pca,-1,0.02,pooled,12,per_engine,,0.020844161737164732,0.005912017999844829,0.008390319042173314,0.04283748198398336,0.036925463984138526,0.022837481983983356,0.01688003270285126,0.01617838164732174,0.0008441617371647316
DS08a,pca,-1,0.02,pooled,13,per_engine,,0.01586048450764195,0.007877801612545306,0.00914184252516406,0.027124958824130765,0.01924715721158546,0.012122198387454694,0.010256905247014546,0.0100351048954738,0.00413951549235805
DS08a,pca,-1,0.02,pooled,14,per_engine,,0.0381339244007657,0.0019033909149072297,0.06595921498433804,0.039277570948252544,0.06405582406943082,0.04595921498433804,0.030612423643678693,0.02777779833922778,0.018133924400765698
DS08a,pca,-1,0.02,pooled,15,per_engine,,0.015934370034457516,0.02119150690579262,0.005891421649598062,0.020547013199074704,0.015300085256194558,0.014108578350401938,0.008180686507784534,0.005282366151756421,0.004065629965542484
DS08a,pca,-1,0.02,pooled,all,row_pooled,,0.026016799470034765,0.011130686309610319,0.0211065653111005,0.03951422914846316,0.028383542838852846,0.019514229148463163,0.012392125878758577,0.009830036049984447,0.006016799470034764
DS08a,pca,-1,0.02,pooled,equal_engine,equal_engine,,0.026524470690944508,0.015214915700280655,0.019286601037460525,0.03959882692901852,0.024383911228737863,0.019598826929018518,0.011655041639119018,0.008365770063759112,0.0065244706909445074
DS08a,pca,-1,0.02,phase_conditioned,10,per_engine,,0.039445349020431744,0.0488286651127879,0.029132011089784603,0.04347470116260029,0.019696654023003295,0.028828665112787897,0.022102391676035203,0.020478459121724264,0.019445349020431744
DS08a,pca,-1,0.02,phase_conditioned,11,per_engine,,0.02211616379537155,0.014370606284227289,0.015103883102969845,0.03189599186364249,0.0175253855794152,0.011895991863642489,0.008107129716005409,0.007473834158815119,0.0021161637953715506
DS08a,pca,-1,0.02,phase_conditioned,12,per_engine,,0.020584280045211165,0.006936147102180153,0.01919620976964548,0.031404761646745195,0.024468614544565042,0.013063852897819847,0.010022955643411104,0.008424134924973186,0.0005842800452111642
DS08a,pca,-1,0.02,phase_conditioned,13,per_engine,,0.013598502656719861,0.00902433611953547,0.011613259270812089,0.018287765371377943,0.009263429251842474,0.010975663880464531,0.008036051374877375,0.0070248797460915,0.0064014973432801395
DS08a,pca,-1,0.02,phase_conditioned,14,per_engine,,0.03919180077119645,0.00209532949456174,0.07750431502908649,0.03046620376930707,0.07540898553452474,0.057504315029086484,0.035293365260406426,0.02862506310127727,0.019191800771196452
DS08a,pca,-1,0.02,phase_conditioned,15,per_engine,,0.015086322329542412,0.024448567305710163,0.01200308336086334,0.012849172870944541,0.012445483944846823,0.00799691663913666,0.006705091484247119,0.006532103691300761,0.004913677670457589
DS08a,pca,-1,0.02,phase_conditioned,all,row_pooled,,0.0247542981660742,0.012885364565424686,0.029263193216576538,0.028296815723402608,0.01637782865115185,0.009263193216576537,0.00827167732048434,0.00822488145818482,0.0047542981660742
DS08a,pca,-1,0.02,phase_conditioned,equal_engine,equal_engine,,0.025003736436412197,0.017617275236500456,0.02742546027052697,0.02806309944743625,0.010445824210935793,0.008063099447436248,0.006476326382217395,0.005957094827154254,0.005003736436412196
DS08a,pca,-1,0.02,quantile_regression_W,10,per_engine,,0.024175939612674734,0.013550349622723501,0.015568351460865857,0.03518912723104634,0.02163877760832284,0.015189127231046342,0.009864871764742243,0.008690142049152328,0.004175939612674734
DS08a,pca,-1,0.02,quantile_regression_W,11,per_engine,,0.02654150135233264,0.04534508874820367,0.010976659231809481,0.02553639917165999,0.03436842951639419,0.02534508874820367,0.015858183145841632,0.013301609562684726,0.00654150135233264
DS08a,pca,-1,0.02,quantile_regression_W,12,per_engine,,0.021066917473124933,0.02782217394677632,0.006709921348052372,0.02968172606985338,0.022971804721801006,0.013290078651947628,0.010512665623273335,0.010264659556192442,0.0010669174731249322
DS08a,pca,-1,0.02,quantile_regression_W,13,per_engine,,0.012684839399288585,0.017364450033286485,0.007354264393603109,0.01485738950668469,0.010010185639683375,0.012645735606396891,0.008027187040300284,0.006807965355475239,0.007315160600711416
DS08a,pca,-1,0.02,quantile_regression_W,14,per_engine,,0.040112290600012826,0.03160588611644274,0.06199578086044876,0.02491401187731073,0.03708176898313803,0.041995780860448764,0.025314618407532987,0.01950522628473408,0.020112290600012826
DS08a,pca,-1,0.02,quantile_regression_W,15,per_engine,,0.01220296013283105,0.002844774273345702,0.020124435634841977,0.011021907742550007,0.017279661361496276,0.0171552257266543,0.011179197862443195,0.008752584539648757,0.00779703986716895
DS08a,pca,-1,0.02,quantile_regression_W,all,row_pooled,,0.023501604428740448,0.02642651797393151,0.02096717989752591,0.02384834039352748,0.005459338076405598,0.006426517973931508,0.004360630459306628,0.0037473460883282995,0.003501604428740448
DS08a,pca,-1,0.02,quantile_regression_W,equal_engine,equal_engine,,0.022797408095044127,0.02308878712346307,0.020454902154936925,0.023533426933184193,0.003078524778247268,0.0035334269331841923,0.0027222936258964278,0.0023590387371947284,0.0027974080950441266
DS08a,isolation_forest,0,0.005,pooled,10,per_engine,,0.0034740720175879584,0.005372733378106112,0.0008530603540200469,0.004699525135090879,0.004519673024086065,0.004146939645979953,0.002410139950500585,0.0016067159629983953,0.0015259279824120417
DS08a,isolation_forest,0,0.005,pooled,11,per_engine,,0.00942949453278749,0.0007379500524332932,0.007868069337361035,0.01600313690891936,0.015265186856486068,0.01100313690891936,0.007010941765456987,0.006044418731282367,0.0044294945327874894
DS08a,isolation_forest,0,0.005,pooled,12,per_engine,,0.006525918042389591,0.0005741329816122275,0.004165985950008169,0.012874001668852069,0.012299868687239842,0.00787400166885207,0.005237167828165704,0.004377960912410558,0.0015259180423895912
DS08a,isolation_forest,0,0.005,pooled,13,per_engine,,0.006679499348016996,0.0015163843479547303,0.004103031684522453,0.012290287038404308,0.010773902690449578,0.007290287038404308,0.004693556408257008,0.003890290335309042,0.0016794993480169955
DS08a,isolation_forest,0,0.005,pooled,14,per_engine,,0.01665582839505042,0.0006238003838771593,0.033356772997506876,0.012740412485346594,0.032732972613629716,0.028356772997506875,0.017157813413093543,0.013491128366325435,0.01165582839505042
DS08a,isolation_forest,0,0.005,pooled,15,per_engine,,0.004070628983592508,0.0057307771593485875,0.0002753000770840216,0.0059677701533736366,0.005692470076289615,0.004724699922915979,0.0028162270083682693,0.0021410824118794007,0.0009293710164074917
DS08a,isolation_forest,0,0.005,pooled,all,row_pooled,,0.008413108971872791,0.001669602946441548,0.009824090445646142,0.01141207569707896,0.009742472750637412,0.006412075697078959,0.005015911612299266,0.004855521065427851,0.003413108971872791
DS08a,isolation_forest,0,0.005,pooled,equal_engine,equal_engine,,0.007805906886570828,0.0024259630505553517,0.0084370367334171,0.010762522231664476,0.008336559181109125,0.005762522231664476,0.004149118388059168,0.003924531971508741,0.0028059068865708275
DS08a,isolation_forest,0,0.005,phase_conditioned,10,per_engine,,0.0030388750909786677,0.006597400545174417,0.0019407123053956068,0.0024070738496806943,0.00465668823977881,0.003059287694604393,0.0024922677572237354,0.002416538130032705,0.0019611249090213325
DS08a,isolation_forest,0,0.005,phase_conditioned,11,per_engine,,0.007393102577325012,0.0008544684817648658,0.010414654279140834,0.009410726758078154,0.009560185797375968,0.005414654279140834,0.0046889381550526505,0.0046569708518180404,0.002393102577325012
DS08a,isolation_forest,0,0.005,phase_conditioned,12,per_engine,,0.006385664430859095,0.0007603382729459229,0.006301491352953532,0.010392396970058193,0.009632058697112271,0.005392396970058193,0.00403098649565061,0.0036445166833552673,0.001385664430859095
DS08a,isolation_forest,0,0.005,phase_conditioned,13,per_engine,,0.00700327322079604,0.0026259338708484355,0.006766403128861589,0.00991628519826891,0.007290351327420475,0.00491628519826891,0.0033129156418455472,0.0030189181520940216,0.00200327322079604
DS08a,isolation_forest,0,0.005,phase_conditioned,14,per_engine,,0.029231276504153653,0.0007517594369801663,0.07058748321933132,0.010498924343334149,0.06983572378235116,0.06558748321933132,0.03807888160061544,0.02511154937522844,0.024231276504153652
DS08a,isolation_forest,0,0.005,phase_conditioned,15,per_engine,,0.003070825373587331,0.006349206349206349,0.0007708402158352604,0.0031491164978714307,0.005578366133371089,0.00422915978416474,0.0027768039176474567,0.002476416545166553,0.0019291746264126692
DS08a,isolation_forest,0,0.005,phase_conditioned,all,row_pooled,,0.010399587012285315,0.0021375171479920455,0.01893834776660687,0.008237753420415207,0.016800830618614825,0.013938347766606868,0.008425247647247025,0.006679528013010009,0.005399587012285315
DS08a,isolation_forest,0,0.005,phase_conditioned,equal_engine,equal_engine,,0.009353836199616635,0.002989851159486693,0.01613026408358636,0.007629087269548589,0.013140412924099665,0.011130264083586357,0.006704117560680946,0.005256500064549419,0.004353836199616635
DS08a,isolation_forest,0,0.005,quantile_regression_W,10,per_engine,,0.0043369624755201725,0.0007506024572354127,0.006142034548944338,0.004437530702472573,0.005391432091708925,0.004249397542764587,0.002561119162794344,0.0019846337964121176,0.0006630375244798276
DS08a,isolation_forest,0,0.005,quantile_regression_W,11,per_engine,,0.0029677650203639196,0.0018060356546393754,0.0022480198106745817,0.004202967809922925,0.0023969321552835495,0.0031939643453606247,0.002477233908609463,0.002247658908254373,0.0020322349796360805
DS08a,isolation_forest,0,0.005,quantile_regression_W,12,per_engine,,0.006187659332227805,0.0022189463883932033,0.010105725021588442,0.005320820555055863,0.00788677863319524,0.005105725021588442,0.00336182554649761,0.0027358663960837006,0.001187659332227805
DS08a,isolation_forest,0,0.005,quantile_regression_W,13,per_engine,,0.0090567979207508,0.020175308824617204,0.00518277686465994,0.005895248588661585,0.014992531959957263,0.015175308824617203,0.008777335877897124,0.005417778092646243,0.0040567979207508
DS08a,isolation_forest,0,0.005,quantile_regression_W,14,per_engine,,0.05132761194713366,0.07667946257197697,0.074397494086812,0.007664858876421863,0.06901460369555511,0.07167946257197697,0.057622504321858475,0.04791393851173694,0.04632761194713366
DS08a,isolation_forest,0,0.005,quantile_regression_W,15,per_engine,,0.005409651675563729,0.00016491445062873634,0.0014040303931285101,0.010710883890908384,0.010545969440279648,0.005710883890908384,0.004793163343023728,0.004713979682383713,0.0004096516755637287
DS08a,isolation_forest,0,0.005,quantile_regression_W,all,row_pooled,,0.014709566746286276,0.02177927919944134,0.019575906973142494,0.0061274374260338665,0.015651841773407473,0.01677927919944134,0.012848766344052005,0.010827541199539234,0.009709566746286275
DS08a,isolation_forest,0,0.005,quantile_regression_W,equal_engine,equal_engine,,0.013214408061926681,0.016965878391248485,0.016580013454301303,0.006372051737240533,0.010593826654007953,0.011965878391248484,0.009646441196033754,0.00830598119426344,0.008214408061926682
DS08a,isolation_forest,0,0.01,pooled,10,per_engine,,0.009446774665536155,0.009560304981629993,0.0022819364470036256,0.014900933355166202,0.012618996908162577,0.007718063552996375,0.005284599778887426,0.004352897308844195,0.0005532253344638447
DS08a,isolation_forest,0,0.01,pooled,11,per_engine,,0.01645951947464245,0.0011457645550937974,0.010572718172078891,0.03022950900023282,0.02908374444513902,0.02022950900023282,0.012753542328950068,0.009885487539072637,0.006459519474642449
DS08a,isolation_forest,0,0.01,pooled,12,per_engine,,0.010712900857197073,0.0013344712545581504,0.006814946203934931,0.02088232425578951,0.01954785300123136,0.010882324255789508,0.008239355503315619,0.007577635599098809,0.0007129008571970727
DS08a,isolation_forest,0,0.01,pooled,13,per_engine,,0.012831202930818837,0.004937495376876988,0.007246289875589361,0.022967615888774037,0.01803012051189705,0.012967615888774037,0.008192902097694247,0.006927943545435897,0.0028312029308188366
DS08a,isolation_forest,0,0.01,pooled,14,per_engine,,0.03498319304640917,0.0009916826615483044,0.07575273285175478,0.02128125523335953,0.07476105019020647,0.06575273285175479,0.03886660253733139,0.028680768474522004,0.02498319304640917
DS08a,isolation_forest,0,0.01,pooled,15,per_engine,,0.015130956419274786,0.007586064728921872,0.0009084902543772713,0.028730828295394903,0.027822338041017632,0.0187308282953949,0.012101329976208873,0.010078757770698587,0.005130956419274786
DS08a,isolation_forest,0,0.01,pooled,all,row_pooled,,0.017128469315244615,0.003190324101480665,0.02027541525237794,0.023129417229823146,0.01993909312834248,0.013129417229823146,0.010397715153603911,0.010071502793573474,0.007128469315244615
DS08a,isolation_forest,0,0.01,pooled,equal_engine,equal_engine,,0.016594091232313077,0.004259297259771517,0.01726285230078981,0.02316541100478617,0.01890611374501465,0.013165411004786168,0.009292160466753671,0.00872298868193482,0.006594091232313077
DS08a,isolation_forest,0,0.01,phase_conditioned,10,per_engine,,0.010504753400913914,0.015367597677082921,0.010940499040307103,0.008154576715244801,0.00721302096183812,0.005367597677082921,0.0033217079124932716,0.0027178400007150743,0.0005047534009139133
DS08a,isolation_forest,0,0.01,phase_conditioned,11,per_engine,,0.015328190610496627,0.007476599215442576,0.013365180280651224,0.021652023673859502,0.014175424458416927,0.011652023673859502,0.007152194197982676,0.005846868246356049,0.005328190610496627
DS08a,isolation_forest,0,0.01,phase_conditioned,12,per_engine,,0.013468471813149188,0.00494995732795407,0.01718906807944547,0.01596246166516759,0.0122391107514914,0.007189068079445469,0.006130159866022517,0.006067190805552996,0.0034684718131491876
DS08a,isolation_forest,0,0.01,phase_conditioned,13,per_engine,,0.013625114207907178,0.01146534506990162,0.012824973306299713,0.015709304042618444,0.0042439589727168246,0.005709304042618444,0.0037737630647339364,0.003333207472939925,0.003625114207907178
DS08a,isolation_forest,0,0.01,phase_conditioned,14,per_engine,,0.042901237394784804,0.003055022392834293,0.10224381512497603,0.015200896595256804,0.09918879273214173,0.09224381512497604,0.05349206629077296,0.03479656310913285,0.0329012373947848
DS08a,isolation_forest,0,0.01,phase_conditioned,15,per_engine,,0.010872864258806306,0.012863327149041434,0.00803876225085343,0.011935540306747273,0.004824564898188005,0.0028633271490414343,0.002294298160669807,0.0022533684016450926,0.0008728642588063055
DS08a,isolation_forest,0,0.01,phase_conditioned,all,row_pooled,,0.018933953171544147,0.007855286898756838,0.031245563542970718,0.015296472852355303,0.023390276644213878,0.02124556354297072,0.012702052186173006,0.009562249832189729,0.008933953171544147
DS08a,isolation_forest,0,0.01,phase_conditioned,equal_engine,equal_engine,,0.017783438614343002,0.009196308138709485,0.027433716347088827,0.014769133833149069,0.01823740820837934,0.017433716347088825,0.010445493825842539,0.007668847347176135,0.007783438614343002
DS08a,isolation_forest,0,0.01,quantile_regression_W,10,per_engine,,0.008006122770553676,0.0013826887370126022,0.009895500106632545,0.009300802357949894,0.008512811369619943,0.008617311262987398,0.004991921840119018,0.0031403362661349865,0.0019938772294463246
DS08a,isolation_forest,0,0.01,quantile_regression_W,11,per_engine,,0.007419412550909799,0.0028935409950673866,0.005584924217144664,0.011555098089671482,0.008661557094604096,0.007106459004932614,0.004913009390914541,0.004358877625819811,0.0025805874490902013
DS08a,isolation_forest,0,0.01,quantile_regression_W,12,per_engine,,0.012523822488429077,0.0036310031810070603,0.018764440917683853,0.012939021879300816,0.015133437736676792,0.008764440917683853,0.006481188026046924,0.006024153205325869,0.002523822488429077
DS08a,isolation_forest,0,0.01,quantile_regression_W,13,per_engine,,0.031774192117658535,0.046286707596715736,0.03866687461759025,0.016334041368969866,0.02995266622774587,0.036286707596715734,0.02694831428626541,0.02376254119442528,0.021774192117658533
DS08a,isolation_forest,0,0.01,quantile_regression_W,14,per_engine,,0.08240444766030719,0.11385156749840052,0.12516780668669691,0.013989977713939738,0.11117782897275717,0.11516780668669692,0.08956318382582762,0.07433645063301239,0.0724044476603072
DS08a,isolation_forest,0,0.01,quantile_regression_W,15,per_engine,,0.011390619699701844,0.0012368583797155227,0.0038266710714679,0.021518962735454776,0.020282104355739253,0.011518962735454776,0.009084586646582755,0.008818477761423785,0.0013906196997018443
DS08a,isolation_forest,0,0.01,quantile_regression_W,all,row_pooled,,0.02848384827516109,0.03569263708645424,0.04011718699585715,0.01401568358532512,0.026101503410532034,0.03011718699585715,0.02297304411447701,0.01994183588921217,0.018483848275161092
DS08a,isolation_forest,0,0.01,quantile_regression_W,equal_engine,equal_engine,,0.02558643621459335,0.028213727731319804,0.03365103626953602,0.01427298402421443,0.01937805224532159,0.02365103626953602,0.01741043544319276,0.015379249341690084,0.01558643621459335
DS08a,isolation_forest,0,0.02,pooled,10,per_engine,,0.023410593293465294,0.014103425117528543,0.006611217743655364,0.04016702145079417,0.03355580370713881,0.02016702145079417,0.014384457351011362,0.01315079286320342,0.0034105932934652937
DS08a,isolation_forest,0,0.02,pooled,11,per_engine,,0.03040906746929626,0.0064279333514584225,0.012346546303939304,0.05814309696234484,0.05171516361088642,0.038143096962344844,0.023788457932850827,0.019789539102315706,0.010409067469296259
DS08a,isolation_forest,0,0.02,pooled,12,per_engine,,0.01916936861124174,0.004577546745286679,0.013093098700025672,0.035002546624909245,0.030424999879622567,0.015422453254713323,0.013046503429322617,0.012443967059865632,0.00083063138875826
DS08a,isolation_forest,0,0.02,pooled,13,per_engine,,0.024185464770741485,0.01065167541977957,0.011085383849411538,0.044901575473948456,0.034249900054168884,0.024901575473948456,0.01619619311910711,0.01438817206825245,0.004185464770741484
DS08a,isolation_forest,0,0.02,pooled,14,per_engine,,0.04902867715078631,0.002511196417146513,0.09590232052675318,0.03926468883249385,0.09339112410960666,0.07590232052675318,0.04632547444591877,0.03755193764736684,0.029028677150786306
DS08a,isolation_forest,0,0.02,pooled,15,per_engine,,0.032038349609898056,0.0119150690579262,0.003936791102301509,0.061368893727037695,0.057432102624736185,0.0413688937270377,0.026043413477167574,0.021839011188936663,0.012038349609898056
DS08a,isolation_forest,0,0.02,pooled,all,row_pooled,,0.029684829388462557,0.007107333137187481,0.027626705212756345,0.04553769922466902,0.038430366087481536,0.02553769922466902,0.017093483874734347,0.015352357100079294,0.009684829388462556
DS08a,isolation_forest,0,0.02,pooled,equal_engine,equal_engine,,0.02970692015090486,0.008364474351520988,0.023829226371014426,0.046474637178588046,0.03811016282706706,0.026474637178588046,0.016841959955764863,0.013979796399360494,0.009706920150904859
DS08a,isolation_forest,0,0.02,phase_conditioned,10,per_engine,,0.023665708733201774,0.027851301702682418,0.02710599274898699,0.019289340101522844,0.008561961601159573,0.007851301702682417,0.006127618049087346,0.005222651450048854,0.0036657087332017738
DS08a,isolation_forest,0,0.02,phase_conditioned,11,per_engine,,0.033066374801359696,0.033634986600380626,0.02671279790653155,0.03714051146319646,0.01042771355666491,0.01714051146319646,0.013225879284524752,0.012496098656702878,0.013066374801359696
DS08a,isolation_forest,0,0.02,phase_conditioned,12,per_engine,,0.03175094258677161,0.012584374272635581,0.053842742782458514,0.024620986356592506,0.04125836850982293,0.03384274278245851,0.020179827046465742,0.015293118288805146,0.011750942586771607
DS08a,isolation_forest,0,0.02,phase_conditioned,13,per_engine,,0.02655832808494407,0.02551963902655522,0.026645711612059555,0.027113599963651647,0.0015939609370964267,0.007113599963651646,0.006461042285808056,0.00642631686742214,0.006558328084944071
DS08a,isolation_forest,0,0.02,phase_conditioned,14,per_engine,,0.05557285608301811,0.014395393474088292,0.11890302371667838,0.02492689399306942,0.10450763024259009,0.09890302371667838,0.057263991009566334,0.03647817474521983,0.035572856083018106
DS08a,isolation_forest,0,0.02,phase_conditioned,15,per_engine,,0.03104747281783935,0.03088023088023088,0.02386851668318467,0.036195400734793846,0.012326884051609175,0.016195400734793846,0.011483841550859897,0.010314716099403131,0.011047472817839351
DS08a,isolation_forest,0,0.02,phase_conditioned,all,row_pooled,,0.03453690007783641,0.02225073820554904,0.051092497709174914,0.028015882671739684,0.028841759503625875,0.031092497709174913,0.018583716988016346,0.013786372862154542,0.014536900077836413
DS08a,isolation_forest,0,0.02,phase_conditioned,equal_engine,equal_engine,,0.033610280517855765,0.02414432099276217,0.04617979757498328,0.02821445543547112,0.022035476582221106,0.026179797574983277,0.01602117843834103,0.012846191334405524,0.013610280517855764
DS08a,isolation_forest,0,0.02,quantile_regression_W,10,per_engine,,0.016199830423266528,0.0030419152214277248,0.01509916826615483,0.0224987719010971,0.019456856679669374,0.016958084778572274,0.010293017893284441,0.008119229471171515,0.0038001695767334726
DS08a,isolation_forest,0,0.02,quantile_regression_W,11,per_engine,,0.01907473084897023,0.0047578358643725486,0.020197052986529445,0.02732541753973214,0.02256758167535959,0.015242164135627453,0.009764291057185926,0.007588211553963012,0.0009252691510297714
DS08a,isolation_forest,0,0.02,quantile_regression_W,12,per_engine,,0.022089943816053264,0.007060283963069284,0.03451816930006768,0.021044874781911378,0.027457885336998396,0.01451816930006768,0.01124433567404353,0.00950092003963659,0.0020899438160532635
DS08a,isolation_forest,0,0.02,quantile_regression_W,13,per_engine,,0.05490850061650093,0.06757156594422664,0.06963156695019976,0.0331905903199791,0.03644097663022066,0.049631566950199754,0.040415912696641285,0.03679790773813516,0.03490850061650093
DS08a,isolation_forest,0,0.02,quantile_regression_W,14,per_engine,,0.09764061512534232,0.12348048624440179,0.14681327111167936,0.027284321176910094,0.11952894993476926,0.12681327111167937,0.09459189200354419,0.0791926928443304,0.07764061512534232
DS08a,isolation_forest,0,0.02,quantile_regression_W,15,per_engine,,0.022459873953330597,0.004164089878375593,0.009139962559189517,0.040491417685593764,0.036327327807218174,0.020491417685593764,0.01621331409018975,0.01572912174934288,0.0024598739533305963
DS08a,isolation_forest,0,0.02,quantile_regression_W,all,row_pooled,,0.04222246592539295,0.043430945434823454,0.05790947691751739,0.028024730956831428,0.029884745960685962,0.03790947691751739,0.02614404936155955,0.02312171776972409,0.02222246592539295
DS08a,isolation_forest,0,0.02,quantile_regression_W,equal_engine,equal_engine,,0.038728915797243975,0.03501269618597893,0.049233198528970096,0.02863923223420393,0.020593966294766165,0.029233198528970095,0.019617995791306797,0.017628375649717653,0.018728915797243974
DS08a,isolation_forest,1,0.005,pooled,10,per_engine,,0.003233963368424212,0.005372733378106112,0.0005971422478140328,0.004372032094317996,0.004775591130292079,0.004402857752185968,0.002576718213005651,0.0018011863453246946,0.001766036631575788
DS08a,isolation_forest,1,0.005,pooled,11,per_engine,,0.010103029856558024,0.0006602710995455781,0.008096383849382672,0.017461309414402822,0.016801038314857245,0.012461309414402821,0.007825281085337907,0.006632474054746638,0.0051030298565580235
DS08a,isolation_forest,1,0.005,pooled,12,per_engine,,0.006620795485483751,0.0005120645511676623,0.0044693910892244495,0.012884838370593526,0.012372773819425864,0.007884838370593526,0.005247024126094851,0.004301127576733805,0.0016207954854837508
DS08a,isolation_forest,1,0.005,pooled,13,per_engine,,0.006608535211517479,0.0024040239662696944,0.00398305999784051,0.011676908572532004,0.00927288460626231,0.006676908572532004,0.004177493930641736,0.0034299415361406,0.0016085352115174792
DS08a,isolation_forest,1,0.005,pooled,14,per_engine,,0.0248761231349777,0.0006877799104286628,0.056677107971616694,0.01231530266530975,0.05598932806118803,0.0516771079716167,0.030235918945828433,0.02110154357549926,0.019876123134977698
DS08a,isolation_forest,1,0.005,pooled,15,per_engine,,0.0037224830836799913,0.0058956916099773245,0.00022024006166721728,0.005170771533541978,0.005675451548310107,0.004779759938332783,0.0028093612230625817,0.0019487410272840285,0.0012775169163200088
DS08a,isolation_forest,1,0.005,pooled,all,row_pooled,,0.010070587731804066,0.0018397535651871835,0.014570938141269698,0.01135013770143674,0.012731184576082515,0.009570938141269698,0.006877845187265328,0.006360440759173085,0.005070587731804066
DS08a,isolation_forest,1,0.005,pooled,equal_engine,equal_engine,,0.009194155023440193,0.0025887607525825057,0.012340554202924264,0.010646860441783014,0.009751793450341759,0.007340554202924264,0.005525240373755378,0.005132884630708257,0.004194155023440193
DS08a,isolation_forest,1,0.005,phase_conditioned,10,per_engine,,0.002873800394678592,0.006557895152688342,0.0016421411814885904,0.002292451285410185,0.004915753971199752,0.0033578588185114097,0.0026478339067812664,0.002541100895263189,0.002126199605321408
DS08a,isolation_forest,1,0.005,phase_conditioned,11,per_engine,,0.008708601256564339,0.0008156290053210083,0.010555155517307997,0.012400593071842566,0.011584964066521559,0.007400593071842566,0.005863374775036203,0.005713373194609852,0.003708601256564339
DS08a,isolation_forest,1,0.005,phase_conditioned,12,per_engine,,0.006975554620531479,0.0006206843044456513,0.007725161621583775,0.010717498022301932,0.010096813717856281,0.005717498022301932,0.0044457731033761445,0.0042739917798133515,0.0019755546205314787
DS08a,isolation_forest,1,0.005,phase_conditioned,13,per_engine,,0.007069802098764337,0.0033286485686811157,0.006634434273511451,0.00977997887251951,0.006451330303838394,0.00477997887251951,0.003072077962505372,0.0026952548591166153,0.002069802098764337
DS08a,isolation_forest,1,0.005,phase_conditioned,14,per_engine,,0.0332979181359394,0.0007677543186180423,0.08196637473630378,0.010460277996058073,0.08119862041768573,0.07696637473630377,0.04461520435662769,0.028886299471247934,0.0282979181359394
DS08a,isolation_forest,1,0.005,phase_conditioned,15,per_engine,,0.003044044919747907,0.006307977736549165,0.0007983702235436626,0.0030907995256886263,0.005509607513005502,0.004201629776456338,0.0027694491021876284,0.002472935995772292,0.0019559550802520933
DS08a,isolation_forest,1,0.005,phase_conditioned,all,row_pooled,,0.01153280675616517,0.0022296820664792646,0.021509234283649318,0.008788559167376373,0.019279552217170055,0.016509234283649317,0.009909299649822553,0.007689370461515475,0.00653280675616517
DS08a,isolation_forest,1,0.005,phase_conditioned,equal_engine,equal_engine,,0.01032828690437101,0.0030664315143838876,0.01822027292562321,0.008123599795636816,0.015153841411239322,0.013220272925623208,0.007921935348550381,0.006092480402292045,0.005328286904371009
DS08a,isolation_forest,1,0.005,quantile_regression_W,10,per_engine,,0.0043744794519520085,0.0007506024572354127,0.005161015141821284,0.0052726379564434255,0.004522035499208012,0.004249397542764587,0.002460192188132402,0.0015610168803430987,0.0006255205480479916
DS08a,isolation_forest,1,0.005,quantile_regression_W,11,per_engine,,0.002641521347912567,0.0010486658639841536,0.0024587716679253238,0.0037740935436042593,0.0027254276796201057,0.003951334136015847,0.002803196361894513,0.002572822974828755,0.0023584786520874333
DS08a,isolation_forest,1,0.005,quantile_regression_W,12,per_engine,,0.00710343291339752,0.0020637753122817906,0.012439610707867529,0.005667595010782518,0.010375835395585738,0.007439610707867529,0.0046337495976010905,0.0036811434687894183,0.0021034329133975196
DS08a,isolation_forest,1,0.005,quantile_regression_W,13,per_engine,,0.010054731090275252,0.022875212663658554,0.006346502225474788,0.005690789100037484,0.01718442356362107,0.017875212663658553,0.010357179242679258,0.006637501329723609,0.0050547310902752515
DS08a,isolation_forest,1,0.005,quantile_regression_W,14,per_engine,,0.05170771471226679,0.06682661548304543,0.08310426388800102,0.007896736960078324,0.0752075269279227,0.07810426388800101,0.057536068411014246,0.04760920544370826,0.04670771471226679
DS08a,isolation_forest,1,0.005,quantile_regression_W,15,per_engine,,0.0026155576583171162,0.00016491445062873634,0.001073670300627684,0.004859747681900356,0.00469483323127162,0.004835085549371264,0.003596933318381287,0.0029672225222810746,0.002384442341682884
DS08a,isolation_forest,1,0.005,quantile_regression_W,all,row_pooled,,0.01485222226085809,0.019939525634254156,0.02198159596298543,0.005567783393980954,0.016413812569004475,0.01698159596298543,0.013062496004581215,0.010829634997073513,0.00985222226085809
DS08a,isolation_forest,1,0.005,quantile_regression_W,equal_engine,equal_engine,,0.013082906195686875,0.015621631038472346,0.018430638988619606,0.005526933375474395,0.01290370561314521,0.013430638988619605,0.009890715652271358,0.008193067800855448,0.008082906195686874
DS08a,isolation_forest,1,0.01,pooled,10,per_engine,,0.010407209262191141,0.011219531466045115,0.0019407123053956068,0.01657114786310791,0.014630435557712302,0.008059287694604393,0.006044814840834073,0.005283322341252473,0.0004072092621911407
DS08a,isolation_forest,1,0.01,pooled,11,per_engine,,0.01823281169425706,0.00126228298442537,0.010818595338871424,0.034113884498033306,0.032851601513607935,0.024113884498033304,0.014815501145282208,0.011223398950826453,0.00823281169425706
DS08a,isolation_forest,1,0.01,pooled,12,per_engine,,0.011946307617421149,0.0015361936535029871,0.008938782178448899,0.022009341236901136,0.02047314758339815,0.012009341236901136,0.008504635561075204,0.007178121801649749,0.0019463076174211485
DS08a,isolation_forest,1,0.01,pooled,13,per_engine,,0.013483185934908146,0.0076373992159183375,0.007174306863580195,0.023047127912127856,0.01587282104854766,0.013047127912127856,0.007827174264947707,0.006078473944209775,0.0034831859349081454
DS08a,isolation_forest,1,0.01,pooled,14,per_engine,,0.03863767505335177,0.0011036468330134358,0.08499648405037397,0.022157239104950596,0.08389283721736053,0.07499648405037397,0.044164149043633,0.03201669210743704,0.02863767505335177
DS08a,isolation_forest,1,0.01,pooled,15,per_engine,,0.014738176429629895,0.008493094207379922,0.0009910802775024777,0.027389537935190406,0.02639845765768793,0.017389537935190408,0.01134059712175191,0.009301787816769337,0.004738176429629894
DS08a,isolation_forest,1,0.01,pooled,all,row_pooled,,0.018612978263757563,0.004026897976980039,0.022598505478621116,0.02429960293320651,0.02027270495622647,0.014299602933206508,0.011530812809159343,0.010957070144949196,0.008612978263757563
DS08a,isolation_forest,1,0.01,pooled,equal_engine,equal_engine,,0.017907560998626525,0.005208691393380861,0.019143326835695428,0.024214713091718538,0.019006021698337677,0.014214713091718538,0.01014256923512784,0.009383116178011035,0.007907560998626524
DS08a,isolation_forest,1,0.01,phase_conditioned,10,per_engine,,0.01048974661034118,0.017026824161498044,0.008402644487097462,0.009382675618143115,0.008624179674400581,0.007026824161498043,0.004175679259060646,0.003080501352085822,0.0004897466103411796
DS08a,isolation_forest,1,0.01,phase_conditioned,11,per_engine,,0.01657528335841551,0.007651376859439935,0.014629691424155676,0.023563577546594126,0.015912200687154193,0.013563577546594126,0.008384921172393279,0.006847297370436622,0.0065752833584155086
DS08a,isolation_forest,1,0.01,phase_conditioned,12,per_engine,,0.015238142382166342,0.0029637675537279853,0.02231194716082806,0.01724119247065963,0.019348179607100075,0.012311947160828061,0.009192886349892706,0.008863124025919903,0.005238142382166341
DS08a,isolation_forest,1,0.01,phase_conditioned,13,per_engine,,0.0139888054074672,0.011502330053998077,0.013448826077045816,0.016027352136033714,0.004525022082035637,0.0060273521360337135,0.004102047077277688,0.0036595027556925353,0.0039888054074672
DS08a,isolation_forest,1,0.01,phase_conditioned,14,per_engine,,0.04416061402624999,0.004110684580934101,0.10390590040273605,0.016218583740193488,0.09979521582180195,0.09390590040273605,0.05444162914010941,0.03533793318733181,0.03416061402624999
DS08a,isolation_forest,1,0.01,phase_conditioned,15,per_engine,,0.010256913820499544,0.013151927437641724,0.006386961788349301,0.01162451645510565,0.006764965649292423,0.0036130382116506994,0.0029227695429686683,0.002796494034799358,0.0002569138204995443
DS08a,isolation_forest,1,0.01,phase_conditioned,all,row_pooled,,0.019782753483246446,0.007848197289642436,0.03257230618329182,0.016269784212447326,0.024724108893649385,0.02257230618329182,0.013582457502322986,0.010331297702032236,0.009782753483246446
DS08a,isolation_forest,1,0.01,phase_conditioned,equal_engine,equal_engine,,0.018451584267523295,0.009401151774539977,0.028180995223368727,0.015676316327788285,0.01877984344882875,0.018180995223368725,0.011001935792735278,0.008152053258872345,0.008451584267523295
DS08a,isolation_forest,1,0.01,quantile_regression_W,10,per_engine,,0.007908578631830903,0.001580215699442974,0.008893154190658989,0.009775667267070574,0.0081954515676276,0.008419784300557027,0.004904698444302358,0.003250320947609155,0.002091421368169097
DS08a,isolation_forest,1,0.01,quantile_regression_W,11,per_engine,,0.007629892339588091,0.003029479162620888,0.006779184741565535,0.011126223823352816,0.008096744660731927,0.006970520837379112,0.004480706483490749,0.0037725199730554645,0.002370107660411909
DS08a,isolation_forest,1,0.01,quantile_regression_W,12,per_engine,,0.01184317996188402,0.003615486073395919,0.017305762363759424,0.012516390511383955,0.013690276290363505,0.007305762363759424,0.00578700852486292,0.005402222267249154,0.001843179961884019
DS08a,isolation_forest,1,0.01,quantile_regression_W,13,per_engine,,0.02578215784198061,0.0421628818699608,0.025362014564562763,0.016118223019866647,0.02604465885009415,0.032162881869960795,0.020879616172906672,0.01788103981813007,0.01578215784198061
DS08a,isolation_forest,1,0.01,quantile_regression_W,14,per_engine,,0.07536109762687647,0.09213051823416507,0.12193313303074858,0.014930372164324269,0.10700276086642431,0.11193313303074859,0.08020547958248764,0.0663313411430793,0.06536109762687647
DS08a,isolation_forest,1,0.01,quantile_regression_W,15,per_engine,,0.010149792005141847,0.0010307153164296021,0.0032485409095914545,0.019322356783235815,0.018291641466806213,0.009322356783235815,0.00842489571801601,0.008347700185738252,0.0001497920051418463
DS08a,isolation_forest,1,0.01,quantile_regression_W,all,row_pooled,,0.0256610522805713,0.030109569908863074,0.03627892569983093,0.013785628172939731,0.0224932975268912,0.02627892569983093,0.019229384792728385,0.016724707927211247,0.015661052280571297
DS08a,isolation_forest,1,0.01,quantile_regression_W,equal_engine,equal_engine,,0.02311244973455032,0.02392488272600254,0.03058696496681446,0.013964872261539016,0.016622092705275444,0.02058696496681446,0.014530951993682215,0.012825573318118672,0.01311244973455032
DS08a,isolation_forest,1,0.02,pooled,10,per_engine,,0.023973347939942824,0.017382372693872713,0.005864789933887823,0.04060913705583756,0.03474434712194974,0.02060913705583756,0.014507385090741417,0.012453991476025675,0.0039733479399428236
DS08a,isolation_forest,1,0.02,pooled,11,per_engine,,0.03158249229117774,0.008078611100322368,0.012803175327982579,0.05951549461456457,0.0514368835142422,0.039515494614564564,0.02418944751533057,0.01954456939541987,0.011582492291177738
DS08a,isolation_forest,1,0.02,pooled,12,per_engine,,0.019808760075571946,0.003196524167895104,0.016173827805914066,0.03478581259008008,0.031589288422184975,0.016803475832104897,0.01311000441962677,0.01180515353875697,0.00019123992442805424
DS08a,isolation_forest,1,0.02,pooled,13,per_engine,,0.025431772418014247,0.011631777498335676,0.011097381018079734,0.04748003680270795,0.036382655784628216,0.02748003680270795,0.017363142911089875,0.01491695942876418,0.005431772418014246
DS08a,isolation_forest,1,0.02,pooled,14,per_engine,,0.05160238503036243,0.004430582213691619,0.10085022054593108,0.03997320519922192,0.09641963833223946,0.08085022054593108,0.04891521187545015,0.038797614510487126,0.03160238503036243
DS08a,isolation_forest,1,0.02,pooled,15,per_engine,,0.03338629911981575,0.013564213564213565,0.0030558308556326397,0.0641486694010847,0.06109283854545206,0.044148669401084695,0.027553760934618074,0.02250954166041283,0.013386299119815748
DS08a,isolation_forest,1,0.02,pooled,all,row_pooled,,0.03097497019837141,0.008142416067890098,0.029203825355239212,0.046741065997146426,0.03859864992925633,0.026741065997146426,0.017704964544260043,0.015934158428165177,0.01097497019837141
DS08a,isolation_forest,1,0.02,pooled,equal_engine,equal_engine,,0.03096417614581416,0.00971401353972184,0.024974204247904655,0.047752059277249466,0.03803804573752763,0.027752059277249466,0.017327444699944138,0.01433741666181076,0.010964176145814158
DS08a,isolation_forest,1,0.02,phase_conditioned,10,per_engine,,0.02339558650289256,0.02714020463793308,0.023693751332906802,0.021614540691010316,0.0055256639469227625,0.007140204637933079,0.004734027982730981,0.004149498887283398,0.00339558650289256
DS08a,isolation_forest,1,0.02,phase_conditioned,11,per_engine,,0.03545005840814136,0.03045014953198431,0.03152496531375683,0.041343479273119384,0.010893329741135074,0.021343479273119383,0.015248765613498104,0.014439531372953507,0.01545005840814136
DS08a,isolation_forest,1,0.02,phase_conditioned,12,per_engine,,0.03480352119067066,0.011886104430134223,0.06216304525404346,0.025401228881977482,0.05027694082390924,0.04216304525404346,0.024984868486404008,0.01855938990196224,0.014803521190670656
DS08a,isolation_forest,1,0.02,phase_conditioned,13,per_engine,,0.02871386373111689,0.027276425771136918,0.028757213297661753,0.029555754966661744,0.0022793291955248256,0.009555754966661743,0.008581911397944125,0.008529798011820139,0.008713863731116888
DS08a,isolation_forest,1,0.02,phase_conditioned,14,per_engine,,0.06061494216026598,0.022952655150351886,0.12491210125934923,0.026163577105903873,0.10195944610899735,0.10491210125934923,0.06069941473037244,0.03800944450520166,0.04061494216026598
DS08a,isolation_forest,1,0.02,phase_conditioned,15,per_engine,,0.03197586188427273,0.03236446093588951,0.023372976544433433,0.03786715393736757,0.01449417739293414,0.017867153937367573,0.012695039120670002,0.011201530472563503,0.011975861884272732
DS08a,isolation_forest,1,0.02,phase_conditioned,all,row_pooled,,0.03707616823721472,0.02380690740616016,0.054848160241601385,0.030126198666121023,0.031041252835441225,0.03484816024160138,0.021066772539152387,0.016260422104627522,0.01707616823721472
DS08a,isolation_forest,1,0.02,phase_conditioned,equal_engine,equal_engine,,0.03582563897956003,0.025345000076238324,0.04907067550035859,0.030324289142673395,0.023725675424120265,0.02907067550035859,0.018076357912695986,0.014913321573090103,0.01582563897956003
DS08a,isolation_forest,1,0.02,quantile_regression_W,10,per_engine,,0.01575713010137087,0.003278947576344171,0.01381957773512476,0.02241689864090388,0.01913795106455971,0.01672105242365583,0.010386411195519127,0.008439457776478317,0.004242869898629129
DS08a,isolation_forest,1,0.02,quantile_regression_W,11,per_engine,,0.020621757295755674,0.0070882044510040005,0.020478055462863767,0.029261478513399258,0.022173274062395255,0.012911795548996,0.00917819854471822,0.007550443175086341,0.000621757295755674
DS08a,isolation_forest,1,0.02,quantile_regression_W,12,per_engine,,0.020873037480715128,0.0057723640313445575,0.03228930846967116,0.02081730404534076,0.0265169444383266,0.014227635968655443,0.010864632434675977,0.009111416161222454,0.0008730374807151275
DS08a,isolation_forest,1,0.02,quantile_regression_W,13,per_engine,,0.04600693674434283,0.05708632295288113,0.05327942605545091,0.03231595806308711,0.02477036488979402,0.037086322952881126,0.0296344302670466,0.02756056902380638,0.02600693674434283
DS08a,isolation_forest,1,0.02,quantile_regression_W,14,per_engine,,0.09127045914582207,0.10540626999360204,0.142415137761299,0.028353536784881547,0.11406160097641745,0.12241513776129899,0.08631237548222585,0.0720583148465942,0.07127045914582207
DS08a,isolation_forest,1,0.02,quantile_regression_W,15,per_engine,,0.023075824391637356,0.005318491032776747,0.009525382667107146,0.041016270435239005,0.03569777940246226,0.021016270435239005,0.015989037252987823,0.015390798911785039,0.003075824391637356
DS08a,isolation_forest,1,0.02,quantile_regression_W,all,row_pooled,,0.03920084380736869,0.03766709322481505,0.05293290141063201,0.028389722716865937,0.024543178693766075,0.032932901410632015,0.022114019878820543,0.019663239117437666,0.01920084380736869
DS08a,isolation_forest,1,0.02,quantile_regression_W,equal_engine,equal_engine,,0.03626752419327399,0.030658433339658772,0.04530114802525279,0.02903024108047526,0.016270906944777532,0.025301148025252792,0.01668627726230156,0.014996607481795607,0.01626752419327399
DS08a,isolation_forest,2,0.005,pooled,10,per_engine,,0.0029263241616831618,0.005570260340536483,0.0006611217743655364,0.003569674144424431,0.0049091385661709465,0.004338878225634463,0.002658125477725587,0.0021131548072488384,0.0020736758383168383
DS08a,isolation_forest,2,0.005,pooled,11,per_engine,,0.010497679460329822,0.0007185303142113644,0.007885631992131931,0.018490607653567623,0.01777207733935626,0.013490607653567622,0.008339751185873585,0.0068859031104960625,0.005497679460329822
DS08a,isolation_forest,2,0.005,pooled,12,per_engine,,0.006299037200207905,0.0005120645511676623,0.004247671949027937,0.012245472967847506,0.011733408416679844,0.0072454729678475055,0.004939785441257352,0.004161912155883969,0.0012990372002079052
DS08a,isolation_forest,2,0.005,pooled,13,per_engine,,0.006244844011957457,0.0009985945706043346,0.004342975057886339,0.0112679895952838,0.010269395024679466,0.0062679895952838,0.004310089741971449,0.0036421399889310425,0.0012448440119574569
DS08a,isolation_forest,2,0.005,pooled,14,per_engine,,0.016321521143788754,0.0007197696737044146,0.03288371795691364,0.012199363623481521,0.032163948283209225,0.027883717956913637,0.01680925276278869,0.013121103968896916,0.011321521143788753
DS08a,isolation_forest,2,0.005,pooled,15,per_engine,,0.005079359411544161,0.0056483199340342195,0.0001927100539588151,0.008261571059230605,0.00806886100527179,0.004807289946041185,0.003374818569769613,0.00290572697976867,7.935941154416093e-05
DS08a,isolation_forest,2,0.005,pooled,all,row_pooled,,0.008428266120296046,0.0015845276370687303,0.009769885007033801,0.011549224116001018,0.009964696478932288,0.006549224116001018,0.005076402629286559,0.0049115271619886965,0.003428266120296046
DS08a,isolation_forest,2,0.005,pooled,equal_engine,equal_engine,,0.00789479423158521,0.00236125656404308,0.008368971464047366,0.011005779840639248,0.008644523276596167,0.006005779840639248,0.004257633424826519,0.004004498246881177,0.0028947942315852094
DS08a,isolation_forest,2,0.005,phase_conditioned,10,per_engine,,0.0029188207663967945,0.006123335835341524,0.0019193857965451055,0.002357949893564762,0.004203950038796419,0.0030806142034548946,0.0024312202720996527,0.0022820000484105522,0.0020811792336032056
DS08a,isolation_forest,2,0.005,phase_conditioned,11,per_engine,,0.009397922564485746,0.0008156290053210083,0.010572718172078891,0.013993554632454754,0.013177925627133746,0.008993554632454753,0.006568819614245203,0.006250214599737545,0.004397922564485746
DS08a,isolation_forest,2,0.005,phase_conditioned,12,per_engine,,0.0069136780272092005,0.0005741329816122275,0.007585128480407029,0.010717498022301932,0.010143365040689705,0.005717498022301932,0.004433244551480354,0.004242831173698911,0.0019136780272092004
DS08a,isolation_forest,2,0.005,phase_conditioned,13,per_engine,,0.006874650723390666,0.0016828167763887861,0.007366261562271304,0.00959823710485364,0.007915420328464854,0.00459823710485364,0.0035471435828726148,0.0034272272969120532,0.0018746507233906662
DS08a,isolation_forest,2,0.005,phase_conditioned,14,per_engine,,0.03179124572956833,0.0007837492002559181,0.07776002045643418,0.01044739588029938,0.07697627125617826,0.07276002045643418,0.04219585868109083,0.027474555712159215,0.02679124572956833
DS08a,isolation_forest,2,0.005,phase_conditioned,15,per_engine,,0.004302726250200854,0.006101834673263245,0.0008259002312520648,0.005909453181190833,0.005275934442011181,0.004174099768747936,0.002547171870620749,0.002061795874400671,0.0006972737497991464
DS08a,isolation_forest,2,0.005,phase_conditioned,all,row_pooled,,0.011434731089897046,0.0018503879788587857,0.020825213272588825,0.009368121840885714,0.01897482529373004,0.015825213272588824,0.009651216148297262,0.007780982378205251,0.006434731089897046
DS08a,isolation_forest,2,0.005,phase_conditioned,equal_engine,equal_engine,,0.010366507343541933,0.002680249745363785,0.017671569116498097,0.008837348119110884,0.014991319371134312,0.012671569116498096,0.007760479918693108,0.006276222496748398,0.005366507343541933
DS08a,isolation_forest,2,0.005,quantile_regression_W,10,per_engine,,0.004479526985961147,0.0009481294196657844,0.0062060140754958415,0.004617651874897658,0.005257884655830057,0.0040518705803342155,0.0024507356200973137,0.001880077593644133,0.000520473014038853
DS08a,isolation_forest,2,0.005,quantile_regression_W,11,per_engine,,0.003167720819608297,0.0011457645550937974,0.0026519608704051703,0.004803391782769058,0.0036576272276752603,0.0038542354449062027,0.0026081330110484836,0.002132960930577325,0.001832279180391703
DS08a,isolation_forest,2,0.005,quantile_regression_W,12,per_engine,,0.005799899347408196,0.0026068740786717357,0.008320302471584941,0.005689268414265434,0.005713428392913205,0.003320302471584941,0.002396285397933665,0.0021342322690595466,0.0007998993474081957
DS08a,isolation_forest,2,0.005,quantile_regression_W,13,per_engine,,0.010431728065428934,0.024206672091131,0.006538456924165897,0.005656712518600134,0.018549959572530868,0.019206672091131,0.011130953446071463,0.007133947177965676,0.005431728065428934
DS08a,isolation_forest,2,0.005,quantile_regression_W,14,per_engine,,0.05005907621289418,0.0751919385796545,0.07205778942658057,0.007651976760663171,0.06753996181899133,0.0701919385796545,0.0560674841748427,0.04663390158896608,0.045059076212894185
DS08a,isolation_forest,2,0.005,quantile_regression_W,15,per_engine,,0.005043652139758261,0.00016491445062873634,0.00101861028521088,0.010186031141263145,0.010021116690634409,0.005186031141263145,0.004694835294552178,0.0046675021351411765,4.3652139758261314e-05
DS08a,isolation_forest,2,0.005,quantile_regression_W,all,row_pooled,,0.014669444882812953,0.022208200550862627,0.019031271375656595,0.0062269806333160056,0.01598121991754662,0.017208200550862626,0.012838798283465649,0.010822150853278409,0.009669444882812954
DS08a,isolation_forest,2,0.005,quantile_regression_W,equal_engine,equal_engine,,0.013163600595176503,0.017377382195807593,0.016132189008907217,0.0064341720820764335,0.010943210113731158,0.012377382195807592,0.009646796907301006,0.00831458109559708,0.008163600595176502
DS08a,isolation_forest,2,0.01,pooled,10,per_engine,,0.009641862942981699,0.010389918223837554,0.002089997867349115,0.015130178483707221,0.013040180616358105,0.007910002132650886,0.005447901774521842,0.004476699613398554,0.00035813705701830123
DS08a,isolation_forest,2,0.01,pooled,11,per_engine,,0.019232590690478946,0.00126228298442537,0.010783470029329634,0.03646656618755284,0.03520428320312747,0.026466566187552838,0.016098039732539232,0.011995917744152368,0.009232590690478945
DS08a,isolation_forest,2,0.01,pooled,12,per_engine,,0.011286290621983516,0.0016292962991698347,0.008133591616682615,0.020958181167979713,0.01932888486880988,0.010958181167979713,0.008033967372157511,0.007065097750709087,0.0012862906219835157
DS08a,isolation_forest,2,0.01,pooled,13,per_engine,,0.012090514756105133,0.004771062948442932,0.00785814547766727,0.02059361404863864,0.01582255110019571,0.010593614048638641,0.006931906474063671,0.0059881352075094796,0.0020905147561051333
DS08a,isolation_forest,2,0.01,pooled,14,per_engine,,0.03687912732068767,0.0012476007677543186,0.08099469411238254,0.021126669844255222,0.07974709334462822,0.07099469411238254,0.041795748851824785,0.030291254396294487,0.026879127320687667
DS08a,isolation_forest,2,0.01,pooled,15,per_engine,,0.016121833211333488,0.008122036693465265,0.0009635502697940755,0.03059697140524464,0.029633421135450564,0.020596971405244642,0.01303098104487526,0.010503794813995099,0.006121833211333487
DS08a,isolation_forest,2,0.01,pooled,all,row_pooled,,0.01806464612962215,0.0034242812022559138,0.02176993663126105,0.02402530609536239,0.020601024893106477,0.014025306095362391,0.011232107209238985,0.010790320508122508,0.00806464612962215
DS08a,isolation_forest,2,0.01,pooled,equal_engine,equal_engine,,0.017542036590595073,0.004570366319515879,0.01847057489553421,0.024145363522896382,0.019574997203380504,0.014145363522896382,0.010022023584087023,0.009348524032971572,0.007542036590595073
DS08a,isolation_forest,2,0.01,phase_conditioned,10,per_engine,,0.009844454615713611,0.013747876585153874,0.009874173597782043,0.008203700671360734,0.00554417591379314,0.003747876585153874,0.0024006320319941896,0.0018900007720036992,0.00015554538428638916
DS08a,isolation_forest,2,0.01,phase_conditioned,11,per_engine,,0.016990980941055136,0.006039538587019847,0.014296000983508667,0.02578147018098494,0.019741931593965093,0.01578147018098494,0.009715892138267233,0.008012644192491253,0.006990980941055136
DS08a,isolation_forest,2,0.01,phase_conditioned,12,per_engine,,0.013757229248653153,0.0028241135852277136,0.01942959833827339,0.016125012191289458,0.016605484753045678,0.009429598338273391,0.007701221656385136,0.007576832314778378,0.0037572292486531527
DS08a,isolation_forest,2,0.01,phase_conditioned,13,per_engine,,0.0132037646474413,0.009560618388934093,0.013280865715691098,0.015368538228244943,0.00580791983931085,0.005368538228244943,0.0036413522558095307,0.0030295951850006493,0.0032037646474413
DS08a,isolation_forest,2,0.01,phase_conditioned,14,per_engine,,0.043409567598758025,0.0020793346129238644,0.10384197404589912,0.015806356035915337,0.10176263943297525,0.09384197404589913,0.054475581084314106,0.03585633182296353,0.03340956759875802
DS08a,isolation_forest,2,0.01,phase_conditioned,15,per_engine,,0.012792130117298389,0.011420325706039992,0.006910031934808942,0.017592286608479286,0.010682254673670344,0.007592286608479286,0.0048030561000413224,0.004034193459903446,0.0027921301172983883
DS08a,isolation_forest,2,0.01,phase_conditioned,all,row_pooled,,0.01940560796659721,0.006256580043459304,0.032063807544880814,0.016763076106312145,0.02580722750142151,0.022063807544880812,0.013497703443775622,0.01085676786924455,0.00940560796659721
DS08a,isolation_forest,2,0.01,phase_conditioned,equal_engine,equal_engine,,0.018333021194819936,0.007611967910883231,0.027938774102660543,0.016479560652712447,0.020326806191777312,0.017938774102660544,0.01109785294275602,0.00893545561482992,0.008333021194819936
DS08a,isolation_forest,2,0.01,quantile_regression_W,10,per_engine,,0.008906530204917724,0.0023308181566783865,0.01072723395180209,0.010234157524152613,0.008396415795123704,0.007669181843321614,0.004449720931800288,0.0028768577730921055,0.0010934697950822758
DS08a,isolation_forest,2,0.01,quantile_regression_W,11,per_engine,,0.008019279948642932,0.003029479162620888,0.00625230509843868,0.012400593071842566,0.009371113909221677,0.006970520837379112,0.0047748027853201655,0.004372936270260999,0.001980720051357068
DS08a,isolation_forest,2,0.01,quantile_regression_W,12,per_engine,,0.010910905955828363,0.003786174257118473,0.014890190678460568,0.012191289459140216,0.011104016421342094,0.006213825742881527,0.0047373461181108144,0.004431768626827437,0.0009109059558283627
DS08a,isolation_forest,2,0.01,quantile_regression_W,13,per_engine,,0.026256730504821125,0.041774539536948,0.029692992453780907,0.013471608528232447,0.028302931008715553,0.031774539536948,0.02167554213349722,0.018313046839653783,0.016256730504821126
DS08a,isolation_forest,2,0.01,quantile_regression_W,14,per_engine,,0.07186232036709683,0.09694497760716571,0.10925014383430288,0.013989977713939738,0.09526016612036314,0.09925014383430289,0.07621447829294663,0.06339503305180279,0.06186232036709683
DS08a,isolation_forest,2,0.01,quantile_regression_W,15,per_engine,,0.012747496027566014,0.0011544011544011544,0.003331130932716661,0.02486246914060222,0.023708067986201065,0.014862469140602219,0.010702202616427165,0.010125645684494802,0.002747496027566014
DS08a,isolation_forest,2,0.01,quantile_regression_W,all,row_pooled,,0.02531778744863287,0.031219093735266906,0.03426816204844934,0.01396480594604758,0.02030335610240176,0.024268162048449338,0.018752007131199355,0.016484020576587943,0.015317787448632868
DS08a,isolation_forest,2,0.01,quantile_regression_W,equal_engine,equal_engine,,0.02311721050147883,0.024836731645822105,0.029023999491583633,0.0145250159063183,0.014498983585265333,0.019023999491583635,0.014171766903934353,0.012795249014574678,0.01311721050147883
DS08a,isolation_forest,2,0.02,pooled,10,per_engine,,0.02290036241399233,0.015130565322166476,0.0070804009383663895,0.03826756181431144,0.031187160875945055,0.018267561814311443,0.01322032839524976,0.012018865184592858,0.00290036241399233
DS08a,isolation_forest,2,0.02,pooled,11,per_engine,,0.033576788288904556,0.008428166388317086,0.012715362054128102,0.06400029408521118,0.0555721276968941,0.04400029408521118,0.026601999691276225,0.020952255214255328,0.013576788288904556
DS08a,isolation_forest,2,0.02,pooled,12,per_engine,,0.02120717108465543,0.0035534176429513537,0.015940439237286157,0.03842694437520996,0.0348735267322586,0.018426944375209958,0.014451325012150632,0.012977695831657482,0.0012071710846554284
DS08a,isolation_forest,2,0.02,pooled,13,per_engine,,0.023817338312650243,0.010688660403876026,0.011517281921466534,0.04352715335597533,0.032838492952099306,0.02352715335597533,0.01540762253031278,0.013773737010210924,0.0038173383126502425
DS08a,isolation_forest,2,0.02,pooled,14,per_engine,,0.05026057647392861,0.0026231605886116445,0.09929041743911014,0.03922604248521777,0.0966672568504985,0.07929041743911014,0.048161414553010935,0.03863109977857209,0.030260576473928612
DS08a,isolation_forest,2,0.02,pooled,15,per_engine,,0.03444859045544625,0.013729128014842301,0.0038266710714679,0.06583986159438603,0.06201319052291813,0.04583986159438602,0.028297192529043086,0.022761354169358608,0.014448590455446251
DS08a,isolation_forest,2,0.02,pooled,all,row_pooled,,0.031007959286116143,0.0075185304658227665,0.029134132648451917,0.047271963102651166,0.0397534326368284,0.027271963102651165,0.018101375937061397,0.01629585509509344,0.011007959286116142
DS08a,isolation_forest,2,0.02,pooled,equal_engine,equal_engine,,0.031035137838262904,0.009025516393460815,0.0250617621103042,0.04821464295171862,0.039189126558257806,0.028214642951718622,0.01772123775760292,0.014750296222854004,0.011035137838262904
DS08a,isolation_forest,2,0.02,phase_conditioned,10,per_engine,,0.02385329361536095,0.027732785525224193,0.025655790147152913,0.020861306697232684,0.006871478827991509,0.007732785525224193,0.005553550917939699,0.00474996078986993,0.0038532936153609504
DS08a,isolation_forest,2,0.02,phase_conditioned,11,per_engine,,0.036086759768893195,0.028760632306676505,0.03101564832540087,0.04424757073362007,0.015486938426943563,0.024247570733620067,0.016186804017713517,0.014674617121899146,0.016086759768893195
DS08a,isolation_forest,2,0.02,phase_conditioned,12,per_engine,,0.033219480401620344,0.010365427884242377,0.05845216701285971,0.025748003337704137,0.048086739128617335,0.03845216701285971,0.023125985890399343,0.01794491415544049,0.013219480401620343
DS08a,isolation_forest,2,0.02,phase_conditioned,13,per_engine,,0.02801752814171538,0.02701753088246172,0.029633006610439935,0.02710224110317253,0.002615475727978215,0.009633006610439934,0.00801004337754956,0.00791759286535806,0.008017528141715378
DS08a,isolation_forest,2,0.02,phase_conditioned,14,per_engine,,0.060047077788259864,0.021609085092770312,0.12497602761618615,0.025583881896762726,0.10336694252341583,0.10497602761618614,0.06070072834803837,0.037389664868573064,0.04004707778825986
DS08a,isolation_forest,2,0.02,phase_conditioned,15,per_engine,,0.03320776276088625,0.032034632034632034,0.024033696729435085,0.04023871080613495,0.016205014076699862,0.020238710806134947,0.013792612667758181,0.012102346523400689,0.013207762760886251
DS08a,isolation_forest,2,0.02,phase_conditioned,all,row_pooled,,0.036768567283919244,0.02282854134837276,0.054453234903140045,0.03031201265304768,0.03162469355476728,0.03445323490314005,0.020827575042132788,0.01586459630152016,0.016768567283919244
DS08a,isolation_forest,2,0.02,phase_conditioned,equal_engine,equal_engine,,0.03573865041278933,0.024586682287667857,0.0489610560735791,0.030630285762437846,0.02437437378591124,0.028961056073579097,0.018007252230662397,0.014726008041228268,0.015738650412789327
DS08a,isolation_forest,2,0.02,quantile_regression_W,10,per_engine,,0.01643243567714391,0.004108560818551732,0.01599488163787588,0.021876535123628624,0.017767974305076893,0.015891439181448266,0.009523658198096373,0.0072576975557336705,0.0035675643228560913
DS08a,isolation_forest,2,0.02,quantile_regression_W,11,per_engine,,0.020990096925942687,0.0072629820950013595,0.017422153532728007,0.03214106287296744,0.02487808077796608,0.012737017904998642,0.010267786603522545,0.009151975748412691,0.0009900969259426864
DS08a,isolation_forest,2,0.02,quantile_regression_W,12,per_engine,,0.020687407700748294,0.00555512452478858,0.03182253133241534,0.020914834361013882,0.02626740680762676,0.014444875475211422,0.010789865561541202,0.009060747056213547,0.0006874077007482937
DS08a,isolation_forest,2,0.02,quantile_regression_W,13,per_engine,,0.05008293933453381,0.05899104963384866,0.06452077309754897,0.030941535945113986,0.033579237152434986,0.04452077309754897,0.034747270384837,0.031484452892170535,0.03008293933453381
DS08a,isolation_forest,2,0.02,quantile_regression_W,14,per_engine,,0.09505316859160477,0.11972168905950097,0.1436553090839353,0.02621510556893864,0.11744020351499668,0.12365530908393531,0.09178539874939518,0.0765307012374583,0.07505316859160477
DS08a,isolation_forest,2,0.02,quantile_regression_W,15,per_engine,,0.025450357965399652,0.006060606060606061,0.010516462944609624,0.0451373364694905,0.039076730408884444,0.025137336469490502,0.017475028500300575,0.01618675582142494,0.005450357965399652
DS08a,isolation_forest,2,0.02,quantile_regression_W,all,row_pooled,,0.041096378957241685,0.04132533152784621,0.055405701895899745,0.02869056440998529,0.026715137485914454,0.03540570189589974,0.02438482725848168,0.021807199277910416,0.021096378957241684
DS08a,isolation_forest,2,0.02,quantile_regression_W,equal_engine,equal_engine,,0.03811606769922885,0.033616668698716226,0.04732201860485219,0.029537735056858846,0.017784283547993343,0.02732201860485219,0.01846505489755646,0.01682547412014242,0.01811606769922885
DS08a,lstm_autoencoder,0,0.005,pooled,10,per_engine,,0.002941330952255896,0.006755422115118714,0.0010236724248240564,0.0028328148026854428,0.005731749690294658,0.003976327575175943,0.00280412668917388,0.0026329782958697382,0.002058669047744104
DS08a,lstm_autoencoder,0,0.005,pooled,11,per_engine,,0.010224055735048043,0.0013982211519788714,0.00414478652593126,0.02003455501231482,0.018636333860335946,0.015034555012314817,0.008939463917085142,0.006497182444801562,0.005224055735048042
DS08a,lstm_autoencoder,0,0.005,pooled,12,per_engine,,0.007429316304894851,0.0009930948871130422,0.00760846733726982,0.011757821389481898,0.010764726502368855,0.006757821389481898,0.0047793842129651735,0.004457731279879559,0.0024293163048948506
DS08a,lstm_autoencoder,0,0.005,pooled,13,per_engine,,0.006293631855800875,0.001146534506990162,0.007342267224934916,0.008462351056941968,0.0073158165499518065,0.003853465493009838,0.0032824425306128883,0.003219361258295574,0.0012936318558008746
DS08a,lstm_autoencoder,0,0.005,pooled,14,per_engine,,0.02390983779228987,0.0015195137555982087,0.049811417247331076,0.015845002383191416,0.04829190349173287,0.04481141724733108,0.0266945124005122,0.019712301958308094,0.018909837792289868
DS08a,lstm_autoencoder,0,0.005,pooled,15,per_engine,,0.003972433986181286,0.008493094207379922,0.0013214403700033035,0.003712847228971872,0.007171653837376619,0.003678559629996697,0.0030216038979896083,0.002819602202801582,0.0010275660138187141
DS08a,lstm_autoencoder,0,0.005,pooled,all,row_pooled,,0.010004609556314601,0.002375019053324495,0.014176012802808358,0.01119086856978532,0.011800993749483863,0.009176012802808359,0.006568018208868082,0.005997287439756394,0.005004609556314601
DS08a,lstm_autoencoder,0,0.005,pooled,equal_engine,equal_engine,,0.009128434437745137,0.003384313437363154,0.01187534185504907,0.010440898645597904,0.008491028417685917,0.006875341855049071,0.005147301777441069,0.004643975687761273,0.004128434437745136
DS08a,lstm_autoencoder,0,0.005,phase_conditioned,10,per_engine,,0.0026111815596557442,0.007110970647493383,0.0013222435487310728,0.001735713116096283,0.00578872709876231,0.0036777564512689275,0.0030896417510694603,0.003017671327555342,0.002388818440344256
DS08a,lstm_autoencoder,0,0.005,phase_conditioned,11,per_engine,,0.009650498310899695,0.0016700974870858742,0.005005356609705123,0.01792694433212023,0.016256846845034357,0.01292694433212023,0.007707013455386262,0.005420734484913159,0.004650498310899695
DS08a,lstm_autoencoder,0,0.005,phase_conditioned,12,per_engine,,0.007350939286686632,0.001039646209946466,0.009802319882372162,0.009482114023775724,0.008762673672425695,0.004802319882372162,0.0044285447014094596,0.00441492923206714,0.0023509392866866317
DS08a,lstm_autoencoder,0,0.005,phase_conditioned,13,per_engine,,0.005916634880647193,0.0012574894592795325,0.008050100176358379,0.006758521985074458,0.006792610717078846,0.0037425105407204676,0.002966585905560769,0.0028503775673844344,0.0009166348806471927
DS08a,lstm_autoencoder,0,0.005,phase_conditioned,14,per_engine,,0.02367170112015827,0.0016314779270633398,0.05184427539474525,0.013036701147796514,0.05021279746768191,0.046844275394745255,0.02750952346342136,0.01941649953849281,0.018671701120158268
DS08a,lstm_autoencoder,0,0.005,phase_conditioned,15,per_engine,,0.003909946260555962,0.009111523397237684,0.0020096905627133574,0.002799214664774605,0.007101832834524326,0.0041115233972376835,0.0031984387477070543,0.003100872723249907,0.0010900537394440378
DS08a,lstm_autoencoder,0,0.005,phase_conditioned,all,row_pooled,,0.009722864915035268,0.002566438499413335,0.015451131215879613,0.009279638989968256,0.012884692716466278,0.010451131215879612,0.00666992441619162,0.005721443902144845,0.004722864915035267
DS08a,lstm_autoencoder,0,0.005,phase_conditioned,equal_engine,equal_engine,,0.008851816903100582,0.0036368675213510463,0.013005664362437558,0.008623201544939636,0.009368796841086512,0.008005664362437558,0.005134081595040582,0.004330666128675382,0.0038518169031005823
DS08a,lstm_autoencoder,0,0.005,quantile_regression_W,10,per_engine,,0.004532050752965717,0.0028838936514834273,0.006781829814459373,0.00348780088423121,0.0038979361629759455,0.0021161063485165728,0.0018202169954578103,0.0018033784262482453,0.0004679492470342833
DS08a,lstm_autoencoder,0,0.005,quantile_regression_W,11,per_engine,,0.00404121194262321,0.002252689633743737,0.0015279509650678797,0.006923256013429891,0.005395305048362011,0.00347204903493212,0.0027869787968758347,0.0027142051382060915,0.0009587880573767903
DS08a,lstm_autoencoder,0,0.005,quantile_regression_W,12,per_engine,,0.005053255121319374,0.0025448056482271705,0.006464863350993068,0.0054942077829191905,0.003920057702765898,0.0024551943517728296,0.0016751164412021978,0.0014714218285616961,5.3255121319374134e-05
DS08a,lstm_autoencoder,0,0.005,quantile_regression_W,13,per_engine,,0.016765277248010788,0.0024410089503661514,0.035835542811896395,0.007508206776696162,0.03339453386153025,0.030835542811896394,0.017922706612293674,0.011967580212742135,0.011765277248010787
DS08a,lstm_autoencoder,0,0.005,quantile_regression_W,14,per_engine,,0.052261840430111464,0.01490722968650032,0.118724029917535,0.015381246215878495,0.10381680023103468,0.113724029917535,0.06617924763786143,0.0446708352733046,0.04726184043011147
DS08a,lstm_autoencoder,0,0.005,quantile_regression_W,15,per_engine,,0.005936333934405741,0.0015666872809729953,0.008809602466688691,0.0059677701533736366,0.007242915185715695,0.0038096024666886908,0.0030131537326968006,0.0027368951130297774,0.0009363339344057413
DS08a,lstm_autoencoder,0,0.005,quantile_regression_W,all,row_pooled,,0.016453530411926716,0.005157690630727075,0.034980576384497246,0.007625009677811819,0.02982288575377017,0.029980576384497245,0.01737575420416141,0.010921092231012045,0.011453530411926715
DS08a,lstm_autoencoder,0,0.005,quantile_regression_W,equal_engine,equal_engine,,0.014764994904906048,0.0044327191418823,0.029690636554440066,0.007460414637754764,0.025257917412557767,0.024690636554440065,0.014329491514880732,0.009239444016770843,0.009764994904906048
DS08a,lstm_autoencoder,0,0.01,pooled,10,per_engine,,0.007030681383325955,0.01244419863311342,0.003860098101940712,0.0072212215490420825,0.008584100531172707,0.006139901898059288,0.004139005998039209,0.003787626327376875,0.0029693186166740455
DS08a,lstm_autoencoder,0,0.01,pooled,11,per_engine,,0.01611748981804022,0.008272808482541655,0.00886914065930206,0.026124569594039873,0.017851761111498218,0.01612456959403987,0.009385516820780461,0.006327540150732051,0.006117489818040221
DS08a,lstm_autoencoder,0,0.01,pooled,12,per_engine,,0.014574000280507224,0.001862052913336954,0.017714192358858263,0.020535549800062853,0.0186734968867259,0.010535549800062853,0.008883181789659213,0.008795896415194722,0.004574000280507223
DS08a,lstm_autoencoder,0,0.01,pooled,13,per_engine,,0.011367567615516308,0.002736888823137806,0.014048684510455533,0.014130422436021218,0.011393533612883412,0.007263111176862194,0.005360504321194991,0.005147406041112981,0.0013675676155163081
DS08a,lstm_autoencoder,0,0.01,pooled,14,per_engine,,0.03115926763814217,0.004782469609724888,0.05900402736048073,0.024347198783928273,0.05422155775075584,0.04900402736048073,0.02963364885770758,0.022856252178228037,0.021159267638142167
DS08a,lstm_autoencoder,0,0.01,pooled,15,per_engine,,0.008980378854153648,0.014100185528756958,0.005561061557097236,0.008980813716151857,0.00853912397165972,0.004438938442902764,0.003538099138958289,0.003186103418502621,0.0010196211458463524
DS08a,lstm_autoencoder,0,0.01,pooled,all,row_pooled,,0.015964935274518248,0.005848927519381219,0.021145283481537887,0.01783814274495924,0.015296355962156668,0.011145283481537887,0.008223649399010739,0.007711499569038637,0.005964935274518248
DS08a,lstm_autoencoder,0,0.01,pooled,equal_engine,equal_engine,,0.014871564264947587,0.00736643399843528,0.018176200758022423,0.016889962646541027,0.010809766759587142,0.008176200758022422,0.006357607358926119,0.005899909802042723,0.0048715642649475865
DS08a,lstm_autoencoder,0,0.01,phase_conditioned,10,per_engine,,0.006963150825748651,0.014103425117528543,0.004329281296651738,0.006025871950221058,0.009774143820876807,0.005670718703348262,0.004647179863950025,0.0045827572902185825,0.003036849174251349
DS08a,lstm_autoencoder,0,0.01,phase_conditioned,11,per_engine,,0.01611748981804022,0.009690449372742455,0.009255519064261754,0.024960482299746352,0.0157049632354846,0.014960482299746352,0.008649973103918438,0.0053381712875807145,0.006117489818040221
DS08a,lstm_autoencoder,0,0.01,phase_conditioned,12,per_engine,,0.014107863277479395,0.0021568779579486386,0.018461035778467572,0.01841155625873709,0.016304157820518934,0.008461035778467572,0.008243340109949756,0.008238571359752008,0.004107863277479395
DS08a,lstm_autoencoder,0,0.01,phase_conditioned,13,per_engine,,0.011292168220485573,0.0031992011243435164,0.014816503305219967,0.012926383225234844,0.01161730218087645,0.006800798875656483,0.005099453834064365,0.0048478951353704315,0.0012921682204855723
DS08a,lstm_autoencoder,0,0.01,phase_conditioned,14,per_engine,,0.03131497238530514,0.005998080614203455,0.059988493255769354,0.0228142270086439,0.0539904126415659,0.04998849325576935,0.029883491711319876,0.0222682132167366,0.021314972385305136
DS08a,lstm_autoencoder,0,0.01,phase_conditioned,15,per_engine,,0.008873257038795952,0.015708101422387138,0.005974011672723268,0.007697840328130164,0.00973408974966387,0.0057081014223871376,0.004246211763223403,0.004012083140511235,0.0011267429612040487
DS08a,lstm_autoencoder,0,0.01,phase_conditioned,all,row_pooled,,0.01586061842948761,0.006820203968054221,0.021826723281235885,0.01638923606118589,0.015006519313181664,0.011826723281235884,0.007975061626120583,0.0071319184581225175,0.005860618429487608
DS08a,lstm_autoencoder,0,0.01,phase_conditioned,equal_engine,equal_engine,,0.014778150260975821,0.008476022601525626,0.01880414072884894,0.0154727268451189,0.010328118127323314,0.00880414072884894,0.006049411547297322,0.005266948324147404,0.004778150260975821
DS08a,lstm_autoencoder,0,0.01,quantile_regression_W,10,per_engine,,0.006730545571871272,0.005491249555564334,0.009063766261462998,0.005452759128868512,0.003611007132594486,0.004547240871131488,0.0037364316186910404,0.0033307416847013853,0.0032694544281287284
DS08a,lstm_autoencoder,0,0.01,quantile_regression_W,11,per_engine,,0.0067511392218562215,0.003087738377286674,0.0025465849417797993,0.011996225906456395,0.009449640964676596,0.007453415058220201,0.005981016486644689,0.005453967529129974,0.0032488607781437787
DS08a,lstm_autoencoder,0,0.01,quantile_regression_W,12,per_engine,,0.007907828626587135,0.005089611296454341,0.008472005041193083,0.009352073602878227,0.004262462306423886,0.004910388703545659,0.0029925738325692914,0.0023621033531581164,0.002092171373412865
DS08a,lstm_autoencoder,0,0.01,quantile_regression_W,13,per_engine,,0.023715327366432188,0.009098306087728382,0.04426955238563699,0.013233072458170996,0.03517124629790861,0.03426955238563699,0.019880208165770713,0.012801439585359868,0.013715327366432188
DS08a,lstm_autoencoder,0,0.01,quantile_regression_W,14,per_engine,,0.05904873558586201,0.01708253358925144,0.12800613693025634,0.023368157986267665,0.1109236033410049,0.11800613693025634,0.06868847133542158,0.04615227616859182,0.04904873558586201
DS08a,lstm_autoencoder,0,0.01,quantile_regression_W,15,per_engine,,0.008944671582367749,0.0032158317872603586,0.01172778328377932,0.009680617382345508,0.008511951496518962,0.006784168212739642,0.004046075410028591,0.002943778038057818,0.0010553284176322512
DS08a,lstm_autoencoder,0,0.01,quantile_regression_W,all,row_pooled,,0.020809873188163516,0.008025437517502473,0.03981260405508305,0.012502626834636613,0.031787166537580576,0.02981260405508305,0.017310434219624922,0.011429931124072396,0.010809873188163515
DS08a,lstm_autoencoder,0,0.01,quantile_regression_W,equal_engine,equal_engine,,0.018849707992496096,0.007177545115590922,0.034014304807351424,0.012180484410831216,0.0268367596917605,0.024014304807351422,0.014016747116940557,0.009672414700863906,0.008849707992496096
DS08a,lstm_autoencoder,0,0.02,pooled,10,per_engine,,0.01583216405423454,0.02350570852921424,0.008573256557901471,0.01822498771901097,0.014932451971312767,0.01142674344209853,0.0069764156647237575,0.005569154750767265,0.004167835945765461
DS08a,lstm_autoencoder,0,0.02,pooled,11,per_engine,,0.02617842371686259,0.021866625237891794,0.015384885579304168,0.0364298055361541,0.021044919956849935,0.016429805536154102,0.009911644344754124,0.007637181731580576,0.006178423716862589
DS08a,lstm_autoencoder,0,0.02,pooled,12,per_engine,,0.02506002029552261,0.005632710062844286,0.031519126193199055,0.032629308943529944,0.02699659888068566,0.014367289937155714,0.012891970793020305,0.01283857502462824,0.005060020295522608
DS08a,lstm_autoencoder,0,0.02,pooled,13,per_engine,,0.022371444031472596,0.009320215992307123,0.02307055534893765,0.029726137873848497,0.020405921881541375,0.010679784007692877,0.008526113896787374,0.007825492410159673,0.0023714440314725957
DS08a,lstm_autoencoder,0,0.02,pooled,14,per_engine,,0.04408276165266851,0.017834293026231605,0.07115003515949626,0.03795071302510725,0.05331574213326466,0.05115003515949626,0.03132222044930025,0.023755485052790636,0.024082761652668507
DS08a,lstm_autoencoder,0,0.02,pooled,15,per_engine,,0.018773098141436503,0.026303854875283448,0.0101861028521088,0.021285694846723557,0.01611775202317465,0.009813897147891201,0.006775056574349606,0.005801148956632735,0.001226901858563497
DS08a,lstm_autoencoder,0,0.02,pooled,all,row_pooled,,0.026688171985488368,0.015387996582808407,0.030553798897822747,0.030427040359240376,0.01516580231501434,0.010553798897822746,0.008969883264738347,0.008530947558084905,0.006688171985488368
DS08a,lstm_autoencoder,0,0.02,pooled,equal_engine,equal_engine,,0.02538298531536622,0.01741056795396208,0.02664732694849124,0.029374441324062386,0.011963873370100304,0.009374441324062385,0.006801280860236903,0.006203733439530515,0.005382985315366219
DS08a,lstm_autoencoder,0,0.02,phase_conditioned,10,per_engine,,0.01550201466163439,0.0227946114644649,0.00983152058008104,0.016833142295726217,0.01296309088438386,0.01016847941991896,0.006357064696586319,0.0053766495295525475,0.004497985338365611
DS08a,lstm_autoencoder,0,0.02,phase_conditioned,11,per_engine,,0.025925847970448637,0.021031576494348857,0.016737209996663095,0.0354250143979218,0.018687804401258702,0.015425014397921797,0.00912215284980585,0.00657312696520252,0.005925847970448636
DS08a,lstm_autoencoder,0,0.02,phase_conditioned,12,per_engine,,0.02591804238959153,0.005291333695399178,0.03558008728732467,0.031350578138037904,0.03028875359192549,0.015580087287324667,0.013999042924529512,0.013879777243321132,0.005918042389591531
DS08a,lstm_autoencoder,0,0.02,phase_conditioned,13,per_engine,,0.022065411192818428,0.0087839337229085,0.02543399757657193,0.02703408794029783,0.018250154217389333,0.011216066277091501,0.008262502961091597,0.007894717264653755,0.0020654111928184275
DS08a,lstm_autoencoder,0,0.02,phase_conditioned,14,per_engine,,0.04456361454831885,0.01741842610364683,0.07479383749920092,0.035966867198268644,0.05737541139555409,0.054793837499200915,0.03298469341880825,0.024447426197940908,0.02456361454831885
DS08a,lstm_autoencoder,0,0.02,phase_conditioned,15,per_engine,,0.01835353769795219,0.025891568748711607,0.011287303160444885,0.019788892560698247,0.014604265588266722,0.008712696839555115,0.006073610537665316,0.004938457675856159,0.0016464623020478117
DS08a,lstm_autoencoder,0,0.02,phase_conditioned,all,row_pooled,,0.026781789666926122,0.014863365508342698,0.03315049752849012,0.028761350690719254,0.018287132020147423,0.01315049752849012,0.009593085445143548,0.009016160903622226,0.006781789666926122
DS08a,lstm_autoencoder,0,0.02,phase_conditioned,equal_engine,equal_engine,,0.02538807807679401,0.016868575038246646,0.02894399268338109,0.02773309708849177,0.012075417645134444,0.008943992683381089,0.007061671614934298,0.006602838244542071,0.00538807807679401
DS08a,lstm_autoencoder,0,0.02,quantile_regression_W,10,per_engine,,0.011300113301268825,0.009560304981629993,0.01328641501386223,0.010496151956770918,0.003726110032232237,0.010439695018370007,0.00902556707491674,0.008885709349245619,0.008699886698731176
DS08a,lstm_autoencoder,0,0.02,quantile_regression_W,11,per_engine,,0.012649835299565359,0.004874354293704121,0.004443351657036477,0.023281745885870432,0.018838394228833953,0.015556648342963523,0.01266970562350002,0.011321346645043279,0.007350164700434642
DS08a,lstm_autoencoder,0,0.02,quantile_regression_W,12,per_engine,,0.015407271737247234,0.010086119947241835,0.017480803790230353,0.017197845663693798,0.007394683842988518,0.009913880052758166,0.006123273529964009,0.005078410199611339,0.0045927282627527665
DS08a,lstm_autoencoder,0,0.02,quantile_regression_W,13,per_engine,,0.050544206221780665,0.017826762334492197,0.09859273211522081,0.02514851710076445,0.08076596978072861,0.0785927321152208,0.04549010050411153,0.02863816229383102,0.030544206221780664
DS08a,lstm_autoencoder,0,0.02,quantile_regression_W,14,per_engine,,0.06667826819684744,0.01952975047984645,0.136866329987854,0.033931492908395276,0.11733657950800755,0.116866329987854,0.0679510772887324,0.04375602413880094,0.046678268196847436
DS08a,lstm_autoencoder,0,0.02,quantile_regression_W,15,per_engine,,0.01493456642445234,0.009400123685837971,0.015003854201079176,0.01749509165484128,0.008094967969003308,0.010599876314162029,0.006918415438457307,0.006033643486080525,0.005065433575547661
DS08a,lstm_autoencoder,0,0.02,quantile_regression_W,all,row_pooled,,0.03145019138128877,0.012605325005405827,0.056378818579559384,0.021846415891520025,0.043773493574153555,0.03637881857955938,0.021459332943691647,0.015206636488557862,0.011450191381288766
DS08a,lstm_autoencoder,0,0.02,quantile_regression_W,equal_engine,equal_engine,,0.02858571019686031,0.011879569287125427,0.04761224779421384,0.021258474195056026,0.03573267850708841,0.027612247794213837,0.016632912959062877,0.012330384234048147,0.00858571019686031
DS08a,lstm_autoencoder,1,0.005,pooled,10,per_engine,,0.003113909043842339,0.00663690593766049,0.001364896566432075,0.002996561323071885,0.0052720093712284154,0.0036351034335679253,0.00257599201303737,0.0024251493493855102,0.0018860909561576613
DS08a,lstm_autoencoder,1,0.005,pooled,11,per_engine,,0.010513465444480693,0.0012040237697595836,0.004443351657036477,0.020622725434694702,0.019418701664935117,0.015622725434694701,0.00928778486195948,0.00665845000263288,0.005513465444480693
DS08a,lstm_autoencoder,1,0.005,pooled,12,per_engine,,0.0066867971850275145,0.0009465435642796183,0.005519639648050039,0.011779494792964813,0.010832951228685194,0.006779494792964813,0.004570269287760681,0.003784196958911745,0.0016867971850275144
DS08a,lstm_autoencoder,1,0.005,pooled,13,per_engine,,0.006648452538298457,0.0011095495228937052,0.0070783295142346405,0.009643672546770107,0.008534123023876402,0.004643672546770107,0.003697690865309582,0.0035374841793703476,0.001648452538298457
DS08a,lstm_autoencoder,1,0.005,pooled,14,per_engine,,0.022549711030307472,0.0013115802943058222,0.046142044364891645,0.015883648730467492,0.04483046407058582,0.04114204436489165,0.02466256315508908,0.01857137093368444,0.01754971103030747
DS08a,lstm_autoencoder,1,0.005,pooled,15,per_engine,,0.003517166270911071,0.0072562358276643995,0.0009360202620856733,0.003576774293878662,0.006320215565578726,0.0040639797379143265,0.0028066648553505182,0.002581147090566688,0.0014828337290889292
DS08a,lstm_autoencoder,1,0.005,pooled,all,row_pooled,,0.009674718678867279,0.00215878597533525,0.012965424673799414,0.011544799973455144,0.010806638698464164,0.007965424673799414,0.006174001783296973,0.0057838128906397696,0.004674718678867279
DS08a,lstm_autoencoder,1,0.005,pooled,equal_engine,equal_engine,,0.00883825025214459,0.0030774731527606035,0.010914047002121757,0.010750479520307943,0.007836573849361154,0.005914047002121757,0.004890128700935612,0.0045290177898896986,0.0038382502521445904
DS08a,lstm_autoencoder,1,0.005,phase_conditioned,10,per_engine,,0.0030989022532696047,0.007664046142298424,0.002473875026658136,0.0016865891599803504,0.005977456982318073,0.0033134108400196495,0.0028552373295400077,0.002834527318553312,0.0019010977467303954
DS08a,lstm_autoencoder,1,0.005,phase_conditioned,11,per_engine,,0.00970311825806927,0.0013788014137569426,0.00574298811008272,0.01771863397419402,0.016339832560437077,0.01271863397419402,0.007646976759963277,0.005694273556839932,0.004703118258069269
DS08a,lstm_autoencoder,1,0.005,phase_conditioned,12,per_engine,,0.006769299309457219,0.001039646209946466,0.008518682754918664,0.009146176269790527,0.008106530059844061,0.004146176269790527,0.003883997431012173,0.0038750709382542417,0.0017692993094572187
DS08a,lstm_autoencoder,1,0.005,phase_conditioned,13,per_engine,,0.0061871856510516,0.0013129669354242177,0.007918131321008243,0.007542283358133512,0.006605164385584025,0.0036870330645757824,0.003086146891025928,0.0030491492479058457,0.0011871856510516
DS08a,lstm_autoencoder,1,0.005,phase_conditioned,14,per_engine,,0.022792427253826214,0.0015355086372360845,0.049900914146902765,0.012598709212000979,0.048365405509666684,0.04490091414690277,0.02636813211257576,0.018654704907222555,0.017792427253826213
DS08a,lstm_autoencoder,1,0.005,phase_conditioned,15,per_engine,,0.003374337183767474,0.008286951144094001,0.0015416804316705209,0.0023521178780397723,0.006745270712423481,0.0034583195683294795,0.003150412766191549,0.003131050944794569,0.001625662816232526
DS08a,lstm_autoencoder,1,0.005,phase_conditioned,all,row_pooled,,0.00949372449475429,0.002481363190040517,0.014950376211556083,0.009193368210323736,0.012469013021515566,0.009950376211556082,0.006401506465391246,0.0055541270772797675,0.00449372449475429
DS08a,lstm_autoencoder,1,0.005,phase_conditioned,equal_engine,equal_engine,,0.008654211651573563,0.0035363200804593557,0.012682711965206843,0.008507418308689861,0.009146391884747487,0.0076827119652068425,0.0049486835030248776,0.004217936731145782,0.0036542116515735626
DS08a,lstm_autoencoder,1,0.005,quantile_regression_W,10,per_engine,,0.005995212833807298,0.0020937858017619406,0.008338664960545958,0.005813001473718683,0.006244879158784017,0.0033386649605459577,0.0025983158700131504,0.0023526268775009,0.000995212833807298
DS08a,lstm_autoencoder,1,0.005,quantile_regression_W,11,per_engine,,0.0033939865924374614,0.0009709869110964384,0.0011064472505663955,0.006518888848043721,0.005547901936947283,0.004029013088903561,0.00335160274176847,0.0031471515621269625,0.0016060134075625387
DS08a,lstm_autoencoder,1,0.005,quantile_regression_W,12,per_engine,,0.004908876403567392,0.0010861975327798898,0.007958550190211683,0.0047464753627585905,0.006872352657431793,0.003913802467220111,0.0028363793659116547,0.0023752924315577346,9.112359643260841e-05
DS08a,lstm_autoencoder,1,0.005,quantile_regression_W,13,per_engine,,0.012108255790230012,0.012315999704120128,0.02045517257927129,0.004077830912002908,0.016377341667268383,0.01545517257927129,0.009886634192224747,0.007897780457129503,0.007108255790230012
DS08a,lstm_autoencoder,1,0.005,quantile_regression_W,14,per_engine,,0.045497843031296656,0.015626999360204733,0.10564469730870038,0.008953070452291084,0.0966916268564093,0.10064469730870038,0.05847482357893435,0.038408255707065395,0.04049784303129666
DS08a,lstm_autoencoder,1,0.005,quantile_regression_W,15,per_engine,,0.00532038349609898,0.001401772830344259,0.007598282127518996,0.005559551348094007,0.006196509297174737,0.003598227169655741,0.0025827250782708318,0.0022520202150895815,0.0003203834960989801
DS08a,lstm_autoencoder,1,0.005,quantile_regression_W,all,row_pooled,,0.014171933775743748,0.006557888430821367,0.029374185305163714,0.0058951699423755435,0.02347901536278817,0.024374185305163713,0.01411062548671601,0.00894241455945354,0.009171933775743747
DS08a,lstm_autoencoder,1,0.005,quantile_regression_W,equal_engine,equal_engine,,0.012870759691239632,0.005582623690051231,0.025183635736135787,0.005944803066151499,0.019601012046084557,0.020183635736135786,0.011670636296949647,0.007237020830779505,0.007870759691239633
DS08a,lstm_autoencoder,1,0.01,pooled,10,per_engine,,0.008366285744299295,0.011377553035989413,0.00417999573469823,0.010332405436384477,0.007197557301291183,0.00582000426530177,0.003458351986579369,0.00250998757922522,0.001633714255700705
DS08a,lstm_autoencoder,1,0.01,pooled,11,per_engine,,0.016759453173509013,0.00914669670252845,0.008956953933156537,0.0270068252276097,0.018049871294453165,0.017006825227609698,0.009849673022280065,0.0063010581973082375,0.006759453173509013
DS08a,lstm_autoencoder,1,0.01,pooled,12,per_engine,,0.013711853080216815,0.0016137791915586935,0.016768968655915234,0.01932183920501956,0.01770806001346087,0.00932183920501956,0.008226873085138657,0.0081590095564587,0.003711853080216815
DS08a,lstm_autoencoder,1,0.01,pooled,13,per_engine,,0.010897430211207012,0.004197795694947851,0.011865199812844169,0.014096345854583869,0.009898550159636019,0.005802204305052149,0.0042396774444827,0.003921249990826729,0.0008974302112070114
DS08a,lstm_autoencoder,1,0.01,pooled,14,per_engine,,0.030444857621747375,0.0038707613563659627,0.05746979479639455,0.024617723214860807,0.05359903344002859,0.04746979479639455,0.028894214047964138,0.02273891888496313,0.020444857621747373
DS08a,lstm_autoencoder,1,0.01,pooled,15,per_engine,,0.008123404331292067,0.012121212121212121,0.0030283008479242376,0.00983612930816632,0.009092911273287884,0.006971699152075763,0.0042083640342328275,0.0030855939883738547,0.0018765956687079328
DS08a,lstm_autoencoder,1,0.01,pooled,all,row_pooled,,0.015726878884576533,0.005763852210008401,0.019970832311603837,0.01830710185482176,0.014206980101595436,0.009970832311603837,0.007881843826397412,0.007504693985472399,0.005726878884576533
DS08a,lstm_autoencoder,1,0.01,pooled,equal_engine,equal_engine,,0.014717214027045263,0.007054633017100415,0.017044868963488825,0.01753521137443746,0.010480578357337043,0.0075352113744374585,0.006193673541987145,0.005841815773608622,0.004717214027045263
DS08a,lstm_autoencoder,1,0.01,phase_conditioned,10,per_engine,,0.007638456401521688,0.012325682455655197,0.004414587332053743,0.008170951367283446,0.007911095123601454,0.005585412667946257,0.003649248893340437,0.003246714585439336,0.002361543598478312
DS08a,lstm_autoencoder,1,0.01,phase_conditioned,11,per_engine,,0.017048862882941666,0.011865460053598478,0.009729710743075923,0.02542611721746376,0.015696406474387838,0.01542611721746376,0.008972515253092117,0.005853955509328772,0.0070488628829416655
DS08a,lstm_autoencoder,1,0.01,phase_conditioned,12,per_engine,,0.013212715227417106,0.0018310186981146713,0.018402688636310595,0.016341746226118618,0.016571669938195924,0.008402688636310595,0.007693182631954628,0.007637805388104847,0.0032127152274171056
DS08a,lstm_autoencoder,1,0.01,phase_conditioned,13,per_engine,,0.011074840552455802,0.005473777646275612,0.012872961980972491,0.012812794620443678,0.007399184334696879,0.004526222353724388,0.0034953499069604187,0.0034039929850468525,0.0010748405524558021
DS08a,lstm_autoencoder,1,0.01,phase_conditioned,14,per_engine,,0.0306463578827818,0.004942418426103647,0.05905516844595027,0.022724052198333053,0.05411275001984662,0.049055168445950266,0.029404592538032074,0.022278934072726558,0.020646357882781803
DS08a,lstm_autoencoder,1,0.01,phase_conditioned,15,per_engine,,0.007623502526289479,0.013976499690785404,0.003496310978967074,0.007542328402309352,0.010480188711818331,0.006503689021032926,0.00462423580552203,0.00431262010316966,0.0023764974737105213
DS08a,lstm_autoencoder,1,0.01,phase_conditioned,all,row_pooled,,0.015606513294156563,0.007036437046043466,0.021054941083850653,0.01628526871135788,0.014018504037807186,0.011054941083850653,0.007538767152159717,0.006767924249721689,0.005606513294156562
DS08a,lstm_autoencoder,1,0.01,phase_conditioned,equal_engine,equal_engine,,0.014540789245567924,0.008402476161755502,0.017995238019555018,0.015502998338658652,0.009592761857799515,0.007995238019555017,0.005679169661091234,0.0050319200654860554,0.004540789245567924
DS08a,lstm_autoencoder,1,0.01,quantile_regression_W,10,per_engine,,0.009161645644654206,0.003832023071149212,0.01128172318191512,0.009742917962993286,0.007449700110765909,0.006167976928850788,0.0036401852005836987,0.0025689273825908743,0.0008383543553457939
DS08a,lstm_autoencoder,1,0.01,quantile_regression_W,11,per_engine,,0.006272297702613106,0.0016895172253078028,0.002177769191591001,0.01202073300738889,0.010331215782081087,0.008310482774692197,0.006691656014660585,0.006051148863496694,0.003727702297386894
DS08a,lstm_autoencoder,1,0.01,quantile_regression_W,12,per_engine,,0.008456467754044667,0.002389634572115758,0.012731346418652414,0.008723544901873666,0.010341711846536657,0.007610365427884243,0.004726071406646108,0.0038727223148876636,0.0015435322459553327
DS08a,lstm_autoencoder,1,0.01,quantile_regression_W,13,per_engine,,0.0288291804529286,0.01766032990605814,0.057598406776000866,0.00845099219646285,0.049147414579538015,0.047598406776000864,0.027848928208333335,0.01893591482853205,0.0188291804529286
DS08a,lstm_autoencoder,1,0.01,quantile_regression_W,14,per_engine,,0.05784431357104258,0.019145873320537427,0.12402991753499969,0.022324706609813595,0.10488404421446226,0.11402991753499969,0.06642882779048098,0.04516683248845024,0.04784431357104258
DS08a,lstm_autoencoder,1,0.01,quantile_regression_W,15,per_engine,,0.009399939297637964,0.002308802308802309,0.012443563484197775,0.010594249946542775,0.010134761175395466,0.007691197691197691,0.00467185392984254,0.0035763370406460804,0.0006000607023620361
DS08a,lstm_autoencoder,1,0.01,quantile_regression_W,all,row_pooled,,0.02197519042282203,0.009025072402633082,0.04310106733089839,0.011951821087675445,0.03407599492826531,0.03310106733089839,0.019152377988325375,0.012009272005313584,0.01197519042282203
DS08a,lstm_autoencoder,1,0.01,quantile_regression_W,equal_engine,equal_engine,,0.019993974070486854,0.007837696733995108,0.03671045443122614,0.011976190770845843,0.028872757697231036,0.02671045443122614,0.01551374939958702,0.010282982822692292,0.009993974070486853
DS08a,lstm_autoencoder,1,0.02,pooled,10,per_engine,,0.02076939815266408,0.021411922727452296,0.008061420345489444,0.030260356967414442,0.022198936621925,0.011938579654510556,0.009125023014658827,0.007870286449792431,0.0007693981526640803
DS08a,lstm_autoencoder,1,0.02,pooled,11,per_engine,,0.026957198934972268,0.02509030178273197,0.015103883102969845,0.036405298435221604,0.021301415332251758,0.016405298435221604,0.01031207948083788,0.008797239038327909,0.0069571989349722675
DS08a,lstm_autoencoder,1,0.02,pooled,12,per_engine,,0.024482505424514682,0.00350686632011793,0.03247601932457348,0.03170818929550602,0.02896915300445555,0.01649313367988207,0.01372049820947953,0.013559114099987191,0.0044825054245146816
DS08a,lstm_autoencoder,1,0.02,pooled,13,per_engine,,0.021346899310760826,0.01566314076484947,0.019303444387124637,0.026772834149278144,0.011109693384428673,0.006772834149278144,0.004660644453326414,0.0039354163324346785,0.0013468993107608254
DS08a,lstm_autoencoder,1,0.02,pooled,14,per_engine,,0.04292871470310768,0.011404350607805503,0.07448699098638369,0.03652079817589241,0.06308264037857818,0.05448699098638368,0.03324481988517088,0.026534479518156864,0.022928714703107683
DS08a,lstm_autoencoder,1,0.02,pooled,15,per_engine,,0.018166074521076218,0.025273139558853845,0.00688250192710054,0.022782497132748866,0.018390637631753304,0.01311749807289946,0.008318995267727669,0.00705771158816739,0.0018339254789237827
DS08a,lstm_autoencoder,1,0.02,pooled,all,row_pooled,,0.02679070563658686,0.015005157690630728,0.03021566020933624,0.031210113589859867,0.01620495589922914,0.011210113589859867,0.009219089071154518,0.00880687203618846,0.006790705636586861
DS08a,lstm_autoencoder,1,0.02,pooled,equal_engine,equal_engine,,0.025775131841182627,0.017058286960301833,0.02605237667894027,0.030741662359343586,0.013683375399041752,0.010741662359343585,0.007318202177079857,0.0065785840259940075,0.005775131841182626
DS08a,lstm_autoencoder,1,0.02,phase_conditioned,10,per_engine,,0.020161623134468346,0.02243906293209023,0.0090850927703135,0.027722285901424594,0.018637193131111094,0.0109149072296865,0.007846823717545427,0.007025418687733775,0.0001616231344683458
DS08a,lstm_autoencoder,1,0.02,phase_conditioned,11,per_engine,,0.027125582765914903,0.026935176913815202,0.015683450710409386,0.03522895759046184,0.019545506880052452,0.015228957590461837,0.009977481744532966,0.008826894597955885,0.007125582765914903
DS08a,lstm_autoencoder,1,0.02,phase_conditioned,12,per_engine,,0.02485376498444835,0.0038637597951741796,0.034821574439283964,0.03025607126215065,0.030957814644109787,0.01613624020482582,0.013967155694000902,0.013737961968753478,0.004853764984448349
DS08a,lstm_autoencoder,1,0.02,phase_conditioned,13,per_engine,,0.021289240949854966,0.016902137732080776,0.02075510179597615,0.024489703192975682,0.0075875654608949065,0.004489703192975682,0.0031793271884839663,0.0027808890856236856,0.001289240949854966
DS08a,lstm_autoencoder,1,0.02,phase_conditioned,14,per_engine,,0.04374387485001969,0.012476007677543186,0.0776577382854951,0.03475594831695158,0.06518173060795192,0.0576577382854951,0.03463506535001574,0.026645892974967833,0.023743874850019688
DS08a,lstm_autoencoder,1,0.02,phase_conditioned,15,per_engine,,0.017826855439110174,0.026963512677798392,0.007625812135227398,0.020721964115623118,0.019337700542570994,0.012374187864772603,0.00820837511957131,0.006686554886064704,0.002173144560889826
DS08a,lstm_autoencoder,1,0.02,phase_conditioned,all,row_pooled,,0.026940493926887264,0.016135950344377762,0.0319657215131061,0.02937630650459558,0.01582977116872834,0.011965721513106101,0.009055835958806635,0.008402025891107973,0.006940493926887264
DS08a,lstm_autoencoder,1,0.02,phase_conditioned,equal_engine,equal_engine,,0.0258334903539694,0.01826327628808366,0.027604795022784248,0.028862488396597913,0.010599212108514253,0.008862488396597912,0.006816470669633692,0.0060680023770995,0.005833490353969399
DS08a,lstm_autoencoder,1,0.02,quantile_regression_W,10,per_engine,,0.015441987499343453,0.008730691739422432,0.01727447216890595,0.016816767643687572,0.008543780429483519,0.011269308260577569,0.006941632345595773,0.005726022815994682,0.004558012500656548
DS08a,lstm_autoencoder,1,0.02,quantile_regression_W,11,per_engine,,0.011286978667873418,0.0031654173301743894,0.004390663692723792,0.021223149407540835,0.018057732077366447,0.016834582669825612,0.013273415135701534,0.011222356128214218,0.008713021332126583
DS08a,lstm_autoencoder,1,0.02,quantile_regression_W,12,per_engine,,0.016615927860142397,0.0050275428660097755,0.027446495670642054,0.014651220754451175,0.022418952804632276,0.014972457133990225,0.010136307838979626,0.0092559106833937,0.003384072139857603
DS08a,lstm_autoencoder,1,0.02,quantile_regression_W,13,per_engine,,0.04655690880221408,0.021025963458835714,0.09199428934771393,0.019219191930665517,0.07277509741704842,0.07199428934771393,0.04157258696522008,0.024600353625294707,0.02655690880221408
DS08a,lstm_autoencoder,1,0.02,quantile_regression_W,14,per_engine,,0.06410913986865846,0.019593730006397952,0.132314773381065,0.031239130714828603,0.11272104337466705,0.112314773381065,0.06516924487868157,0.04132005802983189,0.044109139868658456
DS08a,lstm_autoencoder,1,0.02,quantile_regression_W,15,per_engine,,0.01666636910606845,0.009936095650381364,0.017564144917960576,0.019205722838870207,0.009269627188488843,0.010063904349618636,0.005995732842271038,0.004431345530929285,0.003333630893931551
DS08a,lstm_autoencoder,1,0.02,quantile_regression_W,all,row_pooled,,0.030843905444358555,0.011736847888891646,0.05695959113612018,0.02038644885138199,0.04522274324722854,0.036959591136120185,0.02186656810807481,0.015203064032870176,0.010843905444358554
DS08a,lstm_autoencoder,1,0.02,quantile_regression_W,equal_engine,equal_engine,,0.028446218634050044,0.011246573508536938,0.04849747319650189,0.02039253054834065,0.03725089968796495,0.02849747319650189,0.017213197786951843,0.012547810078768535,0.008446218634050044
DS08a,lstm_autoencoder,2,0.005,pooled,10,per_engine,,0.002941330952255896,0.006557895152688342,0.0010663254425250586,0.0028819387588013756,0.005491569710163284,0.003933674557474941,0.002731728161949462,0.0025365436504539694,0.002058669047744104
DS08a,lstm_autoencoder,2,0.005,pooled,11,per_engine,,0.01149745845655171,0.0016895172253078028,0.003951597323451413,0.022950900023281744,0.021261382797973943,0.017950900023281743,0.010556092332859802,0.007436595158174176,0.00649745845655171
DS08a,lstm_autoencoder,2,0.005,pooled,12,per_engine,,0.006245410819328598,0.0013499883621692916,0.004107638807851192,0.011649454372067318,0.010299466009898027,0.006649454372067318,0.004409615890292412,0.003730609067348945,0.0012454108193285978
DS08a,lstm_autoencoder,2,0.005,pooled,13,per_engine,,0.006626276245642358,0.0015163843479547303,0.0066824229481842285,0.009711825709644809,0.008195441361690078,0.004711825709644808,0.0035198213262333596,0.003292621436624769,0.0016262762456423583
DS08a,lstm_autoencoder,2,0.005,pooled,14,per_engine,,0.022696256674696148,0.0015035188739603326,0.04730550405932366,0.014969018511600346,0.04580198518536333,0.042305504059323665,0.02517513577628287,0.01859033456565456,0.017696256674696147
DS08a,lstm_autoencoder,2,0.005,pooled,15,per_engine,,0.003829604899037689,0.008534322820037106,0.0005506001541680432,0.003926676126975487,0.007983722665869063,0.004449399845831957,0.0033386934031508406,0.0030190155129645254,0.0011703951009623113
DS08a,lstm_autoencoder,2,0.005,pooled,all,row_pooled,,0.009780818717830066,0.002562893694856134,0.012658260521662816,0.01181909681129926,0.010095366826806682,0.007658260521662816,0.006085187553453137,0.005638154546035314,0.004780818717830066
DS08a,lstm_autoencoder,2,0.005,pooled,equal_engine,equal_engine,,0.008972723007918734,0.0035252711303529346,0.010610681455917266,0.011014968917061848,0.007489697786708913,0.006014968917061848,0.004824742573856992,0.004366793080875393,0.003972723007918733
DS08a,lstm_autoencoder,2,0.005,phase_conditioned,10,per_engine,,0.0028963105805376935,0.006834432900090863,0.002452548517807635,0.0016047158997871296,0.005229717000303733,0.0033952841002128703,0.0026697445096374654,0.002592389494165366,0.0021036894194623066
DS08a,lstm_autoencoder,2,0.005,phase_conditioned,11,per_engine,,0.01059765735995201,0.001844875131083233,0.005725425455311825,0.01951990589273242,0.017675030761649186,0.014519905892732419,0.008588921588563512,0.0061334854056536705,0.005597657359952011
DS08a,lstm_autoencoder,2,0.005,phase_conditioned,12,per_engine,,0.0064681665552887985,0.001427573900224998,0.007550120195112843,0.008983625743668656,0.007556051843443658,0.003983625743668656,0.0034222125062350938,0.0033687240128521673,0.0014681665552887984
DS08a,lstm_autoencoder,2,0.005,phase_conditioned,13,per_engine,,0.006298067114332094,0.0016458317922923293,0.008446006742408791,0.007122005520406193,0.006800174950116462,0.0034460067424087913,0.0030347056014797705,0.0029740601568408846,0.0012980671143320941
DS08a,lstm_autoencoder,2,0.005,phase_conditioned,14,per_engine,,0.023250382392540826,0.0016474728087012157,0.05238125679217542,0.011297615520373066,0.0507337839834742,0.04738125679217542,0.027663953049753578,0.019010466501282422,0.018250382392540825
DS08a,lstm_autoencoder,2,0.005,phase_conditioned,15,per_engine,,0.0037581903554658905,0.008740465883323027,0.002119810593546966,0.002565946776043388,0.00662065528977606,0.003740465883323027,0.003066550240819009,0.003018236171244224,0.0012418096445341096
DS08a,lstm_autoencoder,2,0.005,phase_conditioned,all,row_pooled,,0.009705924572679865,0.0027082306817013645,0.015399506988629763,0.009193368210323736,0.012691276306928399,0.010399506988629764,0.006607730048012152,0.005628214839084046,0.004705924572679865
DS08a,lstm_autoencoder,2,0.005,phase_conditioned,equal_engine,equal_engine,,0.008878129059686218,0.003690108735952611,0.013112528049393913,0.008515635892168477,0.009422419313441302,0.008112528049393913,0.005160381839946017,0.004312685068536593,0.003878129059686218
DS08a,lstm_autoencoder,2,0.005,quantile_regression_W,10,per_engine,,0.005327410653320628,0.0019752696243037176,0.00835999146939646,0.00438840674635664,0.006384721845092742,0.0033599914693964597,0.0026339186793305287,0.002332105032912034,0.00032741065332062783
DS08a,lstm_autoencoder,2,0.005,quantile_regression_W,11,per_engine,,0.0036413003441344545,0.0007767895288771507,0.0010186339767119198,0.007278608976951072,0.0065018194480739215,0.00422321047112285,0.003599946340555483,0.0034943951571206676,0.0013586996558655456
DS08a,lstm_autoencoder,2,0.005,quantile_regression_W,12,per_engine,,0.006422790386852462,0.0014896423306695631,0.011459378719630313,0.0051907801341583674,0.009969736388960749,0.006459378719630313,0.0042458835542923,0.003386838841039705,0.0014227903868524617
DS08a,lstm_autoencoder,2,0.005,quantile_regression_W,13,per_engine,,0.020575164326328582,0.008839411199053184,0.045145345698415176,0.004520826470688461,0.04062451922772672,0.04014534569841518,0.023285327761431444,0.014821310142259967,0.015575164326328581
DS08a,lstm_autoencoder,2,0.005,quantile_regression_W,14,per_engine,,0.05112611168609923,0.015978886756238004,0.11601355238764943,0.014054388292733198,0.10195916409491623,0.11101355238764943,0.06461817782298122,0.04368227581220688,0.04612611168609923
DS08a,lstm_autoencoder,2,0.005,quantile_regression_W,15,per_engine,,0.004990091232079413,0.001443001443001443,0.006552141834599714,0.005559551348094007,0.005109140391598271,0.003556998556998557,0.0022638080543160165,0.0018895639132307594,9.908767920586807e-06
DS08a,lstm_autoencoder,2,0.005,quantile_regression_W,all,row_pooled,,0.017226544981512736,0.006019078138126854,0.037445633235677504,0.006892814086469866,0.03142655509755065,0.03244563323567751,0.018773566358772004,0.01178584182009141,0.012226544981512735
DS08a,lstm_autoencoder,2,0.005,quantile_regression_W,equal_engine,equal_engine,,0.015347144771469126,0.005083833480357177,0.03142484068106717,0.006832093661496958,0.026341007200709993,0.02642484068106717,0.015293089945644388,0.009446922607640434,0.010347144771469127
DS08a,lstm_autoencoder,2,0.01,pooled,10,per_engine,,0.009491795037254358,0.014775016789791807,0.0039240776284922155,0.011576878991321435,0.010850939161299592,0.006075922371507785,0.004553539479008,0.004142606050873676,0.0005082049627456418
DS08a,lstm_autoencoder,2,0.01,pooled,11,per_engine,,0.018764273160669746,0.01322484172913349,0.007534378896714027,0.030094719945104095,0.022560341048390067,0.020094719945104096,0.011836055948880582,0.008595060925841187,0.008764273160669746
DS08a,lstm_autoencoder,2,0.01,pooled,12,per_engine,,0.013002334810121361,0.0019861897742260845,0.01440007468434196,0.019397696117209765,0.01741150634298368,0.009397696117209765,0.007569643405822256,0.007270527009108547,0.0030023348101213612
DS08a,lstm_autoencoder,2,0.01,pooled,13,per_engine,,0.010236576690055264,0.00316221614024706,0.010629491440020155,0.014209934459375035,0.011047718319127976,0.006837783859752941,0.004650272240704116,0.003892403253049377,0.00023657669005526342
DS08a,lstm_autoencoder,2,0.01,pooled,14,per_engine,,0.031122631227045,0.003166986564299424,0.06001406379850412,0.024527548404549963,0.0568470772342047,0.05001406379850412,0.030326810541718402,0.023791541879584887,0.021122631227044997
DS08a,lstm_autoencoder,2,0.01,pooled,15,per_engine,,0.009123207941297245,0.014265099979385694,0.003138420878757846,0.010924712788912,0.011126679100627848,0.006861579121242155,0.004694941945441552,0.004017130629846616,0.0008767920587027557
DS08a,lstm_autoencoder,2,0.01,pooled,all,row_pooled,,0.016145929458631237,0.006728039049567002,0.01946491488455532,0.01917865793635871,0.01273687583498832,0.009464914884555321,0.007843003330904048,0.007305177923782343,0.006145929458631237
DS08a,lstm_autoencoder,2,0.01,pooled,equal_engine,equal_engine,,0.015290136477740494,0.008430058496180594,0.01660675122113839,0.018455248451078713,0.01002518995489812,0.008455248451078713,0.006261126213733364,0.00554398039201217,0.005290136477740494
DS08a,lstm_autoencoder,2,0.01,phase_conditioned,10,per_engine,,0.008223721233858321,0.015644135424485443,0.004713158455960759,0.007843458326510561,0.010930976968524684,0.005644135424485443,0.004635286046233009,0.0043625062140047076,0.0017762787661416788
DS08a,lstm_autoencoder,2,0.01,phase_conditioned,11,per_engine,,0.0186958672293493,0.014545383928224647,0.008482762254342366,0.02844049063216067,0.019957728377818305,0.018440490632160668,0.011000215455262934,0.008167704102014317,0.008695867229349301
DS08a,lstm_autoencoder,2,0.01,phase_conditioned,12,per_engine,,0.013563349256243348,0.0021258437427263558,0.018787779774546643,0.01669935738358673,0.016661936031820288,0.008787779774546643,0.007833875147565025,0.007787097805135671,0.003563349256243348
DS08a,lstm_autoencoder,2,0.01,phase_conditioned,13,per_engine,,0.01051156271899089,0.0033286485686811157,0.012585029932935827,0.012960459806672195,0.009631811237991079,0.006671351431318884,0.004470407585491369,0.0040722803903089685,0.0005115627189908895
DS08a,lstm_autoencoder,2,0.01,phase_conditioned,14,per_engine,,0.03152105219772671,0.003470889315419066,0.06350444288180017,0.02188671467401806,0.060033553566381105,0.05350444288180017,0.03186768833873815,0.023973422746799717,0.02152105219772671
DS08a,lstm_autoencoder,2,0.01,phase_conditioned,15,per_engine,,0.008551891592722858,0.014965986394557823,0.00421209117938553,0.008592033901599828,0.010753895215172293,0.00578790882061447,0.004477472423921201,0.004053953771190821,0.0014481084072771426
DS08a,lstm_autoencoder,2,0.01,phase_conditioned,all,row_pooled,,0.01618070174030812,0.007238490905803909,0.02189641598802318,0.016862619313594285,0.014657925082219272,0.01189641598802318,0.008087978521252771,0.007173514798604519,0.006180701740308119
DS08a,lstm_autoencoder,2,0.01,phase_conditioned,equal_engine,equal_engine,,0.015177907371481905,0.00901348122901574,0.01871421074649522,0.016070419120758007,0.009700729517479478,0.008714210746495218,0.006157940037639791,0.005257049546079161,0.005177907371481905
DS08a,lstm_autoencoder,2,0.01,quantile_regression_W,10,per_engine,,0.008884020019058624,0.004108560818551732,0.011878865429729154,0.008563943016210905,0.007770304611177422,0.005891439181448268,0.0036652171646631704,0.0030687871983221724,0.0011159799809413763
DS08a,lstm_autoencoder,2,0.01,quantile_regression_W,11,per_engine,,0.006766925206007093,0.0016118382724200878,0.002089955917736525,0.013282848705412393,0.011671010432992306,0.008388161727579913,0.00692115477296517,0.006527018171751928,0.003233074793992907
DS08a,lstm_autoencoder,2,0.01,quantile_regression_W,12,per_engine,,0.008208961380755555,0.0031034215222282566,0.010864237869629145,0.009308726795912397,0.007760816347400889,0.006896578477771744,0.004032681508130584,0.002817363183829498,0.0017910386192444457
DS08a,lstm_autoencoder,2,0.01,quantile_regression_W,13,per_engine,,0.023670974781119992,0.01520082846364376,0.0436097081088863,0.009995797221622726,0.03361391088726357,0.0336097081088863,0.01963552149834691,0.012938246450302443,0.013670974781119992
DS08a,lstm_autoencoder,2,0.01,quantile_regression_W,14,per_engine,,0.05900294007199055,0.018921944977607165,0.12658697180847664,0.023187808365645973,0.10766502683086948,0.11658697180847664,0.06793634615614574,0.046232241717243265,0.04900294007199055
DS08a,lstm_autoencoder,2,0.01,quantile_regression_W,15,per_engine,,0.008801842495224152,0.0032158317872603586,0.00969056271335756,0.010808078844546392,0.0075922470572860334,0.006784168212739642,0.003948572788241133,0.002633894781309491,0.001198157504775848
DS08a,lstm_autoencoder,2,0.01,quantile_regression_W,all,row_pooled,,0.021101425396069663,0.008755667256285824,0.03999587006182001,0.012613230398283432,0.031240202805534186,0.02999587006182001,0.01739855892363102,0.011284477734605872,0.011101425396069663
DS08a,lstm_autoencoder,2,0.01,quantile_regression_W,equal_engine,equal_engine,,0.019222610659025995,0.007693737640285227,0.03412005030796922,0.012524533824891798,0.026426312667683992,0.024120050307969217,0.014064955788102403,0.009650282164191929,0.009222610659025994
DS08a,lstm_autoencoder,2,0.02,pooled,10,per_engine,,0.021812370097469103,0.024216805593963577,0.008445297504798464,0.03107908956934665,0.022633792064548186,0.011554702495201536,0.009557524520075005,0.008950199219503921,0.0018123700974691029
DS08a,lstm_autoencoder,2,0.02,pooled,11,per_engine,,0.027920143968175454,0.026935176913815202,0.011872354625125134,0.03973826416204095,0.02786590953691582,0.019738264162040952,0.012958322554715565,0.011600362150243673,0.007920143968175454
DS08a,lstm_autoencoder,2,0.02,pooled,12,per_engine,,0.02598816919535678,0.004034447978896734,0.03633860013536537,0.03170818929550602,0.03230415215646864,0.01633860013536537,0.014820373390497708,0.01467078048399155,0.005988169195356781
DS08a,lstm_autoencoder,2,0.02,pooled,13,per_engine,,0.019129270045150932,0.00819217397736519,0.018991518001751587,0.025977713915739973,0.017785539938374784,0.011807826022634811,0.007663220710641931,0.006264673978874399,0.0008707299548490685
DS08a,lstm_autoencoder,2,0.02,pooled,14,per_engine,,0.04226925930335864,0.009420985284708893,0.074397494086812,0.03635333067102941,0.06497650880210311,0.05439749408681199,0.033358828613062955,0.02710994649104417,0.02226925930335864
DS08a,lstm_autoencoder,2,0.02,pooled,15,per_engine,,0.02073699808966096,0.024366110080395794,0.00751569210439379,0.028361487471570475,0.020845795367176685,0.01248430789560621,0.009033923724931845,0.008403968482524159,0.0007369980896609583
DS08a,lstm_autoencoder,2,0.02,pooled,all,row_pooled,,0.0270858242323573,0.013764476095610469,0.030615747970522567,0.03237366307942442,0.018609186983813954,0.012373663079424422,0.010077754401634297,0.00974164498477884,0.007085824232357301
DS08a,lstm_autoencoder,2,0.02,pooled,equal_engine,equal_engine,,0.026309368449861977,0.016194283304857563,0.026260159409707728,0.03220301251420558,0.016008729209348014,0.012203012514205577,0.008217594737725794,0.00742296287301858,0.006309368449861977
DS08a,lstm_autoencoder,2,0.02,phase_conditioned,10,per_engine,,0.020274174063763854,0.026152569825781218,0.010322030283642567,0.025478958572130343,0.01583053954213865,0.009677969716357433,0.007337942498343017,0.007103166038089664,0.00027417406376385386
DS08a,lstm_autoencoder,2,0.02,phase_conditioned,11,per_engine,,0.027683354205912378,0.02914902707111508,0.013171991078171377,0.03688318690340526,0.023711195825233882,0.01688318690340526,0.011766738463424246,0.010953407632116321,0.007683354205912377
DS08a,lstm_autoencoder,2,0.02,phase_conditioned,12,per_engine,,0.027143198937372638,0.004577546745286679,0.04216164492263169,0.028955667053175694,0.03758409817734501,0.02216164492263169,0.01642350492878993,0.015513255076840234,0.007143198937372638
DS08a,lstm_autoencoder,2,0.02,phase_conditioned,13,per_engine,,0.01918249314752557,0.01005991567423626,0.022074790349477524,0.02204754818996558,0.012014874675241264,0.00994008432576374,0.005980593197663322,0.004687474288402282,0.0008175068524744304
DS08a,lstm_autoencoder,2,0.02,phase_conditioned,14,per_engine,,0.043400408495983735,0.010972488803582854,0.07963945534743976,0.03300398057376944,0.0686669665438569,0.05963945534743975,0.035625197558767634,0.027223649039208778,0.023400408495983734
DS08a,lstm_autoencoder,2,0.02,phase_conditioned,15,per_engine,,0.01956758493867276,0.02650999793856937,0.009002312520647506,0.023754446669128938,0.017507685417921862,0.010997687479352494,0.007690363512106508,0.007087377362350267,0.0004324150613272404
DS08a,lstm_autoencoder,2,0.02,phase_conditioned,all,row_pooled,,0.02722669655299697,0.0153525485372364,0.034182982073487085,0.028675079911074736,0.018830433536250683,0.014182982073487085,0.009966824921694505,0.009168504482441806,0.007226696552996969
DS08a,lstm_autoencoder,2,0.02,phase_conditioned,equal_engine,equal_engine,,0.02620853563153849,0.017903591009761913,0.029395370750335072,0.028353964660262545,0.011491779740573159,0.009395370750335072,0.007358818920984498,0.006615248133611901,0.006208535631538489
DS08a,lstm_autoencoder,2,0.02,quantile_regression_W,10,per_engine,,0.015599558800357162,0.008375143207047762,0.01889528684154404,0.01606353364990994,0.010520143634496278,0.011624856792952238,0.007114620016662986,0.005555345433832753,0.0044004411996428384
DS08a,lstm_autoencoder,2,0.02,quantile_regression_W,11,per_engine,,0.012834005114658865,0.003359614712393677,0.004250162454556631,0.024801186143685133,0.021441571431291457,0.016640385287606325,0.013515561322837672,0.012397136325578276,0.007165994885341136
DS08a,lstm_autoencoder,2,0.02,quantile_regression_W,12,per_engine,,0.013814980735753945,0.008534409186127705,0.014143347258851262,0.017197845663693798,0.008663436477566093,0.011465590813872295,0.0076072821026092596,0.006708132630442412,0.0061850192642460555
DS08a,lstm_autoencoder,2,0.02,quantile_regression_W,13,per_engine,,0.04298652568458215,0.02481692432872254,0.07658992477775245,0.0223315197019435,0.05425840507580895,0.056589924777752446,0.03281797439646385,0.021246122936139495,0.022986525684582152
DS08a,lstm_autoencoder,2,0.02,quantile_regression_W,14,per_engine,,0.06680191608430038,0.021529110684580934,0.13589464936393275,0.03364808636170405,0.11436553867935181,0.11589464936393275,0.06737996287723116,0.04369061547007258,0.04680191608430037
DS08a,lstm_autoencoder,2,0.02,quantile_regression_W,15,per_engine,,0.017889343164735498,0.008122036693465265,0.01874793524942187,0.0218883035592792,0.013766266865813935,0.011877963306534735,0.00698138880125849,0.005006110538797356,0.0021106568352645023
DS08a,lstm_autoencoder,2,0.02,quantile_regression_W,all,row_pooled,,0.030448036391421768,0.013541153408506822,0.0517119884361731,0.022775485826153317,0.03817083502766627,0.031711988436173094,0.018753401748657025,0.013648773617939864,0.010448036391421767
DS08a,lstm_autoencoder,2,0.02,quantile_regression_W,equal_engine,equal_engine,,0.028321054930731338,0.012456206468722981,0.04475355099100983,0.022655079180035936,0.03229734452228685,0.024753550991009832,0.015018838758476205,0.011650807900774262,0.008321054930731337
DS08a,cvae,0,0.005,pooled,10,per_engine,,0.002588671373796643,0.00880970252439458,0.0012582640221795692,0.0010316030784345833,0.007778099445959997,0.003968396921565417,0.003841119436621922,0.003839945141260143,0.0024113286262033573
DS08a,cvae,0,0.005,pooled,11,per_engine,,0.0027783332105534566,0.007146463665669787,0.0012996364530462425,0.001053805340097293,0.006092658325572494,0.003946194659902707,0.003360180994207971,0.003264340624175417,0.0022216667894465435
DS08a,cvae,0,0.005,pooled,12,per_engine,,0.0033454611456245,0.006749941810846458,0.003629192242163979,0.000704385613194768,0.006045556197651691,0.004295614386805232,0.0027924728115907168,0.0024721213184959036,0.0016545388543755001
DS08a,cvae,0,0.005,pooled,13,per_engine,,0.006825862879547249,0.016236408018344552,0.006622437104843257,0.001238115792223724,0.014998292226120829,0.011236408018344551,0.0069050932918295034,0.005540243110321361,0.0018258628795472485
DS08a,cvae,0,0.005,pooled,14,per_engine,,0.028700048543244705,0.02783109404990403,0.054337403311385285,0.0035683460651577416,0.050769057246227545,0.04933740331138529,0.03139791847673454,0.024533383765377195,0.023700048543244704
DS08a,cvae,0,0.005,pooled,15,per_engine,,0.005909553480566317,0.019006390434961863,0.003661491025217487,0.0013218513694768967,0.017684539065484967,0.014006390434961862,0.008396415041361073,0.006341016013422493,0.0009095534805663172
DS08a,cvae,0,0.005,pooled,all,row_pooled,,0.009051492399581662,0.014551422707309032,0.013884335918846715,0.0014776636103215246,0.013073759096987507,0.009551422707309031,0.00780102459284808,0.0073193650052780735,0.004051492399581662
DS08a,cvae,0,0.005,pooled,equal_engine,equal_engine,,0.008357988438888811,0.014296666750686879,0.011801404026472636,0.0014863512097641675,0.01281031554092271,0.00929666675068688,0.006953005039208367,0.00653723985579845,0.003357988438888811
DS08a,cvae,0,0.005,phase_conditioned,10,per_engine,,0.002528644211505706,0.0028838936514834273,0.0019407123053956068,0.0028328148026854428,0.0009431813460878205,0.003059287694604393,0.002485547488720164,0.0024475264134785077,0.002471355788494294
DS08a,cvae,0,0.005,phase_conditioned,11,per_engine,,0.00349396449205965,0.002932380471511244,0.0021426438820492106,0.00479113823230281,0.0026484943502535995,0.0028573561179507895,0.0020398658238051236,0.0017112791380455787,0.0015060355079403501
DS08a,cvae,0,0.005,phase_conditioned,12,per_engine,,0.00436023727610986,0.0021568779579486386,0.007223376199033771,0.003240173820695933,0.005066498241085133,0.0028431220420513615,0.0023183135285369345,0.0022754414734630665,0.00063976272389014
DS08a,cvae,0,0.005,phase_conditioned,13,per_engine,,0.009801921353995725,0.004974480360973445,0.01771981812292299,0.005270511262310165,0.012745337761949544,0.012719818122922989,0.007345465736884962,0.004338616341419903,0.004801921353995725
DS08a,cvae,0,0.005,phase_conditioned,14,per_engine,,0.03329333858455226,0.007949456174024313,0.07240299175349997,0.014299148492148351,0.06445353557947565,0.06740299175349997,0.039320633903519836,0.026550532139890875,0.02829333858455226
DS08a,cvae,0,0.005,phase_conditioned,15,per_engine,,0.004909749870561139,0.006019377447948876,0.006084131703556877,0.0035573353031510603,0.002526796400405817,0.0014426646968489398,0.0011966276724721218,0.0011820579494515643,9.025012943886072e-05
DS08a,cvae,0,0.005,phase_conditioned,all,row_pooled,,0.010777624125900625,0.004519625810430942,0.02114786469290038,0.0057956267350934045,0.016628238882469434,0.016147864692900377,0.009338403064832483,0.005807955205854279,0.005777624125900624
DS08a,cvae,0,0.005,phase_conditioned,equal_engine,equal_engine,,0.009731309298130724,0.00448607767731499,0.017918945661076404,0.00566518698554896,0.013432867983761414,0.012918945661076403,0.0074745289009484845,0.004699351656436791,0.004731309298130724
DS08a,cvae,0,0.005,quantile_regression_W,10,per_engine,,0.0021834880283328204,0.0020937858017619406,0.0007677543186180423,0.003307679711806124,0.0025399253931880817,0.004232245681381958,0.0031210005036552686,0.0029435933892712975,0.0028165119716671797
DS08a,cvae,0,0.005,quantile_regression_W,11,per_engine,,0.005719788257332589,0.0031265778537305318,0.006094241205500624,0.007094805719957358,0.003968227866226826,0.0020948057199573576,0.001741195504848553,0.0016874896905758165,0.0007197882573325891
DS08a,cvae,0,0.005,quantile_regression_W,12,per_engine,,0.005861775940730474,0.00277756226239429,0.009452237029430299,0.004681455152309843,0.00667467476703601,0.004452237029430299,0.0028788374322374338,0.0023310732049087223,0.0008617759407304739
DS08a,cvae,0,0.005,quantile_regression_W,13,per_engine,,0.01253847586775833,0.009209261040017753,0.019519393423152138,0.007973920056339947,0.01154547336681219,0.014519393423152137,0.008895220896278816,0.007234191506503279,0.007538475867758331
DS08a,cvae,0,0.005,quantile_regression_W,14,per_engine,,0.018299887343035875,0.00990083173384517,0.028089241194144347,0.015200896595256804,0.018188409460299176,0.023089241194144346,0.014845756991499377,0.01273032317441544,0.013299887343035874
DS08a,cvae,0,0.005,quantile_regression_W,15,per_engine,,0.0035350199068040207,0.0042877757163471445,0.0025052307014645963,0.003907237136247886,0.0017825450148825483,0.002494769298535404,0.0016253479585958792,0.0014332521486467912,0.0014649800931959794
DS08a,cvae,0,0.005,quantile_regression_W,all,row_pooled,,0.008932018406127768,0.005721314555321992,0.01318482763961127,0.00729098691559842,0.0074635130842892776,0.008184827639611269,0.00492477814137541,0.003732376370177227,0.003932018406127768
DS08a,cvae,0,0.005,quantile_regression_W,equal_engine,equal_engine,,0.008023072557332351,0.005232632401349471,0.011071349645385005,0.007027665728652994,0.005838717244035534,0.006071349645385005,0.0036980550139151134,0.002777215925129157,0.003023072557332351
DS08a,cvae,0,0.01,pooled,10,per_engine,,0.004907220517284071,0.018172480543594202,0.0021539773939006183,0.0015228426395939086,0.016649637904000293,0.008477157360406091,0.008169286094552275,0.008165220170033224,0.005092779482715929
DS08a,cvae,0,0.01,pooled,11,per_engine,,0.0057566222203512905,0.015089136598438652,0.002283145120216372,0.0022914139371883004,0.01280599147822228,0.007716854879783628,0.006949135669059448,0.006838192513677993,0.00424337777964871
DS08a,cvae,0,0.01,pooled,12,per_engine,,0.007656197147076538,0.015811932655752967,0.008226947044133778,0.001430444629872452,0.014381488025880514,0.008569555370127548,0.006065189121013886,0.005384846993915578,0.0023438028529234626
DS08a,cvae,0,0.01,pooled,13,per_engine,,0.017062439569602513,0.03443302019380132,0.021222991374035726,0.0024535138634892146,0.0319795063303121,0.024433020193801315,0.016123248888700363,0.014400832568115944,0.007062439569602513
DS08a,cvae,0,0.01,pooled,14,per_engine,,0.04635879869208012,0.05598208573256558,0.0772486096017388,0.007484509255800173,0.06976410034593862,0.0672486096017388,0.04705689958397259,0.03858206202616807,0.03635879869208012
DS08a,cvae,0,0.01,pooled,15,per_engine,,0.011649497420149613,0.039290867862296436,0.006910031934808942,0.0019633380634877435,0.03732752979880869,0.029290867862296434,0.017626597117728987,0.013472499287999916,0.0016494974201496128
DS08a,cvae,0,0.01,pooled,all,row_pooled,,0.0168324591225081,0.03038251985976753,0.023225739839706775,0.0028978133675467022,0.02748470649222083,0.02038251985976753,0.014615156118491323,0.013570148777309202,0.006832459122508098
DS08a,cvae,0,0.01,pooled,equal_engine,equal_engine,,0.015565129261090693,0.02979658726440819,0.019674283744805704,0.002857677064905299,0.02693891019950289,0.019796587264408187,0.01337297536329045,0.012204397981436197,0.005565129261090693
DS08a,cvae,0,0.01,phase_conditioned,10,per_engine,,0.004824683169134033,0.006478884367716193,0.004222648752399232,0.004601277222859014,0.002256235615316961,0.005777351247600768,0.004997407673267159,0.004899063219008521,0.005175316830865967
DS08a,cvae,0,0.01,phase_conditioned,11,per_engine,,0.007161574809778891,0.0052433293199207675,0.00421503714501484,0.010427771446776703,0.006212734301761863,0.00578496285498516,0.004331077602743568,0.0036564683272803655,0.002838425190221109
DS08a,cvae,0,0.01,phase_conditioned,12,per_engine,,0.010345766403484889,0.0042516874854527115,0.017912572642191985,0.007574854517279121,0.013660885156739274,0.007912572642191985,0.005817594955398307,0.005362010213153384,0.0003457664034848887
DS08a,cvae,0,0.01,phase_conditioned,13,per_engine,,0.025795463617574267,0.011298912641467564,0.04839657840749583,0.013301225621045697,0.03709766576602827,0.03839657840749583,0.022262692994141475,0.014332238890003032,0.015795463617574265
DS08a,cvae,0,0.01,phase_conditioned,14,per_engine,,0.05040712211831729,0.018410108765195138,0.10233331202454772,0.023857678385097968,0.08392320325935258,0.09233331202454773,0.054123949378840026,0.03820036639161361,0.04040712211831729
DS08a,cvae,0,0.01,phase_conditioned,15,per_engine,,0.010462230633268465,0.014182642754071325,0.012388503468780971,0.007347938495033338,0.006834704259037987,0.004182642754071325,0.0031745277577770064,0.0030744025759396527,0.0004622306332684647
DS08a,cvae,0,0.01,phase_conditioned,all,row_pooled,,0.020067172915424,0.00997508002396288,0.03732689751300285,0.011573556900003319,0.027351817489039976,0.02732689751300285,0.015803333298273027,0.00964179146301443,0.010067172915424001
DS08a,cvae,0,0.01,phase_conditioned,equal_engine,equal_engine,,0.01816614012525964,0.00997759422230395,0.03157810874007176,0.011185124281348642,0.02160051451776781,0.02157810874007176,0.012476909317875661,0.007595212933038817,0.00816614012525964
DS08a,cvae,0,0.01,quantile_regression_W,10,per_engine,,0.003901765548910882,0.004622130920870699,0.0013862230752825762,0.005534632389061733,0.004148409313779157,0.008613776924717424,0.00640463729500914,0.0061523378715949975,0.0060982344510891184
DS08a,cvae,0,0.01,quantile_regression_W,11,per_engine,,0.01185001210258785,0.005631724084359343,0.011749416041728867,0.015843840752858142,0.010212116668498798,0.005843840752858142,0.004331772759005645,0.003987177570075888,0.0018500121025878495
DS08a,cvae,0,0.01,quantile_regression_W,12,per_engine,,0.013101337359437006,0.005912017999844829,0.021623450883375733,0.010208173040453407,0.015711432883530906,0.011623450883375732,0.007114762663800116,0.0053065353079947706,0.0031013373594370054
DS08a,cvae,0,0.01,quantile_regression_W,13,per_engine,,0.02597287395882306,0.018751386936903616,0.04086235648386981,0.016311323648011633,0.024551032835858175,0.030862356483869806,0.018875951430738697,0.015308355689595017,0.01597287395882306
DS08a,cvae,0,0.01,quantile_regression_W,14,per_engine,,0.03300024729577491,0.023080614203454895,0.04984977306143323,0.024012263774202274,0.026769158857978332,0.039849773061433225,0.025530703196120396,0.02231421701303013,0.023000247295774906
DS08a,cvae,0,0.01,quantile_regression_W,15,per_engine,,0.006775454821374373,0.010101010101010102,0.0049829313952207905,0.006473183912291274,0.005118078705789311,0.00501706860477921,0.0035411679872648593,0.0028816315978326796,0.003224545178625627
DS08a,cvae,0,0.01,quantile_regression_W,all,row_pooled,,0.01762598042231382,0.012371367904630578,0.026000542054386122,0.013728114319843386,0.013629174149755544,0.01600054205438612,0.009583659150782162,0.007366674759620028,0.0076259804223138185
DS08a,cvae,0,0.01,quantile_regression_W,equal_engine,equal_engine,,0.01576694851448468,0.011349814041073913,0.021742358490151836,0.013063902919479745,0.010392544449077923,0.011742358490151835,0.007049644954575554,0.0053853584835684976,0.00576694851448468
DS08a,cvae,0,0.02,pooled,10,per_engine,,0.010174604008313761,0.03725358511436811,0.0049904030710172746,0.002931062714917308,0.0343225223994508,0.01725358511436811,0.016475464781621575,0.01644403977614451,0.009825395991686239
DS08a,cvae,0,0.02,pooled,11,per_engine,,0.013596994348617674,0.03656736707189187,0.004847292716767066,0.005207758948155228,0.031720074355124805,0.01656736707189187,0.015523021452475343,0.015504105135656527,0.006403005651382326
DS08a,cvae,0,0.02,pooled,12,per_engine,,0.019045615424597182,0.037396229342850494,0.02191518659416062,0.003565274872939672,0.03383095446991082,0.017396229342850494,0.013861179904581635,0.01191538035469048,0.0009543845754028182
DS08a,cvae,0,0.02,pooled,13,per_engine,,0.040440687287661994,0.07080775205266662,0.057454440751982534,0.005679430239558367,0.06512832181310825,0.05080775205266662,0.037369067060661704,0.034194254188363596,0.020440687287661994
DS08a,cvae,0,0.02,pooled,14,per_engine,,0.07369872047334243,0.1027831094049904,0.10885380042191395,0.014853079469772115,0.09400072095214183,0.08885380042191394,0.07017723240273016,0.0589279434523774,0.053698720473342426
DS08a,cvae,0,0.02,pooled,15,per_engine,,0.024120262091374908,0.08142650999793857,0.014508314062327938,0.0038877981455202847,0.07753871185241829,0.06142650999793857,0.03680116752479633,0.027676799263363448,0.004120262091374907
DS08a,cvae,0,0.02,pooled,all,row_pooled,,0.032516541352713084,0.0619135563960681,0.04186208587690203,0.006162830566400849,0.05575072582966725,0.0419135563960681,0.028438027748008774,0.025870937235523094,0.012516541352713084
DS08a,cvae,0,0.02,pooled,equal_engine,equal_engine,,0.030179480605651326,0.06103909216411768,0.03542823960302823,0.00602073406514383,0.05501835809897385,0.04103909216411768,0.026568512309253244,0.023482199234000693,0.010179480605651325
DS08a,cvae,0,0.02,phase_conditioned,10,per_engine,,0.009371740712672483,0.012641725595543793,0.008296011942844956,0.008842312100867857,0.004345713652698837,0.011703988057155045,0.010257055098934638,0.010073316786914465,0.010628259287327517
DS08a,cvae,0,0.02,phase_conditioned,11,per_engine,,0.01592805800822976,0.01023420204295646,0.008535450218655052,0.024678650639022658,0.016143200420367605,0.011464549781344948,0.009104879337087328,0.008636332792470381,0.004071941991770241
DS08a,cvae,0,0.02,phase_conditioned,12,per_engine,,0.02366573439266061,0.00989991465590814,0.04108805750694331,0.017100315348020676,0.03118814285103517,0.02108805750694331,0.013603015161536943,0.011362609167671497,0.0036657343926606092
DS08a,cvae,0,0.02,phase_conditioned,13,per_engine,,0.05186147800555294,0.023799837266069976,0.0927141194678056,0.030419028363074616,0.06891428220173562,0.0727141194678056,0.04246699928673037,0.028977661698983397,0.031861478005552946
DS08a,cvae,0,0.02,phase_conditioned,14,per_engine,,0.07228363909471429,0.039619321817018556,0.13158601291312408,0.03883957901245701,0.09274643390066707,0.11158601291312407,0.06631059695044789,0.05001497124753321,0.052283639094714285
DS08a,cvae,0,0.02,phase_conditioned,15,per_engine,,0.02061202263841031,0.02613894042465471,0.024556766875894726,0.015220729739711914,0.010918210684942796,0.00613894042465471,0.005205514323599071,0.005158325853612507,0.000612022638410311
DS08a,cvae,0,0.02,phase_conditioned,all,row_pooled,,0.03548466765277291,0.020854085210011947,0.06016287443697327,0.02346565206330948,0.03930878922696132,0.040162874436973264,0.023279437914247865,0.014827537236764896,0.01548466765277291
DS08a,cvae,0,0.02,phase_conditioned,equal_engine,equal_engine,,0.03228711214204007,0.020388990300358605,0.05112940315421129,0.022516769200525786,0.030740412853852688,0.031129403154211293,0.018032611027431276,0.011345054218365229,0.012287112142040067
DS08a,cvae,0,0.02,quantile_regression_W,10,per_engine,,0.007593436029803486,0.009718326551574289,0.003049690765621668,0.010201408220075323,0.007151717454453655,0.016950309234378333,0.012767643908342698,0.012343524820909573,0.012406563970196514
DS08a,cvae,0,0.02,quantile_regression_W,11,per_engine,,0.026046873848938657,0.010991571833611683,0.02630885684680096,0.03536374664559056,0.024372174811978876,0.015363746645590561,0.01090868405953564,0.010227010552926614,0.006046873848938657
DS08a,cvae,0,0.02,quantile_regression_W,12,per_engine,,0.029383131615639102,0.013515400729304058,0.048556491703036386,0.022659543341388616,0.03504109097373233,0.028556491703036386,0.016976419104862493,0.012566878105040313,0.009383131615639102
DS08a,cvae,0,0.02,quantile_regression_W,13,per_engine,,0.050570817772967985,0.03447000517789777,0.07825753122263146,0.03424696434453696,0.0440105668780945,0.058257531222631456,0.035619736977499684,0.028991500248355395,0.030570817772967985
DS08a,cvae,0,0.02,quantile_regression_W,14,per_engine,,0.057885529533526894,0.043857965451055664,0.08805216390717893,0.038788050549422234,0.0492641133577567,0.06805216390717893,0.04302437437608654,0.03689939330255227,0.03788552953352689
DS08a,cvae,0,0.02,quantile_regression_W,15,per_engine,,0.014541786434807448,0.01937744794887652,0.011672723268362516,0.014287658184787045,0.007704724680514006,0.008327276731637485,0.005841288608844785,0.004887390199324639,0.0054582135651925524
DS08a,cvae,0,0.02,quantile_regression_W,all,row_pooled,,0.03455473201715789,0.023959334002119793,0.05068466631390112,0.027343413004767014,0.026725332311781324,0.030684666313901116,0.018358928682382144,0.013995804440262641,0.01455473201715789
DS08a,cvae,0,0.02,quantile_regression_W,equal_engine,equal_engine,,0.031003595872613924,0.021988452948719997,0.04264957628560532,0.025924561880966795,0.02066112333688532,0.02264957628560532,0.013565368707707295,0.010187530371764036,0.011003595872613924
DS08a,cvae,1,0.005,pooled,10,per_engine,,0.004224411546224667,0.0045431201358985505,0.0015141821283855832,0.006173243818568855,0.0046590616901832724,0.003485817871614417,0.0021397948890877253,0.0017053138514282406,0.0007755884537753331
DS08a,cvae,1,0.005,pooled,11,per_engine,,0.0038465181380957893,0.0011457645550937974,0.0029680886562812835,0.006163535884522541,0.005017771329428744,0.0038542354449062027,0.0026036903507698304,0.0023498942243824865,0.0011534818619042108
DS08a,cvae,1,0.005,pooled,12,per_engine,,0.0066867971850275145,0.0014896423306695631,0.006966648773543072,0.010056459216072997,0.008566816885403433,0.005056459216072996,0.003730866662895501,0.0035111552196488353,0.0016867971850275144
DS08a,cvae,1,0.005,pooled,13,per_engine,,0.0030558931280104317,0.0020341741253051262,0.00250740825165261,0.004202778377273192,0.0021686042519680655,0.002965825874694874,0.0022836154856340036,0.002085213081923024,0.0019441068719895684
DS08a,cvae,1,0.005,pooled,14,per_engine,,0.026048488290087102,0.0014075495841330773,0.05303330563191204,0.018704832081621086,0.05162575604777896,0.04803330563191204,0.02891324132817907,0.021776862709800015,0.0210484882900871
DS08a,cvae,1,0.005,pooled,15,per_engine,,0.005650675760118548,0.005194805194805195,0.001569210439378923,0.00874754582742064,0.007178335388041717,0.0037475458274206395,0.0029355502494880182,0.002457713527615637,0.0006506757601185478
DS08a,cvae,1,0.005,pooled,all,row_pooled,,0.0088490998882829,0.0021056139069772386,0.013553940864447686,0.00902525079358057,0.011448326957470447,0.008553940864447687,0.005708181821420098,0.005157859250350339,0.0038490998882828994
DS08a,cvae,1,0.005,pooled,equal_engine,equal_engine,,0.008252130674594009,0.002635842654317552,0.011426473980192252,0.009008065867579886,0.008790631325874699,0.006426473980192251,0.004580880547525451,0.004266232397818194,0.003252130674594009
DS08a,cvae,1,0.005,phase_conditioned,10,per_engine,,0.004809676378561299,0.008967724094338877,0.0012582640221795692,0.005813001473718683,0.007709460072159308,0.003967724094338877,0.0031835197508827567,0.0028408205152926636,0.0001903236214387009
DS08a,cvae,1,0.005,phase_conditioned,11,per_engine,,0.003967544016585807,0.002505146230628811,0.0027573367990305414,0.005734661618203875,0.0032295153875750637,0.002494853769371189,0.0019827221402901403,0.0018240595295148409,0.0010324559834141928
DS08a,cvae,1,0.005,phase_conditioned,12,per_engine,,0.006521792936168106,0.0027620451547831484,0.0063598384951105095,0.009297890094170938,0.00653584493938779,0.004297890094170938,0.0029057105776721047,0.0026318944781660997,0.0015217929361681058
DS08a,cvae,1,0.005,phase_conditioned,13,per_engine,,0.003366361225195817,0.004253273171092536,0.0021714875289431694,0.003952883446732624,0.0020817856421493667,0.0028285124710568307,0.0017939283553197588,0.001540785284410557,0.0016336387748041832
DS08a,cvae,1,0.005,phase_conditioned,14,per_engine,,0.024940236854397745,0.00236724248240563,0.049875343604167996,0.017996315714893015,0.04750810112176237,0.044875343604168,0.027016242632286764,0.020168138945551795,0.019940236854397744
DS08a,cvae,1,0.005,phase_conditioned,15,per_engine,,0.005766724393422721,0.007544836116264688,0.0011562603237528907,0.008183815096320199,0.007027554772567308,0.003843739676247109,0.0032345635524728715,0.0031907969629439985,0.0007667243934227205
DS08a,cvae,1,0.005,phase_conditioned,all,row_pooled,,0.008761723385607663,0.003881560990134809,0.01260921750577546,0.008509838186986385,0.008727656515640652,0.00760921750577546,0.004880917296568198,0.004079164900875679,0.003761723385607663
DS08a,cvae,1,0.005,phase_conditioned,equal_engine,equal_engine,,0.008228722634055248,0.004733377874918949,0.01059642179553078,0.00849642790733989,0.005863043920611831,0.00559642179553078,0.003812961770168517,0.0031198239426505734,0.0032287226340552483
DS08a,cvae,1,0.005,quantile_regression_W,10,per_engine,,0.004487030381247515,0.005570260340536483,0.004137342716997228,0.004306533486163419,0.0014329176235392555,0.0008626572830027724,0.0007188579483502918,0.0007087947124586122,0.0005129696187524853
DS08a,cvae,1,0.005,quantile_regression_W,11,per_engine,,0.0042359057471506294,0.0020584922515244496,0.0029329633467394933,0.006518888848043721,0.004460396596519272,0.0029415077484755505,0.0022533036260104613,0.002175811083259926,0.0007640942528493707
DS08a,cvae,1,0.005,quantile_regression_W,12,per_engine,,0.004496365781418872,0.0016603305143921172,0.0017154059794151284,0.009059482655858863,0.007399152141466745,0.0040594826558588626,0.0035787031909329595,0.003561248720683872,0.0005036342185811282
DS08a,cvae,1,0.005,quantile_regression_W,13,per_engine,,0.003672394063849982,0.0025334714106072936,0.003215241203076074,0.004804797982666379,0.0022713265720590856,0.0024665285893927065,0.0017613660487492873,0.0014821631345500845,0.0013276059361500181
DS08a,cvae,1,0.005,quantile_regression_W,14,per_engine,,0.018052591568129987,0.003198976327575176,0.027475548168509875,0.020521210403596685,0.0242765718409347,0.022475548168509874,0.015804028222116455,0.013265927414843795,0.013052591568129986
DS08a,cvae,1,0.005,quantile_regression_W,15,per_engine,,0.005222188498687758,0.003875489589775304,0.0050930514260544,0.005948331162646036,0.002072841572870732,0.0011245104102246962,0.0008509826133437458,0.0007219643329750438,0.00022218849868775765
DS08a,cvae,1,0.005,quantile_regression_W,all,row_pooled,,0.006997252989747527,0.0027826715774025798,0.008027567337351419,0.008744317741917645,0.005961646164515066,0.003744317741917645,0.003060643977351541,0.0029964045006221616,0.0019972529897475267
DS08a,cvae,1,0.005,quantile_regression_W,equal_engine,equal_engine,,0.006694412673414124,0.0031495034057351374,0.0074282588067987,0.008526540756495851,0.005377037350760713,0.003526540756495851,0.0026930322553711107,0.002601765385853138,0.0016944126734141241
DS08a,cvae,1,0.01,pooled,10,per_engine,,0.00925168638809061,0.010547939793781852,0.005161015141821284,0.011855248075978386,0.006694232934157102,0.004838984858178717,0.0030087626415030975,0.0024140575759796514,0.0007483136119093899
DS08a,cvae,1,0.01,pooled,11,per_engine,,0.006609065364498374,0.0028158620421796714,0.00519854581218497,0.00998664362999179,0.007170781587812118,0.007184137957820328,0.004988853539217908,0.003999649505214523,0.003390934635501626
DS08a,cvae,1,0.01,pooled,12,per_engine,,0.010622148520324398,0.003056870199394833,0.010210749877471002,0.01628756271741133,0.013230692518016497,0.006943129800605167,0.005409402673872182,0.004480480798495833,0.0006221485203243976
DS08a,cvae,1,0.01,pooled,13,per_engine,,0.005890023329459875,0.0047525704563947035,0.004522932587909254,0.007883049172507013,0.0033601165845977598,0.0054770674120907465,0.0045466201753871106,0.004280482594396343,0.004109976670540126
DS08a,cvae,1,0.01,pooled,14,per_engine,,0.035862466912741225,0.002479206653870761,0.07185322508470242,0.02648562999987118,0.06937401843083166,0.061853225084702416,0.03721182510272192,0.02861988281023428,0.025862466912741224
DS08a,cvae,1,0.01,pooled,15,per_engine,,0.010837156987020407,0.008245722531436817,0.004349741217927541,0.01663977606282682,0.012290034844899277,0.006639776062826818,0.005134508736824566,0.0046814374378208205,0.0008371569870204067
DS08a,cvae,1,0.01,pooled,all,row_pooled,,0.013763582365281928,0.004328206364342102,0.019534607591342616,0.014705849822481281,0.015206401227000513,0.009534607591342616,0.006957562013572589,0.006637417016493931,0.0037635823652819277
DS08a,cvae,1,0.01,pooled,equal_engine,equal_engine,,0.013178757917022483,0.0053163619461764405,0.016882701620336078,0.014856318276431087,0.011566339674159636,0.006882701620336077,0.005564526760824608,0.005474219316863575,0.003178757917022483
DS08a,cvae,1,0.01,phase_conditioned,10,per_engine,,0.009859461406286345,0.018725556038399243,0.003198976327575176,0.011298509906664483,0.015526579710824067,0.008725556038399243,0.006431054323873448,0.005608363205829516,0.00014053859371365544
DS08a,cvae,1,0.01,phase_conditioned,11,per_engine,,0.006835331137327538,0.005884180681244417,0.003723282811429776,0.009606783565538115,0.00588350075410834,0.006276717188570225,0.004339422638027072,0.0035952509805958974,0.003164668862672462
DS08a,cvae,1,0.01,phase_conditioned,12,per_engine,,0.010745901706968954,0.0059585693226782525,0.009183840175508204,0.015539830297250729,0.009581260974572476,0.005539830297250728,0.003987020545931882,0.003465806933021424,0.0007459017069689541
DS08a,cvae,1,0.01,phase_conditioned,13,per_engine,,0.006533135816486743,0.009190768547969524,0.0038510911424903724,0.007440053613821462,0.005339677405479151,0.006148908857509627,0.003873726077952349,0.003172695565239547,0.0034668641835132576
DS08a,cvae,1,0.01,phase_conditioned,14,per_engine,,0.03376045282604116,0.004398592450415867,0.0653199514159688,0.02560964612828011,0.06092135896555294,0.0553199514159688,0.03334333438361065,0.02551033503127768,0.02376045282604116
DS08a,cvae,1,0.01,phase_conditioned,15,per_engine,,0.011283497884344146,0.014265099979385694,0.0031659508864662483,0.015609509554263943,0.012443558667797694,0.006834049113533752,0.00566750687574133,0.005569552882394462,0.0012834978843441463
DS08a,cvae,1,0.01,phase_conditioned,all,row_pooled,,0.013665506699013804,0.008078609585860484,0.017278628860524243,0.014055500868237975,0.009200019274663759,0.007278628860524243,0.004936843340471811,0.004418506714300578,0.003665506699013804
DS08a,cvae,1,0.01,phase_conditioned,equal_engine,equal_engine,,0.013169630129575815,0.009737127836682166,0.01474051545990643,0.014184055510969807,0.005003387623224264,0.00474051545990643,0.003653669804399228,0.003062481044731357,0.003169630129575815
DS08a,cvae,1,0.01,quantile_regression_W,10,per_engine,,0.009694386709986269,0.013036779520404536,0.009596928982725527,0.00838382184378582,0.004652957676618715,0.0030367795204045353,0.0019997106401626334,0.001685342897964396,0.0003056132900137315
DS08a,cvae,1,0.01,quantile_regression_W,11,per_engine,,0.008798055166752613,0.00582592146657863,0.005813238729166301,0.012755946035363747,0.006942707306197446,0.004186761270833699,0.0037659500833990204,0.0037055952798729385,0.0012019448332473877
DS08a,cvae,1,0.01,quantile_regression_W,12,per_engine,,0.00821308648697704,0.004127550624563581,0.003664200527458165,0.015290586157197195,0.01162638562973903,0.006335799472541835,0.005848598650105612,0.0058329450017251495,0.0017869135130229603
DS08a,cvae,1,0.01,quantile_regression_W,13,per_engine,,0.007460104849511678,0.00854353132628153,0.006034575840101736,0.008144302963526698,0.0025089554861797937,0.003965424159898264,0.002663925753257392,0.002425863290030012,0.002539895150488322
DS08a,cvae,1,0.01,quantile_regression_W,14,per_engine,,0.024587611397587493,0.006317978246960973,0.031579620277440386,0.03225681785976529,0.025938839612804312,0.022256817859765285,0.018024087926541855,0.015839486630081567,0.014587611397587493
DS08a,cvae,1,0.01,quantile_regression_W,15,per_engine,,0.010685401081930335,0.00808080808080808,0.011149653121902874,0.011585638473650448,0.0035048303928423667,0.0019191919191919194,0.0015831665834136668,0.00155149450491508,0.0006854010819303345
DS08a,cvae,1,0.01,quantile_regression_W,all,row_pooled,,0.01177175474307296,0.00690882408198424,0.011545758424428584,0.015000055301781823,0.008091231219797584,0.005000055301781823,0.0035092872345482084,0.0032123298814087224,0.0017717547430729595
DS08a,cvae,1,0.01,quantile_regression_W,equal_engine,equal_engine,,0.011573107615457573,0.007655428210932888,0.011306369579799164,0.014736185555548202,0.007080757344615314,0.004736185555548202,0.0031429854156887964,0.002795708974804826,0.0015731076154575727
DS08a,cvae,1,0.02,pooled,10,per_engine,,0.019989045042881903,0.024453837948880022,0.014139475367882277,0.022629769117406256,0.010314362580997745,0.005860524632117723,0.004512874436890013,0.004314710566134667,1.0954957118097103e-05
DS08a,cvae,1,0.02,pooled,11,per_engine,,0.013970595973521642,0.007165883403891716,0.009466270921512495,0.02140695266453455,0.014241069260642832,0.012834116596108284,0.00962035191493735,0.008258266113043445,0.006029404026478358
DS08a,cvae,1,0.02,pooled,12,per_engine,,0.018571228209126385,0.0070758010706804255,0.014843512964734988,0.030061010630804408,0.02298520956012398,0.012924198929319574,0.009913765033572271,0.009380565531796331,0.0014287717908736154
DS08a,cvae,1,0.02,pooled,13,per_engine,,0.012174784668198308,0.010448258007249057,0.009225822705841422,0.016027352136033714,0.006801529430192292,0.010774177294158579,0.008623622643899332,0.00809952238362527,0.007825215331801692
DS08a,cvae,1,0.02,pooled,14,per_engine,,0.05142378252626373,0.005134357005758158,0.09530141277248609,0.04449482783052289,0.09016705576672793,0.07530141277248609,0.04651625772283472,0.03822062786575027,0.031423782526263724
DS08a,cvae,1,0.02,pooled,15,per_engine,,0.020745924907607433,0.017233560090702947,0.011617663252945712,0.02884746223976051,0.0172297989868148,0.00884746223976051,0.007215593003968471,0.006665412965370617,0.0007459249076074322
DS08a,cvae,1,0.02,pooled,all,row_pooled,,0.023287621156882727,0.00974112292318763,0.02870048913955319,0.027102297236016943,0.018959366216365563,0.01025887707681237,0.00878228702509324,0.008687221150794169,0.0032876211568827265
DS08a,cvae,1,0.02,pooled,equal_engine,equal_engine,,0.022812560221266567,0.011918616254527054,0.025765692997567164,0.027244562436510387,0.015325946181983333,0.008081383745472947,0.0070954366527669665,0.007030546393183498,0.0028125602212665662
DS08a,cvae,1,0.02,phase_conditioned,10,per_engine,,0.02139217996143255,0.0423497807450717,0.010940499040307103,0.02073030948092353,0.0314092817047646,0.022349780745071702,0.013929831405169998,0.010713197061896043,0.0013921799614325485
DS08a,cvae,1,0.02,phase_conditioned,11,per_engine,,0.014438913503330843,0.01306948382335806,0.007938319956444615,0.01983849820485486,0.011900178248410243,0.012061680043555385,0.00803206620942235,0.006384566005114156,0.005561086496669157
DS08a,cvae,1,0.02,phase_conditioned,12,per_engine,,0.01875685798909322,0.013127473039025526,0.01330314841179079,0.027752793159873862,0.014625320120848335,0.0077527931598738616,0.007122388405668615,0.007107390569685849,0.0012431420109067816
DS08a,cvae,1,0.02,phase_conditioned,13,per_engine,,0.012392112336228079,0.01640284044677861,0.007318272887598527,0.014732442041414405,0.009084567559180082,0.012681727112401474,0.008195790103295086,0.007182148208069487,0.007607887663771922
DS08a,cvae,1,0.02,phase_conditioned,14,per_engine,,0.0490973704215935,0.009644913627639156,0.0882439429776897,0.04142888427995414,0.07859902935005054,0.0682439429776897,0.04172793088729611,0.033342637876668225,0.029097370421593497
DS08a,cvae,1,0.02,phase_conditioned,15,per_engine,,0.0222813375944011,0.03236446093588951,0.008974782512939103,0.02692300215772797,0.023389678422950408,0.012364460935889509,0.010366022601879618,0.010104226860226126,0.002281337594401099
DS08a,cvae,1,0.02,phase_conditioned,all,row_pooled,,0.02331793545372924,0.017249018975338794,0.025664984577262108,0.02509373652019068,0.008415965601923314,0.0056649845772621076,0.004676398136592871,0.0045032340407046645,0.0033179354537292392
DS08a,cvae,1,0.02,phase_conditioned,equal_engine,equal_engine,,0.023059795301013212,0.021159825436293758,0.022786494297794974,0.025234321554124795,0.004074496117831037,0.005234321554124795,0.0034884508331680846,0.003060213762737842,0.0030597953010132115
DS08a,cvae,1,0.02,quantile_regression_W,10,per_engine,,0.020446752155350297,0.026942677675502708,0.021262529323949668,0.01712788603242181,0.009814791643080897,0.006942677675502707,0.004398628280214724,0.0036924403223435216,0.0004467521553502968
DS08a,cvae,1,0.02,quantile_regression_W,11,per_engine,,0.017922354005956577,0.013302520682021207,0.012662674089815416,0.02450710093249519,0.011844426842679773,0.007337325910184584,0.006298320928171219,0.006180635386886189,0.0020776459940434235
DS08a,cvae,1,0.02,quantile_regression_W,12,per_engine,,0.014792630910245939,0.009217161921017921,0.007316731626484935,0.0256287996185481,0.018312067992063162,0.012683268373515065,0.0101459068728547,0.009698302023681748,0.005207369089754062
DS08a,cvae,1,0.02,quantile_regression_W,13,per_engine,,0.01485368082105506,0.020878023522449884,0.01072546878936571,0.015061848995308791,0.010152554733084174,0.00927453121063429,0.006087506052786523,0.005030235245925128,0.00514631917894494
DS08a,cvae,1,0.02,quantile_regression_W,14,per_engine,,0.03531750029767084,0.011516314779270634,0.04215303969826759,0.047599417728367704,0.03608310294909707,0.027599417728367704,0.021011567780172737,0.019412047549121556,0.01531750029767084
DS08a,cvae,1,0.02,quantile_regression_W,15,per_engine,,0.020986948992162253,0.014759843331271902,0.023758396652351063,0.021966059522189607,0.008998553321079161,0.005240156668728098,0.0038923076854231204,0.003654870947756256,0.000986948992162253
DS08a,cvae,1,0.02,quantile_regression_W,all,row_pooled,,0.020621746228321934,0.014774745394412678,0.0190983828710814,0.02557596805769082,0.01080122266327814,0.005575968057690818,0.004442507509682614,0.003900946597398914,0.0006217462283219337
DS08a,cvae,1,0.02,quantile_regression_W,equal_engine,equal_engine,,0.02071997786374016,0.01610275698525571,0.019646473363372396,0.0253151854715552,0.009212428486299492,0.005315185471555201,0.003810716502873175,0.0031886517076423655,0.0007199778637401594
DS08a,cvae,2,0.005,pooled,10,per_engine,,0.0024686170492147696,0.0023308181566783865,0.0022819364470036256,0.002669068282299001,0.0003871318352953756,0.0027180635529963745,0.002578477836723931,0.0025727257046729954,0.0025313829507852305
DS08a,cvae,2,0.005,pooled,11,per_engine,,0.00829816566864167,0.0021555909426340934,0.008096383849382672,0.012314818218578834,0.01015922727594474,0.007314818218578834,0.004871167601277127,0.004418537041775804,0.0032981656686416694
DS08a,cvae,2,0.005,pooled,12,per_engine,,0.005630769992327303,0.002141360850337497,0.008693724181389596,0.005223290239382741,0.006552363331052099,0.003693724181389596,0.0026997082957959857,0.002258551190144947,0.0006307699923273026
DS08a,cvae,2,0.005,pooled,13,per_engine,,0.018503898592248942,0.01753088246172054,0.031660528115364774,0.00664493338028329,0.025015594735081484,0.026660528115364773,0.01703440225431251,0.013612114652456202,0.013503898592248941
DS08a,cvae,2,0.005,pooled,14,per_engine,,0.0297625044650626,0.010540626999360205,0.056421402544269,0.01838277918765378,0.0458807755449088,0.051421402544269,0.030843464818073933,0.023448269577094328,0.0247625044650626
DS08a,cvae,2,0.005,pooled,15,per_engine,,0.004061702165646034,0.0037105751391465678,0.0025327607091729988,0.005306844468635189,0.00277408375946219,0.0024672392908270013,0.0016169971879917242,0.0013545028734385407,0.0009382978343539664
DS08a,cvae,2,0.005,pooled,all,row_pooled,,0.01283632152056513,0.007107333137187481,0.021829304492598376,0.00870450045900479,0.014721971355410896,0.016829304492598375,0.010023134345211033,0.007547046029596881,0.00783632152056513
DS08a,cvae,2,0.005,pooled,equal_engine,equal_engine,,0.01145427632219022,0.006401642424979548,0.01828112264109711,0.008423622296138807,0.011879480216117563,0.013281122641097109,0.00795977406969954,0.006035462454071821,0.00645427632219022
DS08a,cvae,2,0.005,phase_conditioned,10,per_engine,,0.002603678164369377,0.0048591632757871445,0.0018554062699936021,0.0022433273292942527,0.0030037570057935424,0.003144593730006398,0.0024157503267169065,0.0020140343749750003,0.002396321835630623
DS08a,cvae,2,0.005,phase_conditioned,11,per_engine,,0.00829816566864167,0.004194663455936614,0.007534378896714027,0.01142030903454276,0.007225645578606145,0.006420309034542759,0.00401214869450044,0.0032533414917733905,0.0032981656686416694
DS08a,cvae,2,0.005,phase_conditioned,12,per_engine,,0.005201758945292841,0.0036465202886182017,0.006756599061777954,0.004844005678431713,0.003110078773159752,0.0017565990617779536,0.0012834694933815001,0.001088691031576013,0.0002017589452928412
DS08a,cvae,2,0.005,phase_conditioned,13,per_engine,,0.01731968456441326,0.02925512242029736,0.021654889446090723,0.005883889728182469,0.023371232692114892,0.02425512242029736,0.01699487733736946,0.013931300531523519,0.01231968456441326
DS08a,cvae,2,0.005,phase_conditioned,14,per_engine,,0.030046436651065662,0.01711452335252719,0.052892667646870804,0.017442384737269247,0.03577814429434362,0.04789266764687081,0.029412481638145752,0.024149858578889082,0.02504643665106566
DS08a,cvae,2,0.005,phase_conditioned,15,per_engine,,0.0038028244451982648,0.0056483199340342195,0.002064750578130162,0.004159944015706705,0.0035835693559040575,0.002935249421869838,0.001802008320569056,0.0014745417800657845,0.0011971755548017353
DS08a,cvae,2,0.005,phase_conditioned,all,row_pooled,,0.0125510104914215,0.011921177725866084,0.018357575210046075,0.007967880725116963,0.010389694484929112,0.013357575210046074,0.008853169537959895,0.0077488778870097065,0.0075510104914215
DS08a,cvae,2,0.005,phase_conditioned,equal_engine,equal_engine,,0.011212091406496845,0.010786385454533457,0.01545978198326288,0.007665643420571191,0.007794138562691688,0.010459781983262879,0.007070948795634656,0.006303936952789176,0.006212091406496845
DS08a,cvae,2,0.005,quantile_regression_W,10,per_engine,,0.003894262153624515,0.0049381740607592935,0.004563872894007251,0.002947437366955952,0.0019907366938033415,0.002052562633044048,0.0012120289685637773,0.000850171892759168,0.0011057378463754852
DS08a,cvae,2,0.005,quantile_regression_W,11,per_engine,,0.00525147072752339,0.0035538120946129645,0.004056973252076784,0.007156073472288596,0.0036022613776756315,0.002156073472288596,0.00159472168134892,0.0015150960418662824,0.0002514707275233898
DS08a,cvae,2,0.005,quantile_regression_W,12,per_engine,,0.006996180151638905,0.002948250446116844,0.011179312437276823,0.005938512554318967,0.008231061991159978,0.0061793124372768226,0.003797998781988486,0.003056524848492982,0.0019961801516389047
DS08a,cvae,2,0.005,quantile_regression_W,13,per_engine,,0.02311656746471752,0.01533027590798136,0.04602113901119336,0.006213296682076854,0.03980784232911651,0.041021139011193364,0.02443304139172614,0.017521570533750527,0.018116567464717518
DS08a,cvae,2,0.005,quantile_regression_W,14,per_engine,,0.02146435735155384,0.016938579654510556,0.031579620277440386,0.014917490048565577,0.01666213022887481,0.026579620277440385,0.01777041086678837,0.016145229993505504,0.01646435735155384
DS08a,cvae,2,0.005,quantile_regression_W,15,per_engine,,0.004999018050025888,0.002762317048031334,0.005148111441471204,0.005948331162646036,0.003186014114614702,0.002237682951968666,0.0014057612394086775,0.0011113751853619686,9.819499741121201e-07
DS08a,cvae,2,0.005,quantile_regression_W,all,row_pooled,,0.012189913720161594,0.008695405578813412,0.02038124491824013,0.007350712839967704,0.013030532078272426,0.015381244918240129,0.00923335562842318,0.007142454445673748,0.007189913720161594
DS08a,cvae,2,0.005,quantile_regression_W,equal_engine,equal_engine,,0.010953642649847344,0.007745234868668725,0.017091504885577632,0.007186856881141998,0.009904648004435634,0.012091504885577632,0.007269184913058236,0.005674532211796118,0.005953642649847344
DS08a,cvae,2,0.01,pooled,10,per_engine,,0.006302852040548348,0.00790107849721487,0.005224994668372787,0.00646798755526445,0.0026760838288420836,0.004775005331627213,0.0036369061623715694,0.0034686464263826307,0.0036971479594516523
DS08a,cvae,2,0.01,pooled,11,per_engine,,0.014086359857294704,0.007165883403891716,0.01203041851806319,0.01988751240671985,0.012721629002828132,0.009887512406719848,0.006053035542377869,0.004917349173630441,0.0040863598572947035
DS08a,cvae,2,0.01,pooled,12,per_engine,,0.018117466524763013,0.005570641632399721,0.034961607580460706,0.011237659705891915,0.029390965948060985,0.024961607580460704,0.014654156066876641,0.010209541884650966,0.008117466524763013
DS08a,cvae,2,0.01,pooled,13,per_engine,,0.05419442399297455,0.03872327834899031,0.10759060861636653,0.013142201574338062,0.09444840704202848,0.09759060861636654,0.05876174220233258,0.04315202951323163,0.044194423992974546
DS08a,cvae,2,0.01,pooled,14,per_engine,,0.050636099687674595,0.02340051183621241,0.09432973214856485,0.028546768521261933,0.07092922031235244,0.08432973214856486,0.050448191458506667,0.03875900416867973,0.04063609968767459
DS08a,cvae,2,0.01,pooled,15,per_engine,,0.008873257038795952,0.007709750566893424,0.005175641449179606,0.01203273526038528,0.0068570938112056746,0.0048243585508203944,0.0032990751497721533,0.0030491144147707498,0.0011267429612040487
DS08a,cvae,2,0.01,pooled,all,row_pooled,,0.02869069877129022,0.016561326891241852,0.05281158447659487,0.01558846626038291,0.03722311821621196,0.04281158447659487,0.025213182604303053,0.01832045920940654,0.018690698771290218
DS08a,cvae,2,0.01,pooled,equal_engine,equal_engine,,0.025368409857008528,0.015078524047600407,0.043218833830167946,0.015219144170643581,0.02814030978256754,0.033218833830167944,0.019634338910968618,0.014505500682803976,0.015368409857008528
DS08a,cvae,2,0.01,phase_conditioned,10,per_engine,,0.006655511619007601,0.011891123138308379,0.004777137982512262,0.005927624037989193,0.007113985155796116,0.005222862017487738,0.003976551284464335,0.0037287870392689743,0.0033444883809923996
DS08a,cvae,2,0.01,phase_conditioned,11,per_engine,,0.014165289778049062,0.01071969549850468,0.011152285779518432,0.01844159345170263,0.0077218979531979495,0.00844159345170263,0.0049364705384878985,0.0034378582432419134,0.004165289778049062
DS08a,cvae,2,0.01,phase_conditioned,12,per_engine,,0.01637254659307477,0.008472340755683141,0.029091885079468808,0.010078132619555912,0.02061954432378567,0.01909188507946881,0.011058027602314214,0.006899225647780526,0.006372546593074771
DS08a,cvae,2,0.01,phase_conditioned,13,per_engine,,0.051280459137963155,0.05033656335527776,0.09363790145525656,0.01175642059588582,0.08188148085937075,0.08363790145525657,0.053620337921548626,0.041910295135473376,0.04128045913796315
DS08a,cvae,2,0.01,phase_conditioned,14,per_engine,,0.049353825299273686,0.03213371721049264,0.08561017707600845,0.026691743852010254,0.05891843322399819,0.07561017707600845,0.04649521347350547,0.038145212712837114,0.039353825299273684
DS08a,cvae,2,0.01,phase_conditioned,15,per_engine,,0.008819696131117102,0.009894867037724181,0.00484528135667878,0.011119102696188014,0.006273821339509234,0.00515471864332122,0.00304601204178926,0.0021263181005950174,0.0011803038688828985
DS08a,cvae,2,0.01,phase_conditioned,all,row_pooled,,0.02752805632752993,0.022580405029368707,0.0465366596543758,0.014325373563536217,0.03221128609083958,0.036536659654375796,0.02244922378663158,0.017814146082426905,0.017528056327529927
DS08a,cvae,2,0.01,phase_conditioned,equal_engine,equal_engine,,0.024441221426414233,0.02057471783266513,0.038185778121573886,0.014002436208888637,0.02418334191268525,0.028185778121573885,0.01753360812045733,0.014254310721042551,0.014441221426414233
DS08a,cvae,2,0.01,quantile_regression_W,10,per_engine,,0.00863640797460851,0.011930628530794454,0.009404990403071018,0.006680858031766825,0.005249770499027629,0.0033191419682331753,0.0022433655037050874,0.001948260031985537,0.0013635920253914895
DS08a,cvae,2,0.01,quantile_regression_W,11,per_engine,,0.010034623925237579,0.007631957121218006,0.00781538137304835,0.013099045448418679,0.005467088327200673,0.003099045448418679,0.0025809732216316356,0.002550568984717441,3.462392523757851e-05
DS08a,cvae,2,0.01,quantile_regression_W,12,per_engine,,0.015159765363958123,0.006843044456513306,0.025626064835344364,0.011248496407633373,0.018783020378831058,0.015626064835344365,0.009232172258318742,0.006677172262154811,0.0051597653639581225
DS08a,cvae,2,0.01,quantile_regression_W,13,per_engine,,0.045221895984316925,0.03112286411716843,0.08929492639737022,0.012153980712654907,0.07714094568471531,0.07929492639737022,0.04739374211077243,0.03419059040906452,0.03522189598431692
DS08a,cvae,2,0.01,quantile_regression_W,14,per_engine,,0.04205859993954992,0.025831733845169545,0.07016556926420764,0.026807682893838485,0.0443338354190381,0.06016556926420764,0.037206799224918936,0.03093499533440523,0.03205859993954992
DS08a,cvae,2,0.01,quantile_regression_W,15,per_engine,,0.010480084269161414,0.0070913213770356625,0.010351282898359212,0.01216880819547849,0.005077486818442828,0.0029086786229643377,0.002104561711706583,0.0018095899056006799,0.00048008426916141406
DS08a,cvae,2,0.01,quantile_regression_W,all,row_pooled,,0.024329006413256977,0.016327369790466603,0.04230347301988823,0.013918352449315916,0.028385120570572315,0.03230347301988823,0.019138995650495146,0.014183065086556916,0.014329006413256977
DS08a,cvae,2,0.01,quantile_regression_W,equal_engine,equal_engine,,0.02193189624280541,0.015075258241316567,0.03544303586190013,0.013693145281631796,0.021749890580268334,0.02544303586190013,0.015129944284511063,0.011403813128282833,0.01193189624280541
DS08a,cvae,2,0.02,pooled,10,per_engine,,0.012763275382110405,0.01809346975862205,0.010407336319044572,0.012362862289176355,0.00768613343957748,0.009592663680955429,0.007164261452313017,0.006378777211052341,0.007236724617889595
DS08a,cvae,2,0.02,pooled,11,per_engine,,0.025889014007429937,0.016254320891754378,0.023937898452730116,0.03332965726819346,0.01707533637643908,0.013329657268193459,0.008310975054979302,0.007004411609723066,0.005889014007429937
DS08a,cvae,2,0.02,pooled,12,per_engine,,0.056868714369395015,0.013934362634804872,0.12424440450906715,0.02428504860260731,0.11031004187426229,0.10424440450906715,0.06033807385507865,0.03819836349228986,0.03686871436939501
DS08a,cvae,2,0.02,pooled,13,per_engine,,0.1204704922249918,0.0689030253716991,0.252900315525536,0.026761475288799026,0.22613884023673697,0.232900315525536,0.13745275601757417,0.09618827206201136,0.1004704922249918
DS08a,cvae,2,0.02,pooled,14,per_engine,,0.10170267720574093,0.04777671145233525,0.19994885891453046,0.04614373864763549,0.15380512026689497,0.17994885891453047,0.1062020599207375,0.07795643633816708,0.08170267720574093
DS08a,cvae,2,0.02,pooled,15,per_engine,,0.015505882773026726,0.01443001443001443,0.010131042836691995,0.01980833155142585,0.009677288714733856,0.009868957163308005,0.0065436430102106145,0.005210203727289242,0.004494117226973274
DS08a,cvae,2,0.02,pooled,all,row_pooled,,0.06376166543180486,0.03281071098145004,0.12798936540918654,0.028033579241923175,0.09995578616726336,0.10798936540918654,0.06295595220142762,0.042944551877519915,0.04376166543180486
DS08a,cvae,2,0.02,pooled,equal_engine,equal_engine,,0.05553334266044913,0.029898650756538345,0.10359497609293339,0.02711518560797292,0.07647979048496047,0.08359497609293338,0.04877406818181811,0.033536270819148215,0.035533342660449135
DS08a,cvae,2,0.02,phase_conditioned,10,per_engine,,0.013025894217133252,0.02180697665231304,0.009106419279164,0.012395611593253643,0.012700557373149039,0.010893580720836,0.007740843808096389,0.006768315259965132,0.006974105782866748
DS08a,cvae,2,0.02,phase_conditioned,11,per_engine,,0.02615737573799476,0.021342292305899718,0.019599922724319006,0.03377078508497837,0.014170862360659363,0.013770785084978369,0.007991585831728614,0.005171051555519693,0.006157375737994759
DS08a,cvae,2,0.02,phase_conditioned,12,per_engine,,0.04891963468059302,0.020125688571650244,0.09666954512567974,0.024686006567041254,0.0765438565540295,0.07666954512567974,0.044347843258126386,0.027160413421457075,0.028919634680593023
DS08a,cvae,2,0.02,phase_conditioned,13,per_engine,,0.10967950821853406,0.0826984244396775,0.21410147205259558,0.027386212615150448,0.18671525943744513,0.1941014720525956,0.11784315850174008,0.08806203636914117,0.08967950821853406
DS08a,cvae,2,0.02,phase_conditioned,14,per_engine,,0.0953645780859307,0.06036468330134357,0.1716166975644058,0.04672343385677664,0.12489326370762918,0.15161669756440582,0.09188955790413436,0.07290160490750867,0.0753645780859307
DS08a,cvae,2,0.02,phase_conditioned,15,per_engine,,0.016041491849815216,0.018717790146361574,0.008699482435855083,0.01996384347724666,0.011264361041391578,0.011300517564144918,0.006566253792954114,0.004206294646845562,0.003958508150184784
DS08a,cvae,2,0.02,phase_conditioned,all,row_pooled,,0.058770505615723494,0.041289883482274206,0.106893124943536,0.02843838828487054,0.07845473665866547,0.086893124943536,0.05188089146621651,0.03887379890356025,0.0387705056157235
DS08a,cvae,2,0.02,phase_conditioned,equal_engine,equal_engine,,0.05153141379833351,0.03750930923620761,0.08663225653033653,0.027487648865741173,0.05914460766459535,0.06663225653033653,0.04001040866987137,0.030543071544095104,0.031531413798333505
DS08a,cvae,2,0.02,quantile_regression_W,10,per_engine,,0.01578714368251634,0.019239126140718207,0.016506717850287907,0.013803831668577043,0.005435294472141163,0.006196168331422957,0.004130151377313115,0.003483441446805615,0.004212856317483662
DS08a,cvae,2,0.02,quantile_regression_W,11,per_engine,,0.023105418802159522,0.016759234085524526,0.024991657738983826,0.02579372373145119,0.009034489645926663,0.0057937237314511884,0.004795360444289316,0.004675382461636829,0.0031054188021595215
DS08a,cvae,2,0.02,quantile_regression_W,12,per_engine,,0.03187882087963765,0.016044689269920087,0.05314257707657479,0.023190541726720054,0.037097887806654704,0.033142577076574795,0.019358499035807917,0.013429476511124921,0.01187882087963765
DS08a,cvae,2,0.02,quantile_regression_W,13,per_engine,,0.07831335988574774,0.0501701309268437,0.15060045829184313,0.027159035405568112,0.12344142288627502,0.13060045829184314,0.07749831889385414,0.05597654154141832,0.058313359885747734
DS08a,cvae,2,0.02,quantile_regression_W,14,per_engine,,0.06945347633745798,0.045121561100447856,0.11212682989196446,0.04605356383732464,0.06700526879151661,0.09212682989196445,0.05714669371215346,0.047767318276578985,0.049453476337457974
DS08a,cvae,2,0.02,quantile_regression_W,15,per_engine,,0.019228365856706717,0.01261595547309833,0.019408655434423522,0.022218766401648427,0.009602810928550098,0.007384044526901671,0.004464553964865444,0.0033980518313755253,0.0007716341432932837
DS08a,cvae,2,0.02,quantile_regression_W,all,row_pooled,,0.04386657073083312,0.029152472678418875,0.07428468180116929,0.02698063331600544,0.04730404848516385,0.054284681801169285,0.03203812143824879,0.023472595931864532,0.023866570730833116
DS08a,cvae,2,0.02,quantile_regression_W,equal_engine,equal_engine,,0.03962776424070433,0.02665844949942545,0.06279614938067961,0.02636991046188158,0.03642623891879802,0.042796149380679605,0.025274632281151198,0.018608169780662213,0.019627764240704327
