subset,detector,seed,nominal_fpr,arm,rule,unit,healthy_flights,flagged,false_flag_rate,any_alarm_fraction,events_per_healthy_flight,kappa
DS08a,pca,-1,0.005,pooled,R0,10,29,2,0.06896551724137931,1.0,11.793103448275861,0.01793372319688109
DS08a,pca,-1,0.005,pooled,R0,11,20,2,0.1,0.95,15.25,0.01793372319688109
DS08a,pca,-1,0.005,pooled,R0,12,17,2,0.11764705882352941,1.0,20.294117647058822,0.01793372319688109
DS08a,pca,-1,0.005,pooled,R0,13,14,0,0.0,1.0,26.785714285714285,0.01793372319688109
DS08a,pca,-1,0.005,pooled,R0,14,15,2,0.13333333333333333,1.0,28.6,0.01793372319688109
DS08a,pca,-1,0.005,pooled,R0,15,27,1,0.037037037037037035,1.0,9.11111111111111,0.01793372319688109
DS08a,pca,-1,0.005,pooled,R0,all,122,9,0.07377049180327869,0.9918032786885246,16.737704918032787,0.01793372319688109
DS08a,pca,-1,0.005,pooled,R1,10,29,2,0.06896551724137931,0.4827586206896552,1.4482758620689655,0.009551656920077973
DS08a,pca,-1,0.005,pooled,R1,11,20,3,0.15,0.75,4.6,0.009551656920077973
DS08a,pca,-1,0.005,pooled,R1,12,17,2,0.11764705882352941,0.8823529411764706,7.117647058823529,0.009551656920077973
DS08a,pca,-1,0.005,pooled,R1,13,14,1,0.07142857142857142,1.0,10.642857142857142,0.009551656920077973
DS08a,pca,-1,0.005,pooled,R1,14,15,2,0.13333333333333333,0.9333333333333333,9.666666666666666,0.009551656920077973
DS08a,pca,-1,0.005,pooled,R1,15,27,1,0.037037037037037035,0.25925925925925924,0.5925925925925926,0.009551656920077973
DS08a,pca,-1,0.005,pooled,R1,all,122,11,0.09016393442622951,0.6475409836065574,4.631147540983607,0.009551656920077973
DS08a,pca,-1,0.005,pooled,R2,10,29,2,0.06896551724137931,0.6551724137931034,2.1379310344827585,0.014554794520547944
DS08a,pca,-1,0.005,pooled,R2,11,20,3,0.15,0.8,3.6,0.014554794520547944
DS08a,pca,-1,0.005,pooled,R2,12,17,2,0.11764705882352941,1.0,6.176470588235294,0.014554794520547944
DS08a,pca,-1,0.005,pooled,R2,13,14,1,0.07142857142857142,1.0,7.214285714285714,0.014554794520547944
DS08a,pca,-1,0.005,pooled,R2,14,15,2,0.13333333333333333,1.0,8.266666666666667,0.014554794520547944
DS08a,pca,-1,0.005,pooled,R2,15,27,1,0.037037037037037035,0.4074074074074074,1.2962962962962963,0.014554794520547944
DS08a,pca,-1,0.005,pooled,R2,all,122,11,0.09016393442622951,0.7540983606557377,4.090163934426229,0.014554794520547944
DS08a,pca,-1,0.005,phase_conditioned,R0,10,29,2,0.06896551724137931,1.0,9.862068965517242,0.01723697650663943
DS08a,pca,-1,0.005,phase_conditioned,R0,11,20,2,0.1,0.95,15.2,0.01723697650663943
DS08a,pca,-1,0.005,phase_conditioned,R0,12,17,2,0.11764705882352941,1.0,20.352941176470587,0.01723697650663943
DS08a,pca,-1,0.005,phase_conditioned,R0,13,14,0,0.0,1.0,28.714285714285715,0.01723697650663943
DS08a,pca,-1,0.005,phase_conditioned,R0,14,15,2,0.13333333333333333,1.0,30.933333333333334,0.01723697650663943
DS08a,pca,-1,0.005,phase_conditioned,R0,15,27,1,0.037037037037037035,1.0,8.851851851851851,0.01723697650663943
DS08a,pca,-1,0.005,phase_conditioned,R0,all,122,9,0.07377049180327869,0.9918032786885246,16.729508196721312,0.01723697650663943
DS08a,pca,-1,0.005,phase_conditioned,R1,10,29,2,0.06896551724137931,0.4482758620689655,1.206896551724138,0.010644881792301027
DS08a,pca,-1,0.005,phase_conditioned,R1,11,20,2,0.1,0.7,4.75,0.010644881792301027
DS08a,pca,-1,0.005,phase_conditioned,R1,12,17,2,0.11764705882352941,0.9411764705882353,6.9411764705882355,0.010644881792301027
DS08a,pca,-1,0.005,phase_conditioned,R1,13,14,0,0.0,1.0,10.571428571428571,0.010644881792301027
DS08a,pca,-1,0.005,phase_conditioned,R1,14,15,2,0.13333333333333333,0.9333333333333333,10.2,0.010644881792301027
DS08a,pca,-1,0.005,phase_conditioned,R1,15,27,1,0.037037037037037035,0.2222222222222222,0.5185185185185185,0.010644881792301027
DS08a,pca,-1,0.005,phase_conditioned,R1,all,122,9,0.07377049180327869,0.6311475409836066,4.614754098360656,0.010644881792301027
DS08a,pca,-1,0.005,phase_conditioned,R2,10,29,2,0.06896551724137931,0.5862068965517241,1.9310344827586208,0.015410958904109588
DS08a,pca,-1,0.005,phase_conditioned,R2,11,20,2,0.1,0.75,3.55,0.015410958904109588
DS08a,pca,-1,0.005,phase_conditioned,R2,12,17,2,0.11764705882352941,0.9411764705882353,6.117647058823529,0.015410958904109588
DS08a,pca,-1,0.005,phase_conditioned,R2,13,14,0,0.0,1.0,8.5,0.015410958904109588
DS08a,pca,-1,0.005,phase_conditioned,R2,14,15,2,0.13333333333333333,0.9333333333333333,9.2,0.015410958904109588
DS08a,pca,-1,0.005,phase_conditioned,R2,15,27,1,0.037037037037037035,0.4074074074074074,1.4074074074074074,0.015410958904109588
DS08a,pca,-1,0.005,phase_conditioned,R2,all,122,9,0.07377049180327869,0.7131147540983607,4.311475409836065,0.015410958904109588
DS08a,pca,-1,0.005,quantile_regression_W,R0,10,29,1,0.034482758620689655,1.0,13.931034482758621,0.021344866071428572
DS08a,pca,-1,0.005,quantile_regression_W,R0,11,20,0,0.0,1.0,18.3,0.021344866071428572
DS08a,pca,-1,0.005,quantile_regression_W,R0,12,17,0,0.0,1.0,33.588235294117645,0.021344866071428572
DS08a,pca,-1,0.005,quantile_regression_W,R0,13,14,1,0.07142857142857142,1.0,37.142857142857146,0.021344866071428572
DS08a,pca,-1,0.005,quantile_regression_W,R0,14,15,3,0.2,1.0,56.46666666666667,0.021344866071428572
DS08a,pca,-1,0.005,quantile_regression_W,R0,15,27,0,0.0,1.0,10.25925925925926,0.021344866071428572
DS08a,pca,-1,0.005,quantile_regression_W,R0,all,122,5,0.040983606557377046,1.0,24.4672131147541,0.021344866071428572
DS08a,pca,-1,0.005,quantile_regression_W,R1,10,29,1,0.034482758620689655,0.7586206896551724,1.7241379310344827,0.009703196347031963
DS08a,pca,-1,0.005,quantile_regression_W,R1,11,20,0,0.0,0.7,1.45,0.009703196347031963
DS08a,pca,-1,0.005,quantile_regression_W,R1,12,17,0,0.0,0.7647058823529411,3.411764705882353,0.009703196347031963
DS08a,pca,-1,0.005,quantile_regression_W,R1,13,14,1,0.07142857142857142,0.7857142857142857,5.142857142857143,0.009703196347031963
DS08a,pca,-1,0.005,quantile_regression_W,R1,14,15,3,0.2,0.9333333333333333,8.466666666666667,0.009703196347031963
DS08a,pca,-1,0.005,quantile_regression_W,R1,15,27,0,0.0,0.5555555555555556,0.8888888888888888,0.009703196347031963
DS08a,pca,-1,0.005,quantile_regression_W,R1,all,122,5,0.040983606557377046,0.7295081967213115,2.9508196721311477,0.009703196347031963
DS08a,pca,-1,0.005,quantile_regression_W,R2,10,29,1,0.034482758620689655,0.7931034482758621,2.586206896551724,0.017106731126812942
DS08a,pca,-1,0.005,quantile_regression_W,R2,11,20,0,0.0,0.8,3.55,0.017106731126812942
DS08a,pca,-1,0.005,quantile_regression_W,R2,12,17,0,0.0,1.0,6.294117647058823,0.017106731126812942
DS08a,pca,-1,0.005,quantile_regression_W,R2,13,14,1,0.07142857142857142,0.8571428571428571,8.0,0.017106731126812942
DS08a,pca,-1,0.005,quantile_regression_W,R2,14,15,3,0.2,1.0,12.266666666666667,0.017106731126812942
DS08a,pca,-1,0.005,quantile_regression_W,R2,15,27,0,0.0,0.5925925925925926,1.2222222222222223,0.017106731126812942
DS08a,pca,-1,0.005,quantile_regression_W,R2,all,122,5,0.040983606557377046,0.8114754098360656,4.770491803278689,0.017106731126812942
DS08a,pca,-1,0.01,pooled,R0,10,29,2,0.06896551724137931,1.0,24.75862068965517,0.043949771689497714
DS08a,pca,-1,0.01,pooled,R0,11,20,2,0.1,1.0,21.15,0.043949771689497714
DS08a,pca,-1,0.01,pooled,R0,12,17,0,0.0,1.0,33.88235294117647,0.043949771689497714
DS08a,pca,-1,0.01,pooled,R0,13,14,0,0.0,1.0,34.142857142857146,0.043949771689497714
DS08a,pca,-1,0.01,pooled,R0,14,15,1,0.06666666666666667,1.0,43.53333333333333,0.043949771689497714
DS08a,pca,-1,0.01,pooled,R0,15,27,0,0.0,1.0,16.703703703703702,0.043949771689497714
DS08a,pca,-1,0.01,pooled,R0,all,122,5,0.040983606557377046,1.0,27.040983606557376,0.043949771689497714
DS08a,pca,-1,0.01,pooled,R1,10,29,2,0.06896551724137931,0.896551724137931,3.689655172413793,0.02711187214611872
DS08a,pca,-1,0.01,pooled,R1,11,20,2,0.1,0.95,5.9,0.02711187214611872
DS08a,pca,-1,0.01,pooled,R1,12,17,0,0.0,1.0,9.176470588235293,0.02711187214611872
DS08a,pca,-1,0.01,pooled,R1,13,14,0,0.0,1.0,10.642857142857142,0.02711187214611872
DS08a,pca,-1,0.01,pooled,R1,14,15,1,0.06666666666666667,1.0,11.733333333333333,0.02711187214611872
DS08a,pca,-1,0.01,pooled,R1,15,27,0,0.0,0.5925925925925926,2.111111111111111,0.02711187214611872
DS08a,pca,-1,0.01,pooled,R1,all,122,5,0.040983606557377046,0.8770491803278688,6.254098360655738,0.02711187214611872
DS08a,pca,-1,0.01,pooled,R2,10,29,2,0.06896551724137931,0.9655172413793104,6.275862068965517,0.03973650658733532
DS08a,pca,-1,0.01,pooled,R2,11,20,2,0.1,0.95,5.65,0.03973650658733532
DS08a,pca,-1,0.01,pooled,R2,12,17,0,0.0,1.0,10.235294117647058,0.03973650658733532
DS08a,pca,-1,0.01,pooled,R2,13,14,0,0.0,1.0,9.0,0.03973650658733532
DS08a,pca,-1,0.01,pooled,R2,14,15,1,0.06666666666666667,1.0,12.533333333333333,0.03973650658733532
DS08a,pca,-1,0.01,pooled,R2,15,27,0,0.0,0.7037037037037037,3.1481481481481484,0.03973650658733532
DS08a,pca,-1,0.01,pooled,R2,all,122,5,0.040983606557377046,0.9180327868852459,7.114754098360656,0.03973650658733532
DS08a,pca,-1,0.01,phase_conditioned,R0,10,29,2,0.06896551724137931,1.0,21.17241379310345,0.04037399065023375
DS08a,pca,-1,0.01,phase_conditioned,R0,11,20,2,0.1,1.0,19.75,0.04037399065023375
DS08a,pca,-1,0.01,phase_conditioned,R0,12,17,0,0.0,1.0,34.35294117647059,0.04037399065023375
DS08a,pca,-1,0.01,phase_conditioned,R0,13,14,0,0.0,1.0,34.42857142857143,0.04037399065023375
DS08a,pca,-1,0.01,phase_conditioned,R0,14,15,1,0.06666666666666667,1.0,49.266666666666666,0.04037399065023375
DS08a,pca,-1,0.01,phase_conditioned,R0,15,27,0,0.0,1.0,16.14814814814815,0.04037399065023375
DS08a,pca,-1,0.01,phase_conditioned,R0,all,122,5,0.040983606557377046,1.0,26.639344262295083,0.04037399065023375
DS08a,pca,-1,0.01,phase_conditioned,R1,10,29,2,0.06896551724137931,0.9310344827586207,3.9655172413793105,0.026080084299262382
DS08a,pca,-1,0.01,phase_conditioned,R1,11,20,2,0.1,0.95,5.3,0.026080084299262382
DS08a,pca,-1,0.01,phase_conditioned,R1,12,17,0,0.0,0.9411764705882353,8.470588235294118,0.026080084299262382
DS08a,pca,-1,0.01,phase_conditioned,R1,13,14,0,0.0,1.0,10.071428571428571,0.026080084299262382
DS08a,pca,-1,0.01,phase_conditioned,R1,14,15,1,0.06666666666666667,1.0,12.466666666666667,0.026080084299262382
DS08a,pca,-1,0.01,phase_conditioned,R1,15,27,0,0.0,0.6296296296296297,2.074074074074074,0.026080084299262382
DS08a,pca,-1,0.01,phase_conditioned,R1,all,122,5,0.040983606557377046,0.8852459016393442,6.139344262295082,0.026080084299262382
DS08a,pca,-1,0.01,phase_conditioned,R2,10,29,2,0.06896551724137931,0.9655172413793104,5.172413793103448,0.033961187214611874
DS08a,pca,-1,0.01,phase_conditioned,R2,11,20,2,0.1,0.95,5.6,0.033961187214611874
DS08a,pca,-1,0.01,phase_conditioned,R2,12,17,0,0.0,1.0,9.294117647058824,0.033961187214611874
DS08a,pca,-1,0.01,phase_conditioned,R2,13,14,0,0.0,1.0,8.642857142857142,0.033961187214611874
DS08a,pca,-1,0.01,phase_conditioned,R2,14,15,1,0.06666666666666667,1.0,13.8,0.033961187214611874
DS08a,pca,-1,0.01,phase_conditioned,R2,15,27,0,0.0,0.7407407407407407,3.2222222222222223,0.033961187214611874
DS08a,pca,-1,0.01,phase_conditioned,R2,all,122,5,0.040983606557377046,0.9262295081967213,6.844262295081967,0.033961187214611874
DS08a,pca,-1,0.01,quantile_regression_W,R0,10,29,1,0.034482758620689655,1.0,25.689655172413794,0.04631696428571429
DS08a,pca,-1,0.01,quantile_regression_W,R0,11,20,2,0.1,1.0,40.0,0.04631696428571429
DS08a,pca,-1,0.01,quantile_regression_W,R0,12,17,0,0.0,1.0,53.11764705882353,0.04631696428571429
DS08a,pca,-1,0.01,quantile_regression_W,R0,13,14,0,0.0,1.0,49.357142857142854,0.04631696428571429
DS08a,pca,-1,0.01,quantile_regression_W,R0,14,15,3,0.2,1.0,82.0,0.04631696428571429
DS08a,pca,-1,0.01,quantile_regression_W,R0,15,27,0,0.0,1.0,17.22222222222222,0.04631696428571429
DS08a,pca,-1,0.01,quantile_regression_W,R0,all,122,6,0.04918032786885246,1.0,39.622950819672134,0.04631696428571429
DS08a,pca,-1,0.01,quantile_regression_W,R1,10,29,1,0.034482758620689655,0.8620689655172413,4.241379310344827,0.021961184882533197
DS08a,pca,-1,0.01,quantile_regression_W,R1,11,20,1,0.05,0.9,6.45,0.021961184882533197
DS08a,pca,-1,0.01,quantile_regression_W,R1,12,17,0,0.0,0.9411764705882353,8.647058823529411,0.021961184882533197
DS08a,pca,-1,0.01,quantile_regression_W,R1,13,14,0,0.0,1.0,8.071428571428571,0.021961184882533197
DS08a,pca,-1,0.01,quantile_regression_W,R1,14,15,3,0.2,1.0,16.4,0.021961184882533197
DS08a,pca,-1,0.01,quantile_regression_W,R1,15,27,0,0.0,0.7037037037037037,1.5555555555555556,0.021961184882533197
DS08a,pca,-1,0.01,quantile_regression_W,R1,all,122,5,0.040983606557377046,0.8770491803278688,6.557377049180328,0.021961184882533197
DS08a,pca,-1,0.01,quantile_regression_W,R2,10,29,1,0.034482758620689655,0.9655172413793104,5.724137931034483,0.03655133928571429
DS08a,pca,-1,0.01,quantile_regression_W,R2,11,20,2,0.1,0.9,9.35,0.03655133928571429
DS08a,pca,-1,0.01,quantile_regression_W,R2,12,17,0,0.0,1.0,12.117647058823529,0.03655133928571429
DS08a,pca,-1,0.01,quantile_regression_W,R2,13,14,0,0.0,1.0,11.857142857142858,0.03655133928571429
DS08a,pca,-1,0.01,quantile_regression_W,R2,14,15,3,0.2,1.0,19.066666666666666,0.03655133928571429
DS08a,pca,-1,0.01,quantile_regression_W,R2,15,27,0,0.0,0.8148148148148148,3.259259259259259,0.03655133928571429
DS08a,pca,-1,0.01,quantile_regression_W,R2,all,122,6,0.04918032786885246,0.9344262295081968,9.008196721311476,0.03655133928571429
DS08a,pca,-1,0.02,pooled,R0,10,29,2,0.06896551724137931,1.0,40.58620689655172,0.07054823629409265
DS08a,pca,-1,0.02,pooled,R0,11,20,2,0.1,1.0,33.4,0.07054823629409265
DS08a,pca,-1,0.02,pooled,R0,12,17,0,0.0,1.0,65.17647058823529,0.07054823629409265
DS08a,pca,-1,0.02,pooled,R0,13,14,0,0.0,1.0,61.42857142857143,0.07054823629409265
DS08a,pca,-1,0.02,pooled,R0,14,15,1,0.06666666666666667,1.0,72.46666666666667,0.07054823629409265
DS08a,pca,-1,0.02,pooled,R0,15,27,0,0.0,1.0,30.22222222222222,0.07054823629409265
DS08a,pca,-1,0.02,pooled,R0,all,122,5,0.040983606557377046,1.0,46.85245901639344,0.07054823629409265
DS08a,pca,-1,0.02,pooled,R1,10,29,2,0.06896551724137931,0.9655172413793104,10.413793103448276,0.060985975350616235
DS08a,pca,-1,0.02,pooled,R1,11,20,2,0.1,1.0,9.25,0.060985975350616235
DS08a,pca,-1,0.02,pooled,R1,12,17,0,0.0,1.0,16.058823529411764,0.060985975350616235
DS08a,pca,-1,0.02,pooled,R1,13,14,0,0.0,1.0,14.357142857142858,0.060985975350616235
DS08a,pca,-1,0.02,pooled,R1,14,15,1,0.06666666666666667,1.0,18.2,0.060985975350616235
DS08a,pca,-1,0.02,pooled,R1,15,27,0,0.0,0.9259259259259259,4.555555555555555,0.060985975350616235
DS08a,pca,-1,0.02,pooled,R1,all,122,5,0.040983606557377046,0.9754098360655737,11.12295081967213,0.060985975350616235
DS08a,pca,-1,0.02,pooled,R2,10,29,2,0.06896551724137931,1.0,11.344827586206897,0.06884827879303017
DS08a,pca,-1,0.02,pooled,R2,11,20,2,0.1,1.0,9.6,0.06884827879303017
DS08a,pca,-1,0.02,pooled,R2,12,17,0,0.0,1.0,20.235294117647058,0.06884827879303017
DS08a,pca,-1,0.02,pooled,R2,13,14,0,0.0,1.0,15.428571428571429,0.06884827879303017
DS08a,pca,-1,0.02,pooled,R2,14,15,1,0.06666666666666667,1.0,21.066666666666666,0.06884827879303017
DS08a,pca,-1,0.02,pooled,R2,15,27,0,0.0,1.0,7.296296296296297,0.06884827879303017
DS08a,pca,-1,0.02,pooled,R2,all,122,5,0.040983606557377046,1.0,13.065573770491802,0.06884827879303017
DS08a,pca,-1,0.02,phase_conditioned,R0,10,29,2,0.06896551724137931,1.0,39.3448275862069,0.0811729706757331
DS08a,pca,-1,0.02,phase_conditioned,R0,11,20,2,0.1,1.0,28.8,0.0811729706757331
DS08a,pca,-1,0.02,phase_conditioned,R0,12,17,0,0.0,1.0,69.94117647058823,0.0811729706757331
DS08a,pca,-1,0.02,phase_conditioned,R0,13,14,0,0.0,1.0,53.5,0.0811729706757331
DS08a,pca,-1,0.02,phase_conditioned,R0,14,15,1,0.06666666666666667,1.0,73.4,0.0811729706757331
DS08a,pca,-1,0.02,phase_conditioned,R0,15,27,0,0.0,1.0,30.51851851851852,0.0811729706757331
DS08a,pca,-1,0.02,phase_conditioned,R0,all,122,5,0.040983606557377046,1.0,45.73770491803279,0.0811729706757331
DS08a,pca,-1,0.02,phase_conditioned,R1,10,29,2,0.06896551724137931,0.9655172413793104,9.241379310344827,0.06659674882013635
DS08a,pca,-1,0.02,phase_conditioned,R1,11,20,2,0.1,0.95,8.1,0.06659674882013635
DS08a,pca,-1,0.02,phase_conditioned,R1,12,17,0,0.0,1.0,15.411764705882353,0.06659674882013635
DS08a,pca,-1,0.02,phase_conditioned,R1,13,14,0,0.0,1.0,12.642857142857142,0.06659674882013635
DS08a,pca,-1,0.02,phase_conditioned,R1,14,15,1,0.06666666666666667,1.0,16.333333333333332,0.06659674882013635
DS08a,pca,-1,0.02,phase_conditioned,R1,15,27,0,0.0,0.9259259259259259,4.777777777777778,0.06659674882013635
DS08a,pca,-1,0.02,phase_conditioned,R1,all,122,5,0.040983606557377046,0.9672131147540983,10.188524590163935,0.06659674882013635
DS08a,pca,-1,0.02,phase_conditioned,R2,10,29,2,0.06896551724137931,1.0,11.275862068965518,0.07926051848703783
DS08a,pca,-1,0.02,phase_conditioned,R2,11,20,2,0.1,0.95,7.7,0.07926051848703783
DS08a,pca,-1,0.02,phase_conditioned,R2,12,17,0,0.0,1.0,17.88235294117647,0.07926051848703783
DS08a,pca,-1,0.02,phase_conditioned,R2,13,14,0,0.0,1.0,12.0,0.07926051848703783
DS08a,pca,-1,0.02,phase_conditioned,R2,14,15,1,0.06666666666666667,1.0,20.666666666666668,0.07926051848703783
DS08a,pca,-1,0.02,phase_conditioned,R2,15,27,0,0.0,1.0,6.962962962962963,0.07926051848703783
DS08a,pca,-1,0.02,phase_conditioned,R2,all,122,5,0.040983606557377046,0.9918032786885246,11.89344262295082,0.07926051848703783
DS08a,pca,-1,0.02,quantile_regression_W,R0,10,29,1,0.034482758620689655,1.0,33.58620689655172,0.07809594644849387
DS08a,pca,-1,0.02,quantile_regression_W,R0,11,20,2,0.1,1.0,56.7,0.07809594644849387
DS08a,pca,-1,0.02,quantile_regression_W,R0,12,17,0,0.0,1.0,94.0,0.07809594644849387
DS08a,pca,-1,0.02,quantile_regression_W,R0,13,14,0,0.0,1.0,58.285714285714285,0.07809594644849387
DS08a,pca,-1,0.02,quantile_regression_W,R0,14,15,2,0.13333333333333333,1.0,103.86666666666666,0.07809594644849387
DS08a,pca,-1,0.02,quantile_regression_W,R0,15,27,1,0.037037037037037035,1.0,31.037037037037038,0.07809594644849387
DS08a,pca,-1,0.02,quantile_regression_W,R0,all,122,6,0.04918032786885246,1.0,56.704918032786885,0.07809594644849387
DS08a,pca,-1,0.02,quantile_regression_W,R1,10,29,1,0.034482758620689655,0.9655172413793104,6.896551724137931,0.06372065496153087
DS08a,pca,-1,0.02,quantile_regression_W,R1,11,20,2,0.1,0.95,13.75,0.06372065496153087
DS08a,pca,-1,0.02,quantile_regression_W,R1,12,17,0,0.0,1.0,18.352941176470587,0.06372065496153087
DS08a,pca,-1,0.02,quantile_regression_W,R1,13,14,0,0.0,1.0,14.214285714285714,0.06372065496153087
DS08a,pca,-1,0.02,quantile_regression_W,R1,14,15,2,0.13333333333333333,1.0,22.866666666666667,0.06372065496153087
DS08a,pca,-1,0.02,quantile_regression_W,R1,15,27,0,0.0,0.9259259259259259,3.037037037037037,0.06372065496153087
DS08a,pca,-1,0.02,quantile_regression_W,R1,all,122,5,0.040983606557377046,0.9672131147540983,11.565573770491802,0.06372065496153087
DS08a,pca,-1,0.02,quantile_regression_W,R2,10,29,1,0.034482758620689655,1.0,9.379310344827585,0.07288955001859428
DS08a,pca,-1,0.02,quantile_regression_W,R2,11,20,2,0.1,1.0,11.9,0.07288955001859428
DS08a,pca,-1,0.02,quantile_regression_W,R2,12,17,0,0.0,1.0,19.176470588235293,0.07288955001859428
DS08a,pca,-1,0.02,quantile_regression_W,R2,13,14,0,0.0,1.0,13.0,0.07288955001859428
DS08a,pca,-1,0.02,quantile_regression_W,R2,14,15,2,0.13333333333333333,1.0,23.266666666666666,0.07288955001859428
DS08a,pca,-1,0.02,quantile_regression_W,R2,15,27,0,0.0,0.9629629629629629,6.444444444444445,0.07288955001859428
DS08a,pca,-1,0.02,quantile_regression_W,R2,all,122,5,0.040983606557377046,0.9918032786885246,12.631147540983607,0.07288955001859428
DS08a,isolation_forest,0,0.005,pooled,R0,10,29,1,0.034482758620689655,0.9655172413793104,7.862068965517241,0.017028694019844463
DS08a,isolation_forest,0,0.005,pooled,R0,11,20,2,0.1,1.0,16.7,0.017028694019844463
DS08a,isolation_forest,0,0.005,pooled,R0,12,17,2,0.11764705882352941,1.0,26.235294117647058,0.017028694019844463
DS08a,isolation_forest,0,0.005,pooled,R0,13,14,0,0.0,1.0,35.214285714285715,0.017028694019844463
DS08a,isolation_forest,0,0.005,pooled,R0,14,15,2,0.13333333333333333,1.0,61.06666666666667,0.017028694019844463
DS08a,isolation_forest,0,0.005,pooled,R0,15,27,1,0.037037037037037035,0.9629629629629629,6.851851851851852,0.017028694019844463
DS08a,isolation_forest,0,0.005,pooled,R0,all,122,8,0.06557377049180328,0.9836065573770492,21.327868852459016,0.017028694019844463
DS08a,isolation_forest,0,0.005,pooled,R1,10,29,0,0.0,0.4482758620689655,0.9310344827586207,0.012872083668543845
DS08a,isolation_forest,0,0.005,pooled,R1,11,20,2,0.1,0.85,5.6,0.012872083668543845
DS08a,isolation_forest,0,0.005,pooled,R1,12,17,1,0.058823529411764705,0.9411764705882353,8.764705882352942,0.012872083668543845
DS08a,isolation_forest,0,0.005,pooled,R1,13,14,0,0.0,1.0,12.071428571428571,0.012872083668543845
DS08a,isolation_forest,0,0.005,pooled,R1,14,15,2,0.13333333333333333,1.0,18.466666666666665,0.012872083668543845
DS08a,isolation_forest,0,0.005,pooled,R1,15,27,1,0.037037037037037035,0.5185185185185185,1.0,0.012872083668543845
DS08a,isolation_forest,0,0.005,pooled,R1,all,122,6,0.04918032786885246,0.7295081967213115,6.237704918032787,0.012872083668543845
DS08a,isolation_forest,0,0.005,pooled,R2,10,29,0,0.0,0.4482758620689655,1.0344827586206897,0.016693079767564713
DS08a,isolation_forest,0,0.005,pooled,R2,11,20,2,0.1,0.9,4.3,0.016693079767564713
DS08a,isolation_forest,0,0.005,pooled,R2,12,17,2,0.11764705882352941,1.0,7.352941176470588,0.016693079767564713
DS08a,isolation_forest,0,0.005,pooled,R2,13,14,0,0.0,1.0,9.857142857142858,0.016693079767564713
DS08a,isolation_forest,0,0.005,pooled,R2,14,15,3,0.2,1.0,17.066666666666666,0.016693079767564713
DS08a,isolation_forest,0,0.005,pooled,R2,15,27,1,0.037037037037037035,0.5185185185185185,1.0740740740740742,0.016693079767564713
DS08a,isolation_forest,0,0.005,pooled,R2,all,122,8,0.06557377049180328,0.7459016393442623,5.442622950819672,0.016693079767564713
DS08a,isolation_forest,0,0.005,phase_conditioned,R0,10,29,0,0.0,1.0,6.620689655172414,0.015069661643446119
DS08a,isolation_forest,0,0.005,phase_conditioned,R0,11,20,2,0.1,1.0,14.25,0.015069661643446119
DS08a,isolation_forest,0,0.005,phase_conditioned,R0,12,17,3,0.17647058823529413,1.0,26.294117647058822,0.015069661643446119
DS08a,isolation_forest,0,0.005,phase_conditioned,R0,13,14,0,0.0,1.0,32.142857142857146,0.015069661643446119
DS08a,isolation_forest,0,0.005,phase_conditioned,R0,14,15,3,0.2,1.0,60.06666666666667,0.015069661643446119
DS08a,isolation_forest,0,0.005,phase_conditioned,R0,15,27,1,0.037037037037037035,1.0,5.481481481481482,0.015069661643446119
DS08a,isolation_forest,0,0.005,phase_conditioned,R0,all,122,9,0.07377049180327869,1.0,19.860655737704917,0.015069661643446119
DS08a,isolation_forest,0,0.005,phase_conditioned,R1,10,29,0,0.0,0.5862068965517241,0.9655172413793104,0.0111289890050952
DS08a,isolation_forest,0,0.005,phase_conditioned,R1,11,20,2,0.1,0.8,4.7,0.0111289890050952
DS08a,isolation_forest,0,0.005,phase_conditioned,R1,12,17,2,0.11764705882352941,0.9411764705882353,8.941176470588236,0.0111289890050952
DS08a,isolation_forest,0,0.005,phase_conditioned,R1,13,14,0,0.0,1.0,11.785714285714286,0.0111289890050952
DS08a,isolation_forest,0,0.005,phase_conditioned,R1,14,15,2,0.13333333333333333,1.0,22.2,0.0111289890050952
DS08a,isolation_forest,0,0.005,phase_conditioned,R1,15,27,1,0.037037037037037035,0.4444444444444444,0.5555555555555556,0.0111289890050952
DS08a,isolation_forest,0,0.005,phase_conditioned,R1,all,122,7,0.05737704918032787,0.7377049180327869,6.450819672131147,0.0111289890050952
DS08a,isolation_forest,0,0.005,phase_conditioned,R2,10,29,0,0.0,0.6206896551724138,1.1724137931034482,0.015017430946634486
DS08a,isolation_forest,0,0.005,phase_conditioned,R2,11,20,2,0.1,0.8,3.85,0.015017430946634486
DS08a,isolation_forest,0,0.005,phase_conditioned,R2,12,17,3,0.17647058823529413,0.9411764705882353,7.9411764705882355,0.015017430946634486
DS08a,isolation_forest,0,0.005,phase_conditioned,R2,13,14,0,0.0,1.0,9.857142857142858,0.015017430946634486
DS08a,isolation_forest,0,0.005,phase_conditioned,R2,14,15,3,0.2,1.0,15.8,0.015017430946634486
DS08a,isolation_forest,0,0.005,phase_conditioned,R2,15,27,1,0.037037037037037035,0.4444444444444444,0.7037037037037037,0.015017430946634486
DS08a,isolation_forest,0,0.005,phase_conditioned,R2,all,122,9,0.07377049180327869,0.7459016393442623,5.245901639344262,0.015017430946634486
DS08a,isolation_forest,0,0.005,quantile_regression_W,R0,10,29,1,0.034482758620689655,1.0,7.551724137931035,0.015829090104051362
DS08a,isolation_forest,0,0.005,quantile_regression_W,R0,11,20,0,0.0,1.0,13.85,0.015829090104051362
DS08a,isolation_forest,0,0.005,quantile_regression_W,R0,12,17,2,0.11764705882352941,1.0,25.294117647058822,0.015829090104051362
DS08a,isolation_forest,0,0.005,quantile_regression_W,R0,13,14,3,0.21428571428571427,1.0,38.857142857142854,0.015829090104051362
DS08a,isolation_forest,0,0.005,quantile_regression_W,R0,14,15,4,0.26666666666666666,1.0,60.2,0.015829090104051362
DS08a,isolation_forest,0,0.005,quantile_regression_W,R0,15,27,4,0.14814814814814814,0.9629629629629629,7.62962962962963,0.015829090104051362
DS08a,isolation_forest,0,0.005,quantile_regression_W,R0,all,122,14,0.11475409836065574,0.9918032786885246,21.139344262295083,0.015829090104051362
DS08a,isolation_forest,0,0.005,quantile_regression_W,R1,10,29,1,0.034482758620689655,0.5517241379310345,1.3793103448275863,0.011497222581061879
DS08a,isolation_forest,0,0.005,quantile_regression_W,R1,11,20,0,0.0,0.55,1.55,0.011497222581061879
DS08a,isolation_forest,0,0.005,quantile_regression_W,R1,12,17,2,0.11764705882352941,1.0,4.882352941176471,0.011497222581061879
DS08a,isolation_forest,0,0.005,quantile_regression_W,R1,13,14,3,0.21428571428571427,0.9285714285714286,6.785714285714286,0.011497222581061879
DS08a,isolation_forest,0,0.005,quantile_regression_W,R1,14,15,4,0.26666666666666666,0.9333333333333333,14.8,0.011497222581061879
DS08a,isolation_forest,0,0.005,quantile_regression_W,R1,15,27,4,0.14814814814814814,0.5185185185185185,1.5185185185185186,0.011497222581061879
DS08a,isolation_forest,0,0.005,quantile_regression_W,R1,all,122,14,0.11475409836065574,0.6967213114754098,4.19672131147541,0.011497222581061879
DS08a,isolation_forest,0,0.005,quantile_regression_W,R2,10,29,1,0.034482758620689655,0.5862068965517241,1.5172413793103448,0.013047409895362357
DS08a,isolation_forest,0,0.005,quantile_regression_W,R2,11,20,1,0.05,0.75,2.9,0.013047409895362357
DS08a,isolation_forest,0,0.005,quantile_regression_W,R2,12,17,2,0.11764705882352941,1.0,6.705882352941177,0.013047409895362357
DS08a,isolation_forest,0,0.005,quantile_regression_W,R2,13,14,3,0.21428571428571427,1.0,10.214285714285714,0.013047409895362357
DS08a,isolation_forest,0,0.005,quantile_regression_W,R2,14,15,4,0.26666666666666666,0.9333333333333333,15.333333333333334,0.013047409895362357
DS08a,isolation_forest,0,0.005,quantile_regression_W,R2,15,27,4,0.14814814814814814,0.5185185185185185,1.4444444444444444,0.013047409895362357
DS08a,isolation_forest,0,0.005,quantile_regression_W,R2,all,122,15,0.12295081967213115,0.7459016393442623,5.147540983606557,0.013047409895362357
DS08a,isolation_forest,0,0.01,pooled,R0,10,29,3,0.10344827586206896,1.0,16.24137931034483,0.024730383042023057
DS08a,isolation_forest,0,0.01,pooled,R0,11,20,2,0.1,1.0,23.0,0.024730383042023057
DS08a,isolation_forest,0,0.01,pooled,R0,12,17,2,0.11764705882352941,1.0,34.76470588235294,0.024730383042023057
DS08a,isolation_forest,0,0.01,pooled,R0,13,14,1,0.07142857142857142,1.0,47.285714285714285,0.024730383042023057
DS08a,isolation_forest,0,0.01,pooled,R0,14,15,2,0.13333333333333333,1.0,61.53333333333333,0.024730383042023057
DS08a,isolation_forest,0,0.01,pooled,R0,15,27,6,0.2222222222222222,1.0,16.814814814814813,0.024730383042023057
DS08a,isolation_forest,0,0.01,pooled,R0,all,122,16,0.13114754098360656,1.0,29.188524590163933,0.024730383042023057
DS08a,isolation_forest,0,0.01,pooled,R1,10,29,2,0.06896551724137931,0.7931034482758621,3.103448275862069,0.021706586826347306
DS08a,isolation_forest,0,0.01,pooled,R1,11,20,2,0.1,1.0,6.65,0.021706586826347306
DS08a,isolation_forest,0,0.01,pooled,R1,12,17,1,0.058823529411764705,1.0,12.176470588235293,0.021706586826347306
DS08a,isolation_forest,0,0.01,pooled,R1,13,14,0,0.0,1.0,18.357142857142858,0.021706586826347306
DS08a,isolation_forest,0,0.01,pooled,R1,14,15,2,0.13333333333333333,1.0,23.866666666666667,0.021706586826347306
DS08a,isolation_forest,0,0.01,pooled,R1,15,27,6,0.2222222222222222,0.8518518518518519,4.222222222222222,0.021706586826347306
DS08a,isolation_forest,0,0.01,pooled,R1,all,122,13,0.10655737704918032,0.9180327868852459,9.5,0.021706586826347306
DS08a,isolation_forest,0,0.01,pooled,R2,10,29,2,0.06896551724137931,0.8275862068965517,3.896551724137931,0.02342878393454816
DS08a,isolation_forest,0,0.01,pooled,R2,11,20,2,0.1,1.0,5.95,0.02342878393454816
DS08a,isolation_forest,0,0.01,pooled,R2,12,17,2,0.11764705882352941,1.0,10.764705882352942,0.02342878393454816
DS08a,isolation_forest,0,0.01,pooled,R2,13,14,1,0.07142857142857142,1.0,15.785714285714286,0.02342878393454816
DS08a,isolation_forest,0,0.01,pooled,R2,14,15,2,0.13333333333333333,1.0,16.133333333333333,0.02342878393454816
DS08a,isolation_forest,0,0.01,pooled,R2,15,27,6,0.2222222222222222,0.8518518518518519,4.111111111111111,0.02342878393454816
DS08a,isolation_forest,0,0.01,pooled,R2,all,122,15,0.12295081967213115,0.9262295081967213,8.10655737704918,0.02342878393454816
DS08a,isolation_forest,0,0.01,phase_conditioned,R0,10,29,2,0.06896551724137931,1.0,15.241379310344827,0.026073110860479
DS08a,isolation_forest,0,0.01,phase_conditioned,R0,11,20,2,0.1,1.0,21.15,0.026073110860479
DS08a,isolation_forest,0,0.01,phase_conditioned,R0,12,17,3,0.17647058823529413,1.0,37.0,0.026073110860479
DS08a,isolation_forest,0,0.01,phase_conditioned,R0,13,14,1,0.07142857142857142,1.0,41.142857142857146,0.026073110860479
DS08a,isolation_forest,0,0.01,phase_conditioned,R0,14,15,2,0.13333333333333333,1.0,40.13333333333333,0.026073110860479
DS08a,isolation_forest,0,0.01,phase_conditioned,R0,15,27,5,0.18518518518518517,1.0,15.185185185185185,0.026073110860479
DS08a,isolation_forest,0,0.01,phase_conditioned,R0,all,122,15,0.12295081967213115,1.0,25.262295081967213,0.026073110860479
DS08a,isolation_forest,0,0.01,phase_conditioned,R1,10,29,1,0.034482758620689655,0.9310344827586207,3.2758620689655173,0.02245508982035928
DS08a,isolation_forest,0,0.01,phase_conditioned,R1,11,20,2,0.1,1.0,6.6,0.02245508982035928
DS08a,isolation_forest,0,0.01,phase_conditioned,R1,12,17,3,0.17647058823529413,1.0,12.470588235294118,0.02245508982035928
DS08a,isolation_forest,0,0.01,phase_conditioned,R1,13,14,0,0.0,1.0,16.071428571428573,0.02245508982035928
DS08a,isolation_forest,0,0.01,phase_conditioned,R1,14,15,2,0.13333333333333333,1.0,16.666666666666668,0.02245508982035928
DS08a,isolation_forest,0,0.01,phase_conditioned,R1,15,27,2,0.07407407407407407,0.7777777777777778,3.259259259259259,0.02245508982035928
DS08a,isolation_forest,0,0.01,phase_conditioned,R1,all,122,10,0.08196721311475409,0.9344262295081968,8.21311475409836,0.02245508982035928
DS08a,isolation_forest,0,0.01,phase_conditioned,R2,10,29,2,0.06896551724137931,0.9310344827586207,4.0344827586206895,0.024945266370331055
DS08a,isolation_forest,0,0.01,phase_conditioned,R2,11,20,2,0.1,1.0,5.55,0.024945266370331055
DS08a,isolation_forest,0,0.01,phase_conditioned,R2,12,17,3,0.17647058823529413,1.0,11.058823529411764,0.024945266370331055
DS08a,isolation_forest,0,0.01,phase_conditioned,R2,13,14,2,0.14285714285714285,1.0,13.142857142857142,0.024945266370331055
DS08a,isolation_forest,0,0.01,phase_conditioned,R2,14,15,2,0.13333333333333333,1.0,11.866666666666667,0.024945266370331055
DS08a,isolation_forest,0,0.01,phase_conditioned,R2,15,27,1,0.037037037037037035,0.7777777777777778,3.6666666666666665,0.024945266370331055
DS08a,isolation_forest,0,0.01,phase_conditioned,R2,all,122,12,0.09836065573770492,0.9344262295081968,7.188524590163935,0.024945266370331055
DS08a,isolation_forest,0,0.01,quantile_regression_W,R0,10,29,1,0.034482758620689655,1.0,13.172413793103448,0.03241148493922846
DS08a,isolation_forest,0,0.01,quantile_regression_W,R0,11,20,1,0.05,1.0,20.9,0.03241148493922846
DS08a,isolation_forest,0,0.01,quantile_regression_W,R0,12,17,2,0.11764705882352941,1.0,32.1764705882353,0.03241148493922846
DS08a,isolation_forest,0,0.01,quantile_regression_W,R0,13,14,4,0.2857142857142857,1.0,61.142857142857146,0.03241148493922846
DS08a,isolation_forest,0,0.01,quantile_regression_W,R0,14,15,4,0.26666666666666666,1.0,63.666666666666664,0.03241148493922846
DS08a,isolation_forest,0,0.01,quantile_regression_W,R0,15,27,3,0.1111111111111111,1.0,13.333333333333334,0.03241148493922846
DS08a,isolation_forest,0,0.01,quantile_regression_W,R0,all,122,15,0.12295081967213115,1.0,28.83606557377049,0.03241148493922846
DS08a,isolation_forest,0,0.01,quantile_regression_W,R1,10,29,1,0.034482758620689655,0.7241379310344828,2.3793103448275863,0.027127003699136867
DS08a,isolation_forest,0,0.01,quantile_regression_W,R1,11,20,1,0.05,0.75,4.7,0.027127003699136867
DS08a,isolation_forest,0,0.01,quantile_regression_W,R1,12,17,2,0.11764705882352941,1.0,7.588235294117647,0.027127003699136867
DS08a,isolation_forest,0,0.01,quantile_regression_W,R1,13,14,4,0.2857142857142857,1.0,19.5,0.027127003699136867
DS08a,isolation_forest,0,0.01,quantile_regression_W,R1,14,15,4,0.26666666666666666,1.0,20.866666666666667,0.027127003699136867
DS08a,isolation_forest,0,0.01,quantile_regression_W,R1,15,27,4,0.14814814814814814,0.7037037037037037,2.740740740740741,0.027127003699136867
DS08a,isolation_forest,0,0.01,quantile_regression_W,R1,all,122,16,0.13114754098360656,0.8278688524590164,7.80327868852459,0.027127003699136867
DS08a,isolation_forest,0,0.01,quantile_regression_W,R2,10,29,1,0.034482758620689655,0.8620689655172413,3.3448275862068964,0.030826140567200986
DS08a,isolation_forest,0,0.01,quantile_regression_W,R2,11,20,1,0.05,0.85,5.2,0.030826140567200986
DS08a,isolation_forest,0,0.01,quantile_regression_W,R2,12,17,2,0.11764705882352941,1.0,9.0,0.030826140567200986
DS08a,isolation_forest,0,0.01,quantile_regression_W,R2,13,14,4,0.2857142857142857,1.0,17.428571428571427,0.030826140567200986
DS08a,isolation_forest,0,0.01,quantile_regression_W,R2,14,15,4,0.26666666666666666,1.0,18.0,0.030826140567200986
DS08a,isolation_forest,0,0.01,quantile_regression_W,R2,15,27,4,0.14814814814814814,0.7777777777777778,2.4814814814814814,0.030826140567200986
DS08a,isolation_forest,0,0.01,quantile_regression_W,R2,all,122,16,0.13114754098360656,0.8934426229508197,7.663934426229508,0.030826140567200986
DS08a,isolation_forest,0,0.02,pooled,R0,10,29,4,0.13793103448275862,1.0,31.03448275862069,0.060751016503228894
DS08a,isolation_forest,0,0.02,pooled,R0,11,20,2,0.1,1.0,36.55,0.060751016503228894
DS08a,isolation_forest,0,0.02,pooled,R0,12,17,0,0.0,1.0,50.94117647058823,0.060751016503228894
DS08a,isolation_forest,0,0.02,pooled,R0,13,14,0,0.0,1.0,61.42857142857143,0.060751016503228894
DS08a,isolation_forest,0,0.02,pooled,R0,14,15,2,0.13333333333333333,1.0,61.86666666666667,0.060751016503228894
DS08a,isolation_forest,0,0.02,pooled,R0,15,27,6,0.2222222222222222,1.0,24.962962962962962,0.060751016503228894
DS08a,isolation_forest,0,0.02,pooled,R0,all,122,14,0.11475409836065574,1.0,40.64754098360656,0.060751016503228894
DS08a,isolation_forest,0,0.02,pooled,R1,10,29,2,0.06896551724137931,1.0,8.275862068965518,0.0512594680288885
DS08a,isolation_forest,0,0.02,pooled,R1,11,20,2,0.1,1.0,12.15,0.0512594680288885
DS08a,isolation_forest,0,0.02,pooled,R1,12,17,0,0.0,1.0,16.470588235294116,0.0512594680288885
DS08a,isolation_forest,0,0.02,pooled,R1,13,14,0,0.0,1.0,23.857142857142858,0.0512594680288885
DS08a,isolation_forest,0,0.02,pooled,R1,14,15,2,0.13333333333333333,1.0,23.666666666666668,0.0512594680288885
DS08a,isolation_forest,0,0.02,pooled,R1,15,27,5,0.18518518518518517,0.9629629629629629,6.407407407407407,0.0512594680288885
DS08a,isolation_forest,0,0.02,pooled,R1,all,122,11,0.09016393442622951,0.9918032786885246,13.319672131147541,0.0512594680288885
DS08a,isolation_forest,0,0.02,pooled,R2,10,29,4,0.13793103448275862,1.0,9.0,0.05848159239034702
DS08a,isolation_forest,0,0.02,pooled,R2,11,20,2,0.1,1.0,10.95,0.05848159239034702
DS08a,isolation_forest,0,0.02,pooled,R2,12,17,0,0.0,1.0,16.58823529411765,0.05848159239034702
DS08a,isolation_forest,0,0.02,pooled,R2,13,14,0,0.0,1.0,21.071428571428573,0.05848159239034702
DS08a,isolation_forest,0,0.02,pooled,R2,14,15,2,0.13333333333333333,1.0,19.333333333333332,0.05848159239034702
DS08a,isolation_forest,0,0.02,pooled,R2,15,27,6,0.2222222222222222,0.9629629629629629,6.888888888888889,0.05848159239034702
DS08a,isolation_forest,0,0.02,pooled,R2,all,122,14,0.11475409836065574,0.9918032786885246,12.565573770491802,0.05848159239034702
DS08a,isolation_forest,0,0.02,phase_conditioned,R0,10,29,3,0.10344827586206896,1.0,27.551724137931036,0.050149700598802395
DS08a,isolation_forest,0,0.02,phase_conditioned,R0,11,20,3,0.15,1.0,39.35,0.050149700598802395
DS08a,isolation_forest,0,0.02,phase_conditioned,R0,12,17,3,0.17647058823529413,1.0,61.8235294117647,0.050149700598802395
DS08a,isolation_forest,0,0.02,phase_conditioned,R0,13,14,1,0.07142857142857142,1.0,66.57142857142857,0.050149700598802395
DS08a,isolation_forest,0,0.02,phase_conditioned,R0,14,15,2,0.13333333333333333,1.0,65.86666666666666,0.050149700598802395
DS08a,isolation_forest,0,0.02,phase_conditioned,R0,15,27,5,0.18518518518518517,1.0,27.22222222222222,0.050149700598802395
DS08a,isolation_forest,0,0.02,phase_conditioned,R0,all,122,17,0.13934426229508196,1.0,43.377049180327866,0.050149700598802395
DS08a,isolation_forest,0,0.02,phase_conditioned,R1,10,29,2,0.06896551724137931,1.0,7.0,0.04199562130962648
DS08a,isolation_forest,0,0.02,phase_conditioned,R1,11,20,2,0.1,1.0,11.85,0.04199562130962648
DS08a,isolation_forest,0,0.02,phase_conditioned,R1,12,17,3,0.17647058823529413,1.0,19.941176470588236,0.04199562130962648
DS08a,isolation_forest,0,0.02,phase_conditioned,R1,13,14,1,0.07142857142857142,1.0,24.5,0.04199562130962648
DS08a,isolation_forest,0,0.02,phase_conditioned,R1,14,15,2,0.13333333333333333,1.0,21.0,0.04199562130962648
DS08a,isolation_forest,0,0.02,phase_conditioned,R1,15,27,5,0.18518518518518517,1.0,7.481481481481482,0.04199562130962648
DS08a,isolation_forest,0,0.02,phase_conditioned,R1,all,122,15,0.12295081967213115,1.0,13.434426229508198,0.04199562130962648
DS08a,isolation_forest,0,0.02,phase_conditioned,R2,10,29,2,0.06896551724137931,1.0,7.689655172413793,0.04978540772532189
DS08a,isolation_forest,0,0.02,phase_conditioned,R2,11,20,3,0.15,1.0,10.75,0.04978540772532189
DS08a,isolation_forest,0,0.02,phase_conditioned,R2,12,17,3,0.17647058823529413,1.0,17.352941176470587,0.04978540772532189
DS08a,isolation_forest,0,0.02,phase_conditioned,R2,13,14,1,0.07142857142857142,1.0,21.142857142857142,0.04978540772532189
DS08a,isolation_forest,0,0.02,phase_conditioned,R2,14,15,2,0.13333333333333333,1.0,20.4,0.04978540772532189
DS08a,isolation_forest,0,0.02,phase_conditioned,R2,15,27,5,0.18518518518518517,1.0,7.703703703703703,0.04978540772532189
DS08a,isolation_forest,0,0.02,phase_conditioned,R2,all,122,16,0.13114754098360656,1.0,12.647540983606557,0.04978540772532189
DS08a,isolation_forest,0,0.02,quantile_regression_W,R0,10,29,1,0.034482758620689655,1.0,22.103448275862068,0.050980392156862744
DS08a,isolation_forest,0,0.02,quantile_regression_W,R0,11,20,3,0.15,1.0,34.9,0.050980392156862744
DS08a,isolation_forest,0,0.02,quantile_regression_W,R0,12,17,2,0.11764705882352941,1.0,48.88235294117647,0.050980392156862744
DS08a,isolation_forest,0,0.02,quantile_regression_W,R0,13,14,4,0.2857142857142857,1.0,85.71428571428571,0.050980392156862744
DS08a,isolation_forest,0,0.02,quantile_regression_W,R0,14,15,5,0.3333333333333333,1.0,77.26666666666667,0.050980392156862744
DS08a,isolation_forest,0,0.02,quantile_regression_W,R0,15,27,3,0.1111111111111111,1.0,21.296296296296298,0.050980392156862744
DS08a,isolation_forest,0,0.02,quantile_regression_W,R0,all,122,18,0.14754098360655737,1.0,41.83606557377049,0.050980392156862744
DS08a,isolation_forest,0,0.02,quantile_regression_W,R1,10,29,1,0.034482758620689655,0.9310344827586207,5.896551724137931,0.0380482649286595
DS08a,isolation_forest,0,0.02,quantile_regression_W,R1,11,20,4,0.2,1.0,9.2,0.0380482649286595
DS08a,isolation_forest,0,0.02,quantile_regression_W,R1,12,17,3,0.17647058823529413,1.0,16.235294117647058,0.0380482649286595
DS08a,isolation_forest,0,0.02,quantile_regression_W,R1,13,14,5,0.35714285714285715,1.0,31.214285714285715,0.0380482649286595
DS08a,isolation_forest,0,0.02,quantile_regression_W,R1,14,15,5,0.3333333333333333,1.0,26.666666666666668,0.0380482649286595
DS08a,isolation_forest,0,0.02,quantile_regression_W,R1,15,27,3,0.1111111111111111,0.9259259259259259,5.148148148148148,0.0380482649286595
DS08a,isolation_forest,0,0.02,quantile_regression_W,R1,all,122,21,0.1721311475409836,0.9672131147540983,13.172131147540984,0.0380482649286595
DS08a,isolation_forest,0,0.02,quantile_regression_W,R2,10,29,1,0.034482758620689655,0.9655172413793104,6.620689655172414,0.047245564892623715
DS08a,isolation_forest,0,0.02,quantile_regression_W,R2,11,20,3,0.15,1.0,9.05,0.047245564892623715
DS08a,isolation_forest,0,0.02,quantile_regression_W,R2,12,17,3,0.17647058823529413,1.0,14.058823529411764,0.047245564892623715
DS08a,isolation_forest,0,0.02,quantile_regression_W,R2,13,14,6,0.42857142857142855,1.0,25.357142857142858,0.047245564892623715
DS08a,isolation_forest,0,0.02,quantile_regression_W,R2,14,15,5,0.3333333333333333,1.0,23.133333333333333,0.047245564892623715
DS08a,isolation_forest,0,0.02,quantile_regression_W,R2,15,27,4,0.14814814814814814,0.9629629629629629,5.2592592592592595,0.047245564892623715
DS08a,isolation_forest,0,0.02,quantile_regression_W,R2,all,122,22,0.18032786885245902,0.9836065573770492,11.934426229508198,0.047245564892623715
DS08a,isolation_forest,1,0.005,pooled,R0,10,29,1,0.034482758620689655,0.9310344827586207,7.0,0.01748649417116861
DS08a,isolation_forest,1,0.005,pooled,R0,11,20,2,0.1,0.95,17.15,0.01748649417116861
DS08a,isolation_forest,1,0.005,pooled,R0,12,17,2,0.11764705882352941,1.0,26.647058823529413,0.01748649417116861
DS08a,isolation_forest,1,0.005,pooled,R0,13,14,0,0.0,1.0,34.5,0.01748649417116861
DS08a,isolation_forest,1,0.005,pooled,R0,14,15,2,0.13333333333333333,1.0,61.733333333333334,0.01748649417116861
DS08a,isolation_forest,1,0.005,pooled,R0,15,27,1,0.037037037037037035,0.9629629629629629,6.777777777777778,0.01748649417116861
DS08a,isolation_forest,1,0.005,pooled,R0,all,122,8,0.06557377049180328,0.9672131147540983,21.237704918032787,0.01748649417116861
DS08a,isolation_forest,1,0.005,pooled,R1,10,29,1,0.034482758620689655,0.3793103448275862,0.8275862068965517,0.01166532582461786
DS08a,isolation_forest,1,0.005,pooled,R1,11,20,2,0.1,0.8,5.6,0.01166532582461786
DS08a,isolation_forest,1,0.005,pooled,R1,12,17,2,0.11764705882352941,0.9411764705882353,8.941176470588236,0.01166532582461786
DS08a,isolation_forest,1,0.005,pooled,R1,13,14,0,0.0,1.0,11.428571428571429,0.01166532582461786
DS08a,isolation_forest,1,0.005,pooled,R1,14,15,2,0.13333333333333333,1.0,24.333333333333332,0.01166532582461786
DS08a,isolation_forest,1,0.005,pooled,R1,15,27,1,0.037037037037037035,0.4444444444444444,0.7407407407407407,0.01166532582461786
DS08a,isolation_forest,1,0.005,pooled,R1,all,122,8,0.06557377049180328,0.6885245901639344,6.827868852459017,0.01166532582461786
DS08a,isolation_forest,1,0.005,pooled,R2,10,29,0,0.0,0.5172413793103449,1.0689655172413792,0.017028694019844463
DS08a,isolation_forest,1,0.005,pooled,R2,11,20,2,0.1,0.8,4.25,0.017028694019844463
DS08a,isolation_forest,1,0.005,pooled,R2,12,17,3,0.17647058823529413,0.9411764705882353,7.764705882352941,0.017028694019844463
DS08a,isolation_forest,1,0.005,pooled,R2,13,14,0,0.0,1.0,10.071428571428571,0.017028694019844463
DS08a,isolation_forest,1,0.005,pooled,R2,14,15,3,0.2,1.0,17.866666666666667,0.017028694019844463
DS08a,isolation_forest,1,0.005,pooled,R2,15,27,1,0.037037037037037035,0.4444444444444444,0.8888888888888888,0.017028694019844463
DS08a,isolation_forest,1,0.005,pooled,R2,all,122,9,0.07377049180327869,0.7213114754098361,5.581967213114754,0.017028694019844463
DS08a,isolation_forest,1,0.005,phase_conditioned,R0,10,29,0,0.0,1.0,6.344827586206897,0.015213946117274169
DS08a,isolation_forest,1,0.005,phase_conditioned,R0,11,20,2,0.1,0.95,16.8,0.015213946117274169
DS08a,isolation_forest,1,0.005,phase_conditioned,R0,12,17,3,0.17647058823529413,1.0,26.176470588235293,0.015213946117274169
DS08a,isolation_forest,1,0.005,phase_conditioned,R0,13,14,0,0.0,1.0,31.428571428571427,0.015213946117274169
DS08a,isolation_forest,1,0.005,phase_conditioned,R0,14,15,3,0.2,1.0,40.86666666666667,0.015213946117274169
DS08a,isolation_forest,1,0.005,phase_conditioned,R0,15,27,1,0.037037037037037035,1.0,5.333333333333333,0.015213946117274169
DS08a,isolation_forest,1,0.005,phase_conditioned,R0,all,122,9,0.07377049180327869,0.9918032786885246,17.721311475409838,0.015213946117274169
DS08a,isolation_forest,1,0.005,phase_conditioned,R1,10,29,0,0.0,0.5172413793103449,0.9310344827586207,0.01059265218557254
DS08a,isolation_forest,1,0.005,phase_conditioned,R1,11,20,2,0.1,0.8,5.15,0.01059265218557254
DS08a,isolation_forest,1,0.005,phase_conditioned,R1,12,17,2,0.11764705882352941,0.9411764705882353,9.0,0.01059265218557254
DS08a,isolation_forest,1,0.005,phase_conditioned,R1,13,14,0,0.0,1.0,11.571428571428571,0.01059265218557254
DS08a,isolation_forest,1,0.005,phase_conditioned,R1,14,15,2,0.13333333333333333,1.0,16.133333333333333,0.01059265218557254
DS08a,isolation_forest,1,0.005,phase_conditioned,R1,15,27,1,0.037037037037037035,0.4074074074074074,0.5185185185185185,0.01059265218557254
DS08a,isolation_forest,1,0.005,phase_conditioned,R1,all,122,7,0.05737704918032787,0.7131147540983607,5.745901639344262,0.01059265218557254
DS08a,isolation_forest,1,0.005,phase_conditioned,R2,10,29,0,0.0,0.5517241379310345,1.1379310344827587,0.016626441405202468
DS08a,isolation_forest,1,0.005,phase_conditioned,R2,11,20,2,0.1,0.8,4.15,0.016626441405202468
DS08a,isolation_forest,1,0.005,phase_conditioned,R2,12,17,3,0.17647058823529413,0.9411764705882353,8.294117647058824,0.016626441405202468
DS08a,isolation_forest,1,0.005,phase_conditioned,R2,13,14,0,0.0,1.0,9.428571428571429,0.016626441405202468
DS08a,isolation_forest,1,0.005,phase_conditioned,R2,14,15,2,0.13333333333333333,1.0,12.4,0.016626441405202468
DS08a,isolation_forest,1,0.005,phase_conditioned,R2,15,27,1,0.037037037037037035,0.4074074074074074,0.5925925925925926,0.016626441405202468
DS08a,isolation_forest,1,0.005,phase_conditioned,R2,all,122,8,0.06557377049180328,0.7213114754098361,4.844262295081967,0.016626441405202468
DS08a,isolation_forest,1,0.005,quantile_regression_W,R0,10,29,1,0.034482758620689655,0.9655172413793104,7.310344827586207,0.016493247730794774
DS08a,isolation_forest,1,0.005,quantile_regression_W,R0,11,20,0,0.0,1.0,13.1,0.016493247730794774
DS08a,isolation_forest,1,0.005,quantile_regression_W,R0,12,17,2,0.11764705882352941,1.0,23.41176470588235,0.016493247730794774
DS08a,isolation_forest,1,0.005,quantile_regression_W,R0,13,14,4,0.2857142857142857,1.0,34.857142857142854,0.016493247730794774
DS08a,isolation_forest,1,0.005,quantile_regression_W,R0,14,15,3,0.2,1.0,55.733333333333334,0.016493247730794774
DS08a,isolation_forest,1,0.005,quantile_regression_W,R0,15,27,0,0.0,0.9629629629629629,6.62962962962963,0.016493247730794774
DS08a,isolation_forest,1,0.005,quantile_regression_W,R0,all,122,10,0.08196721311475409,0.9836065573770492,19.4672131147541,0.016493247730794774
DS08a,isolation_forest,1,0.005,quantile_regression_W,R1,10,29,1,0.034482758620689655,0.5517241379310345,1.3793103448275863,0.011449709353531795
DS08a,isolation_forest,1,0.005,quantile_regression_W,R1,11,20,0,0.0,0.65,1.55,0.011449709353531795
DS08a,isolation_forest,1,0.005,quantile_regression_W,R1,12,17,2,0.11764705882352941,1.0,5.352941176470588,0.011449709353531795
DS08a,isolation_forest,1,0.005,quantile_regression_W,R1,13,14,4,0.2857142857142857,1.0,6.285714285714286,0.011449709353531795
DS08a,isolation_forest,1,0.005,quantile_regression_W,R1,14,15,3,0.2,0.9333333333333333,15.333333333333334,0.011449709353531795
DS08a,isolation_forest,1,0.005,quantile_regression_W,R1,15,27,0,0.0,0.5185185185185185,0.9259259259259259,0.011449709353531795
DS08a,isolation_forest,1,0.005,quantile_regression_W,R1,all,122,10,0.08196721311475409,0.7213114754098361,4.139344262295082,0.011449709353531795
DS08a,isolation_forest,1,0.005,quantile_regression_W,R2,10,29,1,0.034482758620689655,0.5862068965517241,1.6206896551724137,0.014796547472256474
DS08a,isolation_forest,1,0.005,quantile_regression_W,R2,11,20,0,0.0,0.7,2.85,0.014796547472256474
DS08a,isolation_forest,1,0.005,quantile_regression_W,R2,12,17,2,0.11764705882352941,1.0,6.0,0.014796547472256474
DS08a,isolation_forest,1,0.005,quantile_regression_W,R2,13,14,4,0.2857142857142857,1.0,8.785714285714286,0.014796547472256474
DS08a,isolation_forest,1,0.005,quantile_regression_W,R2,14,15,3,0.2,0.9333333333333333,14.666666666666666,0.014796547472256474
DS08a,isolation_forest,1,0.005,quantile_regression_W,R2,15,27,0,0.0,0.5185185185185185,1.037037037037037,0.014796547472256474
DS08a,isolation_forest,1,0.005,quantile_regression_W,R2,all,122,10,0.08196721311475409,0.7377049180327869,4.729508196721311,0.014796547472256474
DS08a,isolation_forest,1,0.01,pooled,R0,10,29,3,0.10344827586206896,1.0,16.103448275862068,0.025474153960580143
DS08a,isolation_forest,1,0.01,pooled,R0,11,20,3,0.15,1.0,24.25,0.025474153960580143
DS08a,isolation_forest,1,0.01,pooled,R0,12,17,2,0.11764705882352941,1.0,36.88235294117647,0.025474153960580143
DS08a,isolation_forest,1,0.01,pooled,R0,13,14,1,0.07142857142857142,1.0,50.07142857142857,0.025474153960580143
DS08a,isolation_forest,1,0.01,pooled,R0,14,15,2,0.13333333333333333,1.0,47.733333333333334,0.025474153960580143
DS08a,isolation_forest,1,0.01,pooled,R0,15,27,5,0.18518518518518517,1.0,17.037037037037038,0.025474153960580143
DS08a,isolation_forest,1,0.01,pooled,R0,all,122,16,0.13114754098360656,1.0,28.327868852459016,0.025474153960580143
DS08a,isolation_forest,1,0.01,pooled,R1,10,29,2,0.06896551724137931,0.7241379310344828,2.9655172413793105,0.021956087824351298
DS08a,isolation_forest,1,0.01,pooled,R1,11,20,3,0.15,0.95,7.9,0.021956087824351298
DS08a,isolation_forest,1,0.01,pooled,R1,12,17,2,0.11764705882352941,1.0,12.882352941176471,0.021956087824351298
DS08a,isolation_forest,1,0.01,pooled,R1,13,14,1,0.07142857142857142,1.0,18.428571428571427,0.021956087824351298
DS08a,isolation_forest,1,0.01,pooled,R1,14,15,2,0.13333333333333333,1.0,18.8,0.021956087824351298
DS08a,isolation_forest,1,0.01,pooled,R1,15,27,6,0.2222222222222222,0.8518518518518519,4.185185185185185,0.021956087824351298
DS08a,isolation_forest,1,0.01,pooled,R1,all,122,16,0.13114754098360656,0.8934426229508197,9.147540983606557,0.021956087824351298
DS08a,isolation_forest,1,0.01,pooled,R2,10,29,3,0.10344827586206896,0.7586206896551724,3.793103448275862,0.02398661212346597
DS08a,isolation_forest,1,0.01,pooled,R2,11,20,3,0.15,0.95,6.7,0.02398661212346597
DS08a,isolation_forest,1,0.01,pooled,R2,12,17,2,0.11764705882352941,1.0,11.352941176470589,0.02398661212346597
DS08a,isolation_forest,1,0.01,pooled,R2,13,14,1,0.07142857142857142,1.0,15.928571428571429,0.02398661212346597
DS08a,isolation_forest,1,0.01,pooled,R2,14,15,2,0.13333333333333333,1.0,13.466666666666667,0.02398661212346597
DS08a,isolation_forest,1,0.01,pooled,R2,15,27,5,0.18518518518518517,0.8518518518518519,4.074074074074074,0.02398661212346597
DS08a,isolation_forest,1,0.01,pooled,R2,all,122,16,0.13114754098360656,0.9016393442622951,7.967213114754099,0.02398661212346597
DS08a,isolation_forest,1,0.01,phase_conditioned,R0,10,29,2,0.06896551724137931,1.0,13.655172413793103,0.027047015319598522
DS08a,isolation_forest,1,0.01,phase_conditioned,R0,11,20,2,0.1,1.0,21.25,0.027047015319598522
DS08a,isolation_forest,1,0.01,phase_conditioned,R0,12,17,3,0.17647058823529413,1.0,43.411764705882355,0.027047015319598522
DS08a,isolation_forest,1,0.01,phase_conditioned,R0,13,14,1,0.07142857142857142,1.0,42.92857142857143,0.027047015319598522
DS08a,isolation_forest,1,0.01,phase_conditioned,R0,14,15,2,0.13333333333333333,1.0,40.4,0.027047015319598522
DS08a,isolation_forest,1,0.01,phase_conditioned,R0,15,27,2,0.07407407407407407,1.0,15.074074074074074,0.027047015319598522
DS08a,isolation_forest,1,0.01,phase_conditioned,R0,all,122,12,0.09836065573770492,1.0,26.008196721311474,0.027047015319598522
DS08a,isolation_forest,1,0.01,phase_conditioned,R1,10,29,2,0.06896551724137931,0.8620689655172413,3.0,0.02245508982035928
DS08a,isolation_forest,1,0.01,phase_conditioned,R1,11,20,2,0.1,1.0,6.8,0.02245508982035928
DS08a,isolation_forest,1,0.01,phase_conditioned,R1,12,17,3,0.17647058823529413,1.0,13.647058823529411,0.02245508982035928
DS08a,isolation_forest,1,0.01,phase_conditioned,R1,13,14,1,0.07142857142857142,1.0,15.857142857142858,0.02245508982035928
DS08a,isolation_forest,1,0.01,phase_conditioned,R1,14,15,2,0.13333333333333333,1.0,16.333333333333332,0.02245508982035928
DS08a,isolation_forest,1,0.01,phase_conditioned,R1,15,27,2,0.07407407407407407,0.7407407407407407,2.888888888888889,0.02245508982035928
DS08a,isolation_forest,1,0.01,phase_conditioned,R1,all,122,12,0.09836065573770492,0.9098360655737705,8.19672131147541,0.02245508982035928
DS08a,isolation_forest,1,0.01,phase_conditioned,R2,10,29,2,0.06896551724137931,0.8620689655172413,3.4482758620689653,0.026447105788423155
DS08a,isolation_forest,1,0.01,phase_conditioned,R2,11,20,2,0.1,1.0,5.5,0.026447105788423155
DS08a,isolation_forest,1,0.01,phase_conditioned,R2,12,17,3,0.17647058823529413,1.0,12.705882352941176,0.026447105788423155
DS08a,isolation_forest,1,0.01,phase_conditioned,R2,13,14,1,0.07142857142857142,1.0,13.142857142857142,0.026447105788423155
DS08a,isolation_forest,1,0.01,phase_conditioned,R2,14,15,2,0.13333333333333333,1.0,12.466666666666667,0.026447105788423155
DS08a,isolation_forest,1,0.01,phase_conditioned,R2,15,27,2,0.07407407407407407,0.7777777777777778,3.7037037037037037,0.026447105788423155
DS08a,isolation_forest,1,0.01,phase_conditioned,R2,all,122,12,0.09836065573770492,0.9180327868852459,7.352459016393443,0.026447105788423155
DS08a,isolation_forest,1,0.01,quantile_regression_W,R0,10,29,1,0.034482758620689655,1.0,12.10344827586207,0.033027067295753665
DS08a,isolation_forest,1,0.01,quantile_regression_W,R0,11,20,1,0.05,1.0,21.5,0.033027067295753665
DS08a,isolation_forest,1,0.01,quantile_regression_W,R0,12,17,2,0.11764705882352941,1.0,29.941176470588236,0.033027067295753665
DS08a,isolation_forest,1,0.01,quantile_regression_W,R0,13,14,3,0.21428571428571427,1.0,55.357142857142854,0.033027067295753665
DS08a,isolation_forest,1,0.01,quantile_regression_W,R0,14,15,4,0.26666666666666666,1.0,67.26666666666667,0.033027067295753665
DS08a,isolation_forest,1,0.01,quantile_regression_W,R0,15,27,1,0.037037037037037035,1.0,14.333333333333334,0.033027067295753665
DS08a,isolation_forest,1,0.01,quantile_regression_W,R0,all,122,12,0.09836065573770492,1.0,28.368852459016395,0.033027067295753665
DS08a,isolation_forest,1,0.01,quantile_regression_W,R1,10,29,1,0.034482758620689655,0.7586206896551724,2.5172413793103448,0.02483706182843051
DS08a,isolation_forest,1,0.01,quantile_regression_W,R1,11,20,1,0.05,0.8,4.8,0.02483706182843051
DS08a,isolation_forest,1,0.01,quantile_regression_W,R1,12,17,2,0.11764705882352941,1.0,8.117647058823529,0.02483706182843051
DS08a,isolation_forest,1,0.01,quantile_regression_W,R1,13,14,3,0.21428571428571427,1.0,17.357142857142858,0.02483706182843051
DS08a,isolation_forest,1,0.01,quantile_regression_W,R1,14,15,4,0.26666666666666666,1.0,22.666666666666668,0.02483706182843051
DS08a,isolation_forest,1,0.01,quantile_regression_W,R1,15,27,1,0.037037037037037035,0.7037037037037037,3.0,0.02483706182843051
DS08a,isolation_forest,1,0.01,quantile_regression_W,R1,all,122,12,0.09836065573770492,0.8442622950819673,7.959016393442623,0.02483706182843051
DS08a,isolation_forest,1,0.01,quantile_regression_W,R2,10,29,1,0.034482758620689655,0.8275862068965517,2.8620689655172415,0.03190961013161162
DS08a,isolation_forest,1,0.01,quantile_regression_W,R2,11,20,1,0.05,0.85,5.6,0.03190961013161162
DS08a,isolation_forest,1,0.01,quantile_regression_W,R2,12,17,2,0.11764705882352941,1.0,9.176470588235293,0.03190961013161162
DS08a,isolation_forest,1,0.01,quantile_regression_W,R2,13,14,3,0.21428571428571427,1.0,17.142857142857142,0.03190961013161162
DS08a,isolation_forest,1,0.01,quantile_regression_W,R2,14,15,4,0.26666666666666666,1.0,19.6,0.03190961013161162
DS08a,isolation_forest,1,0.01,quantile_regression_W,R2,15,27,1,0.037037037037037035,0.8518518518518519,3.074074074074074,0.03190961013161162
DS08a,isolation_forest,1,0.01,quantile_regression_W,R2,all,122,12,0.09836065573770492,0.9016393442622951,7.934426229508197,0.03190961013161162
DS08a,isolation_forest,1,0.02,pooled,R0,10,29,2,0.06896551724137931,1.0,28.0,0.06625209280076537
DS08a,isolation_forest,1,0.02,pooled,R0,11,20,3,0.15,1.0,36.85,0.06625209280076537
DS08a,isolation_forest,1,0.02,pooled,R0,12,17,0,0.0,1.0,53.11764705882353,0.06625209280076537
DS08a,isolation_forest,1,0.02,pooled,R0,13,14,1,0.07142857142857142,1.0,62.57142857142857,0.06625209280076537
DS08a,isolation_forest,1,0.02,pooled,R0,14,15,2,0.13333333333333333,1.0,57.8,0.06625209280076537
DS08a,isolation_forest,1,0.02,pooled,R0,15,27,6,0.2222222222222222,1.0,26.14814814814815,0.06625209280076537
DS08a,isolation_forest,1,0.02,pooled,R0,all,122,14,0.11475409836065574,1.0,40.17213114754098,0.06625209280076537
DS08a,isolation_forest,1,0.02,pooled,R1,10,29,2,0.06896551724137931,1.0,6.931034482758621,0.05405405405405406
DS08a,isolation_forest,1,0.02,pooled,R1,11,20,3,0.15,1.0,12.3,0.05405405405405406
DS08a,isolation_forest,1,0.02,pooled,R1,12,17,0,0.0,1.0,16.352941176470587,0.05405405405405406
DS08a,isolation_forest,1,0.02,pooled,R1,13,14,1,0.07142857142857142,1.0,24.5,0.05405405405405406
DS08a,isolation_forest,1,0.02,pooled,R1,14,15,2,0.13333333333333333,1.0,21.333333333333332,0.05405405405405406
DS08a,isolation_forest,1,0.02,pooled,R1,15,27,4,0.14814814814814814,0.9629629629629629,7.407407407407407,0.05405405405405406
DS08a,isolation_forest,1,0.02,pooled,R1,all,122,12,0.09836065573770492,0.9918032786885246,13.01639344262295,0.05405405405405406
DS08a,isolation_forest,1,0.02,pooled,R2,10,29,3,0.10344827586206896,1.0,8.068965517241379,0.06314278880650562
DS08a,isolation_forest,1,0.02,pooled,R2,11,20,3,0.15,1.0,10.9,0.06314278880650562
DS08a,isolation_forest,1,0.02,pooled,R2,12,17,0,0.0,1.0,16.470588235294116,0.06314278880650562
DS08a,isolation_forest,1,0.02,pooled,R2,13,14,1,0.07142857142857142,1.0,21.285714285714285,0.06314278880650562
DS08a,isolation_forest,1,0.02,pooled,R2,14,15,2,0.13333333333333333,1.0,18.533333333333335,0.06314278880650562
DS08a,isolation_forest,1,0.02,pooled,R2,15,27,6,0.2222222222222222,0.9629629629629629,7.962962962962963,0.06314278880650562
DS08a,isolation_forest,1,0.02,pooled,R2,all,122,15,0.12295081967213115,0.9918032786885246,12.48360655737705,0.06314278880650562
DS08a,isolation_forest,1,0.02,phase_conditioned,R0,10,29,3,0.10344827586206896,1.0,27.310344827586206,0.04631185807656396
DS08a,isolation_forest,1,0.02,phase_conditioned,R0,11,20,3,0.15,1.0,37.15,0.04631185807656396
DS08a,isolation_forest,1,0.02,phase_conditioned,R0,12,17,4,0.23529411764705882,1.0,57.529411764705884,0.04631185807656396
DS08a,isolation_forest,1,0.02,phase_conditioned,R0,13,14,1,0.07142857142857142,1.0,66.78571428571429,0.04631185807656396
DS08a,isolation_forest,1,0.02,phase_conditioned,R0,14,15,2,0.13333333333333333,1.0,70.66666666666667,0.04631185807656396
DS08a,isolation_forest,1,0.02,phase_conditioned,R0,15,27,5,0.18518518518518517,1.0,27.037037037037038,0.04631185807656396
DS08a,isolation_forest,1,0.02,phase_conditioned,R0,all,122,18,0.14754098360655737,1.0,42.9344262295082,0.04631185807656396
DS08a,isolation_forest,1,0.02,phase_conditioned,R1,10,29,2,0.06896551724137931,1.0,7.172413793103448,0.03551506136110078
DS08a,isolation_forest,1,0.02,phase_conditioned,R1,11,20,4,0.2,1.0,12.2,0.03551506136110078
DS08a,isolation_forest,1,0.02,phase_conditioned,R1,12,17,4,0.23529411764705882,1.0,17.764705882352942,0.03551506136110078
DS08a,isolation_forest,1,0.02,phase_conditioned,R1,13,14,3,0.21428571428571427,1.0,23.571428571428573,0.03551506136110078
DS08a,isolation_forest,1,0.02,phase_conditioned,R1,14,15,2,0.13333333333333333,1.0,23.533333333333335,0.03551506136110078
DS08a,isolation_forest,1,0.02,phase_conditioned,R1,15,27,6,0.2222222222222222,1.0,7.62962962962963,0.03551506136110078
DS08a,isolation_forest,1,0.02,phase_conditioned,R1,all,122,21,0.1721311475409836,1.0,13.467213114754099,0.03551506136110078
DS08a,isolation_forest,1,0.02,phase_conditioned,R2,10,29,3,0.10344827586206896,1.0,8.068965517241379,0.045409181636726546
DS08a,isolation_forest,1,0.02,phase_conditioned,R2,11,20,3,0.15,1.0,10.6,0.045409181636726546
DS08a,isolation_forest,1,0.02,phase_conditioned,R2,12,17,4,0.23529411764705882,1.0,17.11764705882353,0.045409181636726546
DS08a,isolation_forest,1,0.02,phase_conditioned,R2,13,14,1,0.07142857142857142,1.0,21.5,0.045409181636726546
DS08a,isolation_forest,1,0.02,phase_conditioned,R2,14,15,2,0.13333333333333333,1.0,21.333333333333332,0.045409181636726546
DS08a,isolation_forest,1,0.02,phase_conditioned,R2,15,27,5,0.18518518518518517,1.0,8.555555555555555,0.045409181636726546
DS08a,isolation_forest,1,0.02,phase_conditioned,R2,all,122,18,0.14754098360655737,1.0,13.024590163934427,0.045409181636726546
DS08a,isolation_forest,1,0.02,quantile_regression_W,R0,10,29,1,0.034482758620689655,1.0,21.517241379310345,0.06292113504792636
DS08a,isolation_forest,1,0.02,quantile_regression_W,R0,11,20,1,0.05,1.0,39.35,0.06292113504792636
DS08a,isolation_forest,1,0.02,quantile_regression_W,R0,12,17,1,0.058823529411764705,1.0,50.23529411764706,0.06292113504792636
DS08a,isolation_forest,1,0.02,quantile_regression_W,R0,13,14,3,0.21428571428571427,1.0,73.85714285714286,0.06292113504792636
DS08a,isolation_forest,1,0.02,quantile_regression_W,R0,14,15,4,0.26666666666666666,1.0,69.13333333333334,0.06292113504792636
DS08a,isolation_forest,1,0.02,quantile_regression_W,R0,15,27,2,0.07407407407407407,1.0,22.74074074074074,0.06292113504792636
DS08a,isolation_forest,1,0.02,quantile_regression_W,R0,all,122,12,0.09836065573770492,1.0,40.57377049180328,0.06292113504792636
DS08a,isolation_forest,1,0.02,quantile_regression_W,R1,10,29,1,0.034482758620689655,0.896551724137931,5.862068965517241,0.0458984375
DS08a,isolation_forest,1,0.02,quantile_regression_W,R1,11,20,3,0.15,1.0,9.95,0.0458984375
DS08a,isolation_forest,1,0.02,quantile_regression_W,R1,12,17,1,0.058823529411764705,1.0,16.941176470588236,0.0458984375
DS08a,isolation_forest,1,0.02,quantile_regression_W,R1,13,14,3,0.21428571428571427,1.0,26.428571428571427,0.0458984375
DS08a,isolation_forest,1,0.02,quantile_regression_W,R1,14,15,5,0.3333333333333333,1.0,24.8,0.0458984375
DS08a,isolation_forest,1,0.02,quantile_regression_W,R1,15,27,3,0.1111111111111111,0.9259259259259259,5.962962962962963,0.0458984375
DS08a,isolation_forest,1,0.02,quantile_regression_W,R1,all,122,16,0.13114754098360656,0.9590163934426229,12.78688524590164,0.0458984375
DS08a,isolation_forest,1,0.02,quantile_regression_W,R2,10,29,1,0.034482758620689655,0.9655172413793104,6.275862068965517,0.05984603923516265
DS08a,isolation_forest,1,0.02,quantile_regression_W,R2,11,20,1,0.05,1.0,10.45,0.05984603923516265
DS08a,isolation_forest,1,0.02,quantile_regression_W,R2,12,17,1,0.058823529411764705,1.0,14.470588235294118,0.05984603923516265
DS08a,isolation_forest,1,0.02,quantile_regression_W,R2,13,14,3,0.21428571428571427,1.0,22.5,0.05984603923516265
DS08a,isolation_forest,1,0.02,quantile_regression_W,R2,14,15,4,0.26666666666666666,1.0,20.133333333333333,0.05984603923516265
DS08a,isolation_forest,1,0.02,quantile_regression_W,R2,15,27,2,0.07407407407407407,0.9629629629629629,5.7407407407407405,0.05984603923516265
DS08a,isolation_forest,1,0.02,quantile_regression_W,R2,all,122,12,0.09836065573770492,0.9836065573770492,11.549180327868852,0.05984603923516265
DS08a,isolation_forest,2,0.005,pooled,R0,10,29,0,0.0,0.9655172413793104,6.896551724137931,0.016633494455501847
DS08a,isolation_forest,2,0.005,pooled,R0,11,20,2,0.1,1.0,18.15,0.016633494455501847
DS08a,isolation_forest,2,0.005,pooled,R0,12,17,3,0.17647058823529413,1.0,25.823529411764707,0.016633494455501847
DS08a,isolation_forest,2,0.005,pooled,R0,13,14,0,0.0,1.0,34.42857142857143,0.016633494455501847
DS08a,isolation_forest,2,0.005,pooled,R0,14,15,2,0.13333333333333333,1.0,50.333333333333336,0.016633494455501847
DS08a,isolation_forest,2,0.005,pooled,R0,15,27,1,0.037037037037037035,0.9259259259259259,7.703703703703703,0.016633494455501847
DS08a,isolation_forest,2,0.005,pooled,R0,all,122,8,0.06557377049180328,0.9754098360655737,20.057377049180328,0.016633494455501847
DS08a,isolation_forest,2,0.005,pooled,R1,10,29,0,0.0,0.3793103448275862,0.7586206896551724,0.01086082059533387
DS08a,isolation_forest,2,0.005,pooled,R1,11,20,2,0.1,0.85,5.85,0.01086082059533387
DS08a,isolation_forest,2,0.005,pooled,R1,12,17,2,0.11764705882352941,0.9411764705882353,8.705882352941176,0.01086082059533387
DS08a,isolation_forest,2,0.005,pooled,R1,13,14,0,0.0,1.0,11.714285714285714,0.01086082059533387
DS08a,isolation_forest,2,0.005,pooled,R1,14,15,2,0.13333333333333333,1.0,16.933333333333334,0.01086082059533387
DS08a,isolation_forest,2,0.005,pooled,R1,15,27,2,0.07407407407407407,0.5555555555555556,1.2592592592592593,0.01086082059533387
DS08a,isolation_forest,2,0.005,pooled,R1,all,122,8,0.06557377049180328,0.7213114754098361,6.057377049180328,0.01086082059533387
DS08a,isolation_forest,2,0.005,pooled,R2,10,29,0,0.0,0.5172413793103449,1.0344827586206897,0.016224188790560472
DS08a,isolation_forest,2,0.005,pooled,R2,11,20,2,0.1,0.9,4.65,0.016224188790560472
DS08a,isolation_forest,2,0.005,pooled,R2,12,17,3,0.17647058823529413,0.9411764705882353,7.294117647058823,0.016224188790560472
DS08a,isolation_forest,2,0.005,pooled,R2,13,14,0,0.0,1.0,10.142857142857142,0.016224188790560472
DS08a,isolation_forest,2,0.005,pooled,R2,14,15,3,0.2,1.0,13.6,0.016224188790560472
DS08a,isolation_forest,2,0.005,pooled,R2,15,27,1,0.037037037037037035,0.5555555555555556,1.2222222222222223,0.016224188790560472
DS08a,isolation_forest,2,0.005,pooled,R2,all,122,9,0.07377049180327869,0.7622950819672131,5.131147540983607,0.016224188790560472
DS08a,isolation_forest,2,0.005,phase_conditioned,R0,10,29,1,0.034482758620689655,1.0,6.689655172413793,0.014722160726145671
DS08a,isolation_forest,2,0.005,phase_conditioned,R0,11,20,2,0.1,1.0,17.25,0.014722160726145671
DS08a,isolation_forest,2,0.005,phase_conditioned,R0,12,17,3,0.17647058823529413,1.0,26.823529411764707,0.014722160726145671
DS08a,isolation_forest,2,0.005,phase_conditioned,R0,13,14,0,0.0,1.0,31.071428571428573,0.014722160726145671
DS08a,isolation_forest,2,0.005,phase_conditioned,R0,14,15,3,0.2,1.0,44.53333333333333,0.014722160726145671
DS08a,isolation_forest,2,0.005,phase_conditioned,R0,15,27,1,0.037037037037037035,1.0,6.2592592592592595,0.014722160726145671
DS08a,isolation_forest,2,0.005,phase_conditioned,R0,all,122,10,0.08196721311475409,1.0,18.581967213114755,0.014722160726145671
DS08a,isolation_forest,2,0.005,phase_conditioned,R1,10,29,1,0.034482758620689655,0.4827586206896552,0.8620689655172413,0.010548663172560207
DS08a,isolation_forest,2,0.005,phase_conditioned,R1,11,20,2,0.1,0.8,5.5,0.010548663172560207
DS08a,isolation_forest,2,0.005,phase_conditioned,R1,12,17,2,0.11764705882352941,0.9411764705882353,8.882352941176471,0.010548663172560207
DS08a,isolation_forest,2,0.005,phase_conditioned,R1,13,14,0,0.0,1.0,11.928571428571429,0.010548663172560207
DS08a,isolation_forest,2,0.005,phase_conditioned,R1,14,15,2,0.13333333333333333,1.0,15.8,0.010548663172560207
DS08a,isolation_forest,2,0.005,phase_conditioned,R1,15,27,1,0.037037037037037035,0.5925925925925926,1.2222222222222223,0.010548663172560207
DS08a,isolation_forest,2,0.005,phase_conditioned,R1,all,122,8,0.06557377049180328,0.7459016393442623,5.926229508196721,0.010548663172560207
DS08a,isolation_forest,2,0.005,phase_conditioned,R2,10,29,0,0.0,0.5172413793103449,1.103448275862069,0.01439660319777085
DS08a,isolation_forest,2,0.005,phase_conditioned,R2,11,20,2,0.1,0.8,4.7,0.01439660319777085
DS08a,isolation_forest,2,0.005,phase_conditioned,R2,12,17,3,0.17647058823529413,0.9411764705882353,8.235294117647058,0.01439660319777085
DS08a,isolation_forest,2,0.005,phase_conditioned,R2,13,14,0,0.0,1.0,8.785714285714286,0.01439660319777085
DS08a,isolation_forest,2,0.005,phase_conditioned,R2,14,15,3,0.2,1.0,13.2,0.01439660319777085
DS08a,isolation_forest,2,0.005,phase_conditioned,R2,15,27,1,0.037037037037037035,0.5925925925925926,1.2222222222222223,0.01439660319777085
DS08a,isolation_forest,2,0.005,phase_conditioned,R2,all,122,9,0.07377049180327869,0.7540983606557377,5.081967213114754,0.01439660319777085
DS08a,isolation_forest,2,0.005,quantile_regression_W,R0,10,29,1,0.034482758620689655,1.0,8.620689655172415,0.013305774447745769
DS08a,isolation_forest,2,0.005,quantile_regression_W,R0,11,20,1,0.05,0.95,13.65,0.013305774447745769
DS08a,isolation_forest,2,0.005,quantile_regression_W,R0,12,17,2,0.11764705882352941,1.0,24.41176470588235,0.013305774447745769
DS08a,isolation_forest,2,0.005,quantile_regression_W,R0,13,14,4,0.2857142857142857,1.0,31.428571428571427,0.013305774447745769
DS08a,isolation_forest,2,0.005,quantile_regression_W,R0,14,15,4,0.26666666666666666,1.0,49.46666666666667,0.013305774447745769
DS08a,isolation_forest,2,0.005,quantile_regression_W,R0,15,27,5,0.18518518518518517,1.0,9.592592592592593,0.013305774447745769
DS08a,isolation_forest,2,0.005,quantile_regression_W,R0,all,122,17,0.13934426229508196,0.9918032786885246,19.5,0.013305774447745769
DS08a,isolation_forest,2,0.005,quantile_regression_W,R1,10,29,1,0.034482758620689655,0.5862068965517241,1.5172413793103448,0.009395463604441491
DS08a,isolation_forest,2,0.005,quantile_regression_W,R1,11,20,1,0.05,0.65,1.95,0.009395463604441491
DS08a,isolation_forest,2,0.005,quantile_regression_W,R1,12,17,2,0.11764705882352941,1.0,5.0,0.009395463604441491
DS08a,isolation_forest,2,0.005,quantile_regression_W,R1,13,14,4,0.2857142857142857,1.0,5.357142857142857,0.009395463604441491
DS08a,isolation_forest,2,0.005,quantile_regression_W,R1,14,15,4,0.26666666666666666,0.8666666666666667,11.733333333333333,0.009395463604441491
DS08a,isolation_forest,2,0.005,quantile_regression_W,R1,15,27,3,0.1111111111111111,0.48148148148148145,1.9259259259259258,0.009395463604441491
DS08a,isolation_forest,2,0.005,quantile_regression_W,R1,all,122,15,0.12295081967213115,0.7131147540983607,3.860655737704918,0.009395463604441491
DS08a,isolation_forest,2,0.005,quantile_regression_W,R2,10,29,1,0.034482758620689655,0.6551724137931034,1.896551724137931,0.01162275846800974
DS08a,isolation_forest,2,0.005,quantile_regression_W,R2,11,20,1,0.05,0.7,2.75,0.01162275846800974
DS08a,isolation_forest,2,0.005,quantile_regression_W,R2,12,17,2,0.11764705882352941,1.0,6.705882352941177,0.01162275846800974
DS08a,isolation_forest,2,0.005,quantile_regression_W,R2,13,14,4,0.2857142857142857,1.0,8.5,0.01162275846800974
DS08a,isolation_forest,2,0.005,quantile_regression_W,R2,14,15,4,0.26666666666666666,0.9333333333333333,12.733333333333333,0.01162275846800974
DS08a,isolation_forest,2,0.005,quantile_regression_W,R2,15,27,5,0.18518518518518517,0.5555555555555556,2.037037037037037,0.01162275846800974
DS08a,isolation_forest,2,0.005,quantile_regression_W,R2,all,122,17,0.13934426229508196,0.7622950819672131,4.827868852459017,0.01162275846800974
DS08a,isolation_forest,2,0.01,pooled,R0,10,29,3,0.10344827586206896,1.0,16.655172413793103,0.023453093812375248
DS08a,isolation_forest,2,0.01,pooled,R0,11,20,3,0.15,1.0,25.0,0.023453093812375248
DS08a,isolation_forest,2,0.01,pooled,R0,12,17,2,0.11764705882352941,1.0,38.529411764705884,0.023453093812375248
DS08a,isolation_forest,2,0.01,pooled,R0,13,14,1,0.07142857142857142,1.0,45.142857142857146,0.023453093812375248
DS08a,isolation_forest,2,0.01,pooled,R0,14,15,2,0.13333333333333333,1.0,51.2,0.023453093812375248
DS08a,isolation_forest,2,0.01,pooled,R0,15,27,9,0.3333333333333333,1.0,17.22222222222222,0.023453093812375248
DS08a,isolation_forest,2,0.01,pooled,R0,all,122,20,0.16393442622950818,1.0,28.71311475409836,0.023453093812375248
DS08a,isolation_forest,2,0.01,pooled,R1,10,29,1,0.034482758620689655,0.8275862068965517,2.793103448275862,0.021706586826347306
DS08a,isolation_forest,2,0.01,pooled,R1,11,20,3,0.15,0.95,7.6,0.021706586826347306
DS08a,isolation_forest,2,0.01,pooled,R1,12,17,2,0.11764705882352941,1.0,12.411764705882353,0.021706586826347306
DS08a,isolation_forest,2,0.01,pooled,R1,13,14,0,0.0,1.0,17.5,0.021706586826347306
DS08a,isolation_forest,2,0.01,pooled,R1,14,15,2,0.13333333333333333,1.0,19.733333333333334,0.021706586826347306
DS08a,isolation_forest,2,0.01,pooled,R1,15,27,7,0.25925925925925924,0.8518518518518519,4.2592592592592595,0.021706586826347306
DS08a,isolation_forest,2,0.01,pooled,R1,all,122,15,0.12295081967213115,0.9180327868852459,9.01639344262295,0.021706586826347306
DS08a,isolation_forest,2,0.01,pooled,R2,10,29,2,0.06896551724137931,0.8620689655172413,3.6551724137931036,0.023203592814371257
DS08a,isolation_forest,2,0.01,pooled,R2,11,20,3,0.15,1.0,6.9,0.023203592814371257
DS08a,isolation_forest,2,0.01,pooled,R2,12,17,2,0.11764705882352941,1.0,12.0,0.023203592814371257
DS08a,isolation_forest,2,0.01,pooled,R2,13,14,1,0.07142857142857142,1.0,13.928571428571429,0.023203592814371257
DS08a,isolation_forest,2,0.01,pooled,R2,14,15,2,0.13333333333333333,1.0,15.133333333333333,0.023203592814371257
DS08a,isolation_forest,2,0.01,pooled,R2,15,27,7,0.25925925925925924,0.8888888888888888,4.37037037037037,0.023203592814371257
DS08a,isolation_forest,2,0.01,pooled,R2,all,122,17,0.13934426229508196,0.9426229508196722,8.098360655737705,0.023203592814371257
DS08a,isolation_forest,2,0.01,phase_conditioned,R0,10,29,2,0.06896551724137931,1.0,14.862068965517242,0.025698602794411177
DS08a,isolation_forest,2,0.01,phase_conditioned,R0,11,20,2,0.1,1.0,24.5,0.025698602794411177
DS08a,isolation_forest,2,0.01,phase_conditioned,R0,12,17,2,0.11764705882352941,1.0,36.23529411764706,0.025698602794411177
DS08a,isolation_forest,2,0.01,phase_conditioned,R0,13,14,2,0.14285714285714285,1.0,40.0,0.025698602794411177
DS08a,isolation_forest,2,0.01,phase_conditioned,R0,14,15,2,0.13333333333333333,1.0,38.6,0.025698602794411177
DS08a,isolation_forest,2,0.01,phase_conditioned,R0,15,27,5,0.18518518518518517,1.0,17.074074074074073,0.025698602794411177
DS08a,isolation_forest,2,0.01,phase_conditioned,R0,all,122,15,0.12295081967213115,1.0,25.71311475409836,0.025698602794411177
DS08a,isolation_forest,2,0.01,phase_conditioned,R1,10,29,2,0.06896551724137931,0.8620689655172413,3.0344827586206895,0.02245508982035928
DS08a,isolation_forest,2,0.01,phase_conditioned,R1,11,20,2,0.1,1.0,7.05,0.02245508982035928
DS08a,isolation_forest,2,0.01,phase_conditioned,R1,12,17,2,0.11764705882352941,1.0,12.117647058823529,0.02245508982035928
DS08a,isolation_forest,2,0.01,phase_conditioned,R1,13,14,0,0.0,1.0,15.571428571428571,0.02245508982035928
DS08a,isolation_forest,2,0.01,phase_conditioned,R1,14,15,2,0.13333333333333333,1.0,16.133333333333333,0.02245508982035928
DS08a,isolation_forest,2,0.01,phase_conditioned,R1,15,27,3,0.1111111111111111,0.7777777777777778,3.7037037037037037,0.02245508982035928
DS08a,isolation_forest,2,0.01,phase_conditioned,R1,all,122,11,0.09016393442622951,0.9180327868852459,8.155737704918034,0.02245508982035928
DS08a,isolation_forest,2,0.01,phase_conditioned,R2,10,29,2,0.06896551724137931,0.8620689655172413,4.0344827586206895,0.0249500998003992
DS08a,isolation_forest,2,0.01,phase_conditioned,R2,11,20,2,0.1,1.0,6.6,0.0249500998003992
DS08a,isolation_forest,2,0.01,phase_conditioned,R2,12,17,2,0.11764705882352941,1.0,10.705882352941176,0.0249500998003992
DS08a,isolation_forest,2,0.01,phase_conditioned,R2,13,14,2,0.14285714285714285,1.0,12.5,0.0249500998003992
DS08a,isolation_forest,2,0.01,phase_conditioned,R2,14,15,2,0.13333333333333333,1.0,12.466666666666667,0.0249500998003992
DS08a,isolation_forest,2,0.01,phase_conditioned,R2,15,27,5,0.18518518518518517,0.7777777777777778,4.037037037037037,0.0249500998003992
DS08a,isolation_forest,2,0.01,phase_conditioned,R2,all,122,15,0.12295081967213115,0.9180327868852459,7.39344262295082,0.0249500998003992
DS08a,isolation_forest,2,0.01,quantile_regression_W,R0,10,29,1,0.034482758620689655,1.0,13.96551724137931,0.03141296250310405
DS08a,isolation_forest,2,0.01,quantile_regression_W,R0,11,20,1,0.05,1.0,21.5,0.03141296250310405
DS08a,isolation_forest,2,0.01,quantile_regression_W,R0,12,17,2,0.11764705882352941,1.0,30.41176470588235,0.03141296250310405
DS08a,isolation_forest,2,0.01,quantile_regression_W,R0,13,14,3,0.21428571428571427,1.0,54.92857142857143,0.03141296250310405
DS08a,isolation_forest,2,0.01,quantile_regression_W,R0,14,15,4,0.26666666666666666,1.0,61.53333333333333,0.03141296250310405
DS08a,isolation_forest,2,0.01,quantile_regression_W,R0,15,27,4,0.14814814814814814,1.0,15.666666666666666,0.03141296250310405
DS08a,isolation_forest,2,0.01,quantile_regression_W,R0,all,122,15,0.12295081967213115,1.0,28.418032786885245,0.03141296250310405
DS08a,isolation_forest,2,0.01,quantile_regression_W,R1,10,29,1,0.034482758620689655,0.7241379310344828,3.0689655172413794,0.02201867183371499
DS08a,isolation_forest,2,0.01,quantile_regression_W,R1,11,20,1,0.05,0.8,4.35,0.02201867183371499
DS08a,isolation_forest,2,0.01,quantile_regression_W,R1,12,17,2,0.11764705882352941,1.0,7.647058823529412,0.02201867183371499
DS08a,isolation_forest,2,0.01,quantile_regression_W,R1,13,14,4,0.2857142857142857,1.0,16.5,0.02201867183371499
DS08a,isolation_forest,2,0.01,quantile_regression_W,R1,14,15,4,0.26666666666666666,1.0,18.933333333333334,0.02201867183371499
DS08a,isolation_forest,2,0.01,quantile_regression_W,R1,15,27,4,0.14814814814814814,0.7407407407407407,3.4814814814814814,0.02201867183371499
DS08a,isolation_forest,2,0.01,quantile_regression_W,R1,all,122,16,0.13114754098360656,0.8442622950819673,7.5,0.02201867183371499
DS08a,isolation_forest,2,0.01,quantile_regression_W,R2,10,29,1,0.034482758620689655,0.8275862068965517,3.8620689655172415,0.028433076732058603
DS08a,isolation_forest,2,0.01,quantile_regression_W,R2,11,20,1,0.05,0.85,5.6,0.028433076732058603
DS08a,isolation_forest,2,0.01,quantile_regression_W,R2,12,17,2,0.11764705882352941,1.0,8.470588235294118,0.028433076732058603
DS08a,isolation_forest,2,0.01,quantile_regression_W,R2,13,14,4,0.2857142857142857,1.0,16.0,0.028433076732058603
DS08a,isolation_forest,2,0.01,quantile_regression_W,R2,14,15,4,0.26666666666666666,1.0,17.2,0.028433076732058603
DS08a,isolation_forest,2,0.01,quantile_regression_W,R2,15,27,4,0.14814814814814814,0.8518518518518519,3.925925925925926,0.028433076732058603
DS08a,isolation_forest,2,0.01,quantile_regression_W,R2,all,122,16,0.13114754098360656,0.9016393442622951,7.836065573770492,0.028433076732058603
DS08a,isolation_forest,2,0.02,pooled,R0,10,29,4,0.13793103448275862,1.0,31.379310344827587,0.058823529411764705
DS08a,isolation_forest,2,0.02,pooled,R0,11,20,3,0.15,1.0,37.45,0.058823529411764705
DS08a,isolation_forest,2,0.02,pooled,R0,12,17,2,0.11764705882352941,1.0,55.23529411764706,0.058823529411764705
DS08a,isolation_forest,2,0.02,pooled,R0,13,14,1,0.07142857142857142,1.0,64.57142857142857,0.058823529411764705
DS08a,isolation_forest,2,0.02,pooled,R0,14,15,2,0.13333333333333333,1.0,59.0,0.058823529411764705
DS08a,isolation_forest,2,0.02,pooled,R0,15,27,7,0.25925925925925924,1.0,26.296296296296298,0.058823529411764705
DS08a,isolation_forest,2,0.02,pooled,R0,all,122,19,0.1557377049180328,1.0,41.778688524590166,0.058823529411764705
DS08a,isolation_forest,2,0.02,pooled,R1,10,29,2,0.06896551724137931,0.9655172413793104,7.724137931034483,0.04831380052618991
DS08a,isolation_forest,2,0.02,pooled,R1,11,20,3,0.15,1.0,12.8,0.04831380052618991
DS08a,isolation_forest,2,0.02,pooled,R1,12,17,1,0.058823529411764705,1.0,16.647058823529413,0.04831380052618991
DS08a,isolation_forest,2,0.02,pooled,R1,13,14,1,0.07142857142857142,1.0,24.928571428571427,0.04831380052618991
DS08a,isolation_forest,2,0.02,pooled,R1,14,15,2,0.13333333333333333,1.0,21.866666666666667,0.04831380052618991
DS08a,isolation_forest,2,0.02,pooled,R1,15,27,6,0.2222222222222222,0.9629629629629629,6.851851851851852,0.04831380052618991
DS08a,isolation_forest,2,0.02,pooled,R1,all,122,15,0.12295081967213115,0.9836065573770492,13.319672131147541,0.04831380052618991
DS08a,isolation_forest,2,0.02,pooled,R2,10,29,4,0.13793103448275862,1.0,9.068965517241379,0.05465913674868899
DS08a,isolation_forest,2,0.02,pooled,R2,11,20,3,0.15,1.0,11.0,0.05465913674868899
DS08a,isolation_forest,2,0.02,pooled,R2,12,17,2,0.11764705882352941,1.0,17.0,0.05465913674868899
DS08a,isolation_forest,2,0.02,pooled,R2,13,14,1,0.07142857142857142,1.0,20.714285714285715,0.05465913674868899
DS08a,isolation_forest,2,0.02,pooled,R2,14,15,2,0.13333333333333333,1.0,18.533333333333335,0.05465913674868899
DS08a,isolation_forest,2,0.02,pooled,R2,15,27,6,0.2222222222222222,0.9629629629629629,7.222222222222222,0.05465913674868899
DS08a,isolation_forest,2,0.02,pooled,R2,all,122,18,0.14754098360655737,0.9918032786885246,12.581967213114755,0.05465913674868899
DS08a,isolation_forest,2,0.02,phase_conditioned,R0,10,29,3,0.10344827586206896,1.0,29.517241379310345,0.05064870259481038
DS08a,isolation_forest,2,0.02,phase_conditioned,R0,11,20,3,0.15,1.0,38.8,0.05064870259481038
DS08a,isolation_forest,2,0.02,phase_conditioned,R0,12,17,4,0.23529411764705882,1.0,60.705882352941174,0.05064870259481038
DS08a,isolation_forest,2,0.02,phase_conditioned,R0,13,14,1,0.07142857142857142,1.0,73.42857142857143,0.05064870259481038
DS08a,isolation_forest,2,0.02,phase_conditioned,R0,14,15,2,0.13333333333333333,1.0,66.46666666666667,0.05064870259481038
DS08a,isolation_forest,2,0.02,phase_conditioned,R0,15,27,5,0.18518518518518517,1.0,28.14814814814815,0.05064870259481038
DS08a,isolation_forest,2,0.02,phase_conditioned,R0,all,122,18,0.14754098360655737,1.0,44.66393442622951,0.05064870259481038
DS08a,isolation_forest,2,0.02,phase_conditioned,R1,10,29,1,0.034482758620689655,1.0,7.310344827586207,0.04291417165668663
DS08a,isolation_forest,2,0.02,phase_conditioned,R1,11,20,3,0.15,1.0,12.45,0.04291417165668663
DS08a,isolation_forest,2,0.02,phase_conditioned,R1,12,17,3,0.17647058823529413,1.0,18.647058823529413,0.04291417165668663
DS08a,isolation_forest,2,0.02,phase_conditioned,R1,13,14,1,0.07142857142857142,1.0,24.714285714285715,0.04291417165668663
DS08a,isolation_forest,2,0.02,phase_conditioned,R1,14,15,2,0.13333333333333333,1.0,22.133333333333333,0.04291417165668663
DS08a,isolation_forest,2,0.02,phase_conditioned,R1,15,27,5,0.18518518518518517,1.0,7.703703703703703,0.04291417165668663
DS08a,isolation_forest,2,0.02,phase_conditioned,R1,all,122,15,0.12295081967213115,1.0,13.639344262295081,0.04291417165668663
DS08a,isolation_forest,2,0.02,phase_conditioned,R2,10,29,1,0.034482758620689655,1.0,9.03448275862069,0.050149700598802395
DS08a,isolation_forest,2,0.02,phase_conditioned,R2,11,20,3,0.15,1.0,10.75,0.050149700598802395
DS08a,isolation_forest,2,0.02,phase_conditioned,R2,12,17,4,0.23529411764705882,1.0,17.470588235294116,0.050149700598802395
DS08a,isolation_forest,2,0.02,phase_conditioned,R2,13,14,1,0.07142857142857142,1.0,23.285714285714285,0.050149700598802395
DS08a,isolation_forest,2,0.02,phase_conditioned,R2,14,15,2,0.13333333333333333,1.0,18.8,0.050149700598802395
DS08a,isolation_forest,2,0.02,phase_conditioned,R2,15,27,5,0.18518518518518517,1.0,8.518518518518519,0.050149700598802395
DS08a,isolation_forest,2,0.02,phase_conditioned,R2,all,122,16,0.13114754098360656,1.0,13.21311475409836,0.050149700598802395
DS08a,isolation_forest,2,0.02,quantile_regression_W,R0,10,29,1,0.034482758620689655,1.0,22.75862068965517,0.05401042960019866
DS08a,isolation_forest,2,0.02,quantile_regression_W,R0,11,20,3,0.15,1.0,41.05,0.05401042960019866
DS08a,isolation_forest,2,0.02,quantile_regression_W,R0,12,17,2,0.11764705882352941,1.0,56.529411764705884,0.05401042960019866
DS08a,isolation_forest,2,0.02,quantile_regression_W,R0,13,14,4,0.2857142857142857,1.0,84.35714285714286,0.05401042960019866
DS08a,isolation_forest,2,0.02,quantile_regression_W,R0,14,15,4,0.26666666666666666,1.0,80.93333333333334,0.05401042960019866
DS08a,isolation_forest,2,0.02,quantile_regression_W,R0,15,27,3,0.1111111111111111,1.0,23.51851851851852,0.05401042960019866
DS08a,isolation_forest,2,0.02,quantile_regression_W,R0,all,122,17,0.13934426229508196,1.0,44.85245901639344,0.05401042960019866
DS08a,isolation_forest,2,0.02,quantile_regression_W,R1,10,29,1,0.034482758620689655,0.896551724137931,5.931034482758621,0.04129098360655738
DS08a,isolation_forest,2,0.02,quantile_regression_W,R1,11,20,3,0.15,1.0,11.25,0.04129098360655738
DS08a,isolation_forest,2,0.02,quantile_regression_W,R1,12,17,2,0.11764705882352941,1.0,15.470588235294118,0.04129098360655738
DS08a,isolation_forest,2,0.02,quantile_regression_W,R1,13,14,4,0.2857142857142857,1.0,28.928571428571427,0.04129098360655738
DS08a,isolation_forest,2,0.02,quantile_regression_W,R1,14,15,5,0.3333333333333333,1.0,28.666666666666668,0.04129098360655738
DS08a,isolation_forest,2,0.02,quantile_regression_W,R1,15,27,3,0.1111111111111111,0.9259259259259259,6.333333333333333,0.04129098360655738
DS08a,isolation_forest,2,0.02,quantile_regression_W,R1,all,122,18,0.14754098360655737,0.9590163934426229,13.655737704918034,0.04129098360655738
DS08a,isolation_forest,2,0.02,quantile_regression_W,R2,10,29,1,0.034482758620689655,0.9655172413793104,6.482758620689655,0.048174819965234664
DS08a,isolation_forest,2,0.02,quantile_regression_W,R2,11,20,3,0.15,1.0,10.65,0.048174819965234664
DS08a,isolation_forest,2,0.02,quantile_regression_W,R2,12,17,2,0.11764705882352941,1.0,16.352941176470587,0.048174819965234664
DS08a,isolation_forest,2,0.02,quantile_regression_W,R2,13,14,4,0.2857142857142857,1.0,25.285714285714285,0.048174819965234664
DS08a,isolation_forest,2,0.02,quantile_regression_W,R2,14,15,5,0.3333333333333333,1.0,23.866666666666667,0.048174819965234664
DS08a,isolation_forest,2,0.02,quantile_regression_W,R2,15,27,4,0.14814814814814814,1.0,5.962962962962963,0.048174819965234664
DS08a,isolation_forest,2,0.02,quantile_regression_W,R2,all,122,19,0.1557377049180328,0.9918032786885246,12.721311475409836,0.048174819965234664
DS08a,lstm_autoencoder,0,0.005,pooled,R0,10,29,0,0.0,1.0,6.482758620689655,0.013504538410449414
DS08a,lstm_autoencoder,0,0.005,pooled,R0,11,20,2,0.1,1.0,14.3,0.013504538410449414
DS08a,lstm_autoencoder,0,0.005,pooled,R0,12,17,4,0.23529411764705882,1.0,28.88235294117647,0.013504538410449414
DS08a,lstm_autoencoder,0,0.005,pooled,R0,13,14,1,0.07142857142857142,1.0,25.642857142857142,0.013504538410449414
DS08a,lstm_autoencoder,0,0.005,pooled,R0,14,15,2,0.13333333333333333,1.0,30.2,0.013504538410449414
DS08a,lstm_autoencoder,0,0.005,pooled,R0,15,27,2,0.07407407407407407,1.0,7.111111111111111,0.013504538410449414
DS08a,lstm_autoencoder,0,0.005,pooled,R0,all,122,11,0.09016393442622951,1.0,16.139344262295083,0.013504538410449414
DS08a,lstm_autoencoder,0,0.005,pooled,R1,10,29,0,0.0,0.7586206896551724,1.1379310344827587,0.008481675392670158
DS08a,lstm_autoencoder,0,0.005,pooled,R1,11,20,2,0.1,0.85,4.5,0.008481675392670158
DS08a,lstm_autoencoder,0,0.005,pooled,R1,12,17,3,0.17647058823529413,1.0,8.352941176470589,0.008481675392670158
DS08a,lstm_autoencoder,0,0.005,pooled,R1,13,14,1,0.07142857142857142,1.0,11.285714285714286,0.008481675392670158
DS08a,lstm_autoencoder,0,0.005,pooled,R1,14,15,2,0.13333333333333333,1.0,11.733333333333333,0.008481675392670158
DS08a,lstm_autoencoder,0,0.005,pooled,R1,15,27,1,0.037037037037037035,0.6296296296296297,1.2222222222222223,0.008481675392670158
DS08a,lstm_autoencoder,0,0.005,pooled,R1,all,122,9,0.07377049180327869,0.8360655737704918,5.180327868852459,0.008481675392670158
DS08a,lstm_autoencoder,0,0.005,pooled,R2,10,29,0,0.0,0.9310344827586207,1.3793103448275863,0.012480896586856851
DS08a,lstm_autoencoder,0,0.005,pooled,R2,11,20,3,0.15,0.85,3.7,0.012480896586856851
DS08a,lstm_autoencoder,0,0.005,pooled,R2,12,17,3,0.17647058823529413,1.0,7.470588235294118,0.012480896586856851
DS08a,lstm_autoencoder,0,0.005,pooled,R2,13,14,1,0.07142857142857142,1.0,8.214285714285714,0.012480896586856851
DS08a,lstm_autoencoder,0,0.005,pooled,R2,14,15,2,0.13333333333333333,1.0,9.466666666666667,0.012480896586856851
DS08a,lstm_autoencoder,0,0.005,pooled,R2,15,27,1,0.037037037037037035,0.7777777777777778,1.4814814814814814,0.012480896586856851
DS08a,lstm_autoencoder,0,0.005,pooled,R2,all,122,10,0.08196721311475409,0.9098360655737705,4.409836065573771,0.012480896586856851
DS08a,lstm_autoencoder,0,0.005,phase_conditioned,R0,10,29,0,0.0,1.0,5.344827586206897,0.013672496025437202
DS08a,lstm_autoencoder,0,0.005,phase_conditioned,R0,11,20,2,0.1,1.0,14.2,0.013672496025437202
DS08a,lstm_autoencoder,0,0.005,phase_conditioned,R0,12,17,3,0.17647058823529413,1.0,28.235294117647058,0.013672496025437202
DS08a,lstm_autoencoder,0,0.005,phase_conditioned,R0,13,14,1,0.07142857142857142,1.0,25.785714285714285,0.013672496025437202
DS08a,lstm_autoencoder,0,0.005,phase_conditioned,R0,14,15,3,0.2,1.0,29.533333333333335,0.013672496025437202
DS08a,lstm_autoencoder,0,0.005,phase_conditioned,R0,15,27,1,0.037037037037037035,1.0,6.925925925925926,0.013672496025437202
DS08a,lstm_autoencoder,0,0.005,phase_conditioned,R0,all,122,10,0.08196721311475409,1.0,15.655737704918034,0.013672496025437202
DS08a,lstm_autoencoder,0,0.005,phase_conditioned,R1,10,29,0,0.0,0.7241379310344828,1.0344827586206897,0.007995537374488658
DS08a,lstm_autoencoder,0,0.005,phase_conditioned,R1,11,20,2,0.1,0.8,4.6,0.007995537374488658
DS08a,lstm_autoencoder,0,0.005,phase_conditioned,R1,12,17,3,0.17647058823529413,1.0,8.882352941176471,0.007995537374488658
DS08a,lstm_autoencoder,0,0.005,phase_conditioned,R1,13,14,2,0.14285714285714285,1.0,10.071428571428571,0.007995537374488658
DS08a,lstm_autoencoder,0,0.005,phase_conditioned,R1,14,15,3,0.2,1.0,11.6,0.007995537374488658
DS08a,lstm_autoencoder,0,0.005,phase_conditioned,R1,15,27,1,0.037037037037037035,0.6666666666666666,1.1111111111111112,0.007995537374488658
DS08a,lstm_autoencoder,0,0.005,phase_conditioned,R1,all,122,11,0.09016393442622951,0.8278688524590164,5.065573770491803,0.007995537374488658
DS08a,lstm_autoencoder,0,0.005,phase_conditioned,R2,10,29,0,0.0,0.7931034482758621,1.206896551724138,0.01162275846800974
DS08a,lstm_autoencoder,0,0.005,phase_conditioned,R2,11,20,3,0.15,0.8,3.9,0.01162275846800974
DS08a,lstm_autoencoder,0,0.005,phase_conditioned,R2,12,17,3,0.17647058823529413,1.0,8.0,0.01162275846800974
DS08a,lstm_autoencoder,0,0.005,phase_conditioned,R2,13,14,1,0.07142857142857142,1.0,9.071428571428571,0.01162275846800974
DS08a,lstm_autoencoder,0,0.005,phase_conditioned,R2,14,15,3,0.2,1.0,8.933333333333334,0.01162275846800974
DS08a,lstm_autoencoder,0,0.005,phase_conditioned,R2,15,27,1,0.037037037037037035,0.7777777777777778,1.4444444444444444,0.01162275846800974
DS08a,lstm_autoencoder,0,0.005,phase_conditioned,R2,all,122,11,0.09016393442622951,0.8688524590163934,4.5,0.01162275846800974
DS08a,lstm_autoencoder,0,0.005,quantile_regression_W,R0,10,29,0,0.0,1.0,10.448275862068966,0.012013951685828705
DS08a,lstm_autoencoder,0,0.005,quantile_regression_W,R0,11,20,0,0.0,1.0,18.1,0.012013951685828705
DS08a,lstm_autoencoder,0,0.005,quantile_regression_W,R0,12,17,1,0.058823529411764705,1.0,31.11764705882353,0.012013951685828705
DS08a,lstm_autoencoder,0,0.005,quantile_regression_W,R0,13,14,4,0.2857142857142857,1.0,57.785714285714285,0.012013951685828705
DS08a,lstm_autoencoder,0,0.005,quantile_regression_W,R0,14,15,5,0.3333333333333333,1.0,49.4,0.012013951685828705
DS08a,lstm_autoencoder,0,0.005,quantile_regression_W,R0,15,27,1,0.037037037037037035,1.0,12.296296296296296,0.012013951685828705
DS08a,lstm_autoencoder,0,0.005,quantile_regression_W,R0,all,122,11,0.09016393442622951,1.0,25.21311475409836,0.012013951685828705
DS08a,lstm_autoencoder,0,0.005,quantile_regression_W,R1,10,29,1,0.034482758620689655,0.896551724137931,1.7586206896551724,0.006008583690987125
DS08a,lstm_autoencoder,0,0.005,quantile_regression_W,R1,11,20,1,0.05,0.75,2.55,0.006008583690987125
DS08a,lstm_autoencoder,0,0.005,quantile_regression_W,R1,12,17,1,0.058823529411764705,0.8235294117647058,4.0,0.006008583690987125
DS08a,lstm_autoencoder,0,0.005,quantile_regression_W,R1,13,14,4,0.2857142857142857,0.9285714285714286,11.0,0.006008583690987125
DS08a,lstm_autoencoder,0,0.005,quantile_regression_W,R1,14,15,5,0.3333333333333333,1.0,12.0,0.006008583690987125
DS08a,lstm_autoencoder,0,0.005,quantile_regression_W,R1,15,27,0,0.0,0.9629629629629629,2.814814814814815,0.006008583690987125
DS08a,lstm_autoencoder,0,0.005,quantile_regression_W,R1,all,122,12,0.09836065573770492,0.8934426229508197,4.754098360655738,0.006008583690987125
DS08a,lstm_autoencoder,0,0.005,quantile_regression_W,R2,10,29,3,0.10344827586206896,0.896551724137931,1.8275862068965518,0.00815450643776824
DS08a,lstm_autoencoder,0,0.005,quantile_regression_W,R2,11,20,1,0.05,0.8,3.0,0.00815450643776824
DS08a,lstm_autoencoder,0,0.005,quantile_regression_W,R2,12,17,1,0.058823529411764705,0.9411764705882353,5.294117647058823,0.00815450643776824
DS08a,lstm_autoencoder,0,0.005,quantile_regression_W,R2,13,14,5,0.35714285714285715,0.9285714285714286,12.714285714285714,0.00815450643776824
DS08a,lstm_autoencoder,0,0.005,quantile_regression_W,R2,14,15,5,0.3333333333333333,1.0,12.533333333333333,0.00815450643776824
DS08a,lstm_autoencoder,0,0.005,quantile_regression_W,R2,15,27,2,0.07407407407407407,0.9629629629629629,3.0,0.00815450643776824
DS08a,lstm_autoencoder,0,0.005,quantile_regression_W,R2,all,122,17,0.13934426229508196,0.9180327868852459,5.327868852459017,0.00815450643776824
DS08a,lstm_autoencoder,0,0.01,pooled,R0,10,29,0,0.0,1.0,16.137931034482758,0.024201596806387227
DS08a,lstm_autoencoder,0,0.01,pooled,R0,11,20,2,0.1,1.0,20.75,0.024201596806387227
DS08a,lstm_autoencoder,0,0.01,pooled,R0,12,17,3,0.17647058823529413,1.0,39.1764705882353,0.024201596806387227
DS08a,lstm_autoencoder,0,0.01,pooled,R0,13,14,1,0.07142857142857142,1.0,40.357142857142854,0.024201596806387227
DS08a,lstm_autoencoder,0,0.01,pooled,R0,14,15,2,0.13333333333333333,1.0,46.53333333333333,0.024201596806387227
DS08a,lstm_autoencoder,0,0.01,pooled,R0,15,27,2,0.07407407407407407,1.0,16.925925925925927,0.024201596806387227
DS08a,lstm_autoencoder,0,0.01,pooled,R0,all,122,10,0.08196721311475409,1.0,26.795081967213115,0.024201596806387227
DS08a,lstm_autoencoder,0,0.01,pooled,R1,10,29,0,0.0,1.0,3.1379310344827585,0.013627101375445747
DS08a,lstm_autoencoder,0,0.01,pooled,R1,11,20,3,0.15,1.0,5.65,0.013627101375445747
DS08a,lstm_autoencoder,0,0.01,pooled,R1,12,17,3,0.17647058823529413,1.0,12.352941176470589,0.013627101375445747
DS08a,lstm_autoencoder,0,0.01,pooled,R1,13,14,1,0.07142857142857142,1.0,12.285714285714286,0.013627101375445747
DS08a,lstm_autoencoder,0,0.01,pooled,R1,14,15,3,0.2,1.0,14.266666666666667,0.013627101375445747
DS08a,lstm_autoencoder,0,0.01,pooled,R1,15,27,1,0.037037037037037035,0.9629629629629629,3.3333333333333335,0.013627101375445747
DS08a,lstm_autoencoder,0,0.01,pooled,R1,all,122,11,0.09016393442622951,0.9918032786885246,7.295081967213115,0.013627101375445747
DS08a,lstm_autoencoder,0,0.01,pooled,R2,10,29,0,0.0,1.0,3.310344827586207,0.021695815806951516
DS08a,lstm_autoencoder,0,0.01,pooled,R2,11,20,2,0.1,1.0,5.1,0.021695815806951516
DS08a,lstm_autoencoder,0,0.01,pooled,R2,12,17,3,0.17647058823529413,1.0,10.647058823529411,0.021695815806951516
DS08a,lstm_autoencoder,0,0.01,pooled,R2,13,14,1,0.07142857142857142,1.0,10.071428571428571,0.021695815806951516
DS08a,lstm_autoencoder,0,0.01,pooled,R2,14,15,3,0.2,1.0,13.6,0.021695815806951516
DS08a,lstm_autoencoder,0,0.01,pooled,R2,15,27,2,0.07407407407407407,1.0,3.7037037037037037,0.021695815806951516
DS08a,lstm_autoencoder,0,0.01,pooled,R2,all,122,11,0.09016393442622951,1.0,6.754098360655738,0.021695815806951516
DS08a,lstm_autoencoder,0,0.01,phase_conditioned,R0,10,29,0,0.0,1.0,15.655172413793103,0.0249500998003992
DS08a,lstm_autoencoder,0,0.01,phase_conditioned,R0,11,20,2,0.1,1.0,19.95,0.0249500998003992
DS08a,lstm_autoencoder,0,0.01,phase_conditioned,R0,12,17,2,0.11764705882352941,1.0,37.94117647058823,0.0249500998003992
DS08a,lstm_autoencoder,0,0.01,phase_conditioned,R0,13,14,1,0.07142857142857142,1.0,39.0,0.0249500998003992
DS08a,lstm_autoencoder,0,0.01,phase_conditioned,R0,14,15,2,0.13333333333333333,1.0,46.733333333333334,0.0249500998003992
DS08a,lstm_autoencoder,0,0.01,phase_conditioned,R0,15,27,2,0.07407407407407407,1.0,16.14814814814815,0.0249500998003992
DS08a,lstm_autoencoder,0,0.01,phase_conditioned,R0,all,122,9,0.07377049180327869,1.0,26.07377049180328,0.0249500998003992
DS08a,lstm_autoencoder,0,0.01,phase_conditioned,R1,10,29,0,0.0,1.0,3.0344827586206895,0.014420555846879917
DS08a,lstm_autoencoder,0,0.01,phase_conditioned,R1,11,20,3,0.15,0.95,5.35,0.014420555846879917
DS08a,lstm_autoencoder,0,0.01,phase_conditioned,R1,12,17,3,0.17647058823529413,1.0,11.764705882352942,0.014420555846879917
DS08a,lstm_autoencoder,0,0.01,phase_conditioned,R1,13,14,1,0.07142857142857142,1.0,12.0,0.014420555846879917
DS08a,lstm_autoencoder,0,0.01,phase_conditioned,R1,14,15,3,0.2,1.0,13.933333333333334,0.014420555846879917
DS08a,lstm_autoencoder,0,0.01,phase_conditioned,R1,15,27,1,0.037037037037037035,0.9629629629629629,3.185185185185185,0.014420555846879917
DS08a,lstm_autoencoder,0,0.01,phase_conditioned,R1,all,122,11,0.09016393442622951,0.9836065573770492,7.032786885245901,0.014420555846879917
DS08a,lstm_autoencoder,0,0.01,phase_conditioned,R2,10,29,0,0.0,1.0,3.1724137931034484,0.023203592814371257
DS08a,lstm_autoencoder,0,0.01,phase_conditioned,R2,11,20,2,0.1,1.0,4.75,0.023203592814371257
DS08a,lstm_autoencoder,0,0.01,phase_conditioned,R2,12,17,3,0.17647058823529413,1.0,10.235294117647058,0.023203592814371257
DS08a,lstm_autoencoder,0,0.01,phase_conditioned,R2,13,14,1,0.07142857142857142,1.0,10.142857142857142,0.023203592814371257
DS08a,lstm_autoencoder,0,0.01,phase_conditioned,R2,14,15,2,0.13333333333333333,1.0,13.8,0.023203592814371257
DS08a,lstm_autoencoder,0,0.01,phase_conditioned,R2,15,27,0,0.0,0.9629629629629629,3.4444444444444446,0.023203592814371257
DS08a,lstm_autoencoder,0,0.01,phase_conditioned,R2,all,122,8,0.06557377049180328,0.9918032786885246,6.581967213114754,0.023203592814371257
DS08a,lstm_autoencoder,0,0.01,quantile_regression_W,R0,10,29,0,0.0,1.0,14.379310344827585,0.031560989479670176
DS08a,lstm_autoencoder,0,0.01,quantile_regression_W,R0,11,20,0,0.0,1.0,24.4,0.031560989479670176
DS08a,lstm_autoencoder,0,0.01,quantile_regression_W,R0,12,17,1,0.058823529411764705,1.0,42.1764705882353,0.031560989479670176
DS08a,lstm_autoencoder,0,0.01,quantile_regression_W,R0,13,14,3,0.21428571428571427,1.0,87.92857142857143,0.031560989479670176
DS08a,lstm_autoencoder,0,0.01,quantile_regression_W,R0,14,15,5,0.3333333333333333,1.0,57.733333333333334,0.031560989479670176
DS08a,lstm_autoencoder,0,0.01,quantile_regression_W,R0,15,27,0,0.0,1.0,17.62962962962963,0.031560989479670176
DS08a,lstm_autoencoder,0,0.01,quantile_regression_W,R0,all,122,9,0.07377049180327869,1.0,34.385245901639344,0.031560989479670176
DS08a,lstm_autoencoder,0,0.01,quantile_regression_W,R1,10,29,0,0.0,0.9310344827586207,2.6206896551724137,0.015579710144927537
DS08a,lstm_autoencoder,0,0.01,quantile_regression_W,R1,11,20,2,0.1,0.9,4.5,0.015579710144927537
DS08a,lstm_autoencoder,0,0.01,quantile_regression_W,R1,12,17,1,0.058823529411764705,1.0,8.0,0.015579710144927537
DS08a,lstm_autoencoder,0,0.01,quantile_regression_W,R1,13,14,3,0.21428571428571427,1.0,20.285714285714285,0.015579710144927537
DS08a,lstm_autoencoder,0,0.01,quantile_regression_W,R1,14,15,5,0.3333333333333333,1.0,16.4,0.015579710144927537
DS08a,lstm_autoencoder,0,0.01,quantile_regression_W,R1,15,27,0,0.0,0.9629629629629629,4.296296296296297,0.015579710144927537
DS08a,lstm_autoencoder,0,0.01,quantile_regression_W,R1,all,122,11,0.09016393442622951,0.9590163934426229,7.770491803278689,0.015579710144927537
DS08a,lstm_autoencoder,0,0.01,quantile_regression_W,R2,10,29,0,0.0,1.0,2.8620689655172415,0.025237989816249723
DS08a,lstm_autoencoder,0,0.01,quantile_regression_W,R2,11,20,0,0.0,0.9,5.9,0.025237989816249723
DS08a,lstm_autoencoder,0,0.01,quantile_regression_W,R2,12,17,1,0.058823529411764705,1.0,8.647058823529411,0.025237989816249723
DS08a,lstm_autoencoder,0,0.01,quantile_regression_W,R2,13,14,3,0.21428571428571427,1.0,21.714285714285715,0.025237989816249723
DS08a,lstm_autoencoder,0,0.01,quantile_regression_W,R2,14,15,5,0.3333333333333333,1.0,17.0,0.025237989816249723
DS08a,lstm_autoencoder,0,0.01,quantile_regression_W,R2,15,27,0,0.0,1.0,4.518518518518518,0.025237989816249723
DS08a,lstm_autoencoder,0,0.01,quantile_regression_W,R2,all,122,9,0.07377049180327869,0.9836065573770492,8.434426229508198,0.025237989816249723
DS08a,lstm_autoencoder,0,0.02,pooled,R0,10,29,0,0.0,1.0,29.655172413793103,0.05144927536231884
DS08a,lstm_autoencoder,0,0.02,pooled,R0,11,20,2,0.1,1.0,37.75,0.05144927536231884
DS08a,lstm_autoencoder,0,0.02,pooled,R0,12,17,2,0.11764705882352941,1.0,69.29411764705883,0.05144927536231884
DS08a,lstm_autoencoder,0,0.02,pooled,R0,13,14,1,0.07142857142857142,1.0,93.28571428571429,0.05144927536231884
DS08a,lstm_autoencoder,0,0.02,pooled,R0,14,15,2,0.13333333333333333,1.0,83.06666666666666,0.05144927536231884
DS08a,lstm_autoencoder,0,0.02,pooled,R0,15,27,1,0.037037037037037035,1.0,30.59259259259259,0.05144927536231884
DS08a,lstm_autoencoder,0,0.02,pooled,R0,all,122,8,0.06557377049180328,1.0,50.58196721311475,0.05144927536231884
DS08a,lstm_autoencoder,0,0.02,pooled,R1,10,29,0,0.0,1.0,6.551724137931035,0.029333628514500776
DS08a,lstm_autoencoder,0,0.02,pooled,R1,11,20,2,0.1,1.0,8.8,0.029333628514500776
DS08a,lstm_autoencoder,0,0.02,pooled,R1,12,17,2,0.11764705882352941,1.0,18.176470588235293,0.029333628514500776
DS08a,lstm_autoencoder,0,0.02,pooled,R1,13,14,1,0.07142857142857142,1.0,19.071428571428573,0.029333628514500776
DS08a,lstm_autoencoder,0,0.02,pooled,R1,14,15,3,0.2,1.0,23.0,0.029333628514500776
DS08a,lstm_autoencoder,0,0.02,pooled,R1,15,27,1,0.037037037037037035,1.0,7.962962962962963,0.029333628514500776
DS08a,lstm_autoencoder,0,0.02,pooled,R1,all,122,9,0.07377049180327869,1.0,12.311475409836065,0.029333628514500776
DS08a,lstm_autoencoder,0,0.02,pooled,R2,10,29,0,0.0,1.0,7.137931034482759,0.042632850241545894
DS08a,lstm_autoencoder,0,0.02,pooled,R2,11,20,2,0.1,1.0,8.95,0.042632850241545894
DS08a,lstm_autoencoder,0,0.02,pooled,R2,12,17,2,0.11764705882352941,1.0,17.352941176470587,0.042632850241545894
DS08a,lstm_autoencoder,0,0.02,pooled,R2,13,14,1,0.07142857142857142,1.0,20.857142857142858,0.042632850241545894
DS08a,lstm_autoencoder,0,0.02,pooled,R2,14,15,2,0.13333333333333333,1.0,22.133333333333333,0.042632850241545894
DS08a,lstm_autoencoder,0,0.02,pooled,R2,15,27,1,0.037037037037037035,1.0,8.555555555555555,0.042632850241545894
DS08a,lstm_autoencoder,0,0.02,pooled,R2,all,122,8,0.06557377049180328,1.0,12.59016393442623,0.042632850241545894
DS08a,lstm_autoencoder,0,0.02,phase_conditioned,R0,10,29,0,0.0,1.0,29.551724137931036,0.04903697144122205
DS08a,lstm_autoencoder,0,0.02,phase_conditioned,R0,11,20,2,0.1,1.0,36.25,0.04903697144122205
DS08a,lstm_autoencoder,0,0.02,phase_conditioned,R0,12,17,2,0.11764705882352941,1.0,68.58823529411765,0.04903697144122205
DS08a,lstm_autoencoder,0,0.02,phase_conditioned,R0,13,14,1,0.07142857142857142,1.0,89.85714285714286,0.04903697144122205
DS08a,lstm_autoencoder,0,0.02,phase_conditioned,R0,14,15,2,0.13333333333333333,1.0,85.73333333333333,0.04903697144122205
DS08a,lstm_autoencoder,0,0.02,phase_conditioned,R0,15,27,1,0.037037037037037035,1.0,30.37037037037037,0.04903697144122205
DS08a,lstm_autoencoder,0,0.02,phase_conditioned,R0,all,122,8,0.06557377049180328,1.0,50.09836065573771,0.04903697144122205
DS08a,lstm_autoencoder,0,0.02,phase_conditioned,R1,10,29,0,0.0,1.0,6.310344827586207,0.02988709320345362
DS08a,lstm_autoencoder,0,0.02,phase_conditioned,R1,11,20,2,0.1,1.0,8.5,0.02988709320345362
DS08a,lstm_autoencoder,0,0.02,phase_conditioned,R1,12,17,2,0.11764705882352941,1.0,16.88235294117647,0.02988709320345362
DS08a,lstm_autoencoder,0,0.02,phase_conditioned,R1,13,14,1,0.07142857142857142,1.0,17.928571428571427,0.02988709320345362
DS08a,lstm_autoencoder,0,0.02,phase_conditioned,R1,14,15,2,0.13333333333333333,1.0,23.866666666666667,0.02988709320345362
DS08a,lstm_autoencoder,0,0.02,phase_conditioned,R1,15,27,1,0.037037037037037035,1.0,8.0,0.02988709320345362
DS08a,lstm_autoencoder,0,0.02,phase_conditioned,R1,all,122,8,0.06557377049180328,1.0,12.008196721311476,0.02988709320345362
DS08a,lstm_autoencoder,0,0.02,phase_conditioned,R2,10,29,0,0.0,1.0,6.724137931034483,0.04328093867611246
DS08a,lstm_autoencoder,0,0.02,phase_conditioned,R2,11,20,2,0.1,1.0,8.1,0.04328093867611246
DS08a,lstm_autoencoder,0,0.02,phase_conditioned,R2,12,17,2,0.11764705882352941,1.0,16.823529411764707,0.04328093867611246
DS08a,lstm_autoencoder,0,0.02,phase_conditioned,R2,13,14,1,0.07142857142857142,1.0,20.642857142857142,0.04328093867611246
DS08a,lstm_autoencoder,0,0.02,phase_conditioned,R2,14,15,2,0.13333333333333333,1.0,21.466666666666665,0.04328093867611246
DS08a,lstm_autoencoder,0,0.02,phase_conditioned,R2,15,27,1,0.037037037037037035,1.0,8.481481481481481,0.04328093867611246
DS08a,lstm_autoencoder,0,0.02,phase_conditioned,R2,all,122,8,0.06557377049180328,1.0,12.155737704918034,0.04328093867611246
DS08a,lstm_autoencoder,0,0.02,quantile_regression_W,R0,10,29,0,0.0,1.0,22.413793103448278,0.055576185171432105
DS08a,lstm_autoencoder,0,0.02,quantile_regression_W,R0,11,20,0,0.0,1.0,33.7,0.055576185171432105
DS08a,lstm_autoencoder,0,0.02,quantile_regression_W,R0,12,17,0,0.0,1.0,66.17647058823529,0.055576185171432105
DS08a,lstm_autoencoder,0,0.02,quantile_regression_W,R0,13,14,3,0.21428571428571427,1.0,135.78571428571428,0.055576185171432105
DS08a,lstm_autoencoder,0,0.02,quantile_regression_W,R0,14,15,5,0.3333333333333333,1.0,81.13333333333334,0.055576185171432105
DS08a,lstm_autoencoder,0,0.02,quantile_regression_W,R0,15,27,0,0.0,1.0,25.962962962962962,0.055576185171432105
DS08a,lstm_autoencoder,0,0.02,quantile_regression_W,R0,all,122,8,0.06557377049180328,1.0,51.377049180327866,0.055576185171432105
DS08a,lstm_autoencoder,0,0.02,quantile_regression_W,R1,10,29,0,0.0,1.0,5.0,0.04926352271320708
DS08a,lstm_autoencoder,0,0.02,quantile_regression_W,R1,11,20,0,0.0,0.95,8.9,0.04926352271320708
DS08a,lstm_autoencoder,0,0.02,quantile_regression_W,R1,12,17,0,0.0,1.0,14.117647058823529,0.04926352271320708
DS08a,lstm_autoencoder,0,0.02,quantile_regression_W,R1,13,14,2,0.14285714285714285,1.0,36.357142857142854,0.04926352271320708
DS08a,lstm_autoencoder,0,0.02,quantile_regression_W,R1,14,15,5,0.3333333333333333,1.0,24.6,0.04926352271320708
DS08a,lstm_autoencoder,0,0.02,quantile_regression_W,R1,15,27,0,0.0,1.0,7.185185185185185,0.04926352271320708
DS08a,lstm_autoencoder,0,0.02,quantile_regression_W,R1,all,122,7,0.05737704918032787,0.9918032786885246,13.401639344262295,0.04926352271320708
DS08a,lstm_autoencoder,0,0.02,quantile_regression_W,R2,10,29,0,0.0,1.0,5.241379310344827,0.05248174278994925
DS08a,lstm_autoencoder,0,0.02,quantile_regression_W,R2,11,20,0,0.0,0.95,8.7,0.05248174278994925
DS08a,lstm_autoencoder,0,0.02,quantile_regression_W,R2,12,17,0,0.0,1.0,13.058823529411764,0.05248174278994925
DS08a,lstm_autoencoder,0,0.02,quantile_regression_W,R2,13,14,3,0.21428571428571427,1.0,33.214285714285715,0.05248174278994925
DS08a,lstm_autoencoder,0,0.02,quantile_regression_W,R2,14,15,5,0.3333333333333333,1.0,22.2,0.05248174278994925
DS08a,lstm_autoencoder,0,0.02,quantile_regression_W,R2,15,27,0,0.0,1.0,7.814814814814815,0.05248174278994925
DS08a,lstm_autoencoder,0,0.02,quantile_regression_W,R2,all,122,8,0.06557377049180328,0.9918032786885246,12.762295081967213,0.05248174278994925
DS08a,lstm_autoencoder,1,0.005,pooled,R0,10,29,1,0.034482758620689655,1.0,7.241379310344827,0.014240837696335079
DS08a,lstm_autoencoder,1,0.005,pooled,R0,11,20,3,0.15,1.0,11.2,0.014240837696335079
DS08a,lstm_autoencoder,1,0.005,pooled,R0,12,17,2,0.11764705882352941,1.0,22.705882352941178,0.014240837696335079
DS08a,lstm_autoencoder,1,0.005,pooled,R0,13,14,1,0.07142857142857142,1.0,21.142857142857142,0.014240837696335079
DS08a,lstm_autoencoder,1,0.005,pooled,R0,14,15,2,0.13333333333333333,1.0,28.666666666666668,0.014240837696335079
DS08a,lstm_autoencoder,1,0.005,pooled,R0,15,27,1,0.037037037037037035,1.0,6.7407407407407405,0.014240837696335079
DS08a,lstm_autoencoder,1,0.005,pooled,R0,all,122,10,0.08196721311475409,1.0,14.163934426229508,0.014240837696335079
DS08a,lstm_autoencoder,1,0.005,pooled,R1,10,29,1,0.034482758620689655,0.8275862068965517,1.0689655172413792,0.007829247832976047
DS08a,lstm_autoencoder,1,0.005,pooled,R1,11,20,3,0.15,0.8,4.15,0.007829247832976047
DS08a,lstm_autoencoder,1,0.005,pooled,R1,12,17,2,0.11764705882352941,1.0,8.352941176470589,0.007829247832976047
DS08a,lstm_autoencoder,1,0.005,pooled,R1,13,14,3,0.21428571428571427,1.0,10.5,0.007829247832976047
DS08a,lstm_autoencoder,1,0.005,pooled,R1,14,15,2,0.13333333333333333,1.0,12.733333333333333,0.007829247832976047
DS08a,lstm_autoencoder,1,0.005,pooled,R1,15,27,1,0.037037037037037035,0.6296296296296297,1.1851851851851851,0.007829247832976047
DS08a,lstm_autoencoder,1,0.005,pooled,R1,all,122,12,0.09836065573770492,0.8442622950819673,5.131147540983607,0.007829247832976047
DS08a,lstm_autoencoder,1,0.005,pooled,R2,10,29,0,0.0,0.8620689655172413,1.2758620689655173,0.01319371727748691
DS08a,lstm_autoencoder,1,0.005,pooled,R2,11,20,3,0.15,0.9,3.1,0.01319371727748691
DS08a,lstm_autoencoder,1,0.005,pooled,R2,12,17,2,0.11764705882352941,1.0,6.235294117647059,0.01319371727748691
DS08a,lstm_autoencoder,1,0.005,pooled,R2,13,14,2,0.14285714285714285,1.0,7.428571428571429,0.01319371727748691
DS08a,lstm_autoencoder,1,0.005,pooled,R2,14,15,2,0.13333333333333333,1.0,9.2,0.01319371727748691
DS08a,lstm_autoencoder,1,0.005,pooled,R2,15,27,1,0.037037037037037035,0.7407407407407407,1.5555555555555556,0.01319371727748691
DS08a,lstm_autoencoder,1,0.005,pooled,R2,all,122,10,0.08196721311475409,0.8934426229508197,4.008196721311475,0.01319371727748691
DS08a,lstm_autoencoder,1,0.005,phase_conditioned,R0,10,29,1,0.034482758620689655,1.0,6.586206896551724,0.0143879173290938
DS08a,lstm_autoencoder,1,0.005,phase_conditioned,R0,11,20,2,0.1,1.0,12.35,0.0143879173290938
DS08a,lstm_autoencoder,1,0.005,phase_conditioned,R0,12,17,3,0.17647058823529413,1.0,26.764705882352942,0.0143879173290938
DS08a,lstm_autoencoder,1,0.005,phase_conditioned,R0,13,14,1,0.07142857142857142,1.0,23.071428571428573,0.0143879173290938
DS08a,lstm_autoencoder,1,0.005,phase_conditioned,R0,14,15,2,0.13333333333333333,1.0,28.466666666666665,0.0143879173290938
DS08a,lstm_autoencoder,1,0.005,phase_conditioned,R0,15,27,1,0.037037037037037035,1.0,5.851851851851852,0.0143879173290938
DS08a,lstm_autoencoder,1,0.005,phase_conditioned,R0,all,122,10,0.08196721311475409,1.0,14.762295081967213,0.0143879173290938
DS08a,lstm_autoencoder,1,0.005,phase_conditioned,R1,10,29,1,0.034482758620689655,0.6551724137931034,1.103448275862069,0.00855784469096672
DS08a,lstm_autoencoder,1,0.005,phase_conditioned,R1,11,20,2,0.1,0.8,4.65,0.00855784469096672
DS08a,lstm_autoencoder,1,0.005,phase_conditioned,R1,12,17,3,0.17647058823529413,1.0,10.176470588235293,0.00855784469096672
DS08a,lstm_autoencoder,1,0.005,phase_conditioned,R1,13,14,1,0.07142857142857142,1.0,10.5,0.00855784469096672
DS08a,lstm_autoencoder,1,0.005,phase_conditioned,R1,14,15,2,0.13333333333333333,1.0,11.2,0.00855784469096672
DS08a,lstm_autoencoder,1,0.005,phase_conditioned,R1,15,27,1,0.037037037037037035,0.6666666666666666,1.1851851851851851,0.00855784469096672
DS08a,lstm_autoencoder,1,0.005,phase_conditioned,R1,all,122,10,0.08196721311475409,0.8114754098360656,5.286885245901639,0.00855784469096672
DS08a,lstm_autoencoder,1,0.005,phase_conditioned,R2,10,29,0,0.0,0.7586206896551724,1.3793103448275863,0.01287958115183246
DS08a,lstm_autoencoder,1,0.005,phase_conditioned,R2,11,20,3,0.15,0.85,3.6,0.01287958115183246
DS08a,lstm_autoencoder,1,0.005,phase_conditioned,R2,12,17,3,0.17647058823529413,1.0,8.352941176470589,0.01287958115183246
DS08a,lstm_autoencoder,1,0.005,phase_conditioned,R2,13,14,1,0.07142857142857142,1.0,8.428571428571429,0.01287958115183246
DS08a,lstm_autoencoder,1,0.005,phase_conditioned,R2,14,15,2,0.13333333333333333,1.0,9.466666666666667,0.01287958115183246
DS08a,lstm_autoencoder,1,0.005,phase_conditioned,R2,15,27,1,0.037037037037037035,0.8148148148148148,1.3703703703703705,0.01287958115183246
DS08a,lstm_autoencoder,1,0.005,phase_conditioned,R2,all,122,10,0.08196721311475409,0.8770491803278688,4.516393442622951,0.01287958115183246
DS08a,lstm_autoencoder,1,0.005,quantile_regression_W,R0,10,29,2,0.06896551724137931,1.0,11.068965517241379,0.015243508590621367
DS08a,lstm_autoencoder,1,0.005,quantile_regression_W,R0,11,20,1,0.05,1.0,13.6,0.015243508590621367
DS08a,lstm_autoencoder,1,0.005,quantile_regression_W,R0,12,17,1,0.058823529411764705,1.0,24.823529411764707,0.015243508590621367
DS08a,lstm_autoencoder,1,0.005,quantile_regression_W,R0,13,14,3,0.21428571428571427,1.0,45.214285714285715,0.015243508590621367
DS08a,lstm_autoencoder,1,0.005,quantile_regression_W,R0,14,15,5,0.3333333333333333,1.0,49.4,0.015243508590621367
DS08a,lstm_autoencoder,1,0.005,quantile_regression_W,R0,15,27,0,0.0,1.0,11.62962962962963,0.015243508590621367
DS08a,lstm_autoencoder,1,0.005,quantile_regression_W,R0,all,122,12,0.09836065573770492,1.0,22.15573770491803,0.015243508590621367
DS08a,lstm_autoencoder,1,0.005,quantile_regression_W,R1,10,29,4,0.13793103448275862,0.8275862068965517,2.1379310344827585,0.006223175965665236
DS08a,lstm_autoencoder,1,0.005,quantile_regression_W,R1,11,20,2,0.1,0.7,1.65,0.006223175965665236
DS08a,lstm_autoencoder,1,0.005,quantile_regression_W,R1,12,17,1,0.058823529411764705,0.7647058823529411,3.0588235294117645,0.006223175965665236
DS08a,lstm_autoencoder,1,0.005,quantile_regression_W,R1,13,14,3,0.21428571428571427,0.8571428571428571,8.071428571428571,0.006223175965665236
DS08a,lstm_autoencoder,1,0.005,quantile_regression_W,R1,14,15,5,0.3333333333333333,1.0,8.6,0.006223175965665236
DS08a,lstm_autoencoder,1,0.005,quantile_regression_W,R1,15,27,0,0.0,0.8518518518518519,2.074074074074074,0.006223175965665236
DS08a,lstm_autoencoder,1,0.005,quantile_regression_W,R1,all,122,15,0.12295081967213115,0.8278688524590164,3.6475409836065573,0.006223175965665236
DS08a,lstm_autoencoder,1,0.005,quantile_regression_W,R2,10,29,2,0.06896551724137931,0.8620689655172413,2.3793103448275863,0.011791383219954649
DS08a,lstm_autoencoder,1,0.005,quantile_regression_W,R2,11,20,1,0.05,0.75,2.1,0.011791383219954649
DS08a,lstm_autoencoder,1,0.005,quantile_regression_W,R2,12,17,1,0.058823529411764705,0.9411764705882353,4.352941176470588,0.011791383219954649
DS08a,lstm_autoencoder,1,0.005,quantile_regression_W,R2,13,14,3,0.21428571428571427,0.8571428571428571,9.642857142857142,0.011791383219954649
DS08a,lstm_autoencoder,1,0.005,quantile_regression_W,R2,14,15,5,0.3333333333333333,1.0,10.866666666666667,0.011791383219954649
DS08a,lstm_autoencoder,1,0.005,quantile_regression_W,R2,15,27,0,0.0,0.8518518518518519,2.4074074074074074,0.011791383219954649
DS08a,lstm_autoencoder,1,0.005,quantile_regression_W,R2,all,122,12,0.09836065573770492,0.8688524590163934,4.491803278688525,0.011791383219954649
DS08a,lstm_autoencoder,1,0.01,pooled,R0,10,29,1,0.034482758620689655,1.0,18.413793103448278,0.023952095808383235
DS08a,lstm_autoencoder,1,0.01,pooled,R0,11,20,2,0.1,1.0,17.55,0.023952095808383235
DS08a,lstm_autoencoder,1,0.01,pooled,R0,12,17,2,0.11764705882352941,1.0,37.411764705882355,0.023952095808383235
DS08a,lstm_autoencoder,1,0.01,pooled,R0,13,14,1,0.07142857142857142,1.0,32.5,0.023952095808383235
DS08a,lstm_autoencoder,1,0.01,pooled,R0,14,15,2,0.13333333333333333,1.0,42.93333333333333,0.023952095808383235
DS08a,lstm_autoencoder,1,0.01,pooled,R0,15,27,2,0.07407407407407407,1.0,15.851851851851851,0.023952095808383235
DS08a,lstm_autoencoder,1,0.01,pooled,R0,all,122,10,0.08196721311475409,1.0,24.983606557377048,0.023952095808383235
DS08a,lstm_autoencoder,1,0.01,pooled,R1,10,29,0,0.0,1.0,4.068965517241379,0.016780283167278448
DS08a,lstm_autoencoder,1,0.01,pooled,R1,11,20,2,0.1,1.0,5.55,0.016780283167278448
DS08a,lstm_autoencoder,1,0.01,pooled,R1,12,17,3,0.17647058823529413,1.0,10.882352941176471,0.016780283167278448
DS08a,lstm_autoencoder,1,0.01,pooled,R1,13,14,1,0.07142857142857142,1.0,10.285714285714286,0.016780283167278448
DS08a,lstm_autoencoder,1,0.01,pooled,R1,14,15,3,0.2,1.0,12.8,0.016780283167278448
DS08a,lstm_autoencoder,1,0.01,pooled,R1,15,27,1,0.037037037037037035,0.9259259259259259,3.3703703703703702,0.016780283167278448
DS08a,lstm_autoencoder,1,0.01,pooled,R1,all,122,10,0.08196721311475409,0.9836065573770492,6.89344262295082,0.016780283167278448
DS08a,lstm_autoencoder,1,0.01,pooled,R2,10,29,0,0.0,1.0,4.689655172413793,0.02120758483033932
DS08a,lstm_autoencoder,1,0.01,pooled,R2,11,20,2,0.1,1.0,4.95,0.02120758483033932
DS08a,lstm_autoencoder,1,0.01,pooled,R2,12,17,3,0.17647058823529413,1.0,10.823529411764707,0.02120758483033932
DS08a,lstm_autoencoder,1,0.01,pooled,R2,13,14,1,0.07142857142857142,1.0,9.928571428571429,0.02120758483033932
DS08a,lstm_autoencoder,1,0.01,pooled,R2,14,15,3,0.2,1.0,13.733333333333333,0.02120758483033932
DS08a,lstm_autoencoder,1,0.01,pooled,R2,15,27,2,0.07407407407407407,1.0,4.296296296296297,0.02120758483033932
DS08a,lstm_autoencoder,1,0.01,pooled,R2,all,122,11,0.09016393442622951,1.0,7.213114754098361,0.02120758483033932
DS08a,lstm_autoencoder,1,0.01,phase_conditioned,R0,10,29,0,0.0,1.0,16.586206896551722,0.024201596806387227
DS08a,lstm_autoencoder,1,0.01,phase_conditioned,R0,11,20,2,0.1,1.0,17.25,0.024201596806387227
DS08a,lstm_autoencoder,1,0.01,phase_conditioned,R0,12,17,2,0.11764705882352941,1.0,33.1764705882353,0.024201596806387227
DS08a,lstm_autoencoder,1,0.01,phase_conditioned,R0,13,14,1,0.07142857142857142,1.0,31.071428571428573,0.024201596806387227
DS08a,lstm_autoencoder,1,0.01,phase_conditioned,R0,14,15,2,0.13333333333333333,1.0,42.2,0.024201596806387227
DS08a,lstm_autoencoder,1,0.01,phase_conditioned,R0,15,27,2,0.07407407407407407,1.0,14.481481481481481,0.024201596806387227
DS08a,lstm_autoencoder,1,0.01,phase_conditioned,R0,all,122,9,0.07377049180327869,1.0,23.352459016393443,0.024201596806387227
DS08a,lstm_autoencoder,1,0.01,phase_conditioned,R1,10,29,0,0.0,0.9655172413793104,3.5517241379310347,0.01711568938193344
DS08a,lstm_autoencoder,1,0.01,phase_conditioned,R1,11,20,2,0.1,1.0,5.05,0.01711568938193344
DS08a,lstm_autoencoder,1,0.01,phase_conditioned,R1,12,17,3,0.17647058823529413,1.0,10.411764705882353,0.01711568938193344
DS08a,lstm_autoencoder,1,0.01,phase_conditioned,R1,13,14,1,0.07142857142857142,1.0,10.071428571428571,0.01711568938193344
DS08a,lstm_autoencoder,1,0.01,phase_conditioned,R1,14,15,3,0.2,1.0,13.133333333333333,0.01711568938193344
DS08a,lstm_autoencoder,1,0.01,phase_conditioned,R1,15,27,1,0.037037037037037035,0.9259259259259259,3.259259259259259,0.01711568938193344
DS08a,lstm_autoencoder,1,0.01,phase_conditioned,R1,all,122,10,0.08196721311475409,0.9754098360655737,6.614754098360656,0.01711568938193344
DS08a,lstm_autoencoder,1,0.01,phase_conditioned,R2,10,29,0,0.0,0.9655172413793104,4.172413793103448,0.023453093812375248
DS08a,lstm_autoencoder,1,0.01,phase_conditioned,R2,11,20,2,0.1,1.0,4.7,0.023453093812375248
DS08a,lstm_autoencoder,1,0.01,phase_conditioned,R2,12,17,2,0.11764705882352941,1.0,10.176470588235293,0.023453093812375248
DS08a,lstm_autoencoder,1,0.01,phase_conditioned,R2,13,14,1,0.07142857142857142,1.0,9.642857142857142,0.023453093812375248
DS08a,lstm_autoencoder,1,0.01,phase_conditioned,R2,14,15,2,0.13333333333333333,1.0,12.933333333333334,0.023453093812375248
DS08a,lstm_autoencoder,1,0.01,phase_conditioned,R2,15,27,1,0.037037037037037035,1.0,3.6296296296296298,0.023453093812375248
DS08a,lstm_autoencoder,1,0.01,phase_conditioned,R2,all,122,8,0.06557377049180328,0.9918032786885246,6.680327868852459,0.023453093812375248
DS08a,lstm_autoencoder,1,0.01,quantile_regression_W,R0,10,29,1,0.034482758620689655,1.0,16.724137931034484,0.032175689479060264
DS08a,lstm_autoencoder,1,0.01,quantile_regression_W,R0,11,20,1,0.05,1.0,21.05,0.032175689479060264
DS08a,lstm_autoencoder,1,0.01,quantile_regression_W,R0,12,17,1,0.058823529411764705,1.0,37.705882352941174,0.032175689479060264
DS08a,lstm_autoencoder,1,0.01,quantile_regression_W,R0,13,14,4,0.2857142857142857,1.0,73.78571428571429,0.032175689479060264
DS08a,lstm_autoencoder,1,0.01,quantile_regression_W,R0,14,15,5,0.3333333333333333,1.0,63.733333333333334,0.032175689479060264
DS08a,lstm_autoencoder,1,0.01,quantile_regression_W,R0,15,27,0,0.0,1.0,17.444444444444443,0.032175689479060264
DS08a,lstm_autoencoder,1,0.01,quantile_regression_W,R0,all,122,12,0.09836065573770492,1.0,32.84426229508197,0.032175689479060264
DS08a,lstm_autoencoder,1,0.01,quantile_regression_W,R1,10,29,1,0.034482758620689655,0.8620689655172413,3.2413793103448274,0.02054709741304617
DS08a,lstm_autoencoder,1,0.01,quantile_regression_W,R1,11,20,1,0.05,0.85,3.35,0.02054709741304617
DS08a,lstm_autoencoder,1,0.01,quantile_regression_W,R1,12,17,1,0.058823529411764705,1.0,6.294117647058823,0.02054709741304617
DS08a,lstm_autoencoder,1,0.01,quantile_regression_W,R1,13,14,4,0.2857142857142857,1.0,17.642857142857142,0.02054709741304617
DS08a,lstm_autoencoder,1,0.01,quantile_regression_W,R1,14,15,5,0.3333333333333333,1.0,17.333333333333332,0.02054709741304617
DS08a,lstm_autoencoder,1,0.01,quantile_regression_W,R1,15,27,0,0.0,0.8518518518518519,3.814814814814815,0.02054709741304617
DS08a,lstm_autoencoder,1,0.01,quantile_regression_W,R1,all,122,12,0.09836065573770492,0.9098360655737705,7.19672131147541,0.02054709741304617
DS08a,lstm_autoencoder,1,0.01,quantile_regression_W,R2,10,29,1,0.034482758620689655,0.9310344827586207,3.6206896551724137,0.025241545893719807
DS08a,lstm_autoencoder,1,0.01,quantile_regression_W,R2,11,20,1,0.05,0.85,4.5,0.025241545893719807
DS08a,lstm_autoencoder,1,0.01,quantile_regression_W,R2,12,17,1,0.058823529411764705,1.0,8.117647058823529,0.025241545893719807
DS08a,lstm_autoencoder,1,0.01,quantile_regression_W,R2,13,14,4,0.2857142857142857,1.0,18.5,0.025241545893719807
DS08a,lstm_autoencoder,1,0.01,quantile_regression_W,R2,14,15,5,0.3333333333333333,1.0,17.066666666666666,0.025241545893719807
DS08a,lstm_autoencoder,1,0.01,quantile_regression_W,R2,15,27,0,0.0,0.8518518518518519,4.074074074074074,0.025241545893719807
DS08a,lstm_autoencoder,1,0.01,quantile_regression_W,R2,all,122,12,0.09836065573770492,0.9262295081967213,7.852459016393443,0.025241545893719807
DS08a,lstm_autoencoder,1,0.02,pooled,R0,10,29,4,0.13793103448275862,1.0,37.3448275862069,0.04327485380116959
DS08a,lstm_autoencoder,1,0.02,pooled,R0,11,20,2,0.1,1.0,35.4,0.04327485380116959
DS08a,lstm_autoencoder,1,0.02,pooled,R0,12,17,2,0.11764705882352941,1.0,61.705882352941174,0.04327485380116959
DS08a,lstm_autoencoder,1,0.02,pooled,R0,13,14,1,0.07142857142857142,1.0,83.28571428571429,0.04327485380116959
DS08a,lstm_autoencoder,1,0.02,pooled,R0,14,15,3,0.2,1.0,76.6,0.04327485380116959
DS08a,lstm_autoencoder,1,0.02,pooled,R0,15,27,1,0.037037037037037035,1.0,30.814814814814813,0.04327485380116959
DS08a,lstm_autoencoder,1,0.02,pooled,R0,all,122,13,0.10655737704918032,1.0,49.07377049180328,0.04327485380116959
DS08a,lstm_autoencoder,1,0.02,pooled,R1,10,29,3,0.10344827586206896,1.0,8.0,0.02435244631392517
DS08a,lstm_autoencoder,1,0.02,pooled,R1,11,20,2,0.1,1.0,8.35,0.02435244631392517
DS08a,lstm_autoencoder,1,0.02,pooled,R1,12,17,3,0.17647058823529413,1.0,16.0,0.02435244631392517
DS08a,lstm_autoencoder,1,0.02,pooled,R1,13,14,1,0.07142857142857142,1.0,17.642857142857142,0.02435244631392517
DS08a,lstm_autoencoder,1,0.02,pooled,R1,14,15,4,0.26666666666666666,1.0,20.733333333333334,0.02435244631392517
DS08a,lstm_autoencoder,1,0.02,pooled,R1,15,27,2,0.07407407407407407,1.0,7.62962962962963,0.02435244631392517
DS08a,lstm_autoencoder,1,0.02,pooled,R1,all,122,15,0.12295081967213115,1.0,11.762295081967213,0.02435244631392517
DS08a,lstm_autoencoder,1,0.02,pooled,R2,10,29,3,0.10344827586206896,1.0,9.724137931034482,0.036687766438444645
DS08a,lstm_autoencoder,1,0.02,pooled,R2,11,20,2,0.1,1.0,9.4,0.036687766438444645
DS08a,lstm_autoencoder,1,0.02,pooled,R2,12,17,2,0.11764705882352941,1.0,15.941176470588236,0.036687766438444645
DS08a,lstm_autoencoder,1,0.02,pooled,R2,13,14,1,0.07142857142857142,1.0,20.714285714285715,0.036687766438444645
DS08a,lstm_autoencoder,1,0.02,pooled,R2,14,15,3,0.2,1.0,20.733333333333334,0.036687766438444645
DS08a,lstm_autoencoder,1,0.02,pooled,R2,15,27,1,0.037037037037037035,1.0,8.37037037037037,0.036687766438444645
DS08a,lstm_autoencoder,1,0.02,pooled,R2,all,122,12,0.09836065573770492,1.0,12.852459016393443,0.036687766438444645
DS08a,lstm_autoencoder,1,0.02,phase_conditioned,R0,10,29,4,0.13793103448275862,1.0,36.241379310344826,0.04339163161390303
DS08a,lstm_autoencoder,1,0.02,phase_conditioned,R0,11,20,2,0.1,1.0,35.15,0.04339163161390303
DS08a,lstm_autoencoder,1,0.02,phase_conditioned,R0,12,17,2,0.11764705882352941,1.0,60.588235294117645,0.04339163161390303
DS08a,lstm_autoencoder,1,0.02,phase_conditioned,R0,13,14,1,0.07142857142857142,1.0,80.85714285714286,0.04339163161390303
DS08a,lstm_autoencoder,1,0.02,phase_conditioned,R0,14,15,3,0.2,1.0,77.46666666666667,0.04339163161390303
DS08a,lstm_autoencoder,1,0.02,phase_conditioned,R0,15,27,1,0.037037037037037035,1.0,30.296296296296298,0.04339163161390303
DS08a,lstm_autoencoder,1,0.02,phase_conditioned,R0,all,122,13,0.10655737704918032,1.0,48.32786885245902,0.04339163161390303
DS08a,lstm_autoencoder,1,0.02,phase_conditioned,R1,10,29,2,0.06896551724137931,1.0,7.827586206896552,0.02579145450520257
DS08a,lstm_autoencoder,1,0.02,phase_conditioned,R1,11,20,2,0.1,1.0,8.3,0.02579145450520257
DS08a,lstm_autoencoder,1,0.02,phase_conditioned,R1,12,17,3,0.17647058823529413,1.0,15.0,0.02579145450520257
DS08a,lstm_autoencoder,1,0.02,phase_conditioned,R1,13,14,1,0.07142857142857142,1.0,17.357142857142858,0.02579145450520257
DS08a,lstm_autoencoder,1,0.02,phase_conditioned,R1,14,15,3,0.2,1.0,20.8,0.02579145450520257
DS08a,lstm_autoencoder,1,0.02,phase_conditioned,R1,15,27,1,0.037037037037037035,1.0,7.074074074074074,0.02579145450520257
DS08a,lstm_autoencoder,1,0.02,phase_conditioned,R1,all,122,12,0.09836065573770492,1.0,11.426229508196721,0.02579145450520257
DS08a,lstm_autoencoder,1,0.02,phase_conditioned,R2,10,29,3,0.10344827586206896,1.0,9.10344827586207,0.03500839684795246
DS08a,lstm_autoencoder,1,0.02,phase_conditioned,R2,11,20,2,0.1,1.0,8.85,0.03500839684795246
DS08a,lstm_autoencoder,1,0.02,phase_conditioned,R2,12,17,2,0.11764705882352941,1.0,15.941176470588236,0.03500839684795246
DS08a,lstm_autoencoder,1,0.02,phase_conditioned,R2,13,14,1,0.07142857142857142,1.0,18.785714285714285,0.03500839684795246
DS08a,lstm_autoencoder,1,0.02,phase_conditioned,R2,14,15,3,0.2,1.0,21.2,0.03500839684795246
DS08a,lstm_autoencoder,1,0.02,phase_conditioned,R2,15,27,1,0.037037037037037035,1.0,8.296296296296296,0.03500839684795246
DS08a,lstm_autoencoder,1,0.02,phase_conditioned,R2,all,122,12,0.09836065573770492,1.0,12.434426229508198,0.03500839684795246
DS08a,lstm_autoencoder,1,0.02,quantile_regression_W,R0,10,29,2,0.06896551724137931,1.0,25.137931034482758,0.05943827563683867
DS08a,lstm_autoencoder,1,0.02,quantile_regression_W,R0,11,20,0,0.0,1.0,31.0,0.05943827563683867
DS08a,lstm_autoencoder,1,0.02,quantile_regression_W,R0,12,17,1,0.058823529411764705,1.0,55.35294117647059,0.05943827563683867
DS08a,lstm_autoencoder,1,0.02,quantile_regression_W,R0,13,14,3,0.21428571428571427,1.0,114.85714285714286,0.05943827563683867
DS08a,lstm_autoencoder,1,0.02,quantile_regression_W,R0,14,15,4,0.26666666666666666,1.0,85.0,0.05943827563683867
DS08a,lstm_autoencoder,1,0.02,quantile_regression_W,R0,15,27,0,0.0,1.0,25.62962962962963,0.05943827563683867
DS08a,lstm_autoencoder,1,0.02,quantile_regression_W,R0,all,122,10,0.08196721311475409,1.0,48.07377049180328,0.05943827563683867
DS08a,lstm_autoencoder,1,0.02,quantile_regression_W,R1,10,29,1,0.034482758620689655,1.0,6.517241379310345,0.0392512077294686
DS08a,lstm_autoencoder,1,0.02,quantile_regression_W,R1,11,20,2,0.1,0.95,7.55,0.0392512077294686
DS08a,lstm_autoencoder,1,0.02,quantile_regression_W,R1,12,17,1,0.058823529411764705,1.0,13.647058823529411,0.0392512077294686
DS08a,lstm_autoencoder,1,0.02,quantile_regression_W,R1,13,14,4,0.2857142857142857,1.0,32.285714285714285,0.0392512077294686
DS08a,lstm_autoencoder,1,0.02,quantile_regression_W,R1,14,15,5,0.3333333333333333,1.0,23.333333333333332,0.0392512077294686
DS08a,lstm_autoencoder,1,0.02,quantile_regression_W,R1,15,27,0,0.0,1.0,7.296296296296297,0.0392512077294686
DS08a,lstm_autoencoder,1,0.02,quantile_regression_W,R1,all,122,13,0.10655737704918032,0.9918032786885246,12.87704918032787,0.0392512077294686
DS08a,lstm_autoencoder,1,0.02,quantile_regression_W,R2,10,29,1,0.034482758620689655,1.0,6.724137931034483,0.056172436316133244
DS08a,lstm_autoencoder,1,0.02,quantile_regression_W,R2,11,20,0,0.0,0.95,6.4,0.056172436316133244
DS08a,lstm_autoencoder,1,0.02,quantile_regression_W,R2,12,17,1,0.058823529411764705,1.0,12.058823529411764,0.056172436316133244
DS08a,lstm_autoencoder,1,0.02,quantile_regression_W,R2,13,14,3,0.21428571428571427,1.0,28.357142857142858,0.056172436316133244
DS08a,lstm_autoencoder,1,0.02,quantile_regression_W,R2,14,15,4,0.26666666666666666,1.0,20.933333333333334,0.056172436316133244
DS08a,lstm_autoencoder,1,0.02,quantile_regression_W,R2,15,27,0,0.0,1.0,7.777777777777778,0.056172436316133244
DS08a,lstm_autoencoder,1,0.02,quantile_regression_W,R2,all,122,9,0.07377049180327869,0.9918032786885246,11.87704918032787,0.056172436316133244
DS08a,lstm_autoencoder,2,0.005,pooled,R0,10,29,0,0.0,1.0,7.103448275862069,0.013615231348239982
DS08a,lstm_autoencoder,2,0.005,pooled,R0,11,20,3,0.15,1.0,12.0,0.013615231348239982
DS08a,lstm_autoencoder,2,0.005,pooled,R0,12,17,2,0.11764705882352941,1.0,22.235294117647058,0.013615231348239982
DS08a,lstm_autoencoder,2,0.005,pooled,R0,13,14,2,0.14285714285714285,1.0,22.785714285714285,0.013615231348239982
DS08a,lstm_autoencoder,2,0.005,pooled,R0,14,15,2,0.13333333333333333,1.0,26.2,0.013615231348239982
DS08a,lstm_autoencoder,2,0.005,pooled,R0,15,27,1,0.037037037037037035,1.0,6.851851851851852,0.013615231348239982
DS08a,lstm_autoencoder,2,0.005,pooled,R0,all,122,10,0.08196721311475409,1.0,14.10655737704918,0.013615231348239982
DS08a,lstm_autoencoder,2,0.005,pooled,R1,10,29,0,0.0,0.7586206896551724,1.0689655172413792,0.008616780045351474
DS08a,lstm_autoencoder,2,0.005,pooled,R1,11,20,3,0.15,0.95,4.8,0.008616780045351474
DS08a,lstm_autoencoder,2,0.005,pooled,R1,12,17,2,0.11764705882352941,1.0,8.0,0.008616780045351474
DS08a,lstm_autoencoder,2,0.005,pooled,R1,13,14,2,0.14285714285714285,1.0,10.357142857142858,0.008616780045351474
DS08a,lstm_autoencoder,2,0.005,pooled,R1,14,15,2,0.13333333333333333,1.0,10.933333333333334,0.008616780045351474
DS08a,lstm_autoencoder,2,0.005,pooled,R1,15,27,1,0.037037037037037035,0.8148148148148148,1.3333333333333333,0.008616780045351474
DS08a,lstm_autoencoder,2,0.005,pooled,R1,all,122,10,0.08196721311475409,0.8934426229508197,4.983606557377049,0.008616780045351474
DS08a,lstm_autoencoder,2,0.005,pooled,R2,10,29,0,0.0,0.7586206896551724,1.3793103448275863,0.013245033112582781
DS08a,lstm_autoencoder,2,0.005,pooled,R2,11,20,3,0.15,1.0,3.4,0.013245033112582781
DS08a,lstm_autoencoder,2,0.005,pooled,R2,12,17,2,0.11764705882352941,1.0,6.529411764705882,0.013245033112582781
DS08a,lstm_autoencoder,2,0.005,pooled,R2,13,14,2,0.14285714285714285,1.0,7.214285714285714,0.013245033112582781
DS08a,lstm_autoencoder,2,0.005,pooled,R2,14,15,2,0.13333333333333333,1.0,8.733333333333333,0.013245033112582781
DS08a,lstm_autoencoder,2,0.005,pooled,R2,15,27,1,0.037037037037037035,0.8888888888888888,1.8148148148148149,0.013245033112582781
DS08a,lstm_autoencoder,2,0.005,pooled,R2,all,122,10,0.08196721311475409,0.9180327868852459,4.098360655737705,0.013245033112582781
DS08a,lstm_autoencoder,2,0.005,phase_conditioned,R0,10,29,0,0.0,1.0,6.0,0.013946117274167988
DS08a,lstm_autoencoder,2,0.005,phase_conditioned,R0,11,20,2,0.1,1.0,13.35,0.013946117274167988
DS08a,lstm_autoencoder,2,0.005,phase_conditioned,R0,12,17,3,0.17647058823529413,1.0,27.764705882352942,0.013946117274167988
DS08a,lstm_autoencoder,2,0.005,phase_conditioned,R0,13,14,1,0.07142857142857142,1.0,24.285714285714285,0.013946117274167988
DS08a,lstm_autoencoder,2,0.005,phase_conditioned,R0,14,15,2,0.13333333333333333,1.0,31.8,0.013946117274167988
DS08a,lstm_autoencoder,2,0.005,phase_conditioned,R0,15,27,1,0.037037037037037035,1.0,6.518518518518518,0.013946117274167988
DS08a,lstm_autoencoder,2,0.005,phase_conditioned,R0,all,122,9,0.07377049180327869,1.0,15.62295081967213,0.013946117274167988
DS08a,lstm_autoencoder,2,0.005,phase_conditioned,R1,10,29,0,0.0,0.7586206896551724,1.3448275862068966,0.007712625462229266
DS08a,lstm_autoencoder,2,0.005,phase_conditioned,R1,11,20,2,0.1,0.95,4.8,0.007712625462229266
DS08a,lstm_autoencoder,2,0.005,phase_conditioned,R1,12,17,3,0.17647058823529413,1.0,8.882352941176471,0.007712625462229266
DS08a,lstm_autoencoder,2,0.005,phase_conditioned,R1,13,14,2,0.14285714285714285,1.0,9.428571428571429,0.007712625462229266
DS08a,lstm_autoencoder,2,0.005,phase_conditioned,R1,14,15,3,0.2,1.0,10.533333333333333,0.007712625462229266
DS08a,lstm_autoencoder,2,0.005,phase_conditioned,R1,15,27,1,0.037037037037037035,0.8518518518518519,1.5555555555555556,0.007712625462229266
DS08a,lstm_autoencoder,2,0.005,phase_conditioned,R1,all,122,11,0.09016393442622951,0.9016393442622951,5.065573770491803,0.007712625462229266
DS08a,lstm_autoencoder,2,0.005,phase_conditioned,R2,10,29,0,0.0,0.7586206896551724,1.5517241379310345,0.013100898045430534
DS08a,lstm_autoencoder,2,0.005,phase_conditioned,R2,11,20,3,0.15,1.0,4.3,0.013100898045430534
DS08a,lstm_autoencoder,2,0.005,phase_conditioned,R2,12,17,3,0.17647058823529413,1.0,8.470588235294118,0.013100898045430534
DS08a,lstm_autoencoder,2,0.005,phase_conditioned,R2,13,14,1,0.07142857142857142,1.0,8.928571428571429,0.013100898045430534
DS08a,lstm_autoencoder,2,0.005,phase_conditioned,R2,14,15,2,0.13333333333333333,1.0,10.8,0.013100898045430534
DS08a,lstm_autoencoder,2,0.005,phase_conditioned,R2,15,27,1,0.037037037037037035,0.8518518518518519,1.8888888888888888,0.013100898045430534
DS08a,lstm_autoencoder,2,0.005,phase_conditioned,R2,all,122,10,0.08196721311475409,0.9098360655737705,5.024590163934426,0.013100898045430534
DS08a,lstm_autoencoder,2,0.005,quantile_regression_W,R0,10,29,0,0.0,1.0,11.068965517241379,0.017600177108700463
DS08a,lstm_autoencoder,2,0.005,quantile_regression_W,R0,11,20,1,0.05,1.0,14.3,0.017600177108700463
DS08a,lstm_autoencoder,2,0.005,quantile_regression_W,R0,12,17,1,0.058823529411764705,1.0,27.176470588235293,0.017600177108700463
DS08a,lstm_autoencoder,2,0.005,quantile_regression_W,R0,13,14,4,0.2857142857142857,1.0,62.92857142857143,0.017600177108700463
DS08a,lstm_autoencoder,2,0.005,quantile_regression_W,R0,14,15,5,0.3333333333333333,1.0,55.666666666666664,0.017600177108700463
DS08a,lstm_autoencoder,2,0.005,quantile_regression_W,R0,15,27,0,0.0,1.0,11.37037037037037,0.017600177108700463
DS08a,lstm_autoencoder,2,0.005,quantile_regression_W,R0,all,122,11,0.09016393442622951,1.0,25.34426229508197,0.017600177108700463
DS08a,lstm_autoencoder,2,0.005,quantile_regression_W,R1,10,29,2,0.06896551724137931,0.896551724137931,2.0,0.00901871045901198
DS08a,lstm_autoencoder,2,0.005,quantile_regression_W,R1,11,20,1,0.05,0.7,1.45,0.00901871045901198
DS08a,lstm_autoencoder,2,0.005,quantile_regression_W,R1,12,17,1,0.058823529411764705,0.8235294117647058,3.0588235294117645,0.00901871045901198
DS08a,lstm_autoencoder,2,0.005,quantile_regression_W,R1,13,14,4,0.2857142857142857,0.9285714285714286,12.785714285714286,0.00901871045901198
DS08a,lstm_autoencoder,2,0.005,quantile_regression_W,R1,14,15,5,0.3333333333333333,1.0,12.133333333333333,0.00901871045901198
DS08a,lstm_autoencoder,2,0.005,quantile_regression_W,R1,15,27,0,0.0,0.8518518518518519,2.111111111111111,0.00901871045901198
DS08a,lstm_autoencoder,2,0.005,quantile_regression_W,R1,all,122,13,0.10655737704918032,0.860655737704918,4.565573770491803,0.00901871045901198
DS08a,lstm_autoencoder,2,0.005,quantile_regression_W,R2,10,29,0,0.0,0.896551724137931,2.1724137931034484,0.015148846221595914
DS08a,lstm_autoencoder,2,0.005,quantile_regression_W,R2,11,20,1,0.05,0.8,2.15,0.015148846221595914
DS08a,lstm_autoencoder,2,0.005,quantile_regression_W,R2,12,17,1,0.058823529411764705,0.8823529411764706,4.823529411764706,0.015148846221595914
DS08a,lstm_autoencoder,2,0.005,quantile_regression_W,R2,13,14,4,0.2857142857142857,0.9285714285714286,13.714285714285714,0.015148846221595914
DS08a,lstm_autoencoder,2,0.005,quantile_regression_W,R2,14,15,5,0.3333333333333333,1.0,12.933333333333334,0.015148846221595914
DS08a,lstm_autoencoder,2,0.005,quantile_regression_W,R2,15,27,0,0.0,0.8888888888888888,2.3333333333333335,0.015148846221595914
DS08a,lstm_autoencoder,2,0.005,quantile_regression_W,R2,all,122,11,0.09016393442622951,0.8934426229508197,5.221311475409836,0.015148846221595914
DS08a,lstm_autoencoder,2,0.01,pooled,R0,10,29,3,0.10344827586206896,1.0,18.93103448275862,0.023688288687181758
DS08a,lstm_autoencoder,2,0.01,pooled,R0,11,20,2,0.1,1.0,19.65,0.023688288687181758
DS08a,lstm_autoencoder,2,0.01,pooled,R0,12,17,3,0.17647058823529413,1.0,43.705882352941174,0.023688288687181758
DS08a,lstm_autoencoder,2,0.01,pooled,R0,13,14,1,0.07142857142857142,1.0,35.42857142857143,0.023688288687181758
DS08a,lstm_autoencoder,2,0.01,pooled,R0,14,15,3,0.2,1.0,46.8,0.023688288687181758
DS08a,lstm_autoencoder,2,0.01,pooled,R0,15,27,2,0.07407407407407407,1.0,16.85185185185185,0.023688288687181758
DS08a,lstm_autoencoder,2,0.01,pooled,R0,all,122,14,0.11475409836065574,1.0,27.360655737704917,0.023688288687181758
DS08a,lstm_autoencoder,2,0.01,pooled,R1,10,29,1,0.034482758620689655,1.0,4.241379310344827,0.017010036978341258
DS08a,lstm_autoencoder,2,0.01,pooled,R1,11,20,2,0.1,1.0,5.55,0.017010036978341258
DS08a,lstm_autoencoder,2,0.01,pooled,R1,12,17,3,0.17647058823529413,1.0,12.705882352941176,0.017010036978341258
DS08a,lstm_autoencoder,2,0.01,pooled,R1,13,14,1,0.07142857142857142,1.0,9.285714285714286,0.017010036978341258
DS08a,lstm_autoencoder,2,0.01,pooled,R1,14,15,3,0.2,1.0,13.866666666666667,0.017010036978341258
DS08a,lstm_autoencoder,2,0.01,pooled,R1,15,27,1,0.037037037037037035,1.0,4.481481481481482,0.017010036978341258
DS08a,lstm_autoencoder,2,0.01,pooled,R1,all,122,11,0.09016393442622951,1.0,7.450819672131147,0.017010036978341258
DS08a,lstm_autoencoder,2,0.01,pooled,R2,10,29,1,0.034482758620689655,1.0,5.206896551724138,0.021047596268835206
DS08a,lstm_autoencoder,2,0.01,pooled,R2,11,20,2,0.1,1.0,5.35,0.021047596268835206
DS08a,lstm_autoencoder,2,0.01,pooled,R2,12,17,3,0.17647058823529413,1.0,11.882352941176471,0.021047596268835206
DS08a,lstm_autoencoder,2,0.01,pooled,R2,13,14,1,0.07142857142857142,1.0,9.428571428571429,0.021047596268835206
DS08a,lstm_autoencoder,2,0.01,pooled,R2,14,15,3,0.2,1.0,14.066666666666666,0.021047596268835206
DS08a,lstm_autoencoder,2,0.01,pooled,R2,15,27,2,0.07407407407407407,1.0,4.592592592592593,0.021047596268835206
DS08a,lstm_autoencoder,2,0.01,pooled,R2,all,122,12,0.09836065573770492,1.0,7.598360655737705,0.021047596268835206
DS08a,lstm_autoencoder,2,0.01,phase_conditioned,R0,10,29,0,0.0,1.0,16.137931034482758,0.025680761567412
DS08a,lstm_autoencoder,2,0.01,phase_conditioned,R0,11,20,2,0.1,1.0,17.9,0.025680761567412
DS08a,lstm_autoencoder,2,0.01,phase_conditioned,R0,12,17,2,0.11764705882352941,1.0,40.88235294117647,0.025680761567412
DS08a,lstm_autoencoder,2,0.01,phase_conditioned,R0,13,14,1,0.07142857142857142,1.0,33.07142857142857,0.025680761567412
DS08a,lstm_autoencoder,2,0.01,phase_conditioned,R0,14,15,2,0.13333333333333333,1.0,48.2,0.025680761567412
DS08a,lstm_autoencoder,2,0.01,phase_conditioned,R0,15,27,2,0.07407407407407407,1.0,15.407407407407407,0.025680761567412
DS08a,lstm_autoencoder,2,0.01,phase_conditioned,R0,all,122,9,0.07377049180327869,1.0,25.598360655737704,0.025680761567412
DS08a,lstm_autoencoder,2,0.01,phase_conditioned,R1,10,29,0,0.0,1.0,4.0,0.01645468998410175
DS08a,lstm_autoencoder,2,0.01,phase_conditioned,R1,11,20,2,0.1,1.0,5.35,0.01645468998410175
DS08a,lstm_autoencoder,2,0.01,phase_conditioned,R1,12,17,3,0.17647058823529413,1.0,11.470588235294118,0.01645468998410175
DS08a,lstm_autoencoder,2,0.01,phase_conditioned,R1,13,14,1,0.07142857142857142,1.0,9.785714285714286,0.01645468998410175
DS08a,lstm_autoencoder,2,0.01,phase_conditioned,R1,14,15,3,0.2,1.0,14.666666666666666,0.01645468998410175
DS08a,lstm_autoencoder,2,0.01,phase_conditioned,R1,15,27,1,0.037037037037037035,1.0,4.185185185185185,0.01645468998410175
DS08a,lstm_autoencoder,2,0.01,phase_conditioned,R1,all,122,10,0.08196721311475409,1.0,7.278688524590164,0.01645468998410175
DS08a,lstm_autoencoder,2,0.01,phase_conditioned,R2,10,29,0,0.0,1.0,4.344827586206897,0.02260961436872689
DS08a,lstm_autoencoder,2,0.01,phase_conditioned,R2,11,20,2,0.1,1.0,4.85,0.02260961436872689
DS08a,lstm_autoencoder,2,0.01,phase_conditioned,R2,12,17,3,0.17647058823529413,1.0,11.411764705882353,0.02260961436872689
DS08a,lstm_autoencoder,2,0.01,phase_conditioned,R2,13,14,1,0.07142857142857142,1.0,9.0,0.02260961436872689
DS08a,lstm_autoencoder,2,0.01,phase_conditioned,R2,14,15,3,0.2,1.0,14.066666666666666,0.02260961436872689
DS08a,lstm_autoencoder,2,0.01,phase_conditioned,R2,15,27,2,0.07407407407407407,1.0,4.111111111111111,0.02260961436872689
DS08a,lstm_autoencoder,2,0.01,phase_conditioned,R2,all,122,11,0.09016393442622951,1.0,7.090163934426229,0.02260961436872689
DS08a,lstm_autoencoder,2,0.01,quantile_regression_W,R0,10,29,0,0.0,1.0,17.482758620689655,0.03716757449535405
DS08a,lstm_autoencoder,2,0.01,quantile_regression_W,R0,11,20,0,0.0,1.0,22.25,0.03716757449535405
DS08a,lstm_autoencoder,2,0.01,quantile_regression_W,R0,12,17,1,0.058823529411764705,1.0,38.11764705882353,0.03716757449535405
DS08a,lstm_autoencoder,2,0.01,quantile_regression_W,R0,13,14,4,0.2857142857142857,1.0,84.85714285714286,0.03716757449535405
DS08a,lstm_autoencoder,2,0.01,quantile_regression_W,R0,14,15,5,0.3333333333333333,1.0,65.13333333333334,0.03716757449535405
DS08a,lstm_autoencoder,2,0.01,quantile_regression_W,R0,15,27,0,0.0,1.0,17.925925925925927,0.03716757449535405
DS08a,lstm_autoencoder,2,0.01,quantile_regression_W,R0,all,122,10,0.08196721311475409,1.0,34.82786885245902,0.03716757449535405
DS08a,lstm_autoencoder,2,0.01,quantile_regression_W,R1,10,29,1,0.034482758620689655,0.9655172413793104,3.3448275862068964,0.023889095185047653
DS08a,lstm_autoencoder,2,0.01,quantile_regression_W,R1,11,20,1,0.05,0.9,4.25,0.023889095185047653
DS08a,lstm_autoencoder,2,0.01,quantile_regression_W,R1,12,17,1,0.058823529411764705,1.0,7.529411764705882,0.023889095185047653
DS08a,lstm_autoencoder,2,0.01,quantile_regression_W,R1,13,14,4,0.2857142857142857,1.0,22.642857142857142,0.023889095185047653
DS08a,lstm_autoencoder,2,0.01,quantile_regression_W,R1,14,15,5,0.3333333333333333,1.0,19.6,0.023889095185047653
DS08a,lstm_autoencoder,2,0.01,quantile_regression_W,R1,15,27,0,0.0,0.9629629629629629,3.7777777777777777,0.023889095185047653
DS08a,lstm_autoencoder,2,0.01,quantile_regression_W,R1,all,122,12,0.09836065573770492,0.9672131147540983,8.385245901639344,0.023889095185047653
DS08a,lstm_autoencoder,2,0.01,quantile_regression_W,R2,10,29,0,0.0,0.9655172413793104,3.689655172413793,0.03276378368856791
DS08a,lstm_autoencoder,2,0.01,quantile_regression_W,R2,11,20,1,0.05,1.0,5.15,0.03276378368856791
DS08a,lstm_autoencoder,2,0.01,quantile_regression_W,R2,12,17,1,0.058823529411764705,1.0,8.235294117647058,0.03276378368856791
DS08a,lstm_autoencoder,2,0.01,quantile_regression_W,R2,13,14,4,0.2857142857142857,1.0,22.142857142857142,0.03276378368856791
DS08a,lstm_autoencoder,2,0.01,quantile_regression_W,R2,14,15,5,0.3333333333333333,1.0,18.266666666666666,0.03276378368856791
DS08a,lstm_autoencoder,2,0.01,quantile_regression_W,R2,15,27,0,0.0,0.9629629629629629,4.074074074074074,0.03276378368856791
DS08a,lstm_autoencoder,2,0.01,quantile_regression_W,R2,all,122,11,0.09016393442622951,0.9836065573770492,8.557377049180328,0.03276378368856791
DS08a,lstm_autoencoder,2,0.02,pooled,R0,10,29,5,0.1724137931034483,1.0,37.3448275862069,0.04507150153217569
DS08a,lstm_autoencoder,2,0.02,pooled,R0,11,20,2,0.1,1.0,36.65,0.04507150153217569
DS08a,lstm_autoencoder,2,0.02,pooled,R0,12,17,2,0.11764705882352941,1.0,69.76470588235294,0.04507150153217569
DS08a,lstm_autoencoder,2,0.02,pooled,R0,13,14,1,0.07142857142857142,1.0,82.14285714285714,0.04507150153217569
DS08a,lstm_autoencoder,2,0.02,pooled,R0,14,15,2,0.13333333333333333,1.0,90.66666666666667,0.04507150153217569
DS08a,lstm_autoencoder,2,0.02,pooled,R0,15,27,2,0.07407407407407407,1.0,31.48148148148148,0.04507150153217569
DS08a,lstm_autoencoder,2,0.02,pooled,R0,all,122,14,0.11475409836065574,1.0,52.14754098360656,0.04507150153217569
DS08a,lstm_autoencoder,2,0.02,pooled,R1,10,29,2,0.06896551724137931,1.0,9.172413793103448,0.03294148042888516
DS08a,lstm_autoencoder,2,0.02,pooled,R1,11,20,2,0.1,1.0,8.05,0.03294148042888516
DS08a,lstm_autoencoder,2,0.02,pooled,R1,12,17,2,0.11764705882352941,1.0,16.705882352941178,0.03294148042888516
DS08a,lstm_autoencoder,2,0.02,pooled,R1,13,14,1,0.07142857142857142,1.0,17.857142857142858,0.03294148042888516
DS08a,lstm_autoencoder,2,0.02,pooled,R1,14,15,2,0.13333333333333333,1.0,20.8,0.03294148042888516
DS08a,lstm_autoencoder,2,0.02,pooled,R1,15,27,1,0.037037037037037035,1.0,8.11111111111111,0.03294148042888516
DS08a,lstm_autoencoder,2,0.02,pooled,R1,all,122,10,0.08196721311475409,1.0,12.229508196721312,0.03294148042888516
DS08a,lstm_autoencoder,2,0.02,pooled,R2,10,29,4,0.13793103448275862,1.0,9.96551724137931,0.041138483616359724
DS08a,lstm_autoencoder,2,0.02,pooled,R2,11,20,2,0.1,1.0,8.85,0.041138483616359724
DS08a,lstm_autoencoder,2,0.02,pooled,R2,12,17,2,0.11764705882352941,1.0,17.41176470588235,0.041138483616359724
DS08a,lstm_autoencoder,2,0.02,pooled,R2,13,14,1,0.07142857142857142,1.0,19.214285714285715,0.041138483616359724
DS08a,lstm_autoencoder,2,0.02,pooled,R2,14,15,2,0.13333333333333333,1.0,24.2,0.041138483616359724
DS08a,lstm_autoencoder,2,0.02,pooled,R2,15,27,1,0.037037037037037035,1.0,8.814814814814815,0.041138483616359724
DS08a,lstm_autoencoder,2,0.02,pooled,R2,all,122,12,0.09836065573770492,1.0,13.37704918032787,0.041138483616359724
DS08a,lstm_autoencoder,2,0.02,phase_conditioned,R0,10,29,6,0.20689655172413793,1.0,35.827586206896555,0.04089930638603205
DS08a,lstm_autoencoder,2,0.02,phase_conditioned,R0,11,20,2,0.1,1.0,36.45,0.04089930638603205
DS08a,lstm_autoencoder,2,0.02,phase_conditioned,R0,12,17,2,0.11764705882352941,1.0,71.41176470588235,0.04089930638603205
DS08a,lstm_autoencoder,2,0.02,phase_conditioned,R0,13,14,1,0.07142857142857142,1.0,79.57142857142857,0.04089930638603205
DS08a,lstm_autoencoder,2,0.02,phase_conditioned,R0,14,15,3,0.2,1.0,96.26666666666667,0.04089930638603205
DS08a,lstm_autoencoder,2,0.02,phase_conditioned,R0,15,27,1,0.037037037037037035,1.0,31.25925925925926,0.04089930638603205
DS08a,lstm_autoencoder,2,0.02,phase_conditioned,R0,all,122,15,0.12295081967213115,1.0,52.32786885245902,0.04089930638603205
DS08a,lstm_autoencoder,2,0.02,phase_conditioned,R1,10,29,1,0.034482758620689655,1.0,8.413793103448276,0.02844311377245509
DS08a,lstm_autoencoder,2,0.02,phase_conditioned,R1,11,20,2,0.1,1.0,7.95,0.02844311377245509
DS08a,lstm_autoencoder,2,0.02,phase_conditioned,R1,12,17,3,0.17647058823529413,1.0,15.941176470588236,0.02844311377245509
DS08a,lstm_autoencoder,2,0.02,phase_conditioned,R1,13,14,1,0.07142857142857142,1.0,16.928571428571427,0.02844311377245509
DS08a,lstm_autoencoder,2,0.02,phase_conditioned,R1,14,15,2,0.13333333333333333,1.0,21.933333333333334,0.02844311377245509
DS08a,lstm_autoencoder,2,0.02,phase_conditioned,R1,15,27,1,0.037037037037037035,1.0,7.925925925925926,0.02844311377245509
DS08a,lstm_autoencoder,2,0.02,phase_conditioned,R1,all,122,10,0.08196721311475409,1.0,11.918032786885245,0.02844311377245509
DS08a,lstm_autoencoder,2,0.02,phase_conditioned,R2,10,29,3,0.10344827586206896,1.0,9.551724137931034,0.03619659065751605
DS08a,lstm_autoencoder,2,0.02,phase_conditioned,R2,11,20,2,0.1,1.0,8.95,0.03619659065751605
DS08a,lstm_autoencoder,2,0.02,phase_conditioned,R2,12,17,2,0.11764705882352941,1.0,17.41176470588235,0.03619659065751605
DS08a,lstm_autoencoder,2,0.02,phase_conditioned,R2,13,14,1,0.07142857142857142,1.0,18.857142857142858,0.03619659065751605
DS08a,lstm_autoencoder,2,0.02,phase_conditioned,R2,14,15,2,0.13333333333333333,1.0,24.266666666666666,0.03619659065751605
DS08a,lstm_autoencoder,2,0.02,phase_conditioned,R2,15,27,1,0.037037037037037035,1.0,8.37037037037037,0.03619659065751605
DS08a,lstm_autoencoder,2,0.02,phase_conditioned,R2,all,122,11,0.09016393442622951,1.0,13.163934426229508,0.03619659065751605
DS08a,lstm_autoencoder,2,0.02,quantile_regression_W,R0,10,29,1,0.034482758620689655,1.0,27.17241379310345,0.05831464274271067
DS08a,lstm_autoencoder,2,0.02,quantile_regression_W,R0,11,20,1,0.05,1.0,31.35,0.05831464274271067
DS08a,lstm_autoencoder,2,0.02,quantile_regression_W,R0,12,17,0,0.0,1.0,58.94117647058823,0.05831464274271067
DS08a,lstm_autoencoder,2,0.02,quantile_regression_W,R0,13,14,3,0.21428571428571427,1.0,128.28571428571428,0.05831464274271067
DS08a,lstm_autoencoder,2,0.02,quantile_regression_W,R0,14,15,5,0.3333333333333333,1.0,83.13333333333334,0.05831464274271067
DS08a,lstm_autoencoder,2,0.02,quantile_regression_W,R0,15,27,0,0.0,1.0,30.48148148148148,0.05831464274271067
DS08a,lstm_autoencoder,2,0.02,quantile_regression_W,R0,all,122,10,0.08196721311475409,1.0,51.5,0.05831464274271067
DS08a,lstm_autoencoder,2,0.02,quantile_regression_W,R1,10,29,1,0.034482758620689655,1.0,7.0344827586206895,0.04549823774431272
DS08a,lstm_autoencoder,2,0.02,quantile_regression_W,R1,11,20,2,0.1,0.95,8.65,0.04549823774431272
DS08a,lstm_autoencoder,2,0.02,quantile_regression_W,R1,12,17,0,0.0,1.0,12.941176470588236,0.04549823774431272
DS08a,lstm_autoencoder,2,0.02,quantile_regression_W,R1,13,14,3,0.21428571428571427,1.0,37.5,0.04549823774431272
DS08a,lstm_autoencoder,2,0.02,quantile_regression_W,R1,14,15,5,0.3333333333333333,1.0,25.4,0.04549823774431272
DS08a,lstm_autoencoder,2,0.02,quantile_regression_W,R1,15,27,0,0.0,1.0,7.925925925925926,0.04549823774431272
DS08a,lstm_autoencoder,2,0.02,quantile_regression_W,R1,all,122,11,0.09016393442622951,0.9918032786885246,14.073770491803279,0.04549823774431272
DS08a,lstm_autoencoder,2,0.02,quantile_regression_W,R2,10,29,1,0.034482758620689655,1.0,7.9655172413793105,0.054469721243191285
DS08a,lstm_autoencoder,2,0.02,quantile_regression_W,R2,11,20,2,0.1,1.0,7.9,0.054469721243191285
DS08a,lstm_autoencoder,2,0.02,quantile_regression_W,R2,12,17,0,0.0,1.0,11.352941176470589,0.054469721243191285
DS08a,lstm_autoencoder,2,0.02,quantile_regression_W,R2,13,14,3,0.21428571428571427,1.0,32.857142857142854,0.054469721243191285
DS08a,lstm_autoencoder,2,0.02,quantile_regression_W,R2,14,15,5,0.3333333333333333,1.0,23.933333333333334,0.054469721243191285
DS08a,lstm_autoencoder,2,0.02,quantile_regression_W,R2,15,27,0,0.0,1.0,9.592592592592593,0.054469721243191285
DS08a,lstm_autoencoder,2,0.02,quantile_regression_W,R2,all,122,11,0.09016393442622951,1.0,13.60655737704918,0.054469721243191285
DS08a,cvae,0,0.005,pooled,R0,10,29,0,0.0,0.7931034482758621,9.89655172413793,0.025408878504672897
DS08a,cvae,0,0.005,pooled,R0,11,20,0,0.0,0.9,23.0,0.025408878504672897
DS08a,cvae,0,0.005,pooled,R0,12,17,0,0.0,1.0,37.23529411764706,0.025408878504672897
DS08a,cvae,0,0.005,pooled,R0,13,14,1,0.07142857142857142,1.0,81.07142857142857,0.025408878504672897
DS08a,cvae,0,0.005,pooled,R0,14,15,2,0.13333333333333333,1.0,182.53333333333333,0.025408878504672897
DS08a,cvae,0,0.005,pooled,R0,15,27,1,0.037037037037037035,0.8888888888888888,20.37037037037037,0.025408878504672897
DS08a,cvae,0,0.005,pooled,R0,all,122,4,0.03278688524590164,0.9098360655737705,47.5655737704918,0.025408878504672897
DS08a,cvae,0,0.005,pooled,R1,10,29,0,0.0,0.1724137931034483,0.3103448275862069,0.00445277712678697
DS08a,cvae,0,0.005,pooled,R1,11,20,0,0.0,0.45,0.55,0.00445277712678697
DS08a,cvae,0,0.005,pooled,R1,12,17,0,0.0,0.35294117647058826,1.0588235294117647,0.00445277712678697
DS08a,cvae,0,0.005,pooled,R1,13,14,1,0.07142857142857142,0.6428571428571429,4.5,0.00445277712678697
DS08a,cvae,0,0.005,pooled,R1,14,15,3,0.2,0.6666666666666666,27.6,0.00445277712678697
DS08a,cvae,0,0.005,pooled,R1,15,27,0,0.0,0.18518518518518517,0.6296296296296297,0.00445277712678697
DS08a,cvae,0,0.005,pooled,R1,all,122,4,0.03278688524590164,0.36065573770491804,4.360655737704918,0.00445277712678697
DS08a,cvae,0,0.005,pooled,R2,10,29,0,0.0,0.3448275862068966,0.9655172413793104,0.01576275714667379
DS08a,cvae,0,0.005,pooled,R2,11,20,0,0.0,0.5,1.3,0.01576275714667379
DS08a,cvae,0,0.005,pooled,R2,12,17,0,0.0,0.6470588235294118,2.7058823529411766,0.01576275714667379
DS08a,cvae,0,0.005,pooled,R2,13,14,1,0.07142857142857142,0.7857142857142857,8.142857142857142,0.01576275714667379
DS08a,cvae,0,0.005,pooled,R2,14,15,3,0.2,0.7333333333333333,31.933333333333334,0.01576275714667379
DS08a,cvae,0,0.005,pooled,R2,15,27,0,0.0,0.37037037037037035,2.259259259259259,0.01576275714667379
DS08a,cvae,0,0.005,pooled,R2,all,122,4,0.03278688524590164,0.5163934426229508,6.180327868852459,0.01576275714667379
DS08a,cvae,0,0.005,phase_conditioned,R0,10,29,0,0.0,0.8620689655172413,10.793103448275861,0.01884798308966003
DS08a,cvae,0,0.005,phase_conditioned,R0,11,20,0,0.0,0.95,25.75,0.01884798308966003
DS08a,cvae,0,0.005,phase_conditioned,R0,12,17,1,0.058823529411764705,1.0,48.94117647058823,0.01884798308966003
DS08a,cvae,0,0.005,phase_conditioned,R0,13,14,1,0.07142857142857142,1.0,109.71428571428571,0.01884798308966003
DS08a,cvae,0,0.005,phase_conditioned,R0,14,15,4,0.26666666666666666,1.0,184.13333333333333,0.01884798308966003
DS08a,cvae,0,0.005,phase_conditioned,R0,15,27,1,0.037037037037037035,0.9259259259259259,18.074074074074073,0.01884798308966003
DS08a,cvae,0,0.005,phase_conditioned,R0,all,122,7,0.05737704918032787,0.9426229508196722,52.83606557377049,0.01884798308966003
DS08a,cvae,0,0.005,phase_conditioned,R1,10,29,0,0.0,0.10344827586206896,0.10344827586206896,0.0027445109780439123
DS08a,cvae,0,0.005,phase_conditioned,R1,11,20,2,0.1,0.5,1.05,0.0027445109780439123
DS08a,cvae,0,0.005,phase_conditioned,R1,12,17,1,0.058823529411764705,0.35294117647058826,1.8823529411764706,0.0027445109780439123
DS08a,cvae,0,0.005,phase_conditioned,R1,13,14,2,0.14285714285714285,0.7857142857142857,6.785714285714286,0.0027445109780439123
DS08a,cvae,0,0.005,phase_conditioned,R1,14,15,4,0.26666666666666666,0.6,31.466666666666665,0.0027445109780439123
DS08a,cvae,0,0.005,phase_conditioned,R1,15,27,0,0.0,0.2962962962962963,0.2962962962962963,0.0027445109780439123
DS08a,cvae,0,0.005,phase_conditioned,R1,all,122,9,0.07377049180327869,0.38524590163934425,5.172131147540983,0.0027445109780439123
DS08a,cvae,0,0.005,phase_conditioned,R2,10,29,0,0.0,0.13793103448275862,0.3103448275862069,0.010542168674698794
DS08a,cvae,0,0.005,phase_conditioned,R2,11,20,0,0.0,0.6,1.4,0.010542168674698794
DS08a,cvae,0,0.005,phase_conditioned,R2,12,17,1,0.058823529411764705,0.5294117647058824,2.8823529411764706,0.010542168674698794
DS08a,cvae,0,0.005,phase_conditioned,R2,13,14,2,0.14285714285714285,0.8571428571428571,12.357142857142858,0.010542168674698794
DS08a,cvae,0,0.005,phase_conditioned,R2,14,15,3,0.2,0.7333333333333333,33.0,0.010542168674698794
DS08a,cvae,0,0.005,phase_conditioned,R2,15,27,0,0.0,0.4074074074074074,1.1851851851851851,0.010542168674698794
DS08a,cvae,0,0.005,phase_conditioned,R2,all,122,6,0.04918032786885246,0.48360655737704916,6.442622950819672,0.010542168674698794
DS08a,cvae,0,0.005,quantile_regression_W,R0,10,29,0,0.0,0.9655172413793104,9.344827586206897,0.016741071428571428
DS08a,cvae,0,0.005,quantile_regression_W,R0,11,20,0,0.0,1.0,41.85,0.016741071428571428
DS08a,cvae,0,0.005,quantile_regression_W,R0,12,17,0,0.0,1.0,69.47058823529412,0.016741071428571428
DS08a,cvae,0,0.005,quantile_regression_W,R0,13,14,3,0.21428571428571427,1.0,135.21428571428572,0.016741071428571428
DS08a,cvae,0,0.005,quantile_regression_W,R0,14,15,4,0.26666666666666666,1.0,158.26666666666668,0.016741071428571428
DS08a,cvae,0,0.005,quantile_regression_W,R0,15,27,0,0.0,0.8888888888888888,13.25925925925926,0.016741071428571428
DS08a,cvae,0,0.005,quantile_regression_W,R0,all,122,7,0.05737704918032787,0.9672131147540983,56.67213114754098,0.016741071428571428
DS08a,cvae,0,0.005,quantile_regression_W,R1,10,29,0,0.0,0.034482758620689655,0.034482758620689655,0.0020502306509482316
DS08a,cvae,0,0.005,quantile_regression_W,R1,11,20,4,0.2,0.6,1.45,0.0020502306509482316
DS08a,cvae,0,0.005,quantile_regression_W,R1,12,17,1,0.058823529411764705,0.5882352941176471,2.1176470588235294,0.0020502306509482316
DS08a,cvae,0,0.005,quantile_regression_W,R1,13,14,4,0.2857142857142857,0.9285714285714286,9.428571428571429,0.0020502306509482316
DS08a,cvae,0,0.005,quantile_regression_W,R1,14,15,3,0.2,0.8,9.2,0.0020502306509482316
DS08a,cvae,0,0.005,quantile_regression_W,R1,15,27,0,0.0,0.2222222222222222,0.2222222222222222,0.0020502306509482316
DS08a,cvae,0,0.005,quantile_regression_W,R1,all,122,12,0.09836065573770492,0.4426229508196721,2.80327868852459,0.0020502306509482316
DS08a,cvae,0,0.005,quantile_regression_W,R2,10,29,0,0.0,0.20689655172413793,0.3448275862068966,0.005346198982918242
DS08a,cvae,0,0.005,quantile_regression_W,R2,11,20,3,0.15,0.75,3.15,0.005346198982918242
DS08a,cvae,0,0.005,quantile_regression_W,R2,12,17,1,0.058823529411764705,0.7058823529411765,5.0,0.005346198982918242
DS08a,cvae,0,0.005,quantile_regression_W,R2,13,14,4,0.2857142857142857,1.0,15.714285714285714,0.005346198982918242
DS08a,cvae,0,0.005,quantile_regression_W,R2,14,15,3,0.2,0.8,18.333333333333332,0.005346198982918242
DS08a,cvae,0,0.005,quantile_regression_W,R2,15,27,0,0.0,0.4074074074074074,0.6666666666666666,0.005346198982918242
DS08a,cvae,0,0.005,quantile_regression_W,R2,all,122,11,0.09016393442622951,0.5737704918032787,5.5,0.005346198982918242
DS08a,cvae,0,0.01,pooled,R0,10,29,0,0.0,0.8275862068965517,16.896551724137932,0.045409181636726546
DS08a,cvae,0,0.01,pooled,R0,11,20,0,0.0,1.0,45.1,0.045409181636726546
DS08a,cvae,0,0.01,pooled,R0,12,17,0,0.0,1.0,82.23529411764706,0.045409181636726546
DS08a,cvae,0,0.01,pooled,R0,13,14,1,0.07142857142857142,1.0,169.21428571428572,0.045409181636726546
DS08a,cvae,0,0.01,pooled,R0,14,15,4,0.26666666666666666,1.0,274.06666666666666,0.045409181636726546
DS08a,cvae,0,0.01,pooled,R0,15,27,1,0.037037037037037035,0.9259259259259259,35.74074074074074,0.045409181636726546
DS08a,cvae,0,0.01,pooled,R0,all,122,6,0.04918032786885246,0.9426229508196722,83.89344262295081,0.045409181636726546
DS08a,cvae,0,0.01,pooled,R1,10,29,0,0.0,0.27586206896551724,0.6896551724137931,0.015501144970935353
DS08a,cvae,0,0.01,pooled,R1,11,20,0,0.0,0.65,1.5,0.015501144970935353
DS08a,cvae,0,0.01,pooled,R1,12,17,0,0.0,0.7058823529411765,3.823529411764706,0.015501144970935353
DS08a,cvae,0,0.01,pooled,R1,13,14,1,0.07142857142857142,0.7857142857142857,13.571428571428571,0.015501144970935353
DS08a,cvae,0,0.01,pooled,R1,14,15,3,0.2,0.8,46.266666666666666,0.015501144970935353
DS08a,cvae,0,0.01,pooled,R1,15,27,0,0.0,0.4444444444444444,2.3703703703703702,0.015501144970935353
DS08a,cvae,0,0.01,pooled,R1,all,122,4,0.03278688524590164,0.5573770491803278,8.71311475409836,0.015501144970935353
DS08a,cvae,0,0.01,pooled,R2,10,29,0,0.0,0.4482758620689655,1.7241379310344827,0.03753673523911301
DS08a,cvae,0,0.01,pooled,R2,11,20,0,0.0,0.65,3.4,0.03753673523911301
DS08a,cvae,0,0.01,pooled,R2,12,17,0,0.0,0.8823529411764706,6.705882352941177,0.03753673523911301
DS08a,cvae,0,0.01,pooled,R2,13,14,1,0.07142857142857142,1.0,25.428571428571427,0.03753673523911301
DS08a,cvae,0,0.01,pooled,R2,14,15,3,0.2,0.9333333333333333,52.06666666666667,0.03753673523911301
DS08a,cvae,0,0.01,pooled,R2,15,27,1,0.037037037037037035,0.6296296296296297,5.555555555555555,0.03753673523911301
DS08a,cvae,0,0.01,pooled,R2,all,122,5,0.040983606557377046,0.7049180327868853,12.450819672131148,0.03753673523911301
DS08a,cvae,0,0.01,phase_conditioned,R0,10,29,0,0.0,0.9655172413793104,19.517241379310345,0.03286134117018434
DS08a,cvae,0,0.01,phase_conditioned,R0,11,20,0,0.0,1.0,51.95,0.03286134117018434
DS08a,cvae,0,0.01,phase_conditioned,R0,12,17,1,0.058823529411764705,1.0,110.23529411764706,0.03286134117018434
DS08a,cvae,0,0.01,phase_conditioned,R0,13,14,4,0.2857142857142857,1.0,233.07142857142858,0.03286134117018434
DS08a,cvae,0,0.01,phase_conditioned,R0,14,15,5,0.3333333333333333,1.0,258.73333333333335,0.03286134117018434
DS08a,cvae,0,0.01,phase_conditioned,R0,15,27,1,0.037037037037037035,1.0,34.111111111111114,0.03286134117018434
DS08a,cvae,0,0.01,phase_conditioned,R0,all,122,11,0.09016393442622951,0.9918032786885246,94.62295081967213,0.03286134117018434
DS08a,cvae,0,0.01,phase_conditioned,R1,10,29,0,0.0,0.3103448275862069,0.5172413793103449,0.009730538922155689
DS08a,cvae,0,0.01,phase_conditioned,R1,11,20,0,0.0,0.7,2.65,0.009730538922155689
DS08a,cvae,0,0.01,phase_conditioned,R1,12,17,1,0.058823529411764705,0.6470588235294118,4.764705882352941,0.009730538922155689
DS08a,cvae,0,0.01,phase_conditioned,R1,13,14,3,0.21428571428571427,0.9285714285714286,23.428571428571427,0.009730538922155689
DS08a,cvae,0,0.01,phase_conditioned,R1,14,15,5,0.3333333333333333,0.8,44.93333333333333,0.009730538922155689
DS08a,cvae,0,0.01,phase_conditioned,R1,15,27,0,0.0,0.4444444444444444,1.5555555555555556,0.009730538922155689
DS08a,cvae,0,0.01,phase_conditioned,R1,all,122,9,0.07377049180327869,0.5819672131147541,9.778688524590164,0.009730538922155689
DS08a,cvae,0,0.01,phase_conditioned,R2,10,29,0,0.0,0.3793103448275862,1.3103448275862069,0.02460276781137878
DS08a,cvae,0,0.01,phase_conditioned,R2,11,20,0,0.0,0.75,4.4,0.02460276781137878
DS08a,cvae,0,0.01,phase_conditioned,R2,12,17,1,0.058823529411764705,0.8235294117647058,9.882352941176471,0.02460276781137878
DS08a,cvae,0,0.01,phase_conditioned,R2,13,14,4,0.2857142857142857,1.0,36.92857142857143,0.02460276781137878
DS08a,cvae,0,0.01,phase_conditioned,R2,14,15,5,0.3333333333333333,0.8666666666666667,42.93333333333333,0.02460276781137878
DS08a,cvae,0,0.01,phase_conditioned,R2,15,27,0,0.0,0.6666666666666666,4.111111111111111,0.02460276781137878
DS08a,cvae,0,0.01,phase_conditioned,R2,all,122,10,0.08196721311475409,0.6967213114754098,12.836065573770492,0.02460276781137878
DS08a,cvae,0,0.01,quantile_regression_W,R0,10,29,0,0.0,0.9655172413793104,16.06896551724138,0.026704014939309056
DS08a,cvae,0,0.01,quantile_regression_W,R0,11,20,1,0.05,1.0,79.9,0.026704014939309056
DS08a,cvae,0,0.01,quantile_regression_W,R0,12,17,2,0.11764705882352941,1.0,142.52941176470588,0.026704014939309056
DS08a,cvae,0,0.01,quantile_regression_W,R0,13,14,5,0.35714285714285715,1.0,234.21428571428572,0.026704014939309056
DS08a,cvae,0,0.01,quantile_regression_W,R0,14,15,7,0.4666666666666667,1.0,268.8666666666667,0.026704014939309056
DS08a,cvae,0,0.01,quantile_regression_W,R0,15,27,1,0.037037037037037035,0.9629629629629629,24.185185185185187,0.026704014939309056
DS08a,cvae,0,0.01,quantile_regression_W,R0,all,122,16,0.13114754098360656,0.9836065573770492,102.06557377049181,0.026704014939309056
DS08a,cvae,0,0.01,quantile_regression_W,R1,10,29,0,0.0,0.20689655172413793,0.27586206896551724,0.005867779371495632
DS08a,cvae,0,0.01,quantile_regression_W,R1,11,20,3,0.15,0.9,4.55,0.005867779371495632
DS08a,cvae,0,0.01,quantile_regression_W,R1,12,17,1,0.058823529411764705,0.7647058823529411,6.823529411764706,0.005867779371495632
DS08a,cvae,0,0.01,quantile_regression_W,R1,13,14,4,0.2857142857142857,1.0,22.928571428571427,0.005867779371495632
DS08a,cvae,0,0.01,quantile_regression_W,R1,14,15,4,0.26666666666666666,0.9333333333333333,23.666666666666668,0.005867779371495632
DS08a,cvae,0,0.01,quantile_regression_W,R1,15,27,0,0.0,0.2962962962962963,0.48148148148148145,0.005867779371495632
DS08a,cvae,0,0.01,quantile_regression_W,R1,all,122,12,0.09836065573770492,0.5983606557377049,7.409836065573771,0.005867779371495632
DS08a,cvae,0,0.01,quantile_regression_W,R2,10,29,0,0.0,0.4827586206896552,0.896551724137931,0.013035053725559274
DS08a,cvae,0,0.01,quantile_regression_W,R2,11,20,3,0.15,0.9,8.7,0.013035053725559274
DS08a,cvae,0,0.01,quantile_regression_W,R2,12,17,2,0.11764705882352941,1.0,16.235294117647058,0.013035053725559274
DS08a,cvae,0,0.01,quantile_regression_W,R2,13,14,4,0.2857142857142857,1.0,33.0,0.013035053725559274
DS08a,cvae,0,0.01,quantile_regression_W,R2,14,15,6,0.4,0.9333333333333333,41.46666666666667,0.013035053725559274
DS08a,cvae,0,0.01,quantile_regression_W,R2,15,27,0,0.0,0.5555555555555556,2.111111111111111,0.013035053725559274
DS08a,cvae,0,0.01,quantile_regression_W,R2,all,122,15,0.12295081967213115,0.7540983606557377,13.254098360655737,0.013035053725559274
DS08a,cvae,0,0.02,pooled,R0,10,29,0,0.0,0.9655172413793104,34.0,0.08173330984675005
DS08a,cvae,0,0.02,pooled,R0,11,20,0,0.0,1.0,91.35,0.08173330984675005
DS08a,cvae,0,0.02,pooled,R0,12,17,0,0.0,1.0,182.23529411764707,0.08173330984675005
DS08a,cvae,0,0.02,pooled,R0,13,14,2,0.14285714285714285,1.0,321.2142857142857,0.08173330984675005
DS08a,cvae,0,0.02,pooled,R0,14,15,4,0.26666666666666666,1.0,362.8,0.08173330984675005
DS08a,cvae,0,0.02,pooled,R0,15,27,1,0.037037037037037035,1.0,60.44444444444444,0.08173330984675005
DS08a,cvae,0,0.02,pooled,R0,all,122,7,0.05737704918032787,0.9918032786885246,143.29508196721312,0.08173330984675005
DS08a,cvae,0,0.02,pooled,R1,10,29,0,0.0,0.5517241379310345,2.0,0.043414373497194764
DS08a,cvae,0,0.02,pooled,R1,11,20,0,0.0,0.9,6.0,0.043414373497194764
DS08a,cvae,0,0.02,pooled,R1,12,17,0,0.0,1.0,13.117647058823529,0.043414373497194764
DS08a,cvae,0,0.02,pooled,R1,13,14,1,0.07142857142857142,1.0,39.142857142857146,0.043414373497194764
DS08a,cvae,0,0.02,pooled,R1,14,15,4,0.26666666666666666,0.9333333333333333,72.86666666666666,0.043414373497194764
DS08a,cvae,0,0.02,pooled,R1,15,27,0,0.0,0.7777777777777778,7.185185185185185,0.043414373497194764
DS08a,cvae,0,0.02,pooled,R1,all,122,5,0.040983606557377046,0.819672131147541,18.327868852459016,0.043414373497194764
DS08a,cvae,0,0.02,pooled,R2,10,29,0,0.0,0.7241379310344828,4.241379310344827,0.07592038048264929
DS08a,cvae,0,0.02,pooled,R2,11,20,0,0.0,0.9,12.6,0.07592038048264929
DS08a,cvae,0,0.02,pooled,R2,12,17,0,0.0,1.0,23.41176470588235,0.07592038048264929
DS08a,cvae,0,0.02,pooled,R2,13,14,1,0.07142857142857142,1.0,58.92857142857143,0.07592038048264929
DS08a,cvae,0,0.02,pooled,R2,14,15,4,0.26666666666666666,1.0,67.33333333333333,0.07592038048264929
DS08a,cvae,0,0.02,pooled,R2,15,27,1,0.037037037037037035,0.8518518518518519,11.592592592592593,0.07592038048264929
DS08a,cvae,0,0.02,pooled,R2,all,122,6,0.04918032786885246,0.8852459016393442,23.942622950819672,0.07592038048264929
DS08a,cvae,0,0.02,phase_conditioned,R0,10,29,0,0.0,1.0,35.206896551724135,0.07204509423991545
DS08a,cvae,0,0.02,phase_conditioned,R0,11,20,0,0.0,1.0,105.8,0.07204509423991545
DS08a,cvae,0,0.02,phase_conditioned,R0,12,17,1,0.058823529411764705,1.0,217.58823529411765,0.07204509423991545
DS08a,cvae,0,0.02,phase_conditioned,R0,13,14,4,0.2857142857142857,1.0,386.14285714285717,0.07204509423991545
DS08a,cvae,0,0.02,phase_conditioned,R0,14,15,5,0.3333333333333333,1.0,365.26666666666665,0.07204509423991545
DS08a,cvae,0,0.02,phase_conditioned,R0,15,27,1,0.037037037037037035,1.0,61.851851851851855,0.07204509423991545
DS08a,cvae,0,0.02,phase_conditioned,R0,all,122,11,0.09016393442622951,1.0,158.94262295081967,0.07204509423991545
DS08a,cvae,0,0.02,phase_conditioned,R1,10,29,0,0.0,0.4482758620689655,1.3103448275862069,0.02404595015576324
DS08a,cvae,0,0.02,phase_conditioned,R1,11,20,0,0.0,0.9,7.35,0.02404595015576324
DS08a,cvae,0,0.02,phase_conditioned,R1,12,17,1,0.058823529411764705,0.8823529411764706,17.176470588235293,0.02404595015576324
DS08a,cvae,0,0.02,phase_conditioned,R1,13,14,4,0.2857142857142857,1.0,53.357142857142854,0.02404595015576324
DS08a,cvae,0,0.02,phase_conditioned,R1,14,15,5,0.3333333333333333,0.9333333333333333,59.666666666666664,0.02404595015576324
DS08a,cvae,0,0.02,phase_conditioned,R1,15,27,0,0.0,0.7407407407407407,4.037037037037037,0.02404595015576324
DS08a,cvae,0,0.02,phase_conditioned,R1,all,122,10,0.08196721311475409,0.7704918032786885,18.262295081967213,0.02404595015576324
DS08a,cvae,0,0.02,phase_conditioned,R2,10,29,0,0.0,0.6551724137931034,2.9655172413793105,0.05763239875389408
DS08a,cvae,0,0.02,phase_conditioned,R2,11,20,0,0.0,0.95,13.65,0.05763239875389408
DS08a,cvae,0,0.02,phase_conditioned,R2,12,17,0,0.0,1.0,30.764705882352942,0.05763239875389408
DS08a,cvae,0,0.02,phase_conditioned,R2,13,14,4,0.2857142857142857,1.0,72.57142857142857,0.05763239875389408
DS08a,cvae,0,0.02,phase_conditioned,R2,14,15,5,0.3333333333333333,0.9333333333333333,63.46666666666667,0.05763239875389408
DS08a,cvae,0,0.02,phase_conditioned,R2,15,27,0,0.0,0.8518518518518519,9.222222222222221,0.05763239875389408
DS08a,cvae,0,0.02,phase_conditioned,R2,all,122,9,0.07377049180327869,0.8688524590163934,25.401639344262296,0.05763239875389408
DS08a,cvae,0,0.02,quantile_regression_W,R0,10,29,0,0.0,0.9655172413793104,29.344827586206897,0.05057235605672305
DS08a,cvae,0,0.02,quantile_regression_W,R0,11,20,2,0.1,1.0,149.55,0.05057235605672305
DS08a,cvae,0,0.02,quantile_regression_W,R0,12,17,2,0.11764705882352941,1.0,267.94117647058823,0.05057235605672305
DS08a,cvae,0,0.02,quantile_regression_W,R0,13,14,5,0.35714285714285715,1.0,381.92857142857144,0.05057235605672305
DS08a,cvae,0,0.02,quantile_regression_W,R0,14,15,7,0.4666666666666667,1.0,414.93333333333334,0.05057235605672305
DS08a,cvae,0,0.02,quantile_regression_W,R0,15,27,1,0.037037037037037035,1.0,48.111111111111114,0.05057235605672305
DS08a,cvae,0,0.02,quantile_regression_W,R0,all,122,17,0.13934426229508196,0.9918032786885246,174.31967213114754,0.05057235605672305
DS08a,cvae,0,0.02,quantile_regression_W,R1,10,29,0,0.0,0.3793103448275862,0.7931034482758621,0.01620574246961423
DS08a,cvae,0,0.02,quantile_regression_W,R1,11,20,4,0.2,0.95,14.0,0.01620574246961423
DS08a,cvae,0,0.02,quantile_regression_W,R1,12,17,2,0.11764705882352941,1.0,22.705882352941178,0.01620574246961423
DS08a,cvae,0,0.02,quantile_regression_W,R1,13,14,5,0.35714285714285715,1.0,49.142857142857146,0.01620574246961423
DS08a,cvae,0,0.02,quantile_regression_W,R1,14,15,5,0.3333333333333333,1.0,51.2,0.01620574246961423
DS08a,cvae,0,0.02,quantile_regression_W,R1,15,27,0,0.0,0.48148148148148145,1.8888888888888888,0.01620574246961423
DS08a,cvae,0,0.02,quantile_regression_W,R1,all,122,16,0.13114754098360656,0.7295081967213115,18.0,0.01620574246961423
DS08a,cvae,0,0.02,quantile_regression_W,R2,10,29,0,0.0,0.6551724137931034,2.3448275862068964,0.03379224030037547
DS08a,cvae,0,0.02,quantile_regression_W,R2,11,20,3,0.15,0.95,20.15,0.03379224030037547
DS08a,cvae,0,0.02,quantile_regression_W,R2,12,17,3,0.17647058823529413,1.0,39.35294117647059,0.03379224030037547
DS08a,cvae,0,0.02,quantile_regression_W,R2,13,14,5,0.35714285714285715,1.0,69.35714285714286,0.03379224030037547
DS08a,cvae,0,0.02,quantile_regression_W,R2,14,15,6,0.4,1.0,73.33333333333333,0.03379224030037547
DS08a,cvae,0,0.02,quantile_regression_W,R2,15,27,0,0.0,0.7777777777777778,6.074074074074074,0.03379224030037547
DS08a,cvae,0,0.02,quantile_regression_W,R2,all,122,17,0.13934426229508196,0.860655737704918,27.66393442622951,0.03379224030037547
DS08a,cvae,1,0.005,pooled,R0,10,29,1,0.034482758620689655,1.0,11.827586206896552,0.013875041542040546
DS08a,cvae,1,0.005,pooled,R0,11,20,0,0.0,1.0,13.3,0.013875041542040546
DS08a,cvae,1,0.005,pooled,R0,12,17,2,0.11764705882352941,1.0,29.294117647058822,0.013875041542040546
DS08a,cvae,1,0.005,pooled,R0,13,14,0,0.0,1.0,25.571428571428573,0.013875041542040546
DS08a,cvae,1,0.005,pooled,R0,14,15,3,0.2,1.0,64.0,0.013875041542040546
DS08a,cvae,1,0.005,pooled,R0,15,27,3,0.1111111111111111,1.0,12.148148148148149,0.013875041542040546
DS08a,cvae,1,0.005,pooled,R0,all,122,9,0.07377049180327869,1.0,22.565573770491802,0.013875041542040546
DS08a,cvae,1,0.005,pooled,R1,10,29,1,0.034482758620689655,0.6896551724137931,1.4482758620689655,0.00755043941081817
DS08a,cvae,1,0.005,pooled,R1,11,20,2,0.1,0.7,2.35,0.00755043941081817
DS08a,cvae,1,0.005,pooled,R1,12,17,3,0.17647058823529413,0.7058823529411765,4.823529411764706,0.00755043941081817
DS08a,cvae,1,0.005,pooled,R1,13,14,0,0.0,0.9285714285714286,3.357142857142857,0.00755043941081817
DS08a,cvae,1,0.005,pooled,R1,14,15,3,0.2,0.9333333333333333,12.466666666666667,0.00755043941081817
DS08a,cvae,1,0.005,pooled,R1,15,27,3,0.1111111111111111,0.5925925925925926,1.5925925925925926,0.00755043941081817
DS08a,cvae,1,0.005,pooled,R1,all,122,12,0.09836065573770492,0.7295081967213115,3.6721311475409837,0.00755043941081817
DS08a,cvae,1,0.005,pooled,R2,10,29,2,0.06896551724137931,0.7586206896551724,2.0689655172413794,0.010133333333333333
DS08a,cvae,1,0.005,pooled,R2,11,20,0,0.0,0.75,3.0,0.010133333333333333
DS08a,cvae,1,0.005,pooled,R2,12,17,2,0.11764705882352941,0.8823529411764706,5.647058823529412,0.010133333333333333
DS08a,cvae,1,0.005,pooled,R2,13,14,0,0.0,0.9285714285714286,4.071428571428571,0.010133333333333333
DS08a,cvae,1,0.005,pooled,R2,14,15,3,0.2,1.0,14.466666666666667,0.010133333333333333
DS08a,cvae,1,0.005,pooled,R2,15,27,4,0.14814814814814814,0.7037037037037037,2.259259259259259,0.010133333333333333
DS08a,cvae,1,0.005,pooled,R2,all,122,11,0.09016393442622951,0.8114754098360656,4.516393442622951,0.010133333333333333
DS08a,cvae,1,0.005,phase_conditioned,R0,10,29,1,0.034482758620689655,1.0,12.724137931034482,0.013542705217680293
DS08a,cvae,1,0.005,phase_conditioned,R0,11,20,0,0.0,1.0,13.3,0.013542705217680293
DS08a,cvae,1,0.005,phase_conditioned,R0,12,17,2,0.11764705882352941,1.0,29.647058823529413,0.013542705217680293
DS08a,cvae,1,0.005,phase_conditioned,R0,13,14,0,0.0,1.0,28.071428571428573,0.013542705217680293
DS08a,cvae,1,0.005,phase_conditioned,R0,14,15,2,0.13333333333333333,1.0,57.733333333333334,0.013542705217680293
DS08a,cvae,1,0.005,phase_conditioned,R0,15,27,3,0.1111111111111111,1.0,12.296296296296296,0.013542705217680293
DS08a,cvae,1,0.005,phase_conditioned,R0,all,122,8,0.06557377049180328,1.0,22.37704918032787,0.013542705217680293
DS08a,cvae,1,0.005,phase_conditioned,R1,10,29,0,0.0,0.7931034482758621,1.793103448275862,0.007134703196347032
DS08a,cvae,1,0.005,phase_conditioned,R1,11,20,3,0.15,0.75,2.6,0.007134703196347032
DS08a,cvae,1,0.005,phase_conditioned,R1,12,17,2,0.11764705882352941,0.7058823529411765,4.764705882352941,0.007134703196347032
DS08a,cvae,1,0.005,phase_conditioned,R1,13,14,0,0.0,0.9285714285714286,3.357142857142857,0.007134703196347032
DS08a,cvae,1,0.005,phase_conditioned,R1,14,15,3,0.2,0.9333333333333333,10.4,0.007134703196347032
DS08a,cvae,1,0.005,phase_conditioned,R1,15,27,2,0.07407407407407407,0.5925925925925926,1.5555555555555556,0.007134703196347032
DS08a,cvae,1,0.005,phase_conditioned,R1,all,122,10,0.08196721311475409,0.7622950819672131,3.5245901639344264,0.007134703196347032
DS08a,cvae,1,0.005,phase_conditioned,R2,10,29,1,0.034482758620689655,0.9310344827586207,2.6551724137931036,0.010229540918163672
DS08a,cvae,1,0.005,phase_conditioned,R2,11,20,0,0.0,0.8,3.05,0.010229540918163672
DS08a,cvae,1,0.005,phase_conditioned,R2,12,17,2,0.11764705882352941,0.8235294117647058,6.0,0.010229540918163672
DS08a,cvae,1,0.005,phase_conditioned,R2,13,14,0,0.0,0.9285714285714286,4.428571428571429,0.010229540918163672
DS08a,cvae,1,0.005,phase_conditioned,R2,14,15,3,0.2,0.9333333333333333,13.4,0.010229540918163672
DS08a,cvae,1,0.005,phase_conditioned,R2,15,27,4,0.14814814814814814,0.7777777777777778,2.5925925925925926,0.010229540918163672
DS08a,cvae,1,0.005,phase_conditioned,R2,all,122,10,0.08196721311475409,0.860655737704918,4.69672131147541,0.010229540918163672
DS08a,cvae,1,0.005,quantile_regression_W,R0,10,29,1,0.034482758620689655,1.0,11.862068965517242,0.012077294685990338
DS08a,cvae,1,0.005,quantile_regression_W,R0,11,20,0,0.0,1.0,20.85,0.012077294685990338
DS08a,cvae,1,0.005,quantile_regression_W,R0,12,17,1,0.058823529411764705,1.0,26.705882352941178,0.012077294685990338
DS08a,cvae,1,0.005,quantile_regression_W,R0,13,14,0,0.0,1.0,31.142857142857142,0.012077294685990338
DS08a,cvae,1,0.005,quantile_regression_W,R0,14,15,3,0.2,1.0,55.46666666666667,0.012077294685990338
DS08a,cvae,1,0.005,quantile_regression_W,R0,15,27,2,0.07407407407407407,1.0,13.037037037037036,0.012077294685990338
DS08a,cvae,1,0.005,quantile_regression_W,R0,all,122,7,0.05737704918032787,1.0,23.237704918032787,0.012077294685990338
DS08a,cvae,1,0.005,quantile_regression_W,R1,10,29,0,0.0,0.896551724137931,1.7586206896551724,0.005373847276587275
DS08a,cvae,1,0.005,quantile_regression_W,R1,11,20,1,0.05,0.75,2.95,0.005373847276587275
DS08a,cvae,1,0.005,quantile_regression_W,R1,12,17,2,0.11764705882352941,0.7647058823529411,4.352941176470588,0.005373847276587275
DS08a,cvae,1,0.005,quantile_regression_W,R1,13,14,1,0.07142857142857142,0.8571428571428571,4.142857142857143,0.005373847276587275
DS08a,cvae,1,0.005,quantile_regression_W,R1,14,15,4,0.26666666666666666,0.9333333333333333,13.133333333333333,0.005373847276587275
DS08a,cvae,1,0.005,quantile_regression_W,R1,15,27,0,0.0,0.8518518518518519,1.8518518518518519,0.005373847276587275
DS08a,cvae,1,0.005,quantile_regression_W,R1,all,122,8,0.06557377049180328,0.8442622950819673,4.008196721311475,0.005373847276587275
DS08a,cvae,1,0.005,quantile_regression_W,R2,10,29,1,0.034482758620689655,0.896551724137931,2.6551724137931036,0.009489155251141553
DS08a,cvae,1,0.005,quantile_regression_W,R2,11,20,1,0.05,0.85,3.8,0.009489155251141553
DS08a,cvae,1,0.005,quantile_regression_W,R2,12,17,1,0.058823529411764705,0.8235294117647058,4.764705882352941,0.009489155251141553
DS08a,cvae,1,0.005,quantile_regression_W,R2,13,14,0,0.0,0.8571428571428571,4.714285714285714,0.009489155251141553
DS08a,cvae,1,0.005,quantile_regression_W,R2,14,15,3,0.2,0.9333333333333333,12.8,0.009489155251141553
DS08a,cvae,1,0.005,quantile_regression_W,R2,15,27,2,0.07407407407407407,0.8518518518518519,2.7037037037037037,0.009489155251141553
DS08a,cvae,1,0.005,quantile_regression_W,R2,all,122,8,0.06557377049180328,0.8688524590163934,4.631147540983607,0.009489155251141553
DS08a,cvae,1,0.01,pooled,R0,10,29,1,0.034482758620689655,1.0,23.17241379310345,0.025807735686326543
DS08a,cvae,1,0.01,pooled,R0,11,20,0,0.0,1.0,23.85,0.025807735686326543
DS08a,cvae,1,0.01,pooled,R0,12,17,2,0.11764705882352941,1.0,42.05882352941177,0.025807735686326543
DS08a,cvae,1,0.01,pooled,R0,13,14,0,0.0,1.0,45.07142857142857,0.025807735686326543
DS08a,cvae,1,0.01,pooled,R0,14,15,2,0.13333333333333333,1.0,91.66666666666667,0.025807735686326543
DS08a,cvae,1,0.01,pooled,R0,15,27,3,0.1111111111111111,1.0,21.555555555555557,0.025807735686326543
DS08a,cvae,1,0.01,pooled,R0,all,122,8,0.06557377049180328,1.0,36.49180327868852,0.025807735686326543
DS08a,cvae,1,0.01,pooled,R1,10,29,1,0.034482758620689655,0.9310344827586207,3.586206896551724,0.013542705217680293
DS08a,cvae,1,0.01,pooled,R1,11,20,0,0.0,0.8,4.65,0.013542705217680293
DS08a,cvae,1,0.01,pooled,R1,12,17,2,0.11764705882352941,0.9411764705882353,9.176470588235293,0.013542705217680293
DS08a,cvae,1,0.01,pooled,R1,13,14,0,0.0,1.0,5.857142857142857,0.013542705217680293
DS08a,cvae,1,0.01,pooled,R1,14,15,3,0.2,1.0,23.0,0.013542705217680293
DS08a,cvae,1,0.01,pooled,R1,15,27,3,0.1111111111111111,0.8888888888888888,3.3703703703703702,0.013542705217680293
DS08a,cvae,1,0.01,pooled,R1,all,122,9,0.07377049180327869,0.9180327868852459,7.139344262295082,0.013542705217680293
DS08a,cvae,1,0.01,pooled,R2,10,29,1,0.034482758620689655,1.0,5.068965517241379,0.02149973780807551
DS08a,cvae,1,0.01,pooled,R2,11,20,0,0.0,1.0,5.5,0.02149973780807551
DS08a,cvae,1,0.01,pooled,R2,12,17,2,0.11764705882352941,0.9411764705882353,10.294117647058824,0.02149973780807551
DS08a,cvae,1,0.01,pooled,R2,13,14,0,0.0,1.0,6.928571428571429,0.02149973780807551
DS08a,cvae,1,0.01,pooled,R2,14,15,2,0.13333333333333333,1.0,23.866666666666667,0.02149973780807551
DS08a,cvae,1,0.01,pooled,R2,15,27,3,0.1111111111111111,1.0,4.703703703703703,0.02149973780807551
DS08a,cvae,1,0.01,pooled,R2,all,122,8,0.06557377049180328,0.9918032786885246,8.311475409836065,0.02149973780807551
DS08a,cvae,1,0.01,phase_conditioned,R0,10,29,1,0.034482758620689655,1.0,23.379310344827587,0.02395010946725934
DS08a,cvae,1,0.01,phase_conditioned,R0,11,20,0,0.0,1.0,24.25,0.02395010946725934
DS08a,cvae,1,0.01,phase_conditioned,R0,12,17,2,0.11764705882352941,1.0,45.294117647058826,0.02395010946725934
DS08a,cvae,1,0.01,phase_conditioned,R0,13,14,0,0.0,1.0,46.0,0.02395010946725934
DS08a,cvae,1,0.01,phase_conditioned,R0,14,15,2,0.13333333333333333,1.0,94.73333333333333,0.02395010946725934
DS08a,cvae,1,0.01,phase_conditioned,R0,15,27,3,0.1111111111111111,1.0,22.37037037037037,0.02395010946725934
DS08a,cvae,1,0.01,phase_conditioned,R0,all,122,8,0.06557377049180328,1.0,37.721311475409834,0.02395010946725934
DS08a,cvae,1,0.01,phase_conditioned,R1,10,29,1,0.034482758620689655,1.0,3.6551724137931036,0.014726779485854541
DS08a,cvae,1,0.01,phase_conditioned,R1,11,20,0,0.0,0.8,4.25,0.014726779485854541
DS08a,cvae,1,0.01,phase_conditioned,R1,12,17,3,0.17647058823529413,0.9411764705882353,8.941176470588236,0.014726779485854541
DS08a,cvae,1,0.01,phase_conditioned,R1,13,14,0,0.0,1.0,6.428571428571429,0.014726779485854541
DS08a,cvae,1,0.01,phase_conditioned,R1,14,15,2,0.13333333333333333,1.0,21.266666666666666,0.014726779485854541
DS08a,cvae,1,0.01,phase_conditioned,R1,15,27,4,0.14814814814814814,1.0,3.4074074074074074,0.014726779485854541
DS08a,cvae,1,0.01,phase_conditioned,R1,all,122,10,0.08196721311475409,0.9590163934426229,6.918032786885246,0.014726779485854541
DS08a,cvae,1,0.01,phase_conditioned,R2,10,29,1,0.034482758620689655,1.0,4.827586206896552,0.021097326345120414
DS08a,cvae,1,0.01,phase_conditioned,R2,11,20,0,0.0,0.95,4.95,0.021097326345120414
DS08a,cvae,1,0.01,phase_conditioned,R2,12,17,2,0.11764705882352941,0.9411764705882353,10.411764705882353,0.021097326345120414
DS08a,cvae,1,0.01,phase_conditioned,R2,13,14,0,0.0,1.0,7.428571428571429,0.021097326345120414
DS08a,cvae,1,0.01,phase_conditioned,R2,14,15,2,0.13333333333333333,1.0,24.866666666666667,0.021097326345120414
DS08a,cvae,1,0.01,phase_conditioned,R2,15,27,3,0.1111111111111111,1.0,4.481481481481482,0.021097326345120414
DS08a,cvae,1,0.01,phase_conditioned,R2,all,122,8,0.06557377049180328,0.9836065573770492,8.311475409836065,0.021097326345120414
DS08a,cvae,1,0.01,quantile_regression_W,R0,10,29,0,0.0,1.0,23.03448275862069,0.022133333333333335
DS08a,cvae,1,0.01,quantile_regression_W,R0,11,20,0,0.0,1.0,39.4,0.022133333333333335
DS08a,cvae,1,0.01,quantile_regression_W,R0,12,17,0,0.0,1.0,44.8235294117647,0.022133333333333335
DS08a,cvae,1,0.01,quantile_regression_W,R0,13,14,0,0.0,1.0,53.142857142857146,0.022133333333333335
DS08a,cvae,1,0.01,quantile_regression_W,R0,14,15,2,0.13333333333333333,1.0,78.8,0.022133333333333335
DS08a,cvae,1,0.01,quantile_regression_W,R0,15,27,2,0.07407407407407407,1.0,22.962962962962962,0.022133333333333335
DS08a,cvae,1,0.01,quantile_regression_W,R0,all,122,4,0.03278688524590164,1.0,39.049180327868854,0.022133333333333335
DS08a,cvae,1,0.01,quantile_regression_W,R1,10,29,0,0.0,0.9310344827586207,3.6206896551724137,0.01164021164021164
DS08a,cvae,1,0.01,quantile_regression_W,R1,11,20,1,0.05,0.9,6.25,0.01164021164021164
DS08a,cvae,1,0.01,quantile_regression_W,R1,12,17,1,0.058823529411764705,0.9411764705882353,8.058823529411764,0.01164021164021164
DS08a,cvae,1,0.01,quantile_regression_W,R1,13,14,1,0.07142857142857142,0.9285714285714286,8.071428571428571,0.01164021164021164
DS08a,cvae,1,0.01,quantile_regression_W,R1,14,15,3,0.2,1.0,17.4,0.01164021164021164
DS08a,cvae,1,0.01,quantile_regression_W,R1,15,27,0,0.0,0.8888888888888888,3.2962962962962963,0.01164021164021164
DS08a,cvae,1,0.01,quantile_regression_W,R1,all,122,6,0.04918032786885246,0.9262295081967213,6.80327868852459,0.01164021164021164
DS08a,cvae,1,0.01,quantile_regression_W,R2,10,29,1,0.034482758620689655,1.0,4.896551724137931,0.017459917736926046
DS08a,cvae,1,0.01,quantile_regression_W,R2,11,20,0,0.0,1.0,8.05,0.017459917736926046
DS08a,cvae,1,0.01,quantile_regression_W,R2,12,17,1,0.058823529411764705,0.9411764705882353,9.0,0.017459917736926046
DS08a,cvae,1,0.01,quantile_regression_W,R2,13,14,0,0.0,0.9285714285714286,10.214285714285714,0.017459917736926046
DS08a,cvae,1,0.01,quantile_regression_W,R2,14,15,3,0.2,1.0,17.0,0.017459917736926046
DS08a,cvae,1,0.01,quantile_regression_W,R2,15,27,2,0.07407407407407407,1.0,4.666666666666667,0.017459917736926046
DS08a,cvae,1,0.01,quantile_regression_W,R2,all,122,7,0.05737704918032787,0.9836065573770492,8.032786885245901,0.017459917736926046
DS08a,cvae,1,0.02,pooled,R0,10,29,1,0.034482758620689655,1.0,39.51724137931034,0.05513169243017316
DS08a,cvae,1,0.02,pooled,R0,11,20,0,0.0,1.0,48.4,0.05513169243017316
DS08a,cvae,1,0.02,pooled,R0,12,17,1,0.058823529411764705,1.0,75.11764705882354,0.05513169243017316
DS08a,cvae,1,0.02,pooled,R0,13,14,0,0.0,1.0,77.14285714285714,0.05513169243017316
DS08a,cvae,1,0.02,pooled,R0,14,15,2,0.13333333333333333,1.0,115.73333333333333,0.05513169243017316
DS08a,cvae,1,0.02,pooled,R0,15,27,3,0.1111111111111111,1.0,36.0,0.05513169243017316
DS08a,cvae,1,0.02,pooled,R0,all,122,7,0.05737704918032787,1.0,58.84426229508197,0.05513169243017316
DS08a,cvae,1,0.02,pooled,R1,10,29,0,0.0,1.0,7.655172413793103,0.030536529680365295
DS08a,cvae,1,0.02,pooled,R1,11,20,0,0.0,1.0,9.2,0.030536529680365295
DS08a,cvae,1,0.02,pooled,R1,12,17,2,0.11764705882352941,1.0,15.176470588235293,0.030536529680365295
DS08a,cvae,1,0.02,pooled,R1,13,14,0,0.0,1.0,14.5,0.030536529680365295
DS08a,cvae,1,0.02,pooled,R1,14,15,2,0.13333333333333333,1.0,30.133333333333333,0.030536529680365295
DS08a,cvae,1,0.02,pooled,R1,15,27,2,0.07407407407407407,1.0,7.703703703703703,0.030536529680365295
DS08a,cvae,1,0.02,pooled,R1,all,122,6,0.04918032786885246,1.0,12.51639344262295,0.030536529680365295
DS08a,cvae,1,0.02,pooled,R2,10,29,0,0.0,1.0,8.89655172413793,0.047659817351598174
DS08a,cvae,1,0.02,pooled,R2,11,20,0,0.0,1.0,10.5,0.047659817351598174
DS08a,cvae,1,0.02,pooled,R2,12,17,2,0.11764705882352941,1.0,17.58823529411765,0.047659817351598174
DS08a,cvae,1,0.02,pooled,R2,13,14,0,0.0,1.0,17.214285714285715,0.047659817351598174
DS08a,cvae,1,0.02,pooled,R2,14,15,2,0.13333333333333333,1.0,28.4,0.047659817351598174
DS08a,cvae,1,0.02,pooled,R2,15,27,3,0.1111111111111111,1.0,9.518518518518519,0.047659817351598174
DS08a,cvae,1,0.02,pooled,R2,all,122,7,0.05737704918032787,1.0,13.860655737704919,0.047659817351598174
DS08a,cvae,1,0.02,phase_conditioned,R0,10,29,1,0.034482758620689655,1.0,39.241379310344826,0.047568499966828104
DS08a,cvae,1,0.02,phase_conditioned,R0,11,20,0,0.0,1.0,50.4,0.047568499966828104
DS08a,cvae,1,0.02,phase_conditioned,R0,12,17,2,0.11764705882352941,1.0,74.41176470588235,0.047568499966828104
DS08a,cvae,1,0.02,phase_conditioned,R0,13,14,0,0.0,1.0,78.14285714285714,0.047568499966828104
DS08a,cvae,1,0.02,phase_conditioned,R0,14,15,2,0.13333333333333333,1.0,122.66666666666667,0.047568499966828104
DS08a,cvae,1,0.02,phase_conditioned,R0,15,27,3,0.1111111111111111,1.0,36.666666666666664,0.047568499966828104
DS08a,cvae,1,0.02,phase_conditioned,R0,all,122,8,0.06557377049180328,1.0,60.122950819672134,0.047568499966828104
DS08a,cvae,1,0.02,phase_conditioned,R1,10,29,0,0.0,1.0,7.551724137931035,0.030536529680365295
DS08a,cvae,1,0.02,phase_conditioned,R1,11,20,0,0.0,1.0,9.6,0.030536529680365295
DS08a,cvae,1,0.02,phase_conditioned,R1,12,17,2,0.11764705882352941,1.0,15.823529411764707,0.030536529680365295
DS08a,cvae,1,0.02,phase_conditioned,R1,13,14,0,0.0,1.0,14.357142857142858,0.030536529680365295
DS08a,cvae,1,0.02,phase_conditioned,R1,14,15,2,0.13333333333333333,1.0,31.2,0.030536529680365295
DS08a,cvae,1,0.02,phase_conditioned,R1,15,27,3,0.1111111111111111,1.0,7.814814814814815,0.030536529680365295
DS08a,cvae,1,0.02,phase_conditioned,R1,all,122,7,0.05737704918032787,1.0,12.78688524590164,0.030536529680365295
DS08a,cvae,1,0.02,phase_conditioned,R2,10,29,1,0.034482758620689655,1.0,9.206896551724139,0.0452464671929941
DS08a,cvae,1,0.02,phase_conditioned,R2,11,20,0,0.0,1.0,10.65,0.0452464671929941
DS08a,cvae,1,0.02,phase_conditioned,R2,12,17,2,0.11764705882352941,1.0,18.235294117647058,0.0452464671929941
DS08a,cvae,1,0.02,phase_conditioned,R2,13,14,0,0.0,1.0,17.928571428571427,0.0452464671929941
DS08a,cvae,1,0.02,phase_conditioned,R2,14,15,2,0.13333333333333333,1.0,28.0,0.0452464671929941
DS08a,cvae,1,0.02,phase_conditioned,R2,15,27,3,0.1111111111111111,1.0,9.074074074074074,0.0452464671929941
DS08a,cvae,1,0.02,phase_conditioned,R2,all,122,8,0.06557377049180328,1.0,13.98360655737705,0.0452464671929941
DS08a,cvae,1,0.02,quantile_regression_W,R0,10,29,1,0.034482758620689655,1.0,37.10344827586207,0.04478236607142857
DS08a,cvae,1,0.02,quantile_regression_W,R0,11,20,0,0.0,1.0,71.75,0.04478236607142857
DS08a,cvae,1,0.02,quantile_regression_W,R0,12,17,0,0.0,1.0,75.11764705882354,0.04478236607142857
DS08a,cvae,1,0.02,quantile_regression_W,R0,13,14,0,0.0,1.0,85.57142857142857,0.04478236607142857
DS08a,cvae,1,0.02,quantile_regression_W,R0,14,15,1,0.06666666666666667,1.0,120.73333333333333,0.04478236607142857
DS08a,cvae,1,0.02,quantile_regression_W,R0,15,27,3,0.1111111111111111,1.0,38.77777777777778,0.04478236607142857
DS08a,cvae,1,0.02,quantile_regression_W,R0,all,122,5,0.040983606557377046,1.0,64.29508196721312,0.04478236607142857
DS08a,cvae,1,0.02,quantile_regression_W,R1,10,29,4,0.13793103448275862,1.0,6.620689655172414,0.026609442060085836
DS08a,cvae,1,0.02,quantile_regression_W,R1,11,20,0,0.0,1.0,11.8,0.026609442060085836
DS08a,cvae,1,0.02,quantile_regression_W,R1,12,17,0,0.0,1.0,12.470588235294118,0.026609442060085836
DS08a,cvae,1,0.02,quantile_regression_W,R1,13,14,0,0.0,1.0,16.857142857142858,0.026609442060085836
DS08a,cvae,1,0.02,quantile_regression_W,R1,14,15,1,0.06666666666666667,1.0,24.266666666666666,0.026609442060085836
DS08a,cvae,1,0.02,quantile_regression_W,R1,15,27,1,0.037037037037037035,1.0,6.037037037037037,0.026609442060085836
DS08a,cvae,1,0.02,quantile_regression_W,R1,all,122,6,0.04918032786885246,1.0,11.5,0.026609442060085836
DS08a,cvae,1,0.02,quantile_regression_W,R2,10,29,2,0.06896551724137931,1.0,8.689655172413794,0.03557477678571429
DS08a,cvae,1,0.02,quantile_regression_W,R2,11,20,0,0.0,1.0,13.85,0.03557477678571429
DS08a,cvae,1,0.02,quantile_regression_W,R2,12,17,0,0.0,1.0,15.764705882352942,0.03557477678571429
DS08a,cvae,1,0.02,quantile_regression_W,R2,13,14,0,0.0,1.0,19.0,0.03557477678571429
DS08a,cvae,1,0.02,quantile_regression_W,R2,14,15,2,0.13333333333333333,1.0,25.533333333333335,0.03557477678571429
DS08a,cvae,1,0.02,quantile_regression_W,R2,15,27,0,0.0,1.0,9.481481481481481,0.03557477678571429
DS08a,cvae,1,0.02,quantile_regression_W,R2,all,122,4,0.03278688524590164,1.0,13.950819672131148,0.03557477678571429
DS08a,cvae,2,0.005,pooled,R0,10,29,0,0.0,1.0,6.379310344827586,0.013303099017384731
DS08a,cvae,2,0.005,pooled,R0,11,20,2,0.1,1.0,20.75,0.013303099017384731
DS08a,cvae,2,0.005,pooled,R0,12,17,1,0.058823529411764705,1.0,37.23529411764706,0.013303099017384731
DS08a,cvae,2,0.005,pooled,R0,13,14,4,0.2857142857142857,1.0,104.21428571428571,0.013303099017384731
DS08a,cvae,2,0.005,pooled,R0,14,15,4,0.26666666666666666,1.0,85.4,0.013303099017384731
DS08a,cvae,2,0.005,pooled,R0,15,27,1,0.037037037037037035,1.0,8.62962962962963,0.013303099017384731
DS08a,cvae,2,0.005,pooled,R0,all,122,12,0.09836065573770492,1.0,34.47540983606557,0.013303099017384731
DS08a,cvae,2,0.005,pooled,R1,10,29,0,0.0,0.6206896551724138,1.0344827586206897,0.007224819379515512
DS08a,cvae,2,0.005,pooled,R1,11,20,3,0.15,0.95,5.05,0.007224819379515512
DS08a,cvae,2,0.005,pooled,R1,12,17,1,0.058823529411764705,1.0,5.705882352941177,0.007224819379515512
DS08a,cvae,2,0.005,pooled,R1,13,14,4,0.2857142857142857,1.0,20.214285714285715,0.007224819379515512
DS08a,cvae,2,0.005,pooled,R1,14,15,3,0.2,1.0,13.866666666666667,0.007224819379515512
DS08a,cvae,2,0.005,pooled,R1,15,27,0,0.0,0.7777777777777778,1.7037037037037037,0.007224819379515512
DS08a,cvae,2,0.005,pooled,R1,all,122,11,0.09016393442622951,0.8524590163934426,6.270491803278689,0.007224819379515512
DS08a,cvae,2,0.005,pooled,R2,10,29,0,0.0,0.6551724137931034,1.206896551724138,0.009163871586008624
DS08a,cvae,2,0.005,pooled,R2,11,20,2,0.1,1.0,5.4,0.009163871586008624
DS08a,cvae,2,0.005,pooled,R2,12,17,1,0.058823529411764705,1.0,7.470588235294118,0.009163871586008624
DS08a,cvae,2,0.005,pooled,R2,13,14,5,0.35714285714285715,1.0,22.714285714285715,0.009163871586008624
DS08a,cvae,2,0.005,pooled,R2,14,15,3,0.2,1.0,15.4,0.009163871586008624
DS08a,cvae,2,0.005,pooled,R2,15,27,1,0.037037037037037035,0.8148148148148148,2.2222222222222223,0.009163871586008624
DS08a,cvae,2,0.005,pooled,R2,all,122,12,0.09836065573770492,0.8770491803278688,7.204918032786885,0.009163871586008624
DS08a,cvae,2,0.005,phase_conditioned,R0,10,29,0,0.0,1.0,6.827586206896552,0.0126953125
DS08a,cvae,2,0.005,phase_conditioned,R0,11,20,2,0.1,1.0,21.85,0.0126953125
DS08a,cvae,2,0.005,phase_conditioned,R0,12,17,1,0.058823529411764705,1.0,34.64705882352941,0.0126953125
DS08a,cvae,2,0.005,phase_conditioned,R0,13,14,4,0.2857142857142857,1.0,98.57142857142857,0.0126953125
DS08a,cvae,2,0.005,phase_conditioned,R0,14,15,3,0.2,1.0,83.8,0.0126953125
DS08a,cvae,2,0.005,phase_conditioned,R0,15,27,0,0.0,1.0,7.703703703703703,0.0126953125
DS08a,cvae,2,0.005,phase_conditioned,R0,all,122,10,0.08196721311475409,1.0,33.35245901639344,0.0126953125
DS08a,cvae,2,0.005,phase_conditioned,R1,10,29,0,0.0,0.6206896551724138,1.103448275862069,0.007860922146636432
DS08a,cvae,2,0.005,phase_conditioned,R1,11,20,2,0.1,0.95,5.05,0.007860922146636432
DS08a,cvae,2,0.005,phase_conditioned,R1,12,17,1,0.058823529411764705,1.0,5.294117647058823,0.007860922146636432
DS08a,cvae,2,0.005,phase_conditioned,R1,13,14,5,0.35714285714285715,1.0,18.571428571428573,0.007860922146636432
DS08a,cvae,2,0.005,phase_conditioned,R1,14,15,3,0.2,1.0,14.533333333333333,0.007860922146636432
DS08a,cvae,2,0.005,phase_conditioned,R1,15,27,0,0.0,0.7407407407407407,1.6296296296296295,0.007860922146636432
DS08a,cvae,2,0.005,phase_conditioned,R1,all,122,11,0.09016393442622951,0.8442622950819673,6.10655737704918,0.007860922146636432
DS08a,cvae,2,0.005,phase_conditioned,R2,10,29,0,0.0,0.6206896551724138,1.5862068965517242,0.010728542914171657
DS08a,cvae,2,0.005,phase_conditioned,R2,11,20,2,0.1,1.0,6.0,0.010728542914171657
DS08a,cvae,2,0.005,phase_conditioned,R2,12,17,1,0.058823529411764705,1.0,6.470588235294118,0.010728542914171657
DS08a,cvae,2,0.005,phase_conditioned,R2,13,14,4,0.2857142857142857,1.0,20.785714285714285,0.010728542914171657
DS08a,cvae,2,0.005,phase_conditioned,R2,14,15,3,0.2,1.0,15.4,0.010728542914171657
DS08a,cvae,2,0.005,phase_conditioned,R2,15,27,0,0.0,0.7777777777777778,1.8518518518518519,0.010728542914171657
DS08a,cvae,2,0.005,phase_conditioned,R2,all,122,10,0.08196721311475409,0.860655737704918,6.950819672131147,0.010728542914171657
DS08a,cvae,2,0.005,quantile_regression_W,R0,10,29,0,0.0,1.0,9.586206896551724,0.012112197195070123
DS08a,cvae,2,0.005,quantile_regression_W,R0,11,20,0,0.0,1.0,20.85,0.012112197195070123
DS08a,cvae,2,0.005,quantile_regression_W,R0,12,17,3,0.17647058823529413,1.0,52.0,0.012112197195070123
DS08a,cvae,2,0.005,quantile_regression_W,R0,13,14,7,0.5,1.0,122.42857142857143,0.012112197195070123
DS08a,cvae,2,0.005,quantile_regression_W,R0,14,15,4,0.26666666666666666,1.0,113.06666666666666,0.012112197195070123
DS08a,cvae,2,0.005,quantile_regression_W,R0,15,27,1,0.037037037037037035,1.0,11.0,0.012112197195070123
DS08a,cvae,2,0.005,quantile_regression_W,R0,all,122,15,0.12295081967213115,1.0,43.32786885245902,0.012112197195070123
DS08a,cvae,2,0.005,quantile_regression_W,R1,10,29,0,0.0,0.5172413793103449,1.4482758620689655,0.006069661032776169
DS08a,cvae,2,0.005,quantile_regression_W,R1,11,20,1,0.05,1.0,4.45,0.006069661032776169
DS08a,cvae,2,0.005,quantile_regression_W,R1,12,17,1,0.058823529411764705,0.9411764705882353,8.823529411764707,0.006069661032776169
DS08a,cvae,2,0.005,quantile_regression_W,R1,13,14,5,0.35714285714285715,0.9285714285714286,25.0,0.006069661032776169
DS08a,cvae,2,0.005,quantile_regression_W,R1,14,15,3,0.2,1.0,21.133333333333333,0.006069661032776169
DS08a,cvae,2,0.005,quantile_regression_W,R1,15,27,0,0.0,0.7777777777777778,1.8888888888888888,0.006069661032776169
DS08a,cvae,2,0.005,quantile_regression_W,R1,all,122,10,0.08196721311475409,0.819672131147541,8.188524590163935,0.006069661032776169
DS08a,cvae,2,0.005,quantile_regression_W,R2,10,29,0,0.0,0.7586206896551724,2.5517241379310347,0.008798283261802575
DS08a,cvae,2,0.005,quantile_regression_W,R2,11,20,1,0.05,1.0,5.25,0.008798283261802575
DS08a,cvae,2,0.005,quantile_regression_W,R2,12,17,3,0.17647058823529413,1.0,11.352941176470589,0.008798283261802575
DS08a,cvae,2,0.005,quantile_regression_W,R2,13,14,7,0.5,0.9285714285714286,28.571428571428573,0.008798283261802575
DS08a,cvae,2,0.005,quantile_regression_W,R2,14,15,3,0.2,1.0,23.8,0.008798283261802575
DS08a,cvae,2,0.005,quantile_regression_W,R2,15,27,0,0.0,0.8888888888888888,2.5555555555555554,0.008798283261802575
DS08a,cvae,2,0.005,quantile_regression_W,R2,all,122,14,0.11475409836065574,0.9098360655737705,9.819672131147541,0.008798283261802575
DS08a,cvae,2,0.01,pooled,R0,10,29,1,0.034482758620689655,1.0,14.068965517241379,0.025809151785714284
DS08a,cvae,2,0.01,pooled,R0,11,20,2,0.1,1.0,37.5,0.025809151785714284
DS08a,cvae,2,0.01,pooled,R0,12,17,4,0.23529411764705882,1.0,114.76470588235294,0.025809151785714284
DS08a,cvae,2,0.01,pooled,R0,13,14,8,0.5714285714285714,1.0,227.57142857142858,0.025809151785714284
DS08a,cvae,2,0.01,pooled,R0,14,15,6,0.4,1.0,203.2,0.025809151785714284
DS08a,cvae,2,0.01,pooled,R0,15,27,3,0.1111111111111111,1.0,13.962962962962964,0.025809151785714284
DS08a,cvae,2,0.01,pooled,R0,all,122,24,0.19672131147540983,1.0,79.67213114754098,0.025809151785714284
DS08a,cvae,2,0.01,pooled,R1,10,29,1,0.034482758620689655,0.9310344827586207,2.7586206896551726,0.016784979765142972
DS08a,cvae,2,0.01,pooled,R1,11,20,2,0.1,1.0,9.0,0.016784979765142972
DS08a,cvae,2,0.01,pooled,R1,12,17,2,0.11764705882352941,1.0,20.764705882352942,0.016784979765142972
DS08a,cvae,2,0.01,pooled,R1,13,14,7,0.5,1.0,53.07142857142857,0.016784979765142972
DS08a,cvae,2,0.01,pooled,R1,14,15,4,0.26666666666666666,1.0,35.93333333333333,0.016784979765142972
DS08a,cvae,2,0.01,pooled,R1,15,27,3,0.1111111111111111,0.8888888888888888,3.4444444444444446,0.016784979765142972
DS08a,cvae,2,0.01,pooled,R1,all,122,19,0.1557377049180328,0.9590163934426229,16.295081967213115,0.016784979765142972
DS08a,cvae,2,0.01,pooled,R2,10,29,1,0.034482758620689655,0.9655172413793104,3.7586206896551726,0.022158827041730247
DS08a,cvae,2,0.01,pooled,R2,11,20,2,0.1,1.0,10.1,0.022158827041730247
DS08a,cvae,2,0.01,pooled,R2,12,17,3,0.17647058823529413,1.0,26.823529411764707,0.022158827041730247
DS08a,cvae,2,0.01,pooled,R2,13,14,8,0.5714285714285714,1.0,57.57142857142857,0.022158827041730247
DS08a,cvae,2,0.01,pooled,R2,14,15,5,0.3333333333333333,1.0,45.733333333333334,0.022158827041730247
DS08a,cvae,2,0.01,pooled,R2,15,27,3,0.1111111111111111,0.9629629629629629,3.8518518518518516,0.022158827041730247
DS08a,cvae,2,0.01,pooled,R2,all,122,22,0.18032786885245902,0.9836065573770492,19.368852459016395,0.022158827041730247
DS08a,cvae,2,0.01,phase_conditioned,R0,10,29,0,0.0,1.0,13.03448275862069,0.027483258928571428
DS08a,cvae,2,0.01,phase_conditioned,R0,11,20,2,0.1,1.0,36.65,0.027483258928571428
DS08a,cvae,2,0.01,phase_conditioned,R0,12,17,3,0.17647058823529413,1.0,105.47058823529412,0.027483258928571428
DS08a,cvae,2,0.01,phase_conditioned,R0,13,14,7,0.5,1.0,216.42857142857142,0.027483258928571428
DS08a,cvae,2,0.01,phase_conditioned,R0,14,15,6,0.4,1.0,195.4,0.027483258928571428
DS08a,cvae,2,0.01,phase_conditioned,R0,15,27,3,0.1111111111111111,1.0,13.518518518518519,0.027483258928571428
DS08a,cvae,2,0.01,phase_conditioned,R0,all,122,21,0.1721311475409836,1.0,75.65573770491804,0.027483258928571428
DS08a,cvae,2,0.01,phase_conditioned,R1,10,29,1,0.034482758620689655,0.9310344827586207,2.8275862068965516,0.017530741110003325
DS08a,cvae,2,0.01,phase_conditioned,R1,11,20,2,0.1,1.0,8.95,0.017530741110003325
DS08a,cvae,2,0.01,phase_conditioned,R1,12,17,2,0.11764705882352941,1.0,19.058823529411764,0.017530741110003325
DS08a,cvae,2,0.01,phase_conditioned,R1,13,14,5,0.35714285714285715,1.0,51.285714285714285,0.017530741110003325
DS08a,cvae,2,0.01,phase_conditioned,R1,14,15,3,0.2,1.0,33.266666666666666,0.017530741110003325
DS08a,cvae,2,0.01,phase_conditioned,R1,15,27,3,0.1111111111111111,0.8888888888888888,3.2962962962962963,0.017530741110003325
DS08a,cvae,2,0.01,phase_conditioned,R1,all,122,16,0.13114754098360656,0.9590163934426229,15.5,0.017530741110003325
DS08a,cvae,2,0.01,phase_conditioned,R2,10,29,1,0.034482758620689655,0.9310344827586207,3.413793103448276,0.020831951170967956
DS08a,cvae,2,0.01,phase_conditioned,R2,11,20,2,0.1,1.0,9.35,0.020831951170967956
DS08a,cvae,2,0.01,phase_conditioned,R2,12,17,3,0.17647058823529413,1.0,23.58823529411765,0.020831951170967956
DS08a,cvae,2,0.01,phase_conditioned,R2,13,14,7,0.5,1.0,55.214285714285715,0.020831951170967956
DS08a,cvae,2,0.01,phase_conditioned,R2,14,15,6,0.4,1.0,43.8,0.020831951170967956
DS08a,cvae,2,0.01,phase_conditioned,R2,15,27,3,0.1111111111111111,0.8888888888888888,3.6296296296296298,0.020831951170967956
DS08a,cvae,2,0.01,phase_conditioned,R2,all,122,22,0.18032786885245902,0.9590163934426229,18.15573770491803,0.020831951170967956
DS08a,cvae,2,0.01,quantile_regression_W,R0,10,29,0,0.0,1.0,15.827586206896552,0.024257990867579907
DS08a,cvae,2,0.01,quantile_regression_W,R0,11,20,0,0.0,1.0,39.25,0.024257990867579907
DS08a,cvae,2,0.01,quantile_regression_W,R0,12,17,3,0.17647058823529413,1.0,99.82352941176471,0.024257990867579907
DS08a,cvae,2,0.01,quantile_regression_W,R0,13,14,8,0.5714285714285714,1.0,204.42857142857142,0.024257990867579907
DS08a,cvae,2,0.01,quantile_regression_W,R0,14,15,5,0.3333333333333333,1.0,173.86666666666667,0.024257990867579907
DS08a,cvae,2,0.01,quantile_regression_W,R0,15,27,2,0.07407407407407407,1.0,17.037037037037038,0.024257990867579907
DS08a,cvae,2,0.01,quantile_regression_W,R0,all,122,18,0.14754098360655737,1.0,72.71311475409836,0.024257990867579907
DS08a,cvae,2,0.01,quantile_regression_W,R1,10,29,2,0.06896551724137931,0.896551724137931,3.8275862068965516,0.01351931330472103
DS08a,cvae,2,0.01,quantile_regression_W,R1,11,20,0,0.0,1.0,7.6,0.01351931330472103
DS08a,cvae,2,0.01,quantile_regression_W,R1,12,17,2,0.11764705882352941,1.0,18.0,0.01351931330472103
DS08a,cvae,2,0.01,quantile_regression_W,R1,13,14,7,0.5,1.0,46.642857142857146,0.01351931330472103
DS08a,cvae,2,0.01,quantile_regression_W,R1,14,15,3,0.2,1.0,33.266666666666666,0.01351931330472103
DS08a,cvae,2,0.01,quantile_regression_W,R1,15,27,2,0.07407407407407407,0.8888888888888888,4.481481481481482,0.01351931330472103
DS08a,cvae,2,0.01,quantile_regression_W,R1,all,122,16,0.13114754098360656,0.9508196721311475,15.098360655737705,0.01351931330472103
DS08a,cvae,2,0.01,quantile_regression_W,R2,10,29,4,0.13793103448275862,1.0,4.896551724137931,0.019691780821917807
DS08a,cvae,2,0.01,quantile_regression_W,R2,11,20,0,0.0,1.0,9.55,0.019691780821917807
DS08a,cvae,2,0.01,quantile_regression_W,R2,12,17,3,0.17647058823529413,1.0,24.294117647058822,0.019691780821917807
DS08a,cvae,2,0.01,quantile_regression_W,R2,13,14,7,0.5,1.0,52.285714285714285,0.019691780821917807
DS08a,cvae,2,0.01,quantile_regression_W,R2,14,15,4,0.26666666666666666,1.0,40.666666666666664,0.019691780821917807
DS08a,cvae,2,0.01,quantile_regression_W,R2,15,27,4,0.14814814814814814,1.0,5.296296296296297,0.019691780821917807
DS08a,cvae,2,0.01,quantile_regression_W,R2,all,122,22,0.18032786885245902,1.0,18.28688524590164,0.019691780821917807
DS08a,cvae,2,0.02,pooled,R0,10,29,0,0.0,1.0,19.620689655172413,0.043949771689497714
DS08a,cvae,2,0.02,pooled,R0,11,20,2,0.1,1.0,77.25,0.043949771689497714
DS08a,cvae,2,0.02,pooled,R0,12,17,8,0.47058823529411764,1.0,264.47058823529414,0.043949771689497714
DS08a,cvae,2,0.02,pooled,R0,13,14,12,0.8571428571428571,1.0,427.64285714285717,0.043949771689497714
DS08a,cvae,2,0.02,pooled,R0,14,15,7,0.4666666666666667,1.0,373.6,0.043949771689497714
DS08a,cvae,2,0.02,pooled,R0,15,27,2,0.07407407407407407,1.0,22.85185185185185,0.043949771689497714
DS08a,cvae,2,0.02,pooled,R0,all,122,31,0.2540983606557377,1.0,154.24590163934425,0.043949771689497714
DS08a,cvae,2,0.02,pooled,R1,10,29,0,0.0,1.0,6.103448275862069,0.025684931506849314
DS08a,cvae,2,0.02,pooled,R1,11,20,2,0.1,1.0,16.0,0.025684931506849314
DS08a,cvae,2,0.02,pooled,R1,12,17,7,0.4117647058823529,1.0,64.41176470588235,0.025684931506849314
DS08a,cvae,2,0.02,pooled,R1,13,14,11,0.7857142857142857,1.0,115.28571428571429,0.025684931506849314
DS08a,cvae,2,0.02,pooled,R1,14,15,7,0.4666666666666667,1.0,89.06666666666666,0.025684931506849314
DS08a,cvae,2,0.02,pooled,R1,15,27,0,0.0,1.0,6.222222222222222,0.025684931506849314
DS08a,cvae,2,0.02,pooled,R1,all,122,27,0.22131147540983606,1.0,38.60655737704918,0.025684931506849314
DS08a,cvae,2,0.02,pooled,R2,10,29,0,0.0,1.0,7.310344827586207,0.03824200913242009
DS08a,cvae,2,0.02,pooled,R2,11,20,2,0.1,1.0,17.25,0.03824200913242009
DS08a,cvae,2,0.02,pooled,R2,12,17,8,0.47058823529411764,1.0,68.23529411764706,0.03824200913242009
DS08a,cvae,2,0.02,pooled,R2,13,14,11,0.7857142857142857,1.0,119.14285714285714,0.03824200913242009
DS08a,cvae,2,0.02,pooled,R2,14,15,7,0.4666666666666667,1.0,95.26666666666667,0.03824200913242009
DS08a,cvae,2,0.02,pooled,R2,15,27,0,0.0,1.0,7.37037037037037,0.03824200913242009
DS08a,cvae,2,0.02,pooled,R2,all,122,28,0.22950819672131148,1.0,41.09016393442623,0.03824200913242009
DS08a,cvae,2,0.02,phase_conditioned,R0,10,29,0,0.0,1.0,20.75862068965517,0.043949771689497714
DS08a,cvae,2,0.02,phase_conditioned,R0,11,20,2,0.1,1.0,72.65,0.043949771689497714
DS08a,cvae,2,0.02,phase_conditioned,R0,12,17,7,0.4117647058823529,1.0,244.58823529411765,0.043949771689497714
DS08a,cvae,2,0.02,phase_conditioned,R0,13,14,10,0.7142857142857143,1.0,400.2857142857143,0.043949771689497714
DS08a,cvae,2,0.02,phase_conditioned,R0,14,15,7,0.4666666666666667,1.0,367.2,0.043949771689497714
DS08a,cvae,2,0.02,phase_conditioned,R0,15,27,2,0.07407407407407407,1.0,23.40740740740741,0.043949771689497714
DS08a,cvae,2,0.02,phase_conditioned,R0,all,122,28,0.22950819672131148,1.0,147.18852459016392,0.043949771689497714
DS08a,cvae,2,0.02,phase_conditioned,R1,10,29,1,0.034482758620689655,1.0,5.793103448275862,0.025311526479750778
DS08a,cvae,2,0.02,phase_conditioned,R1,11,20,2,0.1,1.0,16.35,0.025311526479750778
DS08a,cvae,2,0.02,phase_conditioned,R1,12,17,6,0.35294117647058826,1.0,55.588235294117645,0.025311526479750778
DS08a,cvae,2,0.02,phase_conditioned,R1,13,14,10,0.7142857142857143,1.0,103.85714285714286,0.025311526479750778
DS08a,cvae,2,0.02,phase_conditioned,R1,14,15,7,0.4666666666666667,1.0,86.0,0.025311526479750778
DS08a,cvae,2,0.02,phase_conditioned,R1,15,27,3,0.1111111111111111,1.0,6.222222222222222,0.025311526479750778
DS08a,cvae,2,0.02,phase_conditioned,R1,all,122,29,0.23770491803278687,1.0,35.67213114754098,0.025311526479750778
DS08a,cvae,2,0.02,phase_conditioned,R2,10,29,1,0.034482758620689655,1.0,7.0,0.03699376947040498
DS08a,cvae,2,0.02,phase_conditioned,R2,11,20,2,0.1,1.0,17.0,0.03699376947040498
DS08a,cvae,2,0.02,phase_conditioned,R2,12,17,6,0.35294117647058826,1.0,60.705882352941174,0.03699376947040498
DS08a,cvae,2,0.02,phase_conditioned,R2,13,14,10,0.7142857142857143,1.0,106.92857142857143,0.03699376947040498
DS08a,cvae,2,0.02,phase_conditioned,R2,14,15,7,0.4666666666666667,1.0,93.0,0.03699376947040498
DS08a,cvae,2,0.02,phase_conditioned,R2,15,27,3,0.1111111111111111,1.0,7.777777777777778,0.03699376947040498
DS08a,cvae,2,0.02,phase_conditioned,R2,all,122,29,0.23770491803278687,1.0,38.33606557377049,0.03699376947040498
DS08a,cvae,2,0.02,quantile_regression_W,R0,10,29,0,0.0,1.0,23.724137931034484,0.04236565254478249
DS08a,cvae,2,0.02,quantile_regression_W,R0,11,20,1,0.05,1.0,91.1,0.04236565254478249
DS08a,cvae,2,0.02,quantile_regression_W,R0,12,17,5,0.29411764705882354,1.0,180.2941176470588,0.04236565254478249
DS08a,cvae,2,0.02,quantile_regression_W,R0,13,14,10,0.7142857142857143,1.0,328.92857142857144,0.04236565254478249
DS08a,cvae,2,0.02,quantile_regression_W,R0,14,15,6,0.4,1.0,278.6,0.04236565254478249
DS08a,cvae,2,0.02,quantile_regression_W,R0,15,27,2,0.07407407407407407,1.0,27.666666666666668,0.04236565254478249
DS08a,cvae,2,0.02,quantile_regression_W,R0,all,122,24,0.19672131147540983,1.0,123.81967213114754,0.04236565254478249
DS08a,cvae,2,0.02,quantile_regression_W,R1,10,29,4,0.13793103448275862,1.0,7.068965517241379,0.02287772585669782
DS08a,cvae,2,0.02,quantile_regression_W,R1,11,20,0,0.0,1.0,17.65,0.02287772585669782
DS08a,cvae,2,0.02,quantile_regression_W,R1,12,17,4,0.23529411764705882,1.0,39.94117647058823,0.02287772585669782
DS08a,cvae,2,0.02,quantile_regression_W,R1,13,14,8,0.5714285714285714,1.0,81.42857142857143,0.02287772585669782
DS08a,cvae,2,0.02,quantile_regression_W,R1,14,15,4,0.26666666666666666,1.0,64.06666666666666,0.02287772585669782
DS08a,cvae,2,0.02,quantile_regression_W,R1,15,27,2,0.07407407407407407,1.0,8.333333333333334,0.02287772585669782
DS08a,cvae,2,0.02,quantile_regression_W,R1,all,122,22,0.18032786885245902,1.0,29.204918032786885,0.02287772585669782
DS08a,cvae,2,0.02,quantile_regression_W,R2,10,29,0,0.0,1.0,8.344827586206897,0.03670171339563863
DS08a,cvae,2,0.02,quantile_regression_W,R2,11,20,0,0.0,1.0,21.6,0.03670171339563863
DS08a,cvae,2,0.02,quantile_regression_W,R2,12,17,5,0.29411764705882354,1.0,46.64705882352941,0.03670171339563863
DS08a,cvae,2,0.02,quantile_regression_W,R2,13,14,8,0.5714285714285714,1.0,86.0,0.03670171339563863
DS08a,cvae,2,0.02,quantile_regression_W,R2,14,15,6,0.4,1.0,71.2,0.03670171339563863
DS08a,cvae,2,0.02,quantile_regression_W,R2,15,27,2,0.07407407407407407,1.0,9.592592592592593,0.03670171339563863
DS08a,cvae,2,0.02,quantile_regression_W,R2,all,122,21,0.1721311475409836,1.0,32.77049180327869,0.03670171339563863
