seed,stage,epoch,train_loss,validation_loss,best_epoch,epochs_run,max_epochs,patience,min_delta,fit_units,validation_units
0,engine_disjoint_epoch_selection,1,0.8940040046878539,0.9329305136295444,170,170,600,6.0,0.0001,"1,2,3,5,6,7",9
0,engine_disjoint_epoch_selection,2,0.7755510473640186,0.8039085656661472,170,170,600,6.0,0.0001,"1,2,3,5,6,7",9
0,engine_disjoint_epoch_selection,3,0.6522671223982912,0.6746010283605949,170,170,600,6.0,0.0001,"1,2,3,5,6,7",9
0,engine_disjoint_epoch_selection,4,0.5506167334323562,0.5819426202962961,170,170,600,6.0,0.0001,"1,2,3,5,6,7",9
0,engine_disjoint_epoch_selection,5,0.4769886953526125,0.5085128183215961,170,170,600,6.0,0.0001,"1,2,3,5,6,7",9
0,engine_disjoint_epoch_selection,6,0.4208361220986272,0.44841294654236336,170,170,600,6.0,0.0001,"1,2,3,5,6,7",9
0,engine_disjoint_epoch_selection,7,0.37508179374563483,0.3946811708918376,170,170,600,6.0,0.0001,"1,2,3,5,6,7",9
0,engine_disjoint_epoch_selection,8,0.33623179231515216,0.3510894099750932,170,170,600,6.0,0.0001,"1,2,3,5,6,7",9
0,engine_disjoint_epoch_selection,9,0.3025243991309154,0.312314305764427,170,170,600,6.0,0.0001,"1,2,3,5,6,7",9
0,engine_disjoint_epoch_selection,10,0.2729407750310872,0.27812193757419235,170,170,600,6.0,0.0001,"1,2,3,5,6,7",9
0,engine_disjoint_epoch_selection,11,0.24759095473362938,0.24904464547435767,170,170,600,6.0,0.0001,"1,2,3,5,6,7",9
0,engine_disjoint_epoch_selection,12,0.2270436869039164,0.2260101716631194,170,170,600,6.0,0.0001,"1,2,3,5,6,7",9
0,engine_disjoint_epoch_selection,13,0.21040353224883085,0.20694359108385466,170,170,600,6.0,0.0001,"1,2,3,5,6,7",9
0,engine_disjoint_epoch_selection,14,0.19647111861016664,0.19267754075800003,170,170,600,6.0,0.0001,"1,2,3,5,6,7",9
0,engine_disjoint_epoch_selection,15,0.1848478201471834,0.1799648536498995,170,170,600,6.0,0.0001,"1,2,3,5,6,7",9
0,engine_disjoint_epoch_selection,16,0.1746102598346421,0.16770683649508056,170,170,600,6.0,0.0001,"1,2,3,5,6,7",9
0,engine_disjoint_epoch_selection,17,0.16568107040437532,0.15798657892245396,170,170,600,6.0,0.0001,"1,2,3,5,6,7",9
0,engine_disjoint_epoch_selection,18,0.15776343499739268,0.14919206507693247,170,170,600,6.0,0.0001,"1,2,3,5,6,7",9
0,engine_disjoint_epoch_selection,19,0.1507647010575101,0.1403468444724651,170,170,600,6.0,0.0001,"1,2,3,5,6,7",9
0,engine_disjoint_epoch_selection,20,0.1445075779082155,0.13344921395651418,170,170,600,6.0,0.0001,"1,2,3,5,6,7",9
0,engine_disjoint_epoch_selection,21,0.1389550907523277,0.127680963193084,170,170,600,6.0,0.0001,"1,2,3,5,6,7",9
0,engine_disjoint_epoch_selection,22,0.13402126430925088,0.12203378528460732,170,170,600,6.0,0.0001,"1,2,3,5,6,7",9
0,engine_disjoint_epoch_selection,23,0.12965780273732444,0.11683149477785991,170,170,600,6.0,0.0001,"1,2,3,5,6,7",9
0,engine_disjoint_epoch_selection,24,0.12575879363414566,0.11287687786585021,170,170,600,6.0,0.0001,"1,2,3,5,6,7",9
0,engine_disjoint_epoch_selection,25,0.12214862796987375,0.10841246413562271,170,170,600,6.0,0.0001,"1,2,3,5,6,7",9
0,engine_disjoint_epoch_selection,26,0.11886445382180728,0.10442008607678134,170,170,600,6.0,0.0001,"1,2,3,5,6,7",9
0,engine_disjoint_epoch_selection,27,0.11592472529202492,0.1014106339770468,170,170,600,6.0,0.0001,"1,2,3,5,6,7",9
0,engine_disjoint_epoch_selection,28,0.11308725830004389,0.09721532398046966,170,170,600,6.0,0.0001,"1,2,3,5,6,7",9
0,engine_disjoint_epoch_selection,29,0.11041622732168813,0.09481923537386572,170,170,600,6.0,0.0001,"1,2,3,5,6,7",9
0,engine_disjoint_epoch_selection,30,0.10796469870163788,0.09147869493266247,170,170,600,6.0,0.0001,"1,2,3,5,6,7",9
0,engine_disjoint_epoch_selection,31,0.1056592659588776,0.08847603123384154,170,170,600,6.0,0.0001,"1,2,3,5,6,7",9
0,engine_disjoint_epoch_selection,32,0.10347578946790174,0.08592942432767166,170,170,600,6.0,0.0001,"1,2,3,5,6,7",9
0,engine_disjoint_epoch_selection,33,0.10128687769579621,0.08338650499182519,170,170,600,6.0,0.0001,"1,2,3,5,6,7",9
0,engine_disjoint_epoch_selection,34,0.09928452247797057,0.08058218065882806,170,170,600,6.0,0.0001,"1,2,3,5,6,7",9
0,engine_disjoint_epoch_selection,35,0.09726663172983108,0.07859457136450657,170,170,600,6.0,0.0001,"1,2,3,5,6,7",9
0,engine_disjoint_epoch_selection,36,0.09526941846123421,0.07529121422039771,170,170,600,6.0,0.0001,"1,2,3,5,6,7",9
0,engine_disjoint_epoch_selection,37,0.09333851571458951,0.07267301973277554,170,170,600,6.0,0.0001,"1,2,3,5,6,7",9
0,engine_disjoint_epoch_selection,38,0.09142736252324166,0.06952857926741426,170,170,600,6.0,0.0001,"1,2,3,5,6,7",9
0,engine_disjoint_epoch_selection,39,0.08956948766820706,0.06678354676245976,170,170,600,6.0,0.0001,"1,2,3,5,6,7",9
0,engine_disjoint_epoch_selection,40,0.08787619701075576,0.06483383907690606,170,170,600,6.0,0.0001,"1,2,3,5,6,7",9
0,engine_disjoint_epoch_selection,41,0.086241793826929,0.06228524170064115,170,170,600,6.0,0.0001,"1,2,3,5,6,7",9
0,engine_disjoint_epoch_selection,42,0.08474529615452339,0.060040436822255155,170,170,600,6.0,0.0001,"1,2,3,5,6,7",9
0,engine_disjoint_epoch_selection,43,0.08321919235280185,0.05801110410990345,170,170,600,6.0,0.0001,"1,2,3,5,6,7",9
0,engine_disjoint_epoch_selection,44,0.08186230326807777,0.05637803141038975,170,170,600,6.0,0.0001,"1,2,3,5,6,7",9
0,engine_disjoint_epoch_selection,45,0.08061297850751402,0.05453685546249144,170,170,600,6.0,0.0001,"1,2,3,5,6,7",9
0,engine_disjoint_epoch_selection,46,0.07938882637081532,0.05322670386515973,170,170,600,6.0,0.0001,"1,2,3,5,6,7",9
0,engine_disjoint_epoch_selection,47,0.07827960181113854,0.05174247370097388,170,170,600,6.0,0.0001,"1,2,3,5,6,7",9
0,engine_disjoint_epoch_selection,48,0.07721088009635259,0.05078114687604689,170,170,600,6.0,0.0001,"1,2,3,5,6,7",9
0,engine_disjoint_epoch_selection,49,0.07621984144813955,0.04931903591080441,170,170,600,6.0,0.0001,"1,2,3,5,6,7",9
0,engine_disjoint_epoch_selection,50,0.0752909366258571,0.0477846057174423,170,170,600,6.0,0.0001,"1,2,3,5,6,7",9
0,engine_disjoint_epoch_selection,51,0.07426616613399006,0.04690895267256321,170,170,600,6.0,0.0001,"1,2,3,5,6,7",9
0,engine_disjoint_epoch_selection,52,0.07341284122541929,0.04597947159115737,170,170,600,6.0,0.0001,"1,2,3,5,6,7",9
0,engine_disjoint_epoch_selection,53,0.07258612224609964,0.045026159986586205,170,170,600,6.0,0.0001,"1,2,3,5,6,7",9
0,engine_disjoint_epoch_selection,54,0.07174728218431164,0.04412952477324678,170,170,600,6.0,0.0001,"1,2,3,5,6,7",9
0,engine_disjoint_epoch_selection,55,0.0709224718209661,0.04321341424576193,170,170,600,6.0,0.0001,"1,2,3,5,6,7",9
0,engine_disjoint_epoch_selection,56,0.07015895849266501,0.0422572960694668,170,170,600,6.0,0.0001,"1,2,3,5,6,7",9
0,engine_disjoint_epoch_selection,57,0.06940908302392386,0.04129891538920032,170,170,600,6.0,0.0001,"1,2,3,5,6,7",9
0,engine_disjoint_epoch_selection,58,0.06868267341597639,0.04074289148099993,170,170,600,6.0,0.0001,"1,2,3,5,6,7",9
0,engine_disjoint_epoch_selection,59,0.06799943509760022,0.03980166138093584,170,170,600,6.0,0.0001,"1,2,3,5,6,7",9
0,engine_disjoint_epoch_selection,60,0.0672923639079157,0.03921571196834126,170,170,600,6.0,0.0001,"1,2,3,5,6,7",9
0,engine_disjoint_epoch_selection,61,0.06667310299379377,0.03874837465981897,170,170,600,6.0,0.0001,"1,2,3,5,6,7",9
0,engine_disjoint_epoch_selection,62,0.06607915912283688,0.037763608471548825,170,170,600,6.0,0.0001,"1,2,3,5,6,7",9
0,engine_disjoint_epoch_selection,63,0.0653789002381938,0.03726661858150826,170,170,600,6.0,0.0001,"1,2,3,5,6,7",9
0,engine_disjoint_epoch_selection,64,0.06472795371813415,0.03677295310545623,170,170,600,6.0,0.0001,"1,2,3,5,6,7",9
0,engine_disjoint_epoch_selection,65,0.06419775688334989,0.03661166768728562,170,170,600,6.0,0.0001,"1,2,3,5,6,7",9
0,engine_disjoint_epoch_selection,66,0.0636438153726894,0.035859614923210915,170,170,600,6.0,0.0001,"1,2,3,5,6,7",9
0,engine_disjoint_epoch_selection,67,0.06306501358018402,0.03549552247174773,170,170,600,6.0,0.0001,"1,2,3,5,6,7",9
0,engine_disjoint_epoch_selection,68,0.0625094096633971,0.034682833712241554,170,170,600,6.0,0.0001,"1,2,3,5,6,7",9
0,engine_disjoint_epoch_selection,69,0.0619305068292275,0.034249832235108274,170,170,600,6.0,0.0001,"1,2,3,5,6,7",9
0,engine_disjoint_epoch_selection,70,0.0613493389105444,0.03353459650029449,170,170,600,6.0,0.0001,"1,2,3,5,6,7",9
0,engine_disjoint_epoch_selection,71,0.060788328861477364,0.03293175031688213,170,170,600,6.0,0.0001,"1,2,3,5,6,7",9
0,engine_disjoint_epoch_selection,72,0.06028398463676358,0.03275018015043409,170,170,600,6.0,0.0001,"1,2,3,5,6,7",9
0,engine_disjoint_epoch_selection,73,0.05981017262220599,0.032304362410627806,170,170,600,6.0,0.0001,"1,2,3,5,6,7",9
0,engine_disjoint_epoch_selection,74,0.05929706519336291,0.03153082874931953,170,170,600,6.0,0.0001,"1,2,3,5,6,7",9
0,engine_disjoint_epoch_selection,75,0.05876039120770048,0.03126321142299335,170,170,600,6.0,0.0001,"1,2,3,5,6,7",9
0,engine_disjoint_epoch_selection,76,0.058267013632757936,0.030534547793784637,170,170,600,6.0,0.0001,"1,2,3,5,6,7",9
0,engine_disjoint_epoch_selection,77,0.05779807443022548,0.030507259506691423,170,170,600,6.0,0.0001,"1,2,3,5,6,7",9
0,engine_disjoint_epoch_selection,78,0.05726247618688769,0.030061052829561966,170,170,600,6.0,0.0001,"1,2,3,5,6,7",9
0,engine_disjoint_epoch_selection,79,0.05676476753071261,0.02946066606353141,170,170,600,6.0,0.0001,"1,2,3,5,6,7",9
0,engine_disjoint_epoch_selection,80,0.05616337854816848,0.02870140884673226,170,170,600,6.0,0.0001,"1,2,3,5,6,7",9
0,engine_disjoint_epoch_selection,81,0.055699189110343744,0.02831080020432482,170,170,600,6.0,0.0001,"1,2,3,5,6,7",9
0,engine_disjoint_epoch_selection,82,0.0552115983885244,0.027653143195332526,170,170,600,6.0,0.0001,"1,2,3,5,6,7",9
0,engine_disjoint_epoch_selection,83,0.05465033619614822,0.027308700746435353,170,170,600,6.0,0.0001,"1,2,3,5,6,7",9
0,engine_disjoint_epoch_selection,84,0.05418753040697379,0.026948796816567835,170,170,600,6.0,0.0001,"1,2,3,5,6,7",9
0,engine_disjoint_epoch_selection,85,0.05380787859507393,0.026517639124596266,170,170,600,6.0,0.0001,"1,2,3,5,6,7",9
0,engine_disjoint_epoch_selection,86,0.05332061597063116,0.02595041204348946,170,170,600,6.0,0.0001,"1,2,3,5,6,7",9
0,engine_disjoint_epoch_selection,87,0.0527237819278755,0.02560427116086449,170,170,600,6.0,0.0001,"1,2,3,5,6,7",9
0,engine_disjoint_epoch_selection,88,0.05229586638989531,0.025440702347232034,170,170,600,6.0,0.0001,"1,2,3,5,6,7",9
0,engine_disjoint_epoch_selection,89,0.051878844456743234,0.02487445138768143,170,170,600,6.0,0.0001,"1,2,3,5,6,7",9
0,engine_disjoint_epoch_selection,90,0.051416864167596235,0.024597271092703113,170,170,600,6.0,0.0001,"1,2,3,5,6,7",9
0,engine_disjoint_epoch_selection,91,0.051023825919365315,0.02430172495507494,170,170,600,6.0,0.0001,"1,2,3,5,6,7",9
0,engine_disjoint_epoch_selection,92,0.050639316762764626,0.023892586005092416,170,170,600,6.0,0.0001,"1,2,3,5,6,7",9
0,engine_disjoint_epoch_selection,93,0.05022090645723565,0.023843407880951545,170,170,600,6.0,0.0001,"1,2,3,5,6,7",9
0,engine_disjoint_epoch_selection,94,0.04985440547140082,0.023594070164314435,170,170,600,6.0,0.0001,"1,2,3,5,6,7",9
0,engine_disjoint_epoch_selection,95,0.04949436193504783,0.02301383790812051,170,170,600,6.0,0.0001,"1,2,3,5,6,7",9
0,engine_disjoint_epoch_selection,96,0.04915768661660321,0.02287565803394482,170,170,600,6.0,0.0001,"1,2,3,5,6,7",9
0,engine_disjoint_epoch_selection,97,0.04884518583315588,0.02280858523693987,170,170,600,6.0,0.0001,"1,2,3,5,6,7",9
0,engine_disjoint_epoch_selection,98,0.048481955336717925,0.022586059748112418,170,170,600,6.0,0.0001,"1,2,3,5,6,7",9
0,engine_disjoint_epoch_selection,99,0.0481555969828171,0.02228819687753756,170,170,600,6.0,0.0001,"1,2,3,5,6,7",9
0,engine_disjoint_epoch_selection,100,0.04778002096929063,0.022002797781295973,170,170,600,6.0,0.0001,"1,2,3,5,6,7",9
0,engine_disjoint_epoch_selection,101,0.04746286328268785,0.021597479307076447,170,170,600,6.0,0.0001,"1,2,3,5,6,7",9
0,engine_disjoint_epoch_selection,102,0.047197112126927905,0.021576526475602778,170,170,600,6.0,0.0001,"1,2,3,5,6,7",9
0,engine_disjoint_epoch_selection,103,0.046921759420779134,0.02110534779982699,170,170,600,6.0,0.0001,"1,2,3,5,6,7",9
0,engine_disjoint_epoch_selection,104,0.04658568418843262,0.02110257012058988,170,170,600,6.0,0.0001,"1,2,3,5,6,7",9
0,engine_disjoint_epoch_selection,105,0.046243457281492296,0.020985608888767004,170,170,600,6.0,0.0001,"1,2,3,5,6,7",9
0,engine_disjoint_epoch_selection,106,0.045917517495853814,0.0206066448075653,170,170,600,6.0,0.0001,"1,2,3,5,6,7",9
0,engine_disjoint_epoch_selection,107,0.04563811154424586,0.020447007594645315,170,170,600,6.0,0.0001,"1,2,3,5,6,7",9
0,engine_disjoint_epoch_selection,108,0.045380886945433574,0.020140350740068695,170,170,600,6.0,0.0001,"1,2,3,5,6,7",9
0,engine_disjoint_epoch_selection,109,0.04506191436850531,0.02016017587555508,170,170,600,6.0,0.0001,"1,2,3,5,6,7",9
0,engine_disjoint_epoch_selection,110,0.04486942227892701,0.020226029409614373,170,170,600,6.0,0.0001,"1,2,3,5,6,7",9
0,engine_disjoint_epoch_selection,111,0.04460916481720865,0.020046397706785003,170,170,600,6.0,0.0001,"1,2,3,5,6,7",9
0,engine_disjoint_epoch_selection,112,0.04439217738246889,0.01947842164351873,170,170,600,6.0,0.0001,"1,2,3,5,6,7",9
0,engine_disjoint_epoch_selection,113,0.04401696624801944,0.019612612576508016,170,170,600,6.0,0.0001,"1,2,3,5,6,7",9
0,engine_disjoint_epoch_selection,114,0.04381978868250039,0.01917659650174534,170,170,600,6.0,0.0001,"1,2,3,5,6,7",9
0,engine_disjoint_epoch_selection,115,0.04355741248538364,0.019111431053373203,170,170,600,6.0,0.0001,"1,2,3,5,6,7",9
0,engine_disjoint_epoch_selection,116,0.04328379744815164,0.01895061369348978,170,170,600,6.0,0.0001,"1,2,3,5,6,7",9
0,engine_disjoint_epoch_selection,117,0.043076793033527266,0.018782825243275805,170,170,600,6.0,0.0001,"1,2,3,5,6,7",9
0,engine_disjoint_epoch_selection,118,0.04275147654937495,0.018624557978732966,170,170,600,6.0,0.0001,"1,2,3,5,6,7",9
0,engine_disjoint_epoch_selection,119,0.04250932858811877,0.018459736564670013,170,170,600,6.0,0.0001,"1,2,3,5,6,7",9
0,engine_disjoint_epoch_selection,120,0.042273191108116025,0.018346702266311736,170,170,600,6.0,0.0001,"1,2,3,5,6,7",9
0,engine_disjoint_epoch_selection,121,0.042147196300510045,0.018143013567670025,170,170,600,6.0,0.0001,"1,2,3,5,6,7",9
0,engine_disjoint_epoch_selection,122,0.041777199699381116,0.0180485373581242,170,170,600,6.0,0.0001,"1,2,3,5,6,7",9
0,engine_disjoint_epoch_selection,123,0.04156823459257715,0.01787498641253018,170,170,600,6.0,0.0001,"1,2,3,5,6,7",9
0,engine_disjoint_epoch_selection,124,0.041408280511163076,0.017810358364413706,170,170,600,6.0,0.0001,"1,2,3,5,6,7",9
0,engine_disjoint_epoch_selection,125,0.041300180332065166,0.017566666461959694,170,170,600,6.0,0.0001,"1,2,3,5,6,7",9
0,engine_disjoint_epoch_selection,126,0.04093611604027502,0.01770044156538804,170,170,600,6.0,0.0001,"1,2,3,5,6,7",9
0,engine_disjoint_epoch_selection,127,0.040765116618717234,0.01743372235090353,170,170,600,6.0,0.0001,"1,2,3,5,6,7",9
0,engine_disjoint_epoch_selection,128,0.040535509028272014,0.01716751475568641,170,170,600,6.0,0.0001,"1,2,3,5,6,7",9
0,engine_disjoint_epoch_selection,129,0.04024998573549778,0.017073611061880288,170,170,600,6.0,0.0001,"1,2,3,5,6,7",9
0,engine_disjoint_epoch_selection,130,0.04003834362945972,0.01683341381683741,170,170,600,6.0,0.0001,"1,2,3,5,6,7",9
0,engine_disjoint_epoch_selection,131,0.03984280421776341,0.016947479576976725,170,170,600,6.0,0.0001,"1,2,3,5,6,7",9
0,engine_disjoint_epoch_selection,132,0.039661933820581044,0.016766751070896025,170,170,600,6.0,0.0001,"1,2,3,5,6,7",9
0,engine_disjoint_epoch_selection,133,0.03948480593981753,0.016599212207318574,170,170,600,6.0,0.0001,"1,2,3,5,6,7",9
0,engine_disjoint_epoch_selection,134,0.039273432596541355,0.016636168142766337,170,170,600,6.0,0.0001,"1,2,3,5,6,7",9
0,engine_disjoint_epoch_selection,135,0.039087797629800816,0.016406890257508903,170,170,600,6.0,0.0001,"1,2,3,5,6,7",9
0,engine_disjoint_epoch_selection,136,0.03894887530742474,0.01645262928671338,170,170,600,6.0,0.0001,"1,2,3,5,6,7",9
0,engine_disjoint_epoch_selection,137,0.03885317030215112,0.01641320259913896,170,170,600,6.0,0.0001,"1,2,3,5,6,7",9
0,engine_disjoint_epoch_selection,138,0.03877011578236415,0.016098513633214184,170,170,600,6.0,0.0001,"1,2,3,5,6,7",9
0,engine_disjoint_epoch_selection,139,0.038420006588699956,0.01591248313354407,170,170,600,6.0,0.0001,"1,2,3,5,6,7",9
0,engine_disjoint_epoch_selection,140,0.03815654511539571,0.015862635592707553,170,170,600,6.0,0.0001,"1,2,3,5,6,7",9
0,engine_disjoint_epoch_selection,141,0.03795778308523922,0.015630075520942383,170,170,600,6.0,0.0001,"1,2,3,5,6,7",9
0,engine_disjoint_epoch_selection,142,0.037825216594616545,0.015746890512331746,170,170,600,6.0,0.0001,"1,2,3,5,6,7",9
0,engine_disjoint_epoch_selection,143,0.03763838393275596,0.015500709188759563,170,170,600,6.0,0.0001,"1,2,3,5,6,7",9
0,engine_disjoint_epoch_selection,144,0.037469401081607116,0.015353265272045825,170,170,600,6.0,0.0001,"1,2,3,5,6,7",9
0,engine_disjoint_epoch_selection,145,0.03726674422365198,0.01534821308734283,170,170,600,6.0,0.0001,"1,2,3,5,6,7",9
0,engine_disjoint_epoch_selection,146,0.037104816171778035,0.01527202759998102,170,170,600,6.0,0.0001,"1,2,3,5,6,7",9
0,engine_disjoint_epoch_selection,147,0.036955487594904045,0.015170548296119194,170,170,600,6.0,0.0001,"1,2,3,5,6,7",9
0,engine_disjoint_epoch_selection,148,0.03681844793680895,0.0149978403443919,170,170,600,6.0,0.0001,"1,2,3,5,6,7",9
0,engine_disjoint_epoch_selection,149,0.03665036449472697,0.015047500084063801,170,170,600,6.0,0.0001,"1,2,3,5,6,7",9
0,engine_disjoint_epoch_selection,150,0.03659998911883816,0.01469777475506852,170,170,600,6.0,0.0001,"1,2,3,5,6,7",9
0,engine_disjoint_epoch_selection,151,0.03642891503935745,0.014843625584506566,170,170,600,6.0,0.0001,"1,2,3,5,6,7",9
0,engine_disjoint_epoch_selection,152,0.0362066409192536,0.014900458661917066,170,170,600,6.0,0.0001,"1,2,3,5,6,7",9
0,engine_disjoint_epoch_selection,153,0.036075278748489516,0.014643249742858645,170,170,600,6.0,0.0001,"1,2,3,5,6,7",9
0,engine_disjoint_epoch_selection,154,0.03591448629201269,0.01440092667753228,170,170,600,6.0,0.0001,"1,2,3,5,6,7",9
0,engine_disjoint_epoch_selection,155,0.03570956567449175,0.014351808560864127,170,170,600,6.0,0.0001,"1,2,3,5,6,7",9
0,engine_disjoint_epoch_selection,156,0.03553725213523503,0.014288357103712712,170,170,600,6.0,0.0001,"1,2,3,5,6,7",9
0,engine_disjoint_epoch_selection,157,0.03541144886898224,0.014118379936493852,170,170,600,6.0,0.0001,"1,2,3,5,6,7",9
0,engine_disjoint_epoch_selection,158,0.035273662833280345,0.014185160697131579,170,170,600,6.0,0.0001,"1,2,3,5,6,7",9
0,engine_disjoint_epoch_selection,159,0.03512780492811972,0.01409745733100644,170,170,600,6.0,0.0001,"1,2,3,5,6,7",9
0,engine_disjoint_epoch_selection,160,0.03499987278773827,0.01409772269738579,170,170,600,6.0,0.0001,"1,2,3,5,6,7",9
0,engine_disjoint_epoch_selection,161,0.034905762357029156,0.013996088707594292,170,170,600,6.0,0.0001,"1,2,3,5,6,7",9
0,engine_disjoint_epoch_selection,162,0.0347875661916223,0.013915163074387617,170,170,600,6.0,0.0001,"1,2,3,5,6,7",9
0,engine_disjoint_epoch_selection,163,0.03457379123661245,0.013901934093652252,170,170,600,6.0,0.0001,"1,2,3,5,6,7",9
0,engine_disjoint_epoch_selection,164,0.03462447526771041,0.013734790834894938,170,170,600,6.0,0.0001,"1,2,3,5,6,7",9
0,engine_disjoint_epoch_selection,165,0.03441546874188901,0.01373777854028656,170,170,600,6.0,0.0001,"1,2,3,5,6,7",9
0,engine_disjoint_epoch_selection,166,0.03416157598331305,0.013845339934883127,170,170,600,6.0,0.0001,"1,2,3,5,6,7",9
0,engine_disjoint_epoch_selection,167,0.034166513544956534,0.013696284039652284,170,170,600,6.0,0.0001,"1,2,3,5,6,7",9
0,engine_disjoint_epoch_selection,168,0.034050748370558576,0.013705411620752374,170,170,600,6.0,0.0001,"1,2,3,5,6,7",9
0,engine_disjoint_epoch_selection,169,0.03386938347984966,0.013695437267537273,170,170,600,6.0,0.0001,"1,2,3,5,6,7",9
0,engine_disjoint_epoch_selection,170,0.03374749940891202,0.013663043233515415,170,170,600,6.0,0.0001,"1,2,3,5,6,7",9
1,engine_disjoint_epoch_selection,1,0.9394196671900955,0.9493706622509321,200,201,600,6.0,0.0001,"1,2,3,5,6,7",9
1,engine_disjoint_epoch_selection,2,0.8189441400940992,0.8147748575097223,200,201,600,6.0,0.0001,"1,2,3,5,6,7",9
1,engine_disjoint_epoch_selection,3,0.7154349734652838,0.7008334435218699,200,201,600,6.0,0.0001,"1,2,3,5,6,7",9
1,engine_disjoint_epoch_selection,4,0.62682221002789,0.6066847449831406,200,201,600,6.0,0.0001,"1,2,3,5,6,7",9
1,engine_disjoint_epoch_selection,5,0.5426221123421455,0.5208888021667808,200,201,600,6.0,0.0001,"1,2,3,5,6,7",9
1,engine_disjoint_epoch_selection,6,0.46548084753296304,0.44603197092888824,200,201,600,6.0,0.0001,"1,2,3,5,6,7",9
1,engine_disjoint_epoch_selection,7,0.4035175550455631,0.3880999139960455,200,201,600,6.0,0.0001,"1,2,3,5,6,7",9
1,engine_disjoint_epoch_selection,8,0.35435136606670947,0.34391748041185405,200,201,600,6.0,0.0001,"1,2,3,5,6,7",9
1,engine_disjoint_epoch_selection,9,0.31538631032507647,0.3076978695473174,200,201,600,6.0,0.0001,"1,2,3,5,6,7",9
1,engine_disjoint_epoch_selection,10,0.2837474918624707,0.2750056134990478,200,201,600,6.0,0.0001,"1,2,3,5,6,7",9
1,engine_disjoint_epoch_selection,11,0.2573299959828507,0.24903443264700098,200,201,600,6.0,0.0001,"1,2,3,5,6,7",9
1,engine_disjoint_epoch_selection,12,0.23531220855758975,0.22582512106325375,200,201,600,6.0,0.0001,"1,2,3,5,6,7",9
1,engine_disjoint_epoch_selection,13,0.21687883926064397,0.20779205941009343,200,201,600,6.0,0.0001,"1,2,3,5,6,7",9
1,engine_disjoint_epoch_selection,14,0.20158269358559772,0.19243406866069607,200,201,600,6.0,0.0001,"1,2,3,5,6,7",9
1,engine_disjoint_epoch_selection,15,0.1884761251520441,0.17883211525690582,200,201,600,6.0,0.0001,"1,2,3,5,6,7",9
1,engine_disjoint_epoch_selection,16,0.1774470065159223,0.16693898976418667,200,201,600,6.0,0.0001,"1,2,3,5,6,7",9
1,engine_disjoint_epoch_selection,17,0.16789303027550212,0.15684481184956522,200,201,600,6.0,0.0001,"1,2,3,5,6,7",9
1,engine_disjoint_epoch_selection,18,0.15955732363439046,0.1482886903576572,200,201,600,6.0,0.0001,"1,2,3,5,6,7",9
1,engine_disjoint_epoch_selection,19,0.15221412817685132,0.13970888236051837,200,201,600,6.0,0.0001,"1,2,3,5,6,7",9
1,engine_disjoint_epoch_selection,20,0.14550718528127712,0.13185601111087342,200,201,600,6.0,0.0001,"1,2,3,5,6,7",9
1,engine_disjoint_epoch_selection,21,0.1394571044516326,0.12428320673789436,200,201,600,6.0,0.0001,"1,2,3,5,6,7",9
1,engine_disjoint_epoch_selection,22,0.13400057185203854,0.11686940705462287,200,201,600,6.0,0.0001,"1,2,3,5,6,7",9
1,engine_disjoint_epoch_selection,23,0.1291450908341749,0.11093382167527237,200,201,600,6.0,0.0001,"1,2,3,5,6,7",9
1,engine_disjoint_epoch_selection,24,0.12458348782607631,0.10483275613315843,200,201,600,6.0,0.0001,"1,2,3,5,6,7",9
1,engine_disjoint_epoch_selection,25,0.12047553907813208,0.09851868450988897,200,201,600,6.0,0.0001,"1,2,3,5,6,7",9
1,engine_disjoint_epoch_selection,26,0.11666087568508322,0.09331201301313341,200,201,600,6.0,0.0001,"1,2,3,5,6,7",9
1,engine_disjoint_epoch_selection,27,0.11316842298355033,0.08804171581530565,200,201,600,6.0,0.0001,"1,2,3,5,6,7",9
1,engine_disjoint_epoch_selection,28,0.11002012349010341,0.08409761399051521,200,201,600,6.0,0.0001,"1,2,3,5,6,7",9
1,engine_disjoint_epoch_selection,29,0.10706263870243866,0.08046142962172825,200,201,600,6.0,0.0001,"1,2,3,5,6,7",9
1,engine_disjoint_epoch_selection,30,0.10441279133364932,0.07697548796263254,200,201,600,6.0,0.0001,"1,2,3,5,6,7",9
1,engine_disjoint_epoch_selection,31,0.10185453126308817,0.0739459400270347,200,201,600,6.0,0.0001,"1,2,3,5,6,7",9
1,engine_disjoint_epoch_selection,32,0.09946326137993207,0.07150740791272794,200,201,600,6.0,0.0001,"1,2,3,5,6,7",9
1,engine_disjoint_epoch_selection,33,0.09723178468345335,0.06859053711990075,200,201,600,6.0,0.0001,"1,2,3,5,6,7",9
1,engine_disjoint_epoch_selection,34,0.09512423553052031,0.06676237079208755,200,201,600,6.0,0.0001,"1,2,3,5,6,7",9
1,engine_disjoint_epoch_selection,35,0.09313029200243683,0.06465060292521548,200,201,600,6.0,0.0001,"1,2,3,5,6,7",9
1,engine_disjoint_epoch_selection,36,0.09124589745496486,0.061954230702137285,200,201,600,6.0,0.0001,"1,2,3,5,6,7",9
1,engine_disjoint_epoch_selection,37,0.08943865634062181,0.060354558606437805,200,201,600,6.0,0.0001,"1,2,3,5,6,7",9
1,engine_disjoint_epoch_selection,38,0.08778638295340992,0.058192014638651396,200,201,600,6.0,0.0001,"1,2,3,5,6,7",9
1,engine_disjoint_epoch_selection,39,0.08624100865139697,0.056732060386428355,200,201,600,6.0,0.0001,"1,2,3,5,6,7",9
1,engine_disjoint_epoch_selection,40,0.08476864058097948,0.055350090956749046,200,201,600,6.0,0.0001,"1,2,3,5,6,7",9
1,engine_disjoint_epoch_selection,41,0.08339073851691096,0.053806720094451865,200,201,600,6.0,0.0001,"1,2,3,5,6,7",9
1,engine_disjoint_epoch_selection,42,0.08209485947203686,0.052509927494046406,200,201,600,6.0,0.0001,"1,2,3,5,6,7",9
1,engine_disjoint_epoch_selection,43,0.08083734307826304,0.05109028937349339,200,201,600,6.0,0.0001,"1,2,3,5,6,7",9
1,engine_disjoint_epoch_selection,44,0.07964876935907593,0.05002371566441753,200,201,600,6.0,0.0001,"1,2,3,5,6,7",9
1,engine_disjoint_epoch_selection,45,0.07857845528757273,0.04876625329513034,200,201,600,6.0,0.0001,"1,2,3,5,6,7",9
1,engine_disjoint_epoch_selection,46,0.0774874600497159,0.04789765535104361,200,201,600,6.0,0.0001,"1,2,3,5,6,7",9
1,engine_disjoint_epoch_selection,47,0.07650455830861204,0.046970647466513304,200,201,600,6.0,0.0001,"1,2,3,5,6,7",9
1,engine_disjoint_epoch_selection,48,0.07565870869739363,0.04657748206126831,200,201,600,6.0,0.0001,"1,2,3,5,6,7",9
1,engine_disjoint_epoch_selection,49,0.07473430454965013,0.04491330504389638,200,201,600,6.0,0.0001,"1,2,3,5,6,7",9
1,engine_disjoint_epoch_selection,50,0.07377464630855099,0.044094051911374735,200,201,600,6.0,0.0001,"1,2,3,5,6,7",9
1,engine_disjoint_epoch_selection,51,0.07289600228298398,0.04364692956466159,200,201,600,6.0,0.0001,"1,2,3,5,6,7",9
1,engine_disjoint_epoch_selection,52,0.07211461840565922,0.04274980806854326,200,201,600,6.0,0.0001,"1,2,3,5,6,7",9
1,engine_disjoint_epoch_selection,53,0.07130698293618513,0.04190461481681545,200,201,600,6.0,0.0001,"1,2,3,5,6,7",9
1,engine_disjoint_epoch_selection,54,0.07058135009323208,0.041215037388335964,200,201,600,6.0,0.0001,"1,2,3,5,6,7",9
1,engine_disjoint_epoch_selection,55,0.06980790484171193,0.04071536449751524,200,201,600,6.0,0.0001,"1,2,3,5,6,7",9
1,engine_disjoint_epoch_selection,56,0.06912229590385711,0.03955214319738078,200,201,600,6.0,0.0001,"1,2,3,5,6,7",9
1,engine_disjoint_epoch_selection,57,0.06843109741487448,0.039278623802738014,200,201,600,6.0,0.0001,"1,2,3,5,6,7",9
1,engine_disjoint_epoch_selection,58,0.06782922286779922,0.0385030187723715,200,201,600,6.0,0.0001,"1,2,3,5,6,7",9
1,engine_disjoint_epoch_selection,59,0.06724488527095775,0.03827858060091366,200,201,600,6.0,0.0001,"1,2,3,5,6,7",9
1,engine_disjoint_epoch_selection,60,0.06648688424357256,0.037723307452871925,200,201,600,6.0,0.0001,"1,2,3,5,6,7",9
1,engine_disjoint_epoch_selection,61,0.06585566026139784,0.03696957625756034,200,201,600,6.0,0.0001,"1,2,3,5,6,7",9
1,engine_disjoint_epoch_selection,62,0.06515897447268648,0.03598440201847571,200,201,600,6.0,0.0001,"1,2,3,5,6,7",9
1,engine_disjoint_epoch_selection,63,0.06447068954370995,0.03570469429764651,200,201,600,6.0,0.0001,"1,2,3,5,6,7",9
1,engine_disjoint_epoch_selection,64,0.06388517234016494,0.03503112152889041,200,201,600,6.0,0.0001,"1,2,3,5,6,7",9
1,engine_disjoint_epoch_selection,65,0.06328154333190088,0.0344112443357213,200,201,600,6.0,0.0001,"1,2,3,5,6,7",9
1,engine_disjoint_epoch_selection,66,0.0626846458644746,0.033779089169134434,200,201,600,6.0,0.0001,"1,2,3,5,6,7",9
1,engine_disjoint_epoch_selection,67,0.06199295345802964,0.03352283592464151,200,201,600,6.0,0.0001,"1,2,3,5,6,7",9
1,engine_disjoint_epoch_selection,68,0.06145809902881287,0.032679724709967085,200,201,600,6.0,0.0001,"1,2,3,5,6,7",9
1,engine_disjoint_epoch_selection,69,0.060892468714274804,0.03252477252491702,200,201,600,6.0,0.0001,"1,2,3,5,6,7",9
1,engine_disjoint_epoch_selection,70,0.06034936124340208,0.03151167214152919,200,201,600,6.0,0.0001,"1,2,3,5,6,7",9
1,engine_disjoint_epoch_selection,71,0.05962154926471716,0.031136393852651715,200,201,600,6.0,0.0001,"1,2,3,5,6,7",9
1,engine_disjoint_epoch_selection,72,0.05910735514832925,0.030679768100259356,200,201,600,6.0,0.0001,"1,2,3,5,6,7",9
1,engine_disjoint_epoch_selection,73,0.05864722903708755,0.030143127494746225,200,201,600,6.0,0.0001,"1,2,3,5,6,7",9
1,engine_disjoint_epoch_selection,74,0.058112804697417524,0.029861985817568975,200,201,600,6.0,0.0001,"1,2,3,5,6,7",9
1,engine_disjoint_epoch_selection,75,0.05765030554722746,0.02955409014205559,200,201,600,6.0,0.0001,"1,2,3,5,6,7",9
1,engine_disjoint_epoch_selection,76,0.057165673779274756,0.028901143052921904,200,201,600,6.0,0.0001,"1,2,3,5,6,7",9
1,engine_disjoint_epoch_selection,77,0.05684113935990767,0.029509798404193096,200,201,600,6.0,0.0001,"1,2,3,5,6,7",9
1,engine_disjoint_epoch_selection,78,0.056385703448333324,0.028198177290529505,200,201,600,6.0,0.0001,"1,2,3,5,6,7",9
1,engine_disjoint_epoch_selection,79,0.05587554996159818,0.028032970939641563,200,201,600,6.0,0.0001,"1,2,3,5,6,7",9
1,engine_disjoint_epoch_selection,80,0.05550024020495425,0.027485324074632497,200,201,600,6.0,0.0001,"1,2,3,5,6,7",9
1,engine_disjoint_epoch_selection,81,0.055051025210892966,0.027389942863498138,200,201,600,6.0,0.0001,"1,2,3,5,6,7",9
1,engine_disjoint_epoch_selection,82,0.05469388866741396,0.026911803765386946,200,201,600,6.0,0.0001,"1,2,3,5,6,7",9
1,engine_disjoint_epoch_selection,83,0.054336424343393704,0.0266568280133132,200,201,600,6.0,0.0001,"1,2,3,5,6,7",9
1,engine_disjoint_epoch_selection,84,0.05389395509015322,0.026156975544574128,200,201,600,6.0,0.0001,"1,2,3,5,6,7",9
1,engine_disjoint_epoch_selection,85,0.053494589726970264,0.025809787864925087,200,201,600,6.0,0.0001,"1,2,3,5,6,7",9
1,engine_disjoint_epoch_selection,86,0.05313747075344997,0.025864928509355064,200,201,600,6.0,0.0001,"1,2,3,5,6,7",9
1,engine_disjoint_epoch_selection,87,0.052772387749692964,0.025424853262437916,200,201,600,6.0,0.0001,"1,2,3,5,6,7",9
1,engine_disjoint_epoch_selection,88,0.05237897575099603,0.0253247936909306,200,201,600,6.0,0.0001,"1,2,3,5,6,7",9
1,engine_disjoint_epoch_selection,89,0.05208212236953408,0.024892041133684147,200,201,600,6.0,0.0001,"1,2,3,5,6,7",9
1,engine_disjoint_epoch_selection,90,0.05168477844450273,0.024869663235858392,200,201,600,6.0,0.0001,"1,2,3,5,6,7",9
1,engine_disjoint_epoch_selection,91,0.051367403639295386,0.024405479208902445,200,201,600,6.0,0.0001,"1,2,3,5,6,7",9
1,engine_disjoint_epoch_selection,92,0.05110279775681146,0.02463036410265718,200,201,600,6.0,0.0001,"1,2,3,5,6,7",9
1,engine_disjoint_epoch_selection,93,0.05080662130841457,0.024196389170966486,200,201,600,6.0,0.0001,"1,2,3,5,6,7",9
1,engine_disjoint_epoch_selection,94,0.05043112761446516,0.023633628423829035,200,201,600,6.0,0.0001,"1,2,3,5,6,7",9
1,engine_disjoint_epoch_selection,95,0.05009378987977383,0.023464742503614033,200,201,600,6.0,0.0001,"1,2,3,5,6,7",9
1,engine_disjoint_epoch_selection,96,0.04973863580370194,0.023478256186469957,200,201,600,6.0,0.0001,"1,2,3,5,6,7",9
1,engine_disjoint_epoch_selection,97,0.04944917707060155,0.02313573486569933,200,201,600,6.0,0.0001,"1,2,3,5,6,7",9
1,engine_disjoint_epoch_selection,98,0.049142857024187914,0.022993126440037107,200,201,600,6.0,0.0001,"1,2,3,5,6,7",9
1,engine_disjoint_epoch_selection,99,0.048806280183921726,0.022836954103041797,200,201,600,6.0,0.0001,"1,2,3,5,6,7",9
1,engine_disjoint_epoch_selection,100,0.04854100220731219,0.02242287764930414,200,201,600,6.0,0.0001,"1,2,3,5,6,7",9
1,engine_disjoint_epoch_selection,101,0.048229990607480275,0.022215944768887413,200,201,600,6.0,0.0001,"1,2,3,5,6,7",9
1,engine_disjoint_epoch_selection,102,0.04791960421014646,0.022019159374357077,200,201,600,6.0,0.0001,"1,2,3,5,6,7",9
1,engine_disjoint_epoch_selection,103,0.047641014023080616,0.021960874782856514,200,201,600,6.0,0.0001,"1,2,3,5,6,7",9
1,engine_disjoint_epoch_selection,104,0.04740773554980233,0.02181901356135457,200,201,600,6.0,0.0001,"1,2,3,5,6,7",9
1,engine_disjoint_epoch_selection,105,0.04711128431877244,0.021378980097418426,200,201,600,6.0,0.0001,"1,2,3,5,6,7",9
1,engine_disjoint_epoch_selection,106,0.04681481269506917,0.02123046782544042,200,201,600,6.0,0.0001,"1,2,3,5,6,7",9
1,engine_disjoint_epoch_selection,107,0.04656645061385772,0.021210155073675734,200,201,600,6.0,0.0001,"1,2,3,5,6,7",9
1,engine_disjoint_epoch_selection,108,0.04633054096725404,0.020961038273438183,200,201,600,6.0,0.0001,"1,2,3,5,6,7",9
1,engine_disjoint_epoch_selection,109,0.0462543450680718,0.02124038506043149,200,201,600,6.0,0.0001,"1,2,3,5,6,7",9
1,engine_disjoint_epoch_selection,110,0.04578887538512428,0.020652595863173376,200,201,600,6.0,0.0001,"1,2,3,5,6,7",9
1,engine_disjoint_epoch_selection,111,0.04549295211695213,0.020517368356655373,200,201,600,6.0,0.0001,"1,2,3,5,6,7",9
1,engine_disjoint_epoch_selection,112,0.04529404739568832,0.020226856623738274,200,201,600,6.0,0.0001,"1,2,3,5,6,7",9
1,engine_disjoint_epoch_selection,113,0.045001992283541424,0.02023396906500456,200,201,600,6.0,0.0001,"1,2,3,5,6,7",9
1,engine_disjoint_epoch_selection,114,0.04497116864249628,0.021195327004917407,200,201,600,6.0,0.0001,"1,2,3,5,6,7",9
1,engine_disjoint_epoch_selection,115,0.04474583276986572,0.019776739237386844,200,201,600,6.0,0.0001,"1,2,3,5,6,7",9
1,engine_disjoint_epoch_selection,116,0.044306606902200556,0.01991896094822489,200,201,600,6.0,0.0001,"1,2,3,5,6,7",9
1,engine_disjoint_epoch_selection,117,0.044078426539663894,0.01959810454760418,200,201,600,6.0,0.0001,"1,2,3,5,6,7",9
1,engine_disjoint_epoch_selection,118,0.043834202039713444,0.019243747530714724,200,201,600,6.0,0.0001,"1,2,3,5,6,7",9
1,engine_disjoint_epoch_selection,119,0.043617587145704836,0.019213206394100433,200,201,600,6.0,0.0001,"1,2,3,5,6,7",9
1,engine_disjoint_epoch_selection,120,0.04334695995196011,0.0192077172660961,200,201,600,6.0,0.0001,"1,2,3,5,6,7",9
1,engine_disjoint_epoch_selection,121,0.04309142333652562,0.019089817695199848,200,201,600,6.0,0.0001,"1,2,3,5,6,7",9
1,engine_disjoint_epoch_selection,122,0.04285939642037196,0.018737478262893084,200,201,600,6.0,0.0001,"1,2,3,5,6,7",9
1,engine_disjoint_epoch_selection,123,0.04266587035312497,0.018681650421775546,200,201,600,6.0,0.0001,"1,2,3,5,6,7",9
1,engine_disjoint_epoch_selection,124,0.04250382567704966,0.0184331056927779,200,201,600,6.0,0.0001,"1,2,3,5,6,7",9
1,engine_disjoint_epoch_selection,125,0.04226452024708122,0.018243912577045683,200,201,600,6.0,0.0001,"1,2,3,5,6,7",9
1,engine_disjoint_epoch_selection,126,0.04201437749375896,0.01824429329112259,200,201,600,6.0,0.0001,"1,2,3,5,6,7",9
1,engine_disjoint_epoch_selection,127,0.04176875557722335,0.018118798996679324,200,201,600,6.0,0.0001,"1,2,3,5,6,7",9
1,engine_disjoint_epoch_selection,128,0.04154859031301652,0.018104365643741533,200,201,600,6.0,0.0001,"1,2,3,5,6,7",9
1,engine_disjoint_epoch_selection,129,0.041407704734975063,0.018102632539029502,200,201,600,6.0,0.0001,"1,2,3,5,6,7",9
1,engine_disjoint_epoch_selection,130,0.041195696626534745,0.017961066465393364,200,201,600,6.0,0.0001,"1,2,3,5,6,7",9
1,engine_disjoint_epoch_selection,131,0.041067369622933614,0.018062523544265296,200,201,600,6.0,0.0001,"1,2,3,5,6,7",9
1,engine_disjoint_epoch_selection,132,0.040802760514490055,0.017401799042167654,200,201,600,6.0,0.0001,"1,2,3,5,6,7",9
1,engine_disjoint_epoch_selection,133,0.04057748530142187,0.01746113309769107,200,201,600,6.0,0.0001,"1,2,3,5,6,7",9
1,engine_disjoint_epoch_selection,134,0.040433726055821566,0.017191603533234304,200,201,600,6.0,0.0001,"1,2,3,5,6,7",9
1,engine_disjoint_epoch_selection,135,0.04018871908784093,0.017257580860487315,200,201,600,6.0,0.0001,"1,2,3,5,6,7",9
1,engine_disjoint_epoch_selection,136,0.04001283441127085,0.017404920319748548,200,201,600,6.0,0.0001,"1,2,3,5,6,7",9
1,engine_disjoint_epoch_selection,137,0.03982423593975633,0.017029674034856522,200,201,600,6.0,0.0001,"1,2,3,5,6,7",9
1,engine_disjoint_epoch_selection,138,0.039688570108416574,0.0169842203745223,200,201,600,6.0,0.0001,"1,2,3,5,6,7",9
1,engine_disjoint_epoch_selection,139,0.03950971858590004,0.016783077326223195,200,201,600,6.0,0.0001,"1,2,3,5,6,7",9
1,engine_disjoint_epoch_selection,140,0.03921365648625085,0.016526196670265527,200,201,600,6.0,0.0001,"1,2,3,5,6,7",9
1,engine_disjoint_epoch_selection,141,0.03903715092766433,0.016466005619131748,200,201,600,6.0,0.0001,"1,2,3,5,6,7",9
1,engine_disjoint_epoch_selection,142,0.03891700875971548,0.016605628339651443,200,201,600,6.0,0.0001,"1,2,3,5,6,7",9
1,engine_disjoint_epoch_selection,143,0.03884257492576975,0.016419767416654227,200,201,600,6.0,0.0001,"1,2,3,5,6,7",9
1,engine_disjoint_epoch_selection,144,0.03853670752181707,0.016312589403133352,200,201,600,6.0,0.0001,"1,2,3,5,6,7",9
1,engine_disjoint_epoch_selection,145,0.038398967369630305,0.01619449669707491,200,201,600,6.0,0.0001,"1,2,3,5,6,7",9
1,engine_disjoint_epoch_selection,146,0.038452686654300856,0.01675371522532285,200,201,600,6.0,0.0001,"1,2,3,5,6,7",9
1,engine_disjoint_epoch_selection,147,0.038100843305711625,0.01581416800149363,200,201,600,6.0,0.0001,"1,2,3,5,6,7",9
1,engine_disjoint_epoch_selection,148,0.0378339702936862,0.015772524371177158,200,201,600,6.0,0.0001,"1,2,3,5,6,7",9
1,engine_disjoint_epoch_selection,149,0.03769798307611805,0.015489570912823648,200,201,600,6.0,0.0001,"1,2,3,5,6,7",9
1,engine_disjoint_epoch_selection,150,0.03751329083847373,0.015536350738304918,200,201,600,6.0,0.0001,"1,2,3,5,6,7",9
1,engine_disjoint_epoch_selection,151,0.03732615692382923,0.015537525106770984,200,201,600,6.0,0.0001,"1,2,3,5,6,7",9
1,engine_disjoint_epoch_selection,152,0.037154949111039816,0.015604111176497229,200,201,600,6.0,0.0001,"1,2,3,5,6,7",9
1,engine_disjoint_epoch_selection,153,0.03697861020783217,0.01527193625527255,200,201,600,6.0,0.0001,"1,2,3,5,6,7",9
1,engine_disjoint_epoch_selection,154,0.03687802858850957,0.015252555841833972,200,201,600,6.0,0.0001,"1,2,3,5,6,7",9
1,engine_disjoint_epoch_selection,155,0.03676998647668505,0.015295954579602474,200,201,600,6.0,0.0001,"1,2,3,5,6,7",9
1,engine_disjoint_epoch_selection,156,0.03652760290516283,0.014956320951768942,200,201,600,6.0,0.0001,"1,2,3,5,6,7",9
1,engine_disjoint_epoch_selection,157,0.03638674414291082,0.015015995494137553,200,201,600,6.0,0.0001,"1,2,3,5,6,7",9
1,engine_disjoint_epoch_selection,158,0.03626414350568978,0.015206012712495083,200,201,600,6.0,0.0001,"1,2,3,5,6,7",9
1,engine_disjoint_epoch_selection,159,0.036112332581681665,0.015153534177354764,200,201,600,6.0,0.0001,"1,2,3,5,6,7",9
1,engine_disjoint_epoch_selection,160,0.03593500103341313,0.014820888753094003,200,201,600,6.0,0.0001,"1,2,3,5,6,7",9
1,engine_disjoint_epoch_selection,161,0.03574723376496182,0.014798192815662848,200,201,600,6.0,0.0001,"1,2,3,5,6,7",9
1,engine_disjoint_epoch_selection,162,0.035604500662556805,0.014913358490552081,200,201,600,6.0,0.0001,"1,2,3,5,6,7",9
1,engine_disjoint_epoch_selection,163,0.0354607733309143,0.01439905066613522,200,201,600,6.0,0.0001,"1,2,3,5,6,7",9
1,engine_disjoint_epoch_selection,164,0.03534557062562086,0.014395906274564836,200,201,600,6.0,0.0001,"1,2,3,5,6,7",9
1,engine_disjoint_epoch_selection,165,0.035279693073536546,0.014367073572923798,200,201,600,6.0,0.0001,"1,2,3,5,6,7",9
1,engine_disjoint_epoch_selection,166,0.035080946827539684,0.014359181034512187,200,201,600,6.0,0.0001,"1,2,3,5,6,7",9
1,engine_disjoint_epoch_selection,167,0.03489537326924501,0.014204007488562771,200,201,600,6.0,0.0001,"1,2,3,5,6,7",9
1,engine_disjoint_epoch_selection,168,0.03468380584993308,0.014163804704341209,200,201,600,6.0,0.0001,"1,2,3,5,6,7",9
1,engine_disjoint_epoch_selection,169,0.034575246778077426,0.014401272942874849,200,201,600,6.0,0.0001,"1,2,3,5,6,7",9
1,engine_disjoint_epoch_selection,170,0.034500167464173045,0.014054147270947618,200,201,600,6.0,0.0001,"1,2,3,5,6,7",9
1,engine_disjoint_epoch_selection,171,0.034329857764306006,0.013905971485316629,200,201,600,6.0,0.0001,"1,2,3,5,6,7",9
1,engine_disjoint_epoch_selection,172,0.0341864994594029,0.013821180259617467,200,201,600,6.0,0.0001,"1,2,3,5,6,7",9
1,engine_disjoint_epoch_selection,173,0.03408853642640248,0.01382870941944429,200,201,600,6.0,0.0001,"1,2,3,5,6,7",9
1,engine_disjoint_epoch_selection,174,0.033901366968595595,0.013724433100604144,200,201,600,6.0,0.0001,"1,2,3,5,6,7",9
1,engine_disjoint_epoch_selection,175,0.03375792559523195,0.013912771665474886,200,201,600,6.0,0.0001,"1,2,3,5,6,7",9
1,engine_disjoint_epoch_selection,176,0.03365474143297569,0.013584522566465309,200,201,600,6.0,0.0001,"1,2,3,5,6,7",9
1,engine_disjoint_epoch_selection,177,0.033482675716546464,0.013504921320406493,200,201,600,6.0,0.0001,"1,2,3,5,6,7",9
1,engine_disjoint_epoch_selection,178,0.03337323722505238,0.013364376485056045,200,201,600,6.0,0.0001,"1,2,3,5,6,7",9
1,engine_disjoint_epoch_selection,179,0.033247888588682106,0.01333549422168754,200,201,600,6.0,0.0001,"1,2,3,5,6,7",9
1,engine_disjoint_epoch_selection,180,0.03313273058597216,0.013488693521784558,200,201,600,6.0,0.0001,"1,2,3,5,6,7",9
1,engine_disjoint_epoch_selection,181,0.03301842602240431,0.013381417273808347,200,201,600,6.0,0.0001,"1,2,3,5,6,7",9
1,engine_disjoint_epoch_selection,182,0.03288670600054668,0.01352192699367476,200,201,600,6.0,0.0001,"1,2,3,5,6,7",9
1,engine_disjoint_epoch_selection,183,0.032928487823219034,0.013166495843023667,200,201,600,6.0,0.0001,"1,2,3,5,6,7",9
1,engine_disjoint_epoch_selection,184,0.032696165731758986,0.013163937302186922,200,201,600,6.0,0.0001,"1,2,3,5,6,7",9
1,engine_disjoint_epoch_selection,185,0.032585955458226,0.013499459973639527,200,201,600,6.0,0.0001,"1,2,3,5,6,7",9
1,engine_disjoint_epoch_selection,186,0.032348175993573446,0.012911910139522583,200,201,600,6.0,0.0001,"1,2,3,5,6,7",9
1,engine_disjoint_epoch_selection,187,0.03222552304972122,0.013050560294484459,200,201,600,6.0,0.0001,"1,2,3,5,6,7",9
1,engine_disjoint_epoch_selection,188,0.032100678411937124,0.01283069735944646,200,201,600,6.0,0.0001,"1,2,3,5,6,7",9
1,engine_disjoint_epoch_selection,189,0.031986429611385786,0.012682523796314462,200,201,600,6.0,0.0001,"1,2,3,5,6,7",9
1,engine_disjoint_epoch_selection,190,0.031875978744631266,0.01304377100457125,200,201,600,6.0,0.0001,"1,2,3,5,6,7",9
1,engine_disjoint_epoch_selection,191,0.031996239408990185,0.012978205950880796,200,201,600,6.0,0.0001,"1,2,3,5,6,7",9
1,engine_disjoint_epoch_selection,192,0.03173025719387155,0.012641221986342576,200,201,600,6.0,0.0001,"1,2,3,5,6,7",9
1,engine_disjoint_epoch_selection,193,0.03175825644965188,0.012837184389497094,200,201,600,6.0,0.0001,"1,2,3,5,6,7",9
1,engine_disjoint_epoch_selection,194,0.03147943468476955,0.01282207717486568,200,201,600,6.0,0.0001,"1,2,3,5,6,7",9
1,engine_disjoint_epoch_selection,195,0.031361132465939766,0.01233993757857334,200,201,600,6.0,0.0001,"1,2,3,5,6,7",9
1,engine_disjoint_epoch_selection,196,0.031262512518105925,0.012413552301353966,200,201,600,6.0,0.0001,"1,2,3,5,6,7",9
1,engine_disjoint_epoch_selection,197,0.03113760779682368,0.01255928844984415,200,201,600,6.0,0.0001,"1,2,3,5,6,7",9
1,engine_disjoint_epoch_selection,198,0.030977015148221602,0.012660044330284885,200,201,600,6.0,0.0001,"1,2,3,5,6,7",9
1,engine_disjoint_epoch_selection,199,0.030943538126575375,0.012478129454243574,200,201,600,6.0,0.0001,"1,2,3,5,6,7",9
1,engine_disjoint_epoch_selection,200,0.03095246162057391,0.012249773017067199,200,201,600,6.0,0.0001,"1,2,3,5,6,7",9
1,engine_disjoint_epoch_selection,201,0.030686084571038802,0.012350555567495808,200,201,600,6.0,0.0001,"1,2,3,5,6,7",9
2,engine_disjoint_epoch_selection,1,0.9336765778961228,0.9322464533325565,230,235,600,6.0,0.0001,"1,2,3,5,6,7",9
2,engine_disjoint_epoch_selection,2,0.8028307998551231,0.8031330450907422,230,235,600,6.0,0.0001,"1,2,3,5,6,7",9
2,engine_disjoint_epoch_selection,3,0.6833896868540708,0.6898362340418172,230,235,600,6.0,0.0001,"1,2,3,5,6,7",9
2,engine_disjoint_epoch_selection,4,0.5782987796803033,0.5923339872197987,230,235,600,6.0,0.0001,"1,2,3,5,6,7",9
2,engine_disjoint_epoch_selection,5,0.4943372334140696,0.5140800893904028,230,235,600,6.0,0.0001,"1,2,3,5,6,7",9
2,engine_disjoint_epoch_selection,6,0.4285008113933668,0.45337277485534766,230,235,600,6.0,0.0001,"1,2,3,5,6,7",9
2,engine_disjoint_epoch_selection,7,0.37596963498211455,0.39746812061673414,230,235,600,6.0,0.0001,"1,2,3,5,6,7",9
2,engine_disjoint_epoch_selection,8,0.33615279040715373,0.3543790783034258,230,235,600,6.0,0.0001,"1,2,3,5,6,7",9
2,engine_disjoint_epoch_selection,9,0.30529612152643415,0.3202474181175899,230,235,600,6.0,0.0001,"1,2,3,5,6,7",9
2,engine_disjoint_epoch_selection,10,0.2795039567224427,0.2929956404597741,230,235,600,6.0,0.0001,"1,2,3,5,6,7",9
2,engine_disjoint_epoch_selection,11,0.25743744440289,0.267268625124716,230,235,600,6.0,0.0001,"1,2,3,5,6,7",9
2,engine_disjoint_epoch_selection,12,0.23792944896332774,0.24476397729258914,230,235,600,6.0,0.0001,"1,2,3,5,6,7",9
2,engine_disjoint_epoch_selection,13,0.2210808590653079,0.2243969183205947,230,235,600,6.0,0.0001,"1,2,3,5,6,7",9
2,engine_disjoint_epoch_selection,14,0.2062714282064343,0.20672406152366507,230,235,600,6.0,0.0001,"1,2,3,5,6,7",9
2,engine_disjoint_epoch_selection,15,0.19375633993238095,0.19212370112180654,230,235,600,6.0,0.0001,"1,2,3,5,6,7",9
2,engine_disjoint_epoch_selection,16,0.18308351010363183,0.18042379080124096,230,235,600,6.0,0.0001,"1,2,3,5,6,7",9
2,engine_disjoint_epoch_selection,17,0.17392507338228633,0.1704032789491268,230,235,600,6.0,0.0001,"1,2,3,5,6,7",9
2,engine_disjoint_epoch_selection,18,0.16614890091370974,0.16189555637321393,230,235,600,6.0,0.0001,"1,2,3,5,6,7",9
2,engine_disjoint_epoch_selection,19,0.15935912643520178,0.15488514736853845,230,235,600,6.0,0.0001,"1,2,3,5,6,7",9
2,engine_disjoint_epoch_selection,20,0.15343932782872788,0.14941962408147139,230,235,600,6.0,0.0001,"1,2,3,5,6,7",9
2,engine_disjoint_epoch_selection,21,0.14826751013098796,0.14323441472761395,230,235,600,6.0,0.0001,"1,2,3,5,6,7",9
2,engine_disjoint_epoch_selection,22,0.14367271291997202,0.13833676838035824,230,235,600,6.0,0.0001,"1,2,3,5,6,7",9
2,engine_disjoint_epoch_selection,23,0.13955344681435933,0.13443349475100502,230,235,600,6.0,0.0001,"1,2,3,5,6,7",9
2,engine_disjoint_epoch_selection,24,0.13578572643375655,0.13014881006906262,230,235,600,6.0,0.0001,"1,2,3,5,6,7",9
2,engine_disjoint_epoch_selection,25,0.1324357245055544,0.12607007992348174,230,235,600,6.0,0.0001,"1,2,3,5,6,7",9
2,engine_disjoint_epoch_selection,26,0.1292015976648034,0.12245946318307031,230,235,600,6.0,0.0001,"1,2,3,5,6,7",9
2,engine_disjoint_epoch_selection,27,0.1262536940924605,0.11836461903081577,230,235,600,6.0,0.0001,"1,2,3,5,6,7",9
2,engine_disjoint_epoch_selection,28,0.12346100572443772,0.11459059349669912,230,235,600,6.0,0.0001,"1,2,3,5,6,7",9
2,engine_disjoint_epoch_selection,29,0.12071839991886066,0.11073071371561663,230,235,600,6.0,0.0001,"1,2,3,5,6,7",9
2,engine_disjoint_epoch_selection,30,0.1179767812569312,0.10665092566051675,230,235,600,6.0,0.0001,"1,2,3,5,6,7",9
2,engine_disjoint_epoch_selection,31,0.11520002221672314,0.10220481465396779,230,235,600,6.0,0.0001,"1,2,3,5,6,7",9
2,engine_disjoint_epoch_selection,32,0.11239490053942469,0.09746842572139544,230,235,600,6.0,0.0001,"1,2,3,5,6,7",9
2,engine_disjoint_epoch_selection,33,0.10953850845525863,0.0931451673469908,230,235,600,6.0,0.0001,"1,2,3,5,6,7",9
2,engine_disjoint_epoch_selection,34,0.10674985414975649,0.08940721563847297,230,235,600,6.0,0.0001,"1,2,3,5,6,7",9
2,engine_disjoint_epoch_selection,35,0.1041406742650121,0.08576946663039738,230,235,600,6.0,0.0001,"1,2,3,5,6,7",9
2,engine_disjoint_epoch_selection,36,0.10166296352615749,0.08273163588556535,230,235,600,6.0,0.0001,"1,2,3,5,6,7",9
2,engine_disjoint_epoch_selection,37,0.0992964069132573,0.08023423866302198,230,235,600,6.0,0.0001,"1,2,3,5,6,7",9
2,engine_disjoint_epoch_selection,38,0.09707616012789842,0.0779399849601182,230,235,600,6.0,0.0001,"1,2,3,5,6,7",9
2,engine_disjoint_epoch_selection,39,0.09493180289076952,0.07552337290884537,230,235,600,6.0,0.0001,"1,2,3,5,6,7",9
2,engine_disjoint_epoch_selection,40,0.09294326307549645,0.07298226002017759,230,235,600,6.0,0.0001,"1,2,3,5,6,7",9
2,engine_disjoint_epoch_selection,41,0.09099564663199491,0.07063520151928182,230,235,600,6.0,0.0001,"1,2,3,5,6,7",9
2,engine_disjoint_epoch_selection,42,0.08913099795300879,0.06808804521136172,230,235,600,6.0,0.0001,"1,2,3,5,6,7",9
2,engine_disjoint_epoch_selection,43,0.08737966410165393,0.06517576965744527,230,235,600,6.0,0.0001,"1,2,3,5,6,7",9
2,engine_disjoint_epoch_selection,44,0.08570469551236203,0.06277613127545525,230,235,600,6.0,0.0001,"1,2,3,5,6,7",9
2,engine_disjoint_epoch_selection,45,0.08412437197017872,0.06087939996481553,230,235,600,6.0,0.0001,"1,2,3,5,6,7",9
2,engine_disjoint_epoch_selection,46,0.08270567395974415,0.0589482039178454,230,235,600,6.0,0.0001,"1,2,3,5,6,7",9
2,engine_disjoint_epoch_selection,47,0.08139067361521167,0.05722976947714193,230,235,600,6.0,0.0001,"1,2,3,5,6,7",9
2,engine_disjoint_epoch_selection,48,0.08015533650040231,0.05502122955926785,230,235,600,6.0,0.0001,"1,2,3,5,6,7",9
2,engine_disjoint_epoch_selection,49,0.07896977525144788,0.05345431354267562,230,235,600,6.0,0.0001,"1,2,3,5,6,7",9
2,engine_disjoint_epoch_selection,50,0.07790767228412541,0.0523628585129122,230,235,600,6.0,0.0001,"1,2,3,5,6,7",9
2,engine_disjoint_epoch_selection,51,0.07694700339595849,0.051279159115622634,230,235,600,6.0,0.0001,"1,2,3,5,6,7",9
2,engine_disjoint_epoch_selection,52,0.07594762633337207,0.04950979477707475,230,235,600,6.0,0.0001,"1,2,3,5,6,7",9
2,engine_disjoint_epoch_selection,53,0.07500862068584123,0.04868326073786341,230,235,600,6.0,0.0001,"1,2,3,5,6,7",9
2,engine_disjoint_epoch_selection,54,0.07410130646249673,0.04742667581117728,230,235,600,6.0,0.0001,"1,2,3,5,6,7",9
2,engine_disjoint_epoch_selection,55,0.07322944092700144,0.04645340972167855,230,235,600,6.0,0.0001,"1,2,3,5,6,7",9
2,engine_disjoint_epoch_selection,56,0.07240908330965172,0.04549512238636964,230,235,600,6.0,0.0001,"1,2,3,5,6,7",9
2,engine_disjoint_epoch_selection,57,0.07163044449354868,0.044379518571585605,230,235,600,6.0,0.0001,"1,2,3,5,6,7",9
2,engine_disjoint_epoch_selection,58,0.07083097058673238,0.04394325002093772,230,235,600,6.0,0.0001,"1,2,3,5,6,7",9
2,engine_disjoint_epoch_selection,59,0.0700736301321884,0.04284005219551323,230,235,600,6.0,0.0001,"1,2,3,5,6,7",9
2,engine_disjoint_epoch_selection,60,0.0693636984956189,0.041921377793194055,230,235,600,6.0,0.0001,"1,2,3,5,6,7",9
2,engine_disjoint_epoch_selection,61,0.06865862820739654,0.041056035365627186,230,235,600,6.0,0.0001,"1,2,3,5,6,7",9
2,engine_disjoint_epoch_selection,62,0.06798392076644967,0.040628082517198516,230,235,600,6.0,0.0001,"1,2,3,5,6,7",9
2,engine_disjoint_epoch_selection,63,0.06735870605579354,0.0396933518931794,230,235,600,6.0,0.0001,"1,2,3,5,6,7",9
2,engine_disjoint_epoch_selection,64,0.06670533171307821,0.03959075422782605,230,235,600,6.0,0.0001,"1,2,3,5,6,7",9
2,engine_disjoint_epoch_selection,65,0.06614811758158323,0.038530141261040096,230,235,600,6.0,0.0001,"1,2,3,5,6,7",9
2,engine_disjoint_epoch_selection,66,0.06549255972504796,0.037972771407451644,230,235,600,6.0,0.0001,"1,2,3,5,6,7",9
2,engine_disjoint_epoch_selection,67,0.06495544677844979,0.03721947137694402,230,235,600,6.0,0.0001,"1,2,3,5,6,7",9
2,engine_disjoint_epoch_selection,68,0.0643251843626713,0.03669234395610567,230,235,600,6.0,0.0001,"1,2,3,5,6,7",9
2,engine_disjoint_epoch_selection,69,0.06378983371173533,0.036039724463323035,230,235,600,6.0,0.0001,"1,2,3,5,6,7",9
2,engine_disjoint_epoch_selection,70,0.06326739853582725,0.03571791105463743,230,235,600,6.0,0.0001,"1,2,3,5,6,7",9
2,engine_disjoint_epoch_selection,71,0.06272796750680733,0.03508135000605373,230,235,600,6.0,0.0001,"1,2,3,5,6,7",9
2,engine_disjoint_epoch_selection,72,0.062214000820573524,0.0345788789890052,230,235,600,6.0,0.0001,"1,2,3,5,6,7",9
2,engine_disjoint_epoch_selection,73,0.06178341090445143,0.03463028405713357,230,235,600,6.0,0.0001,"1,2,3,5,6,7",9
2,engine_disjoint_epoch_selection,74,0.06133758581789985,0.03383428759853814,230,235,600,6.0,0.0001,"1,2,3,5,6,7",9
2,engine_disjoint_epoch_selection,75,0.06076611697727804,0.033191078166477164,230,235,600,6.0,0.0001,"1,2,3,5,6,7",9
2,engine_disjoint_epoch_selection,76,0.06026815681146445,0.03310498522311984,230,235,600,6.0,0.0001,"1,2,3,5,6,7",9
2,engine_disjoint_epoch_selection,77,0.0598183038838858,0.032350937099452345,230,235,600,6.0,0.0001,"1,2,3,5,6,7",9
2,engine_disjoint_epoch_selection,78,0.059338532024119706,0.032131805811081694,230,235,600,6.0,0.0001,"1,2,3,5,6,7",9
2,engine_disjoint_epoch_selection,79,0.05899822611853422,0.031998007815913755,230,235,600,6.0,0.0001,"1,2,3,5,6,7",9
2,engine_disjoint_epoch_selection,80,0.05849349017015075,0.031379227648245876,230,235,600,6.0,0.0001,"1,2,3,5,6,7",9
2,engine_disjoint_epoch_selection,81,0.05805698568746785,0.03103266715781168,230,235,600,6.0,0.0001,"1,2,3,5,6,7",9
2,engine_disjoint_epoch_selection,82,0.05768197824932664,0.03091262376439013,230,235,600,6.0,0.0001,"1,2,3,5,6,7",9
2,engine_disjoint_epoch_selection,83,0.05728042335245264,0.03022693170864414,230,235,600,6.0,0.0001,"1,2,3,5,6,7",9
2,engine_disjoint_epoch_selection,84,0.056906612514909465,0.029905139191449034,230,235,600,6.0,0.0001,"1,2,3,5,6,7",9
2,engine_disjoint_epoch_selection,85,0.05651825409718994,0.029675875530185136,230,235,600,6.0,0.0001,"1,2,3,5,6,7",9
2,engine_disjoint_epoch_selection,86,0.05605621602880166,0.029384451239182936,230,235,600,6.0,0.0001,"1,2,3,5,6,7",9
2,engine_disjoint_epoch_selection,87,0.0557196745876818,0.029057149146992797,230,235,600,6.0,0.0001,"1,2,3,5,6,7",9
2,engine_disjoint_epoch_selection,88,0.05538476018234525,0.028640776407299163,230,235,600,6.0,0.0001,"1,2,3,5,6,7",9
2,engine_disjoint_epoch_selection,89,0.05501615546758497,0.0285398140567023,230,235,600,6.0,0.0001,"1,2,3,5,6,7",9
2,engine_disjoint_epoch_selection,90,0.054617911096571145,0.028124011165749578,230,235,600,6.0,0.0001,"1,2,3,5,6,7",9
2,engine_disjoint_epoch_selection,91,0.05424118917609802,0.027919785733601897,230,235,600,6.0,0.0001,"1,2,3,5,6,7",9
2,engine_disjoint_epoch_selection,92,0.05394763030591093,0.027701519886337775,230,235,600,6.0,0.0001,"1,2,3,5,6,7",9
2,engine_disjoint_epoch_selection,93,0.05360689984099522,0.027509388404691505,230,235,600,6.0,0.0001,"1,2,3,5,6,7",9
2,engine_disjoint_epoch_selection,94,0.053301668872792925,0.027203528093752732,230,235,600,6.0,0.0001,"1,2,3,5,6,7",9
2,engine_disjoint_epoch_selection,95,0.05293711164284962,0.02690870426829615,230,235,600,6.0,0.0001,"1,2,3,5,6,7",9
2,engine_disjoint_epoch_selection,96,0.0526063631611337,0.02666595226066481,230,235,600,6.0,0.0001,"1,2,3,5,6,7",9
2,engine_disjoint_epoch_selection,97,0.05226349711094116,0.026338105656222233,230,235,600,6.0,0.0001,"1,2,3,5,6,7",9
2,engine_disjoint_epoch_selection,98,0.051932268479697764,0.0263861178573932,230,235,600,6.0,0.0001,"1,2,3,5,6,7",9
2,engine_disjoint_epoch_selection,99,0.05165422411348049,0.02598175550223897,230,235,600,6.0,0.0001,"1,2,3,5,6,7",9
2,engine_disjoint_epoch_selection,100,0.05131940124474851,0.02585880285764013,230,235,600,6.0,0.0001,"1,2,3,5,6,7",9
2,engine_disjoint_epoch_selection,101,0.051013120169079364,0.025423464645069258,230,235,600,6.0,0.0001,"1,2,3,5,6,7",9
2,engine_disjoint_epoch_selection,102,0.050698571995787305,0.025365696562333864,230,235,600,6.0,0.0001,"1,2,3,5,6,7",9
2,engine_disjoint_epoch_selection,103,0.050434737002442734,0.025259981175398,230,235,600,6.0,0.0001,"1,2,3,5,6,7",9
2,engine_disjoint_epoch_selection,104,0.050177787128657024,0.024849869659857658,230,235,600,6.0,0.0001,"1,2,3,5,6,7",9
2,engine_disjoint_epoch_selection,105,0.04987622033213964,0.02454253805458782,230,235,600,6.0,0.0001,"1,2,3,5,6,7",9
2,engine_disjoint_epoch_selection,106,0.04955454129029242,0.02451420385947013,230,235,600,6.0,0.0001,"1,2,3,5,6,7",9
2,engine_disjoint_epoch_selection,107,0.049346813223794736,0.024395352614506562,230,235,600,6.0,0.0001,"1,2,3,5,6,7",9
2,engine_disjoint_epoch_selection,108,0.04902996540213596,0.02450746790953267,230,235,600,6.0,0.0001,"1,2,3,5,6,7",9
2,engine_disjoint_epoch_selection,109,0.04876375362542561,0.023924351294150138,230,235,600,6.0,0.0001,"1,2,3,5,6,7",9
2,engine_disjoint_epoch_selection,110,0.04845256730531573,0.023713313902599554,230,235,600,6.0,0.0001,"1,2,3,5,6,7",9
2,engine_disjoint_epoch_selection,111,0.04818998168005176,0.023692032141275434,230,235,600,6.0,0.0001,"1,2,3,5,6,7",9
2,engine_disjoint_epoch_selection,112,0.04798911937735514,0.023299406358785104,230,235,600,6.0,0.0001,"1,2,3,5,6,7",9
2,engine_disjoint_epoch_selection,113,0.047752490514572636,0.023321810037599134,230,235,600,6.0,0.0001,"1,2,3,5,6,7",9
2,engine_disjoint_epoch_selection,114,0.047500224042896486,0.023463440563705966,230,235,600,6.0,0.0001,"1,2,3,5,6,7",9
2,engine_disjoint_epoch_selection,115,0.047279728895514,0.022974888613329043,230,235,600,6.0,0.0001,"1,2,3,5,6,7",9
2,engine_disjoint_epoch_selection,116,0.046972419141967,0.022666796913404782,230,235,600,6.0,0.0001,"1,2,3,5,6,7",9
2,engine_disjoint_epoch_selection,117,0.04669634935107702,0.02282069252243522,230,235,600,6.0,0.0001,"1,2,3,5,6,7",9
2,engine_disjoint_epoch_selection,118,0.04647926893957213,0.022451513659784605,230,235,600,6.0,0.0001,"1,2,3,5,6,7",9
2,engine_disjoint_epoch_selection,119,0.04623934758173955,0.022372386028260458,230,235,600,6.0,0.0001,"1,2,3,5,6,7",9
2,engine_disjoint_epoch_selection,120,0.0459841971021518,0.022093321054139022,230,235,600,6.0,0.0001,"1,2,3,5,6,7",9
2,engine_disjoint_epoch_selection,121,0.04573686381403106,0.021904056596189245,230,235,600,6.0,0.0001,"1,2,3,5,6,7",9
2,engine_disjoint_epoch_selection,122,0.04552377155272848,0.021776810083542635,230,235,600,6.0,0.0001,"1,2,3,5,6,7",9
2,engine_disjoint_epoch_selection,123,0.045336558054811966,0.02161765693090257,230,235,600,6.0,0.0001,"1,2,3,5,6,7",9
2,engine_disjoint_epoch_selection,124,0.04508068254079678,0.021635265790396596,230,235,600,6.0,0.0001,"1,2,3,5,6,7",9
2,engine_disjoint_epoch_selection,125,0.04489750212609174,0.021526437571376,230,235,600,6.0,0.0001,"1,2,3,5,6,7",9
2,engine_disjoint_epoch_selection,126,0.044672391494571244,0.02119646759139883,230,235,600,6.0,0.0001,"1,2,3,5,6,7",9
2,engine_disjoint_epoch_selection,127,0.044417854062526546,0.02123744958376612,230,235,600,6.0,0.0001,"1,2,3,5,6,7",9
2,engine_disjoint_epoch_selection,128,0.04424725264373844,0.02126656921002671,230,235,600,6.0,0.0001,"1,2,3,5,6,7",9
2,engine_disjoint_epoch_selection,129,0.0441233092008203,0.020942591531825105,230,235,600,6.0,0.0001,"1,2,3,5,6,7",9
2,engine_disjoint_epoch_selection,130,0.04381061785532894,0.020758389037573873,230,235,600,6.0,0.0001,"1,2,3,5,6,7",9
2,engine_disjoint_epoch_selection,131,0.043591689026560965,0.02056301759690067,230,235,600,6.0,0.0001,"1,2,3,5,6,7",9
2,engine_disjoint_epoch_selection,132,0.04335029882017992,0.02033953021051055,230,235,600,6.0,0.0001,"1,2,3,5,6,7",9
2,engine_disjoint_epoch_selection,133,0.043167854961186726,0.02039153846486469,230,235,600,6.0,0.0001,"1,2,3,5,6,7",9
2,engine_disjoint_epoch_selection,134,0.04297836186193837,0.020324975509127936,230,235,600,6.0,0.0001,"1,2,3,5,6,7",9
2,engine_disjoint_epoch_selection,135,0.042808394056185965,0.020177305119767164,230,235,600,6.0,0.0001,"1,2,3,5,6,7",9
2,engine_disjoint_epoch_selection,136,0.04263859699586841,0.019968898278020585,230,235,600,6.0,0.0001,"1,2,3,5,6,7",9
2,engine_disjoint_epoch_selection,137,0.04237820052985373,0.019990052467902704,230,235,600,6.0,0.0001,"1,2,3,5,6,7",9
2,engine_disjoint_epoch_selection,138,0.042226877042585466,0.019919883729805344,230,235,600,6.0,0.0001,"1,2,3,5,6,7",9
2,engine_disjoint_epoch_selection,139,0.042110121729005974,0.01962766689566348,230,235,600,6.0,0.0001,"1,2,3,5,6,7",9
2,engine_disjoint_epoch_selection,140,0.04191337557798136,0.019608135574543512,230,235,600,6.0,0.0001,"1,2,3,5,6,7",9
2,engine_disjoint_epoch_selection,141,0.041684692657019067,0.019465549151621284,230,235,600,6.0,0.0001,"1,2,3,5,6,7",9
2,engine_disjoint_epoch_selection,142,0.041474466199998734,0.019513657142498697,230,235,600,6.0,0.0001,"1,2,3,5,6,7",9
2,engine_disjoint_epoch_selection,143,0.04134708031251401,0.0191863039328318,230,235,600,6.0,0.0001,"1,2,3,5,6,7",9
2,engine_disjoint_epoch_selection,144,0.04112189035695041,0.019102457935952884,230,235,600,6.0,0.0001,"1,2,3,5,6,7",9
2,engine_disjoint_epoch_selection,145,0.040993545610571294,0.01913672042487524,230,235,600,6.0,0.0001,"1,2,3,5,6,7",9
2,engine_disjoint_epoch_selection,146,0.04079468429574647,0.01905034966914422,230,235,600,6.0,0.0001,"1,2,3,5,6,7",9
2,engine_disjoint_epoch_selection,147,0.04061567617017169,0.0187797061881939,230,235,600,6.0,0.0001,"1,2,3,5,6,7",9
2,engine_disjoint_epoch_selection,148,0.04050068073278466,0.018981332185523433,230,235,600,6.0,0.0001,"1,2,3,5,6,7",9
2,engine_disjoint_epoch_selection,149,0.04050974971180198,0.018569904506081498,230,235,600,6.0,0.0001,"1,2,3,5,6,7",9
2,engine_disjoint_epoch_selection,150,0.04014435903214501,0.018596953874533338,230,235,600,6.0,0.0001,"1,2,3,5,6,7",9
2,engine_disjoint_epoch_selection,151,0.039896004727800534,0.018399488395312205,230,235,600,6.0,0.0001,"1,2,3,5,6,7",9
2,engine_disjoint_epoch_selection,152,0.03974124323166018,0.018309166036377805,230,235,600,6.0,0.0001,"1,2,3,5,6,7",9
2,engine_disjoint_epoch_selection,153,0.03958445957728795,0.018142045002610387,230,235,600,6.0,0.0001,"1,2,3,5,6,7",9
2,engine_disjoint_epoch_selection,154,0.039338019879985454,0.017999039638628634,230,235,600,6.0,0.0001,"1,2,3,5,6,7",9
2,engine_disjoint_epoch_selection,155,0.039130883316228986,0.017899180536530175,230,235,600,6.0,0.0001,"1,2,3,5,6,7",9
2,engine_disjoint_epoch_selection,156,0.0390187217691664,0.018336289191796102,230,235,600,6.0,0.0001,"1,2,3,5,6,7",9
2,engine_disjoint_epoch_selection,157,0.03889258092928062,0.017695739424275898,230,235,600,6.0,0.0001,"1,2,3,5,6,7",9
2,engine_disjoint_epoch_selection,158,0.03852177708936004,0.01743597174213083,230,235,600,6.0,0.0001,"1,2,3,5,6,7",9
2,engine_disjoint_epoch_selection,159,0.0382361878372326,0.017154632707043312,230,235,600,6.0,0.0001,"1,2,3,5,6,7",9
2,engine_disjoint_epoch_selection,160,0.037952682497421446,0.01756220212823943,230,235,600,6.0,0.0001,"1,2,3,5,6,7",9
2,engine_disjoint_epoch_selection,161,0.03788032831291676,0.01717128144697386,230,235,600,6.0,0.0001,"1,2,3,5,6,7",9
2,engine_disjoint_epoch_selection,162,0.03757603085678317,0.016600657053911668,230,235,600,6.0,0.0001,"1,2,3,5,6,7",9
2,engine_disjoint_epoch_selection,163,0.037264183848619244,0.016675924649190804,230,235,600,6.0,0.0001,"1,2,3,5,6,7",9
2,engine_disjoint_epoch_selection,164,0.0369649842728016,0.016424590683961297,230,235,600,6.0,0.0001,"1,2,3,5,6,7",9
2,engine_disjoint_epoch_selection,165,0.036738831253074804,0.016339368071208272,230,235,600,6.0,0.0001,"1,2,3,5,6,7",9
2,engine_disjoint_epoch_selection,166,0.03650636727699734,0.015975114710818247,230,235,600,6.0,0.0001,"1,2,3,5,6,7",9
2,engine_disjoint_epoch_selection,167,0.03624322413678113,0.015920718603549763,230,235,600,6.0,0.0001,"1,2,3,5,6,7",9
2,engine_disjoint_epoch_selection,168,0.036088542598354534,0.016074277281733388,230,235,600,6.0,0.0001,"1,2,3,5,6,7",9
2,engine_disjoint_epoch_selection,169,0.03593980477533827,0.015557938759989795,230,235,600,6.0,0.0001,"1,2,3,5,6,7",9
2,engine_disjoint_epoch_selection,170,0.03576881261218966,0.015545745019283753,230,235,600,6.0,0.0001,"1,2,3,5,6,7",9
2,engine_disjoint_epoch_selection,171,0.03559507484055833,0.01532202938224741,230,235,600,6.0,0.0001,"1,2,3,5,6,7",9
2,engine_disjoint_epoch_selection,172,0.03538018632460778,0.01520095208229593,230,235,600,6.0,0.0001,"1,2,3,5,6,7",9
2,engine_disjoint_epoch_selection,173,0.03516476005270776,0.014911935202199189,230,235,600,6.0,0.0001,"1,2,3,5,6,7",9
2,engine_disjoint_epoch_selection,174,0.03500678835229116,0.014941084387696337,230,235,600,6.0,0.0001,"1,2,3,5,6,7",9
2,engine_disjoint_epoch_selection,175,0.034863249912106424,0.01463007387984913,230,235,600,6.0,0.0001,"1,2,3,5,6,7",9
2,engine_disjoint_epoch_selection,176,0.034711528767707014,0.014505451471759455,230,235,600,6.0,0.0001,"1,2,3,5,6,7",9
2,engine_disjoint_epoch_selection,177,0.0345669291596224,0.014476744563561223,230,235,600,6.0,0.0001,"1,2,3,5,6,7",9
2,engine_disjoint_epoch_selection,178,0.03445635201959083,0.014367526740467762,230,235,600,6.0,0.0001,"1,2,3,5,6,7",9
2,engine_disjoint_epoch_selection,179,0.03432161730965327,0.014194149372044823,230,235,600,6.0,0.0001,"1,2,3,5,6,7",9
2,engine_disjoint_epoch_selection,180,0.034198168792309844,0.014184677970351053,230,235,600,6.0,0.0001,"1,2,3,5,6,7",9
2,engine_disjoint_epoch_selection,181,0.03407579161039979,0.014193976461623438,230,235,600,6.0,0.0001,"1,2,3,5,6,7",9
2,engine_disjoint_epoch_selection,182,0.033955057363645506,0.014126086451740039,230,235,600,6.0,0.0001,"1,2,3,5,6,7",9
2,engine_disjoint_epoch_selection,183,0.03378449621174639,0.013828483835796853,230,235,600,6.0,0.0001,"1,2,3,5,6,7",9
2,engine_disjoint_epoch_selection,184,0.03365346887831024,0.013807232744958788,230,235,600,6.0,0.0001,"1,2,3,5,6,7",9
2,engine_disjoint_epoch_selection,185,0.03351423487638786,0.01362285378428779,230,235,600,6.0,0.0001,"1,2,3,5,6,7",9
2,engine_disjoint_epoch_selection,186,0.03350199639203144,0.013838105256172416,230,235,600,6.0,0.0001,"1,2,3,5,6,7",9
2,engine_disjoint_epoch_selection,187,0.033319099602545185,0.013636338130157051,230,235,600,6.0,0.0001,"1,2,3,5,6,7",9
2,engine_disjoint_epoch_selection,188,0.03318222291301795,0.013370808174881838,230,235,600,6.0,0.0001,"1,2,3,5,6,7",9
2,engine_disjoint_epoch_selection,189,0.033206890847019756,0.01340864088618097,230,235,600,6.0,0.0001,"1,2,3,5,6,7",9
2,engine_disjoint_epoch_selection,190,0.032946590410910574,0.013392200616655636,230,235,600,6.0,0.0001,"1,2,3,5,6,7",9
2,engine_disjoint_epoch_selection,191,0.032849506365500415,0.013383150156270483,230,235,600,6.0,0.0001,"1,2,3,5,6,7",9
2,engine_disjoint_epoch_selection,192,0.032769466389777326,0.012941801861932133,230,235,600,6.0,0.0001,"1,2,3,5,6,7",9
2,engine_disjoint_epoch_selection,193,0.03263194810872494,0.013012921162847316,230,235,600,6.0,0.0001,"1,2,3,5,6,7",9
2,engine_disjoint_epoch_selection,194,0.03249694889890071,0.012794656426832687,230,235,600,6.0,0.0001,"1,2,3,5,6,7",9
2,engine_disjoint_epoch_selection,195,0.03237385549634578,0.012933591950664819,230,235,600,6.0,0.0001,"1,2,3,5,6,7",9
2,engine_disjoint_epoch_selection,196,0.03230582006529932,0.012819727104434154,230,235,600,6.0,0.0001,"1,2,3,5,6,7",9
2,engine_disjoint_epoch_selection,197,0.03218237949764214,0.012872037396400965,230,235,600,6.0,0.0001,"1,2,3,5,6,7",9
2,engine_disjoint_epoch_selection,198,0.03205874139756387,0.012684576496381189,230,235,600,6.0,0.0001,"1,2,3,5,6,7",9
2,engine_disjoint_epoch_selection,199,0.03195359567903169,0.012498672456903575,230,235,600,6.0,0.0001,"1,2,3,5,6,7",9
2,engine_disjoint_epoch_selection,200,0.0318503627529392,0.012529364501199253,230,235,600,6.0,0.0001,"1,2,3,5,6,7",9
2,engine_disjoint_epoch_selection,201,0.0317724409941567,0.012401672377505243,230,235,600,6.0,0.0001,"1,2,3,5,6,7",9
2,engine_disjoint_epoch_selection,202,0.03165674633001928,0.012481680785378941,230,235,600,6.0,0.0001,"1,2,3,5,6,7",9
2,engine_disjoint_epoch_selection,203,0.03159123999371841,0.012509262664588674,230,235,600,6.0,0.0001,"1,2,3,5,6,7",9
2,engine_disjoint_epoch_selection,204,0.03152438814421861,0.012363888116684084,230,235,600,6.0,0.0001,"1,2,3,5,6,7",9
2,engine_disjoint_epoch_selection,205,0.03147583606919289,0.012282090374873919,230,235,600,6.0,0.0001,"1,2,3,5,6,7",9
2,engine_disjoint_epoch_selection,206,0.031333347909294276,0.012118149514910614,230,235,600,6.0,0.0001,"1,2,3,5,6,7",9
2,engine_disjoint_epoch_selection,207,0.03116852562436882,0.012062215882841176,230,235,600,6.0,0.0001,"1,2,3,5,6,7",9
2,engine_disjoint_epoch_selection,208,0.031068873772697483,0.012066977586926238,230,235,600,6.0,0.0001,"1,2,3,5,6,7",9
2,engine_disjoint_epoch_selection,209,0.03098117450471012,0.012003226314661136,230,235,600,6.0,0.0001,"1,2,3,5,6,7",9
2,engine_disjoint_epoch_selection,210,0.030930214077999355,0.011942664995195704,230,235,600,6.0,0.0001,"1,2,3,5,6,7",9
2,engine_disjoint_epoch_selection,211,0.030828552107838338,0.011962974635461804,230,235,600,6.0,0.0001,"1,2,3,5,6,7",9
2,engine_disjoint_epoch_selection,212,0.030728126601919384,0.011859419517543759,230,235,600,6.0,0.0001,"1,2,3,5,6,7",9
2,engine_disjoint_epoch_selection,213,0.030638305055738682,0.012097352702866009,230,235,600,6.0,0.0001,"1,2,3,5,6,7",9
2,engine_disjoint_epoch_selection,214,0.030697509451093934,0.011719371410717471,230,235,600,6.0,0.0001,"1,2,3,5,6,7",9
2,engine_disjoint_epoch_selection,215,0.03053678347242811,0.011650184350423785,230,235,600,6.0,0.0001,"1,2,3,5,6,7",9
2,engine_disjoint_epoch_selection,216,0.030404883891353072,0.01172286517912901,230,235,600,6.0,0.0001,"1,2,3,5,6,7",9
2,engine_disjoint_epoch_selection,217,0.030270111823650834,0.011817952575896953,230,235,600,6.0,0.0001,"1,2,3,5,6,7",9
2,engine_disjoint_epoch_selection,218,0.030324091748577777,0.011586065032326016,230,235,600,6.0,0.0001,"1,2,3,5,6,7",9
2,engine_disjoint_epoch_selection,219,0.03017188336906099,0.011541770182964936,230,235,600,6.0,0.0001,"1,2,3,5,6,7",9
2,engine_disjoint_epoch_selection,220,0.030064701724362063,0.011663430444401367,230,235,600,6.0,0.0001,"1,2,3,5,6,7",9
2,engine_disjoint_epoch_selection,221,0.029978315767583728,0.011360009548353499,230,235,600,6.0,0.0001,"1,2,3,5,6,7",9
2,engine_disjoint_epoch_selection,222,0.02986364724664161,0.011324150638406968,230,235,600,6.0,0.0001,"1,2,3,5,6,7",9
2,engine_disjoint_epoch_selection,223,0.029759709880417547,0.011456552459709685,230,235,600,6.0,0.0001,"1,2,3,5,6,7",9
2,engine_disjoint_epoch_selection,224,0.02979788035649398,0.011335454712767501,230,235,600,6.0,0.0001,"1,2,3,5,6,7",9
2,engine_disjoint_epoch_selection,225,0.02975123009988456,0.011241588801444201,230,235,600,6.0,0.0001,"1,2,3,5,6,7",9
2,engine_disjoint_epoch_selection,226,0.029566331429626964,0.011249984069127243,230,235,600,6.0,0.0001,"1,2,3,5,6,7",9
2,engine_disjoint_epoch_selection,227,0.029442680944167965,0.011052107427593045,230,235,600,6.0,0.0001,"1,2,3,5,6,7",9
2,engine_disjoint_epoch_selection,228,0.029338310723288907,0.011282320540425272,230,235,600,6.0,0.0001,"1,2,3,5,6,7",9
2,engine_disjoint_epoch_selection,229,0.029317563655188495,0.01092634354402235,230,235,600,6.0,0.0001,"1,2,3,5,6,7",9
2,engine_disjoint_epoch_selection,230,0.029241156455650317,0.010861033855465791,230,235,600,6.0,0.0001,"1,2,3,5,6,7",9
2,engine_disjoint_epoch_selection,231,0.0291023109802412,0.01102254174578526,230,235,600,6.0,0.0001,"1,2,3,5,6,7",9
2,engine_disjoint_epoch_selection,232,0.029034732886579092,0.010986556375646224,230,235,600,6.0,0.0001,"1,2,3,5,6,7",9
2,engine_disjoint_epoch_selection,233,0.02907249602764548,0.011028077101768577,230,235,600,6.0,0.0001,"1,2,3,5,6,7",9
2,engine_disjoint_epoch_selection,234,0.029049757419126482,0.011043436125535504,230,235,600,6.0,0.0001,"1,2,3,5,6,7",9
2,engine_disjoint_epoch_selection,235,0.028926959220681153,0.010990866467936615,230,235,600,6.0,0.0001,"1,2,3,5,6,7",9
0,all_training_engines_refit,1,0.8876691627354549,,170,170,170,,,"1,2,3,5,6,7,9",none
0,all_training_engines_refit,2,0.7546314718774231,,170,170,170,,,"1,2,3,5,6,7,9",none
0,all_training_engines_refit,3,0.6219956753537673,,170,170,170,,,"1,2,3,5,6,7,9",none
0,all_training_engines_refit,4,0.5208141061412546,,170,170,170,,,"1,2,3,5,6,7,9",none
0,all_training_engines_refit,5,0.44840489243164455,,170,170,170,,,"1,2,3,5,6,7,9",none
0,all_training_engines_refit,6,0.3921817236828143,,170,170,170,,,"1,2,3,5,6,7,9",none
0,all_training_engines_refit,7,0.3458776621126127,,170,170,170,,,"1,2,3,5,6,7,9",none
0,all_training_engines_refit,8,0.30711540299071843,,170,170,170,,,"1,2,3,5,6,7,9",none
0,all_training_engines_refit,9,0.27348246897851997,,170,170,170,,,"1,2,3,5,6,7,9",none
0,all_training_engines_refit,10,0.24519916254040877,,170,170,170,,,"1,2,3,5,6,7,9",none
0,all_training_engines_refit,11,0.22281376789803206,,170,170,170,,,"1,2,3,5,6,7,9",none
0,all_training_engines_refit,12,0.20469176728777513,,170,170,170,,,"1,2,3,5,6,7,9",none
0,all_training_engines_refit,13,0.18985049159337944,,170,170,170,,,"1,2,3,5,6,7,9",none
0,all_training_engines_refit,14,0.17740036822210636,,170,170,170,,,"1,2,3,5,6,7,9",none
0,all_training_engines_refit,15,0.1666924855609695,,170,170,170,,,"1,2,3,5,6,7,9",none
0,all_training_engines_refit,16,0.15730873948957017,,170,170,170,,,"1,2,3,5,6,7,9",none
0,all_training_engines_refit,17,0.1490930885826342,,170,170,170,,,"1,2,3,5,6,7,9",none
0,all_training_engines_refit,18,0.14199644695459554,,170,170,170,,,"1,2,3,5,6,7,9",none
0,all_training_engines_refit,19,0.13564352003547178,,170,170,170,,,"1,2,3,5,6,7,9",none
0,all_training_engines_refit,20,0.13011585285675015,,170,170,170,,,"1,2,3,5,6,7,9",none
0,all_training_engines_refit,21,0.12522170101333144,,170,170,170,,,"1,2,3,5,6,7,9",none
0,all_training_engines_refit,22,0.12086495424744241,,170,170,170,,,"1,2,3,5,6,7,9",none
0,all_training_engines_refit,23,0.11701996134378091,,170,170,170,,,"1,2,3,5,6,7,9",none
0,all_training_engines_refit,24,0.1134565569672947,,170,170,170,,,"1,2,3,5,6,7,9",none
0,all_training_engines_refit,25,0.11009141689398554,,170,170,170,,,"1,2,3,5,6,7,9",none
0,all_training_engines_refit,26,0.10704903156246554,,170,170,170,,,"1,2,3,5,6,7,9",none
0,all_training_engines_refit,27,0.10415867233572151,,170,170,170,,,"1,2,3,5,6,7,9",none
0,all_training_engines_refit,28,0.10136014775622226,,170,170,170,,,"1,2,3,5,6,7,9",none
0,all_training_engines_refit,29,0.09866117044603222,,170,170,170,,,"1,2,3,5,6,7,9",none
0,all_training_engines_refit,30,0.0959956412206872,,170,170,170,,,"1,2,3,5,6,7,9",none
0,all_training_engines_refit,31,0.0935255781806939,,170,170,170,,,"1,2,3,5,6,7,9",none
0,all_training_engines_refit,32,0.09106998204426352,,170,170,170,,,"1,2,3,5,6,7,9",none
0,all_training_engines_refit,33,0.08878177381614284,,170,170,170,,,"1,2,3,5,6,7,9",none
0,all_training_engines_refit,34,0.08668125979049535,,170,170,170,,,"1,2,3,5,6,7,9",none
0,all_training_engines_refit,35,0.08472256344150902,,170,170,170,,,"1,2,3,5,6,7,9",none
0,all_training_engines_refit,36,0.08287347754974174,,170,170,170,,,"1,2,3,5,6,7,9",none
0,all_training_engines_refit,37,0.08117562261342601,,170,170,170,,,"1,2,3,5,6,7,9",none
0,all_training_engines_refit,38,0.07960495974672614,,170,170,170,,,"1,2,3,5,6,7,9",none
0,all_training_engines_refit,39,0.07813625713583078,,170,170,170,,,"1,2,3,5,6,7,9",none
0,all_training_engines_refit,40,0.07671288966380359,,170,170,170,,,"1,2,3,5,6,7,9",none
0,all_training_engines_refit,41,0.07539409289547844,,170,170,170,,,"1,2,3,5,6,7,9",none
0,all_training_engines_refit,42,0.07414195362965259,,170,170,170,,,"1,2,3,5,6,7,9",none
0,all_training_engines_refit,43,0.07301394251788262,,170,170,170,,,"1,2,3,5,6,7,9",none
0,all_training_engines_refit,44,0.07189604538729642,,170,170,170,,,"1,2,3,5,6,7,9",none
0,all_training_engines_refit,45,0.07091055163463575,,170,170,170,,,"1,2,3,5,6,7,9",none
0,all_training_engines_refit,46,0.0699450430973708,,170,170,170,,,"1,2,3,5,6,7,9",none
0,all_training_engines_refit,47,0.06899451949386615,,170,170,170,,,"1,2,3,5,6,7,9",none
0,all_training_engines_refit,48,0.06806162625614173,,170,170,170,,,"1,2,3,5,6,7,9",none
0,all_training_engines_refit,49,0.06721042155620265,,170,170,170,,,"1,2,3,5,6,7,9",none
0,all_training_engines_refit,50,0.06637932670897001,,170,170,170,,,"1,2,3,5,6,7,9",none
0,all_training_engines_refit,51,0.06565705328930355,,170,170,170,,,"1,2,3,5,6,7,9",none
0,all_training_engines_refit,52,0.06495585163271793,,170,170,170,,,"1,2,3,5,6,7,9",none
0,all_training_engines_refit,53,0.06413591590457662,,170,170,170,,,"1,2,3,5,6,7,9",none
0,all_training_engines_refit,54,0.06338927293282129,,170,170,170,,,"1,2,3,5,6,7,9",none
0,all_training_engines_refit,55,0.06273394484420641,,170,170,170,,,"1,2,3,5,6,7,9",none
0,all_training_engines_refit,56,0.062081735340217443,,170,170,170,,,"1,2,3,5,6,7,9",none
0,all_training_engines_refit,57,0.061396195861044514,,170,170,170,,,"1,2,3,5,6,7,9",none
0,all_training_engines_refit,58,0.06076914453081918,,170,170,170,,,"1,2,3,5,6,7,9",none
0,all_training_engines_refit,59,0.06012256257480034,,170,170,170,,,"1,2,3,5,6,7,9",none
0,all_training_engines_refit,60,0.05960368969864949,,170,170,170,,,"1,2,3,5,6,7,9",none
0,all_training_engines_refit,61,0.059045796674705595,,170,170,170,,,"1,2,3,5,6,7,9",none
0,all_training_engines_refit,62,0.0583846391909537,,170,170,170,,,"1,2,3,5,6,7,9",none
0,all_training_engines_refit,63,0.05784773296865052,,170,170,170,,,"1,2,3,5,6,7,9",none
0,all_training_engines_refit,64,0.057270349300767305,,170,170,170,,,"1,2,3,5,6,7,9",none
0,all_training_engines_refit,65,0.05680089562829333,,170,170,170,,,"1,2,3,5,6,7,9",none
0,all_training_engines_refit,66,0.05628699314938181,,170,170,170,,,"1,2,3,5,6,7,9",none
0,all_training_engines_refit,67,0.05571081056903637,,170,170,170,,,"1,2,3,5,6,7,9",none
0,all_training_engines_refit,68,0.05522139636384195,,170,170,170,,,"1,2,3,5,6,7,9",none
0,all_training_engines_refit,69,0.05470992472046776,,170,170,170,,,"1,2,3,5,6,7,9",none
0,all_training_engines_refit,70,0.0542125668756076,,170,170,170,,,"1,2,3,5,6,7,9",none
0,all_training_engines_refit,71,0.05365947993572171,,170,170,170,,,"1,2,3,5,6,7,9",none
0,all_training_engines_refit,72,0.05312441573455746,,170,170,170,,,"1,2,3,5,6,7,9",none
0,all_training_engines_refit,73,0.05282736708112542,,170,170,170,,,"1,2,3,5,6,7,9",none
0,all_training_engines_refit,74,0.05222779552406374,,170,170,170,,,"1,2,3,5,6,7,9",none
0,all_training_engines_refit,75,0.051555451586687555,,170,170,170,,,"1,2,3,5,6,7,9",none
0,all_training_engines_refit,76,0.05102495633230844,,170,170,170,,,"1,2,3,5,6,7,9",none
0,all_training_engines_refit,77,0.050439816184714624,,170,170,170,,,"1,2,3,5,6,7,9",none
0,all_training_engines_refit,78,0.04997416558213031,,170,170,170,,,"1,2,3,5,6,7,9",none
0,all_training_engines_refit,79,0.04945382327084388,,170,170,170,,,"1,2,3,5,6,7,9",none
0,all_training_engines_refit,80,0.04900258918652665,,170,170,170,,,"1,2,3,5,6,7,9",none
0,all_training_engines_refit,81,0.048512673270259,,170,170,170,,,"1,2,3,5,6,7,9",none
0,all_training_engines_refit,82,0.048094795067735334,,170,170,170,,,"1,2,3,5,6,7,9",none
0,all_training_engines_refit,83,0.04766120603641008,,170,170,170,,,"1,2,3,5,6,7,9",none
0,all_training_engines_refit,84,0.04727266788520914,,170,170,170,,,"1,2,3,5,6,7,9",none
0,all_training_engines_refit,85,0.046861570278771636,,170,170,170,,,"1,2,3,5,6,7,9",none
0,all_training_engines_refit,86,0.046446965488564286,,170,170,170,,,"1,2,3,5,6,7,9",none
0,all_training_engines_refit,87,0.04610748435847852,,170,170,170,,,"1,2,3,5,6,7,9",none
0,all_training_engines_refit,88,0.045787529774405214,,170,170,170,,,"1,2,3,5,6,7,9",none
0,all_training_engines_refit,89,0.045353378141274735,,170,170,170,,,"1,2,3,5,6,7,9",none
0,all_training_engines_refit,90,0.04502915824812009,,170,170,170,,,"1,2,3,5,6,7,9",none
0,all_training_engines_refit,91,0.04470139741100751,,170,170,170,,,"1,2,3,5,6,7,9",none
0,all_training_engines_refit,92,0.04437808975689309,,170,170,170,,,"1,2,3,5,6,7,9",none
0,all_training_engines_refit,93,0.0440162516307048,,170,170,170,,,"1,2,3,5,6,7,9",none
0,all_training_engines_refit,94,0.04368304744773598,,170,170,170,,,"1,2,3,5,6,7,9",none
0,all_training_engines_refit,95,0.0433633702887733,,170,170,170,,,"1,2,3,5,6,7,9",none
0,all_training_engines_refit,96,0.04318647174789818,,170,170,170,,,"1,2,3,5,6,7,9",none
0,all_training_engines_refit,97,0.04283345242540568,,170,170,170,,,"1,2,3,5,6,7,9",none
0,all_training_engines_refit,98,0.042532878637167225,,170,170,170,,,"1,2,3,5,6,7,9",none
0,all_training_engines_refit,99,0.042189772009661494,,170,170,170,,,"1,2,3,5,6,7,9",none
0,all_training_engines_refit,100,0.04191378859166063,,170,170,170,,,"1,2,3,5,6,7,9",none
0,all_training_engines_refit,101,0.04162514051337066,,170,170,170,,,"1,2,3,5,6,7,9",none
0,all_training_engines_refit,102,0.04136768200414002,,170,170,170,,,"1,2,3,5,6,7,9",none
0,all_training_engines_refit,103,0.04109614335458893,,170,170,170,,,"1,2,3,5,6,7,9",none
0,all_training_engines_refit,104,0.04086553362938705,,170,170,170,,,"1,2,3,5,6,7,9",none
0,all_training_engines_refit,105,0.04054435735488173,,170,170,170,,,"1,2,3,5,6,7,9",none
0,all_training_engines_refit,106,0.040359856091043894,,170,170,170,,,"1,2,3,5,6,7,9",none
0,all_training_engines_refit,107,0.040145898655115524,,170,170,170,,,"1,2,3,5,6,7,9",none
0,all_training_engines_refit,108,0.039843581933420115,,170,170,170,,,"1,2,3,5,6,7,9",none
0,all_training_engines_refit,109,0.03960205262327114,,170,170,170,,,"1,2,3,5,6,7,9",none
0,all_training_engines_refit,110,0.03932330928439492,,170,170,170,,,"1,2,3,5,6,7,9",none
0,all_training_engines_refit,111,0.03908958071958081,,170,170,170,,,"1,2,3,5,6,7,9",none
0,all_training_engines_refit,112,0.03887479100832056,,170,170,170,,,"1,2,3,5,6,7,9",none
0,all_training_engines_refit,113,0.038756423913069306,,170,170,170,,,"1,2,3,5,6,7,9",none
0,all_training_engines_refit,114,0.03859256950311714,,170,170,170,,,"1,2,3,5,6,7,9",none
0,all_training_engines_refit,115,0.03825179589839833,,170,170,170,,,"1,2,3,5,6,7,9",none
0,all_training_engines_refit,116,0.03795644978859097,,170,170,170,,,"1,2,3,5,6,7,9",none
0,all_training_engines_refit,117,0.03775173458663293,,170,170,170,,,"1,2,3,5,6,7,9",none
0,all_training_engines_refit,118,0.03752384444347139,,170,170,170,,,"1,2,3,5,6,7,9",none
0,all_training_engines_refit,119,0.03729679544916548,,170,170,170,,,"1,2,3,5,6,7,9",none
0,all_training_engines_refit,120,0.037127202725187984,,170,170,170,,,"1,2,3,5,6,7,9",none
0,all_training_engines_refit,121,0.03698581842326763,,170,170,170,,,"1,2,3,5,6,7,9",none
0,all_training_engines_refit,122,0.03681467762637504,,170,170,170,,,"1,2,3,5,6,7,9",none
0,all_training_engines_refit,123,0.03655227472850917,,170,170,170,,,"1,2,3,5,6,7,9",none
0,all_training_engines_refit,124,0.036346845972847486,,170,170,170,,,"1,2,3,5,6,7,9",none
0,all_training_engines_refit,125,0.03620354891658444,,170,170,170,,,"1,2,3,5,6,7,9",none
0,all_training_engines_refit,126,0.035982193052728866,,170,170,170,,,"1,2,3,5,6,7,9",none
0,all_training_engines_refit,127,0.03576809251848056,,170,170,170,,,"1,2,3,5,6,7,9",none
0,all_training_engines_refit,128,0.035608764931574305,,170,170,170,,,"1,2,3,5,6,7,9",none
0,all_training_engines_refit,129,0.035483751363038524,,170,170,170,,,"1,2,3,5,6,7,9",none
0,all_training_engines_refit,130,0.03536205929723807,,170,170,170,,,"1,2,3,5,6,7,9",none
0,all_training_engines_refit,131,0.03512413926737942,,170,170,170,,,"1,2,3,5,6,7,9",none
0,all_training_engines_refit,132,0.03492144661687127,,170,170,170,,,"1,2,3,5,6,7,9",none
0,all_training_engines_refit,133,0.03474008754939211,,170,170,170,,,"1,2,3,5,6,7,9",none
0,all_training_engines_refit,134,0.034590676992239985,,170,170,170,,,"1,2,3,5,6,7,9",none
0,all_training_engines_refit,135,0.034435062771037805,,170,170,170,,,"1,2,3,5,6,7,9",none
0,all_training_engines_refit,136,0.03424990037868267,,170,170,170,,,"1,2,3,5,6,7,9",none
0,all_training_engines_refit,137,0.03406519226994617,,170,170,170,,,"1,2,3,5,6,7,9",none
0,all_training_engines_refit,138,0.03392311588416989,,170,170,170,,,"1,2,3,5,6,7,9",none
0,all_training_engines_refit,139,0.03377030712439891,,170,170,170,,,"1,2,3,5,6,7,9",none
0,all_training_engines_refit,140,0.03360495324192326,,170,170,170,,,"1,2,3,5,6,7,9",none
0,all_training_engines_refit,141,0.03349527873214192,,170,170,170,,,"1,2,3,5,6,7,9",none
0,all_training_engines_refit,142,0.03329895635374198,,170,170,170,,,"1,2,3,5,6,7,9",none
0,all_training_engines_refit,143,0.033146683728196735,,170,170,170,,,"1,2,3,5,6,7,9",none
0,all_training_engines_refit,144,0.03298122147653725,,170,170,170,,,"1,2,3,5,6,7,9",none
0,all_training_engines_refit,145,0.032871695368791184,,170,170,170,,,"1,2,3,5,6,7,9",none
0,all_training_engines_refit,146,0.032753101233725136,,170,170,170,,,"1,2,3,5,6,7,9",none
0,all_training_engines_refit,147,0.0325317249199671,,170,170,170,,,"1,2,3,5,6,7,9",none
0,all_training_engines_refit,148,0.032458062994394396,,170,170,170,,,"1,2,3,5,6,7,9",none
0,all_training_engines_refit,149,0.032285216441049557,,170,170,170,,,"1,2,3,5,6,7,9",none
0,all_training_engines_refit,150,0.032396415412013234,,170,170,170,,,"1,2,3,5,6,7,9",none
0,all_training_engines_refit,151,0.032030497861767177,,170,170,170,,,"1,2,3,5,6,7,9",none
0,all_training_engines_refit,152,0.03191120348328311,,170,170,170,,,"1,2,3,5,6,7,9",none
0,all_training_engines_refit,153,0.03171140655936164,,170,170,170,,,"1,2,3,5,6,7,9",none
0,all_training_engines_refit,154,0.03170012321093768,,170,170,170,,,"1,2,3,5,6,7,9",none
0,all_training_engines_refit,155,0.03150877847138842,,170,170,170,,,"1,2,3,5,6,7,9",none
0,all_training_engines_refit,156,0.03133994315876074,,170,170,170,,,"1,2,3,5,6,7,9",none
0,all_training_engines_refit,157,0.031265165821052085,,170,170,170,,,"1,2,3,5,6,7,9",none
0,all_training_engines_refit,158,0.03123372503947531,,170,170,170,,,"1,2,3,5,6,7,9",none
0,all_training_engines_refit,159,0.03103721578160517,,170,170,170,,,"1,2,3,5,6,7,9",none
0,all_training_engines_refit,160,0.03084476952667412,,170,170,170,,,"1,2,3,5,6,7,9",none
0,all_training_engines_refit,161,0.030769036398262638,,170,170,170,,,"1,2,3,5,6,7,9",none
0,all_training_engines_refit,162,0.030630437158868293,,170,170,170,,,"1,2,3,5,6,7,9",none
0,all_training_engines_refit,163,0.030528497097979942,,170,170,170,,,"1,2,3,5,6,7,9",none
0,all_training_engines_refit,164,0.030399734210669684,,170,170,170,,,"1,2,3,5,6,7,9",none
0,all_training_engines_refit,165,0.030271851383126713,,170,170,170,,,"1,2,3,5,6,7,9",none
0,all_training_engines_refit,166,0.030197704779566622,,170,170,170,,,"1,2,3,5,6,7,9",none
0,all_training_engines_refit,167,0.03007470188011846,,170,170,170,,,"1,2,3,5,6,7,9",none
0,all_training_engines_refit,168,0.029959484987796166,,170,170,170,,,"1,2,3,5,6,7,9",none
0,all_training_engines_refit,169,0.02985592716623285,,170,170,170,,,"1,2,3,5,6,7,9",none
0,all_training_engines_refit,170,0.029742107114442282,,170,170,170,,,"1,2,3,5,6,7,9",none
1,all_training_engines_refit,1,0.9331047605000117,,200,200,200,,,"1,2,3,5,6,7,9",none
1,all_training_engines_refit,2,0.8002216476497954,,200,200,200,,,"1,2,3,5,6,7,9",none
1,all_training_engines_refit,3,0.6867731233633877,,200,200,200,,,"1,2,3,5,6,7,9",none
1,all_training_engines_refit,4,0.5904165855279814,,200,200,200,,,"1,2,3,5,6,7,9",none
1,all_training_engines_refit,5,0.5005397680867072,,200,200,200,,,"1,2,3,5,6,7,9",none
1,all_training_engines_refit,6,0.4257602146489649,,200,200,200,,,"1,2,3,5,6,7,9",none
1,all_training_engines_refit,7,0.36777463189669685,,200,200,200,,,"1,2,3,5,6,7,9",none
1,all_training_engines_refit,8,0.32241542150443836,,200,200,200,,,"1,2,3,5,6,7,9",none
1,all_training_engines_refit,9,0.28628851163164504,,200,200,200,,,"1,2,3,5,6,7,9",none
1,all_training_engines_refit,10,0.25704106725870884,,200,200,200,,,"1,2,3,5,6,7,9",none
1,all_training_engines_refit,11,0.23280632827043604,,200,200,200,,,"1,2,3,5,6,7,9",none
1,all_training_engines_refit,12,0.21281982855963702,,200,200,200,,,"1,2,3,5,6,7,9",none
1,all_training_engines_refit,13,0.19627284455441532,,200,200,200,,,"1,2,3,5,6,7,9",none
1,all_training_engines_refit,14,0.1823568146501817,,200,200,200,,,"1,2,3,5,6,7,9",none
1,all_training_engines_refit,15,0.17051357951528492,,200,200,200,,,"1,2,3,5,6,7,9",none
1,all_training_engines_refit,16,0.16045754468554796,,200,200,200,,,"1,2,3,5,6,7,9",none
1,all_training_engines_refit,17,0.15176172721309777,,200,200,200,,,"1,2,3,5,6,7,9",none
1,all_training_engines_refit,18,0.14385198644799876,,200,200,200,,,"1,2,3,5,6,7,9",none
1,all_training_engines_refit,19,0.13673966010175717,,200,200,200,,,"1,2,3,5,6,7,9",none
1,all_training_engines_refit,20,0.1303652384482534,,200,200,200,,,"1,2,3,5,6,7,9",none
1,all_training_engines_refit,21,0.12457533722360364,,200,200,200,,,"1,2,3,5,6,7,9",none
1,all_training_engines_refit,22,0.11934743603647484,,200,200,200,,,"1,2,3,5,6,7,9",none
1,all_training_engines_refit,23,0.11472639860703612,,200,200,200,,,"1,2,3,5,6,7,9",none
1,all_training_engines_refit,24,0.11059042429631415,,200,200,200,,,"1,2,3,5,6,7,9",none
1,all_training_engines_refit,25,0.10681358495085881,,200,200,200,,,"1,2,3,5,6,7,9",none
1,all_training_engines_refit,26,0.1034872525707451,,200,200,200,,,"1,2,3,5,6,7,9",none
1,all_training_engines_refit,27,0.10031319291817116,,200,200,200,,,"1,2,3,5,6,7,9",none
1,all_training_engines_refit,28,0.09741494319090942,,200,200,200,,,"1,2,3,5,6,7,9",none
1,all_training_engines_refit,29,0.0947419316471396,,200,200,200,,,"1,2,3,5,6,7,9",none
1,all_training_engines_refit,30,0.09222938013549782,,200,200,200,,,"1,2,3,5,6,7,9",none
1,all_training_engines_refit,31,0.0898837249185506,,200,200,200,,,"1,2,3,5,6,7,9",none
1,all_training_engines_refit,32,0.08770950414073624,,200,200,200,,,"1,2,3,5,6,7,9",none
1,all_training_engines_refit,33,0.08570605708151552,,200,200,200,,,"1,2,3,5,6,7,9",none
1,all_training_engines_refit,34,0.0837909813434159,,200,200,200,,,"1,2,3,5,6,7,9",none
1,all_training_engines_refit,35,0.08213391830180373,,200,200,200,,,"1,2,3,5,6,7,9",none
1,all_training_engines_refit,36,0.0805208195926308,,200,200,200,,,"1,2,3,5,6,7,9",none
1,all_training_engines_refit,37,0.07907501454882557,,200,200,200,,,"1,2,3,5,6,7,9",none
1,all_training_engines_refit,38,0.07767889246654136,,200,200,200,,,"1,2,3,5,6,7,9",none
1,all_training_engines_refit,39,0.07635127541559979,,200,200,200,,,"1,2,3,5,6,7,9",none
1,all_training_engines_refit,40,0.07511807326942085,,200,200,200,,,"1,2,3,5,6,7,9",none
1,all_training_engines_refit,41,0.07400400276945981,,200,200,200,,,"1,2,3,5,6,7,9",none
1,all_training_engines_refit,42,0.07295378533051214,,200,200,200,,,"1,2,3,5,6,7,9",none
1,all_training_engines_refit,43,0.07192192282645717,,200,200,200,,,"1,2,3,5,6,7,9",none
1,all_training_engines_refit,44,0.07098610938345984,,200,200,200,,,"1,2,3,5,6,7,9",none
1,all_training_engines_refit,45,0.07002848828687683,,200,200,200,,,"1,2,3,5,6,7,9",none
1,all_training_engines_refit,46,0.06916194891394793,,200,200,200,,,"1,2,3,5,6,7,9",none
1,all_training_engines_refit,47,0.06829254125095982,,200,200,200,,,"1,2,3,5,6,7,9",none
1,all_training_engines_refit,48,0.06766449894192021,,200,200,200,,,"1,2,3,5,6,7,9",none
1,all_training_engines_refit,49,0.06681682315058499,,200,200,200,,,"1,2,3,5,6,7,9",none
1,all_training_engines_refit,50,0.06602818546268137,,200,200,200,,,"1,2,3,5,6,7,9",none
1,all_training_engines_refit,51,0.06529872520273183,,200,200,200,,,"1,2,3,5,6,7,9",none
1,all_training_engines_refit,52,0.06455733127726077,,200,200,200,,,"1,2,3,5,6,7,9",none
1,all_training_engines_refit,53,0.06395223579866734,,200,200,200,,,"1,2,3,5,6,7,9",none
1,all_training_engines_refit,54,0.06324681105873411,,200,200,200,,,"1,2,3,5,6,7,9",none
1,all_training_engines_refit,55,0.06264704040835775,,200,200,200,,,"1,2,3,5,6,7,9",none
1,all_training_engines_refit,56,0.06204661230126701,,200,200,200,,,"1,2,3,5,6,7,9",none
1,all_training_engines_refit,57,0.06142898944701643,,200,200,200,,,"1,2,3,5,6,7,9",none
1,all_training_engines_refit,58,0.06082617578995789,,200,200,200,,,"1,2,3,5,6,7,9",none
1,all_training_engines_refit,59,0.060323609186651195,,200,200,200,,,"1,2,3,5,6,7,9",none
1,all_training_engines_refit,60,0.05987341575248239,,200,200,200,,,"1,2,3,5,6,7,9",none
1,all_training_engines_refit,61,0.05926586771351759,,200,200,200,,,"1,2,3,5,6,7,9",none
1,all_training_engines_refit,62,0.058719820333819304,,200,200,200,,,"1,2,3,5,6,7,9",none
1,all_training_engines_refit,63,0.05818472196448885,,200,200,200,,,"1,2,3,5,6,7,9",none
1,all_training_engines_refit,64,0.05772640272843092,,200,200,200,,,"1,2,3,5,6,7,9",none
1,all_training_engines_refit,65,0.057262608018241075,,200,200,200,,,"1,2,3,5,6,7,9",none
1,all_training_engines_refit,66,0.05671800681892644,,200,200,200,,,"1,2,3,5,6,7,9",none
1,all_training_engines_refit,67,0.05632443931765016,,200,200,200,,,"1,2,3,5,6,7,9",none
1,all_training_engines_refit,68,0.05581932968482758,,200,200,200,,,"1,2,3,5,6,7,9",none
1,all_training_engines_refit,69,0.0553777118484074,,200,200,200,,,"1,2,3,5,6,7,9",none
1,all_training_engines_refit,70,0.05502475632349089,,200,200,200,,,"1,2,3,5,6,7,9",none
1,all_training_engines_refit,71,0.0544783620604098,,200,200,200,,,"1,2,3,5,6,7,9",none
1,all_training_engines_refit,72,0.054012705032170344,,200,200,200,,,"1,2,3,5,6,7,9",none
1,all_training_engines_refit,73,0.05354189411853935,,200,200,200,,,"1,2,3,5,6,7,9",none
1,all_training_engines_refit,74,0.053076575508137054,,200,200,200,,,"1,2,3,5,6,7,9",none
1,all_training_engines_refit,75,0.05264003302132343,,200,200,200,,,"1,2,3,5,6,7,9",none
1,all_training_engines_refit,76,0.05206796632807879,,200,200,200,,,"1,2,3,5,6,7,9",none
1,all_training_engines_refit,77,0.05146124413879073,,200,200,200,,,"1,2,3,5,6,7,9",none
1,all_training_engines_refit,78,0.05089036863961483,,200,200,200,,,"1,2,3,5,6,7,9",none
1,all_training_engines_refit,79,0.05039282842854224,,200,200,200,,,"1,2,3,5,6,7,9",none
1,all_training_engines_refit,80,0.04994533285157973,,200,200,200,,,"1,2,3,5,6,7,9",none
1,all_training_engines_refit,81,0.049516994600445695,,200,200,200,,,"1,2,3,5,6,7,9",none
1,all_training_engines_refit,82,0.049082277407668747,,200,200,200,,,"1,2,3,5,6,7,9",none
1,all_training_engines_refit,83,0.0486511495552523,,200,200,200,,,"1,2,3,5,6,7,9",none
1,all_training_engines_refit,84,0.04821762738133882,,200,200,200,,,"1,2,3,5,6,7,9",none
1,all_training_engines_refit,85,0.04793636329875063,,200,200,200,,,"1,2,3,5,6,7,9",none
1,all_training_engines_refit,86,0.0476308044260611,,200,200,200,,,"1,2,3,5,6,7,9",none
1,all_training_engines_refit,87,0.04716066810422484,,200,200,200,,,"1,2,3,5,6,7,9",none
1,all_training_engines_refit,88,0.04682241131642876,,200,200,200,,,"1,2,3,5,6,7,9",none
1,all_training_engines_refit,89,0.046513529054105184,,200,200,200,,,"1,2,3,5,6,7,9",none
1,all_training_engines_refit,90,0.04610378205918051,,200,200,200,,,"1,2,3,5,6,7,9",none
1,all_training_engines_refit,91,0.04580697594873121,,200,200,200,,,"1,2,3,5,6,7,9",none
1,all_training_engines_refit,92,0.04545761613883308,,200,200,200,,,"1,2,3,5,6,7,9",none
1,all_training_engines_refit,93,0.0451725590838133,,200,200,200,,,"1,2,3,5,6,7,9",none
1,all_training_engines_refit,94,0.044877325830948916,,200,200,200,,,"1,2,3,5,6,7,9",none
1,all_training_engines_refit,95,0.04455661148965169,,200,200,200,,,"1,2,3,5,6,7,9",none
1,all_training_engines_refit,96,0.04435272759407753,,200,200,200,,,"1,2,3,5,6,7,9",none
1,all_training_engines_refit,97,0.043933289283284695,,200,200,200,,,"1,2,3,5,6,7,9",none
1,all_training_engines_refit,98,0.043620647349742254,,200,200,200,,,"1,2,3,5,6,7,9",none
1,all_training_engines_refit,99,0.043361459727312916,,200,200,200,,,"1,2,3,5,6,7,9",none
1,all_training_engines_refit,100,0.04307682747949378,,200,200,200,,,"1,2,3,5,6,7,9",none
1,all_training_engines_refit,101,0.042945450064504925,,200,200,200,,,"1,2,3,5,6,7,9",none
1,all_training_engines_refit,102,0.04263450078111814,,200,200,200,,,"1,2,3,5,6,7,9",none
1,all_training_engines_refit,103,0.042274007758738276,,200,200,200,,,"1,2,3,5,6,7,9",none
1,all_training_engines_refit,104,0.04199585456018929,,200,200,200,,,"1,2,3,5,6,7,9",none
1,all_training_engines_refit,105,0.041734432390687845,,200,200,200,,,"1,2,3,5,6,7,9",none
1,all_training_engines_refit,106,0.04175366238761607,,200,200,200,,,"1,2,3,5,6,7,9",none
1,all_training_engines_refit,107,0.04124746105638482,,200,200,200,,,"1,2,3,5,6,7,9",none
1,all_training_engines_refit,108,0.0409903302555661,,200,200,200,,,"1,2,3,5,6,7,9",none
1,all_training_engines_refit,109,0.040804777428165566,,200,200,200,,,"1,2,3,5,6,7,9",none
1,all_training_engines_refit,110,0.04058063527784967,,200,200,200,,,"1,2,3,5,6,7,9",none
1,all_training_engines_refit,111,0.04036770553876492,,200,200,200,,,"1,2,3,5,6,7,9",none
1,all_training_engines_refit,112,0.0401195060926014,,200,200,200,,,"1,2,3,5,6,7,9",none
1,all_training_engines_refit,113,0.03981426126105732,,200,200,200,,,"1,2,3,5,6,7,9",none
1,all_training_engines_refit,114,0.03958471620571473,,200,200,200,,,"1,2,3,5,6,7,9",none
1,all_training_engines_refit,115,0.0393972875459899,,200,200,200,,,"1,2,3,5,6,7,9",none
1,all_training_engines_refit,116,0.03922554411444064,,200,200,200,,,"1,2,3,5,6,7,9",none
1,all_training_engines_refit,117,0.03893108199118982,,200,200,200,,,"1,2,3,5,6,7,9",none
1,all_training_engines_refit,118,0.038776174235071736,,200,200,200,,,"1,2,3,5,6,7,9",none
1,all_training_engines_refit,119,0.03850934258189668,,200,200,200,,,"1,2,3,5,6,7,9",none
1,all_training_engines_refit,120,0.03827230679358089,,200,200,200,,,"1,2,3,5,6,7,9",none
1,all_training_engines_refit,121,0.03806470881834097,,200,200,200,,,"1,2,3,5,6,7,9",none
1,all_training_engines_refit,122,0.03784972052373866,,200,200,200,,,"1,2,3,5,6,7,9",none
1,all_training_engines_refit,123,0.037625328996806776,,200,200,200,,,"1,2,3,5,6,7,9",none
1,all_training_engines_refit,124,0.0374516556248372,,200,200,200,,,"1,2,3,5,6,7,9",none
1,all_training_engines_refit,125,0.037207214778950025,,200,200,200,,,"1,2,3,5,6,7,9",none
1,all_training_engines_refit,126,0.037040161973655374,,200,200,200,,,"1,2,3,5,6,7,9",none
1,all_training_engines_refit,127,0.036844456713134785,,200,200,200,,,"1,2,3,5,6,7,9",none
1,all_training_engines_refit,128,0.03670387250727337,,200,200,200,,,"1,2,3,5,6,7,9",none
1,all_training_engines_refit,129,0.03645177391237672,,200,200,200,,,"1,2,3,5,6,7,9",none
1,all_training_engines_refit,130,0.03629728968852771,,200,200,200,,,"1,2,3,5,6,7,9",none
1,all_training_engines_refit,131,0.036169038711743276,,200,200,200,,,"1,2,3,5,6,7,9",none
1,all_training_engines_refit,132,0.03601178574449241,,200,200,200,,,"1,2,3,5,6,7,9",none
1,all_training_engines_refit,133,0.035722818423336175,,200,200,200,,,"1,2,3,5,6,7,9",none
1,all_training_engines_refit,134,0.035574441835691015,,200,200,200,,,"1,2,3,5,6,7,9",none
1,all_training_engines_refit,135,0.03532276952691564,,200,200,200,,,"1,2,3,5,6,7,9",none
1,all_training_engines_refit,136,0.035156037698394205,,200,200,200,,,"1,2,3,5,6,7,9",none
1,all_training_engines_refit,137,0.03501418218176389,,200,200,200,,,"1,2,3,5,6,7,9",none
1,all_training_engines_refit,138,0.03486133440908673,,200,200,200,,,"1,2,3,5,6,7,9",none
1,all_training_engines_refit,139,0.03467752043536212,,200,200,200,,,"1,2,3,5,6,7,9",none
1,all_training_engines_refit,140,0.034678014649837684,,200,200,200,,,"1,2,3,5,6,7,9",none
1,all_training_engines_refit,141,0.03447351190247723,,200,200,200,,,"1,2,3,5,6,7,9",none
1,all_training_engines_refit,142,0.034142101089258456,,200,200,200,,,"1,2,3,5,6,7,9",none
1,all_training_engines_refit,143,0.03396497061283128,,200,200,200,,,"1,2,3,5,6,7,9",none
1,all_training_engines_refit,144,0.033803671981710755,,200,200,200,,,"1,2,3,5,6,7,9",none
1,all_training_engines_refit,145,0.03362118827159104,,200,200,200,,,"1,2,3,5,6,7,9",none
1,all_training_engines_refit,146,0.0334778786700013,,200,200,200,,,"1,2,3,5,6,7,9",none
1,all_training_engines_refit,147,0.033331111249992294,,200,200,200,,,"1,2,3,5,6,7,9",none
1,all_training_engines_refit,148,0.03317412198958832,,200,200,200,,,"1,2,3,5,6,7,9",none
1,all_training_engines_refit,149,0.03304550643337082,,200,200,200,,,"1,2,3,5,6,7,9",none
1,all_training_engines_refit,150,0.032946001083811786,,200,200,200,,,"1,2,3,5,6,7,9",none
1,all_training_engines_refit,151,0.03273553915328002,,200,200,200,,,"1,2,3,5,6,7,9",none
1,all_training_engines_refit,152,0.032574121239561375,,200,200,200,,,"1,2,3,5,6,7,9",none
1,all_training_engines_refit,153,0.03248342184238786,,200,200,200,,,"1,2,3,5,6,7,9",none
1,all_training_engines_refit,154,0.03233447158653141,,200,200,200,,,"1,2,3,5,6,7,9",none
1,all_training_engines_refit,155,0.0322726900343404,,200,200,200,,,"1,2,3,5,6,7,9",none
1,all_training_engines_refit,156,0.032265794796407045,,200,200,200,,,"1,2,3,5,6,7,9",none
1,all_training_engines_refit,157,0.03201116852217067,,200,200,200,,,"1,2,3,5,6,7,9",none
1,all_training_engines_refit,158,0.03172379455949906,,200,200,200,,,"1,2,3,5,6,7,9",none
1,all_training_engines_refit,159,0.031629415454815034,,200,200,200,,,"1,2,3,5,6,7,9",none
1,all_training_engines_refit,160,0.03148629836789306,,200,200,200,,,"1,2,3,5,6,7,9",none
1,all_training_engines_refit,161,0.03134323329817933,,200,200,200,,,"1,2,3,5,6,7,9",none
1,all_training_engines_refit,162,0.03118471626177092,,200,200,200,,,"1,2,3,5,6,7,9",none
1,all_training_engines_refit,163,0.0310197551092175,,200,200,200,,,"1,2,3,5,6,7,9",none
1,all_training_engines_refit,164,0.030913516438035086,,200,200,200,,,"1,2,3,5,6,7,9",none
1,all_training_engines_refit,165,0.03083357144567387,,200,200,200,,,"1,2,3,5,6,7,9",none
1,all_training_engines_refit,166,0.03071049745604111,,200,200,200,,,"1,2,3,5,6,7,9",none
1,all_training_engines_refit,167,0.03054161680684664,,200,200,200,,,"1,2,3,5,6,7,9",none
1,all_training_engines_refit,168,0.030379187821392095,,200,200,200,,,"1,2,3,5,6,7,9",none
1,all_training_engines_refit,169,0.030279969127448285,,200,200,200,,,"1,2,3,5,6,7,9",none
1,all_training_engines_refit,170,0.030136629488470658,,200,200,200,,,"1,2,3,5,6,7,9",none
1,all_training_engines_refit,171,0.030061970668401168,,200,200,200,,,"1,2,3,5,6,7,9",none
1,all_training_engines_refit,172,0.0300428687256003,,200,200,200,,,"1,2,3,5,6,7,9",none
1,all_training_engines_refit,173,0.0297604636812474,,200,200,200,,,"1,2,3,5,6,7,9",none
1,all_training_engines_refit,174,0.029651284176399197,,200,200,200,,,"1,2,3,5,6,7,9",none
1,all_training_engines_refit,175,0.029523073053975776,,200,200,200,,,"1,2,3,5,6,7,9",none
1,all_training_engines_refit,176,0.02938146059030084,,200,200,200,,,"1,2,3,5,6,7,9",none
1,all_training_engines_refit,177,0.029305661012455696,,200,200,200,,,"1,2,3,5,6,7,9",none
1,all_training_engines_refit,178,0.029378185138093996,,200,200,200,,,"1,2,3,5,6,7,9",none
1,all_training_engines_refit,179,0.029283444768799006,,200,200,200,,,"1,2,3,5,6,7,9",none
1,all_training_engines_refit,180,0.02902650862453309,,200,200,200,,,"1,2,3,5,6,7,9",none
1,all_training_engines_refit,181,0.0288646464736566,,200,200,200,,,"1,2,3,5,6,7,9",none
1,all_training_engines_refit,182,0.02873849842000851,,200,200,200,,,"1,2,3,5,6,7,9",none
1,all_training_engines_refit,183,0.02862439500192618,,200,200,200,,,"1,2,3,5,6,7,9",none
1,all_training_engines_refit,184,0.02854126043674898,,200,200,200,,,"1,2,3,5,6,7,9",none
1,all_training_engines_refit,185,0.028488562083563693,,200,200,200,,,"1,2,3,5,6,7,9",none
1,all_training_engines_refit,186,0.028273555455445343,,200,200,200,,,"1,2,3,5,6,7,9",none
1,all_training_engines_refit,187,0.02819457716720123,,200,200,200,,,"1,2,3,5,6,7,9",none
1,all_training_engines_refit,188,0.028326150411679935,,200,200,200,,,"1,2,3,5,6,7,9",none
1,all_training_engines_refit,189,0.028047490708315005,,200,200,200,,,"1,2,3,5,6,7,9",none
1,all_training_engines_refit,190,0.02784787207082492,,200,200,200,,,"1,2,3,5,6,7,9",none
1,all_training_engines_refit,191,0.02778762941204167,,200,200,200,,,"1,2,3,5,6,7,9",none
1,all_training_engines_refit,192,0.027684504837726023,,200,200,200,,,"1,2,3,5,6,7,9",none
1,all_training_engines_refit,193,0.02771719449127598,,200,200,200,,,"1,2,3,5,6,7,9",none
1,all_training_engines_refit,194,0.027697575232239414,,200,200,200,,,"1,2,3,5,6,7,9",none
1,all_training_engines_refit,195,0.027373435149801336,,200,200,200,,,"1,2,3,5,6,7,9",none
1,all_training_engines_refit,196,0.027320336697589317,,200,200,200,,,"1,2,3,5,6,7,9",none
1,all_training_engines_refit,197,0.027141787375311446,,200,200,200,,,"1,2,3,5,6,7,9",none
1,all_training_engines_refit,198,0.02704029874219502,,200,200,200,,,"1,2,3,5,6,7,9",none
1,all_training_engines_refit,199,0.027048574833018153,,200,200,200,,,"1,2,3,5,6,7,9",none
1,all_training_engines_refit,200,0.02690891490155103,,200,200,200,,,"1,2,3,5,6,7,9",none
2,all_training_engines_refit,1,0.9280516318288615,,230,230,230,,,"1,2,3,5,6,7,9",none
2,all_training_engines_refit,2,0.7852295228674534,,230,230,230,,,"1,2,3,5,6,7,9",none
2,all_training_engines_refit,3,0.6567136491640013,,230,230,230,,,"1,2,3,5,6,7,9",none
2,all_training_engines_refit,4,0.549680378203666,,230,230,230,,,"1,2,3,5,6,7,9",none
2,all_training_engines_refit,5,0.46620291762962557,,230,230,230,,,"1,2,3,5,6,7,9",none
2,all_training_engines_refit,6,0.3997384817924529,,230,230,230,,,"1,2,3,5,6,7,9",none
2,all_training_engines_refit,7,0.3493934468768382,,230,230,230,,,"1,2,3,5,6,7,9",none
2,all_training_engines_refit,8,0.31200812609481743,,230,230,230,,,"1,2,3,5,6,7,9",none
2,all_training_engines_refit,9,0.2819536928728823,,230,230,230,,,"1,2,3,5,6,7,9",none
2,all_training_engines_refit,10,0.25641652458584413,,230,230,230,,,"1,2,3,5,6,7,9",none
2,all_training_engines_refit,11,0.23465512674162914,,230,230,230,,,"1,2,3,5,6,7,9",none
2,all_training_engines_refit,12,0.2160632047120022,,230,230,230,,,"1,2,3,5,6,7,9",none
2,all_training_engines_refit,13,0.20040053201389169,,230,230,230,,,"1,2,3,5,6,7,9",none
2,all_training_engines_refit,14,0.18731829634401487,,230,230,230,,,"1,2,3,5,6,7,9",none
2,all_training_engines_refit,15,0.17644096242530802,,230,230,230,,,"1,2,3,5,6,7,9",none
2,all_training_engines_refit,16,0.16734816349080844,,230,230,230,,,"1,2,3,5,6,7,9",none
2,all_training_engines_refit,17,0.15949705407497147,,230,230,230,,,"1,2,3,5,6,7,9",none
2,all_training_engines_refit,18,0.1527744512603116,,230,230,230,,,"1,2,3,5,6,7,9",none
2,all_training_engines_refit,19,0.14697150207994417,,230,230,230,,,"1,2,3,5,6,7,9",none
2,all_training_engines_refit,20,0.1419149708714078,,230,230,230,,,"1,2,3,5,6,7,9",none
2,all_training_engines_refit,21,0.13738010168132933,,230,230,230,,,"1,2,3,5,6,7,9",none
2,all_training_engines_refit,22,0.13332869266399755,,230,230,230,,,"1,2,3,5,6,7,9",none
2,all_training_engines_refit,23,0.12954771193280992,,230,230,230,,,"1,2,3,5,6,7,9",none
2,all_training_engines_refit,24,0.12617990817046065,,230,230,230,,,"1,2,3,5,6,7,9",none
2,all_training_engines_refit,25,0.12299781808087935,,230,230,230,,,"1,2,3,5,6,7,9",none
2,all_training_engines_refit,26,0.11992934683338755,,230,230,230,,,"1,2,3,5,6,7,9",none
2,all_training_engines_refit,27,0.11694102655620213,,230,230,230,,,"1,2,3,5,6,7,9",none
2,all_training_engines_refit,28,0.1139248660571983,,230,230,230,,,"1,2,3,5,6,7,9",none
2,all_training_engines_refit,29,0.11070137108581238,,230,230,230,,,"1,2,3,5,6,7,9",none
2,all_training_engines_refit,30,0.10729891549922263,,230,230,230,,,"1,2,3,5,6,7,9",none
2,all_training_engines_refit,31,0.10394409727194115,,230,230,230,,,"1,2,3,5,6,7,9",none
2,all_training_engines_refit,32,0.10063925432249211,,230,230,230,,,"1,2,3,5,6,7,9",none
2,all_training_engines_refit,33,0.0975531061997162,,230,230,230,,,"1,2,3,5,6,7,9",none
2,all_training_engines_refit,34,0.09465657956797613,,230,230,230,,,"1,2,3,5,6,7,9",none
2,all_training_engines_refit,35,0.09178160233968197,,230,230,230,,,"1,2,3,5,6,7,9",none
2,all_training_engines_refit,36,0.08923366994692812,,230,230,230,,,"1,2,3,5,6,7,9",none
2,all_training_engines_refit,37,0.08686409986948879,,230,230,230,,,"1,2,3,5,6,7,9",none
2,all_training_engines_refit,38,0.0847557473605318,,230,230,230,,,"1,2,3,5,6,7,9",none
2,all_training_engines_refit,39,0.08284244245139198,,230,230,230,,,"1,2,3,5,6,7,9",none
2,all_training_engines_refit,40,0.08114577105955556,,230,230,230,,,"1,2,3,5,6,7,9",none
2,all_training_engines_refit,41,0.0795580318613405,,230,230,230,,,"1,2,3,5,6,7,9",none
2,all_training_engines_refit,42,0.0781565801570965,,230,230,230,,,"1,2,3,5,6,7,9",none
2,all_training_engines_refit,43,0.0768152864561792,,230,230,230,,,"1,2,3,5,6,7,9",none
2,all_training_engines_refit,44,0.0755349846658329,,230,230,230,,,"1,2,3,5,6,7,9",none
2,all_training_engines_refit,45,0.07435727100959293,,230,230,230,,,"1,2,3,5,6,7,9",none
2,all_training_engines_refit,46,0.07323750676721441,,230,230,230,,,"1,2,3,5,6,7,9",none
2,all_training_engines_refit,47,0.07214948893300971,,230,230,230,,,"1,2,3,5,6,7,9",none
2,all_training_engines_refit,48,0.0711701893079109,,230,230,230,,,"1,2,3,5,6,7,9",none
2,all_training_engines_refit,49,0.07019827979818544,,230,230,230,,,"1,2,3,5,6,7,9",none
2,all_training_engines_refit,50,0.06934421619168354,,230,230,230,,,"1,2,3,5,6,7,9",none
2,all_training_engines_refit,51,0.0684282502714719,,230,230,230,,,"1,2,3,5,6,7,9",none
2,all_training_engines_refit,52,0.06755789334543064,,230,230,230,,,"1,2,3,5,6,7,9",none
2,all_training_engines_refit,53,0.06679083606730885,,230,230,230,,,"1,2,3,5,6,7,9",none
2,all_training_engines_refit,54,0.06601217232210484,,230,230,230,,,"1,2,3,5,6,7,9",none
2,all_training_engines_refit,55,0.06524107034906136,,230,230,230,,,"1,2,3,5,6,7,9",none
2,all_training_engines_refit,56,0.06452292995157606,,230,230,230,,,"1,2,3,5,6,7,9",none
2,all_training_engines_refit,57,0.06385767565369972,,230,230,230,,,"1,2,3,5,6,7,9",none
2,all_training_engines_refit,58,0.06319613650643166,,230,230,230,,,"1,2,3,5,6,7,9",none
2,all_training_engines_refit,59,0.06249798652606292,,230,230,230,,,"1,2,3,5,6,7,9",none
2,all_training_engines_refit,60,0.06187814631081785,,230,230,230,,,"1,2,3,5,6,7,9",none
2,all_training_engines_refit,61,0.06126286871869731,,230,230,230,,,"1,2,3,5,6,7,9",none
2,all_training_engines_refit,62,0.06061433744329822,,230,230,230,,,"1,2,3,5,6,7,9",none
2,all_training_engines_refit,63,0.060073481992949665,,230,230,230,,,"1,2,3,5,6,7,9",none
2,all_training_engines_refit,64,0.05948736545175879,,230,230,230,,,"1,2,3,5,6,7,9",none
2,all_training_engines_refit,65,0.058912424246788865,,230,230,230,,,"1,2,3,5,6,7,9",none
2,all_training_engines_refit,66,0.05838688143861252,,230,230,230,,,"1,2,3,5,6,7,9",none
2,all_training_engines_refit,67,0.05788445344586662,,230,230,230,,,"1,2,3,5,6,7,9",none
2,all_training_engines_refit,68,0.05735126104824288,,230,230,230,,,"1,2,3,5,6,7,9",none
2,all_training_engines_refit,69,0.05685082205074783,,230,230,230,,,"1,2,3,5,6,7,9",none
2,all_training_engines_refit,70,0.05634272918003529,,230,230,230,,,"1,2,3,5,6,7,9",none
2,all_training_engines_refit,71,0.05593173050828797,,230,230,230,,,"1,2,3,5,6,7,9",none
2,all_training_engines_refit,72,0.05544944041674317,,230,230,230,,,"1,2,3,5,6,7,9",none
2,all_training_engines_refit,73,0.05495630779711563,,230,230,230,,,"1,2,3,5,6,7,9",none
2,all_training_engines_refit,74,0.05453999612851626,,230,230,230,,,"1,2,3,5,6,7,9",none
2,all_training_engines_refit,75,0.05408833499311881,,230,230,230,,,"1,2,3,5,6,7,9",none
2,all_training_engines_refit,76,0.053627552283275245,,230,230,230,,,"1,2,3,5,6,7,9",none
2,all_training_engines_refit,77,0.05327212522700554,,230,230,230,,,"1,2,3,5,6,7,9",none
2,all_training_engines_refit,78,0.05282764940197329,,230,230,230,,,"1,2,3,5,6,7,9",none
2,all_training_engines_refit,79,0.05255191801244609,,230,230,230,,,"1,2,3,5,6,7,9",none
2,all_training_engines_refit,80,0.05209825350056963,,230,230,230,,,"1,2,3,5,6,7,9",none
2,all_training_engines_refit,81,0.05171830828618673,,230,230,230,,,"1,2,3,5,6,7,9",none
2,all_training_engines_refit,82,0.051337008278515436,,230,230,230,,,"1,2,3,5,6,7,9",none
2,all_training_engines_refit,83,0.05090817066218228,,230,230,230,,,"1,2,3,5,6,7,9",none
2,all_training_engines_refit,84,0.05056169729736896,,230,230,230,,,"1,2,3,5,6,7,9",none
2,all_training_engines_refit,85,0.05019082470005972,,230,230,230,,,"1,2,3,5,6,7,9",none
2,all_training_engines_refit,86,0.04984778171713819,,230,230,230,,,"1,2,3,5,6,7,9",none
2,all_training_engines_refit,87,0.049504979339303416,,230,230,230,,,"1,2,3,5,6,7,9",none
2,all_training_engines_refit,88,0.04921628464951509,,230,230,230,,,"1,2,3,5,6,7,9",none
2,all_training_engines_refit,89,0.04884134481649393,,230,230,230,,,"1,2,3,5,6,7,9",none
2,all_training_engines_refit,90,0.048539626853663205,,230,230,230,,,"1,2,3,5,6,7,9",none
2,all_training_engines_refit,91,0.048178178856536726,,230,230,230,,,"1,2,3,5,6,7,9",none
2,all_training_engines_refit,92,0.047883770331409295,,230,230,230,,,"1,2,3,5,6,7,9",none
2,all_training_engines_refit,93,0.0476295485674629,,230,230,230,,,"1,2,3,5,6,7,9",none
2,all_training_engines_refit,94,0.04727778576653302,,230,230,230,,,"1,2,3,5,6,7,9",none
2,all_training_engines_refit,95,0.04703024393007566,,230,230,230,,,"1,2,3,5,6,7,9",none
2,all_training_engines_refit,96,0.046683735479145415,,230,230,230,,,"1,2,3,5,6,7,9",none
2,all_training_engines_refit,97,0.04635529168668697,,230,230,230,,,"1,2,3,5,6,7,9",none
2,all_training_engines_refit,98,0.04609691558370348,,230,230,230,,,"1,2,3,5,6,7,9",none
2,all_training_engines_refit,99,0.04579027240720841,,230,230,230,,,"1,2,3,5,6,7,9",none
2,all_training_engines_refit,100,0.04552598021374084,,230,230,230,,,"1,2,3,5,6,7,9",none
2,all_training_engines_refit,101,0.04535634536602411,,230,230,230,,,"1,2,3,5,6,7,9",none
2,all_training_engines_refit,102,0.04523519004641655,,230,230,230,,,"1,2,3,5,6,7,9",none
2,all_training_engines_refit,103,0.044758230086804164,,230,230,230,,,"1,2,3,5,6,7,9",none
2,all_training_engines_refit,104,0.04446816418260875,,230,230,230,,,"1,2,3,5,6,7,9",none
2,all_training_engines_refit,105,0.044178435676305236,,230,230,230,,,"1,2,3,5,6,7,9",none
2,all_training_engines_refit,106,0.043924691042751304,,230,230,230,,,"1,2,3,5,6,7,9",none
2,all_training_engines_refit,107,0.04375440669389323,,230,230,230,,,"1,2,3,5,6,7,9",none
2,all_training_engines_refit,108,0.04347824947722012,,230,230,230,,,"1,2,3,5,6,7,9",none
2,all_training_engines_refit,109,0.04323356726128725,,230,230,230,,,"1,2,3,5,6,7,9",none
2,all_training_engines_refit,110,0.04298326504497916,,230,230,230,,,"1,2,3,5,6,7,9",none
2,all_training_engines_refit,111,0.04271323055969974,,230,230,230,,,"1,2,3,5,6,7,9",none
2,all_training_engines_refit,112,0.04244069843246849,,230,230,230,,,"1,2,3,5,6,7,9",none
2,all_training_engines_refit,113,0.042210012313366664,,230,230,230,,,"1,2,3,5,6,7,9",none
2,all_training_engines_refit,114,0.04203570938018557,,230,230,230,,,"1,2,3,5,6,7,9",none
2,all_training_engines_refit,115,0.04177750320008233,,230,230,230,,,"1,2,3,5,6,7,9",none
2,all_training_engines_refit,116,0.04157645143750791,,230,230,230,,,"1,2,3,5,6,7,9",none
2,all_training_engines_refit,117,0.04133316195682709,,230,230,230,,,"1,2,3,5,6,7,9",none
2,all_training_engines_refit,118,0.041168431260905095,,230,230,230,,,"1,2,3,5,6,7,9",none
2,all_training_engines_refit,119,0.04091086387251798,,230,230,230,,,"1,2,3,5,6,7,9",none
2,all_training_engines_refit,120,0.04080177511729925,,230,230,230,,,"1,2,3,5,6,7,9",none
2,all_training_engines_refit,121,0.04058315943837826,,230,230,230,,,"1,2,3,5,6,7,9",none
2,all_training_engines_refit,122,0.04032138941654601,,230,230,230,,,"1,2,3,5,6,7,9",none
2,all_training_engines_refit,123,0.040176167519588954,,230,230,230,,,"1,2,3,5,6,7,9",none
2,all_training_engines_refit,124,0.03996475571403688,,230,230,230,,,"1,2,3,5,6,7,9",none
2,all_training_engines_refit,125,0.03980121269337248,,230,230,230,,,"1,2,3,5,6,7,9",none
2,all_training_engines_refit,126,0.039532429272948554,,230,230,230,,,"1,2,3,5,6,7,9",none
2,all_training_engines_refit,127,0.03934962805386951,,230,230,230,,,"1,2,3,5,6,7,9",none
2,all_training_engines_refit,128,0.03917936405291937,,230,230,230,,,"1,2,3,5,6,7,9",none
2,all_training_engines_refit,129,0.03904030680710618,,230,230,230,,,"1,2,3,5,6,7,9",none
2,all_training_engines_refit,130,0.03878048584966786,,230,230,230,,,"1,2,3,5,6,7,9",none
2,all_training_engines_refit,131,0.03864910241700198,,230,230,230,,,"1,2,3,5,6,7,9",none
2,all_training_engines_refit,132,0.03856909209714689,,230,230,230,,,"1,2,3,5,6,7,9",none
2,all_training_engines_refit,133,0.03840105387173962,,230,230,230,,,"1,2,3,5,6,7,9",none
2,all_training_engines_refit,134,0.03815932317339913,,230,230,230,,,"1,2,3,5,6,7,9",none
2,all_training_engines_refit,135,0.037935385369116004,,230,230,230,,,"1,2,3,5,6,7,9",none
2,all_training_engines_refit,136,0.037797753292814124,,230,230,230,,,"1,2,3,5,6,7,9",none
2,all_training_engines_refit,137,0.037677281540519574,,230,230,230,,,"1,2,3,5,6,7,9",none
2,all_training_engines_refit,138,0.037469282573800826,,230,230,230,,,"1,2,3,5,6,7,9",none
2,all_training_engines_refit,139,0.03731231457925551,,230,230,230,,,"1,2,3,5,6,7,9",none
2,all_training_engines_refit,140,0.03718501210056528,,230,230,230,,,"1,2,3,5,6,7,9",none
2,all_training_engines_refit,141,0.03704116111203173,,230,230,230,,,"1,2,3,5,6,7,9",none
2,all_training_engines_refit,142,0.03679186660164018,,230,230,230,,,"1,2,3,5,6,7,9",none
2,all_training_engines_refit,143,0.03664097212612978,,230,230,230,,,"1,2,3,5,6,7,9",none
2,all_training_engines_refit,144,0.03648565307708575,,230,230,230,,,"1,2,3,5,6,7,9",none
2,all_training_engines_refit,145,0.03637056372891817,,230,230,230,,,"1,2,3,5,6,7,9",none
2,all_training_engines_refit,146,0.03615851950630785,,230,230,230,,,"1,2,3,5,6,7,9",none
2,all_training_engines_refit,147,0.03596701948009281,,230,230,230,,,"1,2,3,5,6,7,9",none
2,all_training_engines_refit,148,0.03585438371224185,,230,230,230,,,"1,2,3,5,6,7,9",none
2,all_training_engines_refit,149,0.035766423786041245,,230,230,230,,,"1,2,3,5,6,7,9",none
2,all_training_engines_refit,150,0.03552822831996523,,230,230,230,,,"1,2,3,5,6,7,9",none
2,all_training_engines_refit,151,0.03538863794876482,,230,230,230,,,"1,2,3,5,6,7,9",none
2,all_training_engines_refit,152,0.03526591844110705,,230,230,230,,,"1,2,3,5,6,7,9",none
2,all_training_engines_refit,153,0.034971723390522465,,230,230,230,,,"1,2,3,5,6,7,9",none
2,all_training_engines_refit,154,0.0348801185369447,,230,230,230,,,"1,2,3,5,6,7,9",none
2,all_training_engines_refit,155,0.03456263604519447,,230,230,230,,,"1,2,3,5,6,7,9",none
2,all_training_engines_refit,156,0.034350136977995605,,230,230,230,,,"1,2,3,5,6,7,9",none
2,all_training_engines_refit,157,0.034092131727108524,,230,230,230,,,"1,2,3,5,6,7,9",none
2,all_training_engines_refit,158,0.03396965073364973,,230,230,230,,,"1,2,3,5,6,7,9",none
2,all_training_engines_refit,159,0.03361514020019035,,230,230,230,,,"1,2,3,5,6,7,9",none
2,all_training_engines_refit,160,0.033400504500664306,,230,230,230,,,"1,2,3,5,6,7,9",none
2,all_training_engines_refit,161,0.03314733108745304,,230,230,230,,,"1,2,3,5,6,7,9",none
2,all_training_engines_refit,162,0.03288526390456939,,230,230,230,,,"1,2,3,5,6,7,9",none
2,all_training_engines_refit,163,0.03270727871401463,,230,230,230,,,"1,2,3,5,6,7,9",none
2,all_training_engines_refit,164,0.032500743368743486,,230,230,230,,,"1,2,3,5,6,7,9",none
2,all_training_engines_refit,165,0.032333409007559905,,230,230,230,,,"1,2,3,5,6,7,9",none
2,all_training_engines_refit,166,0.03211814624568823,,230,230,230,,,"1,2,3,5,6,7,9",none
2,all_training_engines_refit,167,0.031998615545887496,,230,230,230,,,"1,2,3,5,6,7,9",none
2,all_training_engines_refit,168,0.031849086420098933,,230,230,230,,,"1,2,3,5,6,7,9",none
2,all_training_engines_refit,169,0.03163547959035356,,230,230,230,,,"1,2,3,5,6,7,9",none
2,all_training_engines_refit,170,0.03147115763749436,,230,230,230,,,"1,2,3,5,6,7,9",none
2,all_training_engines_refit,171,0.031377260099964686,,230,230,230,,,"1,2,3,5,6,7,9",none
2,all_training_engines_refit,172,0.03125785597537068,,230,230,230,,,"1,2,3,5,6,7,9",none
2,all_training_engines_refit,173,0.031087571524518087,,230,230,230,,,"1,2,3,5,6,7,9",none
2,all_training_engines_refit,174,0.03101816394361518,,230,230,230,,,"1,2,3,5,6,7,9",none
2,all_training_engines_refit,175,0.030833595057406633,,230,230,230,,,"1,2,3,5,6,7,9",none
2,all_training_engines_refit,176,0.030666592586410545,,230,230,230,,,"1,2,3,5,6,7,9",none
2,all_training_engines_refit,177,0.030563510645806754,,230,230,230,,,"1,2,3,5,6,7,9",none
2,all_training_engines_refit,178,0.030434690284581113,,230,230,230,,,"1,2,3,5,6,7,9",none
2,all_training_engines_refit,179,0.03030139307762728,,230,230,230,,,"1,2,3,5,6,7,9",none
2,all_training_engines_refit,180,0.03021320713155713,,230,230,230,,,"1,2,3,5,6,7,9",none
2,all_training_engines_refit,181,0.030089248594397936,,230,230,230,,,"1,2,3,5,6,7,9",none
2,all_training_engines_refit,182,0.029991618465196036,,230,230,230,,,"1,2,3,5,6,7,9",none
2,all_training_engines_refit,183,0.02990860481452937,,230,230,230,,,"1,2,3,5,6,7,9",none
2,all_training_engines_refit,184,0.029783470637466634,,230,230,230,,,"1,2,3,5,6,7,9",none
2,all_training_engines_refit,185,0.0296601881710228,,230,230,230,,,"1,2,3,5,6,7,9",none
2,all_training_engines_refit,186,0.029530964676433284,,230,230,230,,,"1,2,3,5,6,7,9",none
2,all_training_engines_refit,187,0.029501386161908845,,230,230,230,,,"1,2,3,5,6,7,9",none
2,all_training_engines_refit,188,0.029369853868232317,,230,230,230,,,"1,2,3,5,6,7,9",none
2,all_training_engines_refit,189,0.029255173212130284,,230,230,230,,,"1,2,3,5,6,7,9",none
2,all_training_engines_refit,190,0.02920081997226258,,230,230,230,,,"1,2,3,5,6,7,9",none
2,all_training_engines_refit,191,0.029053191871446216,,230,230,230,,,"1,2,3,5,6,7,9",none
2,all_training_engines_refit,192,0.028896053036069912,,230,230,230,,,"1,2,3,5,6,7,9",none
2,all_training_engines_refit,193,0.028806515815522512,,230,230,230,,,"1,2,3,5,6,7,9",none
2,all_training_engines_refit,194,0.028701403265901277,,230,230,230,,,"1,2,3,5,6,7,9",none
2,all_training_engines_refit,195,0.028622083295995176,,230,230,230,,,"1,2,3,5,6,7,9",none
2,all_training_engines_refit,196,0.028553773023199867,,230,230,230,,,"1,2,3,5,6,7,9",none
2,all_training_engines_refit,197,0.02850858863224107,,230,230,230,,,"1,2,3,5,6,7,9",none
2,all_training_engines_refit,198,0.028410115569279328,,230,230,230,,,"1,2,3,5,6,7,9",none
2,all_training_engines_refit,199,0.028250452471379913,,230,230,230,,,"1,2,3,5,6,7,9",none
2,all_training_engines_refit,200,0.028147751888308703,,230,230,230,,,"1,2,3,5,6,7,9",none
2,all_training_engines_refit,201,0.0281413690708738,,230,230,230,,,"1,2,3,5,6,7,9",none
2,all_training_engines_refit,202,0.028009734119706885,,230,230,230,,,"1,2,3,5,6,7,9",none
2,all_training_engines_refit,203,0.02790605862195924,,230,230,230,,,"1,2,3,5,6,7,9",none
2,all_training_engines_refit,204,0.02783433094607557,,230,230,230,,,"1,2,3,5,6,7,9",none
2,all_training_engines_refit,205,0.02769351656406768,,230,230,230,,,"1,2,3,5,6,7,9",none
2,all_training_engines_refit,206,0.027661185778257335,,230,230,230,,,"1,2,3,5,6,7,9",none
2,all_training_engines_refit,207,0.027532514941006756,,230,230,230,,,"1,2,3,5,6,7,9",none
2,all_training_engines_refit,208,0.02747089902792591,,230,230,230,,,"1,2,3,5,6,7,9",none
2,all_training_engines_refit,209,0.027371908750723,,230,230,230,,,"1,2,3,5,6,7,9",none
2,all_training_engines_refit,210,0.02726462718551259,,230,230,230,,,"1,2,3,5,6,7,9",none
2,all_training_engines_refit,211,0.027216734508407208,,230,230,230,,,"1,2,3,5,6,7,9",none
2,all_training_engines_refit,212,0.027259373498477388,,230,230,230,,,"1,2,3,5,6,7,9",none
2,all_training_engines_refit,213,0.0271351910833337,,230,230,230,,,"1,2,3,5,6,7,9",none
2,all_training_engines_refit,214,0.026995455675917365,,230,230,230,,,"1,2,3,5,6,7,9",none
2,all_training_engines_refit,215,0.02689605940950385,,230,230,230,,,"1,2,3,5,6,7,9",none
2,all_training_engines_refit,216,0.026810701975627765,,230,230,230,,,"1,2,3,5,6,7,9",none
2,all_training_engines_refit,217,0.026719713423973144,,230,230,230,,,"1,2,3,5,6,7,9",none
2,all_training_engines_refit,218,0.026631043845359498,,230,230,230,,,"1,2,3,5,6,7,9",none
2,all_training_engines_refit,219,0.026648551843207212,,230,230,230,,,"1,2,3,5,6,7,9",none
2,all_training_engines_refit,220,0.026543877309077736,,230,230,230,,,"1,2,3,5,6,7,9",none
2,all_training_engines_refit,221,0.02647469217823596,,230,230,230,,,"1,2,3,5,6,7,9",none
2,all_training_engines_refit,222,0.026389683310652362,,230,230,230,,,"1,2,3,5,6,7,9",none
2,all_training_engines_refit,223,0.02630865197459509,,230,230,230,,,"1,2,3,5,6,7,9",none
2,all_training_engines_refit,224,0.026228195530683427,,230,230,230,,,"1,2,3,5,6,7,9",none
2,all_training_engines_refit,225,0.02621026948277241,,230,230,230,,,"1,2,3,5,6,7,9",none
2,all_training_engines_refit,226,0.026058525137874405,,230,230,230,,,"1,2,3,5,6,7,9",none
2,all_training_engines_refit,227,0.025959786073188947,,230,230,230,,,"1,2,3,5,6,7,9",none
2,all_training_engines_refit,228,0.025889815533499977,,230,230,230,,,"1,2,3,5,6,7,9",none
2,all_training_engines_refit,229,0.02585004067721206,,230,230,230,,,"1,2,3,5,6,7,9",none
2,all_training_engines_refit,230,0.025777043908940436,,230,230,230,,,"1,2,3,5,6,7,9",none
