detector,seed,phase_definition,nominal_fpr,unit,cycle,flight_class,phase,rows,false_alarms,any_false_alarm,false_alarm_events,matched_fc
pca,-1,primary,0.005,11,1,3,overall,11007,30,1,23,True
pca,-1,primary,0.005,11,1,3,climb,2506,0,0,0,True
pca,-1,primary,0.005,11,1,3,cruise,4386,10,1,8,True
pca,-1,primary,0.005,11,1,3,descent,4115,20,1,15,True
pca,-1,primary,0.005,11,2,3,overall,17636,112,1,55,True
pca,-1,primary,0.005,11,2,3,climb,3612,0,0,0,True
pca,-1,primary,0.005,11,2,3,cruise,10521,25,1,14,True
pca,-1,primary,0.005,11,2,3,descent,3503,87,1,41,True
pca,-1,primary,0.005,11,3,3,overall,9831,37,1,27,True
pca,-1,primary,0.005,11,3,3,climb,2031,0,0,0,True
pca,-1,primary,0.005,11,3,3,cruise,3448,14,1,7,True
pca,-1,primary,0.005,11,3,3,descent,4352,23,1,20,True
pca,-1,primary,0.005,11,4,3,overall,13140,58,1,25,True
pca,-1,primary,0.005,11,4,3,climb,2902,0,0,0,True
pca,-1,primary,0.005,11,4,3,cruise,7069,0,0,0,True
pca,-1,primary,0.005,11,4,3,descent,3169,58,1,25,True
pca,-1,primary,0.005,11,5,3,overall,13751,152,1,68,True
pca,-1,primary,0.005,11,5,3,climb,2138,0,0,0,True
pca,-1,primary,0.005,11,5,3,cruise,6376,18,1,9,True
pca,-1,primary,0.005,11,5,3,descent,5237,134,1,59,True
pca,-1,primary,0.005,11,6,3,overall,11689,95,1,50,True
pca,-1,primary,0.005,11,6,3,climb,2583,0,0,0,True
pca,-1,primary,0.005,11,6,3,cruise,5477,32,1,20,True
pca,-1,primary,0.005,11,6,3,descent,3629,63,1,30,True
pca,-1,primary,0.005,11,7,3,overall,11007,35,1,19,True
pca,-1,primary,0.005,11,7,3,climb,2506,0,0,0,True
pca,-1,primary,0.005,11,7,3,cruise,4386,13,1,8,True
pca,-1,primary,0.005,11,7,3,descent,4115,22,1,11,True
pca,-1,primary,0.005,11,8,3,overall,8826,95,1,30,True
pca,-1,primary,0.005,11,8,3,climb,4368,2,1,1,True
pca,-1,primary,0.005,11,8,3,cruise,2947,59,1,4,True
pca,-1,primary,0.005,11,8,3,descent,1511,34,1,25,True
pca,-1,primary,0.005,11,9,3,overall,8928,24,1,18,True
pca,-1,primary,0.005,11,9,3,climb,2151,5,1,3,True
pca,-1,primary,0.005,11,9,3,cruise,4055,2,1,1,True
pca,-1,primary,0.005,11,9,3,descent,2722,17,1,14,True
pca,-1,primary,0.005,11,10,3,overall,13940,7,1,6,True
pca,-1,primary,0.005,11,10,3,climb,3800,0,0,0,True
pca,-1,primary,0.005,11,10,3,cruise,6079,2,1,2,True
pca,-1,primary,0.005,11,10,3,descent,4061,5,1,4,True
pca,-1,primary,0.005,11,11,3,overall,13751,137,1,47,True
pca,-1,primary,0.005,11,11,3,climb,2138,0,0,0,True
pca,-1,primary,0.005,11,11,3,cruise,6376,23,1,9,True
pca,-1,primary,0.005,11,11,3,descent,5237,114,1,38,True
pca,-1,primary,0.005,11,12,3,overall,14346,50,1,31,True
pca,-1,primary,0.005,11,12,3,climb,3405,0,0,0,True
pca,-1,primary,0.005,11,12,3,cruise,2752,11,1,11,True
pca,-1,primary,0.005,11,12,3,descent,8189,39,1,20,True
pca,-1,primary,0.005,11,13,3,overall,10704,26,1,19,True
pca,-1,primary,0.005,11,13,3,climb,2712,0,0,0,True
pca,-1,primary,0.005,11,13,3,cruise,4440,9,1,5,True
pca,-1,primary,0.005,11,13,3,descent,3552,17,1,14,True
pca,-1,primary,0.005,11,14,3,overall,11573,113,1,38,True
pca,-1,primary,0.005,11,14,3,climb,3378,0,0,0,True
pca,-1,primary,0.005,11,14,3,cruise,2869,2,1,2,True
pca,-1,primary,0.005,11,14,3,descent,5326,111,1,36,True
pca,-1,primary,0.005,11,15,3,overall,7701,10,1,9,True
pca,-1,primary,0.005,11,15,3,climb,2139,0,0,0,True
pca,-1,primary,0.005,11,15,3,cruise,1849,0,0,0,True
pca,-1,primary,0.005,11,15,3,descent,3713,10,1,9,True
pca,-1,primary,0.005,11,16,3,overall,11457,58,1,27,True
pca,-1,primary,0.005,11,16,3,climb,3291,0,0,0,True
pca,-1,primary,0.005,11,16,3,cruise,5172,1,1,1,True
pca,-1,primary,0.005,11,16,3,descent,2994,57,1,26,True
pca,-1,primary,0.005,11,17,3,overall,11457,63,1,29,True
pca,-1,primary,0.005,11,17,3,climb,3291,0,0,0,True
pca,-1,primary,0.005,11,17,3,cruise,5172,1,1,1,True
pca,-1,primary,0.005,11,17,3,descent,2994,62,1,28,True
pca,-1,primary,0.005,11,18,3,overall,12562,38,1,30,True
pca,-1,primary,0.005,11,18,3,climb,4727,0,0,0,True
pca,-1,primary,0.005,11,18,3,cruise,3161,2,1,2,True
pca,-1,primary,0.005,11,18,3,descent,4674,36,1,28,True
pca,-1,primary,0.005,14,1,1,overall,2551,5,1,4,False
pca,-1,primary,0.005,14,1,1,climb,79,0,0,0,False
pca,-1,primary,0.005,14,1,1,cruise,2364,3,1,2,False
pca,-1,primary,0.005,14,1,1,descent,108,2,1,2,False
pca,-1,primary,0.005,14,2,1,overall,1528,7,1,5,False
pca,-1,primary,0.005,14,2,1,climb,435,0,0,0,False
pca,-1,primary,0.005,14,2,1,cruise,592,0,0,0,False
pca,-1,primary,0.005,14,2,1,descent,501,7,1,5,False
pca,-1,primary,0.005,14,3,1,overall,1887,10,1,8,False
pca,-1,primary,0.005,14,3,1,climb,227,0,0,0,False
pca,-1,primary,0.005,14,3,1,cruise,1396,10,1,8,False
pca,-1,primary,0.005,14,3,1,descent,264,0,0,0,False
pca,-1,primary,0.005,14,4,1,overall,1303,6,1,4,False
pca,-1,primary,0.005,14,4,1,climb,87,0,0,0,False
pca,-1,primary,0.005,14,4,1,cruise,1069,5,1,3,False
pca,-1,primary,0.005,14,4,1,descent,147,1,1,1,False
pca,-1,primary,0.005,14,5,1,overall,2641,13,1,12,False
pca,-1,primary,0.005,14,5,1,climb,1059,0,0,0,False
pca,-1,primary,0.005,14,5,1,cruise,390,0,0,0,False
pca,-1,primary,0.005,14,5,1,descent,1192,13,1,12,False
pca,-1,primary,0.005,14,6,1,overall,2918,5,1,4,False
pca,-1,primary,0.005,14,6,1,climb,222,0,0,0,False
pca,-1,primary,0.005,14,6,1,cruise,1468,0,0,0,False
pca,-1,primary,0.005,14,6,1,descent,1228,5,1,4,False
pca,-1,primary,0.005,14,7,1,overall,1303,6,1,4,False
pca,-1,primary,0.005,14,7,1,climb,87,0,0,0,False
pca,-1,primary,0.005,14,7,1,cruise,1069,5,1,3,False
pca,-1,primary,0.005,14,7,1,descent,147,1,1,1,False
pca,-1,primary,0.005,14,8,1,overall,2551,5,1,4,False
pca,-1,primary,0.005,14,8,1,climb,79,0,0,0,False
pca,-1,primary,0.005,14,8,1,cruise,2364,3,1,2,False
pca,-1,primary,0.005,14,8,1,descent,108,2,1,2,False
pca,-1,primary,0.005,14,9,1,overall,1706,31,1,6,False
pca,-1,primary,0.005,14,9,1,climb,38,0,0,0,False
pca,-1,primary,0.005,14,9,1,cruise,47,0,0,0,False
pca,-1,primary,0.005,14,9,1,descent,1621,31,1,6,False
pca,-1,primary,0.005,14,10,1,overall,1706,31,1,6,False
pca,-1,primary,0.005,14,10,1,climb,38,0,0,0,False
pca,-1,primary,0.005,14,10,1,cruise,47,0,0,0,False
pca,-1,primary,0.005,14,10,1,descent,1621,31,1,6,False
pca,-1,primary,0.005,14,11,1,overall,2346,0,0,0,False
pca,-1,primary,0.005,14,11,1,climb,482,0,0,0,False
pca,-1,primary,0.005,14,11,1,cruise,1040,0,0,0,False
pca,-1,primary,0.005,14,11,1,descent,824,0,0,0,False
pca,-1,primary,0.005,14,12,1,overall,2641,14,1,11,False
pca,-1,primary,0.005,14,12,1,climb,1059,0,0,0,False
pca,-1,primary,0.005,14,12,1,cruise,390,0,0,0,False
pca,-1,primary,0.005,14,12,1,descent,1192,14,1,11,False
pca,-1,primary,0.005,14,13,1,overall,1303,6,1,4,False
pca,-1,primary,0.005,14,13,1,climb,87,0,0,0,False
pca,-1,primary,0.005,14,13,1,cruise,1069,5,1,3,False
pca,-1,primary,0.005,14,13,1,descent,147,1,1,1,False
pca,-1,primary,0.005,14,14,1,overall,2629,2,1,2,False
pca,-1,primary,0.005,14,14,1,climb,490,0,0,0,False
pca,-1,primary,0.005,14,14,1,cruise,1339,0,0,0,False
pca,-1,primary,0.005,14,14,1,descent,800,2,1,2,False
pca,-1,primary,0.005,14,15,1,overall,1930,1,1,1,False
pca,-1,primary,0.005,14,15,1,climb,486,0,0,0,False
pca,-1,primary,0.005,14,15,1,cruise,795,0,0,0,False
pca,-1,primary,0.005,14,15,1,descent,649,1,1,1,False
pca,-1,primary,0.005,14,16,1,overall,1528,7,1,5,False
pca,-1,primary,0.005,14,16,1,climb,435,0,0,0,False
pca,-1,primary,0.005,14,16,1,cruise,592,0,0,0,False
pca,-1,primary,0.005,14,16,1,descent,501,7,1,5,False
pca,-1,primary,0.005,14,17,1,overall,2641,18,1,11,False
pca,-1,primary,0.005,14,17,1,climb,1059,0,0,0,False
pca,-1,primary,0.005,14,17,1,cruise,390,0,0,0,False
pca,-1,primary,0.005,14,17,1,descent,1192,18,1,11,False
pca,-1,primary,0.005,14,18,1,overall,2629,2,1,2,False
pca,-1,primary,0.005,14,18,1,climb,490,0,0,0,False
pca,-1,primary,0.005,14,18,1,cruise,1339,0,0,0,False
pca,-1,primary,0.005,14,18,1,descent,800,2,1,2,False
pca,-1,primary,0.005,14,19,1,overall,1706,31,1,6,False
pca,-1,primary,0.005,14,19,1,climb,38,0,0,0,False
pca,-1,primary,0.005,14,19,1,cruise,47,0,0,0,False
pca,-1,primary,0.005,14,19,1,descent,1621,31,1,6,False
pca,-1,primary,0.005,14,20,1,overall,2629,2,1,2,False
pca,-1,primary,0.005,14,20,1,climb,490,0,0,0,False
pca,-1,primary,0.005,14,20,1,cruise,1339,0,0,0,False
pca,-1,primary,0.005,14,20,1,descent,800,2,1,2,False
pca,-1,primary,0.005,14,21,1,overall,1706,32,1,6,False
pca,-1,primary,0.005,14,21,1,climb,38,0,0,0,False
pca,-1,primary,0.005,14,21,1,cruise,47,0,0,0,False
pca,-1,primary,0.005,14,21,1,descent,1621,32,1,6,False
pca,-1,primary,0.005,14,22,1,overall,1887,10,1,8,False
pca,-1,primary,0.005,14,22,1,climb,227,0,0,0,False
pca,-1,primary,0.005,14,22,1,cruise,1396,10,1,8,False
pca,-1,primary,0.005,14,22,1,descent,264,0,0,0,False
pca,-1,primary,0.005,14,23,1,overall,2629,2,1,2,False
pca,-1,primary,0.005,14,23,1,climb,490,0,0,0,False
pca,-1,primary,0.005,14,23,1,cruise,1339,0,0,0,False
pca,-1,primary,0.005,14,23,1,descent,800,2,1,2,False
pca,-1,primary,0.005,14,24,1,overall,2641,19,1,10,False
pca,-1,primary,0.005,14,24,1,climb,1059,0,0,0,False
pca,-1,primary,0.005,14,24,1,cruise,390,0,0,0,False
pca,-1,primary,0.005,14,24,1,descent,1192,19,1,10,False
pca,-1,primary,0.005,14,25,1,overall,2551,5,1,4,False
pca,-1,primary,0.005,14,25,1,climb,79,0,0,0,False
pca,-1,primary,0.005,14,25,1,cruise,2364,3,1,2,False
pca,-1,primary,0.005,14,25,1,descent,108,2,1,2,False
pca,-1,primary,0.005,14,26,1,overall,2034,26,1,14,False
pca,-1,primary,0.005,14,26,1,climb,135,17,1,9,False
pca,-1,primary,0.005,14,26,1,cruise,84,0,0,0,False
pca,-1,primary,0.005,14,26,1,descent,1815,9,1,5,False
pca,-1,primary,0.005,14,27,1,overall,1887,10,1,8,False
pca,-1,primary,0.005,14,27,1,climb,227,0,0,0,False
pca,-1,primary,0.005,14,27,1,cruise,1396,10,1,8,False
pca,-1,primary,0.005,14,27,1,descent,264,0,0,0,False
pca,-1,primary,0.005,14,28,1,overall,2629,2,1,2,False
pca,-1,primary,0.005,14,28,1,climb,490,0,0,0,False
pca,-1,primary,0.005,14,28,1,cruise,1339,0,0,0,False
pca,-1,primary,0.005,14,28,1,descent,800,2,1,2,False
pca,-1,primary,0.005,14,29,1,overall,1887,10,1,8,False
pca,-1,primary,0.005,14,29,1,climb,227,0,0,0,False
pca,-1,primary,0.005,14,29,1,cruise,1396,10,1,8,False
pca,-1,primary,0.005,14,29,1,descent,264,0,0,0,False
pca,-1,primary,0.005,14,30,1,overall,1528,10,1,4,False
pca,-1,primary,0.005,14,30,1,climb,435,0,0,0,False
pca,-1,primary,0.005,14,30,1,cruise,592,0,0,0,False
pca,-1,primary,0.005,14,30,1,descent,501,10,1,4,False
pca,-1,primary,0.005,14,31,1,overall,2629,2,1,2,False
pca,-1,primary,0.005,14,31,1,climb,490,0,0,0,False
pca,-1,primary,0.005,14,31,1,cruise,1339,0,0,0,False
pca,-1,primary,0.005,14,31,1,descent,800,2,1,2,False
pca,-1,primary,0.005,14,32,1,overall,1006,14,1,13,False
pca,-1,primary,0.005,14,32,1,climb,262,0,0,0,False
pca,-1,primary,0.005,14,32,1,cruise,356,0,0,0,False
pca,-1,primary,0.005,14,32,1,descent,388,14,1,13,False
pca,-1,primary,0.005,14,33,1,overall,1528,10,1,4,False
pca,-1,primary,0.005,14,33,1,climb,435,0,0,0,False
pca,-1,primary,0.005,14,33,1,cruise,592,0,0,0,False
pca,-1,primary,0.005,14,33,1,descent,501,10,1,4,False
pca,-1,primary,0.005,14,34,1,overall,1944,4,1,3,False
pca,-1,primary,0.005,14,34,1,climb,142,0,0,0,False
pca,-1,primary,0.005,14,34,1,cruise,1554,3,1,2,False
pca,-1,primary,0.005,14,34,1,descent,248,1,1,1,False
pca,-1,primary,0.005,14,35,1,overall,1706,31,1,6,False
pca,-1,primary,0.005,14,35,1,climb,38,0,0,0,False
pca,-1,primary,0.005,14,35,1,cruise,47,0,0,0,False
pca,-1,primary,0.005,14,35,1,descent,1621,31,1,6,False
pca,-1,primary,0.005,15,1,2,overall,2669,5,1,5,False
pca,-1,primary,0.005,15,1,2,climb,625,0,0,0,False
pca,-1,primary,0.005,15,1,2,cruise,752,0,0,0,False
pca,-1,primary,0.005,15,1,2,descent,1292,5,1,5,False
pca,-1,primary,0.005,15,2,2,overall,7711,3,1,2,False
pca,-1,primary,0.005,15,2,2,climb,2028,0,0,0,False
pca,-1,primary,0.005,15,2,2,cruise,3298,0,0,0,False
pca,-1,primary,0.005,15,2,2,descent,2385,3,1,2,False
pca,-1,primary,0.005,15,3,2,overall,5503,63,1,27,False
pca,-1,primary,0.005,15,3,2,climb,3519,0,0,0,False
pca,-1,primary,0.005,15,3,2,cruise,722,1,1,1,False
pca,-1,primary,0.005,15,3,2,descent,1262,62,1,26,False
pca,-1,primary,0.005,15,4,2,overall,6372,3,1,2,False
pca,-1,primary,0.005,15,4,2,climb,2754,0,0,0,False
pca,-1,primary,0.005,15,4,2,cruise,2405,0,0,0,False
pca,-1,primary,0.005,15,4,2,descent,1213,3,1,2,False
pca,-1,primary,0.005,15,5,2,overall,6075,0,0,0,False
pca,-1,primary,0.005,15,5,2,climb,1642,0,0,0,False
pca,-1,primary,0.005,15,5,2,cruise,2509,0,0,0,False
pca,-1,primary,0.005,15,5,2,descent,1924,0,0,0,False
pca,-1,primary,0.005,15,6,2,overall,9157,82,1,25,False
pca,-1,primary,0.005,15,6,2,climb,3584,0,0,0,False
pca,-1,primary,0.005,15,6,2,cruise,2702,55,1,13,False
pca,-1,primary,0.005,15,6,2,descent,2871,27,1,12,False
pca,-1,primary,0.005,15,7,2,overall,5892,49,1,14,False
pca,-1,primary,0.005,15,7,2,climb,2990,26,1,8,False
pca,-1,primary,0.005,15,7,2,cruise,2120,2,1,2,False
pca,-1,primary,0.005,15,7,2,descent,782,21,1,4,False
pca,-1,primary,0.005,15,8,2,overall,4015,3,1,3,False
pca,-1,primary,0.005,15,8,2,climb,748,0,0,0,False
pca,-1,primary,0.005,15,8,2,cruise,1371,0,0,0,False
pca,-1,primary,0.005,15,8,2,descent,1896,3,1,3,False
pca,-1,primary,0.005,15,9,2,overall,8714,117,1,39,False
pca,-1,primary,0.005,15,9,2,climb,2650,0,0,0,False
pca,-1,primary,0.005,15,9,2,cruise,4542,26,1,14,False
pca,-1,primary,0.005,15,9,2,descent,1522,91,1,25,False
pca,-1,primary,0.005,15,10,2,overall,5218,30,1,19,False
pca,-1,primary,0.005,15,10,2,climb,2439,0,0,0,False
pca,-1,primary,0.005,15,10,2,cruise,1376,0,0,0,False
pca,-1,primary,0.005,15,10,2,descent,1403,30,1,19,False
pca,-1,primary,0.005,15,11,2,overall,6001,48,1,13,False
pca,-1,primary,0.005,15,11,2,climb,2203,0,0,0,False
pca,-1,primary,0.005,15,11,2,cruise,2046,0,0,0,False
pca,-1,primary,0.005,15,11,2,descent,1752,48,1,13,False
pca,-1,primary,0.005,15,12,2,overall,8363,2,1,2,False
pca,-1,primary,0.005,15,12,2,climb,1990,0,0,0,False
pca,-1,primary,0.005,15,12,2,cruise,3014,0,0,0,False
pca,-1,primary,0.005,15,12,2,descent,3359,2,1,2,False
pca,-1,primary,0.005,15,13,2,overall,5761,10,1,6,False
pca,-1,primary,0.005,15,13,2,climb,1671,0,0,0,False
pca,-1,primary,0.005,15,13,2,cruise,2573,0,0,0,False
pca,-1,primary,0.005,15,13,2,descent,1517,10,1,6,False
pca,-1,primary,0.005,15,14,2,overall,6942,6,1,3,False
pca,-1,primary,0.005,15,14,2,climb,2058,0,0,0,False
pca,-1,primary,0.005,15,14,2,cruise,3278,0,0,0,False
pca,-1,primary,0.005,15,14,2,descent,1606,6,1,3,False
pca,-1,primary,0.005,15,15,2,overall,8154,30,1,11,False
pca,-1,primary,0.005,15,15,2,climb,2033,0,0,0,False
pca,-1,primary,0.005,15,15,2,cruise,2970,30,1,11,False
pca,-1,primary,0.005,15,15,2,descent,3151,0,0,0,False
pca,-1,primary,0.005,15,16,2,overall,5218,35,1,23,False
pca,-1,primary,0.005,15,16,2,climb,2439,0,0,0,False
pca,-1,primary,0.005,15,16,2,cruise,1376,0,0,0,False
pca,-1,primary,0.005,15,16,2,descent,1403,35,1,23,False
pca,-1,primary,0.005,15,17,2,overall,5804,65,1,17,False
pca,-1,primary,0.005,15,17,2,climb,1845,0,0,0,False
pca,-1,primary,0.005,15,17,2,cruise,2329,0,0,0,False
pca,-1,primary,0.005,15,17,2,descent,1630,65,1,17,False
pca,-1,primary,0.005,15,18,2,overall,8154,26,1,15,False
pca,-1,primary,0.005,15,18,2,climb,2033,0,0,0,False
pca,-1,primary,0.005,15,18,2,cruise,2970,26,1,15,False
pca,-1,primary,0.005,15,18,2,descent,3151,0,0,0,False
pca,-1,primary,0.005,15,19,2,overall,6782,122,1,52,False
pca,-1,primary,0.005,15,19,2,climb,2887,0,0,0,False
pca,-1,primary,0.005,15,19,2,cruise,1196,11,1,7,False
pca,-1,primary,0.005,15,19,2,descent,2699,111,1,45,False
pca,-1,primary,0.005,15,20,2,overall,6265,0,0,0,False
pca,-1,primary,0.005,15,20,2,climb,1256,0,0,0,False
pca,-1,primary,0.005,15,20,2,cruise,2569,0,0,0,False
pca,-1,primary,0.005,15,20,2,descent,2440,0,0,0,False
pca,-1,primary,0.005,15,21,2,overall,6381,16,1,8,False
pca,-1,primary,0.005,15,21,2,climb,1264,0,0,0,False
pca,-1,primary,0.005,15,21,2,cruise,2088,0,0,0,False
pca,-1,primary,0.005,15,21,2,descent,3029,16,1,8,False
pca,-1,primary,0.005,15,22,2,overall,5501,66,1,15,False
pca,-1,primary,0.005,15,22,2,climb,2343,1,1,1,False
pca,-1,primary,0.005,15,22,2,cruise,1857,0,0,0,False
pca,-1,primary,0.005,15,22,2,descent,1301,65,1,14,False
pca,-1,primary,0.005,15,23,2,overall,6887,7,1,5,False
pca,-1,primary,0.005,15,23,2,climb,1788,0,0,0,False
pca,-1,primary,0.005,15,23,2,cruise,3403,0,0,0,False
pca,-1,primary,0.005,15,23,2,descent,1696,7,1,5,False
pca,-1,primary,0.01,11,1,3,overall,11007,68,1,38,True
pca,-1,primary,0.01,11,1,3,climb,2506,0,0,0,True
pca,-1,primary,0.01,11,1,3,cruise,4386,22,1,15,True
pca,-1,primary,0.01,11,1,3,descent,4115,46,1,23,True
pca,-1,primary,0.01,11,2,3,overall,17636,343,1,75,True
pca,-1,primary,0.01,11,2,3,climb,3612,0,0,0,True
pca,-1,primary,0.01,11,2,3,cruise,10521,33,1,15,True
pca,-1,primary,0.01,11,2,3,descent,3503,310,1,60,True
pca,-1,primary,0.01,11,3,3,overall,9831,183,1,78,True
pca,-1,primary,0.01,11,3,3,climb,2031,0,0,0,True
pca,-1,primary,0.01,11,3,3,cruise,3448,21,1,11,True
pca,-1,primary,0.01,11,3,3,descent,4352,162,1,67,True
pca,-1,primary,0.01,11,4,3,overall,13140,98,1,32,True
pca,-1,primary,0.01,11,4,3,climb,2902,0,0,0,True
pca,-1,primary,0.01,11,4,3,cruise,7069,1,1,1,True
pca,-1,primary,0.01,11,4,3,descent,3169,97,1,31,True
pca,-1,primary,0.01,11,5,3,overall,13751,198,1,66,True
pca,-1,primary,0.01,11,5,3,climb,2138,0,0,0,True
pca,-1,primary,0.01,11,5,3,cruise,6376,23,1,7,True
pca,-1,primary,0.01,11,5,3,descent,5237,175,1,59,True
pca,-1,primary,0.01,11,6,3,overall,11689,142,1,70,True
pca,-1,primary,0.01,11,6,3,climb,2583,0,0,0,True
pca,-1,primary,0.01,11,6,3,cruise,5477,46,1,25,True
pca,-1,primary,0.01,11,6,3,descent,3629,96,1,45,True
pca,-1,primary,0.01,11,7,3,overall,11007,75,1,34,True
pca,-1,primary,0.01,11,7,3,climb,2506,0,0,0,True
pca,-1,primary,0.01,11,7,3,cruise,4386,24,1,14,True
pca,-1,primary,0.01,11,7,3,descent,4115,51,1,20,True
pca,-1,primary,0.01,11,8,3,overall,8826,246,1,34,True
pca,-1,primary,0.01,11,8,3,climb,4368,41,1,2,True
pca,-1,primary,0.01,11,8,3,cruise,2947,95,1,4,True
pca,-1,primary,0.01,11,8,3,descent,1511,110,1,28,True
pca,-1,primary,0.01,11,9,3,overall,8928,129,1,40,True
pca,-1,primary,0.01,11,9,3,climb,2151,11,1,3,True
pca,-1,primary,0.01,11,9,3,cruise,4055,5,1,3,True
pca,-1,primary,0.01,11,9,3,descent,2722,113,1,34,True
pca,-1,primary,0.01,11,10,3,overall,13940,26,1,15,True
pca,-1,primary,0.01,11,10,3,climb,3800,0,0,0,True
pca,-1,primary,0.01,11,10,3,cruise,6079,3,1,2,True
pca,-1,primary,0.01,11,10,3,descent,4061,23,1,13,True
pca,-1,primary,0.01,11,11,3,overall,13751,187,1,48,True
pca,-1,primary,0.01,11,11,3,climb,2138,0,0,0,True
pca,-1,primary,0.01,11,11,3,cruise,6376,29,1,7,True
pca,-1,primary,0.01,11,11,3,descent,5237,158,1,41,True
pca,-1,primary,0.01,11,12,3,overall,14346,79,1,40,True
pca,-1,primary,0.01,11,12,3,climb,3405,0,0,0,True
pca,-1,primary,0.01,11,12,3,cruise,2752,21,1,13,True
pca,-1,primary,0.01,11,12,3,descent,8189,58,1,27,True
pca,-1,primary,0.01,11,13,3,overall,10704,53,1,34,True
pca,-1,primary,0.01,11,13,3,climb,2712,0,0,0,True
pca,-1,primary,0.01,11,13,3,cruise,4440,14,1,10,True
pca,-1,primary,0.01,11,13,3,descent,3552,39,1,24,True
pca,-1,primary,0.01,11,14,3,overall,11573,145,1,46,True
pca,-1,primary,0.01,11,14,3,climb,3378,0,0,0,True
pca,-1,primary,0.01,11,14,3,cruise,2869,6,1,4,True
pca,-1,primary,0.01,11,14,3,descent,5326,139,1,42,True
pca,-1,primary,0.01,11,15,3,overall,7701,47,1,37,True
pca,-1,primary,0.01,11,15,3,climb,2139,0,0,0,True
pca,-1,primary,0.01,11,15,3,cruise,1849,0,0,0,True
pca,-1,primary,0.01,11,15,3,descent,3713,47,1,37,True
pca,-1,primary,0.01,11,16,3,overall,11457,106,1,30,True
pca,-1,primary,0.01,11,16,3,climb,3291,0,0,0,True
pca,-1,primary,0.01,11,16,3,cruise,5172,1,1,1,True
pca,-1,primary,0.01,11,16,3,descent,2994,105,1,29,True
pca,-1,primary,0.01,11,17,3,overall,11457,111,1,25,True
pca,-1,primary,0.01,11,17,3,climb,3291,0,0,0,True
pca,-1,primary,0.01,11,17,3,cruise,5172,1,1,1,True
pca,-1,primary,0.01,11,17,3,descent,2994,110,1,24,True
pca,-1,primary,0.01,11,18,3,overall,12562,199,1,80,True
pca,-1,primary,0.01,11,18,3,climb,4727,0,0,0,True
pca,-1,primary,0.01,11,18,3,cruise,3161,6,1,4,True
pca,-1,primary,0.01,11,18,3,descent,4674,193,1,76,True
pca,-1,primary,0.01,14,1,1,overall,2551,8,1,4,False
pca,-1,primary,0.01,14,1,1,climb,79,0,0,0,False
pca,-1,primary,0.01,14,1,1,cruise,2364,4,1,2,False
pca,-1,primary,0.01,14,1,1,descent,108,4,1,2,False
pca,-1,primary,0.01,14,2,1,overall,1528,19,1,4,False
pca,-1,primary,0.01,14,2,1,climb,435,0,0,0,False
pca,-1,primary,0.01,14,2,1,cruise,592,0,0,0,False
pca,-1,primary,0.01,14,2,1,descent,501,19,1,4,False
pca,-1,primary,0.01,14,3,1,overall,1887,25,1,16,False
pca,-1,primary,0.01,14,3,1,climb,227,3,1,2,False
pca,-1,primary,0.01,14,3,1,cruise,1396,20,1,12,False
pca,-1,primary,0.01,14,3,1,descent,264,2,1,2,False
pca,-1,primary,0.01,14,4,1,overall,1303,35,1,19,False
pca,-1,primary,0.01,14,4,1,climb,87,0,0,0,False
pca,-1,primary,0.01,14,4,1,cruise,1069,17,1,13,False
pca,-1,primary,0.01,14,4,1,descent,147,18,1,6,False
pca,-1,primary,0.01,14,5,1,overall,2641,193,1,20,False
pca,-1,primary,0.01,14,5,1,climb,1059,0,0,0,False
pca,-1,primary,0.01,14,5,1,cruise,390,0,0,0,False
pca,-1,primary,0.01,14,5,1,descent,1192,193,1,20,False
pca,-1,primary,0.01,14,6,1,overall,2918,7,1,4,False
pca,-1,primary,0.01,14,6,1,climb,222,0,0,0,False
pca,-1,primary,0.01,14,6,1,cruise,1468,0,0,0,False
pca,-1,primary,0.01,14,6,1,descent,1228,7,1,4,False
pca,-1,primary,0.01,14,7,1,overall,1303,35,1,19,False
pca,-1,primary,0.01,14,7,1,climb,87,0,0,0,False
pca,-1,primary,0.01,14,7,1,cruise,1069,17,1,13,False
pca,-1,primary,0.01,14,7,1,descent,147,18,1,6,False
pca,-1,primary,0.01,14,8,1,overall,2551,8,1,4,False
pca,-1,primary,0.01,14,8,1,climb,79,0,0,0,False
pca,-1,primary,0.01,14,8,1,cruise,2364,4,1,2,False
pca,-1,primary,0.01,14,8,1,descent,108,4,1,2,False
pca,-1,primary,0.01,14,9,1,overall,1706,38,1,8,False
pca,-1,primary,0.01,14,9,1,climb,38,0,0,0,False
pca,-1,primary,0.01,14,9,1,cruise,47,0,0,0,False
pca,-1,primary,0.01,14,9,1,descent,1621,38,1,8,False
pca,-1,primary,0.01,14,10,1,overall,1706,38,1,7,False
pca,-1,primary,0.01,14,10,1,climb,38,0,0,0,False
pca,-1,primary,0.01,14,10,1,cruise,47,0,0,0,False
pca,-1,primary,0.01,14,10,1,descent,1621,38,1,7,False
pca,-1,primary,0.01,14,11,1,overall,2346,0,0,0,False
pca,-1,primary,0.01,14,11,1,climb,482,0,0,0,False
pca,-1,primary,0.01,14,11,1,cruise,1040,0,0,0,False
pca,-1,primary,0.01,14,11,1,descent,824,0,0,0,False
pca,-1,primary,0.01,14,12,1,overall,2641,201,1,19,False
pca,-1,primary,0.01,14,12,1,climb,1059,0,0,0,False
pca,-1,primary,0.01,14,12,1,cruise,390,0,0,0,False
pca,-1,primary,0.01,14,12,1,descent,1192,201,1,19,False
pca,-1,primary,0.01,14,13,1,overall,1303,39,1,21,False
pca,-1,primary,0.01,14,13,1,climb,87,0,0,0,False
pca,-1,primary,0.01,14,13,1,cruise,1069,20,1,16,False
pca,-1,primary,0.01,14,13,1,descent,147,19,1,5,False
pca,-1,primary,0.01,14,14,1,overall,2629,3,1,2,False
pca,-1,primary,0.01,14,14,1,climb,490,0,0,0,False
pca,-1,primary,0.01,14,14,1,cruise,1339,0,0,0,False
pca,-1,primary,0.01,14,14,1,descent,800,3,1,2,False
pca,-1,primary,0.01,14,15,1,overall,1930,6,1,4,False
pca,-1,primary,0.01,14,15,1,climb,486,0,0,0,False
pca,-1,primary,0.01,14,15,1,cruise,795,0,0,0,False
pca,-1,primary,0.01,14,15,1,descent,649,6,1,4,False
pca,-1,primary,0.01,14,16,1,overall,1528,19,1,4,False
pca,-1,primary,0.01,14,16,1,climb,435,0,0,0,False
pca,-1,primary,0.01,14,16,1,cruise,592,0,0,0,False
pca,-1,primary,0.01,14,16,1,descent,501,19,1,4,False
pca,-1,primary,0.01,14,17,1,overall,2641,218,1,14,False
pca,-1,primary,0.01,14,17,1,climb,1059,0,0,0,False
pca,-1,primary,0.01,14,17,1,cruise,390,0,0,0,False
pca,-1,primary,0.01,14,17,1,descent,1192,218,1,14,False
pca,-1,primary,0.01,14,18,1,overall,2629,3,1,2,False
pca,-1,primary,0.01,14,18,1,climb,490,0,0,0,False
pca,-1,primary,0.01,14,18,1,cruise,1339,0,0,0,False
pca,-1,primary,0.01,14,18,1,descent,800,3,1,2,False
pca,-1,primary,0.01,14,19,1,overall,1706,37,1,7,False
pca,-1,primary,0.01,14,19,1,climb,38,0,0,0,False
pca,-1,primary,0.01,14,19,1,cruise,47,0,0,0,False
pca,-1,primary,0.01,14,19,1,descent,1621,37,1,7,False
pca,-1,primary,0.01,14,20,1,overall,2629,3,1,2,False
pca,-1,primary,0.01,14,20,1,climb,490,0,0,0,False
pca,-1,primary,0.01,14,20,1,cruise,1339,0,0,0,False
pca,-1,primary,0.01,14,20,1,descent,800,3,1,2,False
pca,-1,primary,0.01,14,21,1,overall,1706,37,1,7,False
pca,-1,primary,0.01,14,21,1,climb,38,0,0,0,False
pca,-1,primary,0.01,14,21,1,cruise,47,0,0,0,False
pca,-1,primary,0.01,14,21,1,descent,1621,37,1,7,False
pca,-1,primary,0.01,14,22,1,overall,1887,23,1,16,False
pca,-1,primary,0.01,14,22,1,climb,227,1,1,1,False
pca,-1,primary,0.01,14,22,1,cruise,1396,21,1,14,False
pca,-1,primary,0.01,14,22,1,descent,264,1,1,1,False
pca,-1,primary,0.01,14,23,1,overall,2629,3,1,2,False
pca,-1,primary,0.01,14,23,1,climb,490,0,0,0,False
pca,-1,primary,0.01,14,23,1,cruise,1339,0,0,0,False
pca,-1,primary,0.01,14,23,1,descent,800,3,1,2,False
pca,-1,primary,0.01,14,24,1,overall,2641,221,1,13,False
pca,-1,primary,0.01,14,24,1,climb,1059,0,0,0,False
pca,-1,primary,0.01,14,24,1,cruise,390,0,0,0,False
pca,-1,primary,0.01,14,24,1,descent,1192,221,1,13,False
pca,-1,primary,0.01,14,25,1,overall,2551,8,1,4,False
pca,-1,primary,0.01,14,25,1,climb,79,0,0,0,False
pca,-1,primary,0.01,14,25,1,cruise,2364,4,1,2,False
pca,-1,primary,0.01,14,25,1,descent,108,4,1,2,False
pca,-1,primary,0.01,14,26,1,overall,2034,43,1,9,False
pca,-1,primary,0.01,14,26,1,climb,135,29,1,5,False
pca,-1,primary,0.01,14,26,1,cruise,84,0,0,0,False
pca,-1,primary,0.01,14,26,1,descent,1815,14,1,4,False
pca,-1,primary,0.01,14,27,1,overall,1887,23,1,16,False
pca,-1,primary,0.01,14,27,1,climb,227,1,1,1,False
pca,-1,primary,0.01,14,27,1,cruise,1396,21,1,14,False
pca,-1,primary,0.01,14,27,1,descent,264,1,1,1,False
pca,-1,primary,0.01,14,28,1,overall,2629,4,1,2,False
pca,-1,primary,0.01,14,28,1,climb,490,0,0,0,False
pca,-1,primary,0.01,14,28,1,cruise,1339,0,0,0,False
pca,-1,primary,0.01,14,28,1,descent,800,4,1,2,False
pca,-1,primary,0.01,14,29,1,overall,1887,24,1,16,False
pca,-1,primary,0.01,14,29,1,climb,227,2,1,2,False
pca,-1,primary,0.01,14,29,1,cruise,1396,21,1,13,False
pca,-1,primary,0.01,14,29,1,descent,264,1,1,1,False
pca,-1,primary,0.01,14,30,1,overall,1528,19,1,4,False
pca,-1,primary,0.01,14,30,1,climb,435,0,0,0,False
pca,-1,primary,0.01,14,30,1,cruise,592,0,0,0,False
pca,-1,primary,0.01,14,30,1,descent,501,19,1,4,False
pca,-1,primary,0.01,14,31,1,overall,2629,4,1,2,False
pca,-1,primary,0.01,14,31,1,climb,490,0,0,0,False
pca,-1,primary,0.01,14,31,1,cruise,1339,0,0,0,False
pca,-1,primary,0.01,14,31,1,descent,800,4,1,2,False
pca,-1,primary,0.01,14,32,1,overall,1006,109,1,23,False
pca,-1,primary,0.01,14,32,1,climb,262,0,0,0,False
pca,-1,primary,0.01,14,32,1,cruise,356,6,1,3,False
pca,-1,primary,0.01,14,32,1,descent,388,103,1,20,False
pca,-1,primary,0.01,14,33,1,overall,1528,19,1,4,False
pca,-1,primary,0.01,14,33,1,climb,435,0,0,0,False
pca,-1,primary,0.01,14,33,1,cruise,592,0,0,0,False
pca,-1,primary,0.01,14,33,1,descent,501,19,1,4,False
pca,-1,primary,0.01,14,34,1,overall,1944,17,1,10,False
pca,-1,primary,0.01,14,34,1,climb,142,0,0,0,False
pca,-1,primary,0.01,14,34,1,cruise,1554,9,1,6,False
pca,-1,primary,0.01,14,34,1,descent,248,8,1,4,False
pca,-1,primary,0.01,14,35,1,overall,1706,36,1,7,False
pca,-1,primary,0.01,14,35,1,climb,38,0,0,0,False
pca,-1,primary,0.01,14,35,1,cruise,47,0,0,0,False
pca,-1,primary,0.01,14,35,1,descent,1621,36,1,7,False
pca,-1,primary,0.01,15,1,2,overall,2669,16,1,13,False
pca,-1,primary,0.01,15,1,2,climb,625,0,0,0,False
pca,-1,primary,0.01,15,1,2,cruise,752,0,0,0,False
pca,-1,primary,0.01,15,1,2,descent,1292,16,1,13,False
pca,-1,primary,0.01,15,2,2,overall,7711,5,1,2,False
pca,-1,primary,0.01,15,2,2,climb,2028,0,0,0,False
pca,-1,primary,0.01,15,2,2,cruise,3298,0,0,0,False
pca,-1,primary,0.01,15,2,2,descent,2385,5,1,2,False
pca,-1,primary,0.01,15,3,2,overall,5503,125,1,32,False
pca,-1,primary,0.01,15,3,2,climb,3519,0,0,0,False
pca,-1,primary,0.01,15,3,2,cruise,722,2,1,2,False
pca,-1,primary,0.01,15,3,2,descent,1262,123,1,30,False
pca,-1,primary,0.01,15,4,2,overall,6372,6,1,5,False
pca,-1,primary,0.01,15,4,2,climb,2754,1,1,1,False
pca,-1,primary,0.01,15,4,2,cruise,2405,0,0,0,False
pca,-1,primary,0.01,15,4,2,descent,1213,5,1,4,False
pca,-1,primary,0.01,15,5,2,overall,6075,9,1,1,False
pca,-1,primary,0.01,15,5,2,climb,1642,0,0,0,False
pca,-1,primary,0.01,15,5,2,cruise,2509,0,0,0,False
pca,-1,primary,0.01,15,5,2,descent,1924,9,1,1,False
pca,-1,primary,0.01,15,6,2,overall,9157,158,1,19,False
pca,-1,primary,0.01,15,6,2,climb,3584,0,0,0,False
pca,-1,primary,0.01,15,6,2,cruise,2702,61,1,11,False
pca,-1,primary,0.01,15,6,2,descent,2871,97,1,8,False
pca,-1,primary,0.01,15,7,2,overall,5892,82,1,12,False
pca,-1,primary,0.01,15,7,2,climb,2990,53,1,6,False
pca,-1,primary,0.01,15,7,2,cruise,2120,2,1,2,False
pca,-1,primary,0.01,15,7,2,descent,782,27,1,4,False
pca,-1,primary,0.01,15,8,2,overall,4015,4,1,3,False
pca,-1,primary,0.01,15,8,2,climb,748,0,0,0,False
pca,-1,primary,0.01,15,8,2,cruise,1371,0,0,0,False
pca,-1,primary,0.01,15,8,2,descent,1896,4,1,3,False
pca,-1,primary,0.01,15,9,2,overall,8714,250,1,64,False
pca,-1,primary,0.01,15,9,2,climb,2650,0,0,0,False
pca,-1,primary,0.01,15,9,2,cruise,4542,47,1,24,False
pca,-1,primary,0.01,15,9,2,descent,1522,203,1,40,False
pca,-1,primary,0.01,15,10,2,overall,5218,168,1,31,False
pca,-1,primary,0.01,15,10,2,climb,2439,0,0,0,False
pca,-1,primary,0.01,15,10,2,cruise,1376,0,0,0,False
pca,-1,primary,0.01,15,10,2,descent,1403,168,1,31,False
pca,-1,primary,0.01,15,11,2,overall,6001,75,1,17,False
pca,-1,primary,0.01,15,11,2,climb,2203,0,0,0,False
pca,-1,primary,0.01,15,11,2,cruise,2046,0,0,0,False
pca,-1,primary,0.01,15,11,2,descent,1752,75,1,17,False
pca,-1,primary,0.01,15,12,2,overall,8363,13,1,10,False
pca,-1,primary,0.01,15,12,2,climb,1990,0,0,0,False
pca,-1,primary,0.01,15,12,2,cruise,3014,0,0,0,False
pca,-1,primary,0.01,15,12,2,descent,3359,13,1,10,False
pca,-1,primary,0.01,15,13,2,overall,5761,21,1,9,False
pca,-1,primary,0.01,15,13,2,climb,1671,0,0,0,False
pca,-1,primary,0.01,15,13,2,cruise,2573,1,1,1,False
pca,-1,primary,0.01,15,13,2,descent,1517,20,1,8,False
pca,-1,primary,0.01,15,14,2,overall,6942,17,1,6,False
pca,-1,primary,0.01,15,14,2,climb,2058,0,0,0,False
pca,-1,primary,0.01,15,14,2,cruise,3278,0,0,0,False
pca,-1,primary,0.01,15,14,2,descent,1606,17,1,6,False
pca,-1,primary,0.01,15,15,2,overall,8154,64,1,16,False
pca,-1,primary,0.01,15,15,2,climb,2033,0,0,0,False
pca,-1,primary,0.01,15,15,2,cruise,2970,45,1,14,False
pca,-1,primary,0.01,15,15,2,descent,3151,19,1,2,False
pca,-1,primary,0.01,15,16,2,overall,5218,188,1,33,False
pca,-1,primary,0.01,15,16,2,climb,2439,0,0,0,False
pca,-1,primary,0.01,15,16,2,cruise,1376,0,0,0,False
pca,-1,primary,0.01,15,16,2,descent,1403,188,1,33,False
pca,-1,primary,0.01,15,17,2,overall,5804,218,1,32,False
pca,-1,primary,0.01,15,17,2,climb,1845,0,0,0,False
pca,-1,primary,0.01,15,17,2,cruise,2329,0,0,0,False
pca,-1,primary,0.01,15,17,2,descent,1630,218,1,32,False
pca,-1,primary,0.01,15,18,2,overall,8154,61,1,21,False
pca,-1,primary,0.01,15,18,2,climb,2033,0,0,0,False
pca,-1,primary,0.01,15,18,2,cruise,2970,43,1,18,False
pca,-1,primary,0.01,15,18,2,descent,3151,18,1,3,False
pca,-1,primary,0.01,15,19,2,overall,6782,291,1,74,False
pca,-1,primary,0.01,15,19,2,climb,2887,0,0,0,False
pca,-1,primary,0.01,15,19,2,cruise,1196,25,1,17,False
pca,-1,primary,0.01,15,19,2,descent,2699,266,1,57,False
pca,-1,primary,0.01,15,20,2,overall,6265,4,1,3,False
pca,-1,primary,0.01,15,20,2,climb,1256,0,0,0,False
pca,-1,primary,0.01,15,20,2,cruise,2569,1,1,1,False
pca,-1,primary,0.01,15,20,2,descent,2440,3,1,2,False
pca,-1,primary,0.01,15,21,2,overall,6381,65,1,13,False
pca,-1,primary,0.01,15,21,2,climb,1264,0,0,0,False
pca,-1,primary,0.01,15,21,2,cruise,2088,0,0,0,False
pca,-1,primary,0.01,15,21,2,descent,3029,65,1,13,False
pca,-1,primary,0.01,15,22,2,overall,5501,79,1,12,False
pca,-1,primary,0.01,15,22,2,climb,2343,1,1,1,False
pca,-1,primary,0.01,15,22,2,cruise,1857,0,0,0,False
pca,-1,primary,0.01,15,22,2,descent,1301,78,1,11,False
pca,-1,primary,0.01,15,23,2,overall,6887,23,1,14,False
pca,-1,primary,0.01,15,23,2,climb,1788,0,0,0,False
pca,-1,primary,0.01,15,23,2,cruise,3403,0,0,0,False
pca,-1,primary,0.01,15,23,2,descent,1696,23,1,14,False
pca,-1,primary,0.02,11,1,3,overall,11007,152,1,51,True
pca,-1,primary,0.02,11,1,3,climb,2506,0,0,0,True
pca,-1,primary,0.02,11,1,3,cruise,4386,46,1,20,True
pca,-1,primary,0.02,11,1,3,descent,4115,106,1,31,True
pca,-1,primary,0.02,11,2,3,overall,17636,561,1,73,True
pca,-1,primary,0.02,11,2,3,climb,3612,0,0,0,True
pca,-1,primary,0.02,11,2,3,cruise,10521,56,1,15,True
pca,-1,primary,0.02,11,2,3,descent,3503,505,1,58,True
pca,-1,primary,0.02,11,3,3,overall,9831,581,1,113,True
pca,-1,primary,0.02,11,3,3,climb,2031,0,0,0,True
pca,-1,primary,0.02,11,3,3,cruise,3448,43,1,24,True
pca,-1,primary,0.02,11,3,3,descent,4352,538,1,89,True
pca,-1,primary,0.02,11,4,3,overall,13140,167,1,33,True
pca,-1,primary,0.02,11,4,3,climb,2902,0,0,0,True
pca,-1,primary,0.02,11,4,3,cruise,7069,1,1,1,True
pca,-1,primary,0.02,11,4,3,descent,3169,166,1,32,True
pca,-1,primary,0.02,11,5,3,overall,13751,281,1,56,True
pca,-1,primary,0.02,11,5,3,climb,2138,0,0,0,True
pca,-1,primary,0.02,11,5,3,cruise,6376,26,1,7,True
pca,-1,primary,0.02,11,5,3,descent,5237,255,1,49,True
pca,-1,primary,0.02,11,6,3,overall,11689,463,1,128,True
pca,-1,primary,0.02,11,6,3,climb,2583,1,1,1,True
pca,-1,primary,0.02,11,6,3,cruise,5477,94,1,41,True
pca,-1,primary,0.02,11,6,3,descent,3629,368,1,86,True
pca,-1,primary,0.02,11,7,3,overall,11007,160,1,47,True
pca,-1,primary,0.02,11,7,3,climb,2506,0,0,0,True
pca,-1,primary,0.02,11,7,3,cruise,4386,50,1,18,True
pca,-1,primary,0.02,11,7,3,descent,4115,110,1,29,True
pca,-1,primary,0.02,11,8,3,overall,8826,373,1,37,True
pca,-1,primary,0.02,11,8,3,climb,4368,55,1,2,True
pca,-1,primary,0.02,11,8,3,cruise,2947,131,1,6,True
pca,-1,primary,0.02,11,8,3,descent,1511,187,1,29,True
pca,-1,primary,0.02,11,9,3,overall,8928,271,1,63,True
pca,-1,primary,0.02,11,9,3,climb,2151,31,1,9,True
pca,-1,primary,0.02,11,9,3,cruise,4055,18,1,8,True
pca,-1,primary,0.02,11,9,3,descent,2722,222,1,46,True
pca,-1,primary,0.02,11,10,3,overall,13940,64,1,27,True
pca,-1,primary,0.02,11,10,3,climb,3800,0,0,0,True
pca,-1,primary,0.02,11,10,3,cruise,6079,4,1,3,True
pca,-1,primary,0.02,11,10,3,descent,4061,60,1,24,True
pca,-1,primary,0.02,11,11,3,overall,13751,251,1,53,True
pca,-1,primary,0.02,11,11,3,climb,2138,0,0,0,True
pca,-1,primary,0.02,11,11,3,cruise,6376,32,1,7,True
pca,-1,primary,0.02,11,11,3,descent,5237,219,1,46,True
pca,-1,primary,0.02,11,12,3,overall,14346,135,1,42,True
pca,-1,primary,0.02,11,12,3,climb,3405,2,1,1,True
pca,-1,primary,0.02,11,12,3,cruise,2752,29,1,11,True
pca,-1,primary,0.02,11,12,3,descent,8189,104,1,30,True
pca,-1,primary,0.02,11,13,3,overall,10704,189,1,58,True
pca,-1,primary,0.02,11,13,3,climb,2712,0,0,0,True
pca,-1,primary,0.02,11,13,3,cruise,4440,36,1,12,True
pca,-1,primary,0.02,11,13,3,descent,3552,153,1,46,True
pca,-1,primary,0.02,11,14,3,overall,11573,206,1,50,True
pca,-1,primary,0.02,11,14,3,climb,3378,0,0,0,True
pca,-1,primary,0.02,11,14,3,cruise,2869,7,1,5,True
pca,-1,primary,0.02,11,14,3,descent,5326,199,1,45,True
pca,-1,primary,0.02,11,15,3,overall,7701,198,1,119,True
pca,-1,primary,0.02,11,15,3,climb,2139,6,1,2,True
pca,-1,primary,0.02,11,15,3,cruise,1849,0,0,0,True
pca,-1,primary,0.02,11,15,3,descent,3713,192,1,117,True
pca,-1,primary,0.02,11,16,3,overall,11457,180,1,43,True
pca,-1,primary,0.02,11,16,3,climb,3291,0,0,0,True
pca,-1,primary,0.02,11,16,3,cruise,5172,2,1,2,True
pca,-1,primary,0.02,11,16,3,descent,2994,178,1,41,True
pca,-1,primary,0.02,11,17,3,overall,11457,172,1,33,True
pca,-1,primary,0.02,11,17,3,climb,3291,0,0,0,True
pca,-1,primary,0.02,11,17,3,cruise,5172,2,1,2,True
pca,-1,primary,0.02,11,17,3,descent,2994,170,1,31,True
pca,-1,primary,0.02,11,18,3,overall,12562,584,1,97,True
pca,-1,primary,0.02,11,18,3,climb,4727,0,0,0,True
pca,-1,primary,0.02,11,18,3,cruise,3161,32,1,8,True
pca,-1,primary,0.02,11,18,3,descent,4674,552,1,89,True
pca,-1,primary,0.02,14,1,1,overall,2551,18,1,8,False
pca,-1,primary,0.02,14,1,1,climb,79,0,0,0,False
pca,-1,primary,0.02,14,1,1,cruise,2364,11,1,6,False
pca,-1,primary,0.02,14,1,1,descent,108,7,1,2,False
pca,-1,primary,0.02,14,2,1,overall,1528,56,1,17,False
pca,-1,primary,0.02,14,2,1,climb,435,0,0,0,False
pca,-1,primary,0.02,14,2,1,cruise,592,2,1,2,False
pca,-1,primary,0.02,14,2,1,descent,501,54,1,15,False
pca,-1,primary,0.02,14,3,1,overall,1887,206,1,86,False
pca,-1,primary,0.02,14,3,1,climb,227,57,1,5,False
pca,-1,primary,0.02,14,3,1,cruise,1396,61,1,24,False
pca,-1,primary,0.02,14,3,1,descent,264,88,1,58,False
pca,-1,primary,0.02,14,4,1,overall,1303,101,1,48,False
pca,-1,primary,0.02,14,4,1,climb,87,5,1,2,False
pca,-1,primary,0.02,14,4,1,cruise,1069,62,1,36,False
pca,-1,primary,0.02,14,4,1,descent,147,34,1,10,False
pca,-1,primary,0.02,14,5,1,overall,2641,255,1,8,False
pca,-1,primary,0.02,14,5,1,climb,1059,0,0,0,False
pca,-1,primary,0.02,14,5,1,cruise,390,0,0,0,False
pca,-1,primary,0.02,14,5,1,descent,1192,255,1,8,False
pca,-1,primary,0.02,14,6,1,overall,2918,25,1,12,False
pca,-1,primary,0.02,14,6,1,climb,222,0,0,0,False
pca,-1,primary,0.02,14,6,1,cruise,1468,11,1,8,False
pca,-1,primary,0.02,14,6,1,descent,1228,14,1,4,False
pca,-1,primary,0.02,14,7,1,overall,1303,101,1,48,False
pca,-1,primary,0.02,14,7,1,climb,87,4,1,2,False
pca,-1,primary,0.02,14,7,1,cruise,1069,63,1,36,False
pca,-1,primary,0.02,14,7,1,descent,147,34,1,10,False
pca,-1,primary,0.02,14,8,1,overall,2551,19,1,9,False
pca,-1,primary,0.02,14,8,1,climb,79,0,0,0,False
pca,-1,primary,0.02,14,8,1,cruise,2364,11,1,6,False
pca,-1,primary,0.02,14,8,1,descent,108,8,1,3,False
pca,-1,primary,0.02,14,9,1,overall,1706,47,1,7,False
pca,-1,primary,0.02,14,9,1,climb,38,0,0,0,False
pca,-1,primary,0.02,14,9,1,cruise,47,0,0,0,False
pca,-1,primary,0.02,14,9,1,descent,1621,47,1,7,False
pca,-1,primary,0.02,14,10,1,overall,1706,47,1,7,False
pca,-1,primary,0.02,14,10,1,climb,38,0,0,0,False
pca,-1,primary,0.02,14,10,1,cruise,47,0,0,0,False
pca,-1,primary,0.02,14,10,1,descent,1621,47,1,7,False
pca,-1,primary,0.02,14,11,1,overall,2346,0,0,0,False
pca,-1,primary,0.02,14,11,1,climb,482,0,0,0,False
pca,-1,primary,0.02,14,11,1,cruise,1040,0,0,0,False
pca,-1,primary,0.02,14,11,1,descent,824,0,0,0,False
pca,-1,primary,0.02,14,12,1,overall,2641,255,1,8,False
pca,-1,primary,0.02,14,12,1,climb,1059,0,0,0,False
pca,-1,primary,0.02,14,12,1,cruise,390,0,0,0,False
pca,-1,primary,0.02,14,12,1,descent,1192,255,1,8,False
pca,-1,primary,0.02,14,13,1,overall,1303,104,1,49,False
pca,-1,primary,0.02,14,13,1,climb,87,5,1,2,False
pca,-1,primary,0.02,14,13,1,cruise,1069,64,1,36,False
pca,-1,primary,0.02,14,13,1,descent,147,35,1,11,False
pca,-1,primary,0.02,14,14,1,overall,2629,10,1,5,False
pca,-1,primary,0.02,14,14,1,climb,490,0,0,0,False
pca,-1,primary,0.02,14,14,1,cruise,1339,1,1,1,False
pca,-1,primary,0.02,14,14,1,descent,800,9,1,4,False
pca,-1,primary,0.02,14,15,1,overall,1930,13,1,4,False
pca,-1,primary,0.02,14,15,1,climb,486,0,0,0,False
pca,-1,primary,0.02,14,15,1,cruise,795,1,1,1,False
pca,-1,primary,0.02,14,15,1,descent,649,12,1,3,False
pca,-1,primary,0.02,14,16,1,overall,1528,57,1,18,False
pca,-1,primary,0.02,14,16,1,climb,435,0,0,0,False
pca,-1,primary,0.02,14,16,1,cruise,592,2,1,2,False
pca,-1,primary,0.02,14,16,1,descent,501,55,1,16,False
pca,-1,primary,0.02,14,17,1,overall,2641,257,1,8,False
pca,-1,primary,0.02,14,17,1,climb,1059,0,0,0,False
pca,-1,primary,0.02,14,17,1,cruise,390,0,0,0,False
pca,-1,primary,0.02,14,17,1,descent,1192,257,1,8,False
pca,-1,primary,0.02,14,18,1,overall,2629,10,1,5,False
pca,-1,primary,0.02,14,18,1,climb,490,0,0,0,False
pca,-1,primary,0.02,14,18,1,cruise,1339,1,1,1,False
pca,-1,primary,0.02,14,18,1,descent,800,9,1,4,False
pca,-1,primary,0.02,14,19,1,overall,1706,47,1,7,False
pca,-1,primary,0.02,14,19,1,climb,38,0,0,0,False
pca,-1,primary,0.02,14,19,1,cruise,47,0,0,0,False
pca,-1,primary,0.02,14,19,1,descent,1621,47,1,7,False
pca,-1,primary,0.02,14,20,1,overall,2629,10,1,5,False
pca,-1,primary,0.02,14,20,1,climb,490,0,0,0,False
pca,-1,primary,0.02,14,20,1,cruise,1339,1,1,1,False
pca,-1,primary,0.02,14,20,1,descent,800,9,1,4,False
pca,-1,primary,0.02,14,21,1,overall,1706,48,1,8,False
pca,-1,primary,0.02,14,21,1,climb,38,0,0,0,False
pca,-1,primary,0.02,14,21,1,cruise,47,0,0,0,False
pca,-1,primary,0.02,14,21,1,descent,1621,48,1,8,False
pca,-1,primary,0.02,14,22,1,overall,1887,144,1,58,False
pca,-1,primary,0.02,14,22,1,climb,227,52,1,5,False
pca,-1,primary,0.02,14,22,1,cruise,1396,59,1,26,False
pca,-1,primary,0.02,14,22,1,descent,264,33,1,29,False
pca,-1,primary,0.02,14,23,1,overall,2629,10,1,5,False
pca,-1,primary,0.02,14,23,1,climb,490,0,0,0,False
pca,-1,primary,0.02,14,23,1,cruise,1339,1,1,1,False
pca,-1,primary,0.02,14,23,1,descent,800,9,1,4,False
pca,-1,primary,0.02,14,24,1,overall,2641,259,1,8,False
pca,-1,primary,0.02,14,24,1,climb,1059,0,0,0,False
pca,-1,primary,0.02,14,24,1,cruise,390,0,0,0,False
pca,-1,primary,0.02,14,24,1,descent,1192,259,1,8,False
pca,-1,primary,0.02,14,25,1,overall,2551,19,1,7,False
pca,-1,primary,0.02,14,25,1,climb,79,0,0,0,False
pca,-1,primary,0.02,14,25,1,cruise,2364,12,1,5,False
pca,-1,primary,0.02,14,25,1,descent,108,7,1,2,False
pca,-1,primary,0.02,14,26,1,overall,2034,61,1,10,False
pca,-1,primary,0.02,14,26,1,climb,135,41,1,4,False
pca,-1,primary,0.02,14,26,1,cruise,84,0,0,0,False
pca,-1,primary,0.02,14,26,1,descent,1815,20,1,6,False
pca,-1,primary,0.02,14,27,1,overall,1887,132,1,55,False
pca,-1,primary,0.02,14,27,1,climb,227,45,1,5,False
pca,-1,primary,0.02,14,27,1,cruise,1396,58,1,24,False
pca,-1,primary,0.02,14,27,1,descent,264,29,1,26,False
pca,-1,primary,0.02,14,28,1,overall,2629,11,1,6,False
pca,-1,primary,0.02,14,28,1,climb,490,0,0,0,False
pca,-1,primary,0.02,14,28,1,cruise,1339,2,1,2,False
pca,-1,primary,0.02,14,28,1,descent,800,9,1,4,False
pca,-1,primary,0.02,14,29,1,overall,1887,148,1,53,False
pca,-1,primary,0.02,14,29,1,climb,227,57,1,3,False
pca,-1,primary,0.02,14,29,1,cruise,1396,62,1,27,False
pca,-1,primary,0.02,14,29,1,descent,264,29,1,25,False
pca,-1,primary,0.02,14,30,1,overall,1528,60,1,20,False
pca,-1,primary,0.02,14,30,1,climb,435,0,0,0,False
pca,-1,primary,0.02,14,30,1,cruise,592,3,1,3,False
pca,-1,primary,0.02,14,30,1,descent,501,57,1,17,False
pca,-1,primary,0.02,14,31,1,overall,2629,12,1,6,False
pca,-1,primary,0.02,14,31,1,climb,490,0,0,0,False
pca,-1,primary,0.02,14,31,1,cruise,1339,2,1,2,False
pca,-1,primary,0.02,14,31,1,descent,800,10,1,4,False
pca,-1,primary,0.02,14,32,1,overall,1006,237,1,36,False
pca,-1,primary,0.02,14,32,1,climb,262,6,1,2,False
pca,-1,primary,0.02,14,32,1,cruise,356,22,1,12,False
pca,-1,primary,0.02,14,32,1,descent,388,209,1,23,False
pca,-1,primary,0.02,14,33,1,overall,1528,56,1,17,False
pca,-1,primary,0.02,14,33,1,climb,435,0,0,0,False
pca,-1,primary,0.02,14,33,1,cruise,592,3,1,3,False
pca,-1,primary,0.02,14,33,1,descent,501,53,1,14,False
pca,-1,primary,0.02,14,34,1,overall,1944,40,1,19,False
pca,-1,primary,0.02,14,34,1,climb,142,0,0,0,False
pca,-1,primary,0.02,14,34,1,cruise,1554,21,1,11,False
pca,-1,primary,0.02,14,34,1,descent,248,19,1,8,False
pca,-1,primary,0.02,14,35,1,overall,1706,48,1,10,False
pca,-1,primary,0.02,14,35,1,climb,38,0,0,0,False
pca,-1,primary,0.02,14,35,1,cruise,47,0,0,0,False
pca,-1,primary,0.02,14,35,1,descent,1621,48,1,10,False
pca,-1,primary,0.02,15,1,2,overall,2669,43,1,20,False
pca,-1,primary,0.02,15,1,2,climb,625,0,0,0,False
pca,-1,primary,0.02,15,1,2,cruise,752,1,1,1,False
pca,-1,primary,0.02,15,1,2,descent,1292,42,1,19,False
pca,-1,primary,0.02,15,2,2,overall,7711,12,1,6,False
pca,-1,primary,0.02,15,2,2,climb,2028,0,0,0,False
pca,-1,primary,0.02,15,2,2,cruise,3298,0,0,0,False
pca,-1,primary,0.02,15,2,2,descent,2385,12,1,6,False
pca,-1,primary,0.02,15,3,2,overall,5503,245,1,50,False
pca,-1,primary,0.02,15,3,2,climb,3519,0,0,0,False
pca,-1,primary,0.02,15,3,2,cruise,722,5,1,3,False
pca,-1,primary,0.02,15,3,2,descent,1262,240,1,47,False
pca,-1,primary,0.02,15,4,2,overall,6372,18,1,10,False
pca,-1,primary,0.02,15,4,2,climb,2754,7,1,4,False
pca,-1,primary,0.02,15,4,2,cruise,2405,1,1,1,False
pca,-1,primary,0.02,15,4,2,descent,1213,10,1,5,False
pca,-1,primary,0.02,15,5,2,overall,6075,24,1,1,False
pca,-1,primary,0.02,15,5,2,climb,1642,0,0,0,False
pca,-1,primary,0.02,15,5,2,cruise,2509,0,0,0,False
pca,-1,primary,0.02,15,5,2,descent,1924,24,1,1,False
pca,-1,primary,0.02,15,6,2,overall,9157,279,1,30,False
pca,-1,primary,0.02,15,6,2,climb,3584,0,0,0,False
pca,-1,primary,0.02,15,6,2,cruise,2702,72,1,8,False
pca,-1,primary,0.02,15,6,2,descent,2871,207,1,22,False
pca,-1,primary,0.02,15,7,2,overall,5892,138,1,26,False
pca,-1,primary,0.02,15,7,2,climb,2990,73,1,11,False
pca,-1,primary,0.02,15,7,2,cruise,2120,9,1,2,False
pca,-1,primary,0.02,15,7,2,descent,782,56,1,13,False
pca,-1,primary,0.02,15,8,2,overall,4015,9,1,4,False
pca,-1,primary,0.02,15,8,2,climb,748,0,0,0,False
pca,-1,primary,0.02,15,8,2,cruise,1371,0,0,0,False
pca,-1,primary,0.02,15,8,2,descent,1896,9,1,4,False
pca,-1,primary,0.02,15,9,2,overall,8714,445,1,113,False
pca,-1,primary,0.02,15,9,2,climb,2650,0,0,0,False
pca,-1,primary,0.02,15,9,2,cruise,4542,114,1,45,False
pca,-1,primary,0.02,15,9,2,descent,1522,331,1,68,False
pca,-1,primary,0.02,15,10,2,overall,5218,439,1,30,False
pca,-1,primary,0.02,15,10,2,climb,2439,0,0,0,False
pca,-1,primary,0.02,15,10,2,cruise,1376,0,0,0,False
pca,-1,primary,0.02,15,10,2,descent,1403,439,1,30,False
pca,-1,primary,0.02,15,11,2,overall,6001,128,1,26,False
pca,-1,primary,0.02,15,11,2,climb,2203,0,0,0,False
pca,-1,primary,0.02,15,11,2,cruise,2046,0,0,0,False
pca,-1,primary,0.02,15,11,2,descent,1752,128,1,26,False
pca,-1,primary,0.02,15,12,2,overall,8363,34,1,16,False
pca,-1,primary,0.02,15,12,2,climb,1990,5,1,3,False
pca,-1,primary,0.02,15,12,2,cruise,3014,1,1,1,False
pca,-1,primary,0.02,15,12,2,descent,3359,28,1,12,False
pca,-1,primary,0.02,15,13,2,overall,5761,45,1,13,False
pca,-1,primary,0.02,15,13,2,climb,1671,0,0,0,False
pca,-1,primary,0.02,15,13,2,cruise,2573,1,1,1,False
pca,-1,primary,0.02,15,13,2,descent,1517,44,1,12,False
pca,-1,primary,0.02,15,14,2,overall,6942,70,1,5,False
pca,-1,primary,0.02,15,14,2,climb,2058,0,0,0,False
pca,-1,primary,0.02,15,14,2,cruise,3278,0,0,0,False
pca,-1,primary,0.02,15,14,2,descent,1606,70,1,5,False
pca,-1,primary,0.02,15,15,2,overall,8154,129,1,27,False
pca,-1,primary,0.02,15,15,2,climb,2033,0,0,0,False
pca,-1,primary,0.02,15,15,2,cruise,2970,68,1,17,False
pca,-1,primary,0.02,15,15,2,descent,3151,61,1,10,False
pca,-1,primary,0.02,15,16,2,overall,5218,452,1,32,False
pca,-1,primary,0.02,15,16,2,climb,2439,0,0,0,False
pca,-1,primary,0.02,15,16,2,cruise,1376,0,0,0,False
pca,-1,primary,0.02,15,16,2,descent,1403,452,1,32,False
pca,-1,primary,0.02,15,17,2,overall,5804,452,1,25,False
pca,-1,primary,0.02,15,17,2,climb,1845,0,0,0,False
pca,-1,primary,0.02,15,17,2,cruise,2329,0,0,0,False
pca,-1,primary,0.02,15,17,2,descent,1630,452,1,25,False
pca,-1,primary,0.02,15,18,2,overall,8154,123,1,29,False
pca,-1,primary,0.02,15,18,2,climb,2033,0,0,0,False
pca,-1,primary,0.02,15,18,2,cruise,2970,64,1,21,False
pca,-1,primary,0.02,15,18,2,descent,3151,59,1,8,False
pca,-1,primary,0.02,15,19,2,overall,6782,575,1,76,False
pca,-1,primary,0.02,15,19,2,climb,2887,0,0,0,False
pca,-1,primary,0.02,15,19,2,cruise,1196,36,1,14,False
pca,-1,primary,0.02,15,19,2,descent,2699,539,1,62,False
pca,-1,primary,0.02,15,20,2,overall,6265,15,1,10,False
pca,-1,primary,0.02,15,20,2,climb,1256,0,0,0,False
pca,-1,primary,0.02,15,20,2,cruise,2569,3,1,3,False
pca,-1,primary,0.02,15,20,2,descent,2440,12,1,7,False
pca,-1,primary,0.02,15,21,2,overall,6381,89,1,8,False
pca,-1,primary,0.02,15,21,2,climb,1264,0,0,0,False
pca,-1,primary,0.02,15,21,2,cruise,2088,0,0,0,False
pca,-1,primary,0.02,15,21,2,descent,3029,89,1,8,False
pca,-1,primary,0.02,15,22,2,overall,5501,123,1,15,False
pca,-1,primary,0.02,15,22,2,climb,2343,4,1,4,False
pca,-1,primary,0.02,15,22,2,cruise,1857,0,0,0,False
pca,-1,primary,0.02,15,22,2,descent,1301,119,1,11,False
pca,-1,primary,0.02,15,23,2,overall,6887,71,1,27,False
pca,-1,primary,0.02,15,23,2,climb,1788,0,0,0,False
pca,-1,primary,0.02,15,23,2,cruise,3403,0,0,0,False
pca,-1,primary,0.02,15,23,2,descent,1696,71,1,27,False
pca,-1,alt_rate,0.005,11,1,3,overall,11007,30,1,23,True
pca,-1,alt_rate,0.005,11,1,3,climb,2930,0,0,0,True
pca,-1,alt_rate,0.005,11,1,3,cruise,3885,10,1,8,True
pca,-1,alt_rate,0.005,11,1,3,descent,4192,20,1,15,True
pca,-1,alt_rate,0.005,11,2,3,overall,17636,112,1,55,True
pca,-1,alt_rate,0.005,11,2,3,climb,3879,0,0,0,True
pca,-1,alt_rate,0.005,11,2,3,cruise,9869,19,1,11,True
pca,-1,alt_rate,0.005,11,2,3,descent,3888,93,1,44,True
pca,-1,alt_rate,0.005,11,3,3,overall,9831,37,1,27,True
pca,-1,alt_rate,0.005,11,3,3,climb,2327,0,0,0,True
pca,-1,alt_rate,0.005,11,3,3,cruise,2755,12,1,6,True
pca,-1,alt_rate,0.005,11,3,3,descent,4749,25,1,21,True
pca,-1,alt_rate,0.005,11,4,3,overall,13140,58,1,25,True
pca,-1,alt_rate,0.005,11,4,3,climb,3297,0,0,0,True
pca,-1,alt_rate,0.005,11,4,3,cruise,6273,0,0,0,True
pca,-1,alt_rate,0.005,11,4,3,descent,3570,58,1,25,True
pca,-1,alt_rate,0.005,11,5,3,overall,13751,152,1,68,True
pca,-1,alt_rate,0.005,11,5,3,climb,2298,0,0,0,True
pca,-1,alt_rate,0.005,11,5,3,cruise,6278,19,1,10,True
pca,-1,alt_rate,0.005,11,5,3,descent,5175,133,1,58,True
pca,-1,alt_rate,0.005,11,6,3,overall,11689,95,1,50,True
pca,-1,alt_rate,0.005,11,6,3,climb,1743,0,0,0,True
pca,-1,alt_rate,0.005,11,6,3,cruise,6205,18,1,12,True
pca,-1,alt_rate,0.005,11,6,3,descent,3741,77,1,38,True
pca,-1,alt_rate,0.005,11,7,3,overall,11007,35,1,19,True
pca,-1,alt_rate,0.005,11,7,3,climb,2930,0,0,0,True
pca,-1,alt_rate,0.005,11,7,3,cruise,3885,13,1,8,True
pca,-1,alt_rate,0.005,11,7,3,descent,4192,22,1,11,True
pca,-1,alt_rate,0.005,11,8,3,overall,8826,95,1,30,True
pca,-1,alt_rate,0.005,11,8,3,climb,4070,2,1,1,True
pca,-1,alt_rate,0.005,11,8,3,cruise,3030,0,0,0,True
pca,-1,alt_rate,0.005,11,8,3,descent,1726,93,1,29,True
pca,-1,alt_rate,0.005,11,9,3,overall,8928,24,1,18,True
pca,-1,alt_rate,0.005,11,9,3,climb,2568,5,1,3,True
pca,-1,alt_rate,0.005,11,9,3,cruise,3414,0,0,0,True
pca,-1,alt_rate,0.005,11,9,3,descent,2946,19,1,15,True
pca,-1,alt_rate,0.005,11,10,3,overall,13940,7,1,6,True
pca,-1,alt_rate,0.005,11,10,3,climb,4340,0,0,0,True
pca,-1,alt_rate,0.005,11,10,3,cruise,5054,2,1,2,True
pca,-1,alt_rate,0.005,11,10,3,descent,4546,5,1,4,True
pca,-1,alt_rate,0.005,11,11,3,overall,13751,137,1,47,True
pca,-1,alt_rate,0.005,11,11,3,climb,2298,0,0,0,True
pca,-1,alt_rate,0.005,11,11,3,cruise,6278,26,1,10,True
pca,-1,alt_rate,0.005,11,11,3,descent,5175,111,1,37,True
pca,-1,alt_rate,0.005,11,12,3,overall,14346,50,1,31,True
pca,-1,alt_rate,0.005,11,12,3,climb,3497,11,1,11,True
pca,-1,alt_rate,0.005,11,12,3,cruise,6768,0,0,0,True
pca,-1,alt_rate,0.005,11,12,3,descent,4081,39,1,20,True
pca,-1,alt_rate,0.005,11,13,3,overall,10704,26,1,19,True
pca,-1,alt_rate,0.005,11,13,3,climb,3236,0,0,0,True
pca,-1,alt_rate,0.005,11,13,3,cruise,4152,9,1,5,True
pca,-1,alt_rate,0.005,11,13,3,descent,3316,17,1,14,True
pca,-1,alt_rate,0.005,11,14,3,overall,11573,113,1,38,True
pca,-1,alt_rate,0.005,11,14,3,climb,3665,0,0,0,True
pca,-1,alt_rate,0.005,11,14,3,cruise,3719,3,1,3,True
pca,-1,alt_rate,0.005,11,14,3,descent,4189,110,1,35,True
pca,-1,alt_rate,0.005,11,15,3,overall,7701,10,1,9,True
pca,-1,alt_rate,0.005,11,15,3,climb,2453,0,0,0,True
pca,-1,alt_rate,0.005,11,15,3,cruise,1248,0,0,0,True
pca,-1,alt_rate,0.005,11,15,3,descent,4000,10,1,9,True
pca,-1,alt_rate,0.005,11,16,3,overall,11457,58,1,27,True
pca,-1,alt_rate,0.005,11,16,3,climb,3793,0,0,0,True
pca,-1,alt_rate,0.005,11,16,3,cruise,4388,1,1,1,True
pca,-1,alt_rate,0.005,11,16,3,descent,3276,57,1,26,True
pca,-1,alt_rate,0.005,11,17,3,overall,11457,63,1,29,True
pca,-1,alt_rate,0.005,11,17,3,climb,3793,0,0,0,True
pca,-1,alt_rate,0.005,11,17,3,cruise,4388,1,1,1,True
pca,-1,alt_rate,0.005,11,17,3,descent,3276,62,1,28,True
pca,-1,alt_rate,0.005,11,18,3,overall,12562,38,1,30,True
pca,-1,alt_rate,0.005,11,18,3,climb,5390,0,0,0,True
pca,-1,alt_rate,0.005,11,18,3,cruise,2282,0,0,0,True
pca,-1,alt_rate,0.005,11,18,3,descent,4890,38,1,30,True
pca,-1,alt_rate,0.005,14,1,1,overall,2551,5,1,4,False
pca,-1,alt_rate,0.005,14,1,1,climb,94,0,0,0,False
pca,-1,alt_rate,0.005,14,1,1,cruise,2339,1,1,1,False
pca,-1,alt_rate,0.005,14,1,1,descent,118,4,1,3,False
pca,-1,alt_rate,0.005,14,2,1,overall,1528,7,1,5,False
pca,-1,alt_rate,0.005,14,2,1,climb,495,0,0,0,False
pca,-1,alt_rate,0.005,14,2,1,cruise,475,0,0,0,False
pca,-1,alt_rate,0.005,14,2,1,descent,558,7,1,5,False
pca,-1,alt_rate,0.005,14,3,1,overall,1887,10,1,8,False
pca,-1,alt_rate,0.005,14,3,1,climb,262,0,0,0,False
pca,-1,alt_rate,0.005,14,3,1,cruise,1323,9,1,7,False
pca,-1,alt_rate,0.005,14,3,1,descent,302,1,1,1,False
pca,-1,alt_rate,0.005,14,4,1,overall,1303,6,1,4,False
pca,-1,alt_rate,0.005,14,4,1,climb,96,0,0,0,False
pca,-1,alt_rate,0.005,14,4,1,cruise,1050,5,1,3,False
pca,-1,alt_rate,0.005,14,4,1,descent,157,1,1,1,False
pca,-1,alt_rate,0.005,14,5,1,overall,2641,13,1,12,False
pca,-1,alt_rate,0.005,14,5,1,climb,1220,0,0,0,False
pca,-1,alt_rate,0.005,14,5,1,cruise,41,0,0,0,False
pca,-1,alt_rate,0.005,14,5,1,descent,1380,13,1,12,False
pca,-1,alt_rate,0.005,14,6,1,overall,2918,5,1,4,False
pca,-1,alt_rate,0.005,14,6,1,climb,265,0,0,0,False
pca,-1,alt_rate,0.005,14,6,1,cruise,1361,0,0,0,False
pca,-1,alt_rate,0.005,14,6,1,descent,1292,5,1,4,False
pca,-1,alt_rate,0.005,14,7,1,overall,1303,6,1,4,False
pca,-1,alt_rate,0.005,14,7,1,climb,96,0,0,0,False
pca,-1,alt_rate,0.005,14,7,1,cruise,1050,5,1,3,False
pca,-1,alt_rate,0.005,14,7,1,descent,157,1,1,1,False
pca,-1,alt_rate,0.005,14,8,1,overall,2551,5,1,4,False
pca,-1,alt_rate,0.005,14,8,1,climb,94,0,0,0,False
pca,-1,alt_rate,0.005,14,8,1,cruise,2339,1,1,1,False
pca,-1,alt_rate,0.005,14,8,1,descent,118,4,1,3,False
pca,-1,alt_rate,0.005,14,9,1,overall,1706,31,1,6,False
pca,-1,alt_rate,0.005,14,9,1,climb,33,0,0,0,False
pca,-1,alt_rate,0.005,14,9,1,cruise,59,0,0,0,False
pca,-1,alt_rate,0.005,14,9,1,descent,1614,31,1,6,False
pca,-1,alt_rate,0.005,14,10,1,overall,1706,31,1,6,False
pca,-1,alt_rate,0.005,14,10,1,climb,33,0,0,0,False
pca,-1,alt_rate,0.005,14,10,1,cruise,59,0,0,0,False
pca,-1,alt_rate,0.005,14,10,1,descent,1614,31,1,6,False
pca,-1,alt_rate,0.005,14,11,1,overall,2346,0,0,0,False
pca,-1,alt_rate,0.005,14,11,1,climb,539,0,0,0,False
pca,-1,alt_rate,0.005,14,11,1,cruise,891,0,0,0,False
pca,-1,alt_rate,0.005,14,11,1,descent,916,0,0,0,False
pca,-1,alt_rate,0.005,14,12,1,overall,2641,14,1,11,False
pca,-1,alt_rate,0.005,14,12,1,climb,1220,0,0,0,False
pca,-1,alt_rate,0.005,14,12,1,cruise,41,0,0,0,False
pca,-1,alt_rate,0.005,14,12,1,descent,1380,14,1,11,False
pca,-1,alt_rate,0.005,14,13,1,overall,1303,6,1,4,False
pca,-1,alt_rate,0.005,14,13,1,climb,96,0,0,0,False
pca,-1,alt_rate,0.005,14,13,1,cruise,1050,5,1,3,False
pca,-1,alt_rate,0.005,14,13,1,descent,157,1,1,1,False
pca,-1,alt_rate,0.005,14,14,1,overall,2629,2,1,2,False
pca,-1,alt_rate,0.005,14,14,1,climb,563,0,0,0,False
pca,-1,alt_rate,0.005,14,14,1,cruise,1152,0,0,0,False
pca,-1,alt_rate,0.005,14,14,1,descent,914,2,1,2,False
pca,-1,alt_rate,0.005,14,15,1,overall,1930,1,1,1,False
pca,-1,alt_rate,0.005,14,15,1,climb,545,0,0,0,False
pca,-1,alt_rate,0.005,14,15,1,cruise,661,0,0,0,False
pca,-1,alt_rate,0.005,14,15,1,descent,724,1,1,1,False
pca,-1,alt_rate,0.005,14,16,1,overall,1528,7,1,5,False
pca,-1,alt_rate,0.005,14,16,1,climb,495,0,0,0,False
pca,-1,alt_rate,0.005,14,16,1,cruise,475,0,0,0,False
pca,-1,alt_rate,0.005,14,16,1,descent,558,7,1,5,False
pca,-1,alt_rate,0.005,14,17,1,overall,2641,18,1,11,False
pca,-1,alt_rate,0.005,14,17,1,climb,1220,0,0,0,False
pca,-1,alt_rate,0.005,14,17,1,cruise,41,0,0,0,False
pca,-1,alt_rate,0.005,14,17,1,descent,1380,18,1,11,False
pca,-1,alt_rate,0.005,14,18,1,overall,2629,2,1,2,False
pca,-1,alt_rate,0.005,14,18,1,climb,563,0,0,0,False
pca,-1,alt_rate,0.005,14,18,1,cruise,1152,0,0,0,False
pca,-1,alt_rate,0.005,14,18,1,descent,914,2,1,2,False
pca,-1,alt_rate,0.005,14,19,1,overall,1706,31,1,6,False
pca,-1,alt_rate,0.005,14,19,1,climb,33,0,0,0,False
pca,-1,alt_rate,0.005,14,19,1,cruise,59,0,0,0,False
pca,-1,alt_rate,0.005,14,19,1,descent,1614,31,1,6,False
pca,-1,alt_rate,0.005,14,20,1,overall,2629,2,1,2,False
pca,-1,alt_rate,0.005,14,20,1,climb,563,0,0,0,False
pca,-1,alt_rate,0.005,14,20,1,cruise,1152,0,0,0,False
pca,-1,alt_rate,0.005,14,20,1,descent,914,2,1,2,False
pca,-1,alt_rate,0.005,14,21,1,overall,1706,32,1,6,False
pca,-1,alt_rate,0.005,14,21,1,climb,33,0,0,0,False
pca,-1,alt_rate,0.005,14,21,1,cruise,59,0,0,0,False
pca,-1,alt_rate,0.005,14,21,1,descent,1614,32,1,6,False
pca,-1,alt_rate,0.005,14,22,1,overall,1887,10,1,8,False
pca,-1,alt_rate,0.005,14,22,1,climb,262,0,0,0,False
pca,-1,alt_rate,0.005,14,22,1,cruise,1323,9,1,7,False
pca,-1,alt_rate,0.005,14,22,1,descent,302,1,1,1,False
pca,-1,alt_rate,0.005,14,23,1,overall,2629,2,1,2,False
pca,-1,alt_rate,0.005,14,23,1,climb,563,0,0,0,False
pca,-1,alt_rate,0.005,14,23,1,cruise,1152,0,0,0,False
pca,-1,alt_rate,0.005,14,23,1,descent,914,2,1,2,False
pca,-1,alt_rate,0.005,14,24,1,overall,2641,19,1,10,False
pca,-1,alt_rate,0.005,14,24,1,climb,1220,0,0,0,False
pca,-1,alt_rate,0.005,14,24,1,cruise,41,0,0,0,False
pca,-1,alt_rate,0.005,14,24,1,descent,1380,19,1,10,False
pca,-1,alt_rate,0.005,14,25,1,overall,2551,5,1,4,False
pca,-1,alt_rate,0.005,14,25,1,climb,94,0,0,0,False
pca,-1,alt_rate,0.005,14,25,1,cruise,2339,1,1,1,False
pca,-1,alt_rate,0.005,14,25,1,descent,118,4,1,3,False
pca,-1,alt_rate,0.005,14,26,1,overall,2034,26,1,14,False
pca,-1,alt_rate,0.005,14,26,1,climb,129,17,1,9,False
pca,-1,alt_rate,0.005,14,26,1,cruise,1107,3,1,2,False
pca,-1,alt_rate,0.005,14,26,1,descent,798,6,1,3,False
pca,-1,alt_rate,0.005,14,27,1,overall,1887,10,1,8,False
pca,-1,alt_rate,0.005,14,27,1,climb,262,0,0,0,False
pca,-1,alt_rate,0.005,14,27,1,cruise,1323,9,1,7,False
pca,-1,alt_rate,0.005,14,27,1,descent,302,1,1,1,False
pca,-1,alt_rate,0.005,14,28,1,overall,2629,2,1,2,False
pca,-1,alt_rate,0.005,14,28,1,climb,563,0,0,0,False
pca,-1,alt_rate,0.005,14,28,1,cruise,1152,0,0,0,False
pca,-1,alt_rate,0.005,14,28,1,descent,914,2,1,2,False
pca,-1,alt_rate,0.005,14,29,1,overall,1887,10,1,8,False
pca,-1,alt_rate,0.005,14,29,1,climb,262,0,0,0,False
pca,-1,alt_rate,0.005,14,29,1,cruise,1323,9,1,7,False
pca,-1,alt_rate,0.005,14,29,1,descent,302,1,1,1,False
pca,-1,alt_rate,0.005,14,30,1,overall,1528,10,1,4,False
pca,-1,alt_rate,0.005,14,30,1,climb,495,0,0,0,False
pca,-1,alt_rate,0.005,14,30,1,cruise,475,0,0,0,False
pca,-1,alt_rate,0.005,14,30,1,descent,558,10,1,4,False
pca,-1,alt_rate,0.005,14,31,1,overall,2629,2,1,2,False
pca,-1,alt_rate,0.005,14,31,1,climb,563,0,0,0,False
pca,-1,alt_rate,0.005,14,31,1,cruise,1152,0,0,0,False
pca,-1,alt_rate,0.005,14,31,1,descent,914,2,1,2,False
pca,-1,alt_rate,0.005,14,32,1,overall,1006,14,1,13,False
pca,-1,alt_rate,0.005,14,32,1,climb,330,0,0,0,False
pca,-1,alt_rate,0.005,14,32,1,cruise,232,0,0,0,False
pca,-1,alt_rate,0.005,14,32,1,descent,444,14,1,13,False
pca,-1,alt_rate,0.005,14,33,1,overall,1528,10,1,4,False
pca,-1,alt_rate,0.005,14,33,1,climb,495,0,0,0,False
pca,-1,alt_rate,0.005,14,33,1,cruise,475,0,0,0,False
pca,-1,alt_rate,0.005,14,33,1,descent,558,10,1,4,False
pca,-1,alt_rate,0.005,14,34,1,overall,1944,4,1,3,False
pca,-1,alt_rate,0.005,14,34,1,climb,164,0,0,0,False
pca,-1,alt_rate,0.005,14,34,1,cruise,1524,3,1,2,False
pca,-1,alt_rate,0.005,14,34,1,descent,256,1,1,1,False
pca,-1,alt_rate,0.005,14,35,1,overall,1706,31,1,6,False
pca,-1,alt_rate,0.005,14,35,1,climb,33,0,0,0,False
pca,-1,alt_rate,0.005,14,35,1,cruise,59,0,0,0,False
pca,-1,alt_rate,0.005,14,35,1,descent,1614,31,1,6,False
pca,-1,alt_rate,0.005,15,1,2,overall,2669,5,1,5,False
pca,-1,alt_rate,0.005,15,1,2,climb,705,0,0,0,False
pca,-1,alt_rate,0.005,15,1,2,cruise,555,0,0,0,False
pca,-1,alt_rate,0.005,15,1,2,descent,1409,5,1,5,False
pca,-1,alt_rate,0.005,15,2,2,overall,7711,3,1,2,False
pca,-1,alt_rate,0.005,15,2,2,climb,1947,0,0,0,False
pca,-1,alt_rate,0.005,15,2,2,cruise,3098,0,0,0,False
pca,-1,alt_rate,0.005,15,2,2,descent,2666,3,1,2,False
pca,-1,alt_rate,0.005,15,3,2,overall,5503,63,1,27,False
pca,-1,alt_rate,0.005,15,3,2,climb,3076,0,0,0,False
pca,-1,alt_rate,0.005,15,3,2,cruise,995,0,0,0,False
pca,-1,alt_rate,0.005,15,3,2,descent,1432,63,1,27,False
pca,-1,alt_rate,0.005,15,4,2,overall,6372,3,1,2,False
pca,-1,alt_rate,0.005,15,4,2,climb,2890,0,0,0,False
pca,-1,alt_rate,0.005,15,4,2,cruise,2106,0,0,0,False
pca,-1,alt_rate,0.005,15,4,2,descent,1376,3,1,2,False
pca,-1,alt_rate,0.005,15,5,2,overall,6075,0,0,0,False
pca,-1,alt_rate,0.005,15,5,2,climb,1898,0,0,0,False
pca,-1,alt_rate,0.005,15,5,2,cruise,2050,0,0,0,False
pca,-1,alt_rate,0.005,15,5,2,descent,2127,0,0,0,False
pca,-1,alt_rate,0.005,15,6,2,overall,9157,82,1,25,False
pca,-1,alt_rate,0.005,15,6,2,climb,3768,0,0,0,False
pca,-1,alt_rate,0.005,15,6,2,cruise,2226,0,0,0,False
pca,-1,alt_rate,0.005,15,6,2,descent,3163,82,1,25,False
pca,-1,alt_rate,0.005,15,7,2,overall,5892,49,1,14,False
pca,-1,alt_rate,0.005,15,7,2,climb,3460,26,1,8,False
pca,-1,alt_rate,0.005,15,7,2,cruise,1497,0,0,0,False
pca,-1,alt_rate,0.005,15,7,2,descent,935,23,1,6,False
pca,-1,alt_rate,0.005,15,8,2,overall,4015,3,1,3,False
pca,-1,alt_rate,0.005,15,8,2,climb,913,0,0,0,False
pca,-1,alt_rate,0.005,15,8,2,cruise,973,0,0,0,False
pca,-1,alt_rate,0.005,15,8,2,descent,2129,3,1,3,False
pca,-1,alt_rate,0.005,15,9,2,overall,8714,117,1,39,False
pca,-1,alt_rate,0.005,15,9,2,climb,2654,0,0,0,False
pca,-1,alt_rate,0.005,15,9,2,cruise,4350,15,1,8,False
pca,-1,alt_rate,0.005,15,9,2,descent,1710,102,1,32,False
pca,-1,alt_rate,0.005,15,10,2,overall,5218,30,1,19,False
pca,-1,alt_rate,0.005,15,10,2,climb,2880,0,0,0,False
pca,-1,alt_rate,0.005,15,10,2,cruise,758,0,0,0,False
pca,-1,alt_rate,0.005,15,10,2,descent,1580,30,1,19,False
pca,-1,alt_rate,0.005,15,11,2,overall,6001,48,1,13,False
pca,-1,alt_rate,0.005,15,11,2,climb,2567,0,0,0,False
pca,-1,alt_rate,0.005,15,11,2,cruise,1521,0,0,0,False
pca,-1,alt_rate,0.005,15,11,2,descent,1913,48,1,13,False
pca,-1,alt_rate,0.005,15,12,2,overall,8363,2,1,2,False
pca,-1,alt_rate,0.005,15,12,2,climb,2146,0,0,0,False
pca,-1,alt_rate,0.005,15,12,2,cruise,2656,0,0,0,False
pca,-1,alt_rate,0.005,15,12,2,descent,3561,2,1,2,False
pca,-1,alt_rate,0.005,15,13,2,overall,5761,10,1,6,False
pca,-1,alt_rate,0.005,15,13,2,climb,1955,0,0,0,False
pca,-1,alt_rate,0.005,15,13,2,cruise,2104,0,0,0,False
pca,-1,alt_rate,0.005,15,13,2,descent,1702,10,1,6,False
pca,-1,alt_rate,0.005,15,14,2,overall,6942,6,1,3,False
pca,-1,alt_rate,0.005,15,14,2,climb,2466,0,0,0,False
pca,-1,alt_rate,0.005,15,14,2,cruise,2580,0,0,0,False
pca,-1,alt_rate,0.005,15,14,2,descent,1896,6,1,3,False
pca,-1,alt_rate,0.005,15,15,2,overall,8154,30,1,11,False
pca,-1,alt_rate,0.005,15,15,2,climb,2342,0,0,0,False
pca,-1,alt_rate,0.005,15,15,2,cruise,2353,8,1,6,False
pca,-1,alt_rate,0.005,15,15,2,descent,3459,22,1,5,False
pca,-1,alt_rate,0.005,15,16,2,overall,5218,35,1,23,False
pca,-1,alt_rate,0.005,15,16,2,climb,2880,0,0,0,False
pca,-1,alt_rate,0.005,15,16,2,cruise,758,0,0,0,False
pca,-1,alt_rate,0.005,15,16,2,descent,1580,35,1,23,False
pca,-1,alt_rate,0.005,15,17,2,overall,5804,65,1,17,False
pca,-1,alt_rate,0.005,15,17,2,climb,2122,0,0,0,False
pca,-1,alt_rate,0.005,15,17,2,cruise,1784,0,0,0,False
pca,-1,alt_rate,0.005,15,17,2,descent,1898,65,1,17,False
pca,-1,alt_rate,0.005,15,18,2,overall,8154,26,1,15,False
pca,-1,alt_rate,0.005,15,18,2,climb,2342,0,0,0,False
pca,-1,alt_rate,0.005,15,18,2,cruise,2353,7,1,5,False
pca,-1,alt_rate,0.005,15,18,2,descent,3459,19,1,10,False
pca,-1,alt_rate,0.005,15,19,2,overall,6782,122,1,52,False
pca,-1,alt_rate,0.005,15,19,2,climb,3211,0,0,0,False
pca,-1,alt_rate,0.005,15,19,2,cruise,567,6,1,5,False
pca,-1,alt_rate,0.005,15,19,2,descent,3004,116,1,47,False
pca,-1,alt_rate,0.005,15,20,2,overall,6265,0,0,0,False
pca,-1,alt_rate,0.005,15,20,2,climb,1427,0,0,0,False
pca,-1,alt_rate,0.005,15,20,2,cruise,2185,0,0,0,False
pca,-1,alt_rate,0.005,15,20,2,descent,2653,0,0,0,False
pca,-1,alt_rate,0.005,15,21,2,overall,6381,16,1,8,False
pca,-1,alt_rate,0.005,15,21,2,climb,1431,0,0,0,False
pca,-1,alt_rate,0.005,15,21,2,cruise,1684,0,0,0,False
pca,-1,alt_rate,0.005,15,21,2,descent,3266,16,1,8,False
pca,-1,alt_rate,0.005,15,22,2,overall,5501,66,1,15,False
pca,-1,alt_rate,0.005,15,22,2,climb,2711,1,1,1,False
pca,-1,alt_rate,0.005,15,22,2,cruise,1270,0,0,0,False
pca,-1,alt_rate,0.005,15,22,2,descent,1520,65,1,14,False
pca,-1,alt_rate,0.005,15,23,2,overall,6887,7,1,5,False
pca,-1,alt_rate,0.005,15,23,2,climb,2052,0,0,0,False
pca,-1,alt_rate,0.005,15,23,2,cruise,2880,0,0,0,False
pca,-1,alt_rate,0.005,15,23,2,descent,1955,7,1,5,False
pca,-1,alt_rate,0.01,11,1,3,overall,11007,68,1,38,True
pca,-1,alt_rate,0.01,11,1,3,climb,2930,0,0,0,True
pca,-1,alt_rate,0.01,11,1,3,cruise,3885,19,1,12,True
pca,-1,alt_rate,0.01,11,1,3,descent,4192,49,1,26,True
pca,-1,alt_rate,0.01,11,2,3,overall,17636,343,1,75,True
pca,-1,alt_rate,0.01,11,2,3,climb,3879,0,0,0,True
pca,-1,alt_rate,0.01,11,2,3,cruise,9869,27,1,12,True
pca,-1,alt_rate,0.01,11,2,3,descent,3888,316,1,63,True
pca,-1,alt_rate,0.01,11,3,3,overall,9831,183,1,78,True
pca,-1,alt_rate,0.01,11,3,3,climb,2327,0,0,0,True
pca,-1,alt_rate,0.01,11,3,3,cruise,2755,16,1,8,True
pca,-1,alt_rate,0.01,11,3,3,descent,4749,167,1,70,True
pca,-1,alt_rate,0.01,11,4,3,overall,13140,98,1,32,True
pca,-1,alt_rate,0.01,11,4,3,climb,3297,0,0,0,True
pca,-1,alt_rate,0.01,11,4,3,cruise,6273,0,0,0,True
pca,-1,alt_rate,0.01,11,4,3,descent,3570,98,1,32,True
pca,-1,alt_rate,0.01,11,5,3,overall,13751,198,1,66,True
pca,-1,alt_rate,0.01,11,5,3,climb,2298,0,0,0,True
pca,-1,alt_rate,0.01,11,5,3,cruise,6278,25,1,8,True
pca,-1,alt_rate,0.01,11,5,3,descent,5175,173,1,58,True
pca,-1,alt_rate,0.01,11,6,3,overall,11689,142,1,70,True
pca,-1,alt_rate,0.01,11,6,3,climb,1743,0,0,0,True
pca,-1,alt_rate,0.01,11,6,3,cruise,6205,29,1,16,True
pca,-1,alt_rate,0.01,11,6,3,descent,3741,113,1,54,True
pca,-1,alt_rate,0.01,11,7,3,overall,11007,75,1,34,True
pca,-1,alt_rate,0.01,11,7,3,climb,2930,0,0,0,True
pca,-1,alt_rate,0.01,11,7,3,cruise,3885,21,1,11,True
pca,-1,alt_rate,0.01,11,7,3,descent,4192,54,1,23,True
pca,-1,alt_rate,0.01,11,8,3,overall,8826,246,1,34,True
pca,-1,alt_rate,0.01,11,8,3,climb,4070,41,1,2,True
pca,-1,alt_rate,0.01,11,8,3,cruise,3030,0,0,0,True
pca,-1,alt_rate,0.01,11,8,3,descent,1726,205,1,32,True
pca,-1,alt_rate,0.01,11,9,3,overall,8928,129,1,40,True
pca,-1,alt_rate,0.01,11,9,3,climb,2568,11,1,3,True
pca,-1,alt_rate,0.01,11,9,3,cruise,3414,0,0,0,True
pca,-1,alt_rate,0.01,11,9,3,descent,2946,118,1,37,True
pca,-1,alt_rate,0.01,11,10,3,overall,13940,26,1,15,True
pca,-1,alt_rate,0.01,11,10,3,climb,4340,0,0,0,True
pca,-1,alt_rate,0.01,11,10,3,cruise,5054,3,1,2,True
pca,-1,alt_rate,0.01,11,10,3,descent,4546,23,1,13,True
pca,-1,alt_rate,0.01,11,11,3,overall,13751,187,1,48,True
pca,-1,alt_rate,0.01,11,11,3,climb,2298,0,0,0,True
pca,-1,alt_rate,0.01,11,11,3,cruise,6278,32,1,8,True
pca,-1,alt_rate,0.01,11,11,3,descent,5175,155,1,40,True
pca,-1,alt_rate,0.01,11,12,3,overall,14346,79,1,40,True
pca,-1,alt_rate,0.01,11,12,3,climb,3497,20,1,12,True
pca,-1,alt_rate,0.01,11,12,3,cruise,6768,1,1,1,True
pca,-1,alt_rate,0.01,11,12,3,descent,4081,58,1,27,True
pca,-1,alt_rate,0.01,11,13,3,overall,10704,53,1,34,True
pca,-1,alt_rate,0.01,11,13,3,climb,3236,0,0,0,True
pca,-1,alt_rate,0.01,11,13,3,cruise,4152,14,1,10,True
pca,-1,alt_rate,0.01,11,13,3,descent,3316,39,1,24,True
pca,-1,alt_rate,0.01,11,14,3,overall,11573,145,1,46,True
pca,-1,alt_rate,0.01,11,14,3,climb,3665,0,0,0,True
pca,-1,alt_rate,0.01,11,14,3,cruise,3719,8,1,6,True
pca,-1,alt_rate,0.01,11,14,3,descent,4189,137,1,40,True
pca,-1,alt_rate,0.01,11,15,3,overall,7701,47,1,37,True
pca,-1,alt_rate,0.01,11,15,3,climb,2453,0,0,0,True
pca,-1,alt_rate,0.01,11,15,3,cruise,1248,0,0,0,True
pca,-1,alt_rate,0.01,11,15,3,descent,4000,47,1,37,True
pca,-1,alt_rate,0.01,11,16,3,overall,11457,106,1,30,True
pca,-1,alt_rate,0.01,11,16,3,climb,3793,0,0,0,True
pca,-1,alt_rate,0.01,11,16,3,cruise,4388,1,1,1,True
pca,-1,alt_rate,0.01,11,16,3,descent,3276,105,1,29,True
pca,-1,alt_rate,0.01,11,17,3,overall,11457,111,1,25,True
pca,-1,alt_rate,0.01,11,17,3,climb,3793,0,0,0,True
pca,-1,alt_rate,0.01,11,17,3,cruise,4388,1,1,1,True
pca,-1,alt_rate,0.01,11,17,3,descent,3276,110,1,24,True
pca,-1,alt_rate,0.01,11,18,3,overall,12562,199,1,80,True
pca,-1,alt_rate,0.01,11,18,3,climb,5390,0,0,0,True
pca,-1,alt_rate,0.01,11,18,3,cruise,2282,0,0,0,True
pca,-1,alt_rate,0.01,11,18,3,descent,4890,199,1,80,True
pca,-1,alt_rate,0.01,14,1,1,overall,2551,8,1,4,False
pca,-1,alt_rate,0.01,14,1,1,climb,94,0,0,0,False
pca,-1,alt_rate,0.01,14,1,1,cruise,2339,2,1,1,False
pca,-1,alt_rate,0.01,14,1,1,descent,118,6,1,3,False
pca,-1,alt_rate,0.01,14,2,1,overall,1528,19,1,4,False
pca,-1,alt_rate,0.01,14,2,1,climb,495,0,0,0,False
pca,-1,alt_rate,0.01,14,2,1,cruise,475,0,0,0,False
pca,-1,alt_rate,0.01,14,2,1,descent,558,19,1,4,False
pca,-1,alt_rate,0.01,14,3,1,overall,1887,25,1,16,False
pca,-1,alt_rate,0.01,14,3,1,climb,262,3,1,2,False
pca,-1,alt_rate,0.01,14,3,1,cruise,1323,18,1,11,False
pca,-1,alt_rate,0.01,14,3,1,descent,302,4,1,3,False
pca,-1,alt_rate,0.01,14,4,1,overall,1303,35,1,19,False
pca,-1,alt_rate,0.01,14,4,1,climb,96,0,0,0,False
pca,-1,alt_rate,0.01,14,4,1,cruise,1050,17,1,13,False
pca,-1,alt_rate,0.01,14,4,1,descent,157,18,1,6,False
pca,-1,alt_rate,0.01,14,5,1,overall,2641,193,1,20,False
pca,-1,alt_rate,0.01,14,5,1,climb,1220,0,0,0,False
pca,-1,alt_rate,0.01,14,5,1,cruise,41,0,0,0,False
pca,-1,alt_rate,0.01,14,5,1,descent,1380,193,1,20,False
pca,-1,alt_rate,0.01,14,6,1,overall,2918,7,1,4,False
pca,-1,alt_rate,0.01,14,6,1,climb,265,0,0,0,False
pca,-1,alt_rate,0.01,14,6,1,cruise,1361,0,0,0,False
pca,-1,alt_rate,0.01,14,6,1,descent,1292,7,1,4,False
pca,-1,alt_rate,0.01,14,7,1,overall,1303,35,1,19,False
pca,-1,alt_rate,0.01,14,7,1,climb,96,0,0,0,False
pca,-1,alt_rate,0.01,14,7,1,cruise,1050,17,1,13,False
pca,-1,alt_rate,0.01,14,7,1,descent,157,18,1,6,False
pca,-1,alt_rate,0.01,14,8,1,overall,2551,8,1,4,False
pca,-1,alt_rate,0.01,14,8,1,climb,94,0,0,0,False
pca,-1,alt_rate,0.01,14,8,1,cruise,2339,2,1,1,False
pca,-1,alt_rate,0.01,14,8,1,descent,118,6,1,3,False
pca,-1,alt_rate,0.01,14,9,1,overall,1706,38,1,8,False
pca,-1,alt_rate,0.01,14,9,1,climb,33,0,0,0,False
pca,-1,alt_rate,0.01,14,9,1,cruise,59,0,0,0,False
pca,-1,alt_rate,0.01,14,9,1,descent,1614,38,1,8,False
pca,-1,alt_rate,0.01,14,10,1,overall,1706,38,1,7,False
pca,-1,alt_rate,0.01,14,10,1,climb,33,0,0,0,False
pca,-1,alt_rate,0.01,14,10,1,cruise,59,0,0,0,False
pca,-1,alt_rate,0.01,14,10,1,descent,1614,38,1,7,False
pca,-1,alt_rate,0.01,14,11,1,overall,2346,0,0,0,False
pca,-1,alt_rate,0.01,14,11,1,climb,539,0,0,0,False
pca,-1,alt_rate,0.01,14,11,1,cruise,891,0,0,0,False
pca,-1,alt_rate,0.01,14,11,1,descent,916,0,0,0,False
pca,-1,alt_rate,0.01,14,12,1,overall,2641,201,1,19,False
pca,-1,alt_rate,0.01,14,12,1,climb,1220,0,0,0,False
pca,-1,alt_rate,0.01,14,12,1,cruise,41,0,0,0,False
pca,-1,alt_rate,0.01,14,12,1,descent,1380,201,1,19,False
pca,-1,alt_rate,0.01,14,13,1,overall,1303,39,1,21,False
pca,-1,alt_rate,0.01,14,13,1,climb,96,0,0,0,False
pca,-1,alt_rate,0.01,14,13,1,cruise,1050,20,1,16,False
pca,-1,alt_rate,0.01,14,13,1,descent,157,19,1,5,False
pca,-1,alt_rate,0.01,14,14,1,overall,2629,3,1,2,False
pca,-1,alt_rate,0.01,14,14,1,climb,563,0,0,0,False
pca,-1,alt_rate,0.01,14,14,1,cruise,1152,0,0,0,False
pca,-1,alt_rate,0.01,14,14,1,descent,914,3,1,2,False
pca,-1,alt_rate,0.01,14,15,1,overall,1930,6,1,4,False
pca,-1,alt_rate,0.01,14,15,1,climb,545,0,0,0,False
pca,-1,alt_rate,0.01,14,15,1,cruise,661,0,0,0,False
pca,-1,alt_rate,0.01,14,15,1,descent,724,6,1,4,False
pca,-1,alt_rate,0.01,14,16,1,overall,1528,19,1,4,False
pca,-1,alt_rate,0.01,14,16,1,climb,495,0,0,0,False
pca,-1,alt_rate,0.01,14,16,1,cruise,475,0,0,0,False
pca,-1,alt_rate,0.01,14,16,1,descent,558,19,1,4,False
pca,-1,alt_rate,0.01,14,17,1,overall,2641,218,1,14,False
pca,-1,alt_rate,0.01,14,17,1,climb,1220,0,0,0,False
pca,-1,alt_rate,0.01,14,17,1,cruise,41,0,0,0,False
pca,-1,alt_rate,0.01,14,17,1,descent,1380,218,1,14,False
pca,-1,alt_rate,0.01,14,18,1,overall,2629,3,1,2,False
pca,-1,alt_rate,0.01,14,18,1,climb,563,0,0,0,False
pca,-1,alt_rate,0.01,14,18,1,cruise,1152,0,0,0,False
pca,-1,alt_rate,0.01,14,18,1,descent,914,3,1,2,False
pca,-1,alt_rate,0.01,14,19,1,overall,1706,37,1,7,False
pca,-1,alt_rate,0.01,14,19,1,climb,33,0,0,0,False
pca,-1,alt_rate,0.01,14,19,1,cruise,59,0,0,0,False
pca,-1,alt_rate,0.01,14,19,1,descent,1614,37,1,7,False
pca,-1,alt_rate,0.01,14,20,1,overall,2629,3,1,2,False
pca,-1,alt_rate,0.01,14,20,1,climb,563,0,0,0,False
pca,-1,alt_rate,0.01,14,20,1,cruise,1152,0,0,0,False
pca,-1,alt_rate,0.01,14,20,1,descent,914,3,1,2,False
pca,-1,alt_rate,0.01,14,21,1,overall,1706,37,1,7,False
pca,-1,alt_rate,0.01,14,21,1,climb,33,0,0,0,False
pca,-1,alt_rate,0.01,14,21,1,cruise,59,0,0,0,False
pca,-1,alt_rate,0.01,14,21,1,descent,1614,37,1,7,False
pca,-1,alt_rate,0.01,14,22,1,overall,1887,23,1,16,False
pca,-1,alt_rate,0.01,14,22,1,climb,262,1,1,1,False
pca,-1,alt_rate,0.01,14,22,1,cruise,1323,19,1,13,False
pca,-1,alt_rate,0.01,14,22,1,descent,302,3,1,2,False
pca,-1,alt_rate,0.01,14,23,1,overall,2629,3,1,2,False
pca,-1,alt_rate,0.01,14,23,1,climb,563,0,0,0,False
pca,-1,alt_rate,0.01,14,23,1,cruise,1152,0,0,0,False
pca,-1,alt_rate,0.01,14,23,1,descent,914,3,1,2,False
pca,-1,alt_rate,0.01,14,24,1,overall,2641,221,1,13,False
pca,-1,alt_rate,0.01,14,24,1,climb,1220,0,0,0,False
pca,-1,alt_rate,0.01,14,24,1,cruise,41,0,0,0,False
pca,-1,alt_rate,0.01,14,24,1,descent,1380,221,1,13,False
pca,-1,alt_rate,0.01,14,25,1,overall,2551,8,1,4,False
pca,-1,alt_rate,0.01,14,25,1,climb,94,0,0,0,False
pca,-1,alt_rate,0.01,14,25,1,cruise,2339,2,1,1,False
pca,-1,alt_rate,0.01,14,25,1,descent,118,6,1,3,False
pca,-1,alt_rate,0.01,14,26,1,overall,2034,43,1,9,False
pca,-1,alt_rate,0.01,14,26,1,climb,129,29,1,5,False
pca,-1,alt_rate,0.01,14,26,1,cruise,1107,4,1,1,False
pca,-1,alt_rate,0.01,14,26,1,descent,798,10,1,3,False
pca,-1,alt_rate,0.01,14,27,1,overall,1887,23,1,16,False
pca,-1,alt_rate,0.01,14,27,1,climb,262,1,1,1,False
pca,-1,alt_rate,0.01,14,27,1,cruise,1323,19,1,13,False
pca,-1,alt_rate,0.01,14,27,1,descent,302,3,1,2,False
pca,-1,alt_rate,0.01,14,28,1,overall,2629,4,1,2,False
pca,-1,alt_rate,0.01,14,28,1,climb,563,0,0,0,False
pca,-1,alt_rate,0.01,14,28,1,cruise,1152,0,0,0,False
pca,-1,alt_rate,0.01,14,28,1,descent,914,4,1,2,False
pca,-1,alt_rate,0.01,14,29,1,overall,1887,24,1,16,False
pca,-1,alt_rate,0.01,14,29,1,climb,262,2,1,2,False
pca,-1,alt_rate,0.01,14,29,1,cruise,1323,18,1,12,False
pca,-1,alt_rate,0.01,14,29,1,descent,302,4,1,2,False
pca,-1,alt_rate,0.01,14,30,1,overall,1528,19,1,4,False
pca,-1,alt_rate,0.01,14,30,1,climb,495,0,0,0,False
pca,-1,alt_rate,0.01,14,30,1,cruise,475,0,0,0,False
pca,-1,alt_rate,0.01,14,30,1,descent,558,19,1,4,False
pca,-1,alt_rate,0.01,14,31,1,overall,2629,4,1,2,False
pca,-1,alt_rate,0.01,14,31,1,climb,563,0,0,0,False
pca,-1,alt_rate,0.01,14,31,1,cruise,1152,0,0,0,False
pca,-1,alt_rate,0.01,14,31,1,descent,914,4,1,2,False
pca,-1,alt_rate,0.01,14,32,1,overall,1006,109,1,23,False
pca,-1,alt_rate,0.01,14,32,1,climb,330,0,0,0,False
pca,-1,alt_rate,0.01,14,32,1,cruise,232,0,0,0,False
pca,-1,alt_rate,0.01,14,32,1,descent,444,109,1,23,False
pca,-1,alt_rate,0.01,14,33,1,overall,1528,19,1,4,False
pca,-1,alt_rate,0.01,14,33,1,climb,495,0,0,0,False
pca,-1,alt_rate,0.01,14,33,1,cruise,475,0,0,0,False
pca,-1,alt_rate,0.01,14,33,1,descent,558,19,1,4,False
pca,-1,alt_rate,0.01,14,34,1,overall,1944,17,1,10,False
pca,-1,alt_rate,0.01,14,34,1,climb,164,1,1,1,False
pca,-1,alt_rate,0.01,14,34,1,cruise,1524,8,1,5,False
pca,-1,alt_rate,0.01,14,34,1,descent,256,8,1,4,False
pca,-1,alt_rate,0.01,14,35,1,overall,1706,36,1,7,False
pca,-1,alt_rate,0.01,14,35,1,climb,33,0,0,0,False
pca,-1,alt_rate,0.01,14,35,1,cruise,59,0,0,0,False
pca,-1,alt_rate,0.01,14,35,1,descent,1614,36,1,7,False
pca,-1,alt_rate,0.01,15,1,2,overall,2669,16,1,13,False
pca,-1,alt_rate,0.01,15,1,2,climb,705,0,0,0,False
pca,-1,alt_rate,0.01,15,1,2,cruise,555,0,0,0,False
pca,-1,alt_rate,0.01,15,1,2,descent,1409,16,1,13,False
pca,-1,alt_rate,0.01,15,2,2,overall,7711,5,1,2,False
pca,-1,alt_rate,0.01,15,2,2,climb,1947,0,0,0,False
pca,-1,alt_rate,0.01,15,2,2,cruise,3098,0,0,0,False
pca,-1,alt_rate,0.01,15,2,2,descent,2666,5,1,2,False
pca,-1,alt_rate,0.01,15,3,2,overall,5503,125,1,32,False
pca,-1,alt_rate,0.01,15,3,2,climb,3076,0,0,0,False
pca,-1,alt_rate,0.01,15,3,2,cruise,995,0,0,0,False
pca,-1,alt_rate,0.01,15,3,2,descent,1432,125,1,32,False
pca,-1,alt_rate,0.01,15,4,2,overall,6372,6,1,5,False
pca,-1,alt_rate,0.01,15,4,2,climb,2890,1,1,1,False
pca,-1,alt_rate,0.01,15,4,2,cruise,2106,0,0,0,False
pca,-1,alt_rate,0.01,15,4,2,descent,1376,5,1,4,False
pca,-1,alt_rate,0.01,15,5,2,overall,6075,9,1,1,False
pca,-1,alt_rate,0.01,15,5,2,climb,1898,0,0,0,False
pca,-1,alt_rate,0.01,15,5,2,cruise,2050,0,0,0,False
pca,-1,alt_rate,0.01,15,5,2,descent,2127,9,1,1,False
pca,-1,alt_rate,0.01,15,6,2,overall,9157,158,1,19,False
pca,-1,alt_rate,0.01,15,6,2,climb,3768,0,0,0,False
pca,-1,alt_rate,0.01,15,6,2,cruise,2226,0,0,0,False
pca,-1,alt_rate,0.01,15,6,2,descent,3163,158,1,19,False
pca,-1,alt_rate,0.01,15,7,2,overall,5892,82,1,12,False
pca,-1,alt_rate,0.01,15,7,2,climb,3460,53,1,6,False
pca,-1,alt_rate,0.01,15,7,2,cruise,1497,0,0,0,False
pca,-1,alt_rate,0.01,15,7,2,descent,935,29,1,6,False
pca,-1,alt_rate,0.01,15,8,2,overall,4015,4,1,3,False
pca,-1,alt_rate,0.01,15,8,2,climb,913,0,0,0,False
pca,-1,alt_rate,0.01,15,8,2,cruise,973,0,0,0,False
pca,-1,alt_rate,0.01,15,8,2,descent,2129,4,1,3,False
pca,-1,alt_rate,0.01,15,9,2,overall,8714,250,1,64,False
pca,-1,alt_rate,0.01,15,9,2,climb,2654,0,0,0,False
pca,-1,alt_rate,0.01,15,9,2,cruise,4350,31,1,16,False
pca,-1,alt_rate,0.01,15,9,2,descent,1710,219,1,49,False
pca,-1,alt_rate,0.01,15,10,2,overall,5218,168,1,31,False
pca,-1,alt_rate,0.01,15,10,2,climb,2880,0,0,0,False
pca,-1,alt_rate,0.01,15,10,2,cruise,758,0,0,0,False
pca,-1,alt_rate,0.01,15,10,2,descent,1580,168,1,31,False
pca,-1,alt_rate,0.01,15,11,2,overall,6001,75,1,17,False
pca,-1,alt_rate,0.01,15,11,2,climb,2567,0,0,0,False
pca,-1,alt_rate,0.01,15,11,2,cruise,1521,0,0,0,False
pca,-1,alt_rate,0.01,15,11,2,descent,1913,75,1,17,False
pca,-1,alt_rate,0.01,15,12,2,overall,8363,13,1,10,False
pca,-1,alt_rate,0.01,15,12,2,climb,2146,0,0,0,False
pca,-1,alt_rate,0.01,15,12,2,cruise,2656,0,0,0,False
pca,-1,alt_rate,0.01,15,12,2,descent,3561,13,1,10,False
pca,-1,alt_rate,0.01,15,13,2,overall,5761,21,1,9,False
pca,-1,alt_rate,0.01,15,13,2,climb,1955,1,1,1,False
pca,-1,alt_rate,0.01,15,13,2,cruise,2104,0,0,0,False
pca,-1,alt_rate,0.01,15,13,2,descent,1702,20,1,8,False
pca,-1,alt_rate,0.01,15,14,2,overall,6942,17,1,6,False
pca,-1,alt_rate,0.01,15,14,2,climb,2466,0,0,0,False
pca,-1,alt_rate,0.01,15,14,2,cruise,2580,0,0,0,False
pca,-1,alt_rate,0.01,15,14,2,descent,1896,17,1,6,False
pca,-1,alt_rate,0.01,15,15,2,overall,8154,64,1,16,False
pca,-1,alt_rate,0.01,15,15,2,climb,2342,0,0,0,False
pca,-1,alt_rate,0.01,15,15,2,cruise,2353,16,1,7,False
pca,-1,alt_rate,0.01,15,15,2,descent,3459,48,1,9,False
pca,-1,alt_rate,0.01,15,16,2,overall,5218,188,1,33,False
pca,-1,alt_rate,0.01,15,16,2,climb,2880,0,0,0,False
pca,-1,alt_rate,0.01,15,16,2,cruise,758,0,0,0,False
pca,-1,alt_rate,0.01,15,16,2,descent,1580,188,1,33,False
pca,-1,alt_rate,0.01,15,17,2,overall,5804,218,1,32,False
pca,-1,alt_rate,0.01,15,17,2,climb,2122,0,0,0,False
pca,-1,alt_rate,0.01,15,17,2,cruise,1784,0,0,0,False
pca,-1,alt_rate,0.01,15,17,2,descent,1898,218,1,32,False
pca,-1,alt_rate,0.01,15,18,2,overall,8154,61,1,21,False
pca,-1,alt_rate,0.01,15,18,2,climb,2342,0,0,0,False
pca,-1,alt_rate,0.01,15,18,2,cruise,2353,16,1,7,False
pca,-1,alt_rate,0.01,15,18,2,descent,3459,45,1,14,False
pca,-1,alt_rate,0.01,15,19,2,overall,6782,291,1,74,False
pca,-1,alt_rate,0.01,15,19,2,climb,3211,0,0,0,False
pca,-1,alt_rate,0.01,15,19,2,cruise,567,18,1,14,False
pca,-1,alt_rate,0.01,15,19,2,descent,3004,273,1,60,False
pca,-1,alt_rate,0.01,15,20,2,overall,6265,4,1,3,False
pca,-1,alt_rate,0.01,15,20,2,climb,1427,0,0,0,False
pca,-1,alt_rate,0.01,15,20,2,cruise,2185,1,1,1,False
pca,-1,alt_rate,0.01,15,20,2,descent,2653,3,1,2,False
pca,-1,alt_rate,0.01,15,21,2,overall,6381,65,1,13,False
pca,-1,alt_rate,0.01,15,21,2,climb,1431,0,0,0,False
pca,-1,alt_rate,0.01,15,21,2,cruise,1684,0,0,0,False
pca,-1,alt_rate,0.01,15,21,2,descent,3266,65,1,13,False
pca,-1,alt_rate,0.01,15,22,2,overall,5501,79,1,12,False
pca,-1,alt_rate,0.01,15,22,2,climb,2711,1,1,1,False
pca,-1,alt_rate,0.01,15,22,2,cruise,1270,0,0,0,False
pca,-1,alt_rate,0.01,15,22,2,descent,1520,78,1,11,False
pca,-1,alt_rate,0.01,15,23,2,overall,6887,23,1,14,False
pca,-1,alt_rate,0.01,15,23,2,climb,2052,0,0,0,False
pca,-1,alt_rate,0.01,15,23,2,cruise,2880,0,0,0,False
pca,-1,alt_rate,0.01,15,23,2,descent,1955,23,1,14,False
pca,-1,alt_rate,0.02,11,1,3,overall,11007,152,1,51,True
pca,-1,alt_rate,0.02,11,1,3,climb,2930,0,0,0,True
pca,-1,alt_rate,0.02,11,1,3,cruise,3885,39,1,13,True
pca,-1,alt_rate,0.02,11,1,3,descent,4192,113,1,38,True
pca,-1,alt_rate,0.02,11,2,3,overall,17636,561,1,73,True
pca,-1,alt_rate,0.02,11,2,3,climb,3879,0,0,0,True
pca,-1,alt_rate,0.02,11,2,3,cruise,9869,47,1,12,True
pca,-1,alt_rate,0.02,11,2,3,descent,3888,514,1,61,True
pca,-1,alt_rate,0.02,11,3,3,overall,9831,581,1,113,True
pca,-1,alt_rate,0.02,11,3,3,climb,2327,0,0,0,True
pca,-1,alt_rate,0.02,11,3,3,cruise,2755,34,1,17,True
pca,-1,alt_rate,0.02,11,3,3,descent,4749,547,1,96,True
pca,-1,alt_rate,0.02,11,4,3,overall,13140,167,1,33,True
pca,-1,alt_rate,0.02,11,4,3,climb,3297,0,0,0,True
pca,-1,alt_rate,0.02,11,4,3,cruise,6273,0,0,0,True
pca,-1,alt_rate,0.02,11,4,3,descent,3570,167,1,33,True
pca,-1,alt_rate,0.02,11,5,3,overall,13751,281,1,56,True
pca,-1,alt_rate,0.02,11,5,3,climb,2298,0,0,0,True
pca,-1,alt_rate,0.02,11,5,3,cruise,6278,29,1,8,True
pca,-1,alt_rate,0.02,11,5,3,descent,5175,252,1,48,True
pca,-1,alt_rate,0.02,11,6,3,overall,11689,463,1,128,True
pca,-1,alt_rate,0.02,11,6,3,climb,1743,0,0,0,True
pca,-1,alt_rate,0.02,11,6,3,cruise,6205,69,1,34,True
pca,-1,alt_rate,0.02,11,6,3,descent,3741,394,1,94,True
pca,-1,alt_rate,0.02,11,7,3,overall,11007,160,1,47,True
pca,-1,alt_rate,0.02,11,7,3,climb,2930,0,0,0,True
pca,-1,alt_rate,0.02,11,7,3,cruise,3885,41,1,11,True
pca,-1,alt_rate,0.02,11,7,3,descent,4192,119,1,36,True
pca,-1,alt_rate,0.02,11,8,3,overall,8826,373,1,37,True
pca,-1,alt_rate,0.02,11,8,3,climb,4070,55,1,2,True
pca,-1,alt_rate,0.02,11,8,3,cruise,3030,0,0,0,True
pca,-1,alt_rate,0.02,11,8,3,descent,1726,318,1,35,True
pca,-1,alt_rate,0.02,11,9,3,overall,8928,271,1,63,True
pca,-1,alt_rate,0.02,11,9,3,climb,2568,31,1,9,True
pca,-1,alt_rate,0.02,11,9,3,cruise,3414,0,0,0,True
pca,-1,alt_rate,0.02,11,9,3,descent,2946,240,1,54,True
pca,-1,alt_rate,0.02,11,10,3,overall,13940,64,1,27,True
pca,-1,alt_rate,0.02,11,10,3,climb,4340,0,0,0,True
pca,-1,alt_rate,0.02,11,10,3,cruise,5054,4,1,3,True
pca,-1,alt_rate,0.02,11,10,3,descent,4546,60,1,24,True
pca,-1,alt_rate,0.02,11,11,3,overall,13751,251,1,53,True
pca,-1,alt_rate,0.02,11,11,3,climb,2298,0,0,0,True
pca,-1,alt_rate,0.02,11,11,3,cruise,6278,35,1,8,True
pca,-1,alt_rate,0.02,11,11,3,descent,5175,216,1,45,True
pca,-1,alt_rate,0.02,11,12,3,overall,14346,135,1,42,True
pca,-1,alt_rate,0.02,11,12,3,climb,3497,29,1,10,True
pca,-1,alt_rate,0.02,11,12,3,cruise,6768,5,1,5,True
pca,-1,alt_rate,0.02,11,12,3,descent,4081,101,1,27,True
pca,-1,alt_rate,0.02,11,13,3,overall,10704,189,1,58,True
pca,-1,alt_rate,0.02,11,13,3,climb,3236,0,0,0,True
pca,-1,alt_rate,0.02,11,13,3,cruise,4152,36,1,12,True
pca,-1,alt_rate,0.02,11,13,3,descent,3316,153,1,46,True
pca,-1,alt_rate,0.02,11,14,3,overall,11573,206,1,50,True
pca,-1,alt_rate,0.02,11,14,3,climb,3665,0,0,0,True
pca,-1,alt_rate,0.02,11,14,3,cruise,3719,12,1,9,True
pca,-1,alt_rate,0.02,11,14,3,descent,4189,194,1,41,True
pca,-1,alt_rate,0.02,11,15,3,overall,7701,198,1,119,True
pca,-1,alt_rate,0.02,11,15,3,climb,2453,6,1,2,True
pca,-1,alt_rate,0.02,11,15,3,cruise,1248,0,0,0,True
pca,-1,alt_rate,0.02,11,15,3,descent,4000,192,1,117,True
pca,-1,alt_rate,0.02,11,16,3,overall,11457,180,1,43,True
pca,-1,alt_rate,0.02,11,16,3,climb,3793,0,0,0,True
pca,-1,alt_rate,0.02,11,16,3,cruise,4388,2,1,2,True
pca,-1,alt_rate,0.02,11,16,3,descent,3276,178,1,41,True
pca,-1,alt_rate,0.02,11,17,3,overall,11457,172,1,33,True
pca,-1,alt_rate,0.02,11,17,3,climb,3793,0,0,0,True
pca,-1,alt_rate,0.02,11,17,3,cruise,4388,2,1,2,True
pca,-1,alt_rate,0.02,11,17,3,descent,3276,170,1,31,True
pca,-1,alt_rate,0.02,11,18,3,overall,12562,584,1,97,True
pca,-1,alt_rate,0.02,11,18,3,climb,5390,0,0,0,True
pca,-1,alt_rate,0.02,11,18,3,cruise,2282,0,0,0,True
pca,-1,alt_rate,0.02,11,18,3,descent,4890,584,1,97,True
pca,-1,alt_rate,0.02,14,1,1,overall,2551,18,1,8,False
pca,-1,alt_rate,0.02,14,1,1,climb,94,0,0,0,False
pca,-1,alt_rate,0.02,14,1,1,cruise,2339,6,1,4,False
pca,-1,alt_rate,0.02,14,1,1,descent,118,12,1,4,False
pca,-1,alt_rate,0.02,14,2,1,overall,1528,56,1,17,False
pca,-1,alt_rate,0.02,14,2,1,climb,495,0,0,0,False
pca,-1,alt_rate,0.02,14,2,1,cruise,475,1,1,1,False
pca,-1,alt_rate,0.02,14,2,1,descent,558,55,1,16,False
pca,-1,alt_rate,0.02,14,3,1,overall,1887,206,1,86,False
pca,-1,alt_rate,0.02,14,3,1,climb,262,69,1,6,False
pca,-1,alt_rate,0.02,14,3,1,cruise,1323,44,1,21,False
pca,-1,alt_rate,0.02,14,3,1,descent,302,93,1,59,False
pca,-1,alt_rate,0.02,14,4,1,overall,1303,101,1,48,False
pca,-1,alt_rate,0.02,14,4,1,climb,96,5,1,2,False
pca,-1,alt_rate,0.02,14,4,1,cruise,1050,62,1,36,False
pca,-1,alt_rate,0.02,14,4,1,descent,157,34,1,10,False
pca,-1,alt_rate,0.02,14,5,1,overall,2641,255,1,8,False
pca,-1,alt_rate,0.02,14,5,1,climb,1220,0,0,0,False
pca,-1,alt_rate,0.02,14,5,1,cruise,41,0,0,0,False
pca,-1,alt_rate,0.02,14,5,1,descent,1380,255,1,8,False
pca,-1,alt_rate,0.02,14,6,1,overall,2918,25,1,12,False
pca,-1,alt_rate,0.02,14,6,1,climb,265,0,0,0,False
pca,-1,alt_rate,0.02,14,6,1,cruise,1361,10,1,7,False
pca,-1,alt_rate,0.02,14,6,1,descent,1292,15,1,5,False
pca,-1,alt_rate,0.02,14,7,1,overall,1303,101,1,48,False
pca,-1,alt_rate,0.02,14,7,1,climb,96,4,1,2,False
pca,-1,alt_rate,0.02,14,7,1,cruise,1050,63,1,36,False
pca,-1,alt_rate,0.02,14,7,1,descent,157,34,1,10,False
pca,-1,alt_rate,0.02,14,8,1,overall,2551,19,1,9,False
pca,-1,alt_rate,0.02,14,8,1,climb,94,0,0,0,False
pca,-1,alt_rate,0.02,14,8,1,cruise,2339,6,1,4,False
pca,-1,alt_rate,0.02,14,8,1,descent,118,13,1,5,False
pca,-1,alt_rate,0.02,14,9,1,overall,1706,47,1,7,False
pca,-1,alt_rate,0.02,14,9,1,climb,33,0,0,0,False
pca,-1,alt_rate,0.02,14,9,1,cruise,59,0,0,0,False
pca,-1,alt_rate,0.02,14,9,1,descent,1614,47,1,7,False
pca,-1,alt_rate,0.02,14,10,1,overall,1706,47,1,7,False
pca,-1,alt_rate,0.02,14,10,1,climb,33,0,0,0,False
pca,-1,alt_rate,0.02,14,10,1,cruise,59,0,0,0,False
pca,-1,alt_rate,0.02,14,10,1,descent,1614,47,1,7,False
pca,-1,alt_rate,0.02,14,11,1,overall,2346,0,0,0,False
pca,-1,alt_rate,0.02,14,11,1,climb,539,0,0,0,False
pca,-1,alt_rate,0.02,14,11,1,cruise,891,0,0,0,False
pca,-1,alt_rate,0.02,14,11,1,descent,916,0,0,0,False
pca,-1,alt_rate,0.02,14,12,1,overall,2641,255,1,8,False
pca,-1,alt_rate,0.02,14,12,1,climb,1220,0,0,0,False
pca,-1,alt_rate,0.02,14,12,1,cruise,41,0,0,0,False
pca,-1,alt_rate,0.02,14,12,1,descent,1380,255,1,8,False
pca,-1,alt_rate,0.02,14,13,1,overall,1303,104,1,49,False
pca,-1,alt_rate,0.02,14,13,1,climb,96,5,1,2,False
pca,-1,alt_rate,0.02,14,13,1,cruise,1050,63,1,35,False
pca,-1,alt_rate,0.02,14,13,1,descent,157,36,1,12,False
pca,-1,alt_rate,0.02,14,14,1,overall,2629,10,1,5,False
pca,-1,alt_rate,0.02,14,14,1,climb,563,0,0,0,False
pca,-1,alt_rate,0.02,14,14,1,cruise,1152,0,0,0,False
pca,-1,alt_rate,0.02,14,14,1,descent,914,10,1,5,False
pca,-1,alt_rate,0.02,14,15,1,overall,1930,13,1,4,False
pca,-1,alt_rate,0.02,14,15,1,climb,545,0,0,0,False
pca,-1,alt_rate,0.02,14,15,1,cruise,661,0,0,0,False
pca,-1,alt_rate,0.02,14,15,1,descent,724,13,1,4,False
pca,-1,alt_rate,0.02,14,16,1,overall,1528,57,1,18,False
pca,-1,alt_rate,0.02,14,16,1,climb,495,0,0,0,False
pca,-1,alt_rate,0.02,14,16,1,cruise,475,1,1,1,False
pca,-1,alt_rate,0.02,14,16,1,descent,558,56,1,17,False
pca,-1,alt_rate,0.02,14,17,1,overall,2641,257,1,8,False
pca,-1,alt_rate,0.02,14,17,1,climb,1220,0,0,0,False
pca,-1,alt_rate,0.02,14,17,1,cruise,41,0,0,0,False
pca,-1,alt_rate,0.02,14,17,1,descent,1380,257,1,8,False
pca,-1,alt_rate,0.02,14,18,1,overall,2629,10,1,5,False
pca,-1,alt_rate,0.02,14,18,1,climb,563,0,0,0,False
pca,-1,alt_rate,0.02,14,18,1,cruise,1152,0,0,0,False
pca,-1,alt_rate,0.02,14,18,1,descent,914,10,1,5,False
pca,-1,alt_rate,0.02,14,19,1,overall,1706,47,1,7,False
pca,-1,alt_rate,0.02,14,19,1,climb,33,0,0,0,False
pca,-1,alt_rate,0.02,14,19,1,cruise,59,0,0,0,False
pca,-1,alt_rate,0.02,14,19,1,descent,1614,47,1,7,False
pca,-1,alt_rate,0.02,14,20,1,overall,2629,10,1,5,False
pca,-1,alt_rate,0.02,14,20,1,climb,563,0,0,0,False
pca,-1,alt_rate,0.02,14,20,1,cruise,1152,0,0,0,False
pca,-1,alt_rate,0.02,14,20,1,descent,914,10,1,5,False
pca,-1,alt_rate,0.02,14,21,1,overall,1706,48,1,8,False
pca,-1,alt_rate,0.02,14,21,1,climb,33,0,0,0,False
pca,-1,alt_rate,0.02,14,21,1,cruise,59,0,0,0,False
pca,-1,alt_rate,0.02,14,21,1,descent,1614,48,1,8,False
pca,-1,alt_rate,0.02,14,22,1,overall,1887,144,1,58,False
pca,-1,alt_rate,0.02,14,22,1,climb,262,60,1,6,False
pca,-1,alt_rate,0.02,14,22,1,cruise,1323,46,1,23,False
pca,-1,alt_rate,0.02,14,22,1,descent,302,38,1,29,False
pca,-1,alt_rate,0.02,14,23,1,overall,2629,10,1,5,False
pca,-1,alt_rate,0.02,14,23,1,climb,563,0,0,0,False
pca,-1,alt_rate,0.02,14,23,1,cruise,1152,0,0,0,False
pca,-1,alt_rate,0.02,14,23,1,descent,914,10,1,5,False
pca,-1,alt_rate,0.02,14,24,1,overall,2641,259,1,8,False
pca,-1,alt_rate,0.02,14,24,1,climb,1220,0,0,0,False
pca,-1,alt_rate,0.02,14,24,1,cruise,41,0,0,0,False
pca,-1,alt_rate,0.02,14,24,1,descent,1380,259,1,8,False
pca,-1,alt_rate,0.02,14,25,1,overall,2551,19,1,7,False
pca,-1,alt_rate,0.02,14,25,1,climb,94,0,0,0,False
pca,-1,alt_rate,0.02,14,25,1,cruise,2339,7,1,3,False
pca,-1,alt_rate,0.02,14,25,1,descent,118,12,1,4,False
pca,-1,alt_rate,0.02,14,26,1,overall,2034,61,1,10,False
pca,-1,alt_rate,0.02,14,26,1,climb,129,41,1,4,False
pca,-1,alt_rate,0.02,14,26,1,cruise,1107,8,1,3,False
pca,-1,alt_rate,0.02,14,26,1,descent,798,12,1,3,False
pca,-1,alt_rate,0.02,14,27,1,overall,1887,132,1,55,False
pca,-1,alt_rate,0.02,14,27,1,climb,262,51,1,6,False
pca,-1,alt_rate,0.02,14,27,1,cruise,1323,47,1,22,False
pca,-1,alt_rate,0.02,14,27,1,descent,302,34,1,27,False
pca,-1,alt_rate,0.02,14,28,1,overall,2629,11,1,6,False
pca,-1,alt_rate,0.02,14,28,1,climb,563,0,0,0,False
pca,-1,alt_rate,0.02,14,28,1,cruise,1152,1,1,1,False
pca,-1,alt_rate,0.02,14,28,1,descent,914,10,1,5,False
pca,-1,alt_rate,0.02,14,29,1,overall,1887,148,1,53,False
pca,-1,alt_rate,0.02,14,29,1,climb,262,67,1,4,False
pca,-1,alt_rate,0.02,14,29,1,cruise,1323,46,1,23,False
pca,-1,alt_rate,0.02,14,29,1,descent,302,35,1,26,False
pca,-1,alt_rate,0.02,14,30,1,overall,1528,60,1,20,False
pca,-1,alt_rate,0.02,14,30,1,climb,495,1,1,1,False
pca,-1,alt_rate,0.02,14,30,1,cruise,475,1,1,1,False
pca,-1,alt_rate,0.02,14,30,1,descent,558,58,1,18,False
pca,-1,alt_rate,0.02,14,31,1,overall,2629,12,1,6,False
pca,-1,alt_rate,0.02,14,31,1,climb,563,0,0,0,False
pca,-1,alt_rate,0.02,14,31,1,cruise,1152,1,1,1,False
pca,-1,alt_rate,0.02,14,31,1,descent,914,11,1,5,False
pca,-1,alt_rate,0.02,14,32,1,overall,1006,237,1,36,False
pca,-1,alt_rate,0.02,14,32,1,climb,330,12,1,7,False
pca,-1,alt_rate,0.02,14,32,1,cruise,232,2,1,2,False
pca,-1,alt_rate,0.02,14,32,1,descent,444,223,1,27,False
pca,-1,alt_rate,0.02,14,33,1,overall,1528,56,1,17,False
pca,-1,alt_rate,0.02,14,33,1,climb,495,1,1,1,False
pca,-1,alt_rate,0.02,14,33,1,cruise,475,1,1,1,False
pca,-1,alt_rate,0.02,14,33,1,descent,558,54,1,15,False
pca,-1,alt_rate,0.02,14,34,1,overall,1944,40,1,19,False
pca,-1,alt_rate,0.02,14,34,1,climb,164,9,1,5,False
pca,-1,alt_rate,0.02,14,34,1,cruise,1524,12,1,6,False
pca,-1,alt_rate,0.02,14,34,1,descent,256,19,1,8,False
pca,-1,alt_rate,0.02,14,35,1,overall,1706,48,1,10,False
pca,-1,alt_rate,0.02,14,35,1,climb,33,0,0,0,False
pca,-1,alt_rate,0.02,14,35,1,cruise,59,0,0,0,False
pca,-1,alt_rate,0.02,14,35,1,descent,1614,48,1,10,False
pca,-1,alt_rate,0.02,15,1,2,overall,2669,43,1,20,False
pca,-1,alt_rate,0.02,15,1,2,climb,705,0,0,0,False
pca,-1,alt_rate,0.02,15,1,2,cruise,555,0,0,0,False
pca,-1,alt_rate,0.02,15,1,2,descent,1409,43,1,20,False
pca,-1,alt_rate,0.02,15,2,2,overall,7711,12,1,6,False
pca,-1,alt_rate,0.02,15,2,2,climb,1947,0,0,0,False
pca,-1,alt_rate,0.02,15,2,2,cruise,3098,0,0,0,False
pca,-1,alt_rate,0.02,15,2,2,descent,2666,12,1,6,False
pca,-1,alt_rate,0.02,15,3,2,overall,5503,245,1,50,False
pca,-1,alt_rate,0.02,15,3,2,climb,3076,0,0,0,False
pca,-1,alt_rate,0.02,15,3,2,cruise,995,0,0,0,False
pca,-1,alt_rate,0.02,15,3,2,descent,1432,245,1,50,False
pca,-1,alt_rate,0.02,15,4,2,overall,6372,18,1,10,False
pca,-1,alt_rate,0.02,15,4,2,climb,2890,7,1,4,False
pca,-1,alt_rate,0.02,15,4,2,cruise,2106,0,0,0,False
pca,-1,alt_rate,0.02,15,4,2,descent,1376,11,1,6,False
pca,-1,alt_rate,0.02,15,5,2,overall,6075,24,1,1,False
pca,-1,alt_rate,0.02,15,5,2,climb,1898,0,0,0,False
pca,-1,alt_rate,0.02,15,5,2,cruise,2050,0,0,0,False
pca,-1,alt_rate,0.02,15,5,2,descent,2127,24,1,1,False
pca,-1,alt_rate,0.02,15,6,2,overall,9157,279,1,30,False
pca,-1,alt_rate,0.02,15,6,2,climb,3768,0,0,0,False
pca,-1,alt_rate,0.02,15,6,2,cruise,2226,0,0,0,False
pca,-1,alt_rate,0.02,15,6,2,descent,3163,279,1,30,False
pca,-1,alt_rate,0.02,15,7,2,overall,5892,138,1,26,False
pca,-1,alt_rate,0.02,15,7,2,climb,3460,73,1,11,False
pca,-1,alt_rate,0.02,15,7,2,cruise,1497,0,0,0,False
pca,-1,alt_rate,0.02,15,7,2,descent,935,65,1,15,False
pca,-1,alt_rate,0.02,15,8,2,overall,4015,9,1,4,False
pca,-1,alt_rate,0.02,15,8,2,climb,913,0,0,0,False
pca,-1,alt_rate,0.02,15,8,2,cruise,973,0,0,0,False
pca,-1,alt_rate,0.02,15,8,2,descent,2129,9,1,4,False
pca,-1,alt_rate,0.02,15,9,2,overall,8714,445,1,113,False
pca,-1,alt_rate,0.02,15,9,2,climb,2654,0,0,0,False
pca,-1,alt_rate,0.02,15,9,2,cruise,4350,69,1,21,False
pca,-1,alt_rate,0.02,15,9,2,descent,1710,376,1,93,False
pca,-1,alt_rate,0.02,15,10,2,overall,5218,439,1,30,False
pca,-1,alt_rate,0.02,15,10,2,climb,2880,0,0,0,False
pca,-1,alt_rate,0.02,15,10,2,cruise,758,0,0,0,False
pca,-1,alt_rate,0.02,15,10,2,descent,1580,439,1,30,False
pca,-1,alt_rate,0.02,15,11,2,overall,6001,128,1,26,False
pca,-1,alt_rate,0.02,15,11,2,climb,2567,0,0,0,False
pca,-1,alt_rate,0.02,15,11,2,cruise,1521,0,0,0,False
pca,-1,alt_rate,0.02,15,11,2,descent,1913,128,1,26,False
pca,-1,alt_rate,0.02,15,12,2,overall,8363,34,1,16,False
pca,-1,alt_rate,0.02,15,12,2,climb,2146,5,1,3,False
pca,-1,alt_rate,0.02,15,12,2,cruise,2656,0,0,0,False
pca,-1,alt_rate,0.02,15,12,2,descent,3561,29,1,13,False
pca,-1,alt_rate,0.02,15,13,2,overall,5761,45,1,13,False
pca,-1,alt_rate,0.02,15,13,2,climb,1955,1,1,1,False
pca,-1,alt_rate,0.02,15,13,2,cruise,2104,0,0,0,False
pca,-1,alt_rate,0.02,15,13,2,descent,1702,44,1,12,False
pca,-1,alt_rate,0.02,15,14,2,overall,6942,70,1,5,False
pca,-1,alt_rate,0.02,15,14,2,climb,2466,0,0,0,False
pca,-1,alt_rate,0.02,15,14,2,cruise,2580,0,0,0,False
pca,-1,alt_rate,0.02,15,14,2,descent,1896,70,1,5,False
pca,-1,alt_rate,0.02,15,15,2,overall,8154,129,1,27,False
pca,-1,alt_rate,0.02,15,15,2,climb,2342,0,0,0,False
pca,-1,alt_rate,0.02,15,15,2,cruise,2353,21,1,6,False
pca,-1,alt_rate,0.02,15,15,2,descent,3459,108,1,21,False
pca,-1,alt_rate,0.02,15,16,2,overall,5218,452,1,32,False
pca,-1,alt_rate,0.02,15,16,2,climb,2880,0,0,0,False
pca,-1,alt_rate,0.02,15,16,2,cruise,758,0,0,0,False
pca,-1,alt_rate,0.02,15,16,2,descent,1580,452,1,32,False
pca,-1,alt_rate,0.02,15,17,2,overall,5804,452,1,25,False
pca,-1,alt_rate,0.02,15,17,2,climb,2122,0,0,0,False
pca,-1,alt_rate,0.02,15,17,2,cruise,1784,0,0,0,False
pca,-1,alt_rate,0.02,15,17,2,descent,1898,452,1,25,False
pca,-1,alt_rate,0.02,15,18,2,overall,8154,123,1,29,False
pca,-1,alt_rate,0.02,15,18,2,climb,2342,0,0,0,False
pca,-1,alt_rate,0.02,15,18,2,cruise,2353,21,1,6,False
pca,-1,alt_rate,0.02,15,18,2,descent,3459,102,1,23,False
pca,-1,alt_rate,0.02,15,19,2,overall,6782,575,1,76,False
pca,-1,alt_rate,0.02,15,19,2,climb,3211,0,0,0,False
pca,-1,alt_rate,0.02,15,19,2,cruise,567,27,1,11,False
pca,-1,alt_rate,0.02,15,19,2,descent,3004,548,1,65,False
pca,-1,alt_rate,0.02,15,20,2,overall,6265,15,1,10,False
pca,-1,alt_rate,0.02,15,20,2,climb,1427,0,0,0,False
pca,-1,alt_rate,0.02,15,20,2,cruise,2185,2,1,2,False
pca,-1,alt_rate,0.02,15,20,2,descent,2653,13,1,8,False
pca,-1,alt_rate,0.02,15,21,2,overall,6381,89,1,8,False
pca,-1,alt_rate,0.02,15,21,2,climb,1431,0,0,0,False
pca,-1,alt_rate,0.02,15,21,2,cruise,1684,0,0,0,False
pca,-1,alt_rate,0.02,15,21,2,descent,3266,89,1,8,False
pca,-1,alt_rate,0.02,15,22,2,overall,5501,123,1,15,False
pca,-1,alt_rate,0.02,15,22,2,climb,2711,4,1,4,False
pca,-1,alt_rate,0.02,15,22,2,cruise,1270,0,0,0,False
pca,-1,alt_rate,0.02,15,22,2,descent,1520,119,1,11,False
pca,-1,alt_rate,0.02,15,23,2,overall,6887,71,1,27,False
pca,-1,alt_rate,0.02,15,23,2,climb,2052,0,0,0,False
pca,-1,alt_rate,0.02,15,23,2,cruise,2880,0,0,0,False
pca,-1,alt_rate,0.02,15,23,2,descent,1955,71,1,27,False
isolation_forest,0,primary,0.005,11,1,3,overall,11007,22,1,11,True
isolation_forest,0,primary,0.005,11,1,3,climb,2506,0,0,0,True
isolation_forest,0,primary,0.005,11,1,3,cruise,4386,8,1,3,True
isolation_forest,0,primary,0.005,11,1,3,descent,4115,14,1,8,True
isolation_forest,0,primary,0.005,11,2,3,overall,17636,69,1,29,True
isolation_forest,0,primary,0.005,11,2,3,climb,3612,2,1,2,True
isolation_forest,0,primary,0.005,11,2,3,cruise,10521,30,1,10,True
isolation_forest,0,primary,0.005,11,2,3,descent,3503,37,1,17,True
isolation_forest,0,primary,0.005,11,3,3,overall,9831,34,1,7,True
isolation_forest,0,primary,0.005,11,3,3,climb,2031,0,0,0,True
isolation_forest,0,primary,0.005,11,3,3,cruise,3448,11,1,3,True
isolation_forest,0,primary,0.005,11,3,3,descent,4352,23,1,4,True
isolation_forest,0,primary,0.005,11,4,3,overall,13140,41,1,14,True
isolation_forest,0,primary,0.005,11,4,3,climb,2902,1,1,1,True
isolation_forest,0,primary,0.005,11,4,3,cruise,7069,0,0,0,True
isolation_forest,0,primary,0.005,11,4,3,descent,3169,40,1,13,True
isolation_forest,0,primary,0.005,11,5,3,overall,13751,151,1,51,True
isolation_forest,0,primary,0.005,11,5,3,climb,2138,3,1,1,True
isolation_forest,0,primary,0.005,11,5,3,cruise,6376,21,1,5,True
isolation_forest,0,primary,0.005,11,5,3,descent,5237,127,1,45,True
isolation_forest,0,primary,0.005,11,6,3,overall,11689,84,1,37,True
isolation_forest,0,primary,0.005,11,6,3,climb,2583,0,0,0,True
isolation_forest,0,primary,0.005,11,6,3,cruise,5477,21,1,12,True
isolation_forest,0,primary,0.005,11,6,3,descent,3629,63,1,25,True
isolation_forest,0,primary,0.005,11,7,3,overall,11007,27,1,9,True
isolation_forest,0,primary,0.005,11,7,3,climb,2506,0,0,0,True
isolation_forest,0,primary,0.005,11,7,3,cruise,4386,11,1,3,True
isolation_forest,0,primary,0.005,11,7,3,descent,4115,16,1,6,True
isolation_forest,0,primary,0.005,11,8,3,overall,8826,9,1,4,True
isolation_forest,0,primary,0.005,11,8,3,climb,4368,0,0,0,True
isolation_forest,0,primary,0.005,11,8,3,cruise,2947,8,1,3,True
isolation_forest,0,primary,0.005,11,8,3,descent,1511,1,1,1,True
isolation_forest,0,primary,0.005,11,9,3,overall,8928,17,1,7,True
isolation_forest,0,primary,0.005,11,9,3,climb,2151,2,1,1,True
isolation_forest,0,primary,0.005,11,9,3,cruise,4055,2,1,1,True
isolation_forest,0,primary,0.005,11,9,3,descent,2722,13,1,5,True
isolation_forest,0,primary,0.005,11,10,3,overall,13940,4,1,3,True
isolation_forest,0,primary,0.005,11,10,3,climb,3800,1,1,1,True
isolation_forest,0,primary,0.005,11,10,3,cruise,6079,0,0,0,True
isolation_forest,0,primary,0.005,11,10,3,descent,4061,3,1,2,True
isolation_forest,0,primary,0.005,11,11,3,overall,13751,140,1,38,True
isolation_forest,0,primary,0.005,11,11,3,climb,2138,3,1,1,True
isolation_forest,0,primary,0.005,11,11,3,cruise,6376,25,1,8,True
isolation_forest,0,primary,0.005,11,11,3,descent,5237,112,1,29,True
isolation_forest,0,primary,0.005,11,12,3,overall,14346,46,1,14,True
isolation_forest,0,primary,0.005,11,12,3,climb,3405,1,1,1,True
isolation_forest,0,primary,0.005,11,12,3,cruise,2752,10,1,6,True
isolation_forest,0,primary,0.005,11,12,3,descent,8189,35,1,7,True
isolation_forest,0,primary,0.005,11,13,3,overall,10704,21,1,10,True
isolation_forest,0,primary,0.005,11,13,3,climb,2712,2,1,1,True
isolation_forest,0,primary,0.005,11,13,3,cruise,4440,7,1,4,True
isolation_forest,0,primary,0.005,11,13,3,descent,3552,12,1,5,True
isolation_forest,0,primary,0.005,11,14,3,overall,11573,106,1,30,True
isolation_forest,0,primary,0.005,11,14,3,climb,3378,0,0,0,True
isolation_forest,0,primary,0.005,11,14,3,cruise,2869,1,1,1,True
isolation_forest,0,primary,0.005,11,14,3,descent,5326,105,1,29,True
isolation_forest,0,primary,0.005,11,15,3,overall,7701,281,1,40,True
isolation_forest,0,primary,0.005,11,15,3,climb,2139,2,1,1,True
isolation_forest,0,primary,0.005,11,15,3,cruise,1849,0,0,0,True
isolation_forest,0,primary,0.005,11,15,3,descent,3713,279,1,39,True
isolation_forest,0,primary,0.005,11,16,3,overall,11457,36,1,15,True
isolation_forest,0,primary,0.005,11,16,3,climb,3291,0,0,0,True
isolation_forest,0,primary,0.005,11,16,3,cruise,5172,0,0,0,True
isolation_forest,0,primary,0.005,11,16,3,descent,2994,36,1,15,True
isolation_forest,0,primary,0.005,11,17,3,overall,11457,45,1,13,True
isolation_forest,0,primary,0.005,11,17,3,climb,3291,0,0,0,True
isolation_forest,0,primary,0.005,11,17,3,cruise,5172,0,0,0,True
isolation_forest,0,primary,0.005,11,17,3,descent,2994,45,1,13,True
isolation_forest,0,primary,0.005,11,18,3,overall,12562,21,1,8,True
isolation_forest,0,primary,0.005,11,18,3,climb,4727,0,0,0,True
isolation_forest,0,primary,0.005,11,18,3,cruise,3161,3,1,2,True
isolation_forest,0,primary,0.005,11,18,3,descent,4674,18,1,6,True
isolation_forest,0,primary,0.005,14,1,1,overall,2551,1,1,1,False
isolation_forest,0,primary,0.005,14,1,1,climb,79,1,1,1,False
isolation_forest,0,primary,0.005,14,1,1,cruise,2364,0,0,0,False
isolation_forest,0,primary,0.005,14,1,1,descent,108,0,0,0,False
isolation_forest,0,primary,0.005,14,2,1,overall,1528,5,1,3,False
isolation_forest,0,primary,0.005,14,2,1,climb,435,1,1,1,False
isolation_forest,0,primary,0.005,14,2,1,cruise,592,0,0,0,False
isolation_forest,0,primary,0.005,14,2,1,descent,501,4,1,2,False
isolation_forest,0,primary,0.005,14,3,1,overall,1887,16,1,5,False
isolation_forest,0,primary,0.005,14,3,1,climb,227,0,0,0,False
isolation_forest,0,primary,0.005,14,3,1,cruise,1396,16,1,5,False
isolation_forest,0,primary,0.005,14,3,1,descent,264,0,0,0,False
isolation_forest,0,primary,0.005,14,4,1,overall,1303,49,1,9,False
isolation_forest,0,primary,0.005,14,4,1,climb,87,21,1,1,False
isolation_forest,0,primary,0.005,14,4,1,cruise,1069,28,1,8,False
isolation_forest,0,primary,0.005,14,4,1,descent,147,0,0,0,False
isolation_forest,0,primary,0.005,14,5,1,overall,2641,4,1,1,False
isolation_forest,0,primary,0.005,14,5,1,climb,1059,4,1,1,False
isolation_forest,0,primary,0.005,14,5,1,cruise,390,0,0,0,False
isolation_forest,0,primary,0.005,14,5,1,descent,1192,0,0,0,False
isolation_forest,0,primary,0.005,14,6,1,overall,2918,2,1,1,False
isolation_forest,0,primary,0.005,14,6,1,climb,222,0,0,0,False
isolation_forest,0,primary,0.005,14,6,1,cruise,1468,2,1,1,False
isolation_forest,0,primary,0.005,14,6,1,descent,1228,0,0,0,False
isolation_forest,0,primary,0.005,14,7,1,overall,1303,52,1,9,False
isolation_forest,0,primary,0.005,14,7,1,climb,87,21,1,1,False
isolation_forest,0,primary,0.005,14,7,1,cruise,1069,31,1,8,False
isolation_forest,0,primary,0.005,14,7,1,descent,147,0,0,0,False
isolation_forest,0,primary,0.005,14,8,1,overall,2551,1,1,1,False
isolation_forest,0,primary,0.005,14,8,1,climb,79,1,1,1,False
isolation_forest,0,primary,0.005,14,8,1,cruise,2364,0,0,0,False
isolation_forest,0,primary,0.005,14,8,1,descent,108,0,0,0,False
isolation_forest,0,primary,0.005,14,9,1,overall,1706,31,1,3,False
isolation_forest,0,primary,0.005,14,9,1,climb,38,0,0,0,False
isolation_forest,0,primary,0.005,14,9,1,cruise,47,0,0,0,False
isolation_forest,0,primary,0.005,14,9,1,descent,1621,31,1,3,False
isolation_forest,0,primary,0.005,14,10,1,overall,1706,31,1,3,False
isolation_forest,0,primary,0.005,14,10,1,climb,38,0,0,0,False
isolation_forest,0,primary,0.005,14,10,1,cruise,47,0,0,0,False
isolation_forest,0,primary,0.005,14,10,1,descent,1621,31,1,3,False
isolation_forest,0,primary,0.005,14,11,1,overall,2346,0,0,0,False
isolation_forest,0,primary,0.005,14,11,1,climb,482,0,0,0,False
isolation_forest,0,primary,0.005,14,11,1,cruise,1040,0,0,0,False
isolation_forest,0,primary,0.005,14,11,1,descent,824,0,0,0,False
isolation_forest,0,primary,0.005,14,12,1,overall,2641,5,1,1,False
isolation_forest,0,primary,0.005,14,12,1,climb,1059,5,1,1,False
isolation_forest,0,primary,0.005,14,12,1,cruise,390,0,0,0,False
isolation_forest,0,primary,0.005,14,12,1,descent,1192,0,0,0,False
isolation_forest,0,primary,0.005,14,13,1,overall,1303,57,1,9,False
isolation_forest,0,primary,0.005,14,13,1,climb,87,21,1,1,False
isolation_forest,0,primary,0.005,14,13,1,cruise,1069,36,1,8,False
isolation_forest,0,primary,0.005,14,13,1,descent,147,0,0,0,False
isolation_forest,0,primary,0.005,14,14,1,overall,2629,1,1,1,False
isolation_forest,0,primary,0.005,14,14,1,climb,490,0,0,0,False
isolation_forest,0,primary,0.005,14,14,1,cruise,1339,0,0,0,False
isolation_forest,0,primary,0.005,14,14,1,descent,800,1,1,1,False
isolation_forest,0,primary,0.005,14,15,1,overall,1930,1,1,1,False
isolation_forest,0,primary,0.005,14,15,1,climb,486,0,0,0,False
isolation_forest,0,primary,0.005,14,15,1,cruise,795,0,0,0,False
isolation_forest,0,primary,0.005,14,15,1,descent,649,1,1,1,False
isolation_forest,0,primary,0.005,14,16,1,overall,1528,5,1,3,False
isolation_forest,0,primary,0.005,14,16,1,climb,435,1,1,1,False
isolation_forest,0,primary,0.005,14,16,1,cruise,592,0,0,0,False
isolation_forest,0,primary,0.005,14,16,1,descent,501,4,1,2,False
isolation_forest,0,primary,0.005,14,17,1,overall,2641,6,1,1,False
isolation_forest,0,primary,0.005,14,17,1,climb,1059,6,1,1,False
isolation_forest,0,primary,0.005,14,17,1,cruise,390,0,0,0,False
isolation_forest,0,primary,0.005,14,17,1,descent,1192,0,0,0,False
isolation_forest,0,primary,0.005,14,18,1,overall,2629,1,1,1,False
isolation_forest,0,primary,0.005,14,18,1,climb,490,0,0,0,False
isolation_forest,0,primary,0.005,14,18,1,cruise,1339,0,0,0,False
isolation_forest,0,primary,0.005,14,18,1,descent,800,1,1,1,False
isolation_forest,0,primary,0.005,14,19,1,overall,1706,31,1,3,False
isolation_forest,0,primary,0.005,14,19,1,climb,38,0,0,0,False
isolation_forest,0,primary,0.005,14,19,1,cruise,47,0,0,0,False
isolation_forest,0,primary,0.005,14,19,1,descent,1621,31,1,3,False
isolation_forest,0,primary,0.005,14,20,1,overall,2629,1,1,1,False
isolation_forest,0,primary,0.005,14,20,1,climb,490,0,0,0,False
isolation_forest,0,primary,0.005,14,20,1,cruise,1339,0,0,0,False
isolation_forest,0,primary,0.005,14,20,1,descent,800,1,1,1,False
isolation_forest,0,primary,0.005,14,21,1,overall,1706,31,1,3,False
isolation_forest,0,primary,0.005,14,21,1,climb,38,0,0,0,False
isolation_forest,0,primary,0.005,14,21,1,cruise,47,0,0,0,False
isolation_forest,0,primary,0.005,14,21,1,descent,1621,31,1,3,False
isolation_forest,0,primary,0.005,14,22,1,overall,1887,15,1,5,False
isolation_forest,0,primary,0.005,14,22,1,climb,227,0,0,0,False
isolation_forest,0,primary,0.005,14,22,1,cruise,1396,15,1,5,False
isolation_forest,0,primary,0.005,14,22,1,descent,264,0,0,0,False
isolation_forest,0,primary,0.005,14,23,1,overall,2629,1,1,1,False
isolation_forest,0,primary,0.005,14,23,1,climb,490,0,0,0,False
isolation_forest,0,primary,0.005,14,23,1,cruise,1339,0,0,0,False
isolation_forest,0,primary,0.005,14,23,1,descent,800,1,1,1,False
isolation_forest,0,primary,0.005,14,24,1,overall,2641,6,1,1,False
isolation_forest,0,primary,0.005,14,24,1,climb,1059,6,1,1,False
isolation_forest,0,primary,0.005,14,24,1,cruise,390,0,0,0,False
isolation_forest,0,primary,0.005,14,24,1,descent,1192,0,0,0,False
isolation_forest,0,primary,0.005,14,25,1,overall,2551,3,1,1,False
isolation_forest,0,primary,0.005,14,25,1,climb,79,3,1,1,False
isolation_forest,0,primary,0.005,14,25,1,cruise,2364,0,0,0,False
isolation_forest,0,primary,0.005,14,25,1,descent,108,0,0,0,False
isolation_forest,0,primary,0.005,14,26,1,overall,2034,6,1,3,False
isolation_forest,0,primary,0.005,14,26,1,climb,135,4,1,2,False
isolation_forest,0,primary,0.005,14,26,1,cruise,84,0,0,0,False
isolation_forest,0,primary,0.005,14,26,1,descent,1815,2,1,1,False
isolation_forest,0,primary,0.005,14,27,1,overall,1887,13,1,5,False
isolation_forest,0,primary,0.005,14,27,1,climb,227,0,0,0,False
isolation_forest,0,primary,0.005,14,27,1,cruise,1396,13,1,5,False
isolation_forest,0,primary,0.005,14,27,1,descent,264,0,0,0,False
isolation_forest,0,primary,0.005,14,28,1,overall,2629,1,1,1,False
isolation_forest,0,primary,0.005,14,28,1,climb,490,0,0,0,False
isolation_forest,0,primary,0.005,14,28,1,cruise,1339,0,0,0,False
isolation_forest,0,primary,0.005,14,28,1,descent,800,1,1,1,False
isolation_forest,0,primary,0.005,14,29,1,overall,1887,20,1,5,False
isolation_forest,0,primary,0.005,14,29,1,climb,227,0,0,0,False
isolation_forest,0,primary,0.005,14,29,1,cruise,1396,20,1,5,False
isolation_forest,0,primary,0.005,14,29,1,descent,264,0,0,0,False
isolation_forest,0,primary,0.005,14,30,1,overall,1528,5,1,3,False
isolation_forest,0,primary,0.005,14,30,1,climb,435,1,1,1,False
isolation_forest,0,primary,0.005,14,30,1,cruise,592,0,0,0,False
isolation_forest,0,primary,0.005,14,30,1,descent,501,4,1,2,False
isolation_forest,0,primary,0.005,14,31,1,overall,2629,1,1,1,False
isolation_forest,0,primary,0.005,14,31,1,climb,490,0,0,0,False
isolation_forest,0,primary,0.005,14,31,1,cruise,1339,0,0,0,False
isolation_forest,0,primary,0.005,14,31,1,descent,800,1,1,1,False
isolation_forest,0,primary,0.005,14,32,1,overall,1006,0,0,0,False
isolation_forest,0,primary,0.005,14,32,1,climb,262,0,0,0,False
isolation_forest,0,primary,0.005,14,32,1,cruise,356,0,0,0,False
isolation_forest,0,primary,0.005,14,32,1,descent,388,0,0,0,False
isolation_forest,0,primary,0.005,14,33,1,overall,1528,4,1,2,False
isolation_forest,0,primary,0.005,14,33,1,climb,435,1,1,1,False
isolation_forest,0,primary,0.005,14,33,1,cruise,592,0,0,0,False
isolation_forest,0,primary,0.005,14,33,1,descent,501,3,1,1,False
isolation_forest,0,primary,0.005,14,34,1,overall,1944,11,1,2,False
isolation_forest,0,primary,0.005,14,34,1,climb,142,0,0,0,False
isolation_forest,0,primary,0.005,14,34,1,cruise,1554,0,0,0,False
isolation_forest,0,primary,0.005,14,34,1,descent,248,11,1,2,False
isolation_forest,0,primary,0.005,14,35,1,overall,1706,31,1,3,False
isolation_forest,0,primary,0.005,14,35,1,climb,38,0,0,0,False
isolation_forest,0,primary,0.005,14,35,1,cruise,47,0,0,0,False
isolation_forest,0,primary,0.005,14,35,1,descent,1621,31,1,3,False
isolation_forest,0,primary,0.005,15,1,2,overall,2669,0,0,0,False
isolation_forest,0,primary,0.005,15,1,2,climb,625,0,0,0,False
isolation_forest,0,primary,0.005,15,1,2,cruise,752,0,0,0,False
isolation_forest,0,primary,0.005,15,1,2,descent,1292,0,0,0,False
isolation_forest,0,primary,0.005,15,2,2,overall,7711,0,0,0,False
isolation_forest,0,primary,0.005,15,2,2,climb,2028,0,0,0,False
isolation_forest,0,primary,0.005,15,2,2,cruise,3298,0,0,0,False
isolation_forest,0,primary,0.005,15,2,2,descent,2385,0,0,0,False
isolation_forest,0,primary,0.005,15,3,2,overall,5503,40,1,15,False
isolation_forest,0,primary,0.005,15,3,2,climb,3519,0,0,0,False
isolation_forest,0,primary,0.005,15,3,2,cruise,722,0,0,0,False
isolation_forest,0,primary,0.005,15,3,2,descent,1262,40,1,15,False
isolation_forest,0,primary,0.005,15,4,2,overall,6372,29,1,3,False
isolation_forest,0,primary,0.005,15,4,2,climb,2754,24,1,1,False
isolation_forest,0,primary,0.005,15,4,2,cruise,2405,0,0,0,False
isolation_forest,0,primary,0.005,15,4,2,descent,1213,5,1,2,False
isolation_forest,0,primary,0.005,15,5,2,overall,6075,0,0,0,False
isolation_forest,0,primary,0.005,15,5,2,climb,1642,0,0,0,False
isolation_forest,0,primary,0.005,15,5,2,cruise,2509,0,0,0,False
isolation_forest,0,primary,0.005,15,5,2,descent,1924,0,0,0,False
isolation_forest,0,primary,0.005,15,6,2,overall,9157,77,1,16,False
isolation_forest,0,primary,0.005,15,6,2,climb,3584,1,1,1,False
isolation_forest,0,primary,0.005,15,6,2,cruise,2702,62,1,11,False
isolation_forest,0,primary,0.005,15,6,2,descent,2871,14,1,4,False
isolation_forest,0,primary,0.005,15,7,2,overall,5892,47,1,11,False
isolation_forest,0,primary,0.005,15,7,2,climb,2990,9,1,2,False
isolation_forest,0,primary,0.005,15,7,2,cruise,2120,0,0,0,False
isolation_forest,0,primary,0.005,15,7,2,descent,782,38,1,9,False
isolation_forest,0,primary,0.005,15,8,2,overall,4015,0,0,0,False
isolation_forest,0,primary,0.005,15,8,2,climb,748,0,0,0,False
isolation_forest,0,primary,0.005,15,8,2,cruise,1371,0,0,0,False
isolation_forest,0,primary,0.005,15,8,2,descent,1896,0,0,0,False
isolation_forest,0,primary,0.005,15,9,2,overall,8714,102,1,29,False
isolation_forest,0,primary,0.005,15,9,2,climb,2650,0,0,0,False
isolation_forest,0,primary,0.005,15,9,2,cruise,4542,19,1,9,False
isolation_forest,0,primary,0.005,15,9,2,descent,1522,83,1,20,False
isolation_forest,0,primary,0.005,15,10,2,overall,5218,0,0,0,False
isolation_forest,0,primary,0.005,15,10,2,climb,2439,0,0,0,False
isolation_forest,0,primary,0.005,15,10,2,cruise,1376,0,0,0,False
isolation_forest,0,primary,0.005,15,10,2,descent,1403,0,0,0,False
isolation_forest,0,primary,0.005,15,11,2,overall,6001,33,1,3,False
isolation_forest,0,primary,0.005,15,11,2,climb,2203,0,0,0,False
isolation_forest,0,primary,0.005,15,11,2,cruise,2046,0,0,0,False
isolation_forest,0,primary,0.005,15,11,2,descent,1752,33,1,3,False
isolation_forest,0,primary,0.005,15,12,2,overall,8363,0,0,0,False
isolation_forest,0,primary,0.005,15,12,2,climb,1990,0,0,0,False
isolation_forest,0,primary,0.005,15,12,2,cruise,3014,0,0,0,False
isolation_forest,0,primary,0.005,15,12,2,descent,3359,0,0,0,False
isolation_forest,0,primary,0.005,15,13,2,overall,5761,0,0,0,False
isolation_forest,0,primary,0.005,15,13,2,climb,1671,0,0,0,False
isolation_forest,0,primary,0.005,15,13,2,cruise,2573,0,0,0,False
isolation_forest,0,primary,0.005,15,13,2,descent,1517,0,0,0,False
isolation_forest,0,primary,0.005,15,14,2,overall,6942,1,1,1,False
isolation_forest,0,primary,0.005,15,14,2,climb,2058,1,1,1,False
isolation_forest,0,primary,0.005,15,14,2,cruise,3278,0,0,0,False
isolation_forest,0,primary,0.005,15,14,2,descent,1606,0,0,0,False
isolation_forest,0,primary,0.005,15,15,2,overall,8154,31,1,9,False
isolation_forest,0,primary,0.005,15,15,2,climb,2033,0,0,0,False
isolation_forest,0,primary,0.005,15,15,2,cruise,2970,30,1,8,False
isolation_forest,0,primary,0.005,15,15,2,descent,3151,1,1,1,False
isolation_forest,0,primary,0.005,15,16,2,overall,5218,1,1,1,False
isolation_forest,0,primary,0.005,15,16,2,climb,2439,1,1,1,False
isolation_forest,0,primary,0.005,15,16,2,cruise,1376,0,0,0,False
isolation_forest,0,primary,0.005,15,16,2,descent,1403,0,0,0,False
isolation_forest,0,primary,0.005,15,17,2,overall,5804,0,0,0,False
isolation_forest,0,primary,0.005,15,17,2,climb,1845,0,0,0,False
isolation_forest,0,primary,0.005,15,17,2,cruise,2329,0,0,0,False
isolation_forest,0,primary,0.005,15,17,2,descent,1630,0,0,0,False
isolation_forest,0,primary,0.005,15,18,2,overall,8154,27,1,14,False
isolation_forest,0,primary,0.005,15,18,2,climb,2033,0,0,0,False
isolation_forest,0,primary,0.005,15,18,2,cruise,2970,27,1,14,False
isolation_forest,0,primary,0.005,15,18,2,descent,3151,0,0,0,False
isolation_forest,0,primary,0.005,15,19,2,overall,6782,95,1,38,False
isolation_forest,0,primary,0.005,15,19,2,climb,2887,0,0,0,False
isolation_forest,0,primary,0.005,15,19,2,cruise,1196,5,1,3,False
isolation_forest,0,primary,0.005,15,19,2,descent,2699,90,1,35,False
isolation_forest,0,primary,0.005,15,20,2,overall,6265,1,1,1,False
isolation_forest,0,primary,0.005,15,20,2,climb,1256,0,0,0,False
isolation_forest,0,primary,0.005,15,20,2,cruise,2569,0,0,0,False
isolation_forest,0,primary,0.005,15,20,2,descent,2440,1,1,1,False
isolation_forest,0,primary,0.005,15,21,2,overall,6381,0,0,0,False
isolation_forest,0,primary,0.005,15,21,2,climb,1264,0,0,0,False
isolation_forest,0,primary,0.005,15,21,2,cruise,2088,0,0,0,False
isolation_forest,0,primary,0.005,15,21,2,descent,3029,0,0,0,False
isolation_forest,0,primary,0.005,15,22,2,overall,5501,60,1,23,False
isolation_forest,0,primary,0.005,15,22,2,climb,2343,3,1,3,False
isolation_forest,0,primary,0.005,15,22,2,cruise,1857,0,0,0,False
isolation_forest,0,primary,0.005,15,22,2,descent,1301,57,1,20,False
isolation_forest,0,primary,0.005,15,23,2,overall,6887,1,1,1,False
isolation_forest,0,primary,0.005,15,23,2,climb,1788,0,0,0,False
isolation_forest,0,primary,0.005,15,23,2,cruise,3403,0,0,0,False
isolation_forest,0,primary,0.005,15,23,2,descent,1696,1,1,1,False
isolation_forest,0,primary,0.01,11,1,3,overall,11007,46,1,16,True
isolation_forest,0,primary,0.01,11,1,3,climb,2506,1,1,1,True
isolation_forest,0,primary,0.01,11,1,3,cruise,4386,13,1,5,True
isolation_forest,0,primary,0.01,11,1,3,descent,4115,32,1,10,True
isolation_forest,0,primary,0.01,11,2,3,overall,17636,101,1,27,True
isolation_forest,0,primary,0.01,11,2,3,climb,3612,6,1,1,True
isolation_forest,0,primary,0.01,11,2,3,cruise,10521,40,1,10,True
isolation_forest,0,primary,0.01,11,2,3,descent,3503,55,1,16,True
isolation_forest,0,primary,0.01,11,3,3,overall,9831,146,1,27,True
isolation_forest,0,primary,0.01,11,3,3,climb,2031,2,1,1,True
isolation_forest,0,primary,0.01,11,3,3,cruise,3448,17,1,6,True
isolation_forest,0,primary,0.01,11,3,3,descent,4352,127,1,20,True
isolation_forest,0,primary,0.01,11,4,3,overall,13140,66,1,14,True
isolation_forest,0,primary,0.01,11,4,3,climb,2902,3,1,1,True
isolation_forest,0,primary,0.01,11,4,3,cruise,7069,0,0,0,True
isolation_forest,0,primary,0.01,11,4,3,descent,3169,63,1,13,True
isolation_forest,0,primary,0.01,11,5,3,overall,13751,211,1,30,True
isolation_forest,0,primary,0.01,11,5,3,climb,2138,4,1,1,True
isolation_forest,0,primary,0.01,11,5,3,cruise,6376,26,1,4,True
isolation_forest,0,primary,0.01,11,5,3,descent,5237,181,1,25,True
isolation_forest,0,primary,0.01,11,6,3,overall,11689,150,1,43,True
isolation_forest,0,primary,0.01,11,6,3,climb,2583,0,0,0,True
isolation_forest,0,primary,0.01,11,6,3,cruise,5477,50,1,16,True
isolation_forest,0,primary,0.01,11,6,3,descent,3629,100,1,27,True
isolation_forest,0,primary,0.01,11,7,3,overall,11007,51,1,18,True
isolation_forest,0,primary,0.01,11,7,3,climb,2506,3,1,2,True
isolation_forest,0,primary,0.01,11,7,3,cruise,4386,14,1,5,True
isolation_forest,0,primary,0.01,11,7,3,descent,4115,34,1,11,True
isolation_forest,0,primary,0.01,11,8,3,overall,8826,85,1,19,True
isolation_forest,0,primary,0.01,11,8,3,climb,4368,1,1,1,True
isolation_forest,0,primary,0.01,11,8,3,cruise,2947,75,1,10,True
isolation_forest,0,primary,0.01,11,8,3,descent,1511,9,1,8,True
isolation_forest,0,primary,0.01,11,9,3,overall,8928,39,1,15,True
isolation_forest,0,primary,0.01,11,9,3,climb,2151,3,1,2,True
isolation_forest,0,primary,0.01,11,9,3,cruise,4055,3,1,1,True
isolation_forest,0,primary,0.01,11,9,3,descent,2722,33,1,12,True
isolation_forest,0,primary,0.01,11,10,3,overall,13940,79,1,9,True
isolation_forest,0,primary,0.01,11,10,3,climb,3800,6,1,1,True
isolation_forest,0,primary,0.01,11,10,3,cruise,6079,0,0,0,True
isolation_forest,0,primary,0.01,11,10,3,descent,4061,73,1,8,True
isolation_forest,0,primary,0.01,11,11,3,overall,13751,188,1,25,True
isolation_forest,0,primary,0.01,11,11,3,climb,2138,4,1,1,True
isolation_forest,0,primary,0.01,11,11,3,cruise,6376,32,1,5,True
isolation_forest,0,primary,0.01,11,11,3,descent,5237,152,1,19,True
isolation_forest,0,primary,0.01,11,12,3,overall,14346,65,1,15,True
isolation_forest,0,primary,0.01,11,12,3,climb,3405,3,1,1,True
isolation_forest,0,primary,0.01,11,12,3,cruise,2752,21,1,7,True
isolation_forest,0,primary,0.01,11,12,3,descent,8189,41,1,7,True
isolation_forest,0,primary,0.01,11,13,3,overall,10704,48,1,17,True
isolation_forest,0,primary,0.01,11,13,3,climb,2712,8,1,1,True
isolation_forest,0,primary,0.01,11,13,3,cruise,4440,16,1,7,True
isolation_forest,0,primary,0.01,11,13,3,descent,3552,24,1,9,True
isolation_forest,0,primary,0.01,11,14,3,overall,11573,134,1,22,True
isolation_forest,0,primary,0.01,11,14,3,climb,3378,0,0,0,True
isolation_forest,0,primary,0.01,11,14,3,cruise,2869,2,1,1,True
isolation_forest,0,primary,0.01,11,14,3,descent,5326,132,1,21,True
isolation_forest,0,primary,0.01,11,15,3,overall,7701,429,1,53,True
isolation_forest,0,primary,0.01,11,15,3,climb,2139,4,1,2,True
isolation_forest,0,primary,0.01,11,15,3,cruise,1849,0,0,0,True
isolation_forest,0,primary,0.01,11,15,3,descent,3713,425,1,51,True
isolation_forest,0,primary,0.01,11,16,3,overall,11457,61,1,22,True
isolation_forest,0,primary,0.01,11,16,3,climb,3291,0,0,0,True
isolation_forest,0,primary,0.01,11,16,3,cruise,5172,0,0,0,True
isolation_forest,0,primary,0.01,11,16,3,descent,2994,61,1,22,True
isolation_forest,0,primary,0.01,11,17,3,overall,11457,64,1,16,True
isolation_forest,0,primary,0.01,11,17,3,climb,3291,0,0,0,True
isolation_forest,0,primary,0.01,11,17,3,cruise,5172,0,0,0,True
isolation_forest,0,primary,0.01,11,17,3,descent,2994,64,1,16,True
isolation_forest,0,primary,0.01,11,18,3,overall,12562,40,1,18,True
isolation_forest,0,primary,0.01,11,18,3,climb,4727,1,1,1,True
isolation_forest,0,primary,0.01,11,18,3,cruise,3161,13,1,7,True
isolation_forest,0,primary,0.01,11,18,3,descent,4674,26,1,10,True
isolation_forest,0,primary,0.01,14,1,1,overall,2551,8,1,3,False
isolation_forest,0,primary,0.01,14,1,1,climb,79,5,1,1,False
isolation_forest,0,primary,0.01,14,1,1,cruise,2364,1,1,1,False
isolation_forest,0,primary,0.01,14,1,1,descent,108,2,1,2,False
isolation_forest,0,primary,0.01,14,2,1,overall,1528,21,1,9,False
isolation_forest,0,primary,0.01,14,2,1,climb,435,1,1,1,False
isolation_forest,0,primary,0.01,14,2,1,cruise,592,0,0,0,False
isolation_forest,0,primary,0.01,14,2,1,descent,501,20,1,8,False
isolation_forest,0,primary,0.01,14,3,1,overall,1887,27,1,6,False
isolation_forest,0,primary,0.01,14,3,1,climb,227,0,0,0,False
isolation_forest,0,primary,0.01,14,3,1,cruise,1396,27,1,6,False
isolation_forest,0,primary,0.01,14,3,1,descent,264,0,0,0,False
isolation_forest,0,primary,0.01,14,4,1,overall,1303,116,1,19,False
isolation_forest,0,primary,0.01,14,4,1,climb,87,26,1,2,False
isolation_forest,0,primary,0.01,14,4,1,cruise,1069,89,1,16,False
isolation_forest,0,primary,0.01,14,4,1,descent,147,1,1,1,False
isolation_forest,0,primary,0.01,14,5,1,overall,2641,10,1,3,False
isolation_forest,0,primary,0.01,14,5,1,climb,1059,8,1,1,False
isolation_forest,0,primary,0.01,14,5,1,cruise,390,0,0,0,False
isolation_forest,0,primary,0.01,14,5,1,descent,1192,2,1,2,False
isolation_forest,0,primary,0.01,14,6,1,overall,2918,18,1,7,False
isolation_forest,0,primary,0.01,14,6,1,climb,222,7,1,2,False
isolation_forest,0,primary,0.01,14,6,1,cruise,1468,8,1,3,False
isolation_forest,0,primary,0.01,14,6,1,descent,1228,3,1,2,False
isolation_forest,0,primary,0.01,14,7,1,overall,1303,115,1,19,False
isolation_forest,0,primary,0.01,14,7,1,climb,87,26,1,2,False
isolation_forest,0,primary,0.01,14,7,1,cruise,1069,88,1,16,False
isolation_forest,0,primary,0.01,14,7,1,descent,147,1,1,1,False
isolation_forest,0,primary,0.01,14,8,1,overall,2551,8,1,3,False
isolation_forest,0,primary,0.01,14,8,1,climb,79,5,1,1,False
isolation_forest,0,primary,0.01,14,8,1,cruise,2364,1,1,1,False
isolation_forest,0,primary,0.01,14,8,1,descent,108,2,1,2,False
isolation_forest,0,primary,0.01,14,9,1,overall,1706,34,1,4,False
isolation_forest,0,primary,0.01,14,9,1,climb,38,0,0,0,False
isolation_forest,0,primary,0.01,14,9,1,cruise,47,0,0,0,False
isolation_forest,0,primary,0.01,14,9,1,descent,1621,34,1,4,False
isolation_forest,0,primary,0.01,14,10,1,overall,1706,33,1,3,False
isolation_forest,0,primary,0.01,14,10,1,climb,38,0,0,0,False
isolation_forest,0,primary,0.01,14,10,1,cruise,47,0,0,0,False
isolation_forest,0,primary,0.01,14,10,1,descent,1621,33,1,3,False
isolation_forest,0,primary,0.01,14,11,1,overall,2346,29,1,3,False
isolation_forest,0,primary,0.01,14,11,1,climb,482,3,1,2,False
isolation_forest,0,primary,0.01,14,11,1,cruise,1040,26,1,1,False
isolation_forest,0,primary,0.01,14,11,1,descent,824,0,0,0,False
isolation_forest,0,primary,0.01,14,12,1,overall,2641,9,1,2,False
isolation_forest,0,primary,0.01,14,12,1,climb,1059,9,1,2,False
isolation_forest,0,primary,0.01,14,12,1,cruise,390,0,0,0,False
isolation_forest,0,primary,0.01,14,12,1,descent,1192,0,0,0,False
isolation_forest,0,primary,0.01,14,13,1,overall,1303,131,1,20,False
isolation_forest,0,primary,0.01,14,13,1,climb,87,25,1,2,False
isolation_forest,0,primary,0.01,14,13,1,cruise,1069,105,1,17,False
isolation_forest,0,primary,0.01,14,13,1,descent,147,1,1,1,False
isolation_forest,0,primary,0.01,14,14,1,overall,2629,30,1,8,False
isolation_forest,0,primary,0.01,14,14,1,climb,490,0,0,0,False
isolation_forest,0,primary,0.01,14,14,1,cruise,1339,0,0,0,False
isolation_forest,0,primary,0.01,14,14,1,descent,800,30,1,8,False
isolation_forest,0,primary,0.01,14,15,1,overall,1930,2,1,1,False
isolation_forest,0,primary,0.01,14,15,1,climb,486,0,0,0,False
isolation_forest,0,primary,0.01,14,15,1,cruise,795,0,0,0,False
isolation_forest,0,primary,0.01,14,15,1,descent,649,2,1,1,False
isolation_forest,0,primary,0.01,14,16,1,overall,1528,24,1,10,False
isolation_forest,0,primary,0.01,14,16,1,climb,435,2,1,1,False
isolation_forest,0,primary,0.01,14,16,1,cruise,592,0,0,0,False
isolation_forest,0,primary,0.01,14,16,1,descent,501,22,1,9,False
isolation_forest,0,primary,0.01,14,17,1,overall,2641,9,1,2,False
isolation_forest,0,primary,0.01,14,17,1,climb,1059,9,1,2,False
isolation_forest,0,primary,0.01,14,17,1,cruise,390,0,0,0,False
isolation_forest,0,primary,0.01,14,17,1,descent,1192,0,0,0,False
isolation_forest,0,primary,0.01,14,18,1,overall,2629,8,1,6,False
isolation_forest,0,primary,0.01,14,18,1,climb,490,0,0,0,False
isolation_forest,0,primary,0.01,14,18,1,cruise,1339,0,0,0,False
isolation_forest,0,primary,0.01,14,18,1,descent,800,8,1,6,False
isolation_forest,0,primary,0.01,14,19,1,overall,1706,34,1,4,False
isolation_forest,0,primary,0.01,14,19,1,climb,38,0,0,0,False
isolation_forest,0,primary,0.01,14,19,1,cruise,47,0,0,0,False
isolation_forest,0,primary,0.01,14,19,1,descent,1621,34,1,4,False
isolation_forest,0,primary,0.01,14,20,1,overall,2629,30,1,10,False
isolation_forest,0,primary,0.01,14,20,1,climb,490,0,0,0,False
isolation_forest,0,primary,0.01,14,20,1,cruise,1339,0,0,0,False
isolation_forest,0,primary,0.01,14,20,1,descent,800,30,1,10,False
isolation_forest,0,primary,0.01,14,21,1,overall,1706,34,1,4,False
isolation_forest,0,primary,0.01,14,21,1,climb,38,0,0,0,False
isolation_forest,0,primary,0.01,14,21,1,cruise,47,0,0,0,False
isolation_forest,0,primary,0.01,14,21,1,descent,1621,34,1,4,False
isolation_forest,0,primary,0.01,14,22,1,overall,1887,29,1,9,False
isolation_forest,0,primary,0.01,14,22,1,climb,227,1,1,1,False
isolation_forest,0,primary,0.01,14,22,1,cruise,1396,28,1,8,False
isolation_forest,0,primary,0.01,14,22,1,descent,264,0,0,0,False
isolation_forest,0,primary,0.01,14,23,1,overall,2629,19,1,11,False
isolation_forest,0,primary,0.01,14,23,1,climb,490,0,0,0,False
isolation_forest,0,primary,0.01,14,23,1,cruise,1339,0,0,0,False
isolation_forest,0,primary,0.01,14,23,1,descent,800,19,1,11,False
isolation_forest,0,primary,0.01,14,24,1,overall,2641,10,1,1,False
isolation_forest,0,primary,0.01,14,24,1,climb,1059,10,1,1,False
isolation_forest,0,primary,0.01,14,24,1,cruise,390,0,0,0,False
isolation_forest,0,primary,0.01,14,24,1,descent,1192,0,0,0,False
isolation_forest,0,primary,0.01,14,25,1,overall,2551,12,1,4,False
isolation_forest,0,primary,0.01,14,25,1,climb,79,8,1,1,False
isolation_forest,0,primary,0.01,14,25,1,cruise,2364,2,1,2,False
isolation_forest,0,primary,0.01,14,25,1,descent,108,2,1,2,False
isolation_forest,0,primary,0.01,14,26,1,overall,2034,17,1,5,False
isolation_forest,0,primary,0.01,14,26,1,climb,135,13,1,3,False
isolation_forest,0,primary,0.01,14,26,1,cruise,84,0,0,0,False
isolation_forest,0,primary,0.01,14,26,1,descent,1815,4,1,2,False
isolation_forest,0,primary,0.01,14,27,1,overall,1887,28,1,8,False
isolation_forest,0,primary,0.01,14,27,1,climb,227,1,1,1,False
isolation_forest,0,primary,0.01,14,27,1,cruise,1396,27,1,7,False
isolation_forest,0,primary,0.01,14,27,1,descent,264,0,0,0,False
isolation_forest,0,primary,0.01,14,28,1,overall,2629,47,1,10,False
isolation_forest,0,primary,0.01,14,28,1,climb,490,0,0,0,False
isolation_forest,0,primary,0.01,14,28,1,cruise,1339,0,0,0,False
isolation_forest,0,primary,0.01,14,28,1,descent,800,47,1,10,False
isolation_forest,0,primary,0.01,14,29,1,overall,1887,44,1,13,False
isolation_forest,0,primary,0.01,14,29,1,climb,227,6,1,5,False
isolation_forest,0,primary,0.01,14,29,1,cruise,1396,38,1,8,False
isolation_forest,0,primary,0.01,14,29,1,descent,264,0,0,0,False
isolation_forest,0,primary,0.01,14,30,1,overall,1528,84,1,27,False
isolation_forest,0,primary,0.01,14,30,1,climb,435,6,1,1,False
isolation_forest,0,primary,0.01,14,30,1,cruise,592,0,0,0,False
isolation_forest,0,primary,0.01,14,30,1,descent,501,78,1,26,False
isolation_forest,0,primary,0.01,14,31,1,overall,2629,59,1,11,False
isolation_forest,0,primary,0.01,14,31,1,climb,490,0,0,0,False
isolation_forest,0,primary,0.01,14,31,1,cruise,1339,0,0,0,False
isolation_forest,0,primary,0.01,14,31,1,descent,800,59,1,11,False
isolation_forest,0,primary,0.01,14,32,1,overall,1006,7,1,4,False
isolation_forest,0,primary,0.01,14,32,1,climb,262,4,1,3,False
isolation_forest,0,primary,0.01,14,32,1,cruise,356,3,1,1,False
isolation_forest,0,primary,0.01,14,32,1,descent,388,0,0,0,False
isolation_forest,0,primary,0.01,14,33,1,overall,1528,105,1,37,False
isolation_forest,0,primary,0.01,14,33,1,climb,435,6,1,1,False
isolation_forest,0,primary,0.01,14,33,1,cruise,592,0,0,0,False
isolation_forest,0,primary,0.01,14,33,1,descent,501,99,1,36,False
isolation_forest,0,primary,0.01,14,34,1,overall,1944,69,1,9,False
isolation_forest,0,primary,0.01,14,34,1,climb,142,0,0,0,False
isolation_forest,0,primary,0.01,14,34,1,cruise,1554,7,1,4,False
isolation_forest,0,primary,0.01,14,34,1,descent,248,62,1,5,False
isolation_forest,0,primary,0.01,14,35,1,overall,1706,39,1,5,False
isolation_forest,0,primary,0.01,14,35,1,climb,38,1,1,1,False
isolation_forest,0,primary,0.01,14,35,1,cruise,47,0,0,0,False
isolation_forest,0,primary,0.01,14,35,1,descent,1621,38,1,4,False
isolation_forest,0,primary,0.01,15,1,2,overall,2669,97,1,12,False
isolation_forest,0,primary,0.01,15,1,2,climb,625,0,0,0,False
isolation_forest,0,primary,0.01,15,1,2,cruise,752,0,0,0,False
isolation_forest,0,primary,0.01,15,1,2,descent,1292,97,1,12,False
isolation_forest,0,primary,0.01,15,2,2,overall,7711,1,1,1,False
isolation_forest,0,primary,0.01,15,2,2,climb,2028,1,1,1,False
isolation_forest,0,primary,0.01,15,2,2,cruise,3298,0,0,0,False
isolation_forest,0,primary,0.01,15,2,2,descent,2385,0,0,0,False
isolation_forest,0,primary,0.01,15,3,2,overall,5503,130,1,33,False
isolation_forest,0,primary,0.01,15,3,2,climb,3519,0,0,0,False
isolation_forest,0,primary,0.01,15,3,2,cruise,722,22,1,6,False
isolation_forest,0,primary,0.01,15,3,2,descent,1262,108,1,27,False
isolation_forest,0,primary,0.01,15,4,2,overall,6372,69,1,11,False
isolation_forest,0,primary,0.01,15,4,2,climb,2754,26,1,1,False
isolation_forest,0,primary,0.01,15,4,2,cruise,2405,0,0,0,False
isolation_forest,0,primary,0.01,15,4,2,descent,1213,43,1,10,False
isolation_forest,0,primary,0.01,15,5,2,overall,6075,8,1,3,False
isolation_forest,0,primary,0.01,15,5,2,climb,1642,5,1,2,False
isolation_forest,0,primary,0.01,15,5,2,cruise,2509,0,0,0,False
isolation_forest,0,primary,0.01,15,5,2,descent,1924,3,1,1,False
isolation_forest,0,primary,0.01,15,6,2,overall,9157,92,1,10,False
isolation_forest,0,primary,0.01,15,6,2,climb,3584,1,1,1,False
isolation_forest,0,primary,0.01,15,6,2,cruise,2702,70,1,5,False
isolation_forest,0,primary,0.01,15,6,2,descent,2871,21,1,4,False
isolation_forest,0,primary,0.01,15,7,2,overall,5892,138,1,18,False
isolation_forest,0,primary,0.01,15,7,2,climb,2990,15,1,4,False
isolation_forest,0,primary,0.01,15,7,2,cruise,2120,1,1,1,False
isolation_forest,0,primary,0.01,15,7,2,descent,782,122,1,13,False
isolation_forest,0,primary,0.01,15,8,2,overall,4015,7,1,4,False
isolation_forest,0,primary,0.01,15,8,2,climb,748,4,1,1,False
isolation_forest,0,primary,0.01,15,8,2,cruise,1371,0,0,0,False
isolation_forest,0,primary,0.01,15,8,2,descent,1896,3,1,3,False
isolation_forest,0,primary,0.01,15,9,2,overall,8714,125,1,26,False
isolation_forest,0,primary,0.01,15,9,2,climb,2650,4,1,1,False
isolation_forest,0,primary,0.01,15,9,2,cruise,4542,27,1,14,False
isolation_forest,0,primary,0.01,15,9,2,descent,1522,94,1,11,False
isolation_forest,0,primary,0.01,15,10,2,overall,5218,7,1,5,False
isolation_forest,0,primary,0.01,15,10,2,climb,2439,3,1,1,False
isolation_forest,0,primary,0.01,15,10,2,cruise,1376,0,0,0,False
isolation_forest,0,primary,0.01,15,10,2,descent,1403,4,1,4,False
isolation_forest,0,primary,0.01,15,11,2,overall,6001,45,1,9,False
isolation_forest,0,primary,0.01,15,11,2,climb,2203,4,1,1,False
isolation_forest,0,primary,0.01,15,11,2,cruise,2046,0,0,0,False
isolation_forest,0,primary,0.01,15,11,2,descent,1752,41,1,8,False
isolation_forest,0,primary,0.01,15,12,2,overall,8363,30,1,8,False
isolation_forest,0,primary,0.01,15,12,2,climb,1990,0,0,0,False
isolation_forest,0,primary,0.01,15,12,2,cruise,3014,0,0,0,False
isolation_forest,0,primary,0.01,15,12,2,descent,3359,30,1,8,False
isolation_forest,0,primary,0.01,15,13,2,overall,5761,2,1,2,False
isolation_forest,0,primary,0.01,15,13,2,climb,1671,0,0,0,False
isolation_forest,0,primary,0.01,15,13,2,cruise,2573,0,0,0,False
isolation_forest,0,primary,0.01,15,13,2,descent,1517,2,1,2,False
isolation_forest,0,primary,0.01,15,14,2,overall,6942,9,1,2,False
isolation_forest,0,primary,0.01,15,14,2,climb,2058,8,1,1,False
isolation_forest,0,primary,0.01,15,14,2,cruise,3278,0,0,0,False
isolation_forest,0,primary,0.01,15,14,2,descent,1606,1,1,1,False
isolation_forest,0,primary,0.01,15,15,2,overall,8154,154,1,19,False
isolation_forest,0,primary,0.01,15,15,2,climb,2033,4,1,1,False
isolation_forest,0,primary,0.01,15,15,2,cruise,2970,38,1,9,False
isolation_forest,0,primary,0.01,15,15,2,descent,3151,112,1,9,False
isolation_forest,0,primary,0.01,15,16,2,overall,5218,6,1,4,False
isolation_forest,0,primary,0.01,15,16,2,climb,2439,3,1,1,False
isolation_forest,0,primary,0.01,15,16,2,cruise,1376,0,0,0,False
isolation_forest,0,primary,0.01,15,16,2,descent,1403,3,1,3,False
isolation_forest,0,primary,0.01,15,17,2,overall,5804,9,1,8,False
isolation_forest,0,primary,0.01,15,17,2,climb,1845,1,1,1,False
isolation_forest,0,primary,0.01,15,17,2,cruise,2329,0,0,0,False
isolation_forest,0,primary,0.01,15,17,2,descent,1630,8,1,7,False
isolation_forest,0,primary,0.01,15,18,2,overall,8154,113,1,35,False
isolation_forest,0,primary,0.01,15,18,2,climb,2033,4,1,1,False
isolation_forest,0,primary,0.01,15,18,2,cruise,2970,37,1,12,False
isolation_forest,0,primary,0.01,15,18,2,descent,3151,72,1,22,False
isolation_forest,0,primary,0.01,15,19,2,overall,6782,173,1,37,False
isolation_forest,0,primary,0.01,15,19,2,climb,2887,0,0,0,False
isolation_forest,0,primary,0.01,15,19,2,cruise,1196,15,1,10,False
isolation_forest,0,primary,0.01,15,19,2,descent,2699,158,1,27,False
isolation_forest,0,primary,0.01,15,20,2,overall,6265,5,1,1,False
isolation_forest,0,primary,0.01,15,20,2,climb,1256,0,0,0,False
isolation_forest,0,primary,0.01,15,20,2,cruise,2569,0,0,0,False
isolation_forest,0,primary,0.01,15,20,2,descent,2440,5,1,1,False
isolation_forest,0,primary,0.01,15,21,2,overall,6381,11,1,6,False
isolation_forest,0,primary,0.01,15,21,2,climb,1264,0,0,0,False
isolation_forest,0,primary,0.01,15,21,2,cruise,2088,0,0,0,False
isolation_forest,0,primary,0.01,15,21,2,descent,3029,11,1,6,False
isolation_forest,0,primary,0.01,15,22,2,overall,5501,77,1,20,False
isolation_forest,0,primary,0.01,15,22,2,climb,2343,9,1,4,False
isolation_forest,0,primary,0.01,15,22,2,cruise,1857,0,0,0,False
isolation_forest,0,primary,0.01,15,22,2,descent,1301,68,1,16,False
isolation_forest,0,primary,0.01,15,23,2,overall,6887,82,1,15,False
isolation_forest,0,primary,0.01,15,23,2,climb,1788,4,1,2,False
isolation_forest,0,primary,0.01,15,23,2,cruise,3403,0,0,0,False
isolation_forest,0,primary,0.01,15,23,2,descent,1696,78,1,13,False
isolation_forest,0,primary,0.02,11,1,3,overall,11007,97,1,30,True
isolation_forest,0,primary,0.02,11,1,3,climb,2506,6,1,1,True
isolation_forest,0,primary,0.02,11,1,3,cruise,4386,26,1,12,True
isolation_forest,0,primary,0.02,11,1,3,descent,4115,65,1,17,True
isolation_forest,0,primary,0.02,11,2,3,overall,17636,136,1,28,True
isolation_forest,0,primary,0.02,11,2,3,climb,3612,9,1,1,True
isolation_forest,0,primary,0.02,11,2,3,cruise,10521,49,1,7,True
isolation_forest,0,primary,0.02,11,2,3,descent,3503,78,1,20,True
isolation_forest,0,primary,0.02,11,3,3,overall,9831,516,1,57,True
isolation_forest,0,primary,0.02,11,3,3,climb,2031,16,1,1,True
isolation_forest,0,primary,0.02,11,3,3,cruise,3448,29,1,9,True
isolation_forest,0,primary,0.02,11,3,3,descent,4352,471,1,47,True
isolation_forest,0,primary,0.02,11,4,3,overall,13140,106,1,24,True
isolation_forest,0,primary,0.02,11,4,3,climb,2902,7,1,2,True
isolation_forest,0,primary,0.02,11,4,3,cruise,7069,0,0,0,True
isolation_forest,0,primary,0.02,11,4,3,descent,3169,99,1,22,True
isolation_forest,0,primary,0.02,11,5,3,overall,13751,271,1,32,True
isolation_forest,0,primary,0.02,11,5,3,climb,2138,6,1,1,True
isolation_forest,0,primary,0.02,11,5,3,cruise,6376,28,1,4,True
isolation_forest,0,primary,0.02,11,5,3,descent,5237,237,1,27,True
isolation_forest,0,primary,0.02,11,6,3,overall,11689,228,1,66,True
isolation_forest,0,primary,0.02,11,6,3,climb,2583,1,1,1,True
isolation_forest,0,primary,0.02,11,6,3,cruise,5477,82,1,32,True
isolation_forest,0,primary,0.02,11,6,3,descent,3629,145,1,33,True
isolation_forest,0,primary,0.02,11,7,3,overall,11007,151,1,32,True
isolation_forest,0,primary,0.02,11,7,3,climb,2506,7,1,1,True
isolation_forest,0,primary,0.02,11,7,3,cruise,4386,29,1,10,True
isolation_forest,0,primary,0.02,11,7,3,descent,4115,115,1,21,True
isolation_forest,0,primary,0.02,11,8,3,overall,8826,224,1,55,True
isolation_forest,0,primary,0.02,11,8,3,climb,4368,3,1,1,True
isolation_forest,0,primary,0.02,11,8,3,cruise,2947,130,1,10,True
isolation_forest,0,primary,0.02,11,8,3,descent,1511,91,1,44,True
isolation_forest,0,primary,0.02,11,9,3,overall,8928,135,1,40,True
isolation_forest,0,primary,0.02,11,9,3,climb,2151,9,1,4,True
isolation_forest,0,primary,0.02,11,9,3,cruise,4055,8,1,3,True
isolation_forest,0,primary,0.02,11,9,3,descent,2722,118,1,33,True
isolation_forest,0,primary,0.02,11,10,3,overall,13940,201,1,22,True
isolation_forest,0,primary,0.02,11,10,3,climb,3800,9,1,1,True
isolation_forest,0,primary,0.02,11,10,3,cruise,6079,1,1,1,True
isolation_forest,0,primary,0.02,11,10,3,descent,4061,191,1,20,True
isolation_forest,0,primary,0.02,11,11,3,overall,13751,254,1,32,True
isolation_forest,0,primary,0.02,11,11,3,climb,2138,6,1,1,True
isolation_forest,0,primary,0.02,11,11,3,cruise,6376,34,1,3,True
isolation_forest,0,primary,0.02,11,11,3,descent,5237,214,1,28,True
isolation_forest,0,primary,0.02,11,12,3,overall,14346,98,1,31,True
isolation_forest,0,primary,0.02,11,12,3,climb,3405,5,1,1,True
isolation_forest,0,primary,0.02,11,12,3,cruise,2752,30,1,10,True
isolation_forest,0,primary,0.02,11,12,3,descent,8189,63,1,20,True
isolation_forest,0,primary,0.02,11,13,3,overall,10704,82,1,23,True
isolation_forest,0,primary,0.02,11,13,3,climb,2712,11,1,1,True
isolation_forest,0,primary,0.02,11,13,3,cruise,4440,27,1,10,True
isolation_forest,0,primary,0.02,11,13,3,descent,3552,44,1,12,True
isolation_forest,0,primary,0.02,11,14,3,overall,11573,214,1,32,True
isolation_forest,0,primary,0.02,11,14,3,climb,3378,3,1,1,True
isolation_forest,0,primary,0.02,11,14,3,cruise,2869,4,1,2,True
isolation_forest,0,primary,0.02,11,14,3,descent,5326,207,1,29,True
isolation_forest,0,primary,0.02,11,15,3,overall,7701,647,1,66,True
isolation_forest,0,primary,0.02,11,15,3,climb,2139,4,1,2,True
isolation_forest,0,primary,0.02,11,15,3,cruise,1849,0,0,0,True
isolation_forest,0,primary,0.02,11,15,3,descent,3713,643,1,64,True
isolation_forest,0,primary,0.02,11,16,3,overall,11457,355,1,45,True
isolation_forest,0,primary,0.02,11,16,3,climb,3291,4,1,2,True
isolation_forest,0,primary,0.02,11,16,3,cruise,5172,0,0,0,True
isolation_forest,0,primary,0.02,11,16,3,descent,2994,351,1,43,True
isolation_forest,0,primary,0.02,11,17,3,overall,11457,315,1,31,True
isolation_forest,0,primary,0.02,11,17,3,climb,3291,3,1,2,True
isolation_forest,0,primary,0.02,11,17,3,cruise,5172,0,0,0,True
isolation_forest,0,primary,0.02,11,17,3,descent,2994,312,1,29,True
isolation_forest,0,primary,0.02,11,18,3,overall,12562,140,1,32,True
isolation_forest,0,primary,0.02,11,18,3,climb,4727,4,1,2,True
isolation_forest,0,primary,0.02,11,18,3,cruise,3161,73,1,12,True
isolation_forest,0,primary,0.02,11,18,3,descent,4674,63,1,18,True
isolation_forest,0,primary,0.02,14,1,1,overall,2551,17,1,7,False
isolation_forest,0,primary,0.02,14,1,1,climb,79,9,1,1,False
isolation_forest,0,primary,0.02,14,1,1,cruise,2364,5,1,4,False
isolation_forest,0,primary,0.02,14,1,1,descent,108,3,1,3,False
isolation_forest,0,primary,0.02,14,2,1,overall,1528,158,1,31,False
isolation_forest,0,primary,0.02,14,2,1,climb,435,6,1,1,False
isolation_forest,0,primary,0.02,14,2,1,cruise,592,0,0,0,False
isolation_forest,0,primary,0.02,14,2,1,descent,501,152,1,30,False
isolation_forest,0,primary,0.02,14,3,1,overall,1887,85,1,18,False
isolation_forest,0,primary,0.02,14,3,1,climb,227,5,1,4,False
isolation_forest,0,primary,0.02,14,3,1,cruise,1396,45,1,10,False
isolation_forest,0,primary,0.02,14,3,1,descent,264,35,1,4,False
isolation_forest,0,primary,0.02,14,4,1,overall,1303,186,1,27,False
isolation_forest,0,primary,0.02,14,4,1,climb,87,29,1,2,False
isolation_forest,0,primary,0.02,14,4,1,cruise,1069,147,1,21,False
isolation_forest,0,primary,0.02,14,4,1,descent,147,10,1,5,False
isolation_forest,0,primary,0.02,14,5,1,overall,2641,65,1,9,False
isolation_forest,0,primary,0.02,14,5,1,climb,1059,12,1,1,False
isolation_forest,0,primary,0.02,14,5,1,cruise,390,4,1,1,False
isolation_forest,0,primary,0.02,14,5,1,descent,1192,49,1,7,False
isolation_forest,0,primary,0.02,14,6,1,overall,2918,41,1,9,False
isolation_forest,0,primary,0.02,14,6,1,climb,222,13,1,1,False
isolation_forest,0,primary,0.02,14,6,1,cruise,1468,18,1,4,False
isolation_forest,0,primary,0.02,14,6,1,descent,1228,10,1,4,False
isolation_forest,0,primary,0.02,14,7,1,overall,1303,187,1,27,False
isolation_forest,0,primary,0.02,14,7,1,climb,87,29,1,2,False
isolation_forest,0,primary,0.02,14,7,1,cruise,1069,148,1,21,False
isolation_forest,0,primary,0.02,14,7,1,descent,147,10,1,5,False
isolation_forest,0,primary,0.02,14,8,1,overall,2551,16,1,7,False
isolation_forest,0,primary,0.02,14,8,1,climb,79,8,1,1,False
isolation_forest,0,primary,0.02,14,8,1,cruise,2364,5,1,4,False
isolation_forest,0,primary,0.02,14,8,1,descent,108,3,1,3,False
isolation_forest,0,primary,0.02,14,9,1,overall,1706,71,1,8,False
isolation_forest,0,primary,0.02,14,9,1,climb,38,1,1,1,False
isolation_forest,0,primary,0.02,14,9,1,cruise,47,0,0,0,False
isolation_forest,0,primary,0.02,14,9,1,descent,1621,70,1,7,False
isolation_forest,0,primary,0.02,14,10,1,overall,1706,51,1,11,False
isolation_forest,0,primary,0.02,14,10,1,climb,38,1,1,1,False
isolation_forest,0,primary,0.02,14,10,1,cruise,47,0,0,0,False
isolation_forest,0,primary,0.02,14,10,1,descent,1621,50,1,10,False
isolation_forest,0,primary,0.02,14,11,1,overall,2346,86,1,9,False
isolation_forest,0,primary,0.02,14,11,1,climb,482,8,1,1,False
isolation_forest,0,primary,0.02,14,11,1,cruise,1040,42,1,1,False
isolation_forest,0,primary,0.02,14,11,1,descent,824,36,1,7,False
isolation_forest,0,primary,0.02,14,12,1,overall,2641,64,1,9,False
isolation_forest,0,primary,0.02,14,12,1,climb,1059,12,1,1,False
isolation_forest,0,primary,0.02,14,12,1,cruise,390,4,1,1,False
isolation_forest,0,primary,0.02,14,12,1,descent,1192,48,1,7,False
isolation_forest,0,primary,0.02,14,13,1,overall,1303,212,1,30,False
isolation_forest,0,primary,0.02,14,13,1,climb,87,29,1,2,False
isolation_forest,0,primary,0.02,14,13,1,cruise,1069,169,1,23,False
isolation_forest,0,primary,0.02,14,13,1,descent,147,14,1,6,False
isolation_forest,0,primary,0.02,14,14,1,overall,2629,194,1,17,False
isolation_forest,0,primary,0.02,14,14,1,climb,490,0,0,0,False
isolation_forest,0,primary,0.02,14,14,1,cruise,1339,0,0,0,False
isolation_forest,0,primary,0.02,14,14,1,descent,800,194,1,17,False
isolation_forest,0,primary,0.02,14,15,1,overall,1930,8,1,4,False
isolation_forest,0,primary,0.02,14,15,1,climb,486,2,1,1,False
isolation_forest,0,primary,0.02,14,15,1,cruise,795,0,0,0,False
isolation_forest,0,primary,0.02,14,15,1,descent,649,6,1,3,False
isolation_forest,0,primary,0.02,14,16,1,overall,1528,197,1,30,False
isolation_forest,0,primary,0.02,14,16,1,climb,435,6,1,1,False
isolation_forest,0,primary,0.02,14,16,1,cruise,592,0,0,0,False
isolation_forest,0,primary,0.02,14,16,1,descent,501,191,1,29,False
isolation_forest,0,primary,0.02,14,17,1,overall,2641,83,1,20,False
isolation_forest,0,primary,0.02,14,17,1,climb,1059,15,1,2,False
isolation_forest,0,primary,0.02,14,17,1,cruise,390,7,1,3,False
isolation_forest,0,primary,0.02,14,17,1,descent,1192,61,1,15,False
isolation_forest,0,primary,0.02,14,18,1,overall,2629,154,1,19,False
isolation_forest,0,primary,0.02,14,18,1,climb,490,0,0,0,False
isolation_forest,0,primary,0.02,14,18,1,cruise,1339,0,0,0,False
isolation_forest,0,primary,0.02,14,18,1,descent,800,154,1,19,False
isolation_forest,0,primary,0.02,14,19,1,overall,1706,45,1,9,False
isolation_forest,0,primary,0.02,14,19,1,climb,38,1,1,1,False
isolation_forest,0,primary,0.02,14,19,1,cruise,47,0,0,0,False
isolation_forest,0,primary,0.02,14,19,1,descent,1621,44,1,8,False
isolation_forest,0,primary,0.02,14,20,1,overall,2629,201,1,24,False
isolation_forest,0,primary,0.02,14,20,1,climb,490,0,0,0,False
isolation_forest,0,primary,0.02,14,20,1,cruise,1339,0,0,0,False
isolation_forest,0,primary,0.02,14,20,1,descent,800,201,1,24,False
isolation_forest,0,primary,0.02,14,21,1,overall,1706,45,1,9,False
isolation_forest,0,primary,0.02,14,21,1,climb,38,1,1,1,False
isolation_forest,0,primary,0.02,14,21,1,cruise,47,0,0,0,False
isolation_forest,0,primary,0.02,14,21,1,descent,1621,44,1,8,False
isolation_forest,0,primary,0.02,14,22,1,overall,1887,130,1,20,False
isolation_forest,0,primary,0.02,14,22,1,climb,227,37,1,5,False
isolation_forest,0,primary,0.02,14,22,1,cruise,1396,58,1,14,False
isolation_forest,0,primary,0.02,14,22,1,descent,264,35,1,2,False
isolation_forest,0,primary,0.02,14,23,1,overall,2629,153,1,19,False
isolation_forest,0,primary,0.02,14,23,1,climb,490,0,0,0,False
isolation_forest,0,primary,0.02,14,23,1,cruise,1339,0,0,0,False
isolation_forest,0,primary,0.02,14,23,1,descent,800,153,1,19,False
isolation_forest,0,primary,0.02,14,24,1,overall,2641,148,1,31,False
isolation_forest,0,primary,0.02,14,24,1,climb,1059,17,1,2,False
isolation_forest,0,primary,0.02,14,24,1,cruise,390,10,1,2,False
isolation_forest,0,primary,0.02,14,24,1,descent,1192,121,1,27,False
isolation_forest,0,primary,0.02,14,25,1,overall,2551,27,1,8,False
isolation_forest,0,primary,0.02,14,25,1,climb,79,14,1,1,False
isolation_forest,0,primary,0.02,14,25,1,cruise,2364,7,1,4,False
isolation_forest,0,primary,0.02,14,25,1,descent,108,6,1,4,False
isolation_forest,0,primary,0.02,14,26,1,overall,2034,37,1,8,False
isolation_forest,0,primary,0.02,14,26,1,climb,135,24,1,2,False
isolation_forest,0,primary,0.02,14,26,1,cruise,84,0,0,0,False
isolation_forest,0,primary,0.02,14,26,1,descent,1815,13,1,6,False
isolation_forest,0,primary,0.02,14,27,1,overall,1887,151,1,23,False
isolation_forest,0,primary,0.02,14,27,1,climb,227,39,1,7,False
isolation_forest,0,primary,0.02,14,27,1,cruise,1396,58,1,15,False
isolation_forest,0,primary,0.02,14,27,1,descent,264,54,1,2,False
isolation_forest,0,primary,0.02,14,28,1,overall,2629,312,1,21,False
isolation_forest,0,primary,0.02,14,28,1,climb,490,0,0,0,False
isolation_forest,0,primary,0.02,14,28,1,cruise,1339,0,0,0,False
isolation_forest,0,primary,0.02,14,28,1,descent,800,312,1,21,False
isolation_forest,0,primary,0.02,14,29,1,overall,1887,216,1,22,False
isolation_forest,0,primary,0.02,14,29,1,climb,227,69,1,3,False
isolation_forest,0,primary,0.02,14,29,1,cruise,1396,76,1,13,False
isolation_forest,0,primary,0.02,14,29,1,descent,264,71,1,7,False
isolation_forest,0,primary,0.02,14,30,1,overall,1528,311,1,23,False
isolation_forest,0,primary,0.02,14,30,1,climb,435,9,1,1,False
isolation_forest,0,primary,0.02,14,30,1,cruise,592,0,0,0,False
isolation_forest,0,primary,0.02,14,30,1,descent,501,302,1,22,False
isolation_forest,0,primary,0.02,14,31,1,overall,2629,340,1,20,False
isolation_forest,0,primary,0.02,14,31,1,climb,490,0,0,0,False
isolation_forest,0,primary,0.02,14,31,1,cruise,1339,1,1,1,False
isolation_forest,0,primary,0.02,14,31,1,descent,800,339,1,19,False
isolation_forest,0,primary,0.02,14,32,1,overall,1006,124,1,38,False
isolation_forest,0,primary,0.02,14,32,1,climb,262,12,1,6,False
isolation_forest,0,primary,0.02,14,32,1,cruise,356,48,1,14,False
isolation_forest,0,primary,0.02,14,32,1,descent,388,64,1,18,False
isolation_forest,0,primary,0.02,14,33,1,overall,1528,337,1,27,False
isolation_forest,0,primary,0.02,14,33,1,climb,435,9,1,1,False
isolation_forest,0,primary,0.02,14,33,1,cruise,592,3,1,3,False
isolation_forest,0,primary,0.02,14,33,1,descent,501,325,1,23,False
isolation_forest,0,primary,0.02,14,34,1,overall,1944,158,1,12,False
isolation_forest,0,primary,0.02,14,34,1,climb,142,7,1,1,False
isolation_forest,0,primary,0.02,14,34,1,cruise,1554,15,1,4,False
isolation_forest,0,primary,0.02,14,34,1,descent,248,136,1,7,False
isolation_forest,0,primary,0.02,14,35,1,overall,1706,47,1,8,False
isolation_forest,0,primary,0.02,14,35,1,climb,38,4,1,1,False
isolation_forest,0,primary,0.02,14,35,1,cruise,47,0,0,0,False
isolation_forest,0,primary,0.02,14,35,1,descent,1621,43,1,7,False
isolation_forest,0,primary,0.02,15,1,2,overall,2669,218,1,10,False
isolation_forest,0,primary,0.02,15,1,2,climb,625,0,0,0,False
isolation_forest,0,primary,0.02,15,1,2,cruise,752,3,1,1,False
isolation_forest,0,primary,0.02,15,1,2,descent,1292,215,1,9,False
isolation_forest,0,primary,0.02,15,2,2,overall,7711,45,1,16,False
isolation_forest,0,primary,0.02,15,2,2,climb,2028,13,1,2,False
isolation_forest,0,primary,0.02,15,2,2,cruise,3298,0,0,0,False
isolation_forest,0,primary,0.02,15,2,2,descent,2385,32,1,14,False
isolation_forest,0,primary,0.02,15,3,2,overall,5503,411,1,101,False
isolation_forest,0,primary,0.02,15,3,2,climb,3519,5,1,1,False
isolation_forest,0,primary,0.02,15,3,2,cruise,722,57,1,4,False
isolation_forest,0,primary,0.02,15,3,2,descent,1262,349,1,96,False
isolation_forest,0,primary,0.02,15,4,2,overall,6372,188,1,10,False
isolation_forest,0,primary,0.02,15,4,2,climb,2754,27,1,2,False
isolation_forest,0,primary,0.02,15,4,2,cruise,2405,2,1,2,False
isolation_forest,0,primary,0.02,15,4,2,descent,1213,159,1,6,False
isolation_forest,0,primary,0.02,15,5,2,overall,6075,42,1,14,False
isolation_forest,0,primary,0.02,15,5,2,climb,1642,7,1,1,False
isolation_forest,0,primary,0.02,15,5,2,cruise,2509,0,0,0,False
isolation_forest,0,primary,0.02,15,5,2,descent,1924,35,1,13,False
isolation_forest,0,primary,0.02,15,6,2,overall,9157,118,1,7,False
isolation_forest,0,primary,0.02,15,6,2,climb,3584,4,1,1,False
isolation_forest,0,primary,0.02,15,6,2,cruise,2702,76,1,2,False
isolation_forest,0,primary,0.02,15,6,2,descent,2871,38,1,4,False
isolation_forest,0,primary,0.02,15,7,2,overall,5892,300,1,26,False
isolation_forest,0,primary,0.02,15,7,2,climb,2990,26,1,7,False
isolation_forest,0,primary,0.02,15,7,2,cruise,2120,12,1,4,False
isolation_forest,0,primary,0.02,15,7,2,descent,782,262,1,15,False
isolation_forest,0,primary,0.02,15,8,2,overall,4015,49,1,17,False
isolation_forest,0,primary,0.02,15,8,2,climb,748,7,1,1,False
isolation_forest,0,primary,0.02,15,8,2,cruise,1371,0,0,0,False
isolation_forest,0,primary,0.02,15,8,2,descent,1896,42,1,16,False
isolation_forest,0,primary,0.02,15,9,2,overall,8714,172,1,52,False
isolation_forest,0,primary,0.02,15,9,2,climb,2650,8,1,1,False
isolation_forest,0,primary,0.02,15,9,2,cruise,4542,46,1,24,False
isolation_forest,0,primary,0.02,15,9,2,descent,1522,118,1,27,False
isolation_forest,0,primary,0.02,15,10,2,overall,5218,162,1,39,False
isolation_forest,0,primary,0.02,15,10,2,climb,2439,5,1,1,False
isolation_forest,0,primary,0.02,15,10,2,cruise,1376,0,0,0,False
isolation_forest,0,primary,0.02,15,10,2,descent,1403,157,1,38,False
isolation_forest,0,primary,0.02,15,11,2,overall,6001,83,1,20,False
isolation_forest,0,primary,0.02,15,11,2,climb,2203,9,1,1,False
isolation_forest,0,primary,0.02,15,11,2,cruise,2046,0,0,0,False
isolation_forest,0,primary,0.02,15,11,2,descent,1752,74,1,19,False
isolation_forest,0,primary,0.02,15,12,2,overall,8363,152,1,17,False
isolation_forest,0,primary,0.02,15,12,2,climb,1990,3,1,1,False
isolation_forest,0,primary,0.02,15,12,2,cruise,3014,0,0,0,False
isolation_forest,0,primary,0.02,15,12,2,descent,3359,149,1,16,False
isolation_forest,0,primary,0.02,15,13,2,overall,5761,56,1,21,False
isolation_forest,0,primary,0.02,15,13,2,climb,1671,1,1,1,False
isolation_forest,0,primary,0.02,15,13,2,cruise,2573,1,1,1,False
isolation_forest,0,primary,0.02,15,13,2,descent,1517,54,1,19,False
isolation_forest,0,primary,0.02,15,14,2,overall,6942,26,1,8,False
isolation_forest,0,primary,0.02,15,14,2,climb,2058,12,1,1,False
isolation_forest,0,primary,0.02,15,14,2,cruise,3278,0,0,0,False
isolation_forest,0,primary,0.02,15,14,2,descent,1606,14,1,7,False
isolation_forest,0,primary,0.02,15,15,2,overall,8154,464,1,37,False
isolation_forest,0,primary,0.02,15,15,2,climb,2033,12,1,1,False
isolation_forest,0,primary,0.02,15,15,2,cruise,2970,48,1,10,False
isolation_forest,0,primary,0.02,15,15,2,descent,3151,404,1,26,False
isolation_forest,0,primary,0.02,15,16,2,overall,5218,173,1,39,False
isolation_forest,0,primary,0.02,15,16,2,climb,2439,5,1,1,False
isolation_forest,0,primary,0.02,15,16,2,cruise,1376,0,0,0,False
isolation_forest,0,primary,0.02,15,16,2,descent,1403,168,1,38,False
isolation_forest,0,primary,0.02,15,17,2,overall,5804,254,1,29,False
isolation_forest,0,primary,0.02,15,17,2,climb,1845,2,1,1,False
isolation_forest,0,primary,0.02,15,17,2,cruise,2329,0,0,0,False
isolation_forest,0,primary,0.02,15,17,2,descent,1630,252,1,28,False
isolation_forest,0,primary,0.02,15,18,2,overall,8154,407,1,41,False
isolation_forest,0,primary,0.02,15,18,2,climb,2033,12,1,1,False
isolation_forest,0,primary,0.02,15,18,2,cruise,2970,46,1,11,False
isolation_forest,0,primary,0.02,15,18,2,descent,3151,349,1,29,False
isolation_forest,0,primary,0.02,15,19,2,overall,6782,388,1,87,False
isolation_forest,0,primary,0.02,15,19,2,climb,2887,5,1,3,False
isolation_forest,0,primary,0.02,15,19,2,cruise,1196,43,1,16,False
isolation_forest,0,primary,0.02,15,19,2,descent,2699,340,1,68,False
isolation_forest,0,primary,0.02,15,20,2,overall,6265,61,1,13,False
isolation_forest,0,primary,0.02,15,20,2,climb,1256,0,0,0,False
isolation_forest,0,primary,0.02,15,20,2,cruise,2569,0,0,0,False
isolation_forest,0,primary,0.02,15,20,2,descent,2440,61,1,13,False
isolation_forest,0,primary,0.02,15,21,2,overall,6381,121,1,15,False
isolation_forest,0,primary,0.02,15,21,2,climb,1264,0,0,0,False
isolation_forest,0,primary,0.02,15,21,2,cruise,2088,0,0,0,False
isolation_forest,0,primary,0.02,15,21,2,descent,3029,121,1,15,False
isolation_forest,0,primary,0.02,15,22,2,overall,5501,102,1,22,False
isolation_forest,0,primary,0.02,15,22,2,climb,2343,25,1,9,False
isolation_forest,0,primary,0.02,15,22,2,cruise,1857,0,0,0,False
isolation_forest,0,primary,0.02,15,22,2,descent,1301,77,1,13,False
isolation_forest,0,primary,0.02,15,23,2,overall,6887,314,1,15,False
isolation_forest,0,primary,0.02,15,23,2,climb,1788,10,1,2,False
isolation_forest,0,primary,0.02,15,23,2,cruise,3403,0,0,0,False
isolation_forest,0,primary,0.02,15,23,2,descent,1696,304,1,13,False
isolation_forest,0,alt_rate,0.005,11,1,3,overall,11007,22,1,11,True
isolation_forest,0,alt_rate,0.005,11,1,3,climb,2930,0,0,0,True
isolation_forest,0,alt_rate,0.005,11,1,3,cruise,3885,8,1,3,True
isolation_forest,0,alt_rate,0.005,11,1,3,descent,4192,14,1,8,True
isolation_forest,0,alt_rate,0.005,11,2,3,overall,17636,69,1,29,True
isolation_forest,0,alt_rate,0.005,11,2,3,climb,3879,2,1,2,True
isolation_forest,0,alt_rate,0.005,11,2,3,cruise,9869,23,1,8,True
isolation_forest,0,alt_rate,0.005,11,2,3,descent,3888,44,1,19,True
isolation_forest,0,alt_rate,0.005,11,3,3,overall,9831,34,1,7,True
isolation_forest,0,alt_rate,0.005,11,3,3,climb,2327,0,0,0,True
isolation_forest,0,alt_rate,0.005,11,3,3,cruise,2755,11,1,3,True
isolation_forest,0,alt_rate,0.005,11,3,3,descent,4749,23,1,4,True
isolation_forest,0,alt_rate,0.005,11,4,3,overall,13140,41,1,14,True
isolation_forest,0,alt_rate,0.005,11,4,3,climb,3297,1,1,1,True
isolation_forest,0,alt_rate,0.005,11,4,3,cruise,6273,0,0,0,True
isolation_forest,0,alt_rate,0.005,11,4,3,descent,3570,40,1,13,True
isolation_forest,0,alt_rate,0.005,11,5,3,overall,13751,151,1,51,True
isolation_forest,0,alt_rate,0.005,11,5,3,climb,2298,3,1,1,True
isolation_forest,0,alt_rate,0.005,11,5,3,cruise,6278,21,1,5,True
isolation_forest,0,alt_rate,0.005,11,5,3,descent,5175,127,1,45,True
isolation_forest,0,alt_rate,0.005,11,6,3,overall,11689,84,1,37,True
isolation_forest,0,alt_rate,0.005,11,6,3,climb,1743,0,0,0,True
isolation_forest,0,alt_rate,0.005,11,6,3,cruise,6205,8,1,5,True
isolation_forest,0,alt_rate,0.005,11,6,3,descent,3741,76,1,32,True
isolation_forest,0,alt_rate,0.005,11,7,3,overall,11007,27,1,9,True
isolation_forest,0,alt_rate,0.005,11,7,3,climb,2930,0,0,0,True
isolation_forest,0,alt_rate,0.005,11,7,3,cruise,3885,11,1,3,True
isolation_forest,0,alt_rate,0.005,11,7,3,descent,4192,16,1,6,True
isolation_forest,0,alt_rate,0.005,11,8,3,overall,8826,9,1,4,True
isolation_forest,0,alt_rate,0.005,11,8,3,climb,4070,0,0,0,True
isolation_forest,0,alt_rate,0.005,11,8,3,cruise,3030,0,0,0,True
isolation_forest,0,alt_rate,0.005,11,8,3,descent,1726,9,1,4,True
isolation_forest,0,alt_rate,0.005,11,9,3,overall,8928,17,1,7,True
isolation_forest,0,alt_rate,0.005,11,9,3,climb,2568,2,1,1,True
isolation_forest,0,alt_rate,0.005,11,9,3,cruise,3414,0,0,0,True
isolation_forest,0,alt_rate,0.005,11,9,3,descent,2946,15,1,6,True
isolation_forest,0,alt_rate,0.005,11,10,3,overall,13940,4,1,3,True
isolation_forest,0,alt_rate,0.005,11,10,3,climb,4340,1,1,1,True
isolation_forest,0,alt_rate,0.005,11,10,3,cruise,5054,0,0,0,True
isolation_forest,0,alt_rate,0.005,11,10,3,descent,4546,3,1,2,True
isolation_forest,0,alt_rate,0.005,11,11,3,overall,13751,140,1,38,True
isolation_forest,0,alt_rate,0.005,11,11,3,climb,2298,3,1,1,True
isolation_forest,0,alt_rate,0.005,11,11,3,cruise,6278,28,1,9,True
isolation_forest,0,alt_rate,0.005,11,11,3,descent,5175,109,1,28,True
isolation_forest,0,alt_rate,0.005,11,12,3,overall,14346,46,1,14,True
isolation_forest,0,alt_rate,0.005,11,12,3,climb,3497,11,1,7,True
isolation_forest,0,alt_rate,0.005,11,12,3,cruise,6768,0,0,0,True
isolation_forest,0,alt_rate,0.005,11,12,3,descent,4081,35,1,7,True
isolation_forest,0,alt_rate,0.005,11,13,3,overall,10704,21,1,10,True
isolation_forest,0,alt_rate,0.005,11,13,3,climb,3236,2,1,1,True
isolation_forest,0,alt_rate,0.005,11,13,3,cruise,4152,7,1,4,True
isolation_forest,0,alt_rate,0.005,11,13,3,descent,3316,12,1,5,True
isolation_forest,0,alt_rate,0.005,11,14,3,overall,11573,106,1,30,True
isolation_forest,0,alt_rate,0.005,11,14,3,climb,3665,0,0,0,True
isolation_forest,0,alt_rate,0.005,11,14,3,cruise,3719,2,1,2,True
isolation_forest,0,alt_rate,0.005,11,14,3,descent,4189,104,1,28,True
isolation_forest,0,alt_rate,0.005,11,15,3,overall,7701,281,1,40,True
isolation_forest,0,alt_rate,0.005,11,15,3,climb,2453,2,1,1,True
isolation_forest,0,alt_rate,0.005,11,15,3,cruise,1248,0,0,0,True
isolation_forest,0,alt_rate,0.005,11,15,3,descent,4000,279,1,39,True
isolation_forest,0,alt_rate,0.005,11,16,3,overall,11457,36,1,15,True
isolation_forest,0,alt_rate,0.005,11,16,3,climb,3793,0,0,0,True
isolation_forest,0,alt_rate,0.005,11,16,3,cruise,4388,0,0,0,True
isolation_forest,0,alt_rate,0.005,11,16,3,descent,3276,36,1,15,True
isolation_forest,0,alt_rate,0.005,11,17,3,overall,11457,45,1,13,True
isolation_forest,0,alt_rate,0.005,11,17,3,climb,3793,0,0,0,True
isolation_forest,0,alt_rate,0.005,11,17,3,cruise,4388,0,0,0,True
isolation_forest,0,alt_rate,0.005,11,17,3,descent,3276,45,1,13,True
isolation_forest,0,alt_rate,0.005,11,18,3,overall,12562,21,1,8,True
isolation_forest,0,alt_rate,0.005,11,18,3,climb,5390,0,0,0,True
isolation_forest,0,alt_rate,0.005,11,18,3,cruise,2282,0,0,0,True
isolation_forest,0,alt_rate,0.005,11,18,3,descent,4890,21,1,8,True
isolation_forest,0,alt_rate,0.005,14,1,1,overall,2551,1,1,1,False
isolation_forest,0,alt_rate,0.005,14,1,1,climb,94,1,1,1,False
isolation_forest,0,alt_rate,0.005,14,1,1,cruise,2339,0,0,0,False
isolation_forest,0,alt_rate,0.005,14,1,1,descent,118,0,0,0,False
isolation_forest,0,alt_rate,0.005,14,2,1,overall,1528,5,1,3,False
isolation_forest,0,alt_rate,0.005,14,2,1,climb,495,1,1,1,False
isolation_forest,0,alt_rate,0.005,14,2,1,cruise,475,0,0,0,False
isolation_forest,0,alt_rate,0.005,14,2,1,descent,558,4,1,2,False
isolation_forest,0,alt_rate,0.005,14,3,1,overall,1887,16,1,5,False
isolation_forest,0,alt_rate,0.005,14,3,1,climb,262,0,0,0,False
isolation_forest,0,alt_rate,0.005,14,3,1,cruise,1323,11,1,4,False
isolation_forest,0,alt_rate,0.005,14,3,1,descent,302,5,1,1,False
isolation_forest,0,alt_rate,0.005,14,4,1,overall,1303,49,1,9,False
isolation_forest,0,alt_rate,0.005,14,4,1,climb,96,21,1,1,False
isolation_forest,0,alt_rate,0.005,14,4,1,cruise,1050,28,1,8,False
isolation_forest,0,alt_rate,0.005,14,4,1,descent,157,0,0,0,False
isolation_forest,0,alt_rate,0.005,14,5,1,overall,2641,4,1,1,False
isolation_forest,0,alt_rate,0.005,14,5,1,climb,1220,4,1,1,False
isolation_forest,0,alt_rate,0.005,14,5,1,cruise,41,0,0,0,False
isolation_forest,0,alt_rate,0.005,14,5,1,descent,1380,0,0,0,False
isolation_forest,0,alt_rate,0.005,14,6,1,overall,2918,2,1,1,False
isolation_forest,0,alt_rate,0.005,14,6,1,climb,265,0,0,0,False
isolation_forest,0,alt_rate,0.005,14,6,1,cruise,1361,0,0,0,False
isolation_forest,0,alt_rate,0.005,14,6,1,descent,1292,2,1,1,False
isolation_forest,0,alt_rate,0.005,14,7,1,overall,1303,52,1,9,False
isolation_forest,0,alt_rate,0.005,14,7,1,climb,96,21,1,1,False
isolation_forest,0,alt_rate,0.005,14,7,1,cruise,1050,31,1,8,False
isolation_forest,0,alt_rate,0.005,14,7,1,descent,157,0,0,0,False
isolation_forest,0,alt_rate,0.005,14,8,1,overall,2551,1,1,1,False
isolation_forest,0,alt_rate,0.005,14,8,1,climb,94,1,1,1,False
isolation_forest,0,alt_rate,0.005,14,8,1,cruise,2339,0,0,0,False
isolation_forest,0,alt_rate,0.005,14,8,1,descent,118,0,0,0,False
isolation_forest,0,alt_rate,0.005,14,9,1,overall,1706,31,1,3,False
isolation_forest,0,alt_rate,0.005,14,9,1,climb,33,0,0,0,False
isolation_forest,0,alt_rate,0.005,14,9,1,cruise,59,0,0,0,False
isolation_forest,0,alt_rate,0.005,14,9,1,descent,1614,31,1,3,False
isolation_forest,0,alt_rate,0.005,14,10,1,overall,1706,31,1,3,False
isolation_forest,0,alt_rate,0.005,14,10,1,climb,33,0,0,0,False
isolation_forest,0,alt_rate,0.005,14,10,1,cruise,59,0,0,0,False
isolation_forest,0,alt_rate,0.005,14,10,1,descent,1614,31,1,3,False
isolation_forest,0,alt_rate,0.005,14,11,1,overall,2346,0,0,0,False
isolation_forest,0,alt_rate,0.005,14,11,1,climb,539,0,0,0,False
isolation_forest,0,alt_rate,0.005,14,11,1,cruise,891,0,0,0,False
isolation_forest,0,alt_rate,0.005,14,11,1,descent,916,0,0,0,False
isolation_forest,0,alt_rate,0.005,14,12,1,overall,2641,5,1,1,False
isolation_forest,0,alt_rate,0.005,14,12,1,climb,1220,5,1,1,False
isolation_forest,0,alt_rate,0.005,14,12,1,cruise,41,0,0,0,False
isolation_forest,0,alt_rate,0.005,14,12,1,descent,1380,0,0,0,False
isolation_forest,0,alt_rate,0.005,14,13,1,overall,1303,57,1,9,False
isolation_forest,0,alt_rate,0.005,14,13,1,climb,96,21,1,1,False
isolation_forest,0,alt_rate,0.005,14,13,1,cruise,1050,36,1,8,False
isolation_forest,0,alt_rate,0.005,14,13,1,descent,157,0,0,0,False
isolation_forest,0,alt_rate,0.005,14,14,1,overall,2629,1,1,1,False
isolation_forest,0,alt_rate,0.005,14,14,1,climb,563,0,0,0,False
isolation_forest,0,alt_rate,0.005,14,14,1,cruise,1152,0,0,0,False
isolation_forest,0,alt_rate,0.005,14,14,1,descent,914,1,1,1,False
isolation_forest,0,alt_rate,0.005,14,15,1,overall,1930,1,1,1,False
isolation_forest,0,alt_rate,0.005,14,15,1,climb,545,0,0,0,False
isolation_forest,0,alt_rate,0.005,14,15,1,cruise,661,0,0,0,False
isolation_forest,0,alt_rate,0.005,14,15,1,descent,724,1,1,1,False
isolation_forest,0,alt_rate,0.005,14,16,1,overall,1528,5,1,3,False
isolation_forest,0,alt_rate,0.005,14,16,1,climb,495,1,1,1,False
isolation_forest,0,alt_rate,0.005,14,16,1,cruise,475,0,0,0,False
isolation_forest,0,alt_rate,0.005,14,16,1,descent,558,4,1,2,False
isolation_forest,0,alt_rate,0.005,14,17,1,overall,2641,6,1,1,False
isolation_forest,0,alt_rate,0.005,14,17,1,climb,1220,6,1,1,False
isolation_forest,0,alt_rate,0.005,14,17,1,cruise,41,0,0,0,False
isolation_forest,0,alt_rate,0.005,14,17,1,descent,1380,0,0,0,False
isolation_forest,0,alt_rate,0.005,14,18,1,overall,2629,1,1,1,False
isolation_forest,0,alt_rate,0.005,14,18,1,climb,563,0,0,0,False
isolation_forest,0,alt_rate,0.005,14,18,1,cruise,1152,0,0,0,False
isolation_forest,0,alt_rate,0.005,14,18,1,descent,914,1,1,1,False
isolation_forest,0,alt_rate,0.005,14,19,1,overall,1706,31,1,3,False
isolation_forest,0,alt_rate,0.005,14,19,1,climb,33,0,0,0,False
isolation_forest,0,alt_rate,0.005,14,19,1,cruise,59,0,0,0,False
isolation_forest,0,alt_rate,0.005,14,19,1,descent,1614,31,1,3,False
isolation_forest,0,alt_rate,0.005,14,20,1,overall,2629,1,1,1,False
isolation_forest,0,alt_rate,0.005,14,20,1,climb,563,0,0,0,False
isolation_forest,0,alt_rate,0.005,14,20,1,cruise,1152,0,0,0,False
isolation_forest,0,alt_rate,0.005,14,20,1,descent,914,1,1,1,False
isolation_forest,0,alt_rate,0.005,14,21,1,overall,1706,31,1,3,False
isolation_forest,0,alt_rate,0.005,14,21,1,climb,33,0,0,0,False
isolation_forest,0,alt_rate,0.005,14,21,1,cruise,59,0,0,0,False
isolation_forest,0,alt_rate,0.005,14,21,1,descent,1614,31,1,3,False
isolation_forest,0,alt_rate,0.005,14,22,1,overall,1887,15,1,5,False
isolation_forest,0,alt_rate,0.005,14,22,1,climb,262,0,0,0,False
isolation_forest,0,alt_rate,0.005,14,22,1,cruise,1323,10,1,4,False
isolation_forest,0,alt_rate,0.005,14,22,1,descent,302,5,1,1,False
isolation_forest,0,alt_rate,0.005,14,23,1,overall,2629,1,1,1,False
isolation_forest,0,alt_rate,0.005,14,23,1,climb,563,0,0,0,False
isolation_forest,0,alt_rate,0.005,14,23,1,cruise,1152,0,0,0,False
isolation_forest,0,alt_rate,0.005,14,23,1,descent,914,1,1,1,False
isolation_forest,0,alt_rate,0.005,14,24,1,overall,2641,6,1,1,False
isolation_forest,0,alt_rate,0.005,14,24,1,climb,1220,6,1,1,False
isolation_forest,0,alt_rate,0.005,14,24,1,cruise,41,0,0,0,False
isolation_forest,0,alt_rate,0.005,14,24,1,descent,1380,0,0,0,False
isolation_forest,0,alt_rate,0.005,14,25,1,overall,2551,3,1,1,False
isolation_forest,0,alt_rate,0.005,14,25,1,climb,94,3,1,1,False
isolation_forest,0,alt_rate,0.005,14,25,1,cruise,2339,0,0,0,False
isolation_forest,0,alt_rate,0.005,14,25,1,descent,118,0,0,0,False
isolation_forest,0,alt_rate,0.005,14,26,1,overall,2034,6,1,3,False
isolation_forest,0,alt_rate,0.005,14,26,1,climb,129,4,1,2,False
isolation_forest,0,alt_rate,0.005,14,26,1,cruise,1107,0,0,0,False
isolation_forest,0,alt_rate,0.005,14,26,1,descent,798,2,1,1,False
isolation_forest,0,alt_rate,0.005,14,27,1,overall,1887,13,1,5,False
isolation_forest,0,alt_rate,0.005,14,27,1,climb,262,0,0,0,False
isolation_forest,0,alt_rate,0.005,14,27,1,cruise,1323,8,1,4,False
isolation_forest,0,alt_rate,0.005,14,27,1,descent,302,5,1,1,False
isolation_forest,0,alt_rate,0.005,14,28,1,overall,2629,1,1,1,False
isolation_forest,0,alt_rate,0.005,14,28,1,climb,563,0,0,0,False
isolation_forest,0,alt_rate,0.005,14,28,1,cruise,1152,0,0,0,False
isolation_forest,0,alt_rate,0.005,14,28,1,descent,914,1,1,1,False
isolation_forest,0,alt_rate,0.005,14,29,1,overall,1887,20,1,5,False
isolation_forest,0,alt_rate,0.005,14,29,1,climb,262,0,0,0,False
isolation_forest,0,alt_rate,0.005,14,29,1,cruise,1323,14,1,4,False
isolation_forest,0,alt_rate,0.005,14,29,1,descent,302,6,1,1,False
isolation_forest,0,alt_rate,0.005,14,30,1,overall,1528,5,1,3,False
isolation_forest,0,alt_rate,0.005,14,30,1,climb,495,1,1,1,False
isolation_forest,0,alt_rate,0.005,14,30,1,cruise,475,0,0,0,False
isolation_forest,0,alt_rate,0.005,14,30,1,descent,558,4,1,2,False
isolation_forest,0,alt_rate,0.005,14,31,1,overall,2629,1,1,1,False
isolation_forest,0,alt_rate,0.005,14,31,1,climb,563,0,0,0,False
isolation_forest,0,alt_rate,0.005,14,31,1,cruise,1152,0,0,0,False
isolation_forest,0,alt_rate,0.005,14,31,1,descent,914,1,1,1,False
isolation_forest,0,alt_rate,0.005,14,32,1,overall,1006,0,0,0,False
isolation_forest,0,alt_rate,0.005,14,32,1,climb,330,0,0,0,False
isolation_forest,0,alt_rate,0.005,14,32,1,cruise,232,0,0,0,False
isolation_forest,0,alt_rate,0.005,14,32,1,descent,444,0,0,0,False
isolation_forest,0,alt_rate,0.005,14,33,1,overall,1528,4,1,2,False
isolation_forest,0,alt_rate,0.005,14,33,1,climb,495,1,1,1,False
isolation_forest,0,alt_rate,0.005,14,33,1,cruise,475,0,0,0,False
isolation_forest,0,alt_rate,0.005,14,33,1,descent,558,3,1,1,False
isolation_forest,0,alt_rate,0.005,14,34,1,overall,1944,11,1,2,False
isolation_forest,0,alt_rate,0.005,14,34,1,climb,164,0,0,0,False
isolation_forest,0,alt_rate,0.005,14,34,1,cruise,1524,0,0,0,False
isolation_forest,0,alt_rate,0.005,14,34,1,descent,256,11,1,2,False
isolation_forest,0,alt_rate,0.005,14,35,1,overall,1706,31,1,3,False
isolation_forest,0,alt_rate,0.005,14,35,1,climb,33,0,0,0,False
isolation_forest,0,alt_rate,0.005,14,35,1,cruise,59,0,0,0,False
isolation_forest,0,alt_rate,0.005,14,35,1,descent,1614,31,1,3,False
isolation_forest,0,alt_rate,0.005,15,1,2,overall,2669,0,0,0,False
isolation_forest,0,alt_rate,0.005,15,1,2,climb,705,0,0,0,False
isolation_forest,0,alt_rate,0.005,15,1,2,cruise,555,0,0,0,False
isolation_forest,0,alt_rate,0.005,15,1,2,descent,1409,0,0,0,False
isolation_forest,0,alt_rate,0.005,15,2,2,overall,7711,0,0,0,False
isolation_forest,0,alt_rate,0.005,15,2,2,climb,1947,0,0,0,False
isolation_forest,0,alt_rate,0.005,15,2,2,cruise,3098,0,0,0,False
isolation_forest,0,alt_rate,0.005,15,2,2,descent,2666,0,0,0,False
isolation_forest,0,alt_rate,0.005,15,3,2,overall,5503,40,1,15,False
isolation_forest,0,alt_rate,0.005,15,3,2,climb,3076,0,0,0,False
isolation_forest,0,alt_rate,0.005,15,3,2,cruise,995,0,0,0,False
isolation_forest,0,alt_rate,0.005,15,3,2,descent,1432,40,1,15,False
isolation_forest,0,alt_rate,0.005,15,4,2,overall,6372,29,1,3,False
isolation_forest,0,alt_rate,0.005,15,4,2,climb,2890,24,1,1,False
isolation_forest,0,alt_rate,0.005,15,4,2,cruise,2106,0,0,0,False
isolation_forest,0,alt_rate,0.005,15,4,2,descent,1376,5,1,2,False
isolation_forest,0,alt_rate,0.005,15,5,2,overall,6075,0,0,0,False
isolation_forest,0,alt_rate,0.005,15,5,2,climb,1898,0,0,0,False
isolation_forest,0,alt_rate,0.005,15,5,2,cruise,2050,0,0,0,False
isolation_forest,0,alt_rate,0.005,15,5,2,descent,2127,0,0,0,False
isolation_forest,0,alt_rate,0.005,15,6,2,overall,9157,77,1,16,False
isolation_forest,0,alt_rate,0.005,15,6,2,climb,3768,1,1,1,False
isolation_forest,0,alt_rate,0.005,15,6,2,cruise,2226,0,0,0,False
isolation_forest,0,alt_rate,0.005,15,6,2,descent,3163,76,1,15,False
isolation_forest,0,alt_rate,0.005,15,7,2,overall,5892,47,1,11,False
isolation_forest,0,alt_rate,0.005,15,7,2,climb,3460,9,1,2,False
isolation_forest,0,alt_rate,0.005,15,7,2,cruise,1497,0,0,0,False
isolation_forest,0,alt_rate,0.005,15,7,2,descent,935,38,1,9,False
isolation_forest,0,alt_rate,0.005,15,8,2,overall,4015,0,0,0,False
isolation_forest,0,alt_rate,0.005,15,8,2,climb,913,0,0,0,False
isolation_forest,0,alt_rate,0.005,15,8,2,cruise,973,0,0,0,False
isolation_forest,0,alt_rate,0.005,15,8,2,descent,2129,0,0,0,False
isolation_forest,0,alt_rate,0.005,15,9,2,overall,8714,102,1,29,False
isolation_forest,0,alt_rate,0.005,15,9,2,climb,2654,0,0,0,False
isolation_forest,0,alt_rate,0.005,15,9,2,cruise,4350,12,1,7,False
isolation_forest,0,alt_rate,0.005,15,9,2,descent,1710,90,1,23,False
isolation_forest,0,alt_rate,0.005,15,10,2,overall,5218,0,0,0,False
isolation_forest,0,alt_rate,0.005,15,10,2,climb,2880,0,0,0,False
isolation_forest,0,alt_rate,0.005,15,10,2,cruise,758,0,0,0,False
isolation_forest,0,alt_rate,0.005,15,10,2,descent,1580,0,0,0,False
isolation_forest,0,alt_rate,0.005,15,11,2,overall,6001,33,1,3,False
isolation_forest,0,alt_rate,0.005,15,11,2,climb,2567,0,0,0,False
isolation_forest,0,alt_rate,0.005,15,11,2,cruise,1521,0,0,0,False
isolation_forest,0,alt_rate,0.005,15,11,2,descent,1913,33,1,3,False
isolation_forest,0,alt_rate,0.005,15,12,2,overall,8363,0,0,0,False
isolation_forest,0,alt_rate,0.005,15,12,2,climb,2146,0,0,0,False
isolation_forest,0,alt_rate,0.005,15,12,2,cruise,2656,0,0,0,False
isolation_forest,0,alt_rate,0.005,15,12,2,descent,3561,0,0,0,False
isolation_forest,0,alt_rate,0.005,15,13,2,overall,5761,0,0,0,False
isolation_forest,0,alt_rate,0.005,15,13,2,climb,1955,0,0,0,False
isolation_forest,0,alt_rate,0.005,15,13,2,cruise,2104,0,0,0,False
isolation_forest,0,alt_rate,0.005,15,13,2,descent,1702,0,0,0,False
isolation_forest,0,alt_rate,0.005,15,14,2,overall,6942,1,1,1,False
isolation_forest,0,alt_rate,0.005,15,14,2,climb,2466,1,1,1,False
isolation_forest,0,alt_rate,0.005,15,14,2,cruise,2580,0,0,0,False
isolation_forest,0,alt_rate,0.005,15,14,2,descent,1896,0,0,0,False
isolation_forest,0,alt_rate,0.005,15,15,2,overall,8154,31,1,9,False
isolation_forest,0,alt_rate,0.005,15,15,2,climb,2342,0,0,0,False
isolation_forest,0,alt_rate,0.005,15,15,2,cruise,2353,4,1,3,False
isolation_forest,0,alt_rate,0.005,15,15,2,descent,3459,27,1,6,False
isolation_forest,0,alt_rate,0.005,15,16,2,overall,5218,1,1,1,False
isolation_forest,0,alt_rate,0.005,15,16,2,climb,2880,1,1,1,False
isolation_forest,0,alt_rate,0.005,15,16,2,cruise,758,0,0,0,False
isolation_forest,0,alt_rate,0.005,15,16,2,descent,1580,0,0,0,False
isolation_forest,0,alt_rate,0.005,15,17,2,overall,5804,0,0,0,False
isolation_forest,0,alt_rate,0.005,15,17,2,climb,2122,0,0,0,False
isolation_forest,0,alt_rate,0.005,15,17,2,cruise,1784,0,0,0,False
isolation_forest,0,alt_rate,0.005,15,17,2,descent,1898,0,0,0,False
isolation_forest,0,alt_rate,0.005,15,18,2,overall,8154,27,1,14,False
isolation_forest,0,alt_rate,0.005,15,18,2,climb,2342,0,0,0,False
isolation_forest,0,alt_rate,0.005,15,18,2,cruise,2353,5,1,4,False
isolation_forest,0,alt_rate,0.005,15,18,2,descent,3459,22,1,10,False
isolation_forest,0,alt_rate,0.005,15,19,2,overall,6782,95,1,38,False
isolation_forest,0,alt_rate,0.005,15,19,2,climb,3211,0,0,0,False
isolation_forest,0,alt_rate,0.005,15,19,2,cruise,567,2,1,2,False
isolation_forest,0,alt_rate,0.005,15,19,2,descent,3004,93,1,36,False
isolation_forest,0,alt_rate,0.005,15,20,2,overall,6265,1,1,1,False
isolation_forest,0,alt_rate,0.005,15,20,2,climb,1427,0,0,0,False
isolation_forest,0,alt_rate,0.005,15,20,2,cruise,2185,0,0,0,False
isolation_forest,0,alt_rate,0.005,15,20,2,descent,2653,1,1,1,False
isolation_forest,0,alt_rate,0.005,15,21,2,overall,6381,0,0,0,False
isolation_forest,0,alt_rate,0.005,15,21,2,climb,1431,0,0,0,False
isolation_forest,0,alt_rate,0.005,15,21,2,cruise,1684,0,0,0,False
isolation_forest,0,alt_rate,0.005,15,21,2,descent,3266,0,0,0,False
isolation_forest,0,alt_rate,0.005,15,22,2,overall,5501,60,1,23,False
isolation_forest,0,alt_rate,0.005,15,22,2,climb,2711,3,1,3,False
isolation_forest,0,alt_rate,0.005,15,22,2,cruise,1270,0,0,0,False
isolation_forest,0,alt_rate,0.005,15,22,2,descent,1520,57,1,20,False
isolation_forest,0,alt_rate,0.005,15,23,2,overall,6887,1,1,1,False
isolation_forest,0,alt_rate,0.005,15,23,2,climb,2052,0,0,0,False
isolation_forest,0,alt_rate,0.005,15,23,2,cruise,2880,0,0,0,False
isolation_forest,0,alt_rate,0.005,15,23,2,descent,1955,1,1,1,False
isolation_forest,0,alt_rate,0.01,11,1,3,overall,11007,46,1,16,True
isolation_forest,0,alt_rate,0.01,11,1,3,climb,2930,1,1,1,True
isolation_forest,0,alt_rate,0.01,11,1,3,cruise,3885,13,1,5,True
isolation_forest,0,alt_rate,0.01,11,1,3,descent,4192,32,1,10,True
isolation_forest,0,alt_rate,0.01,11,2,3,overall,17636,101,1,27,True
isolation_forest,0,alt_rate,0.01,11,2,3,climb,3879,6,1,1,True
isolation_forest,0,alt_rate,0.01,11,2,3,cruise,9869,33,1,8,True
isolation_forest,0,alt_rate,0.01,11,2,3,descent,3888,62,1,18,True
isolation_forest,0,alt_rate,0.01,11,3,3,overall,9831,146,1,27,True
isolation_forest,0,alt_rate,0.01,11,3,3,climb,2327,2,1,1,True
isolation_forest,0,alt_rate,0.01,11,3,3,cruise,2755,16,1,5,True
isolation_forest,0,alt_rate,0.01,11,3,3,descent,4749,128,1,21,True
isolation_forest,0,alt_rate,0.01,11,4,3,overall,13140,66,1,14,True
isolation_forest,0,alt_rate,0.01,11,4,3,climb,3297,3,1,1,True
isolation_forest,0,alt_rate,0.01,11,4,3,cruise,6273,0,0,0,True
isolation_forest,0,alt_rate,0.01,11,4,3,descent,3570,63,1,13,True
isolation_forest,0,alt_rate,0.01,11,5,3,overall,13751,211,1,30,True
isolation_forest,0,alt_rate,0.01,11,5,3,climb,2298,4,1,1,True
isolation_forest,0,alt_rate,0.01,11,5,3,cruise,6278,28,1,5,True
isolation_forest,0,alt_rate,0.01,11,5,3,descent,5175,179,1,24,True
isolation_forest,0,alt_rate,0.01,11,6,3,overall,11689,150,1,43,True
isolation_forest,0,alt_rate,0.01,11,6,3,climb,1743,0,0,0,True
isolation_forest,0,alt_rate,0.01,11,6,3,cruise,6205,23,1,10,True
isolation_forest,0,alt_rate,0.01,11,6,3,descent,3741,127,1,33,True
isolation_forest,0,alt_rate,0.01,11,7,3,overall,11007,51,1,18,True
isolation_forest,0,alt_rate,0.01,11,7,3,climb,2930,3,1,2,True
isolation_forest,0,alt_rate,0.01,11,7,3,cruise,3885,14,1,5,True
isolation_forest,0,alt_rate,0.01,11,7,3,descent,4192,34,1,11,True
isolation_forest,0,alt_rate,0.01,11,8,3,overall,8826,85,1,19,True
isolation_forest,0,alt_rate,0.01,11,8,3,climb,4070,1,1,1,True
isolation_forest,0,alt_rate,0.01,11,8,3,cruise,3030,0,0,0,True
isolation_forest,0,alt_rate,0.01,11,8,3,descent,1726,84,1,18,True
isolation_forest,0,alt_rate,0.01,11,9,3,overall,8928,39,1,15,True
isolation_forest,0,alt_rate,0.01,11,9,3,climb,2568,3,1,2,True
isolation_forest,0,alt_rate,0.01,11,9,3,cruise,3414,0,0,0,True
isolation_forest,0,alt_rate,0.01,11,9,3,descent,2946,36,1,13,True
isolation_forest,0,alt_rate,0.01,11,10,3,overall,13940,79,1,9,True
isolation_forest,0,alt_rate,0.01,11,10,3,climb,4340,6,1,1,True
isolation_forest,0,alt_rate,0.01,11,10,3,cruise,5054,0,0,0,True
isolation_forest,0,alt_rate,0.01,11,10,3,descent,4546,73,1,8,True
isolation_forest,0,alt_rate,0.01,11,11,3,overall,13751,188,1,25,True
isolation_forest,0,alt_rate,0.01,11,11,3,climb,2298,4,1,1,True
isolation_forest,0,alt_rate,0.01,11,11,3,cruise,6278,35,1,6,True
isolation_forest,0,alt_rate,0.01,11,11,3,descent,5175,149,1,18,True
isolation_forest,0,alt_rate,0.01,11,12,3,overall,14346,65,1,15,True
isolation_forest,0,alt_rate,0.01,11,12,3,climb,3497,24,1,8,True
isolation_forest,0,alt_rate,0.01,11,12,3,cruise,6768,1,1,1,True
isolation_forest,0,alt_rate,0.01,11,12,3,descent,4081,40,1,6,True
isolation_forest,0,alt_rate,0.01,11,13,3,overall,10704,48,1,17,True
isolation_forest,0,alt_rate,0.01,11,13,3,climb,3236,8,1,1,True
isolation_forest,0,alt_rate,0.01,11,13,3,cruise,4152,16,1,7,True
isolation_forest,0,alt_rate,0.01,11,13,3,descent,3316,24,1,9,True
isolation_forest,0,alt_rate,0.01,11,14,3,overall,11573,134,1,22,True
isolation_forest,0,alt_rate,0.01,11,14,3,climb,3665,0,0,0,True
isolation_forest,0,alt_rate,0.01,11,14,3,cruise,3719,3,1,2,True
isolation_forest,0,alt_rate,0.01,11,14,3,descent,4189,131,1,20,True
isolation_forest,0,alt_rate,0.01,11,15,3,overall,7701,429,1,53,True
isolation_forest,0,alt_rate,0.01,11,15,3,climb,2453,4,1,2,True
isolation_forest,0,alt_rate,0.01,11,15,3,cruise,1248,0,0,0,True
isolation_forest,0,alt_rate,0.01,11,15,3,descent,4000,425,1,51,True
isolation_forest,0,alt_rate,0.01,11,16,3,overall,11457,61,1,22,True
isolation_forest,0,alt_rate,0.01,11,16,3,climb,3793,0,0,0,True
isolation_forest,0,alt_rate,0.01,11,16,3,cruise,4388,0,0,0,True
isolation_forest,0,alt_rate,0.01,11,16,3,descent,3276,61,1,22,True
isolation_forest,0,alt_rate,0.01,11,17,3,overall,11457,64,1,16,True
isolation_forest,0,alt_rate,0.01,11,17,3,climb,3793,0,0,0,True
isolation_forest,0,alt_rate,0.01,11,17,3,cruise,4388,0,0,0,True
isolation_forest,0,alt_rate,0.01,11,17,3,descent,3276,64,1,16,True
isolation_forest,0,alt_rate,0.01,11,18,3,overall,12562,40,1,18,True
isolation_forest,0,alt_rate,0.01,11,18,3,climb,5390,1,1,1,True
isolation_forest,0,alt_rate,0.01,11,18,3,cruise,2282,0,0,0,True
isolation_forest,0,alt_rate,0.01,11,18,3,descent,4890,39,1,17,True
isolation_forest,0,alt_rate,0.01,14,1,1,overall,2551,8,1,3,False
isolation_forest,0,alt_rate,0.01,14,1,1,climb,94,5,1,1,False
isolation_forest,0,alt_rate,0.01,14,1,1,cruise,2339,0,0,0,False
isolation_forest,0,alt_rate,0.01,14,1,1,descent,118,3,1,2,False
isolation_forest,0,alt_rate,0.01,14,2,1,overall,1528,21,1,9,False
isolation_forest,0,alt_rate,0.01,14,2,1,climb,495,1,1,1,False
isolation_forest,0,alt_rate,0.01,14,2,1,cruise,475,0,0,0,False
isolation_forest,0,alt_rate,0.01,14,2,1,descent,558,20,1,8,False
isolation_forest,0,alt_rate,0.01,14,3,1,overall,1887,27,1,6,False
isolation_forest,0,alt_rate,0.01,14,3,1,climb,262,0,0,0,False
isolation_forest,0,alt_rate,0.01,14,3,1,cruise,1323,18,1,5,False
isolation_forest,0,alt_rate,0.01,14,3,1,descent,302,9,1,1,False
isolation_forest,0,alt_rate,0.01,14,4,1,overall,1303,116,1,19,False
isolation_forest,0,alt_rate,0.01,14,4,1,climb,96,26,1,2,False
isolation_forest,0,alt_rate,0.01,14,4,1,cruise,1050,89,1,16,False
isolation_forest,0,alt_rate,0.01,14,4,1,descent,157,1,1,1,False
isolation_forest,0,alt_rate,0.01,14,5,1,overall,2641,10,1,3,False
isolation_forest,0,alt_rate,0.01,14,5,1,climb,1220,8,1,1,False
isolation_forest,0,alt_rate,0.01,14,5,1,cruise,41,0,0,0,False
isolation_forest,0,alt_rate,0.01,14,5,1,descent,1380,2,1,2,False
isolation_forest,0,alt_rate,0.01,14,6,1,overall,2918,18,1,7,False
isolation_forest,0,alt_rate,0.01,14,6,1,climb,265,7,1,2,False
isolation_forest,0,alt_rate,0.01,14,6,1,cruise,1361,1,1,1,False
isolation_forest,0,alt_rate,0.01,14,6,1,descent,1292,10,1,4,False
isolation_forest,0,alt_rate,0.01,14,7,1,overall,1303,115,1,19,False
isolation_forest,0,alt_rate,0.01,14,7,1,climb,96,26,1,2,False
isolation_forest,0,alt_rate,0.01,14,7,1,cruise,1050,88,1,16,False
isolation_forest,0,alt_rate,0.01,14,7,1,descent,157,1,1,1,False
isolation_forest,0,alt_rate,0.01,14,8,1,overall,2551,8,1,3,False
isolation_forest,0,alt_rate,0.01,14,8,1,climb,94,5,1,1,False
isolation_forest,0,alt_rate,0.01,14,8,1,cruise,2339,0,0,0,False
isolation_forest,0,alt_rate,0.01,14,8,1,descent,118,3,1,2,False
isolation_forest,0,alt_rate,0.01,14,9,1,overall,1706,34,1,4,False
isolation_forest,0,alt_rate,0.01,14,9,1,climb,33,0,0,0,False
isolation_forest,0,alt_rate,0.01,14,9,1,cruise,59,0,0,0,False
isolation_forest,0,alt_rate,0.01,14,9,1,descent,1614,34,1,4,False
isolation_forest,0,alt_rate,0.01,14,10,1,overall,1706,33,1,3,False
isolation_forest,0,alt_rate,0.01,14,10,1,climb,33,0,0,0,False
isolation_forest,0,alt_rate,0.01,14,10,1,cruise,59,0,0,0,False
isolation_forest,0,alt_rate,0.01,14,10,1,descent,1614,33,1,3,False
isolation_forest,0,alt_rate,0.01,14,11,1,overall,2346,29,1,3,False
isolation_forest,0,alt_rate,0.01,14,11,1,climb,539,3,1,2,False
isolation_forest,0,alt_rate,0.01,14,11,1,cruise,891,0,0,0,False
isolation_forest,0,alt_rate,0.01,14,11,1,descent,916,26,1,1,False
isolation_forest,0,alt_rate,0.01,14,12,1,overall,2641,9,1,2,False
isolation_forest,0,alt_rate,0.01,14,12,1,climb,1220,9,1,2,False
isolation_forest,0,alt_rate,0.01,14,12,1,cruise,41,0,0,0,False
isolation_forest,0,alt_rate,0.01,14,12,1,descent,1380,0,0,0,False
isolation_forest,0,alt_rate,0.01,14,13,1,overall,1303,131,1,20,False
isolation_forest,0,alt_rate,0.01,14,13,1,climb,96,25,1,2,False
isolation_forest,0,alt_rate,0.01,14,13,1,cruise,1050,105,1,17,False
isolation_forest,0,alt_rate,0.01,14,13,1,descent,157,1,1,1,False
isolation_forest,0,alt_rate,0.01,14,14,1,overall,2629,30,1,8,False
isolation_forest,0,alt_rate,0.01,14,14,1,climb,563,0,0,0,False
isolation_forest,0,alt_rate,0.01,14,14,1,cruise,1152,0,0,0,False
isolation_forest,0,alt_rate,0.01,14,14,1,descent,914,30,1,8,False
isolation_forest,0,alt_rate,0.01,14,15,1,overall,1930,2,1,1,False
isolation_forest,0,alt_rate,0.01,14,15,1,climb,545,0,0,0,False
isolation_forest,0,alt_rate,0.01,14,15,1,cruise,661,0,0,0,False
isolation_forest,0,alt_rate,0.01,14,15,1,descent,724,2,1,1,False
isolation_forest,0,alt_rate,0.01,14,16,1,overall,1528,24,1,10,False
isolation_forest,0,alt_rate,0.01,14,16,1,climb,495,2,1,1,False
isolation_forest,0,alt_rate,0.01,14,16,1,cruise,475,0,0,0,False
isolation_forest,0,alt_rate,0.01,14,16,1,descent,558,22,1,9,False
isolation_forest,0,alt_rate,0.01,14,17,1,overall,2641,9,1,2,False
isolation_forest,0,alt_rate,0.01,14,17,1,climb,1220,9,1,2,False
isolation_forest,0,alt_rate,0.01,14,17,1,cruise,41,0,0,0,False
isolation_forest,0,alt_rate,0.01,14,17,1,descent,1380,0,0,0,False
isolation_forest,0,alt_rate,0.01,14,18,1,overall,2629,8,1,6,False
isolation_forest,0,alt_rate,0.01,14,18,1,climb,563,0,0,0,False
isolation_forest,0,alt_rate,0.01,14,18,1,cruise,1152,0,0,0,False
isolation_forest,0,alt_rate,0.01,14,18,1,descent,914,8,1,6,False
isolation_forest,0,alt_rate,0.01,14,19,1,overall,1706,34,1,4,False
isolation_forest,0,alt_rate,0.01,14,19,1,climb,33,0,0,0,False
isolation_forest,0,alt_rate,0.01,14,19,1,cruise,59,0,0,0,False
isolation_forest,0,alt_rate,0.01,14,19,1,descent,1614,34,1,4,False
isolation_forest,0,alt_rate,0.01,14,20,1,overall,2629,30,1,10,False
isolation_forest,0,alt_rate,0.01,14,20,1,climb,563,0,0,0,False
isolation_forest,0,alt_rate,0.01,14,20,1,cruise,1152,0,0,0,False
isolation_forest,0,alt_rate,0.01,14,20,1,descent,914,30,1,10,False
isolation_forest,0,alt_rate,0.01,14,21,1,overall,1706,34,1,4,False
isolation_forest,0,alt_rate,0.01,14,21,1,climb,33,0,0,0,False
isolation_forest,0,alt_rate,0.01,14,21,1,cruise,59,0,0,0,False
isolation_forest,0,alt_rate,0.01,14,21,1,descent,1614,34,1,4,False
isolation_forest,0,alt_rate,0.01,14,22,1,overall,1887,29,1,9,False
isolation_forest,0,alt_rate,0.01,14,22,1,climb,262,1,1,1,False
isolation_forest,0,alt_rate,0.01,14,22,1,cruise,1323,20,1,7,False
isolation_forest,0,alt_rate,0.01,14,22,1,descent,302,8,1,1,False
isolation_forest,0,alt_rate,0.01,14,23,1,overall,2629,19,1,11,False
isolation_forest,0,alt_rate,0.01,14,23,1,climb,563,0,0,0,False
isolation_forest,0,alt_rate,0.01,14,23,1,cruise,1152,0,0,0,False
isolation_forest,0,alt_rate,0.01,14,23,1,descent,914,19,1,11,False
isolation_forest,0,alt_rate,0.01,14,24,1,overall,2641,10,1,1,False
isolation_forest,0,alt_rate,0.01,14,24,1,climb,1220,10,1,1,False
isolation_forest,0,alt_rate,0.01,14,24,1,cruise,41,0,0,0,False
isolation_forest,0,alt_rate,0.01,14,24,1,descent,1380,0,0,0,False
isolation_forest,0,alt_rate,0.01,14,25,1,overall,2551,12,1,4,False
isolation_forest,0,alt_rate,0.01,14,25,1,climb,94,8,1,1,False
isolation_forest,0,alt_rate,0.01,14,25,1,cruise,2339,0,0,0,False
isolation_forest,0,alt_rate,0.01,14,25,1,descent,118,4,1,3,False
isolation_forest,0,alt_rate,0.01,14,26,1,overall,2034,17,1,5,False
isolation_forest,0,alt_rate,0.01,14,26,1,climb,129,13,1,3,False
isolation_forest,0,alt_rate,0.01,14,26,1,cruise,1107,0,0,0,False
isolation_forest,0,alt_rate,0.01,14,26,1,descent,798,4,1,2,False
isolation_forest,0,alt_rate,0.01,14,27,1,overall,1887,28,1,8,False
isolation_forest,0,alt_rate,0.01,14,27,1,climb,262,1,1,1,False
isolation_forest,0,alt_rate,0.01,14,27,1,cruise,1323,19,1,6,False
isolation_forest,0,alt_rate,0.01,14,27,1,descent,302,8,1,1,False
isolation_forest,0,alt_rate,0.01,14,28,1,overall,2629,47,1,10,False
isolation_forest,0,alt_rate,0.01,14,28,1,climb,563,0,0,0,False
isolation_forest,0,alt_rate,0.01,14,28,1,cruise,1152,0,0,0,False
isolation_forest,0,alt_rate,0.01,14,28,1,descent,914,47,1,10,False
isolation_forest,0,alt_rate,0.01,14,29,1,overall,1887,44,1,13,False
isolation_forest,0,alt_rate,0.01,14,29,1,climb,262,6,1,5,False
isolation_forest,0,alt_rate,0.01,14,29,1,cruise,1323,26,1,7,False
isolation_forest,0,alt_rate,0.01,14,29,1,descent,302,12,1,1,False
isolation_forest,0,alt_rate,0.01,14,30,1,overall,1528,84,1,27,False
isolation_forest,0,alt_rate,0.01,14,30,1,climb,495,6,1,1,False
isolation_forest,0,alt_rate,0.01,14,30,1,cruise,475,0,0,0,False
isolation_forest,0,alt_rate,0.01,14,30,1,descent,558,78,1,26,False
isolation_forest,0,alt_rate,0.01,14,31,1,overall,2629,59,1,11,False
isolation_forest,0,alt_rate,0.01,14,31,1,climb,563,0,0,0,False
isolation_forest,0,alt_rate,0.01,14,31,1,cruise,1152,0,0,0,False
isolation_forest,0,alt_rate,0.01,14,31,1,descent,914,59,1,11,False
isolation_forest,0,alt_rate,0.01,14,32,1,overall,1006,7,1,4,False
isolation_forest,0,alt_rate,0.01,14,32,1,climb,330,4,1,3,False
isolation_forest,0,alt_rate,0.01,14,32,1,cruise,232,0,0,0,False
isolation_forest,0,alt_rate,0.01,14,32,1,descent,444,3,1,1,False
isolation_forest,0,alt_rate,0.01,14,33,1,overall,1528,105,1,37,False
isolation_forest,0,alt_rate,0.01,14,33,1,climb,495,6,1,1,False
isolation_forest,0,alt_rate,0.01,14,33,1,cruise,475,0,0,0,False
isolation_forest,0,alt_rate,0.01,14,33,1,descent,558,99,1,36,False
isolation_forest,0,alt_rate,0.01,14,34,1,overall,1944,69,1,9,False
isolation_forest,0,alt_rate,0.01,14,34,1,climb,164,1,1,1,False
isolation_forest,0,alt_rate,0.01,14,34,1,cruise,1524,6,1,3,False
isolation_forest,0,alt_rate,0.01,14,34,1,descent,256,62,1,5,False
isolation_forest,0,alt_rate,0.01,14,35,1,overall,1706,39,1,5,False
isolation_forest,0,alt_rate,0.01,14,35,1,climb,33,1,1,1,False
isolation_forest,0,alt_rate,0.01,14,35,1,cruise,59,0,0,0,False
isolation_forest,0,alt_rate,0.01,14,35,1,descent,1614,38,1,4,False
isolation_forest,0,alt_rate,0.01,15,1,2,overall,2669,97,1,12,False
isolation_forest,0,alt_rate,0.01,15,1,2,climb,705,0,0,0,False
isolation_forest,0,alt_rate,0.01,15,1,2,cruise,555,0,0,0,False
isolation_forest,0,alt_rate,0.01,15,1,2,descent,1409,97,1,12,False
isolation_forest,0,alt_rate,0.01,15,2,2,overall,7711,1,1,1,False
isolation_forest,0,alt_rate,0.01,15,2,2,climb,1947,1,1,1,False
isolation_forest,0,alt_rate,0.01,15,2,2,cruise,3098,0,0,0,False
isolation_forest,0,alt_rate,0.01,15,2,2,descent,2666,0,0,0,False
isolation_forest,0,alt_rate,0.01,15,3,2,overall,5503,130,1,33,False
isolation_forest,0,alt_rate,0.01,15,3,2,climb,3076,0,0,0,False
isolation_forest,0,alt_rate,0.01,15,3,2,cruise,995,0,0,0,False
isolation_forest,0,alt_rate,0.01,15,3,2,descent,1432,130,1,33,False
isolation_forest,0,alt_rate,0.01,15,4,2,overall,6372,69,1,11,False
isolation_forest,0,alt_rate,0.01,15,4,2,climb,2890,26,1,1,False
isolation_forest,0,alt_rate,0.01,15,4,2,cruise,2106,0,0,0,False
isolation_forest,0,alt_rate,0.01,15,4,2,descent,1376,43,1,10,False
isolation_forest,0,alt_rate,0.01,15,5,2,overall,6075,8,1,3,False
isolation_forest,0,alt_rate,0.01,15,5,2,climb,1898,5,1,2,False
isolation_forest,0,alt_rate,0.01,15,5,2,cruise,2050,0,0,0,False
isolation_forest,0,alt_rate,0.01,15,5,2,descent,2127,3,1,1,False
isolation_forest,0,alt_rate,0.01,15,6,2,overall,9157,92,1,10,False
isolation_forest,0,alt_rate,0.01,15,6,2,climb,3768,1,1,1,False
isolation_forest,0,alt_rate,0.01,15,6,2,cruise,2226,0,0,0,False
isolation_forest,0,alt_rate,0.01,15,6,2,descent,3163,91,1,9,False
isolation_forest,0,alt_rate,0.01,15,7,2,overall,5892,138,1,18,False
isolation_forest,0,alt_rate,0.01,15,7,2,climb,3460,15,1,4,False
isolation_forest,0,alt_rate,0.01,15,7,2,cruise,1497,0,0,0,False
isolation_forest,0,alt_rate,0.01,15,7,2,descent,935,123,1,14,False
isolation_forest,0,alt_rate,0.01,15,8,2,overall,4015,7,1,4,False
isolation_forest,0,alt_rate,0.01,15,8,2,climb,913,4,1,1,False
isolation_forest,0,alt_rate,0.01,15,8,2,cruise,973,0,0,0,False
isolation_forest,0,alt_rate,0.01,15,8,2,descent,2129,3,1,3,False
isolation_forest,0,alt_rate,0.01,15,9,2,overall,8714,125,1,26,False
isolation_forest,0,alt_rate,0.01,15,9,2,climb,2654,4,1,1,False
isolation_forest,0,alt_rate,0.01,15,9,2,cruise,4350,18,1,12,False
isolation_forest,0,alt_rate,0.01,15,9,2,descent,1710,103,1,14,False
isolation_forest,0,alt_rate,0.01,15,10,2,overall,5218,7,1,5,False
isolation_forest,0,alt_rate,0.01,15,10,2,climb,2880,3,1,1,False
isolation_forest,0,alt_rate,0.01,15,10,2,cruise,758,0,0,0,False
isolation_forest,0,alt_rate,0.01,15,10,2,descent,1580,4,1,4,False
isolation_forest,0,alt_rate,0.01,15,11,2,overall,6001,45,1,9,False
isolation_forest,0,alt_rate,0.01,15,11,2,climb,2567,4,1,1,False
isolation_forest,0,alt_rate,0.01,15,11,2,cruise,1521,0,0,0,False
isolation_forest,0,alt_rate,0.01,15,11,2,descent,1913,41,1,8,False
isolation_forest,0,alt_rate,0.01,15,12,2,overall,8363,30,1,8,False
isolation_forest,0,alt_rate,0.01,15,12,2,climb,2146,0,0,0,False
isolation_forest,0,alt_rate,0.01,15,12,2,cruise,2656,0,0,0,False
isolation_forest,0,alt_rate,0.01,15,12,2,descent,3561,30,1,8,False
isolation_forest,0,alt_rate,0.01,15,13,2,overall,5761,2,1,2,False
isolation_forest,0,alt_rate,0.01,15,13,2,climb,1955,0,0,0,False
isolation_forest,0,alt_rate,0.01,15,13,2,cruise,2104,0,0,0,False
isolation_forest,0,alt_rate,0.01,15,13,2,descent,1702,2,1,2,False
isolation_forest,0,alt_rate,0.01,15,14,2,overall,6942,9,1,2,False
isolation_forest,0,alt_rate,0.01,15,14,2,climb,2466,8,1,1,False
isolation_forest,0,alt_rate,0.01,15,14,2,cruise,2580,0,0,0,False
isolation_forest,0,alt_rate,0.01,15,14,2,descent,1896,1,1,1,False
isolation_forest,0,alt_rate,0.01,15,15,2,overall,8154,154,1,19,False
isolation_forest,0,alt_rate,0.01,15,15,2,climb,2342,4,1,1,False
isolation_forest,0,alt_rate,0.01,15,15,2,cruise,2353,7,1,5,False
isolation_forest,0,alt_rate,0.01,15,15,2,descent,3459,143,1,13,False
isolation_forest,0,alt_rate,0.01,15,16,2,overall,5218,6,1,4,False
isolation_forest,0,alt_rate,0.01,15,16,2,climb,2880,3,1,1,False
isolation_forest,0,alt_rate,0.01,15,16,2,cruise,758,0,0,0,False
isolation_forest,0,alt_rate,0.01,15,16,2,descent,1580,3,1,3,False
isolation_forest,0,alt_rate,0.01,15,17,2,overall,5804,9,1,8,False
isolation_forest,0,alt_rate,0.01,15,17,2,climb,2122,1,1,1,False
isolation_forest,0,alt_rate,0.01,15,17,2,cruise,1784,0,0,0,False
isolation_forest,0,alt_rate,0.01,15,17,2,descent,1898,8,1,7,False
isolation_forest,0,alt_rate,0.01,15,18,2,overall,8154,113,1,35,False
isolation_forest,0,alt_rate,0.01,15,18,2,climb,2342,4,1,1,False
isolation_forest,0,alt_rate,0.01,15,18,2,cruise,2353,8,1,6,False
isolation_forest,0,alt_rate,0.01,15,18,2,descent,3459,101,1,28,False
isolation_forest,0,alt_rate,0.01,15,19,2,overall,6782,173,1,37,False
isolation_forest,0,alt_rate,0.01,15,19,2,climb,3211,0,0,0,False
isolation_forest,0,alt_rate,0.01,15,19,2,cruise,567,10,1,8,False
isolation_forest,0,alt_rate,0.01,15,19,2,descent,3004,163,1,29,False
isolation_forest,0,alt_rate,0.01,15,20,2,overall,6265,5,1,1,False
isolation_forest,0,alt_rate,0.01,15,20,2,climb,1427,0,0,0,False
isolation_forest,0,alt_rate,0.01,15,20,2,cruise,2185,0,0,0,False
isolation_forest,0,alt_rate,0.01,15,20,2,descent,2653,5,1,1,False
isolation_forest,0,alt_rate,0.01,15,21,2,overall,6381,11,1,6,False
isolation_forest,0,alt_rate,0.01,15,21,2,climb,1431,0,0,0,False
isolation_forest,0,alt_rate,0.01,15,21,2,cruise,1684,0,0,0,False
isolation_forest,0,alt_rate,0.01,15,21,2,descent,3266,11,1,6,False
isolation_forest,0,alt_rate,0.01,15,22,2,overall,5501,77,1,20,False
isolation_forest,0,alt_rate,0.01,15,22,2,climb,2711,9,1,4,False
isolation_forest,0,alt_rate,0.01,15,22,2,cruise,1270,0,0,0,False
isolation_forest,0,alt_rate,0.01,15,22,2,descent,1520,68,1,16,False
isolation_forest,0,alt_rate,0.01,15,23,2,overall,6887,82,1,15,False
isolation_forest,0,alt_rate,0.01,15,23,2,climb,2052,4,1,2,False
isolation_forest,0,alt_rate,0.01,15,23,2,cruise,2880,0,0,0,False
isolation_forest,0,alt_rate,0.01,15,23,2,descent,1955,78,1,13,False
isolation_forest,0,alt_rate,0.02,11,1,3,overall,11007,97,1,30,True
isolation_forest,0,alt_rate,0.02,11,1,3,climb,2930,6,1,1,True
isolation_forest,0,alt_rate,0.02,11,1,3,cruise,3885,22,1,8,True
isolation_forest,0,alt_rate,0.02,11,1,3,descent,4192,69,1,21,True
isolation_forest,0,alt_rate,0.02,11,2,3,overall,17636,136,1,28,True
isolation_forest,0,alt_rate,0.02,11,2,3,climb,3879,9,1,1,True
isolation_forest,0,alt_rate,0.02,11,2,3,cruise,9869,39,1,4,True
isolation_forest,0,alt_rate,0.02,11,2,3,descent,3888,88,1,23,True
isolation_forest,0,alt_rate,0.02,11,3,3,overall,9831,516,1,57,True
isolation_forest,0,alt_rate,0.02,11,3,3,climb,2327,16,1,1,True
isolation_forest,0,alt_rate,0.02,11,3,3,cruise,2755,22,1,4,True
isolation_forest,0,alt_rate,0.02,11,3,3,descent,4749,478,1,52,True
isolation_forest,0,alt_rate,0.02,11,4,3,overall,13140,106,1,24,True
isolation_forest,0,alt_rate,0.02,11,4,3,climb,3297,7,1,2,True
isolation_forest,0,alt_rate,0.02,11,4,3,cruise,6273,0,0,0,True
isolation_forest,0,alt_rate,0.02,11,4,3,descent,3570,99,1,22,True
isolation_forest,0,alt_rate,0.02,11,5,3,overall,13751,271,1,32,True
isolation_forest,0,alt_rate,0.02,11,5,3,climb,2298,6,1,1,True
isolation_forest,0,alt_rate,0.02,11,5,3,cruise,6278,31,1,5,True
isolation_forest,0,alt_rate,0.02,11,5,3,descent,5175,234,1,26,True
isolation_forest,0,alt_rate,0.02,11,6,3,overall,11689,228,1,66,True
isolation_forest,0,alt_rate,0.02,11,6,3,climb,1743,1,1,1,True
isolation_forest,0,alt_rate,0.02,11,6,3,cruise,6205,46,1,23,True
isolation_forest,0,alt_rate,0.02,11,6,3,descent,3741,181,1,42,True
isolation_forest,0,alt_rate,0.02,11,7,3,overall,11007,151,1,32,True
isolation_forest,0,alt_rate,0.02,11,7,3,climb,2930,7,1,1,True
isolation_forest,0,alt_rate,0.02,11,7,3,cruise,3885,25,1,6,True
isolation_forest,0,alt_rate,0.02,11,7,3,descent,4192,119,1,25,True
isolation_forest,0,alt_rate,0.02,11,8,3,overall,8826,224,1,55,True
isolation_forest,0,alt_rate,0.02,11,8,3,climb,4070,3,1,1,True
isolation_forest,0,alt_rate,0.02,11,8,3,cruise,3030,0,0,0,True
isolation_forest,0,alt_rate,0.02,11,8,3,descent,1726,221,1,54,True
isolation_forest,0,alt_rate,0.02,11,9,3,overall,8928,135,1,40,True
isolation_forest,0,alt_rate,0.02,11,9,3,climb,2568,9,1,4,True
isolation_forest,0,alt_rate,0.02,11,9,3,cruise,3414,0,0,0,True
isolation_forest,0,alt_rate,0.02,11,9,3,descent,2946,126,1,36,True
isolation_forest,0,alt_rate,0.02,11,10,3,overall,13940,201,1,22,True
isolation_forest,0,alt_rate,0.02,11,10,3,climb,4340,9,1,1,True
isolation_forest,0,alt_rate,0.02,11,10,3,cruise,5054,1,1,1,True
isolation_forest,0,alt_rate,0.02,11,10,3,descent,4546,191,1,20,True
isolation_forest,0,alt_rate,0.02,11,11,3,overall,13751,254,1,32,True
isolation_forest,0,alt_rate,0.02,11,11,3,climb,2298,6,1,1,True
isolation_forest,0,alt_rate,0.02,11,11,3,cruise,6278,37,1,4,True
isolation_forest,0,alt_rate,0.02,11,11,3,descent,5175,211,1,27,True
isolation_forest,0,alt_rate,0.02,11,12,3,overall,14346,98,1,31,True
isolation_forest,0,alt_rate,0.02,11,12,3,climb,3497,34,1,10,True
isolation_forest,0,alt_rate,0.02,11,12,3,cruise,6768,2,1,2,True
isolation_forest,0,alt_rate,0.02,11,12,3,descent,4081,62,1,19,True
isolation_forest,0,alt_rate,0.02,11,13,3,overall,10704,82,1,23,True
isolation_forest,0,alt_rate,0.02,11,13,3,climb,3236,11,1,1,True
isolation_forest,0,alt_rate,0.02,11,13,3,cruise,4152,27,1,10,True
isolation_forest,0,alt_rate,0.02,11,13,3,descent,3316,44,1,12,True
isolation_forest,0,alt_rate,0.02,11,14,3,overall,11573,214,1,32,True
isolation_forest,0,alt_rate,0.02,11,14,3,climb,3665,3,1,1,True
isolation_forest,0,alt_rate,0.02,11,14,3,cruise,3719,6,1,3,True
isolation_forest,0,alt_rate,0.02,11,14,3,descent,4189,205,1,28,True
isolation_forest,0,alt_rate,0.02,11,15,3,overall,7701,647,1,66,True
isolation_forest,0,alt_rate,0.02,11,15,3,climb,2453,4,1,2,True
isolation_forest,0,alt_rate,0.02,11,15,3,cruise,1248,0,0,0,True
isolation_forest,0,alt_rate,0.02,11,15,3,descent,4000,643,1,64,True
isolation_forest,0,alt_rate,0.02,11,16,3,overall,11457,355,1,45,True
isolation_forest,0,alt_rate,0.02,11,16,3,climb,3793,4,1,2,True
isolation_forest,0,alt_rate,0.02,11,16,3,cruise,4388,0,0,0,True
isolation_forest,0,alt_rate,0.02,11,16,3,descent,3276,351,1,43,True
isolation_forest,0,alt_rate,0.02,11,17,3,overall,11457,315,1,31,True
isolation_forest,0,alt_rate,0.02,11,17,3,climb,3793,3,1,2,True
isolation_forest,0,alt_rate,0.02,11,17,3,cruise,4388,0,0,0,True
isolation_forest,0,alt_rate,0.02,11,17,3,descent,3276,312,1,29,True
isolation_forest,0,alt_rate,0.02,11,18,3,overall,12562,140,1,32,True
isolation_forest,0,alt_rate,0.02,11,18,3,climb,5390,4,1,2,True
isolation_forest,0,alt_rate,0.02,11,18,3,cruise,2282,0,0,0,True
isolation_forest,0,alt_rate,0.02,11,18,3,descent,4890,136,1,30,True
isolation_forest,0,alt_rate,0.02,14,1,1,overall,2551,17,1,7,False
isolation_forest,0,alt_rate,0.02,14,1,1,climb,94,9,1,1,False
isolation_forest,0,alt_rate,0.02,14,1,1,cruise,2339,2,1,2,False
isolation_forest,0,alt_rate,0.02,14,1,1,descent,118,6,1,4,False
isolation_forest,0,alt_rate,0.02,14,2,1,overall,1528,158,1,31,False
isolation_forest,0,alt_rate,0.02,14,2,1,climb,495,6,1,1,False
isolation_forest,0,alt_rate,0.02,14,2,1,cruise,475,0,0,0,False
isolation_forest,0,alt_rate,0.02,14,2,1,descent,558,152,1,30,False
isolation_forest,0,alt_rate,0.02,14,3,1,overall,1887,85,1,18,False
isolation_forest,0,alt_rate,0.02,14,3,1,climb,262,5,1,4,False
isolation_forest,0,alt_rate,0.02,14,3,1,cruise,1323,32,1,9,False
isolation_forest,0,alt_rate,0.02,14,3,1,descent,302,48,1,5,False
isolation_forest,0,alt_rate,0.02,14,4,1,overall,1303,186,1,27,False
isolation_forest,0,alt_rate,0.02,14,4,1,climb,96,30,1,2,False
isolation_forest,0,alt_rate,0.02,14,4,1,cruise,1050,146,1,20,False
isolation_forest,0,alt_rate,0.02,14,4,1,descent,157,10,1,5,False
isolation_forest,0,alt_rate,0.02,14,5,1,overall,2641,65,1,9,False
isolation_forest,0,alt_rate,0.02,14,5,1,climb,1220,12,1,1,False
isolation_forest,0,alt_rate,0.02,14,5,1,cruise,41,0,0,0,False
isolation_forest,0,alt_rate,0.02,14,5,1,descent,1380,53,1,8,False
isolation_forest,0,alt_rate,0.02,14,6,1,overall,2918,41,1,9,False
isolation_forest,0,alt_rate,0.02,14,6,1,climb,265,14,1,2,False
isolation_forest,0,alt_rate,0.02,14,6,1,cruise,1361,2,1,1,False
isolation_forest,0,alt_rate,0.02,14,6,1,descent,1292,25,1,6,False
isolation_forest,0,alt_rate,0.02,14,7,1,overall,1303,187,1,27,False
isolation_forest,0,alt_rate,0.02,14,7,1,climb,96,30,1,2,False
isolation_forest,0,alt_rate,0.02,14,7,1,cruise,1050,147,1,20,False
isolation_forest,0,alt_rate,0.02,14,7,1,descent,157,10,1,5,False
isolation_forest,0,alt_rate,0.02,14,8,1,overall,2551,16,1,7,False
isolation_forest,0,alt_rate,0.02,14,8,1,climb,94,8,1,1,False
isolation_forest,0,alt_rate,0.02,14,8,1,cruise,2339,2,1,2,False
isolation_forest,0,alt_rate,0.02,14,8,1,descent,118,6,1,4,False
isolation_forest,0,alt_rate,0.02,14,9,1,overall,1706,71,1,8,False
isolation_forest,0,alt_rate,0.02,14,9,1,climb,33,1,1,1,False
isolation_forest,0,alt_rate,0.02,14,9,1,cruise,59,0,0,0,False
isolation_forest,0,alt_rate,0.02,14,9,1,descent,1614,70,1,7,False
isolation_forest,0,alt_rate,0.02,14,10,1,overall,1706,51,1,11,False
isolation_forest,0,alt_rate,0.02,14,10,1,climb,33,1,1,1,False
isolation_forest,0,alt_rate,0.02,14,10,1,cruise,59,0,0,0,False
isolation_forest,0,alt_rate,0.02,14,10,1,descent,1614,50,1,10,False
isolation_forest,0,alt_rate,0.02,14,11,1,overall,2346,86,1,9,False
isolation_forest,0,alt_rate,0.02,14,11,1,climb,539,8,1,1,False
isolation_forest,0,alt_rate,0.02,14,11,1,cruise,891,0,0,0,False
isolation_forest,0,alt_rate,0.02,14,11,1,descent,916,78,1,8,False
isolation_forest,0,alt_rate,0.02,14,12,1,overall,2641,64,1,9,False
isolation_forest,0,alt_rate,0.02,14,12,1,climb,1220,12,1,1,False
isolation_forest,0,alt_rate,0.02,14,12,1,cruise,41,0,0,0,False
isolation_forest,0,alt_rate,0.02,14,12,1,descent,1380,52,1,8,False
isolation_forest,0,alt_rate,0.02,14,13,1,overall,1303,212,1,30,False
isolation_forest,0,alt_rate,0.02,14,13,1,climb,96,31,1,2,False
isolation_forest,0,alt_rate,0.02,14,13,1,cruise,1050,166,1,21,False
isolation_forest,0,alt_rate,0.02,14,13,1,descent,157,15,1,7,False
isolation_forest,0,alt_rate,0.02,14,14,1,overall,2629,194,1,17,False
isolation_forest,0,alt_rate,0.02,14,14,1,climb,563,0,0,0,False
isolation_forest,0,alt_rate,0.02,14,14,1,cruise,1152,0,0,0,False
isolation_forest,0,alt_rate,0.02,14,14,1,descent,914,194,1,17,False
isolation_forest,0,alt_rate,0.02,14,15,1,overall,1930,8,1,4,False
isolation_forest,0,alt_rate,0.02,14,15,1,climb,545,2,1,1,False
isolation_forest,0,alt_rate,0.02,14,15,1,cruise,661,0,0,0,False
isolation_forest,0,alt_rate,0.02,14,15,1,descent,724,6,1,3,False
isolation_forest,0,alt_rate,0.02,14,16,1,overall,1528,197,1,30,False
isolation_forest,0,alt_rate,0.02,14,16,1,climb,495,6,1,1,False
isolation_forest,0,alt_rate,0.02,14,16,1,cruise,475,0,0,0,False
isolation_forest,0,alt_rate,0.02,14,16,1,descent,558,191,1,29,False
isolation_forest,0,alt_rate,0.02,14,17,1,overall,2641,83,1,20,False
isolation_forest,0,alt_rate,0.02,14,17,1,climb,1220,15,1,2,False
isolation_forest,0,alt_rate,0.02,14,17,1,cruise,41,0,0,0,False
isolation_forest,0,alt_rate,0.02,14,17,1,descent,1380,68,1,18,False
isolation_forest,0,alt_rate,0.02,14,18,1,overall,2629,154,1,19,False
isolation_forest,0,alt_rate,0.02,14,18,1,climb,563,0,0,0,False
isolation_forest,0,alt_rate,0.02,14,18,1,cruise,1152,0,0,0,False
isolation_forest,0,alt_rate,0.02,14,18,1,descent,914,154,1,19,False
isolation_forest,0,alt_rate,0.02,14,19,1,overall,1706,45,1,9,False
isolation_forest,0,alt_rate,0.02,14,19,1,climb,33,1,1,1,False
isolation_forest,0,alt_rate,0.02,14,19,1,cruise,59,0,0,0,False
isolation_forest,0,alt_rate,0.02,14,19,1,descent,1614,44,1,8,False
isolation_forest,0,alt_rate,0.02,14,20,1,overall,2629,201,1,24,False
isolation_forest,0,alt_rate,0.02,14,20,1,climb,563,0,0,0,False
isolation_forest,0,alt_rate,0.02,14,20,1,cruise,1152,0,0,0,False
isolation_forest,0,alt_rate,0.02,14,20,1,descent,914,201,1,24,False
isolation_forest,0,alt_rate,0.02,14,21,1,overall,1706,45,1,9,False
isolation_forest,0,alt_rate,0.02,14,21,1,climb,33,1,1,1,False
isolation_forest,0,alt_rate,0.02,14,21,1,cruise,59,0,0,0,False
isolation_forest,0,alt_rate,0.02,14,21,1,descent,1614,44,1,8,False
isolation_forest,0,alt_rate,0.02,14,22,1,overall,1887,130,1,20,False
isolation_forest,0,alt_rate,0.02,14,22,1,climb,262,46,1,6,False
isolation_forest,0,alt_rate,0.02,14,22,1,cruise,1323,37,1,11,False
isolation_forest,0,alt_rate,0.02,14,22,1,descent,302,47,1,3,False
isolation_forest,0,alt_rate,0.02,14,23,1,overall,2629,153,1,19,False
isolation_forest,0,alt_rate,0.02,14,23,1,climb,563,0,0,0,False
isolation_forest,0,alt_rate,0.02,14,23,1,cruise,1152,0,0,0,False
isolation_forest,0,alt_rate,0.02,14,23,1,descent,914,153,1,19,False
isolation_forest,0,alt_rate,0.02,14,24,1,overall,2641,148,1,31,False
isolation_forest,0,alt_rate,0.02,14,24,1,climb,1220,17,1,2,False
isolation_forest,0,alt_rate,0.02,14,24,1,cruise,41,0,0,0,False
isolation_forest,0,alt_rate,0.02,14,24,1,descent,1380,131,1,29,False
isolation_forest,0,alt_rate,0.02,14,25,1,overall,2551,27,1,8,False
isolation_forest,0,alt_rate,0.02,14,25,1,climb,94,14,1,1,False
isolation_forest,0,alt_rate,0.02,14,25,1,cruise,2339,2,1,2,False
isolation_forest,0,alt_rate,0.02,14,25,1,descent,118,11,1,5,False
isolation_forest,0,alt_rate,0.02,14,26,1,overall,2034,37,1,8,False
isolation_forest,0,alt_rate,0.02,14,26,1,climb,129,24,1,2,False
isolation_forest,0,alt_rate,0.02,14,26,1,cruise,1107,4,1,3,False
isolation_forest,0,alt_rate,0.02,14,26,1,descent,798,9,1,3,False
isolation_forest,0,alt_rate,0.02,14,27,1,overall,1887,151,1,23,False
isolation_forest,0,alt_rate,0.02,14,27,1,climb,262,48,1,8,False
isolation_forest,0,alt_rate,0.02,14,27,1,cruise,1323,37,1,12,False
isolation_forest,0,alt_rate,0.02,14,27,1,descent,302,66,1,3,False
isolation_forest,0,alt_rate,0.02,14,28,1,overall,2629,312,1,21,False
isolation_forest,0,alt_rate,0.02,14,28,1,climb,563,0,0,0,False
isolation_forest,0,alt_rate,0.02,14,28,1,cruise,1152,0,0,0,False
isolation_forest,0,alt_rate,0.02,14,28,1,descent,914,312,1,21,False
isolation_forest,0,alt_rate,0.02,14,29,1,overall,1887,216,1,22,False
isolation_forest,0,alt_rate,0.02,14,29,1,climb,262,83,1,4,False
isolation_forest,0,alt_rate,0.02,14,29,1,cruise,1323,44,1,9,False
isolation_forest,0,alt_rate,0.02,14,29,1,descent,302,89,1,9,False
isolation_forest,0,alt_rate,0.02,14,30,1,overall,1528,311,1,23,False
isolation_forest,0,alt_rate,0.02,14,30,1,climb,495,9,1,1,False
isolation_forest,0,alt_rate,0.02,14,30,1,cruise,475,0,0,0,False
isolation_forest,0,alt_rate,0.02,14,30,1,descent,558,302,1,22,False
isolation_forest,0,alt_rate,0.02,14,31,1,overall,2629,340,1,20,False
isolation_forest,0,alt_rate,0.02,14,31,1,climb,563,0,0,0,False
isolation_forest,0,alt_rate,0.02,14,31,1,cruise,1152,0,0,0,False
isolation_forest,0,alt_rate,0.02,14,31,1,descent,914,340,1,20,False
isolation_forest,0,alt_rate,0.02,14,32,1,overall,1006,124,1,38,False
isolation_forest,0,alt_rate,0.02,14,32,1,climb,330,44,1,16,False
isolation_forest,0,alt_rate,0.02,14,32,1,cruise,232,1,1,1,False
isolation_forest,0,alt_rate,0.02,14,32,1,descent,444,79,1,21,False
isolation_forest,0,alt_rate,0.02,14,33,1,overall,1528,337,1,27,False
isolation_forest,0,alt_rate,0.02,14,33,1,climb,495,9,1,1,False
isolation_forest,0,alt_rate,0.02,14,33,1,cruise,475,2,1,2,False
isolation_forest,0,alt_rate,0.02,14,33,1,descent,558,326,1,24,False
isolation_forest,0,alt_rate,0.02,14,34,1,overall,1944,158,1,12,False
isolation_forest,0,alt_rate,0.02,14,34,1,climb,164,13,1,3,False
isolation_forest,0,alt_rate,0.02,14,34,1,cruise,1524,9,1,2,False
isolation_forest,0,alt_rate,0.02,14,34,1,descent,256,136,1,7,False
isolation_forest,0,alt_rate,0.02,14,35,1,overall,1706,47,1,8,False
isolation_forest,0,alt_rate,0.02,14,35,1,climb,33,4,1,1,False
isolation_forest,0,alt_rate,0.02,14,35,1,cruise,59,0,0,0,False
isolation_forest,0,alt_rate,0.02,14,35,1,descent,1614,43,1,7,False
isolation_forest,0,alt_rate,0.02,15,1,2,overall,2669,218,1,10,False
isolation_forest,0,alt_rate,0.02,15,1,2,climb,705,0,0,0,False
isolation_forest,0,alt_rate,0.02,15,1,2,cruise,555,0,0,0,False
isolation_forest,0,alt_rate,0.02,15,1,2,descent,1409,218,1,10,False
isolation_forest,0,alt_rate,0.02,15,2,2,overall,7711,45,1,16,False
isolation_forest,0,alt_rate,0.02,15,2,2,climb,1947,13,1,2,False
isolation_forest,0,alt_rate,0.02,15,2,2,cruise,3098,0,0,0,False
isolation_forest,0,alt_rate,0.02,15,2,2,descent,2666,32,1,14,False
isolation_forest,0,alt_rate,0.02,15,3,2,overall,5503,411,1,101,False
isolation_forest,0,alt_rate,0.02,15,3,2,climb,3076,5,1,1,False
isolation_forest,0,alt_rate,0.02,15,3,2,cruise,995,0,0,0,False
isolation_forest,0,alt_rate,0.02,15,3,2,descent,1432,406,1,100,False
isolation_forest,0,alt_rate,0.02,15,4,2,overall,6372,188,1,10,False
isolation_forest,0,alt_rate,0.02,15,4,2,climb,2890,27,1,2,False
isolation_forest,0,alt_rate,0.02,15,4,2,cruise,2106,0,0,0,False
isolation_forest,0,alt_rate,0.02,15,4,2,descent,1376,161,1,8,False
isolation_forest,0,alt_rate,0.02,15,5,2,overall,6075,42,1,14,False
isolation_forest,0,alt_rate,0.02,15,5,2,climb,1898,7,1,1,False
isolation_forest,0,alt_rate,0.02,15,5,2,cruise,2050,0,0,0,False
isolation_forest,0,alt_rate,0.02,15,5,2,descent,2127,35,1,13,False
isolation_forest,0,alt_rate,0.02,15,6,2,overall,9157,118,1,7,False
isolation_forest,0,alt_rate,0.02,15,6,2,climb,3768,4,1,1,False
isolation_forest,0,alt_rate,0.02,15,6,2,cruise,2226,0,0,0,False
isolation_forest,0,alt_rate,0.02,15,6,2,descent,3163,114,1,6,False
isolation_forest,0,alt_rate,0.02,15,7,2,overall,5892,300,1,26,False
isolation_forest,0,alt_rate,0.02,15,7,2,climb,3460,26,1,7,False
isolation_forest,0,alt_rate,0.02,15,7,2,cruise,1497,0,0,0,False
isolation_forest,0,alt_rate,0.02,15,7,2,descent,935,274,1,19,False
isolation_forest,0,alt_rate,0.02,15,8,2,overall,4015,49,1,17,False
isolation_forest,0,alt_rate,0.02,15,8,2,climb,913,7,1,1,False
isolation_forest,0,alt_rate,0.02,15,8,2,cruise,973,0,0,0,False
isolation_forest,0,alt_rate,0.02,15,8,2,descent,2129,42,1,16,False
isolation_forest,0,alt_rate,0.02,15,9,2,overall,8714,172,1,52,False
isolation_forest,0,alt_rate,0.02,15,9,2,climb,2654,8,1,1,False
isolation_forest,0,alt_rate,0.02,15,9,2,cruise,4350,34,1,20,False
isolation_forest,0,alt_rate,0.02,15,9,2,descent,1710,130,1,32,False
isolation_forest,0,alt_rate,0.02,15,10,2,overall,5218,162,1,39,False
isolation_forest,0,alt_rate,0.02,15,10,2,climb,2880,5,1,1,False
isolation_forest,0,alt_rate,0.02,15,10,2,cruise,758,0,0,0,False
isolation_forest,0,alt_rate,0.02,15,10,2,descent,1580,157,1,38,False
isolation_forest,0,alt_rate,0.02,15,11,2,overall,6001,83,1,20,False
isolation_forest,0,alt_rate,0.02,15,11,2,climb,2567,9,1,1,False
isolation_forest,0,alt_rate,0.02,15,11,2,cruise,1521,0,0,0,False
isolation_forest,0,alt_rate,0.02,15,11,2,descent,1913,74,1,19,False
isolation_forest,0,alt_rate,0.02,15,12,2,overall,8363,152,1,17,False
isolation_forest,0,alt_rate,0.02,15,12,2,climb,2146,3,1,1,False
isolation_forest,0,alt_rate,0.02,15,12,2,cruise,2656,0,0,0,False
isolation_forest,0,alt_rate,0.02,15,12,2,descent,3561,149,1,16,False
isolation_forest,0,alt_rate,0.02,15,13,2,overall,5761,56,1,21,False
isolation_forest,0,alt_rate,0.02,15,13,2,climb,1955,1,1,1,False
isolation_forest,0,alt_rate,0.02,15,13,2,cruise,2104,0,0,0,False
isolation_forest,0,alt_rate,0.02,15,13,2,descent,1702,55,1,20,False
isolation_forest,0,alt_rate,0.02,15,14,2,overall,6942,26,1,8,False
isolation_forest,0,alt_rate,0.02,15,14,2,climb,2466,12,1,1,False
isolation_forest,0,alt_rate,0.02,15,14,2,cruise,2580,0,0,0,False
isolation_forest,0,alt_rate,0.02,15,14,2,descent,1896,14,1,7,False
isolation_forest,0,alt_rate,0.02,15,15,2,overall,8154,464,1,37,False
isolation_forest,0,alt_rate,0.02,15,15,2,climb,2342,12,1,1,False
isolation_forest,0,alt_rate,0.02,15,15,2,cruise,2353,15,1,7,False
isolation_forest,0,alt_rate,0.02,15,15,2,descent,3459,437,1,29,False
isolation_forest,0,alt_rate,0.02,15,16,2,overall,5218,173,1,39,False
isolation_forest,0,alt_rate,0.02,15,16,2,climb,2880,5,1,1,False
isolation_forest,0,alt_rate,0.02,15,16,2,cruise,758,0,0,0,False
isolation_forest,0,alt_rate,0.02,15,16,2,descent,1580,168,1,38,False
isolation_forest,0,alt_rate,0.02,15,17,2,overall,5804,254,1,29,False
isolation_forest,0,alt_rate,0.02,15,17,2,climb,2122,2,1,1,False
isolation_forest,0,alt_rate,0.02,15,17,2,cruise,1784,0,0,0,False
isolation_forest,0,alt_rate,0.02,15,17,2,descent,1898,252,1,28,False
isolation_forest,0,alt_rate,0.02,15,18,2,overall,8154,407,1,41,False
isolation_forest,0,alt_rate,0.02,15,18,2,climb,2342,12,1,1,False
isolation_forest,0,alt_rate,0.02,15,18,2,cruise,2353,15,1,7,False
isolation_forest,0,alt_rate,0.02,15,18,2,descent,3459,380,1,33,False
isolation_forest,0,alt_rate,0.02,15,19,2,overall,6782,388,1,87,False
isolation_forest,0,alt_rate,0.02,15,19,2,climb,3211,5,1,3,False
isolation_forest,0,alt_rate,0.02,15,19,2,cruise,567,32,1,9,False
isolation_forest,0,alt_rate,0.02,15,19,2,descent,3004,351,1,75,False
isolation_forest,0,alt_rate,0.02,15,20,2,overall,6265,61,1,13,False
isolation_forest,0,alt_rate,0.02,15,20,2,climb,1427,0,0,0,False
isolation_forest,0,alt_rate,0.02,15,20,2,cruise,2185,0,0,0,False
isolation_forest,0,alt_rate,0.02,15,20,2,descent,2653,61,1,13,False
isolation_forest,0,alt_rate,0.02,15,21,2,overall,6381,121,1,15,False
isolation_forest,0,alt_rate,0.02,15,21,2,climb,1431,0,0,0,False
isolation_forest,0,alt_rate,0.02,15,21,2,cruise,1684,0,0,0,False
isolation_forest,0,alt_rate,0.02,15,21,2,descent,3266,121,1,15,False
isolation_forest,0,alt_rate,0.02,15,22,2,overall,5501,102,1,22,False
isolation_forest,0,alt_rate,0.02,15,22,2,climb,2711,25,1,9,False
isolation_forest,0,alt_rate,0.02,15,22,2,cruise,1270,0,0,0,False
isolation_forest,0,alt_rate,0.02,15,22,2,descent,1520,77,1,13,False
isolation_forest,0,alt_rate,0.02,15,23,2,overall,6887,314,1,15,False
isolation_forest,0,alt_rate,0.02,15,23,2,climb,2052,10,1,2,False
isolation_forest,0,alt_rate,0.02,15,23,2,cruise,2880,0,0,0,False
isolation_forest,0,alt_rate,0.02,15,23,2,descent,1955,304,1,13,False
isolation_forest,1,primary,0.005,11,1,3,overall,11007,24,1,12,True
isolation_forest,1,primary,0.005,11,1,3,climb,2506,0,0,0,True
isolation_forest,1,primary,0.005,11,1,3,cruise,4386,8,1,3,True
isolation_forest,1,primary,0.005,11,1,3,descent,4115,16,1,9,True
isolation_forest,1,primary,0.005,11,2,3,overall,17636,68,1,31,True
isolation_forest,1,primary,0.005,11,2,3,climb,3612,1,1,1,True
isolation_forest,1,primary,0.005,11,2,3,cruise,10521,31,1,10,True
isolation_forest,1,primary,0.005,11,2,3,descent,3503,36,1,20,True
isolation_forest,1,primary,0.005,11,3,3,overall,9831,43,1,14,True
isolation_forest,1,primary,0.005,11,3,3,climb,2031,0,0,0,True
isolation_forest,1,primary,0.005,11,3,3,cruise,3448,11,1,3,True
isolation_forest,1,primary,0.005,11,3,3,descent,4352,32,1,11,True
isolation_forest,1,primary,0.005,11,4,3,overall,13140,41,1,14,True
isolation_forest,1,primary,0.005,11,4,3,climb,2902,0,0,0,True
isolation_forest,1,primary,0.005,11,4,3,cruise,7069,0,0,0,True
isolation_forest,1,primary,0.005,11,4,3,descent,3169,41,1,14,True
isolation_forest,1,primary,0.005,11,5,3,overall,13751,148,1,48,True
isolation_forest,1,primary,0.005,11,5,3,climb,2138,2,1,2,True
isolation_forest,1,primary,0.005,11,5,3,cruise,6376,19,1,6,True
isolation_forest,1,primary,0.005,11,5,3,descent,5237,127,1,40,True
isolation_forest,1,primary,0.005,11,6,3,overall,11689,86,1,33,True
isolation_forest,1,primary,0.005,11,6,3,climb,2583,0,0,0,True
isolation_forest,1,primary,0.005,11,6,3,cruise,5477,24,1,12,True
isolation_forest,1,primary,0.005,11,6,3,descent,3629,62,1,21,True
isolation_forest,1,primary,0.005,11,7,3,overall,11007,30,1,12,True
isolation_forest,1,primary,0.005,11,7,3,climb,2506,0,0,0,True
isolation_forest,1,primary,0.005,11,7,3,cruise,4386,10,1,4,True
isolation_forest,1,primary,0.005,11,7,3,descent,4115,20,1,8,True
isolation_forest,1,primary,0.005,11,8,3,overall,8826,6,1,3,True
isolation_forest,1,primary,0.005,11,8,3,climb,4368,0,0,0,True
isolation_forest,1,primary,0.005,11,8,3,cruise,2947,5,1,2,True
isolation_forest,1,primary,0.005,11,8,3,descent,1511,1,1,1,True
isolation_forest,1,primary,0.005,11,9,3,overall,8928,21,1,8,True
isolation_forest,1,primary,0.005,11,9,3,climb,2151,1,1,1,True
isolation_forest,1,primary,0.005,11,9,3,cruise,4055,2,1,1,True
isolation_forest,1,primary,0.005,11,9,3,descent,2722,18,1,6,True
isolation_forest,1,primary,0.005,11,10,3,overall,13940,39,1,5,True
isolation_forest,1,primary,0.005,11,10,3,climb,3800,0,0,0,True
isolation_forest,1,primary,0.005,11,10,3,cruise,6079,0,0,0,True
isolation_forest,1,primary,0.005,11,10,3,descent,4061,39,1,5,True
isolation_forest,1,primary,0.005,11,11,3,overall,13751,139,1,41,True
isolation_forest,1,primary,0.005,11,11,3,climb,2138,3,1,1,True
isolation_forest,1,primary,0.005,11,11,3,cruise,6376,23,1,9,True
isolation_forest,1,primary,0.005,11,11,3,descent,5237,113,1,31,True
isolation_forest,1,primary,0.005,11,12,3,overall,14346,44,1,13,True
isolation_forest,1,primary,0.005,11,12,3,climb,3405,0,0,0,True
isolation_forest,1,primary,0.005,11,12,3,cruise,2752,9,1,7,True
isolation_forest,1,primary,0.005,11,12,3,descent,8189,35,1,6,True
isolation_forest,1,primary,0.005,11,13,3,overall,10704,20,1,9,True
isolation_forest,1,primary,0.005,11,13,3,climb,2712,1,1,1,True
isolation_forest,1,primary,0.005,11,13,3,cruise,4440,6,1,3,True
isolation_forest,1,primary,0.005,11,13,3,descent,3552,13,1,5,True
isolation_forest,1,primary,0.005,11,14,3,overall,11573,105,1,30,True
isolation_forest,1,primary,0.005,11,14,3,climb,3378,0,0,0,True
isolation_forest,1,primary,0.005,11,14,3,cruise,2869,1,1,1,True
isolation_forest,1,primary,0.005,11,14,3,descent,5326,104,1,29,True
isolation_forest,1,primary,0.005,11,15,3,overall,7701,315,1,41,True
isolation_forest,1,primary,0.005,11,15,3,climb,2139,2,1,1,True
isolation_forest,1,primary,0.005,11,15,3,cruise,1849,0,0,0,True
isolation_forest,1,primary,0.005,11,15,3,descent,3713,313,1,40,True
isolation_forest,1,primary,0.005,11,16,3,overall,11457,30,1,13,True
isolation_forest,1,primary,0.005,11,16,3,climb,3291,0,0,0,True
isolation_forest,1,primary,0.005,11,16,3,cruise,5172,0,0,0,True
isolation_forest,1,primary,0.005,11,16,3,descent,2994,30,1,13,True
isolation_forest,1,primary,0.005,11,17,3,overall,11457,40,1,9,True
isolation_forest,1,primary,0.005,11,17,3,climb,3291,0,0,0,True
isolation_forest,1,primary,0.005,11,17,3,cruise,5172,0,0,0,True
isolation_forest,1,primary,0.005,11,17,3,descent,2994,40,1,9,True
isolation_forest,1,primary,0.005,11,18,3,overall,12562,20,1,7,True
isolation_forest,1,primary,0.005,11,18,3,climb,4727,0,0,0,True
isolation_forest,1,primary,0.005,11,18,3,cruise,3161,2,1,1,True
isolation_forest,1,primary,0.005,11,18,3,descent,4674,18,1,6,True
isolation_forest,1,primary,0.005,14,1,1,overall,2551,0,0,0,False
isolation_forest,1,primary,0.005,14,1,1,climb,79,0,0,0,False
isolation_forest,1,primary,0.005,14,1,1,cruise,2364,0,0,0,False
isolation_forest,1,primary,0.005,14,1,1,descent,108,0,0,0,False
isolation_forest,1,primary,0.005,14,2,1,overall,1528,3,1,2,False
isolation_forest,1,primary,0.005,14,2,1,climb,435,0,0,0,False
isolation_forest,1,primary,0.005,14,2,1,cruise,592,0,0,0,False
isolation_forest,1,primary,0.005,14,2,1,descent,501,3,1,2,False
isolation_forest,1,primary,0.005,14,3,1,overall,1887,19,1,5,False
isolation_forest,1,primary,0.005,14,3,1,climb,227,0,0,0,False
isolation_forest,1,primary,0.005,14,3,1,cruise,1396,19,1,5,False
isolation_forest,1,primary,0.005,14,3,1,descent,264,0,0,0,False
isolation_forest,1,primary,0.005,14,4,1,overall,1303,67,1,11,False
isolation_forest,1,primary,0.005,14,4,1,climb,87,21,1,1,False
isolation_forest,1,primary,0.005,14,4,1,cruise,1069,46,1,10,False
isolation_forest,1,primary,0.005,14,4,1,descent,147,0,0,0,False
isolation_forest,1,primary,0.005,14,5,1,overall,2641,2,1,1,False
isolation_forest,1,primary,0.005,14,5,1,climb,1059,2,1,1,False
isolation_forest,1,primary,0.005,14,5,1,cruise,390,0,0,0,False
isolation_forest,1,primary,0.005,14,5,1,descent,1192,0,0,0,False
isolation_forest,1,primary,0.005,14,6,1,overall,2918,3,1,1,False
isolation_forest,1,primary,0.005,14,6,1,climb,222,0,0,0,False
isolation_forest,1,primary,0.005,14,6,1,cruise,1468,3,1,1,False
isolation_forest,1,primary,0.005,14,6,1,descent,1228,0,0,0,False
isolation_forest,1,primary,0.005,14,7,1,overall,1303,67,1,11,False
isolation_forest,1,primary,0.005,14,7,1,climb,87,21,1,1,False
isolation_forest,1,primary,0.005,14,7,1,cruise,1069,46,1,10,False
isolation_forest,1,primary,0.005,14,7,1,descent,147,0,0,0,False
isolation_forest,1,primary,0.005,14,8,1,overall,2551,0,0,0,False
isolation_forest,1,primary,0.005,14,8,1,climb,79,0,0,0,False
isolation_forest,1,primary,0.005,14,8,1,cruise,2364,0,0,0,False
isolation_forest,1,primary,0.005,14,8,1,descent,108,0,0,0,False
isolation_forest,1,primary,0.005,14,9,1,overall,1706,31,1,3,False
isolation_forest,1,primary,0.005,14,9,1,climb,38,0,0,0,False
isolation_forest,1,primary,0.005,14,9,1,cruise,47,0,0,0,False
isolation_forest,1,primary,0.005,14,9,1,descent,1621,31,1,3,False
isolation_forest,1,primary,0.005,14,10,1,overall,1706,31,1,3,False
isolation_forest,1,primary,0.005,14,10,1,climb,38,0,0,0,False
isolation_forest,1,primary,0.005,14,10,1,cruise,47,0,0,0,False
isolation_forest,1,primary,0.005,14,10,1,descent,1621,31,1,3,False
isolation_forest,1,primary,0.005,14,11,1,overall,2346,0,0,0,False
isolation_forest,1,primary,0.005,14,11,1,climb,482,0,0,0,False
isolation_forest,1,primary,0.005,14,11,1,cruise,1040,0,0,0,False
isolation_forest,1,primary,0.005,14,11,1,descent,824,0,0,0,False
isolation_forest,1,primary,0.005,14,12,1,overall,2641,2,1,1,False
isolation_forest,1,primary,0.005,14,12,1,climb,1059,2,1,1,False
isolation_forest,1,primary,0.005,14,12,1,cruise,390,0,0,0,False
isolation_forest,1,primary,0.005,14,12,1,descent,1192,0,0,0,False
isolation_forest,1,primary,0.005,14,13,1,overall,1303,73,1,12,False
isolation_forest,1,primary,0.005,14,13,1,climb,87,21,1,1,False
isolation_forest,1,primary,0.005,14,13,1,cruise,1069,52,1,11,False
isolation_forest,1,primary,0.005,14,13,1,descent,147,0,0,0,False
isolation_forest,1,primary,0.005,14,14,1,overall,2629,1,1,1,False
isolation_forest,1,primary,0.005,14,14,1,climb,490,0,0,0,False
isolation_forest,1,primary,0.005,14,14,1,cruise,1339,0,0,0,False
isolation_forest,1,primary,0.005,14,14,1,descent,800,1,1,1,False
isolation_forest,1,primary,0.005,14,15,1,overall,1930,1,1,1,False
isolation_forest,1,primary,0.005,14,15,1,climb,486,0,0,0,False
isolation_forest,1,primary,0.005,14,15,1,cruise,795,0,0,0,False
isolation_forest,1,primary,0.005,14,15,1,descent,649,1,1,1,False
isolation_forest,1,primary,0.005,14,16,1,overall,1528,4,1,2,False
isolation_forest,1,primary,0.005,14,16,1,climb,435,0,0,0,False
isolation_forest,1,primary,0.005,14,16,1,cruise,592,0,0,0,False
isolation_forest,1,primary,0.005,14,16,1,descent,501,4,1,2,False
isolation_forest,1,primary,0.005,14,17,1,overall,2641,5,1,1,False
isolation_forest,1,primary,0.005,14,17,1,climb,1059,5,1,1,False
isolation_forest,1,primary,0.005,14,17,1,cruise,390,0,0,0,False
isolation_forest,1,primary,0.005,14,17,1,descent,1192,0,0,0,False
isolation_forest,1,primary,0.005,14,18,1,overall,2629,1,1,1,False
isolation_forest,1,primary,0.005,14,18,1,climb,490,0,0,0,False
isolation_forest,1,primary,0.005,14,18,1,cruise,1339,0,0,0,False
isolation_forest,1,primary,0.005,14,18,1,descent,800,1,1,1,False
isolation_forest,1,primary,0.005,14,19,1,overall,1706,31,1,3,False
isolation_forest,1,primary,0.005,14,19,1,climb,38,0,0,0,False
isolation_forest,1,primary,0.005,14,19,1,cruise,47,0,0,0,False
isolation_forest,1,primary,0.005,14,19,1,descent,1621,31,1,3,False
isolation_forest,1,primary,0.005,14,20,1,overall,2629,1,1,1,False
isolation_forest,1,primary,0.005,14,20,1,climb,490,0,0,0,False
isolation_forest,1,primary,0.005,14,20,1,cruise,1339,0,0,0,False
isolation_forest,1,primary,0.005,14,20,1,descent,800,1,1,1,False
isolation_forest,1,primary,0.005,14,21,1,overall,1706,31,1,3,False
isolation_forest,1,primary,0.005,14,21,1,climb,38,0,0,0,False
isolation_forest,1,primary,0.005,14,21,1,cruise,47,0,0,0,False
isolation_forest,1,primary,0.005,14,21,1,descent,1621,31,1,3,False
isolation_forest,1,primary,0.005,14,22,1,overall,1887,20,1,6,False
isolation_forest,1,primary,0.005,14,22,1,climb,227,0,0,0,False
isolation_forest,1,primary,0.005,14,22,1,cruise,1396,20,1,6,False
isolation_forest,1,primary,0.005,14,22,1,descent,264,0,0,0,False
isolation_forest,1,primary,0.005,14,23,1,overall,2629,1,1,1,False
isolation_forest,1,primary,0.005,14,23,1,climb,490,0,0,0,False
isolation_forest,1,primary,0.005,14,23,1,cruise,1339,0,0,0,False
isolation_forest,1,primary,0.005,14,23,1,descent,800,1,1,1,False
isolation_forest,1,primary,0.005,14,24,1,overall,2641,6,1,1,False
isolation_forest,1,primary,0.005,14,24,1,climb,1059,6,1,1,False
isolation_forest,1,primary,0.005,14,24,1,cruise,390,0,0,0,False
isolation_forest,1,primary,0.005,14,24,1,descent,1192,0,0,0,False
isolation_forest,1,primary,0.005,14,25,1,overall,2551,5,1,2,False
isolation_forest,1,primary,0.005,14,25,1,climb,79,4,1,1,False
isolation_forest,1,primary,0.005,14,25,1,cruise,2364,1,1,1,False
isolation_forest,1,primary,0.005,14,25,1,descent,108,0,0,0,False
isolation_forest,1,primary,0.005,14,26,1,overall,2034,3,1,2,False
isolation_forest,1,primary,0.005,14,26,1,climb,135,1,1,1,False
isolation_forest,1,primary,0.005,14,26,1,cruise,84,0,0,0,False
isolation_forest,1,primary,0.005,14,26,1,descent,1815,2,1,1,False
isolation_forest,1,primary,0.005,14,27,1,overall,1887,17,1,5,False
isolation_forest,1,primary,0.005,14,27,1,climb,227,0,0,0,False
isolation_forest,1,primary,0.005,14,27,1,cruise,1396,17,1,5,False
isolation_forest,1,primary,0.005,14,27,1,descent,264,0,0,0,False
isolation_forest,1,primary,0.005,14,28,1,overall,2629,2,1,2,False
isolation_forest,1,primary,0.005,14,28,1,climb,490,0,0,0,False
isolation_forest,1,primary,0.005,14,28,1,cruise,1339,0,0,0,False
isolation_forest,1,primary,0.005,14,28,1,descent,800,2,1,2,False
isolation_forest,1,primary,0.005,14,29,1,overall,1887,23,1,5,False
isolation_forest,1,primary,0.005,14,29,1,climb,227,0,0,0,False
isolation_forest,1,primary,0.005,14,29,1,cruise,1396,23,1,5,False
isolation_forest,1,primary,0.005,14,29,1,descent,264,0,0,0,False
isolation_forest,1,primary,0.005,14,30,1,overall,1528,8,1,6,False
isolation_forest,1,primary,0.005,14,30,1,climb,435,1,1,1,False
isolation_forest,1,primary,0.005,14,30,1,cruise,592,0,0,0,False
isolation_forest,1,primary,0.005,14,30,1,descent,501,7,1,5,False
isolation_forest,1,primary,0.005,14,31,1,overall,2629,2,1,2,False
isolation_forest,1,primary,0.005,14,31,1,climb,490,0,0,0,False
isolation_forest,1,primary,0.005,14,31,1,cruise,1339,0,0,0,False
isolation_forest,1,primary,0.005,14,31,1,descent,800,2,1,2,False
isolation_forest,1,primary,0.005,14,32,1,overall,1006,0,0,0,False
isolation_forest,1,primary,0.005,14,32,1,climb,262,0,0,0,False
isolation_forest,1,primary,0.005,14,32,1,cruise,356,0,0,0,False
isolation_forest,1,primary,0.005,14,32,1,descent,388,0,0,0,False
isolation_forest,1,primary,0.005,14,33,1,overall,1528,4,1,3,False
isolation_forest,1,primary,0.005,14,33,1,climb,435,1,1,1,False
isolation_forest,1,primary,0.005,14,33,1,cruise,592,0,0,0,False
isolation_forest,1,primary,0.005,14,33,1,descent,501,3,1,2,False
isolation_forest,1,primary,0.005,14,34,1,overall,1944,17,1,5,False
isolation_forest,1,primary,0.005,14,34,1,climb,142,0,0,0,False
isolation_forest,1,primary,0.005,14,34,1,cruise,1554,1,1,1,False
isolation_forest,1,primary,0.005,14,34,1,descent,248,16,1,4,False
isolation_forest,1,primary,0.005,14,35,1,overall,1706,31,1,3,False
isolation_forest,1,primary,0.005,14,35,1,climb,38,0,0,0,False
isolation_forest,1,primary,0.005,14,35,1,cruise,47,0,0,0,False
isolation_forest,1,primary,0.005,14,35,1,descent,1621,31,1,3,False
isolation_forest,1,primary,0.005,15,1,2,overall,2669,3,1,2,False
isolation_forest,1,primary,0.005,15,1,2,climb,625,0,0,0,False
isolation_forest,1,primary,0.005,15,1,2,cruise,752,0,0,0,False
isolation_forest,1,primary,0.005,15,1,2,descent,1292,3,1,2,False
isolation_forest,1,primary,0.005,15,2,2,overall,7711,0,0,0,False
isolation_forest,1,primary,0.005,15,2,2,climb,2028,0,0,0,False
isolation_forest,1,primary,0.005,15,2,2,cruise,3298,0,0,0,False
isolation_forest,1,primary,0.005,15,2,2,descent,2385,0,0,0,False
isolation_forest,1,primary,0.005,15,3,2,overall,5503,39,1,14,False
isolation_forest,1,primary,0.005,15,3,2,climb,3519,0,0,0,False
isolation_forest,1,primary,0.005,15,3,2,cruise,722,0,0,0,False
isolation_forest,1,primary,0.005,15,3,2,descent,1262,39,1,14,False
isolation_forest,1,primary,0.005,15,4,2,overall,6372,26,1,2,False
isolation_forest,1,primary,0.005,15,4,2,climb,2754,24,1,1,False
isolation_forest,1,primary,0.005,15,4,2,cruise,2405,0,0,0,False
isolation_forest,1,primary,0.005,15,4,2,descent,1213,2,1,1,False
isolation_forest,1,primary,0.005,15,5,2,overall,6075,0,0,0,False
isolation_forest,1,primary,0.005,15,5,2,climb,1642,0,0,0,False
isolation_forest,1,primary,0.005,15,5,2,cruise,2509,0,0,0,False
isolation_forest,1,primary,0.005,15,5,2,descent,1924,0,0,0,False
isolation_forest,1,primary,0.005,15,6,2,overall,9157,68,1,20,False
isolation_forest,1,primary,0.005,15,6,2,climb,3584,0,0,0,False
isolation_forest,1,primary,0.005,15,6,2,cruise,2702,54,1,16,False
isolation_forest,1,primary,0.005,15,6,2,descent,2871,14,1,4,False
isolation_forest,1,primary,0.005,15,7,2,overall,5892,33,1,5,False
isolation_forest,1,primary,0.005,15,7,2,climb,2990,7,1,2,False
isolation_forest,1,primary,0.005,15,7,2,cruise,2120,0,0,0,False
isolation_forest,1,primary,0.005,15,7,2,descent,782,26,1,3,False
isolation_forest,1,primary,0.005,15,8,2,overall,4015,0,0,0,False
isolation_forest,1,primary,0.005,15,8,2,climb,748,0,0,0,False
isolation_forest,1,primary,0.005,15,8,2,cruise,1371,0,0,0,False
isolation_forest,1,primary,0.005,15,8,2,descent,1896,0,0,0,False
isolation_forest,1,primary,0.005,15,9,2,overall,8714,100,1,31,False
isolation_forest,1,primary,0.005,15,9,2,climb,2650,0,0,0,False
isolation_forest,1,primary,0.005,15,9,2,cruise,4542,17,1,11,False
isolation_forest,1,primary,0.005,15,9,2,descent,1522,83,1,20,False
isolation_forest,1,primary,0.005,15,10,2,overall,5218,0,0,0,False
isolation_forest,1,primary,0.005,15,10,2,climb,2439,0,0,0,False
isolation_forest,1,primary,0.005,15,10,2,cruise,1376,0,0,0,False
isolation_forest,1,primary,0.005,15,10,2,descent,1403,0,0,0,False
isolation_forest,1,primary,0.005,15,11,2,overall,6001,33,1,3,False
isolation_forest,1,primary,0.005,15,11,2,climb,2203,0,0,0,False
isolation_forest,1,primary,0.005,15,11,2,cruise,2046,0,0,0,False
isolation_forest,1,primary,0.005,15,11,2,descent,1752,33,1,3,False
isolation_forest,1,primary,0.005,15,12,2,overall,8363,8,1,4,False
isolation_forest,1,primary,0.005,15,12,2,climb,1990,0,0,0,False
isolation_forest,1,primary,0.005,15,12,2,cruise,3014,0,0,0,False
isolation_forest,1,primary,0.005,15,12,2,descent,3359,8,1,4,False
isolation_forest,1,primary,0.005,15,13,2,overall,5761,0,0,0,False
isolation_forest,1,primary,0.005,15,13,2,climb,1671,0,0,0,False
isolation_forest,1,primary,0.005,15,13,2,cruise,2573,0,0,0,False
isolation_forest,1,primary,0.005,15,13,2,descent,1517,0,0,0,False
isolation_forest,1,primary,0.005,15,14,2,overall,6942,0,0,0,False
isolation_forest,1,primary,0.005,15,14,2,climb,2058,0,0,0,False
isolation_forest,1,primary,0.005,15,14,2,cruise,3278,0,0,0,False
isolation_forest,1,primary,0.005,15,14,2,descent,1606,0,0,0,False
isolation_forest,1,primary,0.005,15,15,2,overall,8154,36,1,10,False
isolation_forest,1,primary,0.005,15,15,2,climb,2033,0,0,0,False
isolation_forest,1,primary,0.005,15,15,2,cruise,2970,27,1,6,False
isolation_forest,1,primary,0.005,15,15,2,descent,3151,9,1,4,False
isolation_forest,1,primary,0.005,15,16,2,overall,5218,0,0,0,False
isolation_forest,1,primary,0.005,15,16,2,climb,2439,0,0,0,False
isolation_forest,1,primary,0.005,15,16,2,cruise,1376,0,0,0,False
isolation_forest,1,primary,0.005,15,16,2,descent,1403,0,0,0,False
isolation_forest,1,primary,0.005,15,17,2,overall,5804,0,0,0,False
isolation_forest,1,primary,0.005,15,17,2,climb,1845,0,0,0,False
isolation_forest,1,primary,0.005,15,17,2,cruise,2329,0,0,0,False
isolation_forest,1,primary,0.005,15,17,2,descent,1630,0,0,0,False
isolation_forest,1,primary,0.005,15,18,2,overall,8154,27,1,12,False
isolation_forest,1,primary,0.005,15,18,2,climb,2033,0,0,0,False
isolation_forest,1,primary,0.005,15,18,2,cruise,2970,24,1,10,False
isolation_forest,1,primary,0.005,15,18,2,descent,3151,3,1,2,False
isolation_forest,1,primary,0.005,15,19,2,overall,6782,98,1,39,False
isolation_forest,1,primary,0.005,15,19,2,climb,2887,0,0,0,False
isolation_forest,1,primary,0.005,15,19,2,cruise,1196,5,1,3,False
isolation_forest,1,primary,0.005,15,19,2,descent,2699,93,1,36,False
isolation_forest,1,primary,0.005,15,20,2,overall,6265,1,1,1,False
isolation_forest,1,primary,0.005,15,20,2,climb,1256,0,0,0,False
isolation_forest,1,primary,0.005,15,20,2,cruise,2569,0,0,0,False
isolation_forest,1,primary,0.005,15,20,2,descent,2440,1,1,1,False
isolation_forest,1,primary,0.005,15,21,2,overall,6381,0,0,0,False
isolation_forest,1,primary,0.005,15,21,2,climb,1264,0,0,0,False
isolation_forest,1,primary,0.005,15,21,2,cruise,2088,0,0,0,False
isolation_forest,1,primary,0.005,15,21,2,descent,3029,0,0,0,False
isolation_forest,1,primary,0.005,15,22,2,overall,5501,61,1,24,False
isolation_forest,1,primary,0.005,15,22,2,climb,2343,4,1,4,False
isolation_forest,1,primary,0.005,15,22,2,cruise,1857,0,0,0,False
isolation_forest,1,primary,0.005,15,22,2,descent,1301,57,1,20,False
isolation_forest,1,primary,0.005,15,23,2,overall,6887,28,1,5,False
isolation_forest,1,primary,0.005,15,23,2,climb,1788,0,0,0,False
isolation_forest,1,primary,0.005,15,23,2,cruise,3403,0,0,0,False
isolation_forest,1,primary,0.005,15,23,2,descent,1696,28,1,5,False
isolation_forest,1,primary,0.01,11,1,3,overall,11007,51,1,16,True
isolation_forest,1,primary,0.01,11,1,3,climb,2506,0,0,0,True
isolation_forest,1,primary,0.01,11,1,3,cruise,4386,16,1,8,True
isolation_forest,1,primary,0.01,11,1,3,descent,4115,35,1,8,True
isolation_forest,1,primary,0.01,11,2,3,overall,17636,98,1,24,True
isolation_forest,1,primary,0.01,11,2,3,climb,3612,5,1,1,True
isolation_forest,1,primary,0.01,11,2,3,cruise,10521,41,1,9,True
isolation_forest,1,primary,0.01,11,2,3,descent,3503,52,1,14,True
isolation_forest,1,primary,0.01,11,3,3,overall,9831,196,1,31,True
isolation_forest,1,primary,0.01,11,3,3,climb,2031,6,1,2,True
isolation_forest,1,primary,0.01,11,3,3,cruise,3448,19,1,7,True
isolation_forest,1,primary,0.01,11,3,3,descent,4352,171,1,22,True
isolation_forest,1,primary,0.01,11,4,3,overall,13140,67,1,14,True
isolation_forest,1,primary,0.01,11,4,3,climb,2902,3,1,1,True
isolation_forest,1,primary,0.01,11,4,3,cruise,7069,0,0,0,True
isolation_forest,1,primary,0.01,11,4,3,descent,3169,64,1,13,True
isolation_forest,1,primary,0.01,11,5,3,overall,13751,209,1,32,True
isolation_forest,1,primary,0.01,11,5,3,climb,2138,3,1,1,True
isolation_forest,1,primary,0.01,11,5,3,cruise,6376,26,1,4,True
isolation_forest,1,primary,0.01,11,5,3,descent,5237,180,1,27,True
isolation_forest,1,primary,0.01,11,6,3,overall,11689,147,1,40,True
isolation_forest,1,primary,0.01,11,6,3,climb,2583,0,0,0,True
isolation_forest,1,primary,0.01,11,6,3,cruise,5477,53,1,19,True
isolation_forest,1,primary,0.01,11,6,3,descent,3629,94,1,21,True
isolation_forest,1,primary,0.01,11,7,3,overall,11007,55,1,20,True
isolation_forest,1,primary,0.01,11,7,3,climb,2506,2,1,2,True
isolation_forest,1,primary,0.01,11,7,3,cruise,4386,15,1,6,True
isolation_forest,1,primary,0.01,11,7,3,descent,4115,38,1,12,True
isolation_forest,1,primary,0.01,11,8,3,overall,8826,29,1,17,True
isolation_forest,1,primary,0.01,11,8,3,climb,4368,1,1,1,True
isolation_forest,1,primary,0.01,11,8,3,cruise,2947,20,1,10,True
isolation_forest,1,primary,0.01,11,8,3,descent,1511,8,1,6,True
isolation_forest,1,primary,0.01,11,9,3,overall,8928,44,1,14,True
isolation_forest,1,primary,0.01,11,9,3,climb,2151,3,1,2,True
isolation_forest,1,primary,0.01,11,9,3,cruise,4055,2,1,1,True
isolation_forest,1,primary,0.01,11,9,3,descent,2722,39,1,11,True
isolation_forest,1,primary,0.01,11,10,3,overall,13940,89,1,9,True
isolation_forest,1,primary,0.01,11,10,3,climb,3800,5,1,1,True
isolation_forest,1,primary,0.01,11,10,3,cruise,6079,0,0,0,True
isolation_forest,1,primary,0.01,11,10,3,descent,4061,84,1,8,True
isolation_forest,1,primary,0.01,11,11,3,overall,13751,185,1,25,True
isolation_forest,1,primary,0.01,11,11,3,climb,2138,4,1,1,True
isolation_forest,1,primary,0.01,11,11,3,cruise,6376,30,1,7,True
isolation_forest,1,primary,0.01,11,11,3,descent,5237,151,1,17,True
isolation_forest,1,primary,0.01,11,12,3,overall,14346,64,1,14,True
isolation_forest,1,primary,0.01,11,12,3,climb,3405,2,1,1,True
isolation_forest,1,primary,0.01,11,12,3,cruise,2752,21,1,7,True
isolation_forest,1,primary,0.01,11,12,3,descent,8189,41,1,6,True
isolation_forest,1,primary,0.01,11,13,3,overall,10704,47,1,16,True
isolation_forest,1,primary,0.01,11,13,3,climb,2712,7,1,1,True
isolation_forest,1,primary,0.01,11,13,3,cruise,4440,15,1,7,True
isolation_forest,1,primary,0.01,11,13,3,descent,3552,25,1,8,True
isolation_forest,1,primary,0.01,11,14,3,overall,11573,132,1,19,True
isolation_forest,1,primary,0.01,11,14,3,climb,3378,0,0,0,True
isolation_forest,1,primary,0.01,11,14,3,cruise,2869,1,1,1,True
isolation_forest,1,primary,0.01,11,14,3,descent,5326,131,1,18,True
isolation_forest,1,primary,0.01,11,15,3,overall,7701,459,1,36,True
isolation_forest,1,primary,0.01,11,15,3,climb,2139,3,1,2,True
isolation_forest,1,primary,0.01,11,15,3,cruise,1849,0,0,0,True
isolation_forest,1,primary,0.01,11,15,3,descent,3713,456,1,34,True
isolation_forest,1,primary,0.01,11,16,3,overall,11457,58,1,21,True
isolation_forest,1,primary,0.01,11,16,3,climb,3291,0,0,0,True
isolation_forest,1,primary,0.01,11,16,3,cruise,5172,0,0,0,True
isolation_forest,1,primary,0.01,11,16,3,descent,2994,58,1,21,True
isolation_forest,1,primary,0.01,11,17,3,overall,11457,62,1,15,True
isolation_forest,1,primary,0.01,11,17,3,climb,3291,0,0,0,True
isolation_forest,1,primary,0.01,11,17,3,cruise,5172,0,0,0,True
isolation_forest,1,primary,0.01,11,17,3,descent,2994,62,1,15,True
isolation_forest,1,primary,0.01,11,18,3,overall,12562,38,1,15,True
isolation_forest,1,primary,0.01,11,18,3,climb,4727,1,1,1,True
isolation_forest,1,primary,0.01,11,18,3,cruise,3161,6,1,2,True
isolation_forest,1,primary,0.01,11,18,3,descent,4674,31,1,12,True
isolation_forest,1,primary,0.01,14,1,1,overall,2551,8,1,3,False
isolation_forest,1,primary,0.01,14,1,1,climb,79,5,1,1,False
isolation_forest,1,primary,0.01,14,1,1,cruise,2364,1,1,1,False
isolation_forest,1,primary,0.01,14,1,1,descent,108,2,1,2,False
isolation_forest,1,primary,0.01,14,2,1,overall,1528,33,1,15,False
isolation_forest,1,primary,0.01,14,2,1,climb,435,1,1,1,False
isolation_forest,1,primary,0.01,14,2,1,cruise,592,0,0,0,False
isolation_forest,1,primary,0.01,14,2,1,descent,501,32,1,14,False
isolation_forest,1,primary,0.01,14,3,1,overall,1887,30,1,5,False
isolation_forest,1,primary,0.01,14,3,1,climb,227,0,0,0,False
isolation_forest,1,primary,0.01,14,3,1,cruise,1396,30,1,5,False
isolation_forest,1,primary,0.01,14,3,1,descent,264,0,0,0,False
isolation_forest,1,primary,0.01,14,4,1,overall,1303,119,1,14,False
isolation_forest,1,primary,0.01,14,4,1,climb,87,25,1,2,False
isolation_forest,1,primary,0.01,14,4,1,cruise,1069,93,1,11,False
isolation_forest,1,primary,0.01,14,4,1,descent,147,1,1,1,False
isolation_forest,1,primary,0.01,14,5,1,overall,2641,7,1,1,False
isolation_forest,1,primary,0.01,14,5,1,climb,1059,7,1,1,False
isolation_forest,1,primary,0.01,14,5,1,cruise,390,0,0,0,False
isolation_forest,1,primary,0.01,14,5,1,descent,1192,0,0,0,False
isolation_forest,1,primary,0.01,14,6,1,overall,2918,17,1,4,False
isolation_forest,1,primary,0.01,14,6,1,climb,222,6,1,1,False
isolation_forest,1,primary,0.01,14,6,1,cruise,1468,9,1,2,False
isolation_forest,1,primary,0.01,14,6,1,descent,1228,2,1,1,False
isolation_forest,1,primary,0.01,14,7,1,overall,1303,123,1,15,False
isolation_forest,1,primary,0.01,14,7,1,climb,87,25,1,2,False
isolation_forest,1,primary,0.01,14,7,1,cruise,1069,97,1,12,False
isolation_forest,1,primary,0.01,14,7,1,descent,147,1,1,1,False
isolation_forest,1,primary,0.01,14,8,1,overall,2551,7,1,3,False
isolation_forest,1,primary,0.01,14,8,1,climb,79,4,1,1,False
isolation_forest,1,primary,0.01,14,8,1,cruise,2364,1,1,1,False
isolation_forest,1,primary,0.01,14,8,1,descent,108,2,1,2,False
isolation_forest,1,primary,0.01,14,9,1,overall,1706,34,1,4,False
isolation_forest,1,primary,0.01,14,9,1,climb,38,0,0,0,False
isolation_forest,1,primary,0.01,14,9,1,cruise,47,0,0,0,False
isolation_forest,1,primary,0.01,14,9,1,descent,1621,34,1,4,False
isolation_forest,1,primary,0.01,14,10,1,overall,1706,33,1,3,False
isolation_forest,1,primary,0.01,14,10,1,climb,38,0,0,0,False
isolation_forest,1,primary,0.01,14,10,1,cruise,47,0,0,0,False
isolation_forest,1,primary,0.01,14,10,1,descent,1621,33,1,3,False
isolation_forest,1,primary,0.01,14,11,1,overall,2346,18,1,4,False
isolation_forest,1,primary,0.01,14,11,1,climb,482,1,1,1,False
isolation_forest,1,primary,0.01,14,11,1,cruise,1040,17,1,3,False
isolation_forest,1,primary,0.01,14,11,1,descent,824,0,0,0,False
isolation_forest,1,primary,0.01,14,12,1,overall,2641,7,1,1,False
isolation_forest,1,primary,0.01,14,12,1,climb,1059,7,1,1,False
isolation_forest,1,primary,0.01,14,12,1,cruise,390,0,0,0,False
isolation_forest,1,primary,0.01,14,12,1,descent,1192,0,0,0,False
isolation_forest,1,primary,0.01,14,13,1,overall,1303,137,1,17,False
isolation_forest,1,primary,0.01,14,13,1,climb,87,26,1,2,False
isolation_forest,1,primary,0.01,14,13,1,cruise,1069,108,1,14,False
isolation_forest,1,primary,0.01,14,13,1,descent,147,3,1,1,False
isolation_forest,1,primary,0.01,14,14,1,overall,2629,35,1,5,False
isolation_forest,1,primary,0.01,14,14,1,climb,490,0,0,0,False
isolation_forest,1,primary,0.01,14,14,1,cruise,1339,0,0,0,False
isolation_forest,1,primary,0.01,14,14,1,descent,800,35,1,5,False
isolation_forest,1,primary,0.01,14,15,1,overall,1930,2,1,1,False
isolation_forest,1,primary,0.01,14,15,1,climb,486,0,0,0,False
isolation_forest,1,primary,0.01,14,15,1,cruise,795,0,0,0,False
isolation_forest,1,primary,0.01,14,15,1,descent,649,2,1,1,False
isolation_forest,1,primary,0.01,14,16,1,overall,1528,45,1,21,False
isolation_forest,1,primary,0.01,14,16,1,climb,435,1,1,1,False
isolation_forest,1,primary,0.01,14,16,1,cruise,592,0,0,0,False
isolation_forest,1,primary,0.01,14,16,1,descent,501,44,1,20,False
isolation_forest,1,primary,0.01,14,17,1,overall,2641,8,1,1,False
isolation_forest,1,primary,0.01,14,17,1,climb,1059,8,1,1,False
isolation_forest,1,primary,0.01,14,17,1,cruise,390,0,0,0,False
isolation_forest,1,primary,0.01,14,17,1,descent,1192,0,0,0,False
isolation_forest,1,primary,0.01,14,18,1,overall,2629,20,1,13,False
isolation_forest,1,primary,0.01,14,18,1,climb,490,0,0,0,False
isolation_forest,1,primary,0.01,14,18,1,cruise,1339,0,0,0,False
isolation_forest,1,primary,0.01,14,18,1,descent,800,20,1,13,False
isolation_forest,1,primary,0.01,14,19,1,overall,1706,33,1,3,False
isolation_forest,1,primary,0.01,14,19,1,climb,38,0,0,0,False
isolation_forest,1,primary,0.01,14,19,1,cruise,47,0,0,0,False
isolation_forest,1,primary,0.01,14,19,1,descent,1621,33,1,3,False
isolation_forest,1,primary,0.01,14,20,1,overall,2629,35,1,5,False
isolation_forest,1,primary,0.01,14,20,1,climb,490,0,0,0,False
isolation_forest,1,primary,0.01,14,20,1,cruise,1339,0,0,0,False
isolation_forest,1,primary,0.01,14,20,1,descent,800,35,1,5,False
isolation_forest,1,primary,0.01,14,21,1,overall,1706,33,1,3,False
isolation_forest,1,primary,0.01,14,21,1,climb,38,0,0,0,False
isolation_forest,1,primary,0.01,14,21,1,cruise,47,0,0,0,False
isolation_forest,1,primary,0.01,14,21,1,descent,1621,33,1,3,False
isolation_forest,1,primary,0.01,14,22,1,overall,1887,32,1,5,False
isolation_forest,1,primary,0.01,14,22,1,climb,227,0,0,0,False
isolation_forest,1,primary,0.01,14,22,1,cruise,1396,32,1,5,False
isolation_forest,1,primary,0.01,14,22,1,descent,264,0,0,0,False
isolation_forest,1,primary,0.01,14,23,1,overall,2629,34,1,5,False
isolation_forest,1,primary,0.01,14,23,1,climb,490,0,0,0,False
isolation_forest,1,primary,0.01,14,23,1,cruise,1339,0,0,0,False
isolation_forest,1,primary,0.01,14,23,1,descent,800,34,1,5,False
isolation_forest,1,primary,0.01,14,24,1,overall,2641,10,1,1,False
isolation_forest,1,primary,0.01,14,24,1,climb,1059,10,1,1,False
isolation_forest,1,primary,0.01,14,24,1,cruise,390,0,0,0,False
isolation_forest,1,primary,0.01,14,24,1,descent,1192,0,0,0,False
isolation_forest,1,primary,0.01,14,25,1,overall,2551,11,1,3,False
isolation_forest,1,primary,0.01,14,25,1,climb,79,8,1,1,False
isolation_forest,1,primary,0.01,14,25,1,cruise,2364,1,1,1,False
isolation_forest,1,primary,0.01,14,25,1,descent,108,2,1,2,False
isolation_forest,1,primary,0.01,14,26,1,overall,2034,15,1,5,False
isolation_forest,1,primary,0.01,14,26,1,climb,135,11,1,3,False
isolation_forest,1,primary,0.01,14,26,1,cruise,84,0,0,0,False
isolation_forest,1,primary,0.01,14,26,1,descent,1815,4,1,2,False
isolation_forest,1,primary,0.01,14,27,1,overall,1887,32,1,7,False
isolation_forest,1,primary,0.01,14,27,1,climb,227,0,0,0,False
isolation_forest,1,primary,0.01,14,27,1,cruise,1396,32,1,7,False
isolation_forest,1,primary,0.01,14,27,1,descent,264,0,0,0,False
isolation_forest,1,primary,0.01,14,28,1,overall,2629,47,1,8,False
isolation_forest,1,primary,0.01,14,28,1,climb,490,0,0,0,False
isolation_forest,1,primary,0.01,14,28,1,cruise,1339,0,0,0,False
isolation_forest,1,primary,0.01,14,28,1,descent,800,47,1,8,False
isolation_forest,1,primary,0.01,14,29,1,overall,1887,40,1,9,False
isolation_forest,1,primary,0.01,14,29,1,climb,227,2,1,2,False
isolation_forest,1,primary,0.01,14,29,1,cruise,1396,38,1,7,False
isolation_forest,1,primary,0.01,14,29,1,descent,264,0,0,0,False
isolation_forest,1,primary,0.01,14,30,1,overall,1528,170,1,29,False
isolation_forest,1,primary,0.01,14,30,1,climb,435,5,1,1,False
isolation_forest,1,primary,0.01,14,30,1,cruise,592,0,0,0,False
isolation_forest,1,primary,0.01,14,30,1,descent,501,165,1,28,False
isolation_forest,1,primary,0.01,14,31,1,overall,2629,67,1,9,False
isolation_forest,1,primary,0.01,14,31,1,climb,490,0,0,0,False
isolation_forest,1,primary,0.01,14,31,1,cruise,1339,0,0,0,False
isolation_forest,1,primary,0.01,14,31,1,descent,800,67,1,9,False
isolation_forest,1,primary,0.01,14,32,1,overall,1006,7,1,3,False
isolation_forest,1,primary,0.01,14,32,1,climb,262,2,1,2,False
isolation_forest,1,primary,0.01,14,32,1,cruise,356,5,1,1,False
isolation_forest,1,primary,0.01,14,32,1,descent,388,0,0,0,False
isolation_forest,1,primary,0.01,14,33,1,overall,1528,183,1,25,False
isolation_forest,1,primary,0.01,14,33,1,climb,435,5,1,1,False
isolation_forest,1,primary,0.01,14,33,1,cruise,592,0,0,0,False
isolation_forest,1,primary,0.01,14,33,1,descent,501,178,1,24,False
isolation_forest,1,primary,0.01,14,34,1,overall,1944,67,1,9,False
isolation_forest,1,primary,0.01,14,34,1,climb,142,0,0,0,False
isolation_forest,1,primary,0.01,14,34,1,cruise,1554,6,1,4,False
isolation_forest,1,primary,0.01,14,34,1,descent,248,61,1,5,False
isolation_forest,1,primary,0.01,14,35,1,overall,1706,34,1,3,False
isolation_forest,1,primary,0.01,14,35,1,climb,38,0,0,0,False
isolation_forest,1,primary,0.01,14,35,1,cruise,47,0,0,0,False
isolation_forest,1,primary,0.01,14,35,1,descent,1621,34,1,3,False
isolation_forest,1,primary,0.01,15,1,2,overall,2669,126,1,12,False
isolation_forest,1,primary,0.01,15,1,2,climb,625,0,0,0,False
isolation_forest,1,primary,0.01,15,1,2,cruise,752,0,0,0,False
isolation_forest,1,primary,0.01,15,1,2,descent,1292,126,1,12,False
isolation_forest,1,primary,0.01,15,2,2,overall,7711,0,0,0,False
isolation_forest,1,primary,0.01,15,2,2,climb,2028,0,0,0,False
isolation_forest,1,primary,0.01,15,2,2,cruise,3298,0,0,0,False
isolation_forest,1,primary,0.01,15,2,2,descent,2385,0,0,0,False
isolation_forest,1,primary,0.01,15,3,2,overall,5503,64,1,22,False
isolation_forest,1,primary,0.01,15,3,2,climb,3519,0,0,0,False
isolation_forest,1,primary,0.01,15,3,2,cruise,722,1,1,1,False
isolation_forest,1,primary,0.01,15,3,2,descent,1262,63,1,21,False
isolation_forest,1,primary,0.01,15,4,2,overall,6372,64,1,10,False
isolation_forest,1,primary,0.01,15,4,2,climb,2754,26,1,1,False
isolation_forest,1,primary,0.01,15,4,2,cruise,2405,0,0,0,False
isolation_forest,1,primary,0.01,15,4,2,descent,1213,38,1,9,False
isolation_forest,1,primary,0.01,15,5,2,overall,6075,5,1,2,False
isolation_forest,1,primary,0.01,15,5,2,climb,1642,1,1,1,False
isolation_forest,1,primary,0.01,15,5,2,cruise,2509,0,0,0,False
isolation_forest,1,primary,0.01,15,5,2,descent,1924,4,1,1,False
isolation_forest,1,primary,0.01,15,6,2,overall,9157,88,1,9,False
isolation_forest,1,primary,0.01,15,6,2,climb,3584,1,1,1,False
isolation_forest,1,primary,0.01,15,6,2,cruise,2702,69,1,5,False
isolation_forest,1,primary,0.01,15,6,2,descent,2871,18,1,3,False
isolation_forest,1,primary,0.01,15,7,2,overall,5892,136,1,17,False
isolation_forest,1,primary,0.01,15,7,2,climb,2990,15,1,4,False
isolation_forest,1,primary,0.01,15,7,2,cruise,2120,1,1,1,False
isolation_forest,1,primary,0.01,15,7,2,descent,782,120,1,12,False
isolation_forest,1,primary,0.01,15,8,2,overall,4015,5,1,2,False
isolation_forest,1,primary,0.01,15,8,2,climb,748,4,1,1,False
isolation_forest,1,primary,0.01,15,8,2,cruise,1371,0,0,0,False
isolation_forest,1,primary,0.01,15,8,2,descent,1896,1,1,1,False
isolation_forest,1,primary,0.01,15,9,2,overall,8714,124,1,27,False
isolation_forest,1,primary,0.01,15,9,2,climb,2650,3,1,2,False
isolation_forest,1,primary,0.01,15,9,2,cruise,4542,29,1,13,False
isolation_forest,1,primary,0.01,15,9,2,descent,1522,92,1,12,False
isolation_forest,1,primary,0.01,15,10,2,overall,5218,4,1,2,False
isolation_forest,1,primary,0.01,15,10,2,climb,2439,3,1,1,False
isolation_forest,1,primary,0.01,15,10,2,cruise,1376,0,0,0,False
isolation_forest,1,primary,0.01,15,10,2,descent,1403,1,1,1,False
isolation_forest,1,primary,0.01,15,11,2,overall,6001,43,1,7,False
isolation_forest,1,primary,0.01,15,11,2,climb,2203,3,1,1,False
isolation_forest,1,primary,0.01,15,11,2,cruise,2046,0,0,0,False
isolation_forest,1,primary,0.01,15,11,2,descent,1752,40,1,6,False
isolation_forest,1,primary,0.01,15,12,2,overall,8363,60,1,11,False
isolation_forest,1,primary,0.01,15,12,2,climb,1990,0,0,0,False
isolation_forest,1,primary,0.01,15,12,2,cruise,3014,0,0,0,False
isolation_forest,1,primary,0.01,15,12,2,descent,3359,60,1,11,False
isolation_forest,1,primary,0.01,15,13,2,overall,5761,2,1,2,False
isolation_forest,1,primary,0.01,15,13,2,climb,1671,0,0,0,False
isolation_forest,1,primary,0.01,15,13,2,cruise,2573,0,0,0,False
isolation_forest,1,primary,0.01,15,13,2,descent,1517,2,1,2,False
isolation_forest,1,primary,0.01,15,14,2,overall,6942,9,1,2,False
isolation_forest,1,primary,0.01,15,14,2,climb,2058,8,1,1,False
isolation_forest,1,primary,0.01,15,14,2,cruise,3278,0,0,0,False
isolation_forest,1,primary,0.01,15,14,2,descent,1606,1,1,1,False
isolation_forest,1,primary,0.01,15,15,2,overall,8154,220,1,33,False
isolation_forest,1,primary,0.01,15,15,2,climb,2033,4,1,1,False
isolation_forest,1,primary,0.01,15,15,2,cruise,2970,38,1,8,False
isolation_forest,1,primary,0.01,15,15,2,descent,3151,178,1,24,False
isolation_forest,1,primary,0.01,15,16,2,overall,5218,4,1,2,False
isolation_forest,1,primary,0.01,15,16,2,climb,2439,3,1,1,False
isolation_forest,1,primary,0.01,15,16,2,cruise,1376,0,0,0,False
isolation_forest,1,primary,0.01,15,16,2,descent,1403,1,1,1,False
isolation_forest,1,primary,0.01,15,17,2,overall,5804,5,1,4,False
isolation_forest,1,primary,0.01,15,17,2,climb,1845,0,0,0,False
isolation_forest,1,primary,0.01,15,17,2,cruise,2329,0,0,0,False
isolation_forest,1,primary,0.01,15,17,2,descent,1630,5,1,4,False
isolation_forest,1,primary,0.01,15,18,2,overall,8154,196,1,38,False
isolation_forest,1,primary,0.01,15,18,2,climb,2033,4,1,1,False
isolation_forest,1,primary,0.01,15,18,2,cruise,2970,35,1,11,False
isolation_forest,1,primary,0.01,15,18,2,descent,3151,157,1,26,False
isolation_forest,1,primary,0.01,15,19,2,overall,6782,174,1,34,False
isolation_forest,1,primary,0.01,15,19,2,climb,2887,0,0,0,False
isolation_forest,1,primary,0.01,15,19,2,cruise,1196,15,1,10,False
isolation_forest,1,primary,0.01,15,19,2,descent,2699,159,1,24,False
isolation_forest,1,primary,0.01,15,20,2,overall,6265,7,1,2,False
isolation_forest,1,primary,0.01,15,20,2,climb,1256,0,0,0,False
isolation_forest,1,primary,0.01,15,20,2,cruise,2569,0,0,0,False
isolation_forest,1,primary,0.01,15,20,2,descent,2440,7,1,2,False
isolation_forest,1,primary,0.01,15,21,2,overall,6381,7,1,3,False
isolation_forest,1,primary,0.01,15,21,2,climb,1264,0,0,0,False
isolation_forest,1,primary,0.01,15,21,2,cruise,2088,0,0,0,False
isolation_forest,1,primary,0.01,15,21,2,descent,3029,7,1,3,False
isolation_forest,1,primary,0.01,15,22,2,overall,5501,80,1,21,False
isolation_forest,1,primary,0.01,15,22,2,climb,2343,12,1,5,False
isolation_forest,1,primary,0.01,15,22,2,cruise,1857,0,0,0,False
isolation_forest,1,primary,0.01,15,22,2,descent,1301,68,1,16,False
isolation_forest,1,primary,0.01,15,23,2,overall,6887,140,1,14,False
isolation_forest,1,primary,0.01,15,23,2,climb,1788,3,1,3,False
isolation_forest,1,primary,0.01,15,23,2,cruise,3403,0,0,0,False
isolation_forest,1,primary,0.01,15,23,2,descent,1696,137,1,11,False
isolation_forest,1,primary,0.02,11,1,3,overall,11007,109,1,33,True
isolation_forest,1,primary,0.02,11,1,3,climb,2506,6,1,1,True
isolation_forest,1,primary,0.02,11,1,3,cruise,4386,25,1,13,True
isolation_forest,1,primary,0.02,11,1,3,descent,4115,78,1,19,True
isolation_forest,1,primary,0.02,11,2,3,overall,17636,136,1,29,True
isolation_forest,1,primary,0.02,11,2,3,climb,3612,8,1,1,True
isolation_forest,1,primary,0.02,11,2,3,cruise,10521,50,1,8,True
isolation_forest,1,primary,0.02,11,2,3,descent,3503,78,1,20,True
isolation_forest,1,primary,0.02,11,3,3,overall,9831,549,1,54,True
isolation_forest,1,primary,0.02,11,3,3,climb,2031,16,1,1,True
isolation_forest,1,primary,0.02,11,3,3,cruise,3448,25,1,9,True
isolation_forest,1,primary,0.02,11,3,3,descent,4352,508,1,44,True
isolation_forest,1,primary,0.02,11,4,3,overall,13140,103,1,22,True
isolation_forest,1,primary,0.02,11,4,3,climb,2902,6,1,2,True
isolation_forest,1,primary,0.02,11,4,3,cruise,7069,0,0,0,True
isolation_forest,1,primary,0.02,11,4,3,descent,3169,97,1,20,True
isolation_forest,1,primary,0.02,11,5,3,overall,13751,262,1,26,True
isolation_forest,1,primary,0.02,11,5,3,climb,2138,6,1,1,True
isolation_forest,1,primary,0.02,11,5,3,cruise,6376,28,1,4,True
isolation_forest,1,primary,0.02,11,5,3,descent,5237,228,1,21,True
isolation_forest,1,primary,0.02,11,6,3,overall,11689,221,1,63,True
isolation_forest,1,primary,0.02,11,6,3,climb,2583,0,0,0,True
isolation_forest,1,primary,0.02,11,6,3,cruise,5477,78,1,30,True
isolation_forest,1,primary,0.02,11,6,3,descent,3629,143,1,33,True
isolation_forest,1,primary,0.02,11,7,3,overall,11007,182,1,36,True
isolation_forest,1,primary,0.02,11,7,3,climb,2506,7,1,1,True
isolation_forest,1,primary,0.02,11,7,3,cruise,4386,28,1,11,True
isolation_forest,1,primary,0.02,11,7,3,descent,4115,147,1,24,True
isolation_forest,1,primary,0.02,11,8,3,overall,8826,195,1,46,True
isolation_forest,1,primary,0.02,11,8,3,climb,4368,2,1,1,True
isolation_forest,1,primary,0.02,11,8,3,cruise,2947,125,1,10,True
isolation_forest,1,primary,0.02,11,8,3,descent,1511,68,1,35,True
isolation_forest,1,primary,0.02,11,9,3,overall,8928,125,1,33,True
isolation_forest,1,primary,0.02,11,9,3,climb,2151,9,1,5,True
isolation_forest,1,primary,0.02,11,9,3,cruise,4055,8,1,3,True
isolation_forest,1,primary,0.02,11,9,3,descent,2722,108,1,25,True
isolation_forest,1,primary,0.02,11,10,3,overall,13940,196,1,18,True
isolation_forest,1,primary,0.02,11,10,3,climb,3800,9,1,1,True
isolation_forest,1,primary,0.02,11,10,3,cruise,6079,1,1,1,True
isolation_forest,1,primary,0.02,11,10,3,descent,4061,186,1,16,True
isolation_forest,1,primary,0.02,11,11,3,overall,13751,238,1,22,True
isolation_forest,1,primary,0.02,11,11,3,climb,2138,6,1,1,True
isolation_forest,1,primary,0.02,11,11,3,cruise,6376,35,1,3,True
isolation_forest,1,primary,0.02,11,11,3,descent,5237,197,1,18,True
isolation_forest,1,primary,0.02,11,12,3,overall,14346,91,1,27,True
isolation_forest,1,primary,0.02,11,12,3,climb,3405,5,1,1,True
isolation_forest,1,primary,0.02,11,12,3,cruise,2752,29,1,9,True
isolation_forest,1,primary,0.02,11,12,3,descent,8189,57,1,17,True
isolation_forest,1,primary,0.02,11,13,3,overall,10704,82,1,20,True
isolation_forest,1,primary,0.02,11,13,3,climb,2712,11,1,1,True
isolation_forest,1,primary,0.02,11,13,3,cruise,4440,25,1,8,True
isolation_forest,1,primary,0.02,11,13,3,descent,3552,46,1,11,True
isolation_forest,1,primary,0.02,11,14,3,overall,11573,181,1,30,True
isolation_forest,1,primary,0.02,11,14,3,climb,3378,3,1,1,True
isolation_forest,1,primary,0.02,11,14,3,cruise,2869,4,1,2,True
isolation_forest,1,primary,0.02,11,14,3,descent,5326,174,1,27,True
isolation_forest,1,primary,0.02,11,15,3,overall,7701,571,1,56,True
isolation_forest,1,primary,0.02,11,15,3,climb,2139,4,1,2,True
isolation_forest,1,primary,0.02,11,15,3,cruise,1849,0,0,0,True
isolation_forest,1,primary,0.02,11,15,3,descent,3713,567,1,54,True
isolation_forest,1,primary,0.02,11,16,3,overall,11457,312,1,40,True
isolation_forest,1,primary,0.02,11,16,3,climb,3291,4,1,2,True
isolation_forest,1,primary,0.02,11,16,3,cruise,5172,0,0,0,True
isolation_forest,1,primary,0.02,11,16,3,descent,2994,308,1,38,True
isolation_forest,1,primary,0.02,11,17,3,overall,11457,300,1,30,True
isolation_forest,1,primary,0.02,11,17,3,climb,3291,2,1,1,True
isolation_forest,1,primary,0.02,11,17,3,cruise,5172,0,0,0,True
isolation_forest,1,primary,0.02,11,17,3,descent,2994,298,1,29,True
isolation_forest,1,primary,0.02,11,18,3,overall,12562,129,1,28,True
isolation_forest,1,primary,0.02,11,18,3,climb,4727,3,1,2,True
isolation_forest,1,primary,0.02,11,18,3,cruise,3161,60,1,11,True
isolation_forest,1,primary,0.02,11,18,3,descent,4674,66,1,15,True
isolation_forest,1,primary,0.02,14,1,1,overall,2551,15,1,6,False
isolation_forest,1,primary,0.02,14,1,1,climb,79,8,1,1,False
isolation_forest,1,primary,0.02,14,1,1,cruise,2364,5,1,4,False
isolation_forest,1,primary,0.02,14,1,1,descent,108,2,1,2,False
isolation_forest,1,primary,0.02,14,2,1,overall,1528,214,1,14,False
isolation_forest,1,primary,0.02,14,2,1,climb,435,4,1,1,False
isolation_forest,1,primary,0.02,14,2,1,cruise,592,0,0,0,False
isolation_forest,1,primary,0.02,14,2,1,descent,501,210,1,13,False
isolation_forest,1,primary,0.02,14,3,1,overall,1887,63,1,22,False
isolation_forest,1,primary,0.02,14,3,1,climb,227,5,1,4,False
isolation_forest,1,primary,0.02,14,3,1,cruise,1396,43,1,10,False
isolation_forest,1,primary,0.02,14,3,1,descent,264,15,1,8,False
isolation_forest,1,primary,0.02,14,4,1,overall,1303,188,1,24,False
isolation_forest,1,primary,0.02,14,4,1,climb,87,30,1,2,False
isolation_forest,1,primary,0.02,14,4,1,cruise,1069,147,1,19,False
isolation_forest,1,primary,0.02,14,4,1,descent,147,11,1,4,False
isolation_forest,1,primary,0.02,14,5,1,overall,2641,51,1,5,False
isolation_forest,1,primary,0.02,14,5,1,climb,1059,10,1,1,False
isolation_forest,1,primary,0.02,14,5,1,cruise,390,0,0,0,False
isolation_forest,1,primary,0.02,14,5,1,descent,1192,41,1,4,False
isolation_forest,1,primary,0.02,14,6,1,overall,2918,41,1,13,False
isolation_forest,1,primary,0.02,14,6,1,climb,222,13,1,1,False
isolation_forest,1,primary,0.02,14,6,1,cruise,1468,20,1,7,False
isolation_forest,1,primary,0.02,14,6,1,descent,1228,8,1,5,False
isolation_forest,1,primary,0.02,14,7,1,overall,1303,193,1,28,False
isolation_forest,1,primary,0.02,14,7,1,climb,87,30,1,2,False
isolation_forest,1,primary,0.02,14,7,1,cruise,1069,152,1,23,False
isolation_forest,1,primary,0.02,14,7,1,descent,147,11,1,4,False
isolation_forest,1,primary,0.02,14,8,1,overall,2551,13,1,5,False
isolation_forest,1,primary,0.02,14,8,1,climb,79,8,1,1,False
isolation_forest,1,primary,0.02,14,8,1,cruise,2364,3,1,3,False
isolation_forest,1,primary,0.02,14,8,1,descent,108,2,1,2,False
isolation_forest,1,primary,0.02,14,9,1,overall,1706,75,1,7,False
isolation_forest,1,primary,0.02,14,9,1,climb,38,0,0,0,False
isolation_forest,1,primary,0.02,14,9,1,cruise,47,0,0,0,False
isolation_forest,1,primary,0.02,14,9,1,descent,1621,75,1,7,False
isolation_forest,1,primary,0.02,14,10,1,overall,1706,65,1,6,False
isolation_forest,1,primary,0.02,14,10,1,climb,38,0,0,0,False
isolation_forest,1,primary,0.02,14,10,1,cruise,47,0,0,0,False
isolation_forest,1,primary,0.02,14,10,1,descent,1621,65,1,6,False
isolation_forest,1,primary,0.02,14,11,1,overall,2346,59,1,7,False
isolation_forest,1,primary,0.02,14,11,1,climb,482,7,1,1,False
isolation_forest,1,primary,0.02,14,11,1,cruise,1040,35,1,1,False
isolation_forest,1,primary,0.02,14,11,1,descent,824,17,1,5,False
isolation_forest,1,primary,0.02,14,12,1,overall,2641,52,1,8,False
isolation_forest,1,primary,0.02,14,12,1,climb,1059,11,1,1,False
isolation_forest,1,primary,0.02,14,12,1,cruise,390,0,0,0,False
isolation_forest,1,primary,0.02,14,12,1,descent,1192,41,1,7,False
isolation_forest,1,primary,0.02,14,13,1,overall,1303,211,1,31,False
isolation_forest,1,primary,0.02,14,13,1,climb,87,29,1,2,False
isolation_forest,1,primary,0.02,14,13,1,cruise,1069,165,1,23,False
isolation_forest,1,primary,0.02,14,13,1,descent,147,17,1,7,False
isolation_forest,1,primary,0.02,14,14,1,overall,2629,187,1,15,False
isolation_forest,1,primary,0.02,14,14,1,climb,490,0,0,0,False
isolation_forest,1,primary,0.02,14,14,1,cruise,1339,0,0,0,False
isolation_forest,1,primary,0.02,14,14,1,descent,800,187,1,15,False
isolation_forest,1,primary,0.02,14,15,1,overall,1930,7,1,4,False
isolation_forest,1,primary,0.02,14,15,1,climb,486,2,1,1,False
isolation_forest,1,primary,0.02,14,15,1,cruise,795,0,0,0,False
isolation_forest,1,primary,0.02,14,15,1,descent,649,5,1,3,False
isolation_forest,1,primary,0.02,14,16,1,overall,1528,235,1,15,False
isolation_forest,1,primary,0.02,14,16,1,climb,435,6,1,1,False
isolation_forest,1,primary,0.02,14,16,1,cruise,592,0,0,0,False
isolation_forest,1,primary,0.02,14,16,1,descent,501,229,1,14,False
isolation_forest,1,primary,0.02,14,17,1,overall,2641,63,1,8,False
isolation_forest,1,primary,0.02,14,17,1,climb,1059,12,1,1,False
isolation_forest,1,primary,0.02,14,17,1,cruise,390,0,0,0,False
isolation_forest,1,primary,0.02,14,17,1,descent,1192,51,1,7,False
isolation_forest,1,primary,0.02,14,18,1,overall,2629,148,1,17,False
isolation_forest,1,primary,0.02,14,18,1,climb,490,0,0,0,False
isolation_forest,1,primary,0.02,14,18,1,cruise,1339,0,0,0,False
isolation_forest,1,primary,0.02,14,18,1,descent,800,148,1,17,False
isolation_forest,1,primary,0.02,14,19,1,overall,1706,55,1,10,False
isolation_forest,1,primary,0.02,14,19,1,climb,38,1,1,1,False
isolation_forest,1,primary,0.02,14,19,1,cruise,47,0,0,0,False
isolation_forest,1,primary,0.02,14,19,1,descent,1621,54,1,9,False
isolation_forest,1,primary,0.02,14,20,1,overall,2629,191,1,16,False
isolation_forest,1,primary,0.02,14,20,1,climb,490,0,0,0,False
isolation_forest,1,primary,0.02,14,20,1,cruise,1339,0,0,0,False
isolation_forest,1,primary,0.02,14,20,1,descent,800,191,1,16,False
isolation_forest,1,primary,0.02,14,21,1,overall,1706,45,1,9,False
isolation_forest,1,primary,0.02,14,21,1,climb,38,1,1,1,False
isolation_forest,1,primary,0.02,14,21,1,cruise,47,0,0,0,False
isolation_forest,1,primary,0.02,14,21,1,descent,1621,44,1,8,False
isolation_forest,1,primary,0.02,14,22,1,overall,1887,121,1,18,False
isolation_forest,1,primary,0.02,14,22,1,climb,227,37,1,6,False
isolation_forest,1,primary,0.02,14,22,1,cruise,1396,57,1,12,False
isolation_forest,1,primary,0.02,14,22,1,descent,264,27,1,1,False
isolation_forest,1,primary,0.02,14,23,1,overall,2629,155,1,20,False
isolation_forest,1,primary,0.02,14,23,1,climb,490,0,0,0,False
isolation_forest,1,primary,0.02,14,23,1,cruise,1339,0,0,0,False
isolation_forest,1,primary,0.02,14,23,1,descent,800,155,1,20,False
isolation_forest,1,primary,0.02,14,24,1,overall,2641,81,1,21,False
isolation_forest,1,primary,0.02,14,24,1,climb,1059,13,1,1,False
isolation_forest,1,primary,0.02,14,24,1,cruise,390,3,1,1,False
isolation_forest,1,primary,0.02,14,24,1,descent,1192,65,1,19,False
isolation_forest,1,primary,0.02,14,25,1,overall,2551,22,1,7,False
isolation_forest,1,primary,0.02,14,25,1,climb,79,14,1,1,False
isolation_forest,1,primary,0.02,14,25,1,cruise,2364,5,1,4,False
isolation_forest,1,primary,0.02,14,25,1,descent,108,3,1,3,False
isolation_forest,1,primary,0.02,14,26,1,overall,2034,32,1,9,False
isolation_forest,1,primary,0.02,14,26,1,climb,135,21,1,3,False
isolation_forest,1,primary,0.02,14,26,1,cruise,84,0,0,0,False
isolation_forest,1,primary,0.02,14,26,1,descent,1815,11,1,6,False
isolation_forest,1,primary,0.02,14,27,1,overall,1887,138,1,28,False
isolation_forest,1,primary,0.02,14,27,1,climb,227,38,1,8,False
isolation_forest,1,primary,0.02,14,27,1,cruise,1396,57,1,14,False
isolation_forest,1,primary,0.02,14,27,1,descent,264,43,1,7,False
isolation_forest,1,primary,0.02,14,28,1,overall,2629,266,1,20,False
isolation_forest,1,primary,0.02,14,28,1,climb,490,0,0,0,False
isolation_forest,1,primary,0.02,14,28,1,cruise,1339,0,0,0,False
isolation_forest,1,primary,0.02,14,28,1,descent,800,266,1,20,False
isolation_forest,1,primary,0.02,14,29,1,overall,1887,160,1,21,False
isolation_forest,1,primary,0.02,14,29,1,climb,227,47,1,5,False
isolation_forest,1,primary,0.02,14,29,1,cruise,1396,71,1,11,False
isolation_forest,1,primary,0.02,14,29,1,descent,264,42,1,6,False
isolation_forest,1,primary,0.02,14,30,1,overall,1528,295,1,14,False
isolation_forest,1,primary,0.02,14,30,1,climb,435,8,1,1,False
isolation_forest,1,primary,0.02,14,30,1,cruise,592,0,0,0,False
isolation_forest,1,primary,0.02,14,30,1,descent,501,287,1,13,False
isolation_forest,1,primary,0.02,14,31,1,overall,2629,295,1,15,False
isolation_forest,1,primary,0.02,14,31,1,climb,490,0,0,0,False
isolation_forest,1,primary,0.02,14,31,1,cruise,1339,0,0,0,False
isolation_forest,1,primary,0.02,14,31,1,descent,800,295,1,15,False
isolation_forest,1,primary,0.02,14,32,1,overall,1006,64,1,34,False
isolation_forest,1,primary,0.02,14,32,1,climb,262,12,1,6,False
isolation_forest,1,primary,0.02,14,32,1,cruise,356,31,1,14,False
isolation_forest,1,primary,0.02,14,32,1,descent,388,21,1,14,False
isolation_forest,1,primary,0.02,14,33,1,overall,1528,306,1,18,False
isolation_forest,1,primary,0.02,14,33,1,climb,435,9,1,1,False
isolation_forest,1,primary,0.02,14,33,1,cruise,592,2,1,2,False
isolation_forest,1,primary,0.02,14,33,1,descent,501,295,1,15,False
isolation_forest,1,primary,0.02,14,34,1,overall,1944,143,1,11,False
isolation_forest,1,primary,0.02,14,34,1,climb,142,7,1,1,False
isolation_forest,1,primary,0.02,14,34,1,cruise,1554,13,1,4,False
isolation_forest,1,primary,0.02,14,34,1,descent,248,123,1,6,False
isolation_forest,1,primary,0.02,14,35,1,overall,1706,47,1,8,False
isolation_forest,1,primary,0.02,14,35,1,climb,38,4,1,1,False
isolation_forest,1,primary,0.02,14,35,1,cruise,47,0,0,0,False
isolation_forest,1,primary,0.02,14,35,1,descent,1621,43,1,7,False
isolation_forest,1,primary,0.02,15,1,2,overall,2669,276,1,18,False
isolation_forest,1,primary,0.02,15,1,2,climb,625,0,0,0,False
isolation_forest,1,primary,0.02,15,1,2,cruise,752,0,0,0,False
isolation_forest,1,primary,0.02,15,1,2,descent,1292,276,1,18,False
isolation_forest,1,primary,0.02,15,2,2,overall,7711,17,1,5,False
isolation_forest,1,primary,0.02,15,2,2,climb,2028,11,1,1,False
isolation_forest,1,primary,0.02,15,2,2,cruise,3298,0,0,0,False
isolation_forest,1,primary,0.02,15,2,2,descent,2385,6,1,4,False
isolation_forest,1,primary,0.02,15,3,2,overall,5503,284,1,78,False
isolation_forest,1,primary,0.02,15,3,2,climb,3519,3,1,1,False
isolation_forest,1,primary,0.02,15,3,2,cruise,722,50,1,3,False
isolation_forest,1,primary,0.02,15,3,2,descent,1262,231,1,74,False
isolation_forest,1,primary,0.02,15,4,2,overall,6372,174,1,17,False
isolation_forest,1,primary,0.02,15,4,2,climb,2754,27,1,2,False
isolation_forest,1,primary,0.02,15,4,2,cruise,2405,1,1,1,False
isolation_forest,1,primary,0.02,15,4,2,descent,1213,146,1,14,False
isolation_forest,1,primary,0.02,15,5,2,overall,6075,37,1,11,False
isolation_forest,1,primary,0.02,15,5,2,climb,1642,7,1,1,False
isolation_forest,1,primary,0.02,15,5,2,cruise,2509,0,0,0,False
isolation_forest,1,primary,0.02,15,5,2,descent,1924,30,1,10,False
isolation_forest,1,primary,0.02,15,6,2,overall,9157,115,1,7,False
isolation_forest,1,primary,0.02,15,6,2,climb,3584,4,1,1,False
isolation_forest,1,primary,0.02,15,6,2,cruise,2702,76,1,2,False
isolation_forest,1,primary,0.02,15,6,2,descent,2871,35,1,4,False
isolation_forest,1,primary,0.02,15,7,2,overall,5892,357,1,30,False
isolation_forest,1,primary,0.02,15,7,2,climb,2990,25,1,7,False
isolation_forest,1,primary,0.02,15,7,2,cruise,2120,9,1,3,False
isolation_forest,1,primary,0.02,15,7,2,descent,782,323,1,20,False
isolation_forest,1,primary,0.02,15,8,2,overall,4015,49,1,20,False
isolation_forest,1,primary,0.02,15,8,2,climb,748,6,1,1,False
isolation_forest,1,primary,0.02,15,8,2,cruise,1371,0,0,0,False
isolation_forest,1,primary,0.02,15,8,2,descent,1896,43,1,19,False
isolation_forest,1,primary,0.02,15,9,2,overall,8714,158,1,37,False
isolation_forest,1,primary,0.02,15,9,2,climb,2650,8,1,1,False
isolation_forest,1,primary,0.02,15,9,2,cruise,4542,44,1,21,False
isolation_forest,1,primary,0.02,15,9,2,descent,1522,106,1,15,False
isolation_forest,1,primary,0.02,15,10,2,overall,5218,98,1,43,False
isolation_forest,1,primary,0.02,15,10,2,climb,2439,4,1,1,False
isolation_forest,1,primary,0.02,15,10,2,cruise,1376,0,0,0,False
isolation_forest,1,primary,0.02,15,10,2,descent,1403,94,1,42,False
isolation_forest,1,primary,0.02,15,11,2,overall,6001,77,1,19,False
isolation_forest,1,primary,0.02,15,11,2,climb,2203,8,1,1,False
isolation_forest,1,primary,0.02,15,11,2,cruise,2046,0,0,0,False
isolation_forest,1,primary,0.02,15,11,2,descent,1752,69,1,18,False
isolation_forest,1,primary,0.02,15,12,2,overall,8363,168,1,19,False
isolation_forest,1,primary,0.02,15,12,2,climb,1990,3,1,1,False
isolation_forest,1,primary,0.02,15,12,2,cruise,3014,0,0,0,False
isolation_forest,1,primary,0.02,15,12,2,descent,3359,165,1,18,False
isolation_forest,1,primary,0.02,15,13,2,overall,5761,40,1,17,False
isolation_forest,1,primary,0.02,15,13,2,climb,1671,1,1,1,False
isolation_forest,1,primary,0.02,15,13,2,cruise,2573,1,1,1,False
isolation_forest,1,primary,0.02,15,13,2,descent,1517,38,1,15,False
isolation_forest,1,primary,0.02,15,14,2,overall,6942,20,1,3,False
isolation_forest,1,primary,0.02,15,14,2,climb,2058,11,1,1,False
isolation_forest,1,primary,0.02,15,14,2,cruise,3278,0,0,0,False
isolation_forest,1,primary,0.02,15,14,2,descent,1606,9,1,2,False
isolation_forest,1,primary,0.02,15,15,2,overall,8154,537,1,40,False
isolation_forest,1,primary,0.02,15,15,2,climb,2033,12,1,1,False
isolation_forest,1,primary,0.02,15,15,2,cruise,2970,47,1,10,False
isolation_forest,1,primary,0.02,15,15,2,descent,3151,478,1,29,False
isolation_forest,1,primary,0.02,15,16,2,overall,5218,91,1,33,False
isolation_forest,1,primary,0.02,15,16,2,climb,2439,4,1,1,False
isolation_forest,1,primary,0.02,15,16,2,cruise,1376,0,0,0,False
isolation_forest,1,primary,0.02,15,16,2,descent,1403,87,1,32,False
isolation_forest,1,primary,0.02,15,17,2,overall,5804,218,1,22,False
isolation_forest,1,primary,0.02,15,17,2,climb,1845,2,1,1,False
isolation_forest,1,primary,0.02,15,17,2,cruise,2329,0,0,0,False
isolation_forest,1,primary,0.02,15,17,2,descent,1630,216,1,21,False
isolation_forest,1,primary,0.02,15,18,2,overall,8154,516,1,47,False
isolation_forest,1,primary,0.02,15,18,2,climb,2033,11,1,1,False
isolation_forest,1,primary,0.02,15,18,2,cruise,2970,44,1,12,False
isolation_forest,1,primary,0.02,15,18,2,descent,3151,461,1,34,False
isolation_forest,1,primary,0.02,15,19,2,overall,6782,288,1,60,False
isolation_forest,1,primary,0.02,15,19,2,climb,2887,2,1,1,False
isolation_forest,1,primary,0.02,15,19,2,cruise,1196,41,1,15,False
isolation_forest,1,primary,0.02,15,19,2,descent,2699,245,1,44,False
isolation_forest,1,primary,0.02,15,20,2,overall,6265,74,1,11,False
isolation_forest,1,primary,0.02,15,20,2,climb,1256,0,0,0,False
isolation_forest,1,primary,0.02,15,20,2,cruise,2569,0,0,0,False
isolation_forest,1,primary,0.02,15,20,2,descent,2440,74,1,11,False
isolation_forest,1,primary,0.02,15,21,2,overall,6381,76,1,19,False
isolation_forest,1,primary,0.02,15,21,2,climb,1264,1,1,1,False
isolation_forest,1,primary,0.02,15,21,2,cruise,2088,0,0,0,False
isolation_forest,1,primary,0.02,15,21,2,descent,3029,75,1,18,False
isolation_forest,1,primary,0.02,15,22,2,overall,5501,100,1,21,False
isolation_forest,1,primary,0.02,15,22,2,climb,2343,24,1,9,False
isolation_forest,1,primary,0.02,15,22,2,cruise,1857,0,0,0,False
isolation_forest,1,primary,0.02,15,22,2,descent,1301,76,1,12,False
isolation_forest,1,primary,0.02,15,23,2,overall,6887,321,1,11,False
isolation_forest,1,primary,0.02,15,23,2,climb,1788,9,1,1,False
isolation_forest,1,primary,0.02,15,23,2,cruise,3403,0,0,0,False
isolation_forest,1,primary,0.02,15,23,2,descent,1696,312,1,10,False
isolation_forest,1,alt_rate,0.005,11,1,3,overall,11007,24,1,12,True
isolation_forest,1,alt_rate,0.005,11,1,3,climb,2930,0,0,0,True
isolation_forest,1,alt_rate,0.005,11,1,3,cruise,3885,8,1,3,True
isolation_forest,1,alt_rate,0.005,11,1,3,descent,4192,16,1,9,True
isolation_forest,1,alt_rate,0.005,11,2,3,overall,17636,68,1,31,True
isolation_forest,1,alt_rate,0.005,11,2,3,climb,3879,1,1,1,True
isolation_forest,1,alt_rate,0.005,11,2,3,cruise,9869,24,1,8,True
isolation_forest,1,alt_rate,0.005,11,2,3,descent,3888,43,1,22,True
isolation_forest,1,alt_rate,0.005,11,3,3,overall,9831,43,1,14,True
isolation_forest,1,alt_rate,0.005,11,3,3,climb,2327,0,0,0,True
isolation_forest,1,alt_rate,0.005,11,3,3,cruise,2755,11,1,3,True
isolation_forest,1,alt_rate,0.005,11,3,3,descent,4749,32,1,11,True
isolation_forest,1,alt_rate,0.005,11,4,3,overall,13140,41,1,14,True
isolation_forest,1,alt_rate,0.005,11,4,3,climb,3297,0,0,0,True
isolation_forest,1,alt_rate,0.005,11,4,3,cruise,6273,0,0,0,True
isolation_forest,1,alt_rate,0.005,11,4,3,descent,3570,41,1,14,True
isolation_forest,1,alt_rate,0.005,11,5,3,overall,13751,148,1,48,True
isolation_forest,1,alt_rate,0.005,11,5,3,climb,2298,2,1,2,True
isolation_forest,1,alt_rate,0.005,11,5,3,cruise,6278,19,1,6,True
isolation_forest,1,alt_rate,0.005,11,5,3,descent,5175,127,1,40,True
isolation_forest,1,alt_rate,0.005,11,6,3,overall,11689,86,1,33,True
isolation_forest,1,alt_rate,0.005,11,6,3,climb,1743,0,0,0,True
isolation_forest,1,alt_rate,0.005,11,6,3,cruise,6205,8,1,5,True
isolation_forest,1,alt_rate,0.005,11,6,3,descent,3741,78,1,28,True
isolation_forest,1,alt_rate,0.005,11,7,3,overall,11007,30,1,12,True
isolation_forest,1,alt_rate,0.005,11,7,3,climb,2930,0,0,0,True
isolation_forest,1,alt_rate,0.005,11,7,3,cruise,3885,10,1,4,True
isolation_forest,1,alt_rate,0.005,11,7,3,descent,4192,20,1,8,True
isolation_forest,1,alt_rate,0.005,11,8,3,overall,8826,6,1,3,True
isolation_forest,1,alt_rate,0.005,11,8,3,climb,4070,0,0,0,True
isolation_forest,1,alt_rate,0.005,11,8,3,cruise,3030,0,0,0,True
isolation_forest,1,alt_rate,0.005,11,8,3,descent,1726,6,1,3,True
isolation_forest,1,alt_rate,0.005,11,9,3,overall,8928,21,1,8,True
isolation_forest,1,alt_rate,0.005,11,9,3,climb,2568,1,1,1,True
isolation_forest,1,alt_rate,0.005,11,9,3,cruise,3414,0,0,0,True
isolation_forest,1,alt_rate,0.005,11,9,3,descent,2946,20,1,7,True
isolation_forest,1,alt_rate,0.005,11,10,3,overall,13940,39,1,5,True
isolation_forest,1,alt_rate,0.005,11,10,3,climb,4340,0,0,0,True
isolation_forest,1,alt_rate,0.005,11,10,3,cruise,5054,0,0,0,True
isolation_forest,1,alt_rate,0.005,11,10,3,descent,4546,39,1,5,True
isolation_forest,1,alt_rate,0.005,11,11,3,overall,13751,139,1,41,True
isolation_forest,1,alt_rate,0.005,11,11,3,climb,2298,3,1,1,True
isolation_forest,1,alt_rate,0.005,11,11,3,cruise,6278,26,1,10,True
isolation_forest,1,alt_rate,0.005,11,11,3,descent,5175,110,1,30,True
isolation_forest,1,alt_rate,0.005,11,12,3,overall,14346,44,1,13,True
isolation_forest,1,alt_rate,0.005,11,12,3,climb,3497,9,1,7,True
isolation_forest,1,alt_rate,0.005,11,12,3,cruise,6768,0,0,0,True
isolation_forest,1,alt_rate,0.005,11,12,3,descent,4081,35,1,6,True
isolation_forest,1,alt_rate,0.005,11,13,3,overall,10704,20,1,9,True
isolation_forest,1,alt_rate,0.005,11,13,3,climb,3236,1,1,1,True
isolation_forest,1,alt_rate,0.005,11,13,3,cruise,4152,6,1,3,True
isolation_forest,1,alt_rate,0.005,11,13,3,descent,3316,13,1,5,True
isolation_forest,1,alt_rate,0.005,11,14,3,overall,11573,105,1,30,True
isolation_forest,1,alt_rate,0.005,11,14,3,climb,3665,0,0,0,True
isolation_forest,1,alt_rate,0.005,11,14,3,cruise,3719,2,1,2,True
isolation_forest,1,alt_rate,0.005,11,14,3,descent,4189,103,1,28,True
isolation_forest,1,alt_rate,0.005,11,15,3,overall,7701,315,1,41,True
isolation_forest,1,alt_rate,0.005,11,15,3,climb,2453,2,1,1,True
isolation_forest,1,alt_rate,0.005,11,15,3,cruise,1248,0,0,0,True
isolation_forest,1,alt_rate,0.005,11,15,3,descent,4000,313,1,40,True
isolation_forest,1,alt_rate,0.005,11,16,3,overall,11457,30,1,13,True
isolation_forest,1,alt_rate,0.005,11,16,3,climb,3793,0,0,0,True
isolation_forest,1,alt_rate,0.005,11,16,3,cruise,4388,0,0,0,True
isolation_forest,1,alt_rate,0.005,11,16,3,descent,3276,30,1,13,True
isolation_forest,1,alt_rate,0.005,11,17,3,overall,11457,40,1,9,True
isolation_forest,1,alt_rate,0.005,11,17,3,climb,3793,0,0,0,True
isolation_forest,1,alt_rate,0.005,11,17,3,cruise,4388,0,0,0,True
isolation_forest,1,alt_rate,0.005,11,17,3,descent,3276,40,1,9,True
isolation_forest,1,alt_rate,0.005,11,18,3,overall,12562,20,1,7,True
isolation_forest,1,alt_rate,0.005,11,18,3,climb,5390,0,0,0,True
isolation_forest,1,alt_rate,0.005,11,18,3,cruise,2282,0,0,0,True
isolation_forest,1,alt_rate,0.005,11,18,3,descent,4890,20,1,7,True
isolation_forest,1,alt_rate,0.005,14,1,1,overall,2551,0,0,0,False
isolation_forest,1,alt_rate,0.005,14,1,1,climb,94,0,0,0,False
isolation_forest,1,alt_rate,0.005,14,1,1,cruise,2339,0,0,0,False
isolation_forest,1,alt_rate,0.005,14,1,1,descent,118,0,0,0,False
isolation_forest,1,alt_rate,0.005,14,2,1,overall,1528,3,1,2,False
isolation_forest,1,alt_rate,0.005,14,2,1,climb,495,0,0,0,False
isolation_forest,1,alt_rate,0.005,14,2,1,cruise,475,0,0,0,False
isolation_forest,1,alt_rate,0.005,14,2,1,descent,558,3,1,2,False
isolation_forest,1,alt_rate,0.005,14,3,1,overall,1887,19,1,5,False
isolation_forest,1,alt_rate,0.005,14,3,1,climb,262,0,0,0,False
isolation_forest,1,alt_rate,0.005,14,3,1,cruise,1323,13,1,4,False
isolation_forest,1,alt_rate,0.005,14,3,1,descent,302,6,1,1,False
isolation_forest,1,alt_rate,0.005,14,4,1,overall,1303,67,1,11,False
isolation_forest,1,alt_rate,0.005,14,4,1,climb,96,21,1,1,False
isolation_forest,1,alt_rate,0.005,14,4,1,cruise,1050,46,1,10,False
isolation_forest,1,alt_rate,0.005,14,4,1,descent,157,0,0,0,False
isolation_forest,1,alt_rate,0.005,14,5,1,overall,2641,2,1,1,False
isolation_forest,1,alt_rate,0.005,14,5,1,climb,1220,2,1,1,False
isolation_forest,1,alt_rate,0.005,14,5,1,cruise,41,0,0,0,False
isolation_forest,1,alt_rate,0.005,14,5,1,descent,1380,0,0,0,False
isolation_forest,1,alt_rate,0.005,14,6,1,overall,2918,3,1,1,False
isolation_forest,1,alt_rate,0.005,14,6,1,climb,265,0,0,0,False
isolation_forest,1,alt_rate,0.005,14,6,1,cruise,1361,0,0,0,False
isolation_forest,1,alt_rate,0.005,14,6,1,descent,1292,3,1,1,False
isolation_forest,1,alt_rate,0.005,14,7,1,overall,1303,67,1,11,False
isolation_forest,1,alt_rate,0.005,14,7,1,climb,96,21,1,1,False
isolation_forest,1,alt_rate,0.005,14,7,1,cruise,1050,46,1,10,False
isolation_forest,1,alt_rate,0.005,14,7,1,descent,157,0,0,0,False
isolation_forest,1,alt_rate,0.005,14,8,1,overall,2551,0,0,0,False
isolation_forest,1,alt_rate,0.005,14,8,1,climb,94,0,0,0,False
isolation_forest,1,alt_rate,0.005,14,8,1,cruise,2339,0,0,0,False
isolation_forest,1,alt_rate,0.005,14,8,1,descent,118,0,0,0,False
isolation_forest,1,alt_rate,0.005,14,9,1,overall,1706,31,1,3,False
isolation_forest,1,alt_rate,0.005,14,9,1,climb,33,0,0,0,False
isolation_forest,1,alt_rate,0.005,14,9,1,cruise,59,0,0,0,False
isolation_forest,1,alt_rate,0.005,14,9,1,descent,1614,31,1,3,False
isolation_forest,1,alt_rate,0.005,14,10,1,overall,1706,31,1,3,False
isolation_forest,1,alt_rate,0.005,14,10,1,climb,33,0,0,0,False
isolation_forest,1,alt_rate,0.005,14,10,1,cruise,59,0,0,0,False
isolation_forest,1,alt_rate,0.005,14,10,1,descent,1614,31,1,3,False
isolation_forest,1,alt_rate,0.005,14,11,1,overall,2346,0,0,0,False
isolation_forest,1,alt_rate,0.005,14,11,1,climb,539,0,0,0,False
isolation_forest,1,alt_rate,0.005,14,11,1,cruise,891,0,0,0,False
isolation_forest,1,alt_rate,0.005,14,11,1,descent,916,0,0,0,False
isolation_forest,1,alt_rate,0.005,14,12,1,overall,2641,2,1,1,False
isolation_forest,1,alt_rate,0.005,14,12,1,climb,1220,2,1,1,False
isolation_forest,1,alt_rate,0.005,14,12,1,cruise,41,0,0,0,False
isolation_forest,1,alt_rate,0.005,14,12,1,descent,1380,0,0,0,False
isolation_forest,1,alt_rate,0.005,14,13,1,overall,1303,73,1,12,False
isolation_forest,1,alt_rate,0.005,14,13,1,climb,96,21,1,1,False
isolation_forest,1,alt_rate,0.005,14,13,1,cruise,1050,52,1,11,False
isolation_forest,1,alt_rate,0.005,14,13,1,descent,157,0,0,0,False
isolation_forest,1,alt_rate,0.005,14,14,1,overall,2629,1,1,1,False
isolation_forest,1,alt_rate,0.005,14,14,1,climb,563,0,0,0,False
isolation_forest,1,alt_rate,0.005,14,14,1,cruise,1152,0,0,0,False
isolation_forest,1,alt_rate,0.005,14,14,1,descent,914,1,1,1,False
isolation_forest,1,alt_rate,0.005,14,15,1,overall,1930,1,1,1,False
isolation_forest,1,alt_rate,0.005,14,15,1,climb,545,0,0,0,False
isolation_forest,1,alt_rate,0.005,14,15,1,cruise,661,0,0,0,False
isolation_forest,1,alt_rate,0.005,14,15,1,descent,724,1,1,1,False
isolation_forest,1,alt_rate,0.005,14,16,1,overall,1528,4,1,2,False
isolation_forest,1,alt_rate,0.005,14,16,1,climb,495,0,0,0,False
isolation_forest,1,alt_rate,0.005,14,16,1,cruise,475,0,0,0,False
isolation_forest,1,alt_rate,0.005,14,16,1,descent,558,4,1,2,False
isolation_forest,1,alt_rate,0.005,14,17,1,overall,2641,5,1,1,False
isolation_forest,1,alt_rate,0.005,14,17,1,climb,1220,5,1,1,False
isolation_forest,1,alt_rate,0.005,14,17,1,cruise,41,0,0,0,False
isolation_forest,1,alt_rate,0.005,14,17,1,descent,1380,0,0,0,False
isolation_forest,1,alt_rate,0.005,14,18,1,overall,2629,1,1,1,False
isolation_forest,1,alt_rate,0.005,14,18,1,climb,563,0,0,0,False
isolation_forest,1,alt_rate,0.005,14,18,1,cruise,1152,0,0,0,False
isolation_forest,1,alt_rate,0.005,14,18,1,descent,914,1,1,1,False
isolation_forest,1,alt_rate,0.005,14,19,1,overall,1706,31,1,3,False
isolation_forest,1,alt_rate,0.005,14,19,1,climb,33,0,0,0,False
isolation_forest,1,alt_rate,0.005,14,19,1,cruise,59,0,0,0,False
isolation_forest,1,alt_rate,0.005,14,19,1,descent,1614,31,1,3,False
isolation_forest,1,alt_rate,0.005,14,20,1,overall,2629,1,1,1,False
isolation_forest,1,alt_rate,0.005,14,20,1,climb,563,0,0,0,False
isolation_forest,1,alt_rate,0.005,14,20,1,cruise,1152,0,0,0,False
isolation_forest,1,alt_rate,0.005,14,20,1,descent,914,1,1,1,False
isolation_forest,1,alt_rate,0.005,14,21,1,overall,1706,31,1,3,False
isolation_forest,1,alt_rate,0.005,14,21,1,climb,33,0,0,0,False
isolation_forest,1,alt_rate,0.005,14,21,1,cruise,59,0,0,0,False
isolation_forest,1,alt_rate,0.005,14,21,1,descent,1614,31,1,3,False
isolation_forest,1,alt_rate,0.005,14,22,1,overall,1887,20,1,6,False
isolation_forest,1,alt_rate,0.005,14,22,1,climb,262,0,0,0,False
isolation_forest,1,alt_rate,0.005,14,22,1,cruise,1323,14,1,5,False
isolation_forest,1,alt_rate,0.005,14,22,1,descent,302,6,1,1,False
isolation_forest,1,alt_rate,0.005,14,23,1,overall,2629,1,1,1,False
isolation_forest,1,alt_rate,0.005,14,23,1,climb,563,0,0,0,False
isolation_forest,1,alt_rate,0.005,14,23,1,cruise,1152,0,0,0,False
isolation_forest,1,alt_rate,0.005,14,23,1,descent,914,1,1,1,False
isolation_forest,1,alt_rate,0.005,14,24,1,overall,2641,6,1,1,False
isolation_forest,1,alt_rate,0.005,14,24,1,climb,1220,6,1,1,False
isolation_forest,1,alt_rate,0.005,14,24,1,cruise,41,0,0,0,False
isolation_forest,1,alt_rate,0.005,14,24,1,descent,1380,0,0,0,False
isolation_forest,1,alt_rate,0.005,14,25,1,overall,2551,5,1,2,False
isolation_forest,1,alt_rate,0.005,14,25,1,climb,94,4,1,1,False
isolation_forest,1,alt_rate,0.005,14,25,1,cruise,2339,0,0,0,False
isolation_forest,1,alt_rate,0.005,14,25,1,descent,118,1,1,1,False
isolation_forest,1,alt_rate,0.005,14,26,1,overall,2034,3,1,2,False
isolation_forest,1,alt_rate,0.005,14,26,1,climb,129,1,1,1,False
isolation_forest,1,alt_rate,0.005,14,26,1,cruise,1107,0,0,0,False
isolation_forest,1,alt_rate,0.005,14,26,1,descent,798,2,1,1,False
isolation_forest,1,alt_rate,0.005,14,27,1,overall,1887,17,1,5,False
isolation_forest,1,alt_rate,0.005,14,27,1,climb,262,0,0,0,False
isolation_forest,1,alt_rate,0.005,14,27,1,cruise,1323,12,1,4,False
isolation_forest,1,alt_rate,0.005,14,27,1,descent,302,5,1,1,False
isolation_forest,1,alt_rate,0.005,14,28,1,overall,2629,2,1,2,False
isolation_forest,1,alt_rate,0.005,14,28,1,climb,563,0,0,0,False
isolation_forest,1,alt_rate,0.005,14,28,1,cruise,1152,0,0,0,False
isolation_forest,1,alt_rate,0.005,14,28,1,descent,914,2,1,2,False
isolation_forest,1,alt_rate,0.005,14,29,1,overall,1887,23,1,5,False
isolation_forest,1,alt_rate,0.005,14,29,1,climb,262,0,0,0,False
isolation_forest,1,alt_rate,0.005,14,29,1,cruise,1323,15,1,4,False
isolation_forest,1,alt_rate,0.005,14,29,1,descent,302,8,1,1,False
isolation_forest,1,alt_rate,0.005,14,30,1,overall,1528,8,1,6,False
isolation_forest,1,alt_rate,0.005,14,30,1,climb,495,1,1,1,False
isolation_forest,1,alt_rate,0.005,14,30,1,cruise,475,0,0,0,False
isolation_forest,1,alt_rate,0.005,14,30,1,descent,558,7,1,5,False
isolation_forest,1,alt_rate,0.005,14,31,1,overall,2629,2,1,2,False
isolation_forest,1,alt_rate,0.005,14,31,1,climb,563,0,0,0,False
isolation_forest,1,alt_rate,0.005,14,31,1,cruise,1152,0,0,0,False
isolation_forest,1,alt_rate,0.005,14,31,1,descent,914,2,1,2,False
isolation_forest,1,alt_rate,0.005,14,32,1,overall,1006,0,0,0,False
isolation_forest,1,alt_rate,0.005,14,32,1,climb,330,0,0,0,False
isolation_forest,1,alt_rate,0.005,14,32,1,cruise,232,0,0,0,False
isolation_forest,1,alt_rate,0.005,14,32,1,descent,444,0,0,0,False
isolation_forest,1,alt_rate,0.005,14,33,1,overall,1528,4,1,3,False
isolation_forest,1,alt_rate,0.005,14,33,1,climb,495,1,1,1,False
isolation_forest,1,alt_rate,0.005,14,33,1,cruise,475,0,0,0,False
isolation_forest,1,alt_rate,0.005,14,33,1,descent,558,3,1,2,False
isolation_forest,1,alt_rate,0.005,14,34,1,overall,1944,17,1,5,False
isolation_forest,1,alt_rate,0.005,14,34,1,climb,164,0,0,0,False
isolation_forest,1,alt_rate,0.005,14,34,1,cruise,1524,1,1,1,False
isolation_forest,1,alt_rate,0.005,14,34,1,descent,256,16,1,4,False
isolation_forest,1,alt_rate,0.005,14,35,1,overall,1706,31,1,3,False
isolation_forest,1,alt_rate,0.005,14,35,1,climb,33,0,0,0,False
isolation_forest,1,alt_rate,0.005,14,35,1,cruise,59,0,0,0,False
isolation_forest,1,alt_rate,0.005,14,35,1,descent,1614,31,1,3,False
isolation_forest,1,alt_rate,0.005,15,1,2,overall,2669,3,1,2,False
isolation_forest,1,alt_rate,0.005,15,1,2,climb,705,0,0,0,False
isolation_forest,1,alt_rate,0.005,15,1,2,cruise,555,0,0,0,False
isolation_forest,1,alt_rate,0.005,15,1,2,descent,1409,3,1,2,False
isolation_forest,1,alt_rate,0.005,15,2,2,overall,7711,0,0,0,False
isolation_forest,1,alt_rate,0.005,15,2,2,climb,1947,0,0,0,False
isolation_forest,1,alt_rate,0.005,15,2,2,cruise,3098,0,0,0,False
isolation_forest,1,alt_rate,0.005,15,2,2,descent,2666,0,0,0,False
isolation_forest,1,alt_rate,0.005,15,3,2,overall,5503,39,1,14,False
isolation_forest,1,alt_rate,0.005,15,3,2,climb,3076,0,0,0,False
isolation_forest,1,alt_rate,0.005,15,3,2,cruise,995,0,0,0,False
isolation_forest,1,alt_rate,0.005,15,3,2,descent,1432,39,1,14,False
isolation_forest,1,alt_rate,0.005,15,4,2,overall,6372,26,1,2,False
isolation_forest,1,alt_rate,0.005,15,4,2,climb,2890,24,1,1,False
isolation_forest,1,alt_rate,0.005,15,4,2,cruise,2106,0,0,0,False
isolation_forest,1,alt_rate,0.005,15,4,2,descent,1376,2,1,1,False
isolation_forest,1,alt_rate,0.005,15,5,2,overall,6075,0,0,0,False
isolation_forest,1,alt_rate,0.005,15,5,2,climb,1898,0,0,0,False
isolation_forest,1,alt_rate,0.005,15,5,2,cruise,2050,0,0,0,False
isolation_forest,1,alt_rate,0.005,15,5,2,descent,2127,0,0,0,False
isolation_forest,1,alt_rate,0.005,15,6,2,overall,9157,68,1,20,False
isolation_forest,1,alt_rate,0.005,15,6,2,climb,3768,0,0,0,False
isolation_forest,1,alt_rate,0.005,15,6,2,cruise,2226,0,0,0,False
isolation_forest,1,alt_rate,0.005,15,6,2,descent,3163,68,1,20,False
isolation_forest,1,alt_rate,0.005,15,7,2,overall,5892,33,1,5,False
isolation_forest,1,alt_rate,0.005,15,7,2,climb,3460,7,1,2,False
isolation_forest,1,alt_rate,0.005,15,7,2,cruise,1497,0,0,0,False
isolation_forest,1,alt_rate,0.005,15,7,2,descent,935,26,1,3,False
isolation_forest,1,alt_rate,0.005,15,8,2,overall,4015,0,0,0,False
isolation_forest,1,alt_rate,0.005,15,8,2,climb,913,0,0,0,False
isolation_forest,1,alt_rate,0.005,15,8,2,cruise,973,0,0,0,False
isolation_forest,1,alt_rate,0.005,15,8,2,descent,2129,0,0,0,False
isolation_forest,1,alt_rate,0.005,15,9,2,overall,8714,100,1,31,False
isolation_forest,1,alt_rate,0.005,15,9,2,climb,2654,0,0,0,False
isolation_forest,1,alt_rate,0.005,15,9,2,cruise,4350,11,1,8,False
isolation_forest,1,alt_rate,0.005,15,9,2,descent,1710,89,1,23,False
isolation_forest,1,alt_rate,0.005,15,10,2,overall,5218,0,0,0,False
isolation_forest,1,alt_rate,0.005,15,10,2,climb,2880,0,0,0,False
isolation_forest,1,alt_rate,0.005,15,10,2,cruise,758,0,0,0,False
isolation_forest,1,alt_rate,0.005,15,10,2,descent,1580,0,0,0,False
isolation_forest,1,alt_rate,0.005,15,11,2,overall,6001,33,1,3,False
isolation_forest,1,alt_rate,0.005,15,11,2,climb,2567,0,0,0,False
isolation_forest,1,alt_rate,0.005,15,11,2,cruise,1521,0,0,0,False
isolation_forest,1,alt_rate,0.005,15,11,2,descent,1913,33,1,3,False
isolation_forest,1,alt_rate,0.005,15,12,2,overall,8363,8,1,4,False
isolation_forest,1,alt_rate,0.005,15,12,2,climb,2146,0,0,0,False
isolation_forest,1,alt_rate,0.005,15,12,2,cruise,2656,0,0,0,False
isolation_forest,1,alt_rate,0.005,15,12,2,descent,3561,8,1,4,False
isolation_forest,1,alt_rate,0.005,15,13,2,overall,5761,0,0,0,False
isolation_forest,1,alt_rate,0.005,15,13,2,climb,1955,0,0,0,False
isolation_forest,1,alt_rate,0.005,15,13,2,cruise,2104,0,0,0,False
isolation_forest,1,alt_rate,0.005,15,13,2,descent,1702,0,0,0,False
isolation_forest,1,alt_rate,0.005,15,14,2,overall,6942,0,0,0,False
isolation_forest,1,alt_rate,0.005,15,14,2,climb,2466,0,0,0,False
isolation_forest,1,alt_rate,0.005,15,14,2,cruise,2580,0,0,0,False
isolation_forest,1,alt_rate,0.005,15,14,2,descent,1896,0,0,0,False
isolation_forest,1,alt_rate,0.005,15,15,2,overall,8154,36,1,10,False
isolation_forest,1,alt_rate,0.005,15,15,2,climb,2342,0,0,0,False
isolation_forest,1,alt_rate,0.005,15,15,2,cruise,2353,2,1,1,False
isolation_forest,1,alt_rate,0.005,15,15,2,descent,3459,34,1,9,False
isolation_forest,1,alt_rate,0.005,15,16,2,overall,5218,0,0,0,False
isolation_forest,1,alt_rate,0.005,15,16,2,climb,2880,0,0,0,False
isolation_forest,1,alt_rate,0.005,15,16,2,cruise,758,0,0,0,False
isolation_forest,1,alt_rate,0.005,15,16,2,descent,1580,0,0,0,False
isolation_forest,1,alt_rate,0.005,15,17,2,overall,5804,0,0,0,False
isolation_forest,1,alt_rate,0.005,15,17,2,climb,2122,0,0,0,False
isolation_forest,1,alt_rate,0.005,15,17,2,cruise,1784,0,0,0,False
isolation_forest,1,alt_rate,0.005,15,17,2,descent,1898,0,0,0,False
isolation_forest,1,alt_rate,0.005,15,18,2,overall,8154,27,1,12,False
isolation_forest,1,alt_rate,0.005,15,18,2,climb,2342,0,0,0,False
isolation_forest,1,alt_rate,0.005,15,18,2,cruise,2353,2,1,1,False
isolation_forest,1,alt_rate,0.005,15,18,2,descent,3459,25,1,11,False
isolation_forest,1,alt_rate,0.005,15,19,2,overall,6782,98,1,39,False
isolation_forest,1,alt_rate,0.005,15,19,2,climb,3211,0,0,0,False
isolation_forest,1,alt_rate,0.005,15,19,2,cruise,567,2,1,2,False
isolation_forest,1,alt_rate,0.005,15,19,2,descent,3004,96,1,37,False
isolation_forest,1,alt_rate,0.005,15,20,2,overall,6265,1,1,1,False
isolation_forest,1,alt_rate,0.005,15,20,2,climb,1427,0,0,0,False
isolation_forest,1,alt_rate,0.005,15,20,2,cruise,2185,0,0,0,False
isolation_forest,1,alt_rate,0.005,15,20,2,descent,2653,1,1,1,False
isolation_forest,1,alt_rate,0.005,15,21,2,overall,6381,0,0,0,False
isolation_forest,1,alt_rate,0.005,15,21,2,climb,1431,0,0,0,False
isolation_forest,1,alt_rate,0.005,15,21,2,cruise,1684,0,0,0,False
isolation_forest,1,alt_rate,0.005,15,21,2,descent,3266,0,0,0,False
isolation_forest,1,alt_rate,0.005,15,22,2,overall,5501,61,1,24,False
isolation_forest,1,alt_rate,0.005,15,22,2,climb,2711,4,1,4,False
isolation_forest,1,alt_rate,0.005,15,22,2,cruise,1270,0,0,0,False
isolation_forest,1,alt_rate,0.005,15,22,2,descent,1520,57,1,20,False
isolation_forest,1,alt_rate,0.005,15,23,2,overall,6887,28,1,5,False
isolation_forest,1,alt_rate,0.005,15,23,2,climb,2052,0,0,0,False
isolation_forest,1,alt_rate,0.005,15,23,2,cruise,2880,0,0,0,False
isolation_forest,1,alt_rate,0.005,15,23,2,descent,1955,28,1,5,False
isolation_forest,1,alt_rate,0.01,11,1,3,overall,11007,51,1,16,True
isolation_forest,1,alt_rate,0.01,11,1,3,climb,2930,0,0,0,True
isolation_forest,1,alt_rate,0.01,11,1,3,cruise,3885,13,1,5,True
isolation_forest,1,alt_rate,0.01,11,1,3,descent,4192,38,1,11,True
isolation_forest,1,alt_rate,0.01,11,2,3,overall,17636,98,1,24,True
isolation_forest,1,alt_rate,0.01,11,2,3,climb,3879,5,1,1,True
isolation_forest,1,alt_rate,0.01,11,2,3,cruise,9869,33,1,7,True
isolation_forest,1,alt_rate,0.01,11,2,3,descent,3888,60,1,16,True
isolation_forest,1,alt_rate,0.01,11,3,3,overall,9831,196,1,31,True
isolation_forest,1,alt_rate,0.01,11,3,3,climb,2327,6,1,2,True
isolation_forest,1,alt_rate,0.01,11,3,3,cruise,2755,17,1,5,True
isolation_forest,1,alt_rate,0.01,11,3,3,descent,4749,173,1,24,True
isolation_forest,1,alt_rate,0.01,11,4,3,overall,13140,67,1,14,True
isolation_forest,1,alt_rate,0.01,11,4,3,climb,3297,3,1,1,True
isolation_forest,1,alt_rate,0.01,11,4,3,cruise,6273,0,0,0,True
isolation_forest,1,alt_rate,0.01,11,4,3,descent,3570,64,1,13,True
isolation_forest,1,alt_rate,0.01,11,5,3,overall,13751,209,1,32,True
isolation_forest,1,alt_rate,0.01,11,5,3,climb,2298,3,1,1,True
isolation_forest,1,alt_rate,0.01,11,5,3,cruise,6278,27,1,5,True
isolation_forest,1,alt_rate,0.01,11,5,3,descent,5175,179,1,26,True
isolation_forest,1,alt_rate,0.01,11,6,3,overall,11689,147,1,40,True
isolation_forest,1,alt_rate,0.01,11,6,3,climb,1743,0,0,0,True
isolation_forest,1,alt_rate,0.01,11,6,3,cruise,6205,25,1,12,True
isolation_forest,1,alt_rate,0.01,11,6,3,descent,3741,122,1,28,True
isolation_forest,1,alt_rate,0.01,11,7,3,overall,11007,55,1,20,True
isolation_forest,1,alt_rate,0.01,11,7,3,climb,2930,2,1,2,True
isolation_forest,1,alt_rate,0.01,11,7,3,cruise,3885,14,1,5,True
isolation_forest,1,alt_rate,0.01,11,7,3,descent,4192,39,1,13,True
isolation_forest,1,alt_rate,0.01,11,8,3,overall,8826,29,1,17,True
isolation_forest,1,alt_rate,0.01,11,8,3,climb,4070,1,1,1,True
isolation_forest,1,alt_rate,0.01,11,8,3,cruise,3030,0,0,0,True
isolation_forest,1,alt_rate,0.01,11,8,3,descent,1726,28,1,16,True
isolation_forest,1,alt_rate,0.01,11,9,3,overall,8928,44,1,14,True
isolation_forest,1,alt_rate,0.01,11,9,3,climb,2568,3,1,2,True
isolation_forest,1,alt_rate,0.01,11,9,3,cruise,3414,0,0,0,True
isolation_forest,1,alt_rate,0.01,11,9,3,descent,2946,41,1,12,True
isolation_forest,1,alt_rate,0.01,11,10,3,overall,13940,89,1,9,True
isolation_forest,1,alt_rate,0.01,11,10,3,climb,4340,5,1,1,True
isolation_forest,1,alt_rate,0.01,11,10,3,cruise,5054,0,0,0,True
isolation_forest,1,alt_rate,0.01,11,10,3,descent,4546,84,1,8,True
isolation_forest,1,alt_rate,0.01,11,11,3,overall,13751,185,1,25,True
isolation_forest,1,alt_rate,0.01,11,11,3,climb,2298,4,1,1,True
isolation_forest,1,alt_rate,0.01,11,11,3,cruise,6278,33,1,8,True
isolation_forest,1,alt_rate,0.01,11,11,3,descent,5175,148,1,16,True
isolation_forest,1,alt_rate,0.01,11,12,3,overall,14346,64,1,14,True
isolation_forest,1,alt_rate,0.01,11,12,3,climb,3497,23,1,8,True
isolation_forest,1,alt_rate,0.01,11,12,3,cruise,6768,1,1,1,True
isolation_forest,1,alt_rate,0.01,11,12,3,descent,4081,40,1,5,True
isolation_forest,1,alt_rate,0.01,11,13,3,overall,10704,47,1,16,True
isolation_forest,1,alt_rate,0.01,11,13,3,climb,3236,7,1,1,True
isolation_forest,1,alt_rate,0.01,11,13,3,cruise,4152,15,1,7,True
isolation_forest,1,alt_rate,0.01,11,13,3,descent,3316,25,1,8,True
isolation_forest,1,alt_rate,0.01,11,14,3,overall,11573,132,1,19,True
isolation_forest,1,alt_rate,0.01,11,14,3,climb,3665,0,0,0,True
isolation_forest,1,alt_rate,0.01,11,14,3,cruise,3719,2,1,2,True
isolation_forest,1,alt_rate,0.01,11,14,3,descent,4189,130,1,17,True
isolation_forest,1,alt_rate,0.01,11,15,3,overall,7701,459,1,36,True
isolation_forest,1,alt_rate,0.01,11,15,3,climb,2453,3,1,2,True
isolation_forest,1,alt_rate,0.01,11,15,3,cruise,1248,0,0,0,True
isolation_forest,1,alt_rate,0.01,11,15,3,descent,4000,456,1,34,True
isolation_forest,1,alt_rate,0.01,11,16,3,overall,11457,58,1,21,True
isolation_forest,1,alt_rate,0.01,11,16,3,climb,3793,0,0,0,True
isolation_forest,1,alt_rate,0.01,11,16,3,cruise,4388,0,0,0,True
isolation_forest,1,alt_rate,0.01,11,16,3,descent,3276,58,1,21,True
isolation_forest,1,alt_rate,0.01,11,17,3,overall,11457,62,1,15,True
isolation_forest,1,alt_rate,0.01,11,17,3,climb,3793,0,0,0,True
isolation_forest,1,alt_rate,0.01,11,17,3,cruise,4388,0,0,0,True
isolation_forest,1,alt_rate,0.01,11,17,3,descent,3276,62,1,15,True
isolation_forest,1,alt_rate,0.01,11,18,3,overall,12562,38,1,15,True
isolation_forest,1,alt_rate,0.01,11,18,3,climb,5390,1,1,1,True
isolation_forest,1,alt_rate,0.01,11,18,3,cruise,2282,0,0,0,True
isolation_forest,1,alt_rate,0.01,11,18,3,descent,4890,37,1,14,True
isolation_forest,1,alt_rate,0.01,14,1,1,overall,2551,8,1,3,False
isolation_forest,1,alt_rate,0.01,14,1,1,climb,94,5,1,1,False
isolation_forest,1,alt_rate,0.01,14,1,1,cruise,2339,0,0,0,False
isolation_forest,1,alt_rate,0.01,14,1,1,descent,118,3,1,2,False
isolation_forest,1,alt_rate,0.01,14,2,1,overall,1528,33,1,15,False
isolation_forest,1,alt_rate,0.01,14,2,1,climb,495,1,1,1,False
isolation_forest,1,alt_rate,0.01,14,2,1,cruise,475,0,0,0,False
isolation_forest,1,alt_rate,0.01,14,2,1,descent,558,32,1,14,False
isolation_forest,1,alt_rate,0.01,14,3,1,overall,1887,30,1,5,False
isolation_forest,1,alt_rate,0.01,14,3,1,climb,262,0,0,0,False
isolation_forest,1,alt_rate,0.01,14,3,1,cruise,1323,20,1,4,False
isolation_forest,1,alt_rate,0.01,14,3,1,descent,302,10,1,1,False
isolation_forest,1,alt_rate,0.01,14,4,1,overall,1303,119,1,14,False
isolation_forest,1,alt_rate,0.01,14,4,1,climb,96,25,1,2,False
isolation_forest,1,alt_rate,0.01,14,4,1,cruise,1050,93,1,11,False
isolation_forest,1,alt_rate,0.01,14,4,1,descent,157,1,1,1,False
isolation_forest,1,alt_rate,0.01,14,5,1,overall,2641,7,1,1,False
isolation_forest,1,alt_rate,0.01,14,5,1,climb,1220,7,1,1,False
isolation_forest,1,alt_rate,0.01,14,5,1,cruise,41,0,0,0,False
isolation_forest,1,alt_rate,0.01,14,5,1,descent,1380,0,0,0,False
isolation_forest,1,alt_rate,0.01,14,6,1,overall,2918,17,1,4,False
isolation_forest,1,alt_rate,0.01,14,6,1,climb,265,6,1,1,False
isolation_forest,1,alt_rate,0.01,14,6,1,cruise,1361,0,0,0,False
isolation_forest,1,alt_rate,0.01,14,6,1,descent,1292,11,1,3,False
isolation_forest,1,alt_rate,0.01,14,7,1,overall,1303,123,1,15,False
isolation_forest,1,alt_rate,0.01,14,7,1,climb,96,25,1,2,False
isolation_forest,1,alt_rate,0.01,14,7,1,cruise,1050,97,1,12,False
isolation_forest,1,alt_rate,0.01,14,7,1,descent,157,1,1,1,False
isolation_forest,1,alt_rate,0.01,14,8,1,overall,2551,7,1,3,False
isolation_forest,1,alt_rate,0.01,14,8,1,climb,94,4,1,1,False
isolation_forest,1,alt_rate,0.01,14,8,1,cruise,2339,0,0,0,False
isolation_forest,1,alt_rate,0.01,14,8,1,descent,118,3,1,2,False
isolation_forest,1,alt_rate,0.01,14,9,1,overall,1706,34,1,4,False
isolation_forest,1,alt_rate,0.01,14,9,1,climb,33,0,0,0,False
isolation_forest,1,alt_rate,0.01,14,9,1,cruise,59,0,0,0,False
isolation_forest,1,alt_rate,0.01,14,9,1,descent,1614,34,1,4,False
isolation_forest,1,alt_rate,0.01,14,10,1,overall,1706,33,1,3,False
isolation_forest,1,alt_rate,0.01,14,10,1,climb,33,0,0,0,False
isolation_forest,1,alt_rate,0.01,14,10,1,cruise,59,0,0,0,False
isolation_forest,1,alt_rate,0.01,14,10,1,descent,1614,33,1,3,False
isolation_forest,1,alt_rate,0.01,14,11,1,overall,2346,18,1,4,False
isolation_forest,1,alt_rate,0.01,14,11,1,climb,539,1,1,1,False
isolation_forest,1,alt_rate,0.01,14,11,1,cruise,891,0,0,0,False
isolation_forest,1,alt_rate,0.01,14,11,1,descent,916,17,1,3,False
isolation_forest,1,alt_rate,0.01,14,12,1,overall,2641,7,1,1,False
isolation_forest,1,alt_rate,0.01,14,12,1,climb,1220,7,1,1,False
isolation_forest,1,alt_rate,0.01,14,12,1,cruise,41,0,0,0,False
isolation_forest,1,alt_rate,0.01,14,12,1,descent,1380,0,0,0,False
isolation_forest,1,alt_rate,0.01,14,13,1,overall,1303,137,1,17,False
isolation_forest,1,alt_rate,0.01,14,13,1,climb,96,26,1,2,False
isolation_forest,1,alt_rate,0.01,14,13,1,cruise,1050,108,1,14,False
isolation_forest,1,alt_rate,0.01,14,13,1,descent,157,3,1,1,False
isolation_forest,1,alt_rate,0.01,14,14,1,overall,2629,35,1,5,False
isolation_forest,1,alt_rate,0.01,14,14,1,climb,563,0,0,0,False
isolation_forest,1,alt_rate,0.01,14,14,1,cruise,1152,0,0,0,False
isolation_forest,1,alt_rate,0.01,14,14,1,descent,914,35,1,5,False
isolation_forest,1,alt_rate,0.01,14,15,1,overall,1930,2,1,1,False
isolation_forest,1,alt_rate,0.01,14,15,1,climb,545,0,0,0,False
isolation_forest,1,alt_rate,0.01,14,15,1,cruise,661,0,0,0,False
isolation_forest,1,alt_rate,0.01,14,15,1,descent,724,2,1,1,False
isolation_forest,1,alt_rate,0.01,14,16,1,overall,1528,45,1,21,False
isolation_forest,1,alt_rate,0.01,14,16,1,climb,495,1,1,1,False
isolation_forest,1,alt_rate,0.01,14,16,1,cruise,475,0,0,0,False
isolation_forest,1,alt_rate,0.01,14,16,1,descent,558,44,1,20,False
isolation_forest,1,alt_rate,0.01,14,17,1,overall,2641,8,1,1,False
isolation_forest,1,alt_rate,0.01,14,17,1,climb,1220,8,1,1,False
isolation_forest,1,alt_rate,0.01,14,17,1,cruise,41,0,0,0,False
isolation_forest,1,alt_rate,0.01,14,17,1,descent,1380,0,0,0,False
isolation_forest,1,alt_rate,0.01,14,18,1,overall,2629,20,1,13,False
isolation_forest,1,alt_rate,0.01,14,18,1,climb,563,0,0,0,False
isolation_forest,1,alt_rate,0.01,14,18,1,cruise,1152,0,0,0,False
isolation_forest,1,alt_rate,0.01,14,18,1,descent,914,20,1,13,False
isolation_forest,1,alt_rate,0.01,14,19,1,overall,1706,33,1,3,False
isolation_forest,1,alt_rate,0.01,14,19,1,climb,33,0,0,0,False
isolation_forest,1,alt_rate,0.01,14,19,1,cruise,59,0,0,0,False
isolation_forest,1,alt_rate,0.01,14,19,1,descent,1614,33,1,3,False
isolation_forest,1,alt_rate,0.01,14,20,1,overall,2629,35,1,5,False
isolation_forest,1,alt_rate,0.01,14,20,1,climb,563,0,0,0,False
isolation_forest,1,alt_rate,0.01,14,20,1,cruise,1152,0,0,0,False
isolation_forest,1,alt_rate,0.01,14,20,1,descent,914,35,1,5,False
isolation_forest,1,alt_rate,0.01,14,21,1,overall,1706,33,1,3,False
isolation_forest,1,alt_rate,0.01,14,21,1,climb,33,0,0,0,False
isolation_forest,1,alt_rate,0.01,14,21,1,cruise,59,0,0,0,False
isolation_forest,1,alt_rate,0.01,14,21,1,descent,1614,33,1,3,False
isolation_forest,1,alt_rate,0.01,14,22,1,overall,1887,32,1,5,False
isolation_forest,1,alt_rate,0.01,14,22,1,climb,262,0,0,0,False
isolation_forest,1,alt_rate,0.01,14,22,1,cruise,1323,21,1,4,False
isolation_forest,1,alt_rate,0.01,14,22,1,descent,302,11,1,1,False
isolation_forest,1,alt_rate,0.01,14,23,1,overall,2629,34,1,5,False
isolation_forest,1,alt_rate,0.01,14,23,1,climb,563,0,0,0,False
isolation_forest,1,alt_rate,0.01,14,23,1,cruise,1152,0,0,0,False
isolation_forest,1,alt_rate,0.01,14,23,1,descent,914,34,1,5,False
isolation_forest,1,alt_rate,0.01,14,24,1,overall,2641,10,1,1,False
isolation_forest,1,alt_rate,0.01,14,24,1,climb,1220,10,1,1,False
isolation_forest,1,alt_rate,0.01,14,24,1,cruise,41,0,0,0,False
isolation_forest,1,alt_rate,0.01,14,24,1,descent,1380,0,0,0,False
isolation_forest,1,alt_rate,0.01,14,25,1,overall,2551,11,1,3,False
isolation_forest,1,alt_rate,0.01,14,25,1,climb,94,8,1,1,False
isolation_forest,1,alt_rate,0.01,14,25,1,cruise,2339,0,0,0,False
isolation_forest,1,alt_rate,0.01,14,25,1,descent,118,3,1,2,False
isolation_forest,1,alt_rate,0.01,14,26,1,overall,2034,15,1,5,False
isolation_forest,1,alt_rate,0.01,14,26,1,climb,129,11,1,3,False
isolation_forest,1,alt_rate,0.01,14,26,1,cruise,1107,0,0,0,False
isolation_forest,1,alt_rate,0.01,14,26,1,descent,798,4,1,2,False
isolation_forest,1,alt_rate,0.01,14,27,1,overall,1887,32,1,7,False
isolation_forest,1,alt_rate,0.01,14,27,1,climb,262,0,0,0,False
isolation_forest,1,alt_rate,0.01,14,27,1,cruise,1323,22,1,6,False
isolation_forest,1,alt_rate,0.01,14,27,1,descent,302,10,1,1,False
isolation_forest,1,alt_rate,0.01,14,28,1,overall,2629,47,1,8,False
isolation_forest,1,alt_rate,0.01,14,28,1,climb,563,0,0,0,False
isolation_forest,1,alt_rate,0.01,14,28,1,cruise,1152,0,0,0,False
isolation_forest,1,alt_rate,0.01,14,28,1,descent,914,47,1,8,False
isolation_forest,1,alt_rate,0.01,14,29,1,overall,1887,40,1,9,False
isolation_forest,1,alt_rate,0.01,14,29,1,climb,262,2,1,2,False
isolation_forest,1,alt_rate,0.01,14,29,1,cruise,1323,26,1,6,False
isolation_forest,1,alt_rate,0.01,14,29,1,descent,302,12,1,1,False
isolation_forest,1,alt_rate,0.01,14,30,1,overall,1528,170,1,29,False
isolation_forest,1,alt_rate,0.01,14,30,1,climb,495,5,1,1,False
isolation_forest,1,alt_rate,0.01,14,30,1,cruise,475,0,0,0,False
isolation_forest,1,alt_rate,0.01,14,30,1,descent,558,165,1,28,False
isolation_forest,1,alt_rate,0.01,14,31,1,overall,2629,67,1,9,False
isolation_forest,1,alt_rate,0.01,14,31,1,climb,563,0,0,0,False
isolation_forest,1,alt_rate,0.01,14,31,1,cruise,1152,0,0,0,False
isolation_forest,1,alt_rate,0.01,14,31,1,descent,914,67,1,9,False
isolation_forest,1,alt_rate,0.01,14,32,1,overall,1006,7,1,3,False
isolation_forest,1,alt_rate,0.01,14,32,1,climb,330,2,1,2,False
isolation_forest,1,alt_rate,0.01,14,32,1,cruise,232,0,0,0,False
isolation_forest,1,alt_rate,0.01,14,32,1,descent,444,5,1,1,False
isolation_forest,1,alt_rate,0.01,14,33,1,overall,1528,183,1,25,False
isolation_forest,1,alt_rate,0.01,14,33,1,climb,495,5,1,1,False
isolation_forest,1,alt_rate,0.01,14,33,1,cruise,475,0,0,0,False
isolation_forest,1,alt_rate,0.01,14,33,1,descent,558,178,1,24,False
isolation_forest,1,alt_rate,0.01,14,34,1,overall,1944,67,1,9,False
isolation_forest,1,alt_rate,0.01,14,34,1,climb,164,1,1,1,False
isolation_forest,1,alt_rate,0.01,14,34,1,cruise,1524,5,1,3,False
isolation_forest,1,alt_rate,0.01,14,34,1,descent,256,61,1,5,False
isolation_forest,1,alt_rate,0.01,14,35,1,overall,1706,34,1,3,False
isolation_forest,1,alt_rate,0.01,14,35,1,climb,33,0,0,0,False
isolation_forest,1,alt_rate,0.01,14,35,1,cruise,59,0,0,0,False
isolation_forest,1,alt_rate,0.01,14,35,1,descent,1614,34,1,3,False
isolation_forest,1,alt_rate,0.01,15,1,2,overall,2669,126,1,12,False
isolation_forest,1,alt_rate,0.01,15,1,2,climb,705,0,0,0,False
isolation_forest,1,alt_rate,0.01,15,1,2,cruise,555,0,0,0,False
isolation_forest,1,alt_rate,0.01,15,1,2,descent,1409,126,1,12,False
isolation_forest,1,alt_rate,0.01,15,2,2,overall,7711,0,0,0,False
isolation_forest,1,alt_rate,0.01,15,2,2,climb,1947,0,0,0,False
isolation_forest,1,alt_rate,0.01,15,2,2,cruise,3098,0,0,0,False
isolation_forest,1,alt_rate,0.01,15,2,2,descent,2666,0,0,0,False
isolation_forest,1,alt_rate,0.01,15,3,2,overall,5503,64,1,22,False
isolation_forest,1,alt_rate,0.01,15,3,2,climb,3076,0,0,0,False
isolation_forest,1,alt_rate,0.01,15,3,2,cruise,995,0,0,0,False
isolation_forest,1,alt_rate,0.01,15,3,2,descent,1432,64,1,22,False
isolation_forest,1,alt_rate,0.01,15,4,2,overall,6372,64,1,10,False
isolation_forest,1,alt_rate,0.01,15,4,2,climb,2890,26,1,1,False
isolation_forest,1,alt_rate,0.01,15,4,2,cruise,2106,0,0,0,False
isolation_forest,1,alt_rate,0.01,15,4,2,descent,1376,38,1,9,False
isolation_forest,1,alt_rate,0.01,15,5,2,overall,6075,5,1,2,False
isolation_forest,1,alt_rate,0.01,15,5,2,climb,1898,1,1,1,False
isolation_forest,1,alt_rate,0.01,15,5,2,cruise,2050,0,0,0,False
isolation_forest,1,alt_rate,0.01,15,5,2,descent,2127,4,1,1,False
isolation_forest,1,alt_rate,0.01,15,6,2,overall,9157,88,1,9,False
isolation_forest,1,alt_rate,0.01,15,6,2,climb,3768,1,1,1,False
isolation_forest,1,alt_rate,0.01,15,6,2,cruise,2226,0,0,0,False
isolation_forest,1,alt_rate,0.01,15,6,2,descent,3163,87,1,8,False
isolation_forest,1,alt_rate,0.01,15,7,2,overall,5892,136,1,17,False
isolation_forest,1,alt_rate,0.01,15,7,2,climb,3460,15,1,4,False
isolation_forest,1,alt_rate,0.01,15,7,2,cruise,1497,0,0,0,False
isolation_forest,1,alt_rate,0.01,15,7,2,descent,935,121,1,13,False
isolation_forest,1,alt_rate,0.01,15,8,2,overall,4015,5,1,2,False
isolation_forest,1,alt_rate,0.01,15,8,2,climb,913,4,1,1,False
isolation_forest,1,alt_rate,0.01,15,8,2,cruise,973,0,0,0,False
isolation_forest,1,alt_rate,0.01,15,8,2,descent,2129,1,1,1,False
isolation_forest,1,alt_rate,0.01,15,9,2,overall,8714,124,1,27,False
isolation_forest,1,alt_rate,0.01,15,9,2,climb,2654,3,1,2,False
isolation_forest,1,alt_rate,0.01,15,9,2,cruise,4350,19,1,11,False
isolation_forest,1,alt_rate,0.01,15,9,2,descent,1710,102,1,15,False
isolation_forest,1,alt_rate,0.01,15,10,2,overall,5218,4,1,2,False
isolation_forest,1,alt_rate,0.01,15,10,2,climb,2880,3,1,1,False
isolation_forest,1,alt_rate,0.01,15,10,2,cruise,758,0,0,0,False
isolation_forest,1,alt_rate,0.01,15,10,2,descent,1580,1,1,1,False
isolation_forest,1,alt_rate,0.01,15,11,2,overall,6001,43,1,7,False
isolation_forest,1,alt_rate,0.01,15,11,2,climb,2567,3,1,1,False
isolation_forest,1,alt_rate,0.01,15,11,2,cruise,1521,0,0,0,False
isolation_forest,1,alt_rate,0.01,15,11,2,descent,1913,40,1,6,False
isolation_forest,1,alt_rate,0.01,15,12,2,overall,8363,60,1,11,False
isolation_forest,1,alt_rate,0.01,15,12,2,climb,2146,0,0,0,False
isolation_forest,1,alt_rate,0.01,15,12,2,cruise,2656,0,0,0,False
isolation_forest,1,alt_rate,0.01,15,12,2,descent,3561,60,1,11,False
isolation_forest,1,alt_rate,0.01,15,13,2,overall,5761,2,1,2,False
isolation_forest,1,alt_rate,0.01,15,13,2,climb,1955,0,0,0,False
isolation_forest,1,alt_rate,0.01,15,13,2,cruise,2104,0,0,0,False
isolation_forest,1,alt_rate,0.01,15,13,2,descent,1702,2,1,2,False
isolation_forest,1,alt_rate,0.01,15,14,2,overall,6942,9,1,2,False
isolation_forest,1,alt_rate,0.01,15,14,2,climb,2466,8,1,1,False
isolation_forest,1,alt_rate,0.01,15,14,2,cruise,2580,0,0,0,False
isolation_forest,1,alt_rate,0.01,15,14,2,descent,1896,1,1,1,False
isolation_forest,1,alt_rate,0.01,15,15,2,overall,8154,220,1,33,False
isolation_forest,1,alt_rate,0.01,15,15,2,climb,2342,4,1,1,False
isolation_forest,1,alt_rate,0.01,15,15,2,cruise,2353,7,1,4,False
isolation_forest,1,alt_rate,0.01,15,15,2,descent,3459,209,1,28,False
isolation_forest,1,alt_rate,0.01,15,16,2,overall,5218,4,1,2,False
isolation_forest,1,alt_rate,0.01,15,16,2,climb,2880,3,1,1,False
isolation_forest,1,alt_rate,0.01,15,16,2,cruise,758,0,0,0,False
isolation_forest,1,alt_rate,0.01,15,16,2,descent,1580,1,1,1,False
isolation_forest,1,alt_rate,0.01,15,17,2,overall,5804,5,1,4,False
isolation_forest,1,alt_rate,0.01,15,17,2,climb,2122,0,0,0,False
isolation_forest,1,alt_rate,0.01,15,17,2,cruise,1784,0,0,0,False
isolation_forest,1,alt_rate,0.01,15,17,2,descent,1898,5,1,4,False
isolation_forest,1,alt_rate,0.01,15,18,2,overall,8154,196,1,38,False
isolation_forest,1,alt_rate,0.01,15,18,2,climb,2342,4,1,1,False
isolation_forest,1,alt_rate,0.01,15,18,2,cruise,2353,7,1,4,False
isolation_forest,1,alt_rate,0.01,15,18,2,descent,3459,185,1,33,False
isolation_forest,1,alt_rate,0.01,15,19,2,overall,6782,174,1,34,False
isolation_forest,1,alt_rate,0.01,15,19,2,climb,3211,0,0,0,False
isolation_forest,1,alt_rate,0.01,15,19,2,cruise,567,10,1,8,False
isolation_forest,1,alt_rate,0.01,15,19,2,descent,3004,164,1,26,False
isolation_forest,1,alt_rate,0.01,15,20,2,overall,6265,7,1,2,False
isolation_forest,1,alt_rate,0.01,15,20,2,climb,1427,0,0,0,False
isolation_forest,1,alt_rate,0.01,15,20,2,cruise,2185,0,0,0,False
isolation_forest,1,alt_rate,0.01,15,20,2,descent,2653,7,1,2,False
isolation_forest,1,alt_rate,0.01,15,21,2,overall,6381,7,1,3,False
isolation_forest,1,alt_rate,0.01,15,21,2,climb,1431,0,0,0,False
isolation_forest,1,alt_rate,0.01,15,21,2,cruise,1684,0,0,0,False
isolation_forest,1,alt_rate,0.01,15,21,2,descent,3266,7,1,3,False
isolation_forest,1,alt_rate,0.01,15,22,2,overall,5501,80,1,21,False
isolation_forest,1,alt_rate,0.01,15,22,2,climb,2711,12,1,5,False
isolation_forest,1,alt_rate,0.01,15,22,2,cruise,1270,0,0,0,False
isolation_forest,1,alt_rate,0.01,15,22,2,descent,1520,68,1,16,False
isolation_forest,1,alt_rate,0.01,15,23,2,overall,6887,140,1,14,False
isolation_forest,1,alt_rate,0.01,15,23,2,climb,2052,3,1,3,False
isolation_forest,1,alt_rate,0.01,15,23,2,cruise,2880,0,0,0,False
isolation_forest,1,alt_rate,0.01,15,23,2,descent,1955,137,1,11,False
isolation_forest,1,alt_rate,0.02,11,1,3,overall,11007,109,1,33,True
isolation_forest,1,alt_rate,0.02,11,1,3,climb,2930,6,1,1,True
isolation_forest,1,alt_rate,0.02,11,1,3,cruise,3885,21,1,9,True
isolation_forest,1,alt_rate,0.02,11,1,3,descent,4192,82,1,23,True
isolation_forest,1,alt_rate,0.02,11,2,3,overall,17636,136,1,29,True
isolation_forest,1,alt_rate,0.02,11,2,3,climb,3879,8,1,1,True
isolation_forest,1,alt_rate,0.02,11,2,3,cruise,9869,40,1,5,True
isolation_forest,1,alt_rate,0.02,11,2,3,descent,3888,88,1,23,True
isolation_forest,1,alt_rate,0.02,11,3,3,overall,9831,549,1,54,True
isolation_forest,1,alt_rate,0.02,11,3,3,climb,2327,16,1,1,True
isolation_forest,1,alt_rate,0.02,11,3,3,cruise,2755,21,1,5,True
isolation_forest,1,alt_rate,0.02,11,3,3,descent,4749,512,1,48,True
isolation_forest,1,alt_rate,0.02,11,4,3,overall,13140,103,1,22,True
isolation_forest,1,alt_rate,0.02,11,4,3,climb,3297,6,1,2,True
isolation_forest,1,alt_rate,0.02,11,4,3,cruise,6273,0,0,0,True
isolation_forest,1,alt_rate,0.02,11,4,3,descent,3570,97,1,20,True
isolation_forest,1,alt_rate,0.02,11,5,3,overall,13751,262,1,26,True
isolation_forest,1,alt_rate,0.02,11,5,3,climb,2298,6,1,1,True
isolation_forest,1,alt_rate,0.02,11,5,3,cruise,6278,31,1,5,True
isolation_forest,1,alt_rate,0.02,11,5,3,descent,5175,225,1,20,True
isolation_forest,1,alt_rate,0.02,11,6,3,overall,11689,221,1,63,True
isolation_forest,1,alt_rate,0.02,11,6,3,climb,1743,0,0,0,True
isolation_forest,1,alt_rate,0.02,11,6,3,cruise,6205,46,1,25,True
isolation_forest,1,alt_rate,0.02,11,6,3,descent,3741,175,1,38,True
isolation_forest,1,alt_rate,0.02,11,7,3,overall,11007,182,1,36,True
isolation_forest,1,alt_rate,0.02,11,7,3,climb,2930,7,1,1,True
isolation_forest,1,alt_rate,0.02,11,7,3,cruise,3885,24,1,7,True
isolation_forest,1,alt_rate,0.02,11,7,3,descent,4192,151,1,28,True
isolation_forest,1,alt_rate,0.02,11,8,3,overall,8826,195,1,46,True
isolation_forest,1,alt_rate,0.02,11,8,3,climb,4070,2,1,1,True
isolation_forest,1,alt_rate,0.02,11,8,3,cruise,3030,0,0,0,True
isolation_forest,1,alt_rate,0.02,11,8,3,descent,1726,193,1,45,True
isolation_forest,1,alt_rate,0.02,11,9,3,overall,8928,125,1,33,True
isolation_forest,1,alt_rate,0.02,11,9,3,climb,2568,9,1,5,True
isolation_forest,1,alt_rate,0.02,11,9,3,cruise,3414,0,0,0,True
isolation_forest,1,alt_rate,0.02,11,9,3,descent,2946,116,1,28,True
isolation_forest,1,alt_rate,0.02,11,10,3,overall,13940,196,1,18,True
isolation_forest,1,alt_rate,0.02,11,10,3,climb,4340,9,1,1,True
isolation_forest,1,alt_rate,0.02,11,10,3,cruise,5054,1,1,1,True
isolation_forest,1,alt_rate,0.02,11,10,3,descent,4546,186,1,16,True
isolation_forest,1,alt_rate,0.02,11,11,3,overall,13751,238,1,22,True
isolation_forest,1,alt_rate,0.02,11,11,3,climb,2298,6,1,1,True
isolation_forest,1,alt_rate,0.02,11,11,3,cruise,6278,38,1,4,True
isolation_forest,1,alt_rate,0.02,11,11,3,descent,5175,194,1,17,True
isolation_forest,1,alt_rate,0.02,11,12,3,overall,14346,91,1,27,True
isolation_forest,1,alt_rate,0.02,11,12,3,climb,3497,34,1,10,True
isolation_forest,1,alt_rate,0.02,11,12,3,cruise,6768,1,1,1,True
isolation_forest,1,alt_rate,0.02,11,12,3,descent,4081,56,1,16,True
isolation_forest,1,alt_rate,0.02,11,13,3,overall,10704,82,1,20,True
isolation_forest,1,alt_rate,0.02,11,13,3,climb,3236,11,1,1,True
isolation_forest,1,alt_rate,0.02,11,13,3,cruise,4152,25,1,8,True
isolation_forest,1,alt_rate,0.02,11,13,3,descent,3316,46,1,11,True
isolation_forest,1,alt_rate,0.02,11,14,3,overall,11573,181,1,30,True
isolation_forest,1,alt_rate,0.02,11,14,3,climb,3665,3,1,1,True
isolation_forest,1,alt_rate,0.02,11,14,3,cruise,3719,5,1,3,True
isolation_forest,1,alt_rate,0.02,11,14,3,descent,4189,173,1,26,True
isolation_forest,1,alt_rate,0.02,11,15,3,overall,7701,571,1,56,True
isolation_forest,1,alt_rate,0.02,11,15,3,climb,2453,4,1,2,True
isolation_forest,1,alt_rate,0.02,11,15,3,cruise,1248,0,0,0,True
isolation_forest,1,alt_rate,0.02,11,15,3,descent,4000,567,1,54,True
isolation_forest,1,alt_rate,0.02,11,16,3,overall,11457,312,1,40,True
isolation_forest,1,alt_rate,0.02,11,16,3,climb,3793,4,1,2,True
isolation_forest,1,alt_rate,0.02,11,16,3,cruise,4388,0,0,0,True
isolation_forest,1,alt_rate,0.02,11,16,3,descent,3276,308,1,38,True
isolation_forest,1,alt_rate,0.02,11,17,3,overall,11457,300,1,30,True
isolation_forest,1,alt_rate,0.02,11,17,3,climb,3793,2,1,1,True
isolation_forest,1,alt_rate,0.02,11,17,3,cruise,4388,0,0,0,True
isolation_forest,1,alt_rate,0.02,11,17,3,descent,3276,298,1,29,True
isolation_forest,1,alt_rate,0.02,11,18,3,overall,12562,129,1,28,True
isolation_forest,1,alt_rate,0.02,11,18,3,climb,5390,3,1,2,True
isolation_forest,1,alt_rate,0.02,11,18,3,cruise,2282,0,0,0,True
isolation_forest,1,alt_rate,0.02,11,18,3,descent,4890,126,1,26,True
isolation_forest,1,alt_rate,0.02,14,1,1,overall,2551,15,1,6,False
isolation_forest,1,alt_rate,0.02,14,1,1,climb,94,8,1,1,False
isolation_forest,1,alt_rate,0.02,14,1,1,cruise,2339,2,1,2,False
isolation_forest,1,alt_rate,0.02,14,1,1,descent,118,5,1,3,False
isolation_forest,1,alt_rate,0.02,14,2,1,overall,1528,214,1,14,False
isolation_forest,1,alt_rate,0.02,14,2,1,climb,495,4,1,1,False
isolation_forest,1,alt_rate,0.02,14,2,1,cruise,475,0,0,0,False
isolation_forest,1,alt_rate,0.02,14,2,1,descent,558,210,1,13,False
isolation_forest,1,alt_rate,0.02,14,3,1,overall,1887,63,1,22,False
isolation_forest,1,alt_rate,0.02,14,3,1,climb,262,5,1,4,False
isolation_forest,1,alt_rate,0.02,14,3,1,cruise,1323,31,1,9,False
isolation_forest,1,alt_rate,0.02,14,3,1,descent,302,27,1,9,False
isolation_forest,1,alt_rate,0.02,14,4,1,overall,1303,188,1,24,False
isolation_forest,1,alt_rate,0.02,14,4,1,climb,96,31,1,2,False
isolation_forest,1,alt_rate,0.02,14,4,1,cruise,1050,146,1,18,False
isolation_forest,1,alt_rate,0.02,14,4,1,descent,157,11,1,4,False
isolation_forest,1,alt_rate,0.02,14,5,1,overall,2641,51,1,5,False
isolation_forest,1,alt_rate,0.02,14,5,1,climb,1220,10,1,1,False
isolation_forest,1,alt_rate,0.02,14,5,1,cruise,41,0,0,0,False
isolation_forest,1,alt_rate,0.02,14,5,1,descent,1380,41,1,4,False
isolation_forest,1,alt_rate,0.02,14,6,1,overall,2918,41,1,13,False
isolation_forest,1,alt_rate,0.02,14,6,1,climb,265,15,1,3,False
isolation_forest,1,alt_rate,0.02,14,6,1,cruise,1361,2,1,1,False
isolation_forest,1,alt_rate,0.02,14,6,1,descent,1292,24,1,9,False
isolation_forest,1,alt_rate,0.02,14,7,1,overall,1303,193,1,28,False
isolation_forest,1,alt_rate,0.02,14,7,1,climb,96,31,1,2,False
isolation_forest,1,alt_rate,0.02,14,7,1,cruise,1050,151,1,22,False
isolation_forest,1,alt_rate,0.02,14,7,1,descent,157,11,1,4,False
isolation_forest,1,alt_rate,0.02,14,8,1,overall,2551,13,1,5,False
isolation_forest,1,alt_rate,0.02,14,8,1,climb,94,8,1,1,False
isolation_forest,1,alt_rate,0.02,14,8,1,cruise,2339,1,1,1,False
isolation_forest,1,alt_rate,0.02,14,8,1,descent,118,4,1,3,False
isolation_forest,1,alt_rate,0.02,14,9,1,overall,1706,75,1,7,False
isolation_forest,1,alt_rate,0.02,14,9,1,climb,33,0,0,0,False
isolation_forest,1,alt_rate,0.02,14,9,1,cruise,59,0,0,0,False
isolation_forest,1,alt_rate,0.02,14,9,1,descent,1614,75,1,7,False
isolation_forest,1,alt_rate,0.02,14,10,1,overall,1706,65,1,6,False
isolation_forest,1,alt_rate,0.02,14,10,1,climb,33,0,0,0,False
isolation_forest,1,alt_rate,0.02,14,10,1,cruise,59,0,0,0,False
isolation_forest,1,alt_rate,0.02,14,10,1,descent,1614,65,1,6,False
isolation_forest,1,alt_rate,0.02,14,11,1,overall,2346,59,1,7,False
isolation_forest,1,alt_rate,0.02,14,11,1,climb,539,7,1,1,False
isolation_forest,1,alt_rate,0.02,14,11,1,cruise,891,0,0,0,False
isolation_forest,1,alt_rate,0.02,14,11,1,descent,916,52,1,6,False
isolation_forest,1,alt_rate,0.02,14,12,1,overall,2641,52,1,8,False
isolation_forest,1,alt_rate,0.02,14,12,1,climb,1220,11,1,1,False
isolation_forest,1,alt_rate,0.02,14,12,1,cruise,41,0,0,0,False
isolation_forest,1,alt_rate,0.02,14,12,1,descent,1380,41,1,7,False
isolation_forest,1,alt_rate,0.02,14,13,1,overall,1303,211,1,31,False
isolation_forest,1,alt_rate,0.02,14,13,1,climb,96,30,1,2,False
isolation_forest,1,alt_rate,0.02,14,13,1,cruise,1050,164,1,22,False
isolation_forest,1,alt_rate,0.02,14,13,1,descent,157,17,1,7,False
isolation_forest,1,alt_rate,0.02,14,14,1,overall,2629,187,1,15,False
isolation_forest,1,alt_rate,0.02,14,14,1,climb,563,0,0,0,False
isolation_forest,1,alt_rate,0.02,14,14,1,cruise,1152,0,0,0,False
isolation_forest,1,alt_rate,0.02,14,14,1,descent,914,187,1,15,False
isolation_forest,1,alt_rate,0.02,14,15,1,overall,1930,7,1,4,False
isolation_forest,1,alt_rate,0.02,14,15,1,climb,545,2,1,1,False
isolation_forest,1,alt_rate,0.02,14,15,1,cruise,661,0,0,0,False
isolation_forest,1,alt_rate,0.02,14,15,1,descent,724,5,1,3,False
isolation_forest,1,alt_rate,0.02,14,16,1,overall,1528,235,1,15,False
isolation_forest,1,alt_rate,0.02,14,16,1,climb,495,6,1,1,False
isolation_forest,1,alt_rate,0.02,14,16,1,cruise,475,0,0,0,False
isolation_forest,1,alt_rate,0.02,14,16,1,descent,558,229,1,14,False
isolation_forest,1,alt_rate,0.02,14,17,1,overall,2641,63,1,8,False
isolation_forest,1,alt_rate,0.02,14,17,1,climb,1220,12,1,1,False
isolation_forest,1,alt_rate,0.02,14,17,1,cruise,41,0,0,0,False
isolation_forest,1,alt_rate,0.02,14,17,1,descent,1380,51,1,7,False
isolation_forest,1,alt_rate,0.02,14,18,1,overall,2629,148,1,17,False
isolation_forest,1,alt_rate,0.02,14,18,1,climb,563,0,0,0,False
isolation_forest,1,alt_rate,0.02,14,18,1,cruise,1152,0,0,0,False
isolation_forest,1,alt_rate,0.02,14,18,1,descent,914,148,1,17,False
isolation_forest,1,alt_rate,0.02,14,19,1,overall,1706,55,1,10,False
isolation_forest,1,alt_rate,0.02,14,19,1,climb,33,1,1,1,False
isolation_forest,1,alt_rate,0.02,14,19,1,cruise,59,0,0,0,False
isolation_forest,1,alt_rate,0.02,14,19,1,descent,1614,54,1,9,False
isolation_forest,1,alt_rate,0.02,14,20,1,overall,2629,191,1,16,False
isolation_forest,1,alt_rate,0.02,14,20,1,climb,563,0,0,0,False
isolation_forest,1,alt_rate,0.02,14,20,1,cruise,1152,0,0,0,False
isolation_forest,1,alt_rate,0.02,14,20,1,descent,914,191,1,16,False
isolation_forest,1,alt_rate,0.02,14,21,1,overall,1706,45,1,9,False
isolation_forest,1,alt_rate,0.02,14,21,1,climb,33,1,1,1,False
isolation_forest,1,alt_rate,0.02,14,21,1,cruise,59,0,0,0,False
isolation_forest,1,alt_rate,0.02,14,21,1,descent,1614,44,1,8,False
isolation_forest,1,alt_rate,0.02,14,22,1,overall,1887,121,1,18,False
isolation_forest,1,alt_rate,0.02,14,22,1,climb,262,44,1,7,False
isolation_forest,1,alt_rate,0.02,14,22,1,cruise,1323,38,1,9,False
isolation_forest,1,alt_rate,0.02,14,22,1,descent,302,39,1,2,False
isolation_forest,1,alt_rate,0.02,14,23,1,overall,2629,155,1,20,False
isolation_forest,1,alt_rate,0.02,14,23,1,climb,563,0,0,0,False
isolation_forest,1,alt_rate,0.02,14,23,1,cruise,1152,0,0,0,False
isolation_forest,1,alt_rate,0.02,14,23,1,descent,914,155,1,20,False
isolation_forest,1,alt_rate,0.02,14,24,1,overall,2641,81,1,21,False
isolation_forest,1,alt_rate,0.02,14,24,1,climb,1220,13,1,1,False
isolation_forest,1,alt_rate,0.02,14,24,1,cruise,41,0,0,0,False
isolation_forest,1,alt_rate,0.02,14,24,1,descent,1380,68,1,20,False
isolation_forest,1,alt_rate,0.02,14,25,1,overall,2551,22,1,7,False
isolation_forest,1,alt_rate,0.02,14,25,1,climb,94,14,1,1,False
isolation_forest,1,alt_rate,0.02,14,25,1,cruise,2339,2,1,2,False
isolation_forest,1,alt_rate,0.02,14,25,1,descent,118,6,1,4,False
isolation_forest,1,alt_rate,0.02,14,26,1,overall,2034,32,1,9,False
isolation_forest,1,alt_rate,0.02,14,26,1,climb,129,21,1,3,False
isolation_forest,1,alt_rate,0.02,14,26,1,cruise,1107,3,1,3,False
isolation_forest,1,alt_rate,0.02,14,26,1,descent,798,8,1,3,False
isolation_forest,1,alt_rate,0.02,14,27,1,overall,1887,138,1,28,False
isolation_forest,1,alt_rate,0.02,14,27,1,climb,262,45,1,9,False
isolation_forest,1,alt_rate,0.02,14,27,1,cruise,1323,38,1,11,False
isolation_forest,1,alt_rate,0.02,14,27,1,descent,302,55,1,8,False
isolation_forest,1,alt_rate,0.02,14,28,1,overall,2629,266,1,20,False
isolation_forest,1,alt_rate,0.02,14,28,1,climb,563,0,0,0,False
isolation_forest,1,alt_rate,0.02,14,28,1,cruise,1152,0,0,0,False
isolation_forest,1,alt_rate,0.02,14,28,1,descent,914,266,1,20,False
isolation_forest,1,alt_rate,0.02,14,29,1,overall,1887,160,1,21,False
isolation_forest,1,alt_rate,0.02,14,29,1,climb,262,59,1,5,False
isolation_forest,1,alt_rate,0.02,14,29,1,cruise,1323,44,1,9,False
isolation_forest,1,alt_rate,0.02,14,29,1,descent,302,57,1,7,False
isolation_forest,1,alt_rate,0.02,14,30,1,overall,1528,295,1,14,False
isolation_forest,1,alt_rate,0.02,14,30,1,climb,495,8,1,1,False
isolation_forest,1,alt_rate,0.02,14,30,1,cruise,475,0,0,0,False
isolation_forest,1,alt_rate,0.02,14,30,1,descent,558,287,1,13,False
isolation_forest,1,alt_rate,0.02,14,31,1,overall,2629,295,1,15,False
isolation_forest,1,alt_rate,0.02,14,31,1,climb,563,0,0,0,False
isolation_forest,1,alt_rate,0.02,14,31,1,cruise,1152,0,0,0,False
isolation_forest,1,alt_rate,0.02,14,31,1,descent,914,295,1,15,False
isolation_forest,1,alt_rate,0.02,14,32,1,overall,1006,64,1,34,False
isolation_forest,1,alt_rate,0.02,14,32,1,climb,330,29,1,18,False
isolation_forest,1,alt_rate,0.02,14,32,1,cruise,232,0,0,0,False
isolation_forest,1,alt_rate,0.02,14,32,1,descent,444,35,1,16,False
isolation_forest,1,alt_rate,0.02,14,33,1,overall,1528,306,1,18,False
isolation_forest,1,alt_rate,0.02,14,33,1,climb,495,9,1,1,False
isolation_forest,1,alt_rate,0.02,14,33,1,cruise,475,2,1,2,False
isolation_forest,1,alt_rate,0.02,14,33,1,descent,558,295,1,15,False
isolation_forest,1,alt_rate,0.02,14,34,1,overall,1944,143,1,11,False
isolation_forest,1,alt_rate,0.02,14,34,1,climb,164,11,1,3,False
isolation_forest,1,alt_rate,0.02,14,34,1,cruise,1524,9,1,2,False
isolation_forest,1,alt_rate,0.02,14,34,1,descent,256,123,1,6,False
isolation_forest,1,alt_rate,0.02,14,35,1,overall,1706,47,1,8,False
isolation_forest,1,alt_rate,0.02,14,35,1,climb,33,4,1,1,False
isolation_forest,1,alt_rate,0.02,14,35,1,cruise,59,0,0,0,False
isolation_forest,1,alt_rate,0.02,14,35,1,descent,1614,43,1,7,False
isolation_forest,1,alt_rate,0.02,15,1,2,overall,2669,276,1,18,False
isolation_forest,1,alt_rate,0.02,15,1,2,climb,705,0,0,0,False
isolation_forest,1,alt_rate,0.02,15,1,2,cruise,555,0,0,0,False
isolation_forest,1,alt_rate,0.02,15,1,2,descent,1409,276,1,18,False
isolation_forest,1,alt_rate,0.02,15,2,2,overall,7711,17,1,5,False
isolation_forest,1,alt_rate,0.02,15,2,2,climb,1947,11,1,1,False
isolation_forest,1,alt_rate,0.02,15,2,2,cruise,3098,0,0,0,False
isolation_forest,1,alt_rate,0.02,15,2,2,descent,2666,6,1,4,False
isolation_forest,1,alt_rate,0.02,15,3,2,overall,5503,284,1,78,False
isolation_forest,1,alt_rate,0.02,15,3,2,climb,3076,3,1,1,False
isolation_forest,1,alt_rate,0.02,15,3,2,cruise,995,0,0,0,False
isolation_forest,1,alt_rate,0.02,15,3,2,descent,1432,281,1,77,False
isolation_forest,1,alt_rate,0.02,15,4,2,overall,6372,174,1,17,False
isolation_forest,1,alt_rate,0.02,15,4,2,climb,2890,27,1,2,False
isolation_forest,1,alt_rate,0.02,15,4,2,cruise,2106,0,0,0,False
isolation_forest,1,alt_rate,0.02,15,4,2,descent,1376,147,1,15,False
isolation_forest,1,alt_rate,0.02,15,5,2,overall,6075,37,1,11,False
isolation_forest,1,alt_rate,0.02,15,5,2,climb,1898,7,1,1,False
isolation_forest,1,alt_rate,0.02,15,5,2,cruise,2050,0,0,0,False
isolation_forest,1,alt_rate,0.02,15,5,2,descent,2127,30,1,10,False
isolation_forest,1,alt_rate,0.02,15,6,2,overall,9157,115,1,7,False
isolation_forest,1,alt_rate,0.02,15,6,2,climb,3768,4,1,1,False
isolation_forest,1,alt_rate,0.02,15,6,2,cruise,2226,0,0,0,False
isolation_forest,1,alt_rate,0.02,15,6,2,descent,3163,111,1,6,False
isolation_forest,1,alt_rate,0.02,15,7,2,overall,5892,357,1,30,False
isolation_forest,1,alt_rate,0.02,15,7,2,climb,3460,25,1,7,False
isolation_forest,1,alt_rate,0.02,15,7,2,cruise,1497,0,0,0,False
isolation_forest,1,alt_rate,0.02,15,7,2,descent,935,332,1,23,False
isolation_forest,1,alt_rate,0.02,15,8,2,overall,4015,49,1,20,False
isolation_forest,1,alt_rate,0.02,15,8,2,climb,913,6,1,1,False
isolation_forest,1,alt_rate,0.02,15,8,2,cruise,973,0,0,0,False
isolation_forest,1,alt_rate,0.02,15,8,2,descent,2129,43,1,19,False
isolation_forest,1,alt_rate,0.02,15,9,2,overall,8714,158,1,37,False
isolation_forest,1,alt_rate,0.02,15,9,2,climb,2654,8,1,1,False
isolation_forest,1,alt_rate,0.02,15,9,2,cruise,4350,33,1,18,False
isolation_forest,1,alt_rate,0.02,15,9,2,descent,1710,117,1,19,False
isolation_forest,1,alt_rate,0.02,15,10,2,overall,5218,98,1,43,False
isolation_forest,1,alt_rate,0.02,15,10,2,climb,2880,4,1,1,False
isolation_forest,1,alt_rate,0.02,15,10,2,cruise,758,0,0,0,False
isolation_forest,1,alt_rate,0.02,15,10,2,descent,1580,94,1,42,False
isolation_forest,1,alt_rate,0.02,15,11,2,overall,6001,77,1,19,False
isolation_forest,1,alt_rate,0.02,15,11,2,climb,2567,8,1,1,False
isolation_forest,1,alt_rate,0.02,15,11,2,cruise,1521,0,0,0,False
isolation_forest,1,alt_rate,0.02,15,11,2,descent,1913,69,1,18,False
isolation_forest,1,alt_rate,0.02,15,12,2,overall,8363,168,1,19,False
isolation_forest,1,alt_rate,0.02,15,12,2,climb,2146,3,1,1,False
isolation_forest,1,alt_rate,0.02,15,12,2,cruise,2656,0,0,0,False
isolation_forest,1,alt_rate,0.02,15,12,2,descent,3561,165,1,18,False
isolation_forest,1,alt_rate,0.02,15,13,2,overall,5761,40,1,17,False
isolation_forest,1,alt_rate,0.02,15,13,2,climb,1955,1,1,1,False
isolation_forest,1,alt_rate,0.02,15,13,2,cruise,2104,0,0,0,False
isolation_forest,1,alt_rate,0.02,15,13,2,descent,1702,39,1,16,False
isolation_forest,1,alt_rate,0.02,15,14,2,overall,6942,20,1,3,False
isolation_forest,1,alt_rate,0.02,15,14,2,climb,2466,11,1,1,False
isolation_forest,1,alt_rate,0.02,15,14,2,cruise,2580,0,0,0,False
isolation_forest,1,alt_rate,0.02,15,14,2,descent,1896,9,1,2,False
isolation_forest,1,alt_rate,0.02,15,15,2,overall,8154,537,1,40,False
isolation_forest,1,alt_rate,0.02,15,15,2,climb,2342,12,1,1,False
isolation_forest,1,alt_rate,0.02,15,15,2,cruise,2353,14,1,7,False
isolation_forest,1,alt_rate,0.02,15,15,2,descent,3459,511,1,32,False
isolation_forest,1,alt_rate,0.02,15,16,2,overall,5218,91,1,33,False
isolation_forest,1,alt_rate,0.02,15,16,2,climb,2880,4,1,1,False
isolation_forest,1,alt_rate,0.02,15,16,2,cruise,758,0,0,0,False
isolation_forest,1,alt_rate,0.02,15,16,2,descent,1580,87,1,32,False
isolation_forest,1,alt_rate,0.02,15,17,2,overall,5804,218,1,22,False
isolation_forest,1,alt_rate,0.02,15,17,2,climb,2122,2,1,1,False
isolation_forest,1,alt_rate,0.02,15,17,2,cruise,1784,0,0,0,False
isolation_forest,1,alt_rate,0.02,15,17,2,descent,1898,216,1,21,False
isolation_forest,1,alt_rate,0.02,15,18,2,overall,8154,516,1,47,False
isolation_forest,1,alt_rate,0.02,15,18,2,climb,2342,11,1,1,False
isolation_forest,1,alt_rate,0.02,15,18,2,cruise,2353,13,1,8,False
isolation_forest,1,alt_rate,0.02,15,18,2,descent,3459,492,1,38,False
isolation_forest,1,alt_rate,0.02,15,19,2,overall,6782,288,1,60,False
isolation_forest,1,alt_rate,0.02,15,19,2,climb,3211,2,1,1,False
isolation_forest,1,alt_rate,0.02,15,19,2,cruise,567,30,1,8,False
isolation_forest,1,alt_rate,0.02,15,19,2,descent,3004,256,1,51,False
isolation_forest,1,alt_rate,0.02,15,20,2,overall,6265,74,1,11,False
isolation_forest,1,alt_rate,0.02,15,20,2,climb,1427,0,0,0,False
isolation_forest,1,alt_rate,0.02,15,20,2,cruise,2185,0,0,0,False
isolation_forest,1,alt_rate,0.02,15,20,2,descent,2653,74,1,11,False
isolation_forest,1,alt_rate,0.02,15,21,2,overall,6381,76,1,19,False
isolation_forest,1,alt_rate,0.02,15,21,2,climb,1431,1,1,1,False
isolation_forest,1,alt_rate,0.02,15,21,2,cruise,1684,0,0,0,False
isolation_forest,1,alt_rate,0.02,15,21,2,descent,3266,75,1,18,False
isolation_forest,1,alt_rate,0.02,15,22,2,overall,5501,100,1,21,False
isolation_forest,1,alt_rate,0.02,15,22,2,climb,2711,24,1,9,False
isolation_forest,1,alt_rate,0.02,15,22,2,cruise,1270,0,0,0,False
isolation_forest,1,alt_rate,0.02,15,22,2,descent,1520,76,1,12,False
isolation_forest,1,alt_rate,0.02,15,23,2,overall,6887,321,1,11,False
isolation_forest,1,alt_rate,0.02,15,23,2,climb,2052,9,1,1,False
isolation_forest,1,alt_rate,0.02,15,23,2,cruise,2880,0,0,0,False
isolation_forest,1,alt_rate,0.02,15,23,2,descent,1955,312,1,10,False
isolation_forest,2,primary,0.005,11,1,3,overall,11007,22,1,10,True
isolation_forest,2,primary,0.005,11,1,3,climb,2506,0,0,0,True
isolation_forest,2,primary,0.005,11,1,3,cruise,4386,7,1,2,True
isolation_forest,2,primary,0.005,11,1,3,descent,4115,15,1,8,True
isolation_forest,2,primary,0.005,11,2,3,overall,17636,70,1,34,True
isolation_forest,2,primary,0.005,11,2,3,climb,3612,2,1,2,True
isolation_forest,2,primary,0.005,11,2,3,cruise,10521,29,1,12,True
isolation_forest,2,primary,0.005,11,2,3,descent,3503,39,1,20,True
isolation_forest,2,primary,0.005,11,3,3,overall,9831,33,1,9,True
isolation_forest,2,primary,0.005,11,3,3,climb,2031,0,0,0,True
isolation_forest,2,primary,0.005,11,3,3,cruise,3448,11,1,3,True
isolation_forest,2,primary,0.005,11,3,3,descent,4352,22,1,6,True
isolation_forest,2,primary,0.005,11,4,3,overall,13140,42,1,14,True
isolation_forest,2,primary,0.005,11,4,3,climb,2902,1,1,1,True
isolation_forest,2,primary,0.005,11,4,3,cruise,7069,0,0,0,True
isolation_forest,2,primary,0.005,11,4,3,descent,3169,41,1,13,True
isolation_forest,2,primary,0.005,11,5,3,overall,13751,151,1,49,True
isolation_forest,2,primary,0.005,11,5,3,climb,2138,3,1,1,True
isolation_forest,2,primary,0.005,11,5,3,cruise,6376,21,1,6,True
isolation_forest,2,primary,0.005,11,5,3,descent,5237,127,1,42,True
isolation_forest,2,primary,0.005,11,6,3,overall,11689,83,1,36,True
isolation_forest,2,primary,0.005,11,6,3,climb,2583,0,0,0,True
isolation_forest,2,primary,0.005,11,6,3,cruise,5477,23,1,14,True
isolation_forest,2,primary,0.005,11,6,3,descent,3629,60,1,22,True
isolation_forest,2,primary,0.005,11,7,3,overall,11007,29,1,9,True
isolation_forest,2,primary,0.005,11,7,3,climb,2506,0,0,0,True
isolation_forest,2,primary,0.005,11,7,3,cruise,4386,11,1,3,True
isolation_forest,2,primary,0.005,11,7,3,descent,4115,18,1,6,True
isolation_forest,2,primary,0.005,11,8,3,overall,8826,9,1,5,True
isolation_forest,2,primary,0.005,11,8,3,climb,4368,0,0,0,True
isolation_forest,2,primary,0.005,11,8,3,cruise,2947,7,1,3,True
isolation_forest,2,primary,0.005,11,8,3,descent,1511,2,1,2,True
isolation_forest,2,primary,0.005,11,9,3,overall,8928,18,1,8,True
isolation_forest,2,primary,0.005,11,9,3,climb,2151,1,1,1,True
isolation_forest,2,primary,0.005,11,9,3,cruise,4055,2,1,1,True
isolation_forest,2,primary,0.005,11,9,3,descent,2722,15,1,6,True
isolation_forest,2,primary,0.005,11,10,3,overall,13940,4,1,3,True
isolation_forest,2,primary,0.005,11,10,3,climb,3800,1,1,1,True
isolation_forest,2,primary,0.005,11,10,3,cruise,6079,0,0,0,True
isolation_forest,2,primary,0.005,11,10,3,descent,4061,3,1,2,True
isolation_forest,2,primary,0.005,11,11,3,overall,13751,138,1,37,True
isolation_forest,2,primary,0.005,11,11,3,climb,2138,3,1,1,True
isolation_forest,2,primary,0.005,11,11,3,cruise,6376,23,1,9,True
isolation_forest,2,primary,0.005,11,11,3,descent,5237,112,1,27,True
isolation_forest,2,primary,0.005,11,12,3,overall,14346,49,1,13,True
isolation_forest,2,primary,0.005,11,12,3,climb,3405,1,1,1,True
isolation_forest,2,primary,0.005,11,12,3,cruise,2752,11,1,7,True
isolation_forest,2,primary,0.005,11,12,3,descent,8189,37,1,5,True
isolation_forest,2,primary,0.005,11,13,3,overall,10704,23,1,9,True
isolation_forest,2,primary,0.005,11,13,3,climb,2712,5,1,1,True
isolation_forest,2,primary,0.005,11,13,3,cruise,4440,7,1,4,True
isolation_forest,2,primary,0.005,11,13,3,descent,3552,11,1,4,True
isolation_forest,2,primary,0.005,11,14,3,overall,11573,109,1,28,True
isolation_forest,2,primary,0.005,11,14,3,climb,3378,0,0,0,True
isolation_forest,2,primary,0.005,11,14,3,cruise,2869,1,1,1,True
isolation_forest,2,primary,0.005,11,14,3,descent,5326,108,1,27,True
isolation_forest,2,primary,0.005,11,15,3,overall,7701,288,1,47,True
isolation_forest,2,primary,0.005,11,15,3,climb,2139,2,1,1,True
isolation_forest,2,primary,0.005,11,15,3,cruise,1849,0,0,0,True
isolation_forest,2,primary,0.005,11,15,3,descent,3713,286,1,46,True
isolation_forest,2,primary,0.005,11,16,3,overall,11457,34,1,14,True
isolation_forest,2,primary,0.005,11,16,3,climb,3291,0,0,0,True
isolation_forest,2,primary,0.005,11,16,3,cruise,5172,0,0,0,True
isolation_forest,2,primary,0.005,11,16,3,descent,2994,34,1,14,True
isolation_forest,2,primary,0.005,11,17,3,overall,11457,45,1,10,True
isolation_forest,2,primary,0.005,11,17,3,climb,3291,0,0,0,True
isolation_forest,2,primary,0.005,11,17,3,cruise,5172,0,0,0,True
isolation_forest,2,primary,0.005,11,17,3,descent,2994,45,1,10,True
isolation_forest,2,primary,0.005,11,18,3,overall,12562,19,1,7,True
isolation_forest,2,primary,0.005,11,18,3,climb,4727,0,0,0,True
isolation_forest,2,primary,0.005,11,18,3,cruise,3161,1,1,1,True
isolation_forest,2,primary,0.005,11,18,3,descent,4674,18,1,6,True
isolation_forest,2,primary,0.005,14,1,1,overall,2551,1,1,1,False
isolation_forest,2,primary,0.005,14,1,1,climb,79,1,1,1,False
isolation_forest,2,primary,0.005,14,1,1,cruise,2364,0,0,0,False
isolation_forest,2,primary,0.005,14,1,1,descent,108,0,0,0,False
isolation_forest,2,primary,0.005,14,2,1,overall,1528,5,1,3,False
isolation_forest,2,primary,0.005,14,2,1,climb,435,1,1,1,False
isolation_forest,2,primary,0.005,14,2,1,cruise,592,0,0,0,False
isolation_forest,2,primary,0.005,14,2,1,descent,501,4,1,2,False
isolation_forest,2,primary,0.005,14,3,1,overall,1887,18,1,5,False
isolation_forest,2,primary,0.005,14,3,1,climb,227,0,0,0,False
isolation_forest,2,primary,0.005,14,3,1,cruise,1396,18,1,5,False
isolation_forest,2,primary,0.005,14,3,1,descent,264,0,0,0,False
isolation_forest,2,primary,0.005,14,4,1,overall,1303,51,1,11,False
isolation_forest,2,primary,0.005,14,4,1,climb,87,21,1,1,False
isolation_forest,2,primary,0.005,14,4,1,cruise,1069,30,1,10,False
isolation_forest,2,primary,0.005,14,4,1,descent,147,0,0,0,False
isolation_forest,2,primary,0.005,14,5,1,overall,2641,3,1,1,False
isolation_forest,2,primary,0.005,14,5,1,climb,1059,3,1,1,False
isolation_forest,2,primary,0.005,14,5,1,cruise,390,0,0,0,False
isolation_forest,2,primary,0.005,14,5,1,descent,1192,0,0,0,False
isolation_forest,2,primary,0.005,14,6,1,overall,2918,2,1,1,False
isolation_forest,2,primary,0.005,14,6,1,climb,222,0,0,0,False
isolation_forest,2,primary,0.005,14,6,1,cruise,1468,2,1,1,False
isolation_forest,2,primary,0.005,14,6,1,descent,1228,0,0,0,False
isolation_forest,2,primary,0.005,14,7,1,overall,1303,51,1,11,False
isolation_forest,2,primary,0.005,14,7,1,climb,87,21,1,1,False
isolation_forest,2,primary,0.005,14,7,1,cruise,1069,30,1,10,False
isolation_forest,2,primary,0.005,14,7,1,descent,147,0,0,0,False
isolation_forest,2,primary,0.005,14,8,1,overall,2551,0,0,0,False
isolation_forest,2,primary,0.005,14,8,1,climb,79,0,0,0,False
isolation_forest,2,primary,0.005,14,8,1,cruise,2364,0,0,0,False
isolation_forest,2,primary,0.005,14,8,1,descent,108,0,0,0,False
isolation_forest,2,primary,0.005,14,9,1,overall,1706,31,1,3,False
isolation_forest,2,primary,0.005,14,9,1,climb,38,0,0,0,False
isolation_forest,2,primary,0.005,14,9,1,cruise,47,0,0,0,False
isolation_forest,2,primary,0.005,14,9,1,descent,1621,31,1,3,False
isolation_forest,2,primary,0.005,14,10,1,overall,1706,31,1,3,False
isolation_forest,2,primary,0.005,14,10,1,climb,38,0,0,0,False
isolation_forest,2,primary,0.005,14,10,1,cruise,47,0,0,0,False
isolation_forest,2,primary,0.005,14,10,1,descent,1621,31,1,3,False
isolation_forest,2,primary,0.005,14,11,1,overall,2346,0,0,0,False
isolation_forest,2,primary,0.005,14,11,1,climb,482,0,0,0,False
isolation_forest,2,primary,0.005,14,11,1,cruise,1040,0,0,0,False
isolation_forest,2,primary,0.005,14,11,1,descent,824,0,0,0,False
isolation_forest,2,primary,0.005,14,12,1,overall,2641,5,1,1,False
isolation_forest,2,primary,0.005,14,12,1,climb,1059,5,1,1,False
isolation_forest,2,primary,0.005,14,12,1,cruise,390,0,0,0,False
isolation_forest,2,primary,0.005,14,12,1,descent,1192,0,0,0,False
isolation_forest,2,primary,0.005,14,13,1,overall,1303,65,1,12,False
isolation_forest,2,primary,0.005,14,13,1,climb,87,21,1,1,False
isolation_forest,2,primary,0.005,14,13,1,cruise,1069,44,1,11,False
isolation_forest,2,primary,0.005,14,13,1,descent,147,0,0,0,False
isolation_forest,2,primary,0.005,14,14,1,overall,2629,1,1,1,False
isolation_forest,2,primary,0.005,14,14,1,climb,490,0,0,0,False
isolation_forest,2,primary,0.005,14,14,1,cruise,1339,0,0,0,False
isolation_forest,2,primary,0.005,14,14,1,descent,800,1,1,1,False
isolation_forest,2,primary,0.005,14,15,1,overall,1930,1,1,1,False
isolation_forest,2,primary,0.005,14,15,1,climb,486,0,0,0,False
isolation_forest,2,primary,0.005,14,15,1,cruise,795,0,0,0,False
isolation_forest,2,primary,0.005,14,15,1,descent,649,1,1,1,False
isolation_forest,2,primary,0.005,14,16,1,overall,1528,5,1,3,False
isolation_forest,2,primary,0.005,14,16,1,climb,435,1,1,1,False
isolation_forest,2,primary,0.005,14,16,1,cruise,592,0,0,0,False
isolation_forest,2,primary,0.005,14,16,1,descent,501,4,1,2,False
isolation_forest,2,primary,0.005,14,17,1,overall,2641,6,1,1,False
isolation_forest,2,primary,0.005,14,17,1,climb,1059,6,1,1,False
isolation_forest,2,primary,0.005,14,17,1,cruise,390,0,0,0,False
isolation_forest,2,primary,0.005,14,17,1,descent,1192,0,0,0,False
isolation_forest,2,primary,0.005,14,18,1,overall,2629,1,1,1,False
isolation_forest,2,primary,0.005,14,18,1,climb,490,0,0,0,False
isolation_forest,2,primary,0.005,14,18,1,cruise,1339,0,0,0,False
isolation_forest,2,primary,0.005,14,18,1,descent,800,1,1,1,False
isolation_forest,2,primary,0.005,14,19,1,overall,1706,31,1,3,False
isolation_forest,2,primary,0.005,14,19,1,climb,38,0,0,0,False
isolation_forest,2,primary,0.005,14,19,1,cruise,47,0,0,0,False
isolation_forest,2,primary,0.005,14,19,1,descent,1621,31,1,3,False
isolation_forest,2,primary,0.005,14,20,1,overall,2629,1,1,1,False
isolation_forest,2,primary,0.005,14,20,1,climb,490,0,0,0,False
isolation_forest,2,primary,0.005,14,20,1,cruise,1339,0,0,0,False
isolation_forest,2,primary,0.005,14,20,1,descent,800,1,1,1,False
isolation_forest,2,primary,0.005,14,21,1,overall,1706,31,1,3,False
isolation_forest,2,primary,0.005,14,21,1,climb,38,0,0,0,False
isolation_forest,2,primary,0.005,14,21,1,cruise,47,0,0,0,False
isolation_forest,2,primary,0.005,14,21,1,descent,1621,31,1,3,False
isolation_forest,2,primary,0.005,14,22,1,overall,1887,16,1,6,False
isolation_forest,2,primary,0.005,14,22,1,climb,227,0,0,0,False
isolation_forest,2,primary,0.005,14,22,1,cruise,1396,16,1,6,False
isolation_forest,2,primary,0.005,14,22,1,descent,264,0,0,0,False
isolation_forest,2,primary,0.005,14,23,1,overall,2629,1,1,1,False
isolation_forest,2,primary,0.005,14,23,1,climb,490,0,0,0,False
isolation_forest,2,primary,0.005,14,23,1,cruise,1339,0,0,0,False
isolation_forest,2,primary,0.005,14,23,1,descent,800,1,1,1,False
isolation_forest,2,primary,0.005,14,24,1,overall,2641,6,1,1,False
isolation_forest,2,primary,0.005,14,24,1,climb,1059,6,1,1,False
isolation_forest,2,primary,0.005,14,24,1,cruise,390,0,0,0,False
isolation_forest,2,primary,0.005,14,24,1,descent,1192,0,0,0,False
isolation_forest,2,primary,0.005,14,25,1,overall,2551,4,1,1,False
isolation_forest,2,primary,0.005,14,25,1,climb,79,4,1,1,False
isolation_forest,2,primary,0.005,14,25,1,cruise,2364,0,0,0,False
isolation_forest,2,primary,0.005,14,25,1,descent,108,0,0,0,False
isolation_forest,2,primary,0.005,14,26,1,overall,2034,8,1,5,False
isolation_forest,2,primary,0.005,14,26,1,climb,135,5,1,3,False
isolation_forest,2,primary,0.005,14,26,1,cruise,84,0,0,0,False
isolation_forest,2,primary,0.005,14,26,1,descent,1815,3,1,2,False
isolation_forest,2,primary,0.005,14,27,1,overall,1887,15,1,5,False
isolation_forest,2,primary,0.005,14,27,1,climb,227,0,0,0,False
isolation_forest,2,primary,0.005,14,27,1,cruise,1396,15,1,5,False
isolation_forest,2,primary,0.005,14,27,1,descent,264,0,0,0,False
isolation_forest,2,primary,0.005,14,28,1,overall,2629,1,1,1,False
isolation_forest,2,primary,0.005,14,28,1,climb,490,0,0,0,False
isolation_forest,2,primary,0.005,14,28,1,cruise,1339,0,0,0,False
isolation_forest,2,primary,0.005,14,28,1,descent,800,1,1,1,False
isolation_forest,2,primary,0.005,14,29,1,overall,1887,21,1,5,False
isolation_forest,2,primary,0.005,14,29,1,climb,227,0,0,0,False
isolation_forest,2,primary,0.005,14,29,1,cruise,1396,21,1,5,False
isolation_forest,2,primary,0.005,14,29,1,descent,264,0,0,0,False
isolation_forest,2,primary,0.005,14,30,1,overall,1528,5,1,3,False
isolation_forest,2,primary,0.005,14,30,1,climb,435,1,1,1,False
isolation_forest,2,primary,0.005,14,30,1,cruise,592,0,0,0,False
isolation_forest,2,primary,0.005,14,30,1,descent,501,4,1,2,False
isolation_forest,2,primary,0.005,14,31,1,overall,2629,1,1,1,False
isolation_forest,2,primary,0.005,14,31,1,climb,490,0,0,0,False
isolation_forest,2,primary,0.005,14,31,1,cruise,1339,0,0,0,False
isolation_forest,2,primary,0.005,14,31,1,descent,800,1,1,1,False
isolation_forest,2,primary,0.005,14,32,1,overall,1006,0,0,0,False
isolation_forest,2,primary,0.005,14,32,1,climb,262,0,0,0,False
isolation_forest,2,primary,0.005,14,32,1,cruise,356,0,0,0,False
isolation_forest,2,primary,0.005,14,32,1,descent,388,0,0,0,False
isolation_forest,2,primary,0.005,14,33,1,overall,1528,4,1,2,False
isolation_forest,2,primary,0.005,14,33,1,climb,435,1,1,1,False
isolation_forest,2,primary,0.005,14,33,1,cruise,592,0,0,0,False
isolation_forest,2,primary,0.005,14,33,1,descent,501,3,1,1,False
isolation_forest,2,primary,0.005,14,34,1,overall,1944,13,1,3,False
isolation_forest,2,primary,0.005,14,34,1,climb,142,0,0,0,False
isolation_forest,2,primary,0.005,14,34,1,cruise,1554,1,1,1,False
isolation_forest,2,primary,0.005,14,34,1,descent,248,12,1,2,False
isolation_forest,2,primary,0.005,14,35,1,overall,1706,31,1,3,False
isolation_forest,2,primary,0.005,14,35,1,climb,38,0,0,0,False
isolation_forest,2,primary,0.005,14,35,1,cruise,47,0,0,0,False
isolation_forest,2,primary,0.005,14,35,1,descent,1621,31,1,3,False
isolation_forest,2,primary,0.005,15,1,2,overall,2669,0,0,0,False
isolation_forest,2,primary,0.005,15,1,2,climb,625,0,0,0,False
isolation_forest,2,primary,0.005,15,1,2,cruise,752,0,0,0,False
isolation_forest,2,primary,0.005,15,1,2,descent,1292,0,0,0,False
isolation_forest,2,primary,0.005,15,2,2,overall,7711,0,0,0,False
isolation_forest,2,primary,0.005,15,2,2,climb,2028,0,0,0,False
isolation_forest,2,primary,0.005,15,2,2,cruise,3298,0,0,0,False
isolation_forest,2,primary,0.005,15,2,2,descent,2385,0,0,0,False
isolation_forest,2,primary,0.005,15,3,2,overall,5503,41,1,16,False
isolation_forest,2,primary,0.005,15,3,2,climb,3519,0,0,0,False
isolation_forest,2,primary,0.005,15,3,2,cruise,722,0,0,0,False
isolation_forest,2,primary,0.005,15,3,2,descent,1262,41,1,16,False
isolation_forest,2,primary,0.005,15,4,2,overall,6372,29,1,3,False
isolation_forest,2,primary,0.005,15,4,2,climb,2754,25,1,1,False
isolation_forest,2,primary,0.005,15,4,2,cruise,2405,0,0,0,False
isolation_forest,2,primary,0.005,15,4,2,descent,1213,4,1,2,False
isolation_forest,2,primary,0.005,15,5,2,overall,6075,0,0,0,False
isolation_forest,2,primary,0.005,15,5,2,climb,1642,0,0,0,False
isolation_forest,2,primary,0.005,15,5,2,cruise,2509,0,0,0,False
isolation_forest,2,primary,0.005,15,5,2,descent,1924,0,0,0,False
isolation_forest,2,primary,0.005,15,6,2,overall,9157,73,1,16,False
isolation_forest,2,primary,0.005,15,6,2,climb,3584,0,0,0,False
isolation_forest,2,primary,0.005,15,6,2,cruise,2702,59,1,12,False
isolation_forest,2,primary,0.005,15,6,2,descent,2871,14,1,4,False
isolation_forest,2,primary,0.005,15,7,2,overall,5892,49,1,12,False
isolation_forest,2,primary,0.005,15,7,2,climb,2990,9,1,2,False
isolation_forest,2,primary,0.005,15,7,2,cruise,2120,0,0,0,False
isolation_forest,2,primary,0.005,15,7,2,descent,782,40,1,10,False
isolation_forest,2,primary,0.005,15,8,2,overall,4015,0,0,0,False
isolation_forest,2,primary,0.005,15,8,2,climb,748,0,0,0,False
isolation_forest,2,primary,0.005,15,8,2,cruise,1371,0,0,0,False
isolation_forest,2,primary,0.005,15,8,2,descent,1896,0,0,0,False
isolation_forest,2,primary,0.005,15,9,2,overall,8714,103,1,28,False
isolation_forest,2,primary,0.005,15,9,2,climb,2650,0,0,0,False
isolation_forest,2,primary,0.005,15,9,2,cruise,4542,19,1,9,False
isolation_forest,2,primary,0.005,15,9,2,descent,1522,84,1,19,False
isolation_forest,2,primary,0.005,15,10,2,overall,5218,0,0,0,False
isolation_forest,2,primary,0.005,15,10,2,climb,2439,0,0,0,False
isolation_forest,2,primary,0.005,15,10,2,cruise,1376,0,0,0,False
isolation_forest,2,primary,0.005,15,10,2,descent,1403,0,0,0,False
isolation_forest,2,primary,0.005,15,11,2,overall,6001,33,1,3,False
isolation_forest,2,primary,0.005,15,11,2,climb,2203,0,0,0,False
isolation_forest,2,primary,0.005,15,11,2,cruise,2046,0,0,0,False
isolation_forest,2,primary,0.005,15,11,2,descent,1752,33,1,3,False
isolation_forest,2,primary,0.005,15,12,2,overall,8363,1,1,1,False
isolation_forest,2,primary,0.005,15,12,2,climb,1990,0,0,0,False
isolation_forest,2,primary,0.005,15,12,2,cruise,3014,0,0,0,False
isolation_forest,2,primary,0.005,15,12,2,descent,3359,1,1,1,False
isolation_forest,2,primary,0.005,15,13,2,overall,5761,0,0,0,False
isolation_forest,2,primary,0.005,15,13,2,climb,1671,0,0,0,False
isolation_forest,2,primary,0.005,15,13,2,cruise,2573,0,0,0,False
isolation_forest,2,primary,0.005,15,13,2,descent,1517,0,0,0,False
isolation_forest,2,primary,0.005,15,14,2,overall,6942,1,1,1,False
isolation_forest,2,primary,0.005,15,14,2,climb,2058,1,1,1,False
isolation_forest,2,primary,0.005,15,14,2,cruise,3278,0,0,0,False
isolation_forest,2,primary,0.005,15,14,2,descent,1606,0,0,0,False
isolation_forest,2,primary,0.005,15,15,2,overall,8154,26,1,6,False
isolation_forest,2,primary,0.005,15,15,2,climb,2033,0,0,0,False
isolation_forest,2,primary,0.005,15,15,2,cruise,2970,26,1,6,False
isolation_forest,2,primary,0.005,15,15,2,descent,3151,0,0,0,False
isolation_forest,2,primary,0.005,15,16,2,overall,5218,0,0,0,False
isolation_forest,2,primary,0.005,15,16,2,climb,2439,0,0,0,False
isolation_forest,2,primary,0.005,15,16,2,cruise,1376,0,0,0,False
isolation_forest,2,primary,0.005,15,16,2,descent,1403,0,0,0,False
isolation_forest,2,primary,0.005,15,17,2,overall,5804,0,0,0,False
isolation_forest,2,primary,0.005,15,17,2,climb,1845,0,0,0,False
isolation_forest,2,primary,0.005,15,17,2,cruise,2329,0,0,0,False
isolation_forest,2,primary,0.005,15,17,2,descent,1630,0,0,0,False
isolation_forest,2,primary,0.005,15,18,2,overall,8154,25,1,11,False
isolation_forest,2,primary,0.005,15,18,2,climb,2033,0,0,0,False
isolation_forest,2,primary,0.005,15,18,2,cruise,2970,25,1,11,False
isolation_forest,2,primary,0.005,15,18,2,descent,3151,0,0,0,False
isolation_forest,2,primary,0.005,15,19,2,overall,6782,104,1,37,False
isolation_forest,2,primary,0.005,15,19,2,climb,2887,0,0,0,False
isolation_forest,2,primary,0.005,15,19,2,cruise,1196,5,1,3,False
isolation_forest,2,primary,0.005,15,19,2,descent,2699,99,1,34,False
isolation_forest,2,primary,0.005,15,20,2,overall,6265,1,1,1,False
isolation_forest,2,primary,0.005,15,20,2,climb,1256,0,0,0,False
isolation_forest,2,primary,0.005,15,20,2,cruise,2569,0,0,0,False
isolation_forest,2,primary,0.005,15,20,2,descent,2440,1,1,1,False
isolation_forest,2,primary,0.005,15,21,2,overall,6381,0,0,0,False
isolation_forest,2,primary,0.005,15,21,2,climb,1264,0,0,0,False
isolation_forest,2,primary,0.005,15,21,2,cruise,2088,0,0,0,False
isolation_forest,2,primary,0.005,15,21,2,descent,3029,0,0,0,False
isolation_forest,2,primary,0.005,15,22,2,overall,5501,60,1,23,False
isolation_forest,2,primary,0.005,15,22,2,climb,2343,3,1,3,False
isolation_forest,2,primary,0.005,15,22,2,cruise,1857,0,0,0,False
isolation_forest,2,primary,0.005,15,22,2,descent,1301,57,1,20,False
isolation_forest,2,primary,0.005,15,23,2,overall,6887,1,1,1,False
isolation_forest,2,primary,0.005,15,23,2,climb,1788,0,0,0,False
isolation_forest,2,primary,0.005,15,23,2,cruise,3403,0,0,0,False
isolation_forest,2,primary,0.005,15,23,2,descent,1696,1,1,1,False
isolation_forest,2,primary,0.01,11,1,3,overall,11007,45,1,16,True
isolation_forest,2,primary,0.01,11,1,3,climb,2506,1,1,1,True
isolation_forest,2,primary,0.01,11,1,3,cruise,4386,12,1,5,True
isolation_forest,2,primary,0.01,11,1,3,descent,4115,32,1,10,True
isolation_forest,2,primary,0.01,11,2,3,overall,17636,98,1,23,True
isolation_forest,2,primary,0.01,11,2,3,climb,3612,5,1,1,True
isolation_forest,2,primary,0.01,11,2,3,cruise,10521,39,1,9,True
isolation_forest,2,primary,0.01,11,2,3,descent,3503,54,1,13,True
isolation_forest,2,primary,0.01,11,3,3,overall,9831,151,1,28,True
isolation_forest,2,primary,0.01,11,3,3,climb,2031,2,1,1,True
isolation_forest,2,primary,0.01,11,3,3,cruise,3448,17,1,6,True
isolation_forest,2,primary,0.01,11,3,3,descent,4352,132,1,21,True
isolation_forest,2,primary,0.01,11,4,3,overall,13140,67,1,13,True
isolation_forest,2,primary,0.01,11,4,3,climb,2902,3,1,1,True
isolation_forest,2,primary,0.01,11,4,3,cruise,7069,0,0,0,True
isolation_forest,2,primary,0.01,11,4,3,descent,3169,64,1,12,True
isolation_forest,2,primary,0.01,11,5,3,overall,13751,209,1,35,True
isolation_forest,2,primary,0.01,11,5,3,climb,2138,3,1,1,True
isolation_forest,2,primary,0.01,11,5,3,cruise,6376,26,1,4,True
isolation_forest,2,primary,0.01,11,5,3,descent,5237,180,1,30,True
isolation_forest,2,primary,0.01,11,6,3,overall,11689,155,1,40,True
isolation_forest,2,primary,0.01,11,6,3,climb,2583,0,0,0,True
isolation_forest,2,primary,0.01,11,6,3,cruise,5477,50,1,18,True
isolation_forest,2,primary,0.01,11,6,3,descent,3629,105,1,22,True
isolation_forest,2,primary,0.01,11,7,3,overall,11007,49,1,16,True
isolation_forest,2,primary,0.01,11,7,3,climb,2506,1,1,1,True
isolation_forest,2,primary,0.01,11,7,3,cruise,4386,13,1,4,True
isolation_forest,2,primary,0.01,11,7,3,descent,4115,35,1,11,True
isolation_forest,2,primary,0.01,11,8,3,overall,8826,95,1,25,True
isolation_forest,2,primary,0.01,11,8,3,climb,4368,1,1,1,True
isolation_forest,2,primary,0.01,11,8,3,cruise,2947,81,1,12,True
isolation_forest,2,primary,0.01,11,8,3,descent,1511,13,1,12,True
isolation_forest,2,primary,0.01,11,9,3,overall,8928,42,1,15,True
isolation_forest,2,primary,0.01,11,9,3,climb,2151,3,1,2,True
isolation_forest,2,primary,0.01,11,9,3,cruise,4055,3,1,1,True
isolation_forest,2,primary,0.01,11,9,3,descent,2722,36,1,12,True
isolation_forest,2,primary,0.01,11,10,3,overall,13940,78,1,10,True
isolation_forest,2,primary,0.01,11,10,3,climb,3800,4,1,1,True
isolation_forest,2,primary,0.01,11,10,3,cruise,6079,1,1,1,True
isolation_forest,2,primary,0.01,11,10,3,descent,4061,73,1,8,True
isolation_forest,2,primary,0.01,11,11,3,overall,13751,187,1,29,True
isolation_forest,2,primary,0.01,11,11,3,climb,2138,4,1,1,True
isolation_forest,2,primary,0.01,11,11,3,cruise,6376,31,1,6,True
isolation_forest,2,primary,0.01,11,11,3,descent,5237,152,1,22,True
isolation_forest,2,primary,0.01,11,12,3,overall,14346,65,1,15,True
isolation_forest,2,primary,0.01,11,12,3,climb,3405,3,1,1,True
isolation_forest,2,primary,0.01,11,12,3,cruise,2752,21,1,7,True
isolation_forest,2,primary,0.01,11,12,3,descent,8189,41,1,7,True
isolation_forest,2,primary,0.01,11,13,3,overall,10704,47,1,18,True
isolation_forest,2,primary,0.01,11,13,3,climb,2712,7,1,1,True
isolation_forest,2,primary,0.01,11,13,3,cruise,4440,15,1,7,True
isolation_forest,2,primary,0.01,11,13,3,descent,3552,25,1,10,True
isolation_forest,2,primary,0.01,11,14,3,overall,11573,136,1,21,True
isolation_forest,2,primary,0.01,11,14,3,climb,3378,0,0,0,True
isolation_forest,2,primary,0.01,11,14,3,cruise,2869,2,1,1,True
isolation_forest,2,primary,0.01,11,14,3,descent,5326,134,1,20,True
isolation_forest,2,primary,0.01,11,15,3,overall,7701,444,1,41,True
isolation_forest,2,primary,0.01,11,15,3,climb,2139,3,1,2,True
isolation_forest,2,primary,0.01,11,15,3,cruise,1849,0,0,0,True
isolation_forest,2,primary,0.01,11,15,3,descent,3713,441,1,39,True
isolation_forest,2,primary,0.01,11,16,3,overall,11457,66,1,26,True
isolation_forest,2,primary,0.01,11,16,3,climb,3291,0,0,0,True
isolation_forest,2,primary,0.01,11,16,3,cruise,5172,0,0,0,True
isolation_forest,2,primary,0.01,11,16,3,descent,2994,66,1,26,True
isolation_forest,2,primary,0.01,11,17,3,overall,11457,67,1,16,True
isolation_forest,2,primary,0.01,11,17,3,climb,3291,0,0,0,True
isolation_forest,2,primary,0.01,11,17,3,cruise,5172,0,0,0,True
isolation_forest,2,primary,0.01,11,17,3,descent,2994,67,1,16,True
isolation_forest,2,primary,0.01,11,18,3,overall,12562,39,1,15,True
isolation_forest,2,primary,0.01,11,18,3,climb,4727,1,1,1,True
isolation_forest,2,primary,0.01,11,18,3,cruise,3161,9,1,5,True
isolation_forest,2,primary,0.01,11,18,3,descent,4674,29,1,9,True
isolation_forest,2,primary,0.01,14,1,1,overall,2551,8,1,3,False
isolation_forest,2,primary,0.01,14,1,1,climb,79,5,1,1,False
isolation_forest,2,primary,0.01,14,1,1,cruise,2364,1,1,1,False
isolation_forest,2,primary,0.01,14,1,1,descent,108,2,1,2,False
isolation_forest,2,primary,0.01,14,2,1,overall,1528,30,1,15,False
isolation_forest,2,primary,0.01,14,2,1,climb,435,1,1,1,False
isolation_forest,2,primary,0.01,14,2,1,cruise,592,0,0,0,False
isolation_forest,2,primary,0.01,14,2,1,descent,501,29,1,14,False
isolation_forest,2,primary,0.01,14,3,1,overall,1887,26,1,5,False
isolation_forest,2,primary,0.01,14,3,1,climb,227,0,0,0,False
isolation_forest,2,primary,0.01,14,3,1,cruise,1396,26,1,5,False
isolation_forest,2,primary,0.01,14,3,1,descent,264,0,0,0,False
isolation_forest,2,primary,0.01,14,4,1,overall,1303,120,1,14,False
isolation_forest,2,primary,0.01,14,4,1,climb,87,24,1,2,False
isolation_forest,2,primary,0.01,14,4,1,cruise,1069,94,1,10,False
isolation_forest,2,primary,0.01,14,4,1,descent,147,2,1,2,False
isolation_forest,2,primary,0.01,14,5,1,overall,2641,6,1,1,False
isolation_forest,2,primary,0.01,14,5,1,climb,1059,6,1,1,False
isolation_forest,2,primary,0.01,14,5,1,cruise,390,0,0,0,False
isolation_forest,2,primary,0.01,14,5,1,descent,1192,0,0,0,False
isolation_forest,2,primary,0.01,14,6,1,overall,2918,16,1,4,False
isolation_forest,2,primary,0.01,14,6,1,climb,222,6,1,1,False
isolation_forest,2,primary,0.01,14,6,1,cruise,1468,8,1,2,False
isolation_forest,2,primary,0.01,14,6,1,descent,1228,2,1,1,False
isolation_forest,2,primary,0.01,14,7,1,overall,1303,124,1,16,False
isolation_forest,2,primary,0.01,14,7,1,climb,87,26,1,2,False
isolation_forest,2,primary,0.01,14,7,1,cruise,1069,96,1,12,False
isolation_forest,2,primary,0.01,14,7,1,descent,147,2,1,2,False
isolation_forest,2,primary,0.01,14,8,1,overall,2551,8,1,3,False
isolation_forest,2,primary,0.01,14,8,1,climb,79,5,1,1,False
isolation_forest,2,primary,0.01,14,8,1,cruise,2364,1,1,1,False
isolation_forest,2,primary,0.01,14,8,1,descent,108,2,1,2,False
isolation_forest,2,primary,0.01,14,9,1,overall,1706,33,1,3,False
isolation_forest,2,primary,0.01,14,9,1,climb,38,0,0,0,False
isolation_forest,2,primary,0.01,14,9,1,cruise,47,0,0,0,False
isolation_forest,2,primary,0.01,14,9,1,descent,1621,33,1,3,False
isolation_forest,2,primary,0.01,14,10,1,overall,1706,33,1,3,False
isolation_forest,2,primary,0.01,14,10,1,climb,38,0,0,0,False
isolation_forest,2,primary,0.01,14,10,1,cruise,47,0,0,0,False
isolation_forest,2,primary,0.01,14,10,1,descent,1621,33,1,3,False
isolation_forest,2,primary,0.01,14,11,1,overall,2346,25,1,4,False
isolation_forest,2,primary,0.01,14,11,1,climb,482,1,1,1,False
isolation_forest,2,primary,0.01,14,11,1,cruise,1040,24,1,3,False
isolation_forest,2,primary,0.01,14,11,1,descent,824,0,0,0,False
isolation_forest,2,primary,0.01,14,12,1,overall,2641,7,1,1,False
isolation_forest,2,primary,0.01,14,12,1,climb,1059,7,1,1,False
isolation_forest,2,primary,0.01,14,12,1,cruise,390,0,0,0,False
isolation_forest,2,primary,0.01,14,12,1,descent,1192,0,0,0,False
isolation_forest,2,primary,0.01,14,13,1,overall,1303,135,1,18,False
isolation_forest,2,primary,0.01,14,13,1,climb,87,25,1,2,False
isolation_forest,2,primary,0.01,14,13,1,cruise,1069,107,1,14,False
isolation_forest,2,primary,0.01,14,13,1,descent,147,3,1,2,False
isolation_forest,2,primary,0.01,14,14,1,overall,2629,35,1,6,False
isolation_forest,2,primary,0.01,14,14,1,climb,490,0,0,0,False
isolation_forest,2,primary,0.01,14,14,1,cruise,1339,0,0,0,False
isolation_forest,2,primary,0.01,14,14,1,descent,800,35,1,6,False
isolation_forest,2,primary,0.01,14,15,1,overall,1930,2,1,1,False
isolation_forest,2,primary,0.01,14,15,1,climb,486,0,0,0,False
isolation_forest,2,primary,0.01,14,15,1,cruise,795,0,0,0,False
isolation_forest,2,primary,0.01,14,15,1,descent,649,2,1,1,False
isolation_forest,2,primary,0.01,14,16,1,overall,1528,38,1,20,False
isolation_forest,2,primary,0.01,14,16,1,climb,435,2,1,1,False
isolation_forest,2,primary,0.01,14,16,1,cruise,592,0,0,0,False
isolation_forest,2,primary,0.01,14,16,1,descent,501,36,1,19,False
isolation_forest,2,primary,0.01,14,17,1,overall,2641,8,1,1,False
isolation_forest,2,primary,0.01,14,17,1,climb,1059,8,1,1,False
isolation_forest,2,primary,0.01,14,17,1,cruise,390,0,0,0,False
isolation_forest,2,primary,0.01,14,17,1,descent,1192,0,0,0,False
isolation_forest,2,primary,0.01,14,18,1,overall,2629,9,1,8,False
isolation_forest,2,primary,0.01,14,18,1,climb,490,0,0,0,False
isolation_forest,2,primary,0.01,14,18,1,cruise,1339,0,0,0,False
isolation_forest,2,primary,0.01,14,18,1,descent,800,9,1,8,False
isolation_forest,2,primary,0.01,14,19,1,overall,1706,33,1,3,False
isolation_forest,2,primary,0.01,14,19,1,climb,38,0,0,0,False
isolation_forest,2,primary,0.01,14,19,1,cruise,47,0,0,0,False
isolation_forest,2,primary,0.01,14,19,1,descent,1621,33,1,3,False
isolation_forest,2,primary,0.01,14,20,1,overall,2629,36,1,7,False
isolation_forest,2,primary,0.01,14,20,1,climb,490,0,0,0,False
isolation_forest,2,primary,0.01,14,20,1,cruise,1339,0,0,0,False
isolation_forest,2,primary,0.01,14,20,1,descent,800,36,1,7,False
isolation_forest,2,primary,0.01,14,21,1,overall,1706,33,1,3,False
isolation_forest,2,primary,0.01,14,21,1,climb,38,0,0,0,False
isolation_forest,2,primary,0.01,14,21,1,cruise,47,0,0,0,False
isolation_forest,2,primary,0.01,14,21,1,descent,1621,33,1,3,False
isolation_forest,2,primary,0.01,14,22,1,overall,1887,34,1,11,False
isolation_forest,2,primary,0.01,14,22,1,climb,227,0,0,0,False
isolation_forest,2,primary,0.01,14,22,1,cruise,1396,34,1,11,False
isolation_forest,2,primary,0.01,14,22,1,descent,264,0,0,0,False
isolation_forest,2,primary,0.01,14,23,1,overall,2629,25,1,10,False
isolation_forest,2,primary,0.01,14,23,1,climb,490,0,0,0,False
isolation_forest,2,primary,0.01,14,23,1,cruise,1339,0,0,0,False
isolation_forest,2,primary,0.01,14,23,1,descent,800,25,1,10,False
isolation_forest,2,primary,0.01,14,24,1,overall,2641,9,1,2,False
isolation_forest,2,primary,0.01,14,24,1,climb,1059,9,1,2,False
isolation_forest,2,primary,0.01,14,24,1,cruise,390,0,0,0,False
isolation_forest,2,primary,0.01,14,24,1,descent,1192,0,0,0,False
isolation_forest,2,primary,0.01,14,25,1,overall,2551,13,1,4,False
isolation_forest,2,primary,0.01,14,25,1,climb,79,8,1,1,False
isolation_forest,2,primary,0.01,14,25,1,cruise,2364,3,1,2,False
isolation_forest,2,primary,0.01,14,25,1,descent,108,2,1,2,False
isolation_forest,2,primary,0.01,14,26,1,overall,2034,19,1,5,False
isolation_forest,2,primary,0.01,14,26,1,climb,135,15,1,3,False
isolation_forest,2,primary,0.01,14,26,1,cruise,84,0,0,0,False
isolation_forest,2,primary,0.01,14,26,1,descent,1815,4,1,2,False
isolation_forest,2,primary,0.01,14,27,1,overall,1887,30,1,11,False
isolation_forest,2,primary,0.01,14,27,1,climb,227,0,0,0,False
isolation_forest,2,primary,0.01,14,27,1,cruise,1396,30,1,11,False
isolation_forest,2,primary,0.01,14,27,1,descent,264,0,0,0,False
isolation_forest,2,primary,0.01,14,28,1,overall,2629,42,1,7,False
isolation_forest,2,primary,0.01,14,28,1,climb,490,0,0,0,False
isolation_forest,2,primary,0.01,14,28,1,cruise,1339,0,0,0,False
isolation_forest,2,primary,0.01,14,28,1,descent,800,42,1,7,False
isolation_forest,2,primary,0.01,14,29,1,overall,1887,42,1,13,False
isolation_forest,2,primary,0.01,14,29,1,climb,227,3,1,3,False
isolation_forest,2,primary,0.01,14,29,1,cruise,1396,39,1,10,False
isolation_forest,2,primary,0.01,14,29,1,descent,264,0,0,0,False
isolation_forest,2,primary,0.01,14,30,1,overall,1528,103,1,33,False
isolation_forest,2,primary,0.01,14,30,1,climb,435,5,1,1,False
isolation_forest,2,primary,0.01,14,30,1,cruise,592,0,0,0,False
isolation_forest,2,primary,0.01,14,30,1,descent,501,98,1,32,False
isolation_forest,2,primary,0.01,14,31,1,overall,2629,58,1,9,False
isolation_forest,2,primary,0.01,14,31,1,climb,490,0,0,0,False
isolation_forest,2,primary,0.01,14,31,1,cruise,1339,0,0,0,False
isolation_forest,2,primary,0.01,14,31,1,descent,800,58,1,9,False
isolation_forest,2,primary,0.01,14,32,1,overall,1006,8,1,4,False
isolation_forest,2,primary,0.01,14,32,1,climb,262,4,1,3,False
isolation_forest,2,primary,0.01,14,32,1,cruise,356,4,1,1,False
isolation_forest,2,primary,0.01,14,32,1,descent,388,0,0,0,False
isolation_forest,2,primary,0.01,14,33,1,overall,1528,133,1,46,False
isolation_forest,2,primary,0.01,14,33,1,climb,435,6,1,1,False
isolation_forest,2,primary,0.01,14,33,1,cruise,592,0,0,0,False
isolation_forest,2,primary,0.01,14,33,1,descent,501,127,1,45,False
isolation_forest,2,primary,0.01,14,34,1,overall,1944,60,1,8,False
isolation_forest,2,primary,0.01,14,34,1,climb,142,1,1,1,False
isolation_forest,2,primary,0.01,14,34,1,cruise,1554,6,1,4,False
isolation_forest,2,primary,0.01,14,34,1,descent,248,53,1,3,False
isolation_forest,2,primary,0.01,14,35,1,overall,1706,35,1,5,False
isolation_forest,2,primary,0.01,14,35,1,climb,38,1,1,1,False
isolation_forest,2,primary,0.01,14,35,1,cruise,47,0,0,0,False
isolation_forest,2,primary,0.01,14,35,1,descent,1621,34,1,4,False
isolation_forest,2,primary,0.01,15,1,2,overall,2669,70,1,14,False
isolation_forest,2,primary,0.01,15,1,2,climb,625,0,0,0,False
isolation_forest,2,primary,0.01,15,1,2,cruise,752,0,0,0,False
isolation_forest,2,primary,0.01,15,1,2,descent,1292,70,1,14,False
isolation_forest,2,primary,0.01,15,2,2,overall,7711,0,0,0,False
isolation_forest,2,primary,0.01,15,2,2,climb,2028,0,0,0,False
isolation_forest,2,primary,0.01,15,2,2,cruise,3298,0,0,0,False
isolation_forest,2,primary,0.01,15,2,2,descent,2385,0,0,0,False
isolation_forest,2,primary,0.01,15,3,2,overall,5503,108,1,34,False
isolation_forest,2,primary,0.01,15,3,2,climb,3519,0,0,0,False
isolation_forest,2,primary,0.01,15,3,2,cruise,722,10,1,7,False
isolation_forest,2,primary,0.01,15,3,2,descent,1262,98,1,27,False
isolation_forest,2,primary,0.01,15,4,2,overall,6372,65,1,12,False
isolation_forest,2,primary,0.01,15,4,2,climb,2754,26,1,1,False
isolation_forest,2,primary,0.01,15,4,2,cruise,2405,0,0,0,False
isolation_forest,2,primary,0.01,15,4,2,descent,1213,39,1,11,False
isolation_forest,2,primary,0.01,15,5,2,overall,6075,5,1,4,False
isolation_forest,2,primary,0.01,15,5,2,climb,1642,3,1,2,False
isolation_forest,2,primary,0.01,15,5,2,cruise,2509,0,0,0,False
isolation_forest,2,primary,0.01,15,5,2,descent,1924,2,1,2,False
isolation_forest,2,primary,0.01,15,6,2,overall,9157,92,1,10,False
isolation_forest,2,primary,0.01,15,6,2,climb,3584,1,1,1,False
isolation_forest,2,primary,0.01,15,6,2,cruise,2702,70,1,5,False
isolation_forest,2,primary,0.01,15,6,2,descent,2871,21,1,4,False
isolation_forest,2,primary,0.01,15,7,2,overall,5892,140,1,18,False
isolation_forest,2,primary,0.01,15,7,2,climb,2990,14,1,4,False
isolation_forest,2,primary,0.01,15,7,2,cruise,2120,2,1,2,False
isolation_forest,2,primary,0.01,15,7,2,descent,782,124,1,12,False
isolation_forest,2,primary,0.01,15,8,2,overall,4015,6,1,4,False
isolation_forest,2,primary,0.01,15,8,2,climb,748,3,1,1,False
isolation_forest,2,primary,0.01,15,8,2,cruise,1371,0,0,0,False
isolation_forest,2,primary,0.01,15,8,2,descent,1896,3,1,3,False
isolation_forest,2,primary,0.01,15,9,2,overall,8714,126,1,24,False
isolation_forest,2,primary,0.01,15,9,2,climb,2650,4,1,1,False
isolation_forest,2,primary,0.01,15,9,2,cruise,4542,28,1,12,False
isolation_forest,2,primary,0.01,15,9,2,descent,1522,94,1,11,False
isolation_forest,2,primary,0.01,15,10,2,overall,5218,8,1,5,False
isolation_forest,2,primary,0.01,15,10,2,climb,2439,3,1,1,False
isolation_forest,2,primary,0.01,15,10,2,cruise,1376,0,0,0,False
isolation_forest,2,primary,0.01,15,10,2,descent,1403,5,1,4,False
isolation_forest,2,primary,0.01,15,11,2,overall,6001,45,1,9,False
isolation_forest,2,primary,0.01,15,11,2,climb,2203,4,1,1,False
isolation_forest,2,primary,0.01,15,11,2,cruise,2046,0,0,0,False
isolation_forest,2,primary,0.01,15,11,2,descent,1752,41,1,8,False
isolation_forest,2,primary,0.01,15,12,2,overall,8363,37,1,7,False
isolation_forest,2,primary,0.01,15,12,2,climb,1990,0,0,0,False
isolation_forest,2,primary,0.01,15,12,2,cruise,3014,0,0,0,False
isolation_forest,2,primary,0.01,15,12,2,descent,3359,37,1,7,False
isolation_forest,2,primary,0.01,15,13,2,overall,5761,2,1,2,False
isolation_forest,2,primary,0.01,15,13,2,climb,1671,0,0,0,False
isolation_forest,2,primary,0.01,15,13,2,cruise,2573,0,0,0,False
isolation_forest,2,primary,0.01,15,13,2,descent,1517,2,1,2,False
isolation_forest,2,primary,0.01,15,14,2,overall,6942,9,1,2,False
isolation_forest,2,primary,0.01,15,14,2,climb,2058,8,1,1,False
isolation_forest,2,primary,0.01,15,14,2,cruise,3278,0,0,0,False
isolation_forest,2,primary,0.01,15,14,2,descent,1606,1,1,1,False
isolation_forest,2,primary,0.01,15,15,2,overall,8154,187,1,29,False
isolation_forest,2,primary,0.01,15,15,2,climb,2033,4,1,1,False
isolation_forest,2,primary,0.01,15,15,2,cruise,2970,40,1,10,False
isolation_forest,2,primary,0.01,15,15,2,descent,3151,143,1,18,False
isolation_forest,2,primary,0.01,15,16,2,overall,5218,8,1,5,False
isolation_forest,2,primary,0.01,15,16,2,climb,2439,3,1,1,False
isolation_forest,2,primary,0.01,15,16,2,cruise,1376,0,0,0,False
isolation_forest,2,primary,0.01,15,16,2,descent,1403,5,1,4,False
isolation_forest,2,primary,0.01,15,17,2,overall,5804,19,1,14,False
isolation_forest,2,primary,0.01,15,17,2,climb,1845,1,1,1,False
isolation_forest,2,primary,0.01,15,17,2,cruise,2329,0,0,0,False
isolation_forest,2,primary,0.01,15,17,2,descent,1630,18,1,13,False
isolation_forest,2,primary,0.01,15,18,2,overall,8154,144,1,34,False
isolation_forest,2,primary,0.01,15,18,2,climb,2033,4,1,1,False
isolation_forest,2,primary,0.01,15,18,2,cruise,2970,37,1,13,False
isolation_forest,2,primary,0.01,15,18,2,descent,3151,103,1,20,False
isolation_forest,2,primary,0.01,15,19,2,overall,6782,176,1,42,False
isolation_forest,2,primary,0.01,15,19,2,climb,2887,0,0,0,False
isolation_forest,2,primary,0.01,15,19,2,cruise,1196,17,1,11,False
isolation_forest,2,primary,0.01,15,19,2,descent,2699,159,1,31,False
isolation_forest,2,primary,0.01,15,20,2,overall,6265,7,1,2,False
isolation_forest,2,primary,0.01,15,20,2,climb,1256,0,0,0,False
isolation_forest,2,primary,0.01,15,20,2,cruise,2569,0,0,0,False
isolation_forest,2,primary,0.01,15,20,2,descent,2440,7,1,2,False
isolation_forest,2,primary,0.01,15,21,2,overall,6381,21,1,7,False
isolation_forest,2,primary,0.01,15,21,2,climb,1264,0,0,0,False
isolation_forest,2,primary,0.01,15,21,2,cruise,2088,0,0,0,False
isolation_forest,2,primary,0.01,15,21,2,descent,3029,21,1,7,False
isolation_forest,2,primary,0.01,15,22,2,overall,5501,79,1,21,False
isolation_forest,2,primary,0.01,15,22,2,climb,2343,11,1,5,False
isolation_forest,2,primary,0.01,15,22,2,cruise,1857,0,0,0,False
isolation_forest,2,primary,0.01,15,22,2,descent,1301,68,1,16,False
isolation_forest,2,primary,0.01,15,23,2,overall,6887,111,1,23,False
isolation_forest,2,primary,0.01,15,23,2,climb,1788,3,1,3,False
isolation_forest,2,primary,0.01,15,23,2,cruise,3403,0,0,0,False
isolation_forest,2,primary,0.01,15,23,2,descent,1696,108,1,20,False
isolation_forest,2,primary,0.02,11,1,3,overall,11007,99,1,31,True
isolation_forest,2,primary,0.02,11,1,3,climb,2506,5,1,2,True
isolation_forest,2,primary,0.02,11,1,3,cruise,4386,24,1,13,True
isolation_forest,2,primary,0.02,11,1,3,descent,4115,70,1,16,True
isolation_forest,2,primary,0.02,11,2,3,overall,17636,138,1,30,True
isolation_forest,2,primary,0.02,11,2,3,climb,3612,9,1,1,True
isolation_forest,2,primary,0.02,11,2,3,cruise,10521,49,1,7,True
isolation_forest,2,primary,0.02,11,2,3,descent,3503,80,1,22,True
isolation_forest,2,primary,0.02,11,3,3,overall,9831,529,1,47,True
isolation_forest,2,primary,0.02,11,3,3,climb,2031,15,1,1,True
isolation_forest,2,primary,0.02,11,3,3,cruise,3448,29,1,9,True
isolation_forest,2,primary,0.02,11,3,3,descent,4352,485,1,37,True
isolation_forest,2,primary,0.02,11,4,3,overall,13140,106,1,24,True
isolation_forest,2,primary,0.02,11,4,3,climb,2902,6,1,2,True
isolation_forest,2,primary,0.02,11,4,3,cruise,7069,0,0,0,True
isolation_forest,2,primary,0.02,11,4,3,descent,3169,100,1,22,True
isolation_forest,2,primary,0.02,11,5,3,overall,13751,259,1,25,True
isolation_forest,2,primary,0.02,11,5,3,climb,2138,6,1,1,True
isolation_forest,2,primary,0.02,11,5,3,cruise,6376,28,1,4,True
isolation_forest,2,primary,0.02,11,5,3,descent,5237,225,1,20,True
isolation_forest,2,primary,0.02,11,6,3,overall,11689,225,1,61,True
isolation_forest,2,primary,0.02,11,6,3,climb,2583,0,0,0,True
isolation_forest,2,primary,0.02,11,6,3,cruise,5477,83,1,29,True
isolation_forest,2,primary,0.02,11,6,3,descent,3629,142,1,32,True
isolation_forest,2,primary,0.02,11,7,3,overall,11007,151,1,29,True
isolation_forest,2,primary,0.02,11,7,3,climb,2506,7,1,1,True
isolation_forest,2,primary,0.02,11,7,3,cruise,4386,29,1,10,True
isolation_forest,2,primary,0.02,11,7,3,descent,4115,115,1,18,True
isolation_forest,2,primary,0.02,11,8,3,overall,8826,234,1,53,True
isolation_forest,2,primary,0.02,11,8,3,climb,4368,3,1,1,True
isolation_forest,2,primary,0.02,11,8,3,cruise,2947,137,1,8,True
isolation_forest,2,primary,0.02,11,8,3,descent,1511,94,1,45,True
isolation_forest,2,primary,0.02,11,9,3,overall,8928,130,1,41,True
isolation_forest,2,primary,0.02,11,9,3,climb,2151,7,1,5,True
isolation_forest,2,primary,0.02,11,9,3,cruise,4055,8,1,3,True
isolation_forest,2,primary,0.02,11,9,3,descent,2722,115,1,33,True
isolation_forest,2,primary,0.02,11,10,3,overall,13940,189,1,18,True
isolation_forest,2,primary,0.02,11,10,3,climb,3800,8,1,1,True
isolation_forest,2,primary,0.02,11,10,3,cruise,6079,1,1,1,True
isolation_forest,2,primary,0.02,11,10,3,descent,4061,180,1,16,True
isolation_forest,2,primary,0.02,11,11,3,overall,13751,240,1,30,True
isolation_forest,2,primary,0.02,11,11,3,climb,2138,6,1,1,True
isolation_forest,2,primary,0.02,11,11,3,cruise,6376,34,1,3,True
isolation_forest,2,primary,0.02,11,11,3,descent,5237,200,1,26,True
isolation_forest,2,primary,0.02,11,12,3,overall,14346,91,1,29,True
isolation_forest,2,primary,0.02,11,12,3,climb,3405,5,1,1,True
isolation_forest,2,primary,0.02,11,12,3,cruise,2752,27,1,9,True
isolation_forest,2,primary,0.02,11,12,3,descent,8189,59,1,19,True
isolation_forest,2,primary,0.02,11,13,3,overall,10704,82,1,22,True
isolation_forest,2,primary,0.02,11,13,3,climb,2712,10,1,1,True
isolation_forest,2,primary,0.02,11,13,3,cruise,4440,27,1,9,True
isolation_forest,2,primary,0.02,11,13,3,descent,3552,45,1,12,True
isolation_forest,2,primary,0.02,11,14,3,overall,11573,190,1,29,True
isolation_forest,2,primary,0.02,11,14,3,climb,3378,3,1,1,True
isolation_forest,2,primary,0.02,11,14,3,cruise,2869,3,1,1,True
isolation_forest,2,primary,0.02,11,14,3,descent,5326,184,1,27,True
isolation_forest,2,primary,0.02,11,15,3,overall,7701,567,1,48,True
isolation_forest,2,primary,0.02,11,15,3,climb,2139,4,1,2,True
isolation_forest,2,primary,0.02,11,15,3,cruise,1849,0,0,0,True
isolation_forest,2,primary,0.02,11,15,3,descent,3713,563,1,46,True
isolation_forest,2,primary,0.02,11,16,3,overall,11457,313,1,46,True
isolation_forest,2,primary,0.02,11,16,3,climb,3291,3,1,2,True
isolation_forest,2,primary,0.02,11,16,3,cruise,5172,0,0,0,True
isolation_forest,2,primary,0.02,11,16,3,descent,2994,310,1,44,True
isolation_forest,2,primary,0.02,11,17,3,overall,11457,254,1,41,True
isolation_forest,2,primary,0.02,11,17,3,climb,3291,1,1,1,True
isolation_forest,2,primary,0.02,11,17,3,cruise,5172,0,0,0,True
isolation_forest,2,primary,0.02,11,17,3,descent,2994,253,1,40,True
isolation_forest,2,primary,0.02,11,18,3,overall,12562,136,1,36,True
isolation_forest,2,primary,0.02,11,18,3,climb,4727,3,1,2,True
isolation_forest,2,primary,0.02,11,18,3,cruise,3161,66,1,13,True
isolation_forest,2,primary,0.02,11,18,3,descent,4674,67,1,21,True
isolation_forest,2,primary,0.02,14,1,1,overall,2551,14,1,6,False
isolation_forest,2,primary,0.02,14,1,1,climb,79,8,1,1,False
isolation_forest,2,primary,0.02,14,1,1,cruise,2364,3,1,3,False
isolation_forest,2,primary,0.02,14,1,1,descent,108,3,1,3,False
isolation_forest,2,primary,0.02,14,2,1,overall,1528,186,1,28,False
isolation_forest,2,primary,0.02,14,2,1,climb,435,6,1,1,False
isolation_forest,2,primary,0.02,14,2,1,cruise,592,0,0,0,False
isolation_forest,2,primary,0.02,14,2,1,descent,501,180,1,27,False
isolation_forest,2,primary,0.02,14,3,1,overall,1887,75,1,21,False
isolation_forest,2,primary,0.02,14,3,1,climb,227,4,1,3,False
isolation_forest,2,primary,0.02,14,3,1,cruise,1396,43,1,10,False
isolation_forest,2,primary,0.02,14,3,1,descent,264,28,1,8,False
isolation_forest,2,primary,0.02,14,4,1,overall,1303,189,1,26,False
isolation_forest,2,primary,0.02,14,4,1,climb,87,29,1,2,False
isolation_forest,2,primary,0.02,14,4,1,cruise,1069,151,1,20,False
isolation_forest,2,primary,0.02,14,4,1,descent,147,9,1,5,False
isolation_forest,2,primary,0.02,14,5,1,overall,2641,56,1,7,False
isolation_forest,2,primary,0.02,14,5,1,climb,1059,10,1,1,False
isolation_forest,2,primary,0.02,14,5,1,cruise,390,2,1,2,False
isolation_forest,2,primary,0.02,14,5,1,descent,1192,44,1,4,False
isolation_forest,2,primary,0.02,14,6,1,overall,2918,38,1,8,False
isolation_forest,2,primary,0.02,14,6,1,climb,222,13,1,1,False
isolation_forest,2,primary,0.02,14,6,1,cruise,1468,18,1,5,False
isolation_forest,2,primary,0.02,14,6,1,descent,1228,7,1,2,False
isolation_forest,2,primary,0.02,14,7,1,overall,1303,193,1,27,False
isolation_forest,2,primary,0.02,14,7,1,climb,87,28,1,2,False
isolation_forest,2,primary,0.02,14,7,1,cruise,1069,155,1,22,False
isolation_forest,2,primary,0.02,14,7,1,descent,147,10,1,4,False
isolation_forest,2,primary,0.02,14,8,1,overall,2551,13,1,6,False
isolation_forest,2,primary,0.02,14,8,1,climb,79,7,1,1,False
isolation_forest,2,primary,0.02,14,8,1,cruise,2364,3,1,3,False
isolation_forest,2,primary,0.02,14,8,1,descent,108,3,1,3,False
isolation_forest,2,primary,0.02,14,9,1,overall,1706,61,1,9,False
isolation_forest,2,primary,0.02,14,9,1,climb,38,0,0,0,False
isolation_forest,2,primary,0.02,14,9,1,cruise,47,0,0,0,False
isolation_forest,2,primary,0.02,14,9,1,descent,1621,61,1,9,False
isolation_forest,2,primary,0.02,14,10,1,overall,1706,41,1,8,False
isolation_forest,2,primary,0.02,14,10,1,climb,38,0,0,0,False
isolation_forest,2,primary,0.02,14,10,1,cruise,47,0,0,0,False
isolation_forest,2,primary,0.02,14,10,1,descent,1621,41,1,8,False
isolation_forest,2,primary,0.02,14,11,1,overall,2346,70,1,5,False
isolation_forest,2,primary,0.02,14,11,1,climb,482,6,1,1,False
isolation_forest,2,primary,0.02,14,11,1,cruise,1040,36,1,1,False
isolation_forest,2,primary,0.02,14,11,1,descent,824,28,1,3,False
isolation_forest,2,primary,0.02,14,12,1,overall,2641,59,1,15,False
isolation_forest,2,primary,0.02,14,12,1,climb,1059,12,1,1,False
isolation_forest,2,primary,0.02,14,12,1,cruise,390,2,1,2,False
isolation_forest,2,primary,0.02,14,12,1,descent,1192,45,1,12,False
isolation_forest,2,primary,0.02,14,13,1,overall,1303,213,1,32,False
isolation_forest,2,primary,0.02,14,13,1,climb,87,29,1,2,False
isolation_forest,2,primary,0.02,14,13,1,cruise,1069,167,1,23,False
isolation_forest,2,primary,0.02,14,13,1,descent,147,17,1,8,False
isolation_forest,2,primary,0.02,14,14,1,overall,2629,185,1,18,False
isolation_forest,2,primary,0.02,14,14,1,climb,490,0,0,0,False
isolation_forest,2,primary,0.02,14,14,1,cruise,1339,0,0,0,False
isolation_forest,2,primary,0.02,14,14,1,descent,800,185,1,18,False
isolation_forest,2,primary,0.02,14,15,1,overall,1930,8,1,5,False
isolation_forest,2,primary,0.02,14,15,1,climb,486,1,1,1,False
isolation_forest,2,primary,0.02,14,15,1,cruise,795,0,0,0,False
isolation_forest,2,primary,0.02,14,15,1,descent,649,7,1,4,False
isolation_forest,2,primary,0.02,14,16,1,overall,1528,226,1,23,False
isolation_forest,2,primary,0.02,14,16,1,climb,435,6,1,1,False
isolation_forest,2,primary,0.02,14,16,1,cruise,592,0,0,0,False
isolation_forest,2,primary,0.02,14,16,1,descent,501,220,1,22,False
isolation_forest,2,primary,0.02,14,17,1,overall,2641,68,1,19,False
isolation_forest,2,primary,0.02,14,17,1,climb,1059,12,1,1,False
isolation_forest,2,primary,0.02,14,17,1,cruise,390,2,1,2,False
isolation_forest,2,primary,0.02,14,17,1,descent,1192,54,1,16,False
isolation_forest,2,primary,0.02,14,18,1,overall,2629,157,1,16,False
isolation_forest,2,primary,0.02,14,18,1,climb,490,0,0,0,False
isolation_forest,2,primary,0.02,14,18,1,cruise,1339,0,0,0,False
isolation_forest,2,primary,0.02,14,18,1,descent,800,157,1,16,False
isolation_forest,2,primary,0.02,14,19,1,overall,1706,42,1,8,False
isolation_forest,2,primary,0.02,14,19,1,climb,38,1,1,1,False
isolation_forest,2,primary,0.02,14,19,1,cruise,47,0,0,0,False
isolation_forest,2,primary,0.02,14,19,1,descent,1621,41,1,7,False
isolation_forest,2,primary,0.02,14,20,1,overall,2629,196,1,16,False
isolation_forest,2,primary,0.02,14,20,1,climb,490,0,0,0,False
isolation_forest,2,primary,0.02,14,20,1,cruise,1339,0,0,0,False
isolation_forest,2,primary,0.02,14,20,1,descent,800,196,1,16,False
isolation_forest,2,primary,0.02,14,21,1,overall,1706,43,1,8,False
isolation_forest,2,primary,0.02,14,21,1,climb,38,2,1,1,False
isolation_forest,2,primary,0.02,14,21,1,cruise,47,0,0,0,False
isolation_forest,2,primary,0.02,14,21,1,descent,1621,41,1,7,False
isolation_forest,2,primary,0.02,14,22,1,overall,1887,125,1,25,False
isolation_forest,2,primary,0.02,14,22,1,climb,227,24,1,8,False
isolation_forest,2,primary,0.02,14,22,1,cruise,1396,55,1,12,False
isolation_forest,2,primary,0.02,14,22,1,descent,264,46,1,6,False
isolation_forest,2,primary,0.02,14,23,1,overall,2629,158,1,20,False
isolation_forest,2,primary,0.02,14,23,1,climb,490,0,0,0,False
isolation_forest,2,primary,0.02,14,23,1,cruise,1339,0,0,0,False
isolation_forest,2,primary,0.02,14,23,1,descent,800,158,1,20,False
isolation_forest,2,primary,0.02,14,24,1,overall,2641,134,1,30,False
isolation_forest,2,primary,0.02,14,24,1,climb,1059,14,1,2,False
isolation_forest,2,primary,0.02,14,24,1,cruise,390,4,1,3,False
isolation_forest,2,primary,0.02,14,24,1,descent,1192,116,1,25,False
isolation_forest,2,primary,0.02,14,25,1,overall,2551,25,1,8,False
isolation_forest,2,primary,0.02,14,25,1,climb,79,13,1,1,False
isolation_forest,2,primary,0.02,14,25,1,cruise,2364,7,1,4,False
isolation_forest,2,primary,0.02,14,25,1,descent,108,5,1,4,False
isolation_forest,2,primary,0.02,14,26,1,overall,2034,41,1,9,False
isolation_forest,2,primary,0.02,14,26,1,climb,135,27,1,3,False
isolation_forest,2,primary,0.02,14,26,1,cruise,84,0,0,0,False
isolation_forest,2,primary,0.02,14,26,1,descent,1815,14,1,6,False
isolation_forest,2,primary,0.02,14,27,1,overall,1887,130,1,25,False
isolation_forest,2,primary,0.02,14,27,1,climb,227,23,1,8,False
isolation_forest,2,primary,0.02,14,27,1,cruise,1396,54,1,14,False
isolation_forest,2,primary,0.02,14,27,1,descent,264,53,1,3,False
isolation_forest,2,primary,0.02,14,28,1,overall,2629,253,1,22,False
isolation_forest,2,primary,0.02,14,28,1,climb,490,0,0,0,False
isolation_forest,2,primary,0.02,14,28,1,cruise,1339,0,0,0,False
isolation_forest,2,primary,0.02,14,28,1,descent,800,253,1,22,False
isolation_forest,2,primary,0.02,14,29,1,overall,1887,182,1,20,False
isolation_forest,2,primary,0.02,14,29,1,climb,227,51,1,5,False
isolation_forest,2,primary,0.02,14,29,1,cruise,1396,70,1,12,False
isolation_forest,2,primary,0.02,14,29,1,descent,264,61,1,4,False
isolation_forest,2,primary,0.02,14,30,1,overall,1528,306,1,15,False
isolation_forest,2,primary,0.02,14,30,1,climb,435,9,1,1,False
isolation_forest,2,primary,0.02,14,30,1,cruise,592,0,0,0,False
isolation_forest,2,primary,0.02,14,30,1,descent,501,297,1,14,False
isolation_forest,2,primary,0.02,14,31,1,overall,2629,286,1,23,False
isolation_forest,2,primary,0.02,14,31,1,climb,490,0,0,0,False
isolation_forest,2,primary,0.02,14,31,1,cruise,1339,0,0,0,False
isolation_forest,2,primary,0.02,14,31,1,descent,800,286,1,23,False
isolation_forest,2,primary,0.02,14,32,1,overall,1006,174,1,55,False
isolation_forest,2,primary,0.02,14,32,1,climb,262,10,1,5,False
isolation_forest,2,primary,0.02,14,32,1,cruise,356,26,1,11,False
isolation_forest,2,primary,0.02,14,32,1,descent,388,138,1,39,False
isolation_forest,2,primary,0.02,14,33,1,overall,1528,327,1,21,False
isolation_forest,2,primary,0.02,14,33,1,climb,435,11,1,1,False
isolation_forest,2,primary,0.02,14,33,1,cruise,592,0,0,0,False
isolation_forest,2,primary,0.02,14,33,1,descent,501,316,1,20,False
isolation_forest,2,primary,0.02,14,34,1,overall,1944,164,1,20,False
isolation_forest,2,primary,0.02,14,34,1,climb,142,7,1,1,False
isolation_forest,2,primary,0.02,14,34,1,cruise,1554,16,1,7,False
isolation_forest,2,primary,0.02,14,34,1,descent,248,141,1,12,False
isolation_forest,2,primary,0.02,14,35,1,overall,1706,46,1,9,False
isolation_forest,2,primary,0.02,14,35,1,climb,38,4,1,1,False
isolation_forest,2,primary,0.02,14,35,1,cruise,47,0,0,0,False
isolation_forest,2,primary,0.02,14,35,1,descent,1621,42,1,8,False
isolation_forest,2,primary,0.02,15,1,2,overall,2669,219,1,10,False
isolation_forest,2,primary,0.02,15,1,2,climb,625,0,0,0,False
isolation_forest,2,primary,0.02,15,1,2,cruise,752,0,0,0,False
isolation_forest,2,primary,0.02,15,1,2,descent,1292,219,1,10,False
isolation_forest,2,primary,0.02,15,2,2,overall,7711,24,1,12,False
isolation_forest,2,primary,0.02,15,2,2,climb,2028,10,1,1,False
isolation_forest,2,primary,0.02,15,2,2,cruise,3298,0,0,0,False
isolation_forest,2,primary,0.02,15,2,2,descent,2385,14,1,11,False
isolation_forest,2,primary,0.02,15,3,2,overall,5503,342,1,89,False
isolation_forest,2,primary,0.02,15,3,2,climb,3519,5,1,1,False
isolation_forest,2,primary,0.02,15,3,2,cruise,722,48,1,6,False
isolation_forest,2,primary,0.02,15,3,2,descent,1262,289,1,82,False
isolation_forest,2,primary,0.02,15,4,2,overall,6372,161,1,18,False
isolation_forest,2,primary,0.02,15,4,2,climb,2754,27,1,2,False
isolation_forest,2,primary,0.02,15,4,2,cruise,2405,1,1,1,False
isolation_forest,2,primary,0.02,15,4,2,descent,1213,133,1,15,False
isolation_forest,2,primary,0.02,15,5,2,overall,6075,35,1,11,False
isolation_forest,2,primary,0.02,15,5,2,climb,1642,7,1,1,False
isolation_forest,2,primary,0.02,15,5,2,cruise,2509,0,0,0,False
isolation_forest,2,primary,0.02,15,5,2,descent,1924,28,1,10,False
isolation_forest,2,primary,0.02,15,6,2,overall,9157,117,1,6,False
isolation_forest,2,primary,0.02,15,6,2,climb,3584,4,1,1,False
isolation_forest,2,primary,0.02,15,6,2,cruise,2702,76,1,2,False
isolation_forest,2,primary,0.02,15,6,2,descent,2871,37,1,3,False
isolation_forest,2,primary,0.02,15,7,2,overall,5892,354,1,33,False
isolation_forest,2,primary,0.02,15,7,2,climb,2990,26,1,6,False
isolation_forest,2,primary,0.02,15,7,2,cruise,2120,11,1,4,False
isolation_forest,2,primary,0.02,15,7,2,descent,782,317,1,23,False
isolation_forest,2,primary,0.02,15,8,2,overall,4015,25,1,13,False
isolation_forest,2,primary,0.02,15,8,2,climb,748,5,1,1,False
isolation_forest,2,primary,0.02,15,8,2,cruise,1371,0,0,0,False
isolation_forest,2,primary,0.02,15,8,2,descent,1896,20,1,12,False
isolation_forest,2,primary,0.02,15,9,2,overall,8714,175,1,51,False
isolation_forest,2,primary,0.02,15,9,2,climb,2650,8,1,1,False
isolation_forest,2,primary,0.02,15,9,2,cruise,4542,47,1,23,False
isolation_forest,2,primary,0.02,15,9,2,descent,1522,120,1,27,False
isolation_forest,2,primary,0.02,15,10,2,overall,5218,134,1,35,False
isolation_forest,2,primary,0.02,15,10,2,climb,2439,4,1,1,False
isolation_forest,2,primary,0.02,15,10,2,cruise,1376,0,0,0,False
isolation_forest,2,primary,0.02,15,10,2,descent,1403,130,1,34,False
isolation_forest,2,primary,0.02,15,11,2,overall,6001,84,1,18,False
isolation_forest,2,primary,0.02,15,11,2,climb,2203,9,1,1,False
isolation_forest,2,primary,0.02,15,11,2,cruise,2046,0,0,0,False
isolation_forest,2,primary,0.02,15,11,2,descent,1752,75,1,17,False
isolation_forest,2,primary,0.02,15,12,2,overall,8363,165,1,22,False
isolation_forest,2,primary,0.02,15,12,2,climb,1990,3,1,1,False
isolation_forest,2,primary,0.02,15,12,2,cruise,3014,0,0,0,False
isolation_forest,2,primary,0.02,15,12,2,descent,3359,162,1,21,False
isolation_forest,2,primary,0.02,15,13,2,overall,5761,45,1,21,False
isolation_forest,2,primary,0.02,15,13,2,climb,1671,1,1,1,False
isolation_forest,2,primary,0.02,15,13,2,cruise,2573,1,1,1,False
isolation_forest,2,primary,0.02,15,13,2,descent,1517,43,1,19,False
isolation_forest,2,primary,0.02,15,14,2,overall,6942,19,1,4,False
isolation_forest,2,primary,0.02,15,14,2,climb,2058,10,1,1,False
isolation_forest,2,primary,0.02,15,14,2,cruise,3278,0,0,0,False
isolation_forest,2,primary,0.02,15,14,2,descent,1606,9,1,3,False
isolation_forest,2,primary,0.02,15,15,2,overall,8154,484,1,42,False
isolation_forest,2,primary,0.02,15,15,2,climb,2033,12,1,1,False
isolation_forest,2,primary,0.02,15,15,2,cruise,2970,48,1,11,False
isolation_forest,2,primary,0.02,15,15,2,descent,3151,424,1,30,False
isolation_forest,2,primary,0.02,15,16,2,overall,5218,152,1,35,False
isolation_forest,2,primary,0.02,15,16,2,climb,2439,5,1,1,False
isolation_forest,2,primary,0.02,15,16,2,cruise,1376,0,0,0,False
isolation_forest,2,primary,0.02,15,16,2,descent,1403,147,1,34,False
isolation_forest,2,primary,0.02,15,17,2,overall,5804,254,1,36,False
isolation_forest,2,primary,0.02,15,17,2,climb,1845,2,1,1,False
isolation_forest,2,primary,0.02,15,17,2,cruise,2329,0,0,0,False
isolation_forest,2,primary,0.02,15,17,2,descent,1630,252,1,35,False
isolation_forest,2,primary,0.02,15,18,2,overall,8154,472,1,52,False
isolation_forest,2,primary,0.02,15,18,2,climb,2033,11,1,1,False
isolation_forest,2,primary,0.02,15,18,2,cruise,2970,48,1,13,False
isolation_forest,2,primary,0.02,15,18,2,descent,3151,413,1,38,False
isolation_forest,2,primary,0.02,15,19,2,overall,6782,368,1,77,False
isolation_forest,2,primary,0.02,15,19,2,climb,2887,4,1,2,False
isolation_forest,2,primary,0.02,15,19,2,cruise,1196,42,1,16,False
isolation_forest,2,primary,0.02,15,19,2,descent,2699,322,1,59,False
isolation_forest,2,primary,0.02,15,20,2,overall,6265,67,1,12,False
isolation_forest,2,primary,0.02,15,20,2,climb,1256,0,0,0,False
isolation_forest,2,primary,0.02,15,20,2,cruise,2569,1,1,1,False
isolation_forest,2,primary,0.02,15,20,2,descent,2440,66,1,11,False
isolation_forest,2,primary,0.02,15,21,2,overall,6381,85,1,7,False
isolation_forest,2,primary,0.02,15,21,2,climb,1264,0,0,0,False
isolation_forest,2,primary,0.02,15,21,2,cruise,2088,0,0,0,False
isolation_forest,2,primary,0.02,15,21,2,descent,3029,85,1,7,False
isolation_forest,2,primary,0.02,15,22,2,overall,5501,100,1,22,False
isolation_forest,2,primary,0.02,15,22,2,climb,2343,24,1,8,False
isolation_forest,2,primary,0.02,15,22,2,cruise,1857,0,0,0,False
isolation_forest,2,primary,0.02,15,22,2,descent,1301,76,1,14,False
isolation_forest,2,primary,0.02,15,23,2,overall,6887,318,1,15,False
isolation_forest,2,primary,0.02,15,23,2,climb,1788,9,1,1,False
isolation_forest,2,primary,0.02,15,23,2,cruise,3403,0,0,0,False
isolation_forest,2,primary,0.02,15,23,2,descent,1696,309,1,14,False
isolation_forest,2,alt_rate,0.005,11,1,3,overall,11007,22,1,10,True
isolation_forest,2,alt_rate,0.005,11,1,3,climb,2930,0,0,0,True
isolation_forest,2,alt_rate,0.005,11,1,3,cruise,3885,7,1,2,True
isolation_forest,2,alt_rate,0.005,11,1,3,descent,4192,15,1,8,True
isolation_forest,2,alt_rate,0.005,11,2,3,overall,17636,70,1,34,True
isolation_forest,2,alt_rate,0.005,11,2,3,climb,3879,2,1,2,True
isolation_forest,2,alt_rate,0.005,11,2,3,cruise,9869,22,1,10,True
isolation_forest,2,alt_rate,0.005,11,2,3,descent,3888,46,1,22,True
isolation_forest,2,alt_rate,0.005,11,3,3,overall,9831,33,1,9,True
isolation_forest,2,alt_rate,0.005,11,3,3,climb,2327,0,0,0,True
isolation_forest,2,alt_rate,0.005,11,3,3,cruise,2755,11,1,3,True
isolation_forest,2,alt_rate,0.005,11,3,3,descent,4749,22,1,6,True
isolation_forest,2,alt_rate,0.005,11,4,3,overall,13140,42,1,14,True
isolation_forest,2,alt_rate,0.005,11,4,3,climb,3297,1,1,1,True
isolation_forest,2,alt_rate,0.005,11,4,3,cruise,6273,0,0,0,True
isolation_forest,2,alt_rate,0.005,11,4,3,descent,3570,41,1,13,True
isolation_forest,2,alt_rate,0.005,11,5,3,overall,13751,151,1,49,True
isolation_forest,2,alt_rate,0.005,11,5,3,climb,2298,3,1,1,True
isolation_forest,2,alt_rate,0.005,11,5,3,cruise,6278,21,1,6,True
isolation_forest,2,alt_rate,0.005,11,5,3,descent,5175,127,1,42,True
isolation_forest,2,alt_rate,0.005,11,6,3,overall,11689,83,1,36,True
isolation_forest,2,alt_rate,0.005,11,6,3,climb,1743,0,0,0,True
isolation_forest,2,alt_rate,0.005,11,6,3,cruise,6205,10,1,7,True
isolation_forest,2,alt_rate,0.005,11,6,3,descent,3741,73,1,29,True
isolation_forest,2,alt_rate,0.005,11,7,3,overall,11007,29,1,9,True
isolation_forest,2,alt_rate,0.005,11,7,3,climb,2930,0,0,0,True
isolation_forest,2,alt_rate,0.005,11,7,3,cruise,3885,11,1,3,True
isolation_forest,2,alt_rate,0.005,11,7,3,descent,4192,18,1,6,True
isolation_forest,2,alt_rate,0.005,11,8,3,overall,8826,9,1,5,True
isolation_forest,2,alt_rate,0.005,11,8,3,climb,4070,0,0,0,True
isolation_forest,2,alt_rate,0.005,11,8,3,cruise,3030,0,0,0,True
isolation_forest,2,alt_rate,0.005,11,8,3,descent,1726,9,1,5,True
isolation_forest,2,alt_rate,0.005,11,9,3,overall,8928,18,1,8,True
isolation_forest,2,alt_rate,0.005,11,9,3,climb,2568,1,1,1,True
isolation_forest,2,alt_rate,0.005,11,9,3,cruise,3414,0,0,0,True
isolation_forest,2,alt_rate,0.005,11,9,3,descent,2946,17,1,7,True
isolation_forest,2,alt_rate,0.005,11,10,3,overall,13940,4,1,3,True
isolation_forest,2,alt_rate,0.005,11,10,3,climb,4340,1,1,1,True
isolation_forest,2,alt_rate,0.005,11,10,3,cruise,5054,0,0,0,True
isolation_forest,2,alt_rate,0.005,11,10,3,descent,4546,3,1,2,True
isolation_forest,2,alt_rate,0.005,11,11,3,overall,13751,138,1,37,True
isolation_forest,2,alt_rate,0.005,11,11,3,climb,2298,3,1,1,True
isolation_forest,2,alt_rate,0.005,11,11,3,cruise,6278,26,1,10,True
isolation_forest,2,alt_rate,0.005,11,11,3,descent,5175,109,1,26,True
isolation_forest,2,alt_rate,0.005,11,12,3,overall,14346,49,1,13,True
isolation_forest,2,alt_rate,0.005,11,12,3,climb,3497,12,1,8,True
isolation_forest,2,alt_rate,0.005,11,12,3,cruise,6768,0,0,0,True
isolation_forest,2,alt_rate,0.005,11,12,3,descent,4081,37,1,5,True
isolation_forest,2,alt_rate,0.005,11,13,3,overall,10704,23,1,9,True
isolation_forest,2,alt_rate,0.005,11,13,3,climb,3236,5,1,1,True
isolation_forest,2,alt_rate,0.005,11,13,3,cruise,4152,7,1,4,True
isolation_forest,2,alt_rate,0.005,11,13,3,descent,3316,11,1,4,True
isolation_forest,2,alt_rate,0.005,11,14,3,overall,11573,109,1,28,True
isolation_forest,2,alt_rate,0.005,11,14,3,climb,3665,0,0,0,True
isolation_forest,2,alt_rate,0.005,11,14,3,cruise,3719,2,1,2,True
isolation_forest,2,alt_rate,0.005,11,14,3,descent,4189,107,1,26,True
isolation_forest,2,alt_rate,0.005,11,15,3,overall,7701,288,1,47,True
isolation_forest,2,alt_rate,0.005,11,15,3,climb,2453,2,1,1,True
isolation_forest,2,alt_rate,0.005,11,15,3,cruise,1248,0,0,0,True
isolation_forest,2,alt_rate,0.005,11,15,3,descent,4000,286,1,46,True
isolation_forest,2,alt_rate,0.005,11,16,3,overall,11457,34,1,14,True
isolation_forest,2,alt_rate,0.005,11,16,3,climb,3793,0,0,0,True
isolation_forest,2,alt_rate,0.005,11,16,3,cruise,4388,0,0,0,True
isolation_forest,2,alt_rate,0.005,11,16,3,descent,3276,34,1,14,True
isolation_forest,2,alt_rate,0.005,11,17,3,overall,11457,45,1,10,True
isolation_forest,2,alt_rate,0.005,11,17,3,climb,3793,0,0,0,True
isolation_forest,2,alt_rate,0.005,11,17,3,cruise,4388,0,0,0,True
isolation_forest,2,alt_rate,0.005,11,17,3,descent,3276,45,1,10,True
isolation_forest,2,alt_rate,0.005,11,18,3,overall,12562,19,1,7,True
isolation_forest,2,alt_rate,0.005,11,18,3,climb,5390,0,0,0,True
isolation_forest,2,alt_rate,0.005,11,18,3,cruise,2282,0,0,0,True
isolation_forest,2,alt_rate,0.005,11,18,3,descent,4890,19,1,7,True
isolation_forest,2,alt_rate,0.005,14,1,1,overall,2551,1,1,1,False
isolation_forest,2,alt_rate,0.005,14,1,1,climb,94,1,1,1,False
isolation_forest,2,alt_rate,0.005,14,1,1,cruise,2339,0,0,0,False
isolation_forest,2,alt_rate,0.005,14,1,1,descent,118,0,0,0,False
isolation_forest,2,alt_rate,0.005,14,2,1,overall,1528,5,1,3,False
isolation_forest,2,alt_rate,0.005,14,2,1,climb,495,1,1,1,False
isolation_forest,2,alt_rate,0.005,14,2,1,cruise,475,0,0,0,False
isolation_forest,2,alt_rate,0.005,14,2,1,descent,558,4,1,2,False
isolation_forest,2,alt_rate,0.005,14,3,1,overall,1887,18,1,5,False
isolation_forest,2,alt_rate,0.005,14,3,1,climb,262,0,0,0,False
isolation_forest,2,alt_rate,0.005,14,3,1,cruise,1323,13,1,4,False
isolation_forest,2,alt_rate,0.005,14,3,1,descent,302,5,1,1,False
isolation_forest,2,alt_rate,0.005,14,4,1,overall,1303,51,1,11,False
isolation_forest,2,alt_rate,0.005,14,4,1,climb,96,21,1,1,False
isolation_forest,2,alt_rate,0.005,14,4,1,cruise,1050,30,1,10,False
isolation_forest,2,alt_rate,0.005,14,4,1,descent,157,0,0,0,False
isolation_forest,2,alt_rate,0.005,14,5,1,overall,2641,3,1,1,False
isolation_forest,2,alt_rate,0.005,14,5,1,climb,1220,3,1,1,False
isolation_forest,2,alt_rate,0.005,14,5,1,cruise,41,0,0,0,False
isolation_forest,2,alt_rate,0.005,14,5,1,descent,1380,0,0,0,False
isolation_forest,2,alt_rate,0.005,14,6,1,overall,2918,2,1,1,False
isolation_forest,2,alt_rate,0.005,14,6,1,climb,265,0,0,0,False
isolation_forest,2,alt_rate,0.005,14,6,1,cruise,1361,0,0,0,False
isolation_forest,2,alt_rate,0.005,14,6,1,descent,1292,2,1,1,False
isolation_forest,2,alt_rate,0.005,14,7,1,overall,1303,51,1,11,False
isolation_forest,2,alt_rate,0.005,14,7,1,climb,96,21,1,1,False
isolation_forest,2,alt_rate,0.005,14,7,1,cruise,1050,30,1,10,False
isolation_forest,2,alt_rate,0.005,14,7,1,descent,157,0,0,0,False
isolation_forest,2,alt_rate,0.005,14,8,1,overall,2551,0,0,0,False
isolation_forest,2,alt_rate,0.005,14,8,1,climb,94,0,0,0,False
isolation_forest,2,alt_rate,0.005,14,8,1,cruise,2339,0,0,0,False
isolation_forest,2,alt_rate,0.005,14,8,1,descent,118,0,0,0,False
isolation_forest,2,alt_rate,0.005,14,9,1,overall,1706,31,1,3,False
isolation_forest,2,alt_rate,0.005,14,9,1,climb,33,0,0,0,False
isolation_forest,2,alt_rate,0.005,14,9,1,cruise,59,0,0,0,False
isolation_forest,2,alt_rate,0.005,14,9,1,descent,1614,31,1,3,False
isolation_forest,2,alt_rate,0.005,14,10,1,overall,1706,31,1,3,False
isolation_forest,2,alt_rate,0.005,14,10,1,climb,33,0,0,0,False
isolation_forest,2,alt_rate,0.005,14,10,1,cruise,59,0,0,0,False
isolation_forest,2,alt_rate,0.005,14,10,1,descent,1614,31,1,3,False
isolation_forest,2,alt_rate,0.005,14,11,1,overall,2346,0,0,0,False
isolation_forest,2,alt_rate,0.005,14,11,1,climb,539,0,0,0,False
isolation_forest,2,alt_rate,0.005,14,11,1,cruise,891,0,0,0,False
isolation_forest,2,alt_rate,0.005,14,11,1,descent,916,0,0,0,False
isolation_forest,2,alt_rate,0.005,14,12,1,overall,2641,5,1,1,False
isolation_forest,2,alt_rate,0.005,14,12,1,climb,1220,5,1,1,False
isolation_forest,2,alt_rate,0.005,14,12,1,cruise,41,0,0,0,False
isolation_forest,2,alt_rate,0.005,14,12,1,descent,1380,0,0,0,False
isolation_forest,2,alt_rate,0.005,14,13,1,overall,1303,65,1,12,False
isolation_forest,2,alt_rate,0.005,14,13,1,climb,96,21,1,1,False
isolation_forest,2,alt_rate,0.005,14,13,1,cruise,1050,44,1,11,False
isolation_forest,2,alt_rate,0.005,14,13,1,descent,157,0,0,0,False
isolation_forest,2,alt_rate,0.005,14,14,1,overall,2629,1,1,1,False
isolation_forest,2,alt_rate,0.005,14,14,1,climb,563,0,0,0,False
isolation_forest,2,alt_rate,0.005,14,14,1,cruise,1152,0,0,0,False
isolation_forest,2,alt_rate,0.005,14,14,1,descent,914,1,1,1,False
isolation_forest,2,alt_rate,0.005,14,15,1,overall,1930,1,1,1,False
isolation_forest,2,alt_rate,0.005,14,15,1,climb,545,0,0,0,False
isolation_forest,2,alt_rate,0.005,14,15,1,cruise,661,0,0,0,False
isolation_forest,2,alt_rate,0.005,14,15,1,descent,724,1,1,1,False
isolation_forest,2,alt_rate,0.005,14,16,1,overall,1528,5,1,3,False
isolation_forest,2,alt_rate,0.005,14,16,1,climb,495,1,1,1,False
isolation_forest,2,alt_rate,0.005,14,16,1,cruise,475,0,0,0,False
isolation_forest,2,alt_rate,0.005,14,16,1,descent,558,4,1,2,False
isolation_forest,2,alt_rate,0.005,14,17,1,overall,2641,6,1,1,False
isolation_forest,2,alt_rate,0.005,14,17,1,climb,1220,6,1,1,False
isolation_forest,2,alt_rate,0.005,14,17,1,cruise,41,0,0,0,False
isolation_forest,2,alt_rate,0.005,14,17,1,descent,1380,0,0,0,False
isolation_forest,2,alt_rate,0.005,14,18,1,overall,2629,1,1,1,False
isolation_forest,2,alt_rate,0.005,14,18,1,climb,563,0,0,0,False
isolation_forest,2,alt_rate,0.005,14,18,1,cruise,1152,0,0,0,False
isolation_forest,2,alt_rate,0.005,14,18,1,descent,914,1,1,1,False
isolation_forest,2,alt_rate,0.005,14,19,1,overall,1706,31,1,3,False
isolation_forest,2,alt_rate,0.005,14,19,1,climb,33,0,0,0,False
isolation_forest,2,alt_rate,0.005,14,19,1,cruise,59,0,0,0,False
isolation_forest,2,alt_rate,0.005,14,19,1,descent,1614,31,1,3,False
isolation_forest,2,alt_rate,0.005,14,20,1,overall,2629,1,1,1,False
isolation_forest,2,alt_rate,0.005,14,20,1,climb,563,0,0,0,False
isolation_forest,2,alt_rate,0.005,14,20,1,cruise,1152,0,0,0,False
isolation_forest,2,alt_rate,0.005,14,20,1,descent,914,1,1,1,False
isolation_forest,2,alt_rate,0.005,14,21,1,overall,1706,31,1,3,False
isolation_forest,2,alt_rate,0.005,14,21,1,climb,33,0,0,0,False
isolation_forest,2,alt_rate,0.005,14,21,1,cruise,59,0,0,0,False
isolation_forest,2,alt_rate,0.005,14,21,1,descent,1614,31,1,3,False
isolation_forest,2,alt_rate,0.005,14,22,1,overall,1887,16,1,6,False
isolation_forest,2,alt_rate,0.005,14,22,1,climb,262,0,0,0,False
isolation_forest,2,alt_rate,0.005,14,22,1,cruise,1323,11,1,5,False
isolation_forest,2,alt_rate,0.005,14,22,1,descent,302,5,1,1,False
isolation_forest,2,alt_rate,0.005,14,23,1,overall,2629,1,1,1,False
isolation_forest,2,alt_rate,0.005,14,23,1,climb,563,0,0,0,False
isolation_forest,2,alt_rate,0.005,14,23,1,cruise,1152,0,0,0,False
isolation_forest,2,alt_rate,0.005,14,23,1,descent,914,1,1,1,False
isolation_forest,2,alt_rate,0.005,14,24,1,overall,2641,6,1,1,False
isolation_forest,2,alt_rate,0.005,14,24,1,climb,1220,6,1,1,False
isolation_forest,2,alt_rate,0.005,14,24,1,cruise,41,0,0,0,False
isolation_forest,2,alt_rate,0.005,14,24,1,descent,1380,0,0,0,False
isolation_forest,2,alt_rate,0.005,14,25,1,overall,2551,4,1,1,False
isolation_forest,2,alt_rate,0.005,14,25,1,climb,94,4,1,1,False
isolation_forest,2,alt_rate,0.005,14,25,1,cruise,2339,0,0,0,False
isolation_forest,2,alt_rate,0.005,14,25,1,descent,118,0,0,0,False
isolation_forest,2,alt_rate,0.005,14,26,1,overall,2034,8,1,5,False
isolation_forest,2,alt_rate,0.005,14,26,1,climb,129,5,1,3,False
isolation_forest,2,alt_rate,0.005,14,26,1,cruise,1107,0,0,0,False
isolation_forest,2,alt_rate,0.005,14,26,1,descent,798,3,1,2,False
isolation_forest,2,alt_rate,0.005,14,27,1,overall,1887,15,1,5,False
isolation_forest,2,alt_rate,0.005,14,27,1,climb,262,0,0,0,False
isolation_forest,2,alt_rate,0.005,14,27,1,cruise,1323,10,1,4,False
isolation_forest,2,alt_rate,0.005,14,27,1,descent,302,5,1,1,False
isolation_forest,2,alt_rate,0.005,14,28,1,overall,2629,1,1,1,False
isolation_forest,2,alt_rate,0.005,14,28,1,climb,563,0,0,0,False
isolation_forest,2,alt_rate,0.005,14,28,1,cruise,1152,0,0,0,False
isolation_forest,2,alt_rate,0.005,14,28,1,descent,914,1,1,1,False
isolation_forest,2,alt_rate,0.005,14,29,1,overall,1887,21,1,5,False
isolation_forest,2,alt_rate,0.005,14,29,1,climb,262,0,0,0,False
isolation_forest,2,alt_rate,0.005,14,29,1,cruise,1323,15,1,4,False
isolation_forest,2,alt_rate,0.005,14,29,1,descent,302,6,1,1,False
isolation_forest,2,alt_rate,0.005,14,30,1,overall,1528,5,1,3,False
isolation_forest,2,alt_rate,0.005,14,30,1,climb,495,1,1,1,False
isolation_forest,2,alt_rate,0.005,14,30,1,cruise,475,0,0,0,False
isolation_forest,2,alt_rate,0.005,14,30,1,descent,558,4,1,2,False
isolation_forest,2,alt_rate,0.005,14,31,1,overall,2629,1,1,1,False
isolation_forest,2,alt_rate,0.005,14,31,1,climb,563,0,0,0,False
isolation_forest,2,alt_rate,0.005,14,31,1,cruise,1152,0,0,0,False
isolation_forest,2,alt_rate,0.005,14,31,1,descent,914,1,1,1,False
isolation_forest,2,alt_rate,0.005,14,32,1,overall,1006,0,0,0,False
isolation_forest,2,alt_rate,0.005,14,32,1,climb,330,0,0,0,False
isolation_forest,2,alt_rate,0.005,14,32,1,cruise,232,0,0,0,False
isolation_forest,2,alt_rate,0.005,14,32,1,descent,444,0,0,0,False
isolation_forest,2,alt_rate,0.005,14,33,1,overall,1528,4,1,2,False
isolation_forest,2,alt_rate,0.005,14,33,1,climb,495,1,1,1,False
isolation_forest,2,alt_rate,0.005,14,33,1,cruise,475,0,0,0,False
isolation_forest,2,alt_rate,0.005,14,33,1,descent,558,3,1,1,False
isolation_forest,2,alt_rate,0.005,14,34,1,overall,1944,13,1,3,False
isolation_forest,2,alt_rate,0.005,14,34,1,climb,164,0,0,0,False
isolation_forest,2,alt_rate,0.005,14,34,1,cruise,1524,1,1,1,False
isolation_forest,2,alt_rate,0.005,14,34,1,descent,256,12,1,2,False
isolation_forest,2,alt_rate,0.005,14,35,1,overall,1706,31,1,3,False
isolation_forest,2,alt_rate,0.005,14,35,1,climb,33,0,0,0,False
isolation_forest,2,alt_rate,0.005,14,35,1,cruise,59,0,0,0,False
isolation_forest,2,alt_rate,0.005,14,35,1,descent,1614,31,1,3,False
isolation_forest,2,alt_rate,0.005,15,1,2,overall,2669,0,0,0,False
isolation_forest,2,alt_rate,0.005,15,1,2,climb,705,0,0,0,False
isolation_forest,2,alt_rate,0.005,15,1,2,cruise,555,0,0,0,False
isolation_forest,2,alt_rate,0.005,15,1,2,descent,1409,0,0,0,False
isolation_forest,2,alt_rate,0.005,15,2,2,overall,7711,0,0,0,False
isolation_forest,2,alt_rate,0.005,15,2,2,climb,1947,0,0,0,False
isolation_forest,2,alt_rate,0.005,15,2,2,cruise,3098,0,0,0,False
isolation_forest,2,alt_rate,0.005,15,2,2,descent,2666,0,0,0,False
isolation_forest,2,alt_rate,0.005,15,3,2,overall,5503,41,1,16,False
isolation_forest,2,alt_rate,0.005,15,3,2,climb,3076,0,0,0,False
isolation_forest,2,alt_rate,0.005,15,3,2,cruise,995,0,0,0,False
isolation_forest,2,alt_rate,0.005,15,3,2,descent,1432,41,1,16,False
isolation_forest,2,alt_rate,0.005,15,4,2,overall,6372,29,1,3,False
isolation_forest,2,alt_rate,0.005,15,4,2,climb,2890,25,1,1,False
isolation_forest,2,alt_rate,0.005,15,4,2,cruise,2106,0,0,0,False
isolation_forest,2,alt_rate,0.005,15,4,2,descent,1376,4,1,2,False
isolation_forest,2,alt_rate,0.005,15,5,2,overall,6075,0,0,0,False
isolation_forest,2,alt_rate,0.005,15,5,2,climb,1898,0,0,0,False
isolation_forest,2,alt_rate,0.005,15,5,2,cruise,2050,0,0,0,False
isolation_forest,2,alt_rate,0.005,15,5,2,descent,2127,0,0,0,False
isolation_forest,2,alt_rate,0.005,15,6,2,overall,9157,73,1,16,False
isolation_forest,2,alt_rate,0.005,15,6,2,climb,3768,0,0,0,False
isolation_forest,2,alt_rate,0.005,15,6,2,cruise,2226,0,0,0,False
isolation_forest,2,alt_rate,0.005,15,6,2,descent,3163,73,1,16,False
isolation_forest,2,alt_rate,0.005,15,7,2,overall,5892,49,1,12,False
isolation_forest,2,alt_rate,0.005,15,7,2,climb,3460,9,1,2,False
isolation_forest,2,alt_rate,0.005,15,7,2,cruise,1497,0,0,0,False
isolation_forest,2,alt_rate,0.005,15,7,2,descent,935,40,1,10,False
isolation_forest,2,alt_rate,0.005,15,8,2,overall,4015,0,0,0,False
isolation_forest,2,alt_rate,0.005,15,8,2,climb,913,0,0,0,False
isolation_forest,2,alt_rate,0.005,15,8,2,cruise,973,0,0,0,False
isolation_forest,2,alt_rate,0.005,15,8,2,descent,2129,0,0,0,False
isolation_forest,2,alt_rate,0.005,15,9,2,overall,8714,103,1,28,False
isolation_forest,2,alt_rate,0.005,15,9,2,climb,2654,0,0,0,False
isolation_forest,2,alt_rate,0.005,15,9,2,cruise,4350,12,1,7,False
isolation_forest,2,alt_rate,0.005,15,9,2,descent,1710,91,1,22,False
isolation_forest,2,alt_rate,0.005,15,10,2,overall,5218,0,0,0,False
isolation_forest,2,alt_rate,0.005,15,10,2,climb,2880,0,0,0,False
isolation_forest,2,alt_rate,0.005,15,10,2,cruise,758,0,0,0,False
isolation_forest,2,alt_rate,0.005,15,10,2,descent,1580,0,0,0,False
isolation_forest,2,alt_rate,0.005,15,11,2,overall,6001,33,1,3,False
isolation_forest,2,alt_rate,0.005,15,11,2,climb,2567,0,0,0,False
isolation_forest,2,alt_rate,0.005,15,11,2,cruise,1521,0,0,0,False
isolation_forest,2,alt_rate,0.005,15,11,2,descent,1913,33,1,3,False
isolation_forest,2,alt_rate,0.005,15,12,2,overall,8363,1,1,1,False
isolation_forest,2,alt_rate,0.005,15,12,2,climb,2146,0,0,0,False
isolation_forest,2,alt_rate,0.005,15,12,2,cruise,2656,0,0,0,False
isolation_forest,2,alt_rate,0.005,15,12,2,descent,3561,1,1,1,False
isolation_forest,2,alt_rate,0.005,15,13,2,overall,5761,0,0,0,False
isolation_forest,2,alt_rate,0.005,15,13,2,climb,1955,0,0,0,False
isolation_forest,2,alt_rate,0.005,15,13,2,cruise,2104,0,0,0,False
isolation_forest,2,alt_rate,0.005,15,13,2,descent,1702,0,0,0,False
isolation_forest,2,alt_rate,0.005,15,14,2,overall,6942,1,1,1,False
isolation_forest,2,alt_rate,0.005,15,14,2,climb,2466,1,1,1,False
isolation_forest,2,alt_rate,0.005,15,14,2,cruise,2580,0,0,0,False
isolation_forest,2,alt_rate,0.005,15,14,2,descent,1896,0,0,0,False
isolation_forest,2,alt_rate,0.005,15,15,2,overall,8154,26,1,6,False
isolation_forest,2,alt_rate,0.005,15,15,2,climb,2342,0,0,0,False
isolation_forest,2,alt_rate,0.005,15,15,2,cruise,2353,2,1,1,False
isolation_forest,2,alt_rate,0.005,15,15,2,descent,3459,24,1,5,False
isolation_forest,2,alt_rate,0.005,15,16,2,overall,5218,0,0,0,False
isolation_forest,2,alt_rate,0.005,15,16,2,climb,2880,0,0,0,False
isolation_forest,2,alt_rate,0.005,15,16,2,cruise,758,0,0,0,False
isolation_forest,2,alt_rate,0.005,15,16,2,descent,1580,0,0,0,False
isolation_forest,2,alt_rate,0.005,15,17,2,overall,5804,0,0,0,False
isolation_forest,2,alt_rate,0.005,15,17,2,climb,2122,0,0,0,False
isolation_forest,2,alt_rate,0.005,15,17,2,cruise,1784,0,0,0,False
isolation_forest,2,alt_rate,0.005,15,17,2,descent,1898,0,0,0,False
isolation_forest,2,alt_rate,0.005,15,18,2,overall,8154,25,1,11,False
isolation_forest,2,alt_rate,0.005,15,18,2,climb,2342,0,0,0,False
isolation_forest,2,alt_rate,0.005,15,18,2,cruise,2353,3,1,2,False
isolation_forest,2,alt_rate,0.005,15,18,2,descent,3459,22,1,9,False
isolation_forest,2,alt_rate,0.005,15,19,2,overall,6782,104,1,37,False
isolation_forest,2,alt_rate,0.005,15,19,2,climb,3211,0,0,0,False
isolation_forest,2,alt_rate,0.005,15,19,2,cruise,567,2,1,2,False
isolation_forest,2,alt_rate,0.005,15,19,2,descent,3004,102,1,35,False
isolation_forest,2,alt_rate,0.005,15,20,2,overall,6265,1,1,1,False
isolation_forest,2,alt_rate,0.005,15,20,2,climb,1427,0,0,0,False
isolation_forest,2,alt_rate,0.005,15,20,2,cruise,2185,0,0,0,False
isolation_forest,2,alt_rate,0.005,15,20,2,descent,2653,1,1,1,False
isolation_forest,2,alt_rate,0.005,15,21,2,overall,6381,0,0,0,False
isolation_forest,2,alt_rate,0.005,15,21,2,climb,1431,0,0,0,False
isolation_forest,2,alt_rate,0.005,15,21,2,cruise,1684,0,0,0,False
isolation_forest,2,alt_rate,0.005,15,21,2,descent,3266,0,0,0,False
isolation_forest,2,alt_rate,0.005,15,22,2,overall,5501,60,1,23,False
isolation_forest,2,alt_rate,0.005,15,22,2,climb,2711,3,1,3,False
isolation_forest,2,alt_rate,0.005,15,22,2,cruise,1270,0,0,0,False
isolation_forest,2,alt_rate,0.005,15,22,2,descent,1520,57,1,20,False
isolation_forest,2,alt_rate,0.005,15,23,2,overall,6887,1,1,1,False
isolation_forest,2,alt_rate,0.005,15,23,2,climb,2052,0,0,0,False
isolation_forest,2,alt_rate,0.005,15,23,2,cruise,2880,0,0,0,False
isolation_forest,2,alt_rate,0.005,15,23,2,descent,1955,1,1,1,False
isolation_forest,2,alt_rate,0.01,11,1,3,overall,11007,45,1,16,True
isolation_forest,2,alt_rate,0.01,11,1,3,climb,2930,1,1,1,True
isolation_forest,2,alt_rate,0.01,11,1,3,cruise,3885,12,1,5,True
isolation_forest,2,alt_rate,0.01,11,1,3,descent,4192,32,1,10,True
isolation_forest,2,alt_rate,0.01,11,2,3,overall,17636,98,1,23,True
isolation_forest,2,alt_rate,0.01,11,2,3,climb,3879,5,1,1,True
isolation_forest,2,alt_rate,0.01,11,2,3,cruise,9869,32,1,7,True
isolation_forest,2,alt_rate,0.01,11,2,3,descent,3888,61,1,15,True
isolation_forest,2,alt_rate,0.01,11,3,3,overall,9831,151,1,28,True
isolation_forest,2,alt_rate,0.01,11,3,3,climb,2327,2,1,1,True
isolation_forest,2,alt_rate,0.01,11,3,3,cruise,2755,16,1,5,True
isolation_forest,2,alt_rate,0.01,11,3,3,descent,4749,133,1,22,True
isolation_forest,2,alt_rate,0.01,11,4,3,overall,13140,67,1,13,True
isolation_forest,2,alt_rate,0.01,11,4,3,climb,3297,3,1,1,True
isolation_forest,2,alt_rate,0.01,11,4,3,cruise,6273,0,0,0,True
isolation_forest,2,alt_rate,0.01,11,4,3,descent,3570,64,1,12,True
isolation_forest,2,alt_rate,0.01,11,5,3,overall,13751,209,1,35,True
isolation_forest,2,alt_rate,0.01,11,5,3,climb,2298,3,1,1,True
isolation_forest,2,alt_rate,0.01,11,5,3,cruise,6278,28,1,5,True
isolation_forest,2,alt_rate,0.01,11,5,3,descent,5175,178,1,29,True
isolation_forest,2,alt_rate,0.01,11,6,3,overall,11689,155,1,40,True
isolation_forest,2,alt_rate,0.01,11,6,3,climb,1743,0,0,0,True
isolation_forest,2,alt_rate,0.01,11,6,3,cruise,6205,23,1,12,True
isolation_forest,2,alt_rate,0.01,11,6,3,descent,3741,132,1,28,True
isolation_forest,2,alt_rate,0.01,11,7,3,overall,11007,49,1,16,True
isolation_forest,2,alt_rate,0.01,11,7,3,climb,2930,1,1,1,True
isolation_forest,2,alt_rate,0.01,11,7,3,cruise,3885,13,1,4,True
isolation_forest,2,alt_rate,0.01,11,7,3,descent,4192,35,1,11,True
isolation_forest,2,alt_rate,0.01,11,8,3,overall,8826,95,1,25,True
isolation_forest,2,alt_rate,0.01,11,8,3,climb,4070,1,1,1,True
isolation_forest,2,alt_rate,0.01,11,8,3,cruise,3030,0,0,0,True
isolation_forest,2,alt_rate,0.01,11,8,3,descent,1726,94,1,24,True
isolation_forest,2,alt_rate,0.01,11,9,3,overall,8928,42,1,15,True
isolation_forest,2,alt_rate,0.01,11,9,3,climb,2568,3,1,2,True
isolation_forest,2,alt_rate,0.01,11,9,3,cruise,3414,0,0,0,True
isolation_forest,2,alt_rate,0.01,11,9,3,descent,2946,39,1,13,True
isolation_forest,2,alt_rate,0.01,11,10,3,overall,13940,78,1,10,True
isolation_forest,2,alt_rate,0.01,11,10,3,climb,4340,4,1,1,True
isolation_forest,2,alt_rate,0.01,11,10,3,cruise,5054,1,1,1,True
isolation_forest,2,alt_rate,0.01,11,10,3,descent,4546,73,1,8,True
isolation_forest,2,alt_rate,0.01,11,11,3,overall,13751,187,1,29,True
isolation_forest,2,alt_rate,0.01,11,11,3,climb,2298,4,1,1,True
isolation_forest,2,alt_rate,0.01,11,11,3,cruise,6278,34,1,7,True
isolation_forest,2,alt_rate,0.01,11,11,3,descent,5175,149,1,21,True
isolation_forest,2,alt_rate,0.01,11,12,3,overall,14346,65,1,15,True
isolation_forest,2,alt_rate,0.01,11,12,3,climb,3497,24,1,8,True
isolation_forest,2,alt_rate,0.01,11,12,3,cruise,6768,1,1,1,True
isolation_forest,2,alt_rate,0.01,11,12,3,descent,4081,40,1,6,True
isolation_forest,2,alt_rate,0.01,11,13,3,overall,10704,47,1,18,True
isolation_forest,2,alt_rate,0.01,11,13,3,climb,3236,7,1,1,True
isolation_forest,2,alt_rate,0.01,11,13,3,cruise,4152,15,1,7,True
isolation_forest,2,alt_rate,0.01,11,13,3,descent,3316,25,1,10,True
isolation_forest,2,alt_rate,0.01,11,14,3,overall,11573,136,1,21,True
isolation_forest,2,alt_rate,0.01,11,14,3,climb,3665,0,0,0,True
isolation_forest,2,alt_rate,0.01,11,14,3,cruise,3719,3,1,2,True
isolation_forest,2,alt_rate,0.01,11,14,3,descent,4189,133,1,19,True
isolation_forest,2,alt_rate,0.01,11,15,3,overall,7701,444,1,41,True
isolation_forest,2,alt_rate,0.01,11,15,3,climb,2453,3,1,2,True
isolation_forest,2,alt_rate,0.01,11,15,3,cruise,1248,0,0,0,True
isolation_forest,2,alt_rate,0.01,11,15,3,descent,4000,441,1,39,True
isolation_forest,2,alt_rate,0.01,11,16,3,overall,11457,66,1,26,True
isolation_forest,2,alt_rate,0.01,11,16,3,climb,3793,0,0,0,True
isolation_forest,2,alt_rate,0.01,11,16,3,cruise,4388,0,0,0,True
isolation_forest,2,alt_rate,0.01,11,16,3,descent,3276,66,1,26,True
isolation_forest,2,alt_rate,0.01,11,17,3,overall,11457,67,1,16,True
isolation_forest,2,alt_rate,0.01,11,17,3,climb,3793,0,0,0,True
isolation_forest,2,alt_rate,0.01,11,17,3,cruise,4388,0,0,0,True
isolation_forest,2,alt_rate,0.01,11,17,3,descent,3276,67,1,16,True
isolation_forest,2,alt_rate,0.01,11,18,3,overall,12562,39,1,15,True
isolation_forest,2,alt_rate,0.01,11,18,3,climb,5390,1,1,1,True
isolation_forest,2,alt_rate,0.01,11,18,3,cruise,2282,0,0,0,True
isolation_forest,2,alt_rate,0.01,11,18,3,descent,4890,38,1,14,True
isolation_forest,2,alt_rate,0.01,14,1,1,overall,2551,8,1,3,False
isolation_forest,2,alt_rate,0.01,14,1,1,climb,94,5,1,1,False
isolation_forest,2,alt_rate,0.01,14,1,1,cruise,2339,0,0,0,False
isolation_forest,2,alt_rate,0.01,14,1,1,descent,118,3,1,2,False
isolation_forest,2,alt_rate,0.01,14,2,1,overall,1528,30,1,15,False
isolation_forest,2,alt_rate,0.01,14,2,1,climb,495,1,1,1,False
isolation_forest,2,alt_rate,0.01,14,2,1,cruise,475,0,0,0,False
isolation_forest,2,alt_rate,0.01,14,2,1,descent,558,29,1,14,False
isolation_forest,2,alt_rate,0.01,14,3,1,overall,1887,26,1,5,False
isolation_forest,2,alt_rate,0.01,14,3,1,climb,262,0,0,0,False
isolation_forest,2,alt_rate,0.01,14,3,1,cruise,1323,17,1,4,False
isolation_forest,2,alt_rate,0.01,14,3,1,descent,302,9,1,1,False
isolation_forest,2,alt_rate,0.01,14,4,1,overall,1303,120,1,14,False
isolation_forest,2,alt_rate,0.01,14,4,1,climb,96,24,1,2,False
isolation_forest,2,alt_rate,0.01,14,4,1,cruise,1050,94,1,10,False
isolation_forest,2,alt_rate,0.01,14,4,1,descent,157,2,1,2,False
isolation_forest,2,alt_rate,0.01,14,5,1,overall,2641,6,1,1,False
isolation_forest,2,alt_rate,0.01,14,5,1,climb,1220,6,1,1,False
isolation_forest,2,alt_rate,0.01,14,5,1,cruise,41,0,0,0,False
isolation_forest,2,alt_rate,0.01,14,5,1,descent,1380,0,0,0,False
isolation_forest,2,alt_rate,0.01,14,6,1,overall,2918,16,1,4,False
isolation_forest,2,alt_rate,0.01,14,6,1,climb,265,6,1,1,False
isolation_forest,2,alt_rate,0.01,14,6,1,cruise,1361,0,0,0,False
isolation_forest,2,alt_rate,0.01,14,6,1,descent,1292,10,1,3,False
isolation_forest,2,alt_rate,0.01,14,7,1,overall,1303,124,1,16,False
isolation_forest,2,alt_rate,0.01,14,7,1,climb,96,26,1,2,False
isolation_forest,2,alt_rate,0.01,14,7,1,cruise,1050,96,1,12,False
isolation_forest,2,alt_rate,0.01,14,7,1,descent,157,2,1,2,False
isolation_forest,2,alt_rate,0.01,14,8,1,overall,2551,8,1,3,False
isolation_forest,2,alt_rate,0.01,14,8,1,climb,94,5,1,1,False
isolation_forest,2,alt_rate,0.01,14,8,1,cruise,2339,0,0,0,False
isolation_forest,2,alt_rate,0.01,14,8,1,descent,118,3,1,2,False
isolation_forest,2,alt_rate,0.01,14,9,1,overall,1706,33,1,3,False
isolation_forest,2,alt_rate,0.01,14,9,1,climb,33,0,0,0,False
isolation_forest,2,alt_rate,0.01,14,9,1,cruise,59,0,0,0,False
isolation_forest,2,alt_rate,0.01,14,9,1,descent,1614,33,1,3,False
isolation_forest,2,alt_rate,0.01,14,10,1,overall,1706,33,1,3,False
isolation_forest,2,alt_rate,0.01,14,10,1,climb,33,0,0,0,False
isolation_forest,2,alt_rate,0.01,14,10,1,cruise,59,0,0,0,False
isolation_forest,2,alt_rate,0.01,14,10,1,descent,1614,33,1,3,False
isolation_forest,2,alt_rate,0.01,14,11,1,overall,2346,25,1,4,False
isolation_forest,2,alt_rate,0.01,14,11,1,climb,539,1,1,1,False
isolation_forest,2,alt_rate,0.01,14,11,1,cruise,891,0,0,0,False
isolation_forest,2,alt_rate,0.01,14,11,1,descent,916,24,1,3,False
isolation_forest,2,alt_rate,0.01,14,12,1,overall,2641,7,1,1,False
isolation_forest,2,alt_rate,0.01,14,12,1,climb,1220,7,1,1,False
isolation_forest,2,alt_rate,0.01,14,12,1,cruise,41,0,0,0,False
isolation_forest,2,alt_rate,0.01,14,12,1,descent,1380,0,0,0,False
isolation_forest,2,alt_rate,0.01,14,13,1,overall,1303,135,1,18,False
isolation_forest,2,alt_rate,0.01,14,13,1,climb,96,25,1,2,False
isolation_forest,2,alt_rate,0.01,14,13,1,cruise,1050,107,1,14,False
isolation_forest,2,alt_rate,0.01,14,13,1,descent,157,3,1,2,False
isolation_forest,2,alt_rate,0.01,14,14,1,overall,2629,35,1,6,False
isolation_forest,2,alt_rate,0.01,14,14,1,climb,563,0,0,0,False
isolation_forest,2,alt_rate,0.01,14,14,1,cruise,1152,0,0,0,False
isolation_forest,2,alt_rate,0.01,14,14,1,descent,914,35,1,6,False
isolation_forest,2,alt_rate,0.01,14,15,1,overall,1930,2,1,1,False
isolation_forest,2,alt_rate,0.01,14,15,1,climb,545,0,0,0,False
isolation_forest,2,alt_rate,0.01,14,15,1,cruise,661,0,0,0,False
isolation_forest,2,alt_rate,0.01,14,15,1,descent,724,2,1,1,False
isolation_forest,2,alt_rate,0.01,14,16,1,overall,1528,38,1,20,False
isolation_forest,2,alt_rate,0.01,14,16,1,climb,495,2,1,1,False
isolation_forest,2,alt_rate,0.01,14,16,1,cruise,475,0,0,0,False
isolation_forest,2,alt_rate,0.01,14,16,1,descent,558,36,1,19,False
isolation_forest,2,alt_rate,0.01,14,17,1,overall,2641,8,1,1,False
isolation_forest,2,alt_rate,0.01,14,17,1,climb,1220,8,1,1,False
isolation_forest,2,alt_rate,0.01,14,17,1,cruise,41,0,0,0,False
isolation_forest,2,alt_rate,0.01,14,17,1,descent,1380,0,0,0,False
isolation_forest,2,alt_rate,0.01,14,18,1,overall,2629,9,1,8,False
isolation_forest,2,alt_rate,0.01,14,18,1,climb,563,0,0,0,False
isolation_forest,2,alt_rate,0.01,14,18,1,cruise,1152,0,0,0,False
isolation_forest,2,alt_rate,0.01,14,18,1,descent,914,9,1,8,False
isolation_forest,2,alt_rate,0.01,14,19,1,overall,1706,33,1,3,False
isolation_forest,2,alt_rate,0.01,14,19,1,climb,33,0,0,0,False
isolation_forest,2,alt_rate,0.01,14,19,1,cruise,59,0,0,0,False
isolation_forest,2,alt_rate,0.01,14,19,1,descent,1614,33,1,3,False
isolation_forest,2,alt_rate,0.01,14,20,1,overall,2629,36,1,7,False
isolation_forest,2,alt_rate,0.01,14,20,1,climb,563,0,0,0,False
isolation_forest,2,alt_rate,0.01,14,20,1,cruise,1152,0,0,0,False
isolation_forest,2,alt_rate,0.01,14,20,1,descent,914,36,1,7,False
isolation_forest,2,alt_rate,0.01,14,21,1,overall,1706,33,1,3,False
isolation_forest,2,alt_rate,0.01,14,21,1,climb,33,0,0,0,False
isolation_forest,2,alt_rate,0.01,14,21,1,cruise,59,0,0,0,False
isolation_forest,2,alt_rate,0.01,14,21,1,descent,1614,33,1,3,False
isolation_forest,2,alt_rate,0.01,14,22,1,overall,1887,34,1,11,False
isolation_forest,2,alt_rate,0.01,14,22,1,climb,262,0,0,0,False
isolation_forest,2,alt_rate,0.01,14,22,1,cruise,1323,25,1,10,False
isolation_forest,2,alt_rate,0.01,14,22,1,descent,302,9,1,1,False
isolation_forest,2,alt_rate,0.01,14,23,1,overall,2629,25,1,10,False
isolation_forest,2,alt_rate,0.01,14,23,1,climb,563,0,0,0,False
isolation_forest,2,alt_rate,0.01,14,23,1,cruise,1152,0,0,0,False
isolation_forest,2,alt_rate,0.01,14,23,1,descent,914,25,1,10,False
isolation_forest,2,alt_rate,0.01,14,24,1,overall,2641,9,1,2,False
isolation_forest,2,alt_rate,0.01,14,24,1,climb,1220,9,1,2,False
isolation_forest,2,alt_rate,0.01,14,24,1,cruise,41,0,0,0,False
isolation_forest,2,alt_rate,0.01,14,24,1,descent,1380,0,0,0,False
isolation_forest,2,alt_rate,0.01,14,25,1,overall,2551,13,1,4,False
isolation_forest,2,alt_rate,0.01,14,25,1,climb,94,8,1,1,False
isolation_forest,2,alt_rate,0.01,14,25,1,cruise,2339,0,0,0,False
isolation_forest,2,alt_rate,0.01,14,25,1,descent,118,5,1,3,False
isolation_forest,2,alt_rate,0.01,14,26,1,overall,2034,19,1,5,False
isolation_forest,2,alt_rate,0.01,14,26,1,climb,129,15,1,3,False
isolation_forest,2,alt_rate,0.01,14,26,1,cruise,1107,0,0,0,False
isolation_forest,2,alt_rate,0.01,14,26,1,descent,798,4,1,2,False
isolation_forest,2,alt_rate,0.01,14,27,1,overall,1887,30,1,11,False
isolation_forest,2,alt_rate,0.01,14,27,1,climb,262,0,0,0,False
isolation_forest,2,alt_rate,0.01,14,27,1,cruise,1323,22,1,10,False
isolation_forest,2,alt_rate,0.01,14,27,1,descent,302,8,1,1,False
isolation_forest,2,alt_rate,0.01,14,28,1,overall,2629,42,1,7,False
isolation_forest,2,alt_rate,0.01,14,28,1,climb,563,0,0,0,False
isolation_forest,2,alt_rate,0.01,14,28,1,cruise,1152,0,0,0,False
isolation_forest,2,alt_rate,0.01,14,28,1,descent,914,42,1,7,False
isolation_forest,2,alt_rate,0.01,14,29,1,overall,1887,42,1,13,False
isolation_forest,2,alt_rate,0.01,14,29,1,climb,262,3,1,3,False
isolation_forest,2,alt_rate,0.01,14,29,1,cruise,1323,28,1,9,False
isolation_forest,2,alt_rate,0.01,14,29,1,descent,302,11,1,1,False
isolation_forest,2,alt_rate,0.01,14,30,1,overall,1528,103,1,33,False
isolation_forest,2,alt_rate,0.01,14,30,1,climb,495,5,1,1,False
isolation_forest,2,alt_rate,0.01,14,30,1,cruise,475,0,0,0,False
isolation_forest,2,alt_rate,0.01,14,30,1,descent,558,98,1,32,False
isolation_forest,2,alt_rate,0.01,14,31,1,overall,2629,58,1,9,False
isolation_forest,2,alt_rate,0.01,14,31,1,climb,563,0,0,0,False
isolation_forest,2,alt_rate,0.01,14,31,1,cruise,1152,0,0,0,False
isolation_forest,2,alt_rate,0.01,14,31,1,descent,914,58,1,9,False
isolation_forest,2,alt_rate,0.01,14,32,1,overall,1006,8,1,4,False
isolation_forest,2,alt_rate,0.01,14,32,1,climb,330,4,1,3,False
isolation_forest,2,alt_rate,0.01,14,32,1,cruise,232,0,0,0,False
isolation_forest,2,alt_rate,0.01,14,32,1,descent,444,4,1,1,False
isolation_forest,2,alt_rate,0.01,14,33,1,overall,1528,133,1,46,False
isolation_forest,2,alt_rate,0.01,14,33,1,climb,495,6,1,1,False
isolation_forest,2,alt_rate,0.01,14,33,1,cruise,475,0,0,0,False
isolation_forest,2,alt_rate,0.01,14,33,1,descent,558,127,1,45,False
isolation_forest,2,alt_rate,0.01,14,34,1,overall,1944,60,1,8,False
isolation_forest,2,alt_rate,0.01,14,34,1,climb,164,2,1,2,False
isolation_forest,2,alt_rate,0.01,14,34,1,cruise,1524,5,1,3,False
isolation_forest,2,alt_rate,0.01,14,34,1,descent,256,53,1,3,False
isolation_forest,2,alt_rate,0.01,14,35,1,overall,1706,35,1,5,False
isolation_forest,2,alt_rate,0.01,14,35,1,climb,33,1,1,1,False
isolation_forest,2,alt_rate,0.01,14,35,1,cruise,59,0,0,0,False
isolation_forest,2,alt_rate,0.01,14,35,1,descent,1614,34,1,4,False
isolation_forest,2,alt_rate,0.01,15,1,2,overall,2669,70,1,14,False
isolation_forest,2,alt_rate,0.01,15,1,2,climb,705,0,0,0,False
isolation_forest,2,alt_rate,0.01,15,1,2,cruise,555,0,0,0,False
isolation_forest,2,alt_rate,0.01,15,1,2,descent,1409,70,1,14,False
isolation_forest,2,alt_rate,0.01,15,2,2,overall,7711,0,0,0,False
isolation_forest,2,alt_rate,0.01,15,2,2,climb,1947,0,0,0,False
isolation_forest,2,alt_rate,0.01,15,2,2,cruise,3098,0,0,0,False
isolation_forest,2,alt_rate,0.01,15,2,2,descent,2666,0,0,0,False
isolation_forest,2,alt_rate,0.01,15,3,2,overall,5503,108,1,34,False
isolation_forest,2,alt_rate,0.01,15,3,2,climb,3076,0,0,0,False
isolation_forest,2,alt_rate,0.01,15,3,2,cruise,995,0,0,0,False
isolation_forest,2,alt_rate,0.01,15,3,2,descent,1432,108,1,34,False
isolation_forest,2,alt_rate,0.01,15,4,2,overall,6372,65,1,12,False
isolation_forest,2,alt_rate,0.01,15,4,2,climb,2890,26,1,1,False
isolation_forest,2,alt_rate,0.01,15,4,2,cruise,2106,0,0,0,False
isolation_forest,2,alt_rate,0.01,15,4,2,descent,1376,39,1,11,False
isolation_forest,2,alt_rate,0.01,15,5,2,overall,6075,5,1,4,False
isolation_forest,2,alt_rate,0.01,15,5,2,climb,1898,3,1,2,False
isolation_forest,2,alt_rate,0.01,15,5,2,cruise,2050,0,0,0,False
isolation_forest,2,alt_rate,0.01,15,5,2,descent,2127,2,1,2,False
isolation_forest,2,alt_rate,0.01,15,6,2,overall,9157,92,1,10,False
isolation_forest,2,alt_rate,0.01,15,6,2,climb,3768,1,1,1,False
isolation_forest,2,alt_rate,0.01,15,6,2,cruise,2226,0,0,0,False
isolation_forest,2,alt_rate,0.01,15,6,2,descent,3163,91,1,9,False
isolation_forest,2,alt_rate,0.01,15,7,2,overall,5892,140,1,18,False
isolation_forest,2,alt_rate,0.01,15,7,2,climb,3460,14,1,4,False
isolation_forest,2,alt_rate,0.01,15,7,2,cruise,1497,0,0,0,False
isolation_forest,2,alt_rate,0.01,15,7,2,descent,935,126,1,14,False
isolation_forest,2,alt_rate,0.01,15,8,2,overall,4015,6,1,4,False
isolation_forest,2,alt_rate,0.01,15,8,2,climb,913,3,1,1,False
isolation_forest,2,alt_rate,0.01,15,8,2,cruise,973,0,0,0,False
isolation_forest,2,alt_rate,0.01,15,8,2,descent,2129,3,1,3,False
isolation_forest,2,alt_rate,0.01,15,9,2,overall,8714,126,1,24,False
isolation_forest,2,alt_rate,0.01,15,9,2,climb,2654,4,1,1,False
isolation_forest,2,alt_rate,0.01,15,9,2,cruise,4350,18,1,10,False
isolation_forest,2,alt_rate,0.01,15,9,2,descent,1710,104,1,14,False
isolation_forest,2,alt_rate,0.01,15,10,2,overall,5218,8,1,5,False
isolation_forest,2,alt_rate,0.01,15,10,2,climb,2880,3,1,1,False
isolation_forest,2,alt_rate,0.01,15,10,2,cruise,758,0,0,0,False
isolation_forest,2,alt_rate,0.01,15,10,2,descent,1580,5,1,4,False
isolation_forest,2,alt_rate,0.01,15,11,2,overall,6001,45,1,9,False
isolation_forest,2,alt_rate,0.01,15,11,2,climb,2567,4,1,1,False
isolation_forest,2,alt_rate,0.01,15,11,2,cruise,1521,0,0,0,False
isolation_forest,2,alt_rate,0.01,15,11,2,descent,1913,41,1,8,False
isolation_forest,2,alt_rate,0.01,15,12,2,overall,8363,37,1,7,False
isolation_forest,2,alt_rate,0.01,15,12,2,climb,2146,0,0,0,False
isolation_forest,2,alt_rate,0.01,15,12,2,cruise,2656,0,0,0,False
isolation_forest,2,alt_rate,0.01,15,12,2,descent,3561,37,1,7,False
isolation_forest,2,alt_rate,0.01,15,13,2,overall,5761,2,1,2,False
isolation_forest,2,alt_rate,0.01,15,13,2,climb,1955,0,0,0,False
isolation_forest,2,alt_rate,0.01,15,13,2,cruise,2104,0,0,0,False
isolation_forest,2,alt_rate,0.01,15,13,2,descent,1702,2,1,2,False
isolation_forest,2,alt_rate,0.01,15,14,2,overall,6942,9,1,2,False
isolation_forest,2,alt_rate,0.01,15,14,2,climb,2466,8,1,1,False
isolation_forest,2,alt_rate,0.01,15,14,2,cruise,2580,0,0,0,False
isolation_forest,2,alt_rate,0.01,15,14,2,descent,1896,1,1,1,False
isolation_forest,2,alt_rate,0.01,15,15,2,overall,8154,187,1,29,False
isolation_forest,2,alt_rate,0.01,15,15,2,climb,2342,4,1,1,False
isolation_forest,2,alt_rate,0.01,15,15,2,cruise,2353,9,1,6,False
isolation_forest,2,alt_rate,0.01,15,15,2,descent,3459,174,1,22,False
isolation_forest,2,alt_rate,0.01,15,16,2,overall,5218,8,1,5,False
isolation_forest,2,alt_rate,0.01,15,16,2,climb,2880,3,1,1,False
isolation_forest,2,alt_rate,0.01,15,16,2,cruise,758,0,0,0,False
isolation_forest,2,alt_rate,0.01,15,16,2,descent,1580,5,1,4,False
isolation_forest,2,alt_rate,0.01,15,17,2,overall,5804,19,1,14,False
isolation_forest,2,alt_rate,0.01,15,17,2,climb,2122,1,1,1,False
isolation_forest,2,alt_rate,0.01,15,17,2,cruise,1784,0,0,0,False
isolation_forest,2,alt_rate,0.01,15,17,2,descent,1898,18,1,13,False
isolation_forest,2,alt_rate,0.01,15,18,2,overall,8154,144,1,34,False
isolation_forest,2,alt_rate,0.01,15,18,2,climb,2342,4,1,1,False
isolation_forest,2,alt_rate,0.01,15,18,2,cruise,2353,9,1,6,False
isolation_forest,2,alt_rate,0.01,15,18,2,descent,3459,131,1,27,False
isolation_forest,2,alt_rate,0.01,15,19,2,overall,6782,176,1,42,False
isolation_forest,2,alt_rate,0.01,15,19,2,climb,3211,0,0,0,False
isolation_forest,2,alt_rate,0.01,15,19,2,cruise,567,12,1,9,False
isolation_forest,2,alt_rate,0.01,15,19,2,descent,3004,164,1,33,False
isolation_forest,2,alt_rate,0.01,15,20,2,overall,6265,7,1,2,False
isolation_forest,2,alt_rate,0.01,15,20,2,climb,1427,0,0,0,False
isolation_forest,2,alt_rate,0.01,15,20,2,cruise,2185,0,0,0,False
isolation_forest,2,alt_rate,0.01,15,20,2,descent,2653,7,1,2,False
isolation_forest,2,alt_rate,0.01,15,21,2,overall,6381,21,1,7,False
isolation_forest,2,alt_rate,0.01,15,21,2,climb,1431,0,0,0,False
isolation_forest,2,alt_rate,0.01,15,21,2,cruise,1684,0,0,0,False
isolation_forest,2,alt_rate,0.01,15,21,2,descent,3266,21,1,7,False
isolation_forest,2,alt_rate,0.01,15,22,2,overall,5501,79,1,21,False
isolation_forest,2,alt_rate,0.01,15,22,2,climb,2711,11,1,5,False
isolation_forest,2,alt_rate,0.01,15,22,2,cruise,1270,0,0,0,False
isolation_forest,2,alt_rate,0.01,15,22,2,descent,1520,68,1,16,False
isolation_forest,2,alt_rate,0.01,15,23,2,overall,6887,111,1,23,False
isolation_forest,2,alt_rate,0.01,15,23,2,climb,2052,3,1,3,False
isolation_forest,2,alt_rate,0.01,15,23,2,cruise,2880,0,0,0,False
isolation_forest,2,alt_rate,0.01,15,23,2,descent,1955,108,1,20,False
isolation_forest,2,alt_rate,0.02,11,1,3,overall,11007,99,1,31,True
isolation_forest,2,alt_rate,0.02,11,1,3,climb,2930,5,1,2,True
isolation_forest,2,alt_rate,0.02,11,1,3,cruise,3885,20,1,9,True
isolation_forest,2,alt_rate,0.02,11,1,3,descent,4192,74,1,20,True
isolation_forest,2,alt_rate,0.02,11,2,3,overall,17636,138,1,30,True
isolation_forest,2,alt_rate,0.02,11,2,3,climb,3879,9,1,1,True
isolation_forest,2,alt_rate,0.02,11,2,3,cruise,9869,39,1,4,True
isolation_forest,2,alt_rate,0.02,11,2,3,descent,3888,90,1,25,True
isolation_forest,2,alt_rate,0.02,11,3,3,overall,9831,529,1,47,True
isolation_forest,2,alt_rate,0.02,11,3,3,climb,2327,15,1,1,True
isolation_forest,2,alt_rate,0.02,11,3,3,cruise,2755,24,1,4,True
isolation_forest,2,alt_rate,0.02,11,3,3,descent,4749,490,1,42,True
isolation_forest,2,alt_rate,0.02,11,4,3,overall,13140,106,1,24,True
isolation_forest,2,alt_rate,0.02,11,4,3,climb,3297,6,1,2,True
isolation_forest,2,alt_rate,0.02,11,4,3,cruise,6273,0,0,0,True
isolation_forest,2,alt_rate,0.02,11,4,3,descent,3570,100,1,22,True
isolation_forest,2,alt_rate,0.02,11,5,3,overall,13751,259,1,25,True
isolation_forest,2,alt_rate,0.02,11,5,3,climb,2298,6,1,1,True
isolation_forest,2,alt_rate,0.02,11,5,3,cruise,6278,31,1,5,True
isolation_forest,2,alt_rate,0.02,11,5,3,descent,5175,222,1,19,True
isolation_forest,2,alt_rate,0.02,11,6,3,overall,11689,225,1,61,True
isolation_forest,2,alt_rate,0.02,11,6,3,climb,1743,0,0,0,True
isolation_forest,2,alt_rate,0.02,11,6,3,cruise,6205,50,1,24,True
isolation_forest,2,alt_rate,0.02,11,6,3,descent,3741,175,1,37,True
isolation_forest,2,alt_rate,0.02,11,7,3,overall,11007,151,1,29,True
isolation_forest,2,alt_rate,0.02,11,7,3,climb,2930,7,1,1,True
isolation_forest,2,alt_rate,0.02,11,7,3,cruise,3885,25,1,6,True
isolation_forest,2,alt_rate,0.02,11,7,3,descent,4192,119,1,22,True
isolation_forest,2,alt_rate,0.02,11,8,3,overall,8826,234,1,53,True
isolation_forest,2,alt_rate,0.02,11,8,3,climb,4070,3,1,1,True
isolation_forest,2,alt_rate,0.02,11,8,3,cruise,3030,0,0,0,True
isolation_forest,2,alt_rate,0.02,11,8,3,descent,1726,231,1,52,True
isolation_forest,2,alt_rate,0.02,11,9,3,overall,8928,130,1,41,True
isolation_forest,2,alt_rate,0.02,11,9,3,climb,2568,7,1,5,True
isolation_forest,2,alt_rate,0.02,11,9,3,cruise,3414,0,0,0,True
isolation_forest,2,alt_rate,0.02,11,9,3,descent,2946,123,1,36,True
isolation_forest,2,alt_rate,0.02,11,10,3,overall,13940,189,1,18,True
isolation_forest,2,alt_rate,0.02,11,10,3,climb,4340,8,1,1,True
isolation_forest,2,alt_rate,0.02,11,10,3,cruise,5054,1,1,1,True
isolation_forest,2,alt_rate,0.02,11,10,3,descent,4546,180,1,16,True
isolation_forest,2,alt_rate,0.02,11,11,3,overall,13751,240,1,30,True
isolation_forest,2,alt_rate,0.02,11,11,3,climb,2298,6,1,1,True
isolation_forest,2,alt_rate,0.02,11,11,3,cruise,6278,37,1,4,True
isolation_forest,2,alt_rate,0.02,11,11,3,descent,5175,197,1,25,True
isolation_forest,2,alt_rate,0.02,11,12,3,overall,14346,91,1,29,True
isolation_forest,2,alt_rate,0.02,11,12,3,climb,3497,32,1,10,True
isolation_forest,2,alt_rate,0.02,11,12,3,cruise,6768,1,1,1,True
isolation_forest,2,alt_rate,0.02,11,12,3,descent,4081,58,1,18,True
isolation_forest,2,alt_rate,0.02,11,13,3,overall,10704,82,1,22,True
isolation_forest,2,alt_rate,0.02,11,13,3,climb,3236,10,1,1,True
isolation_forest,2,alt_rate,0.02,11,13,3,cruise,4152,27,1,9,True
isolation_forest,2,alt_rate,0.02,11,13,3,descent,3316,45,1,12,True
isolation_forest,2,alt_rate,0.02,11,14,3,overall,11573,190,1,29,True
isolation_forest,2,alt_rate,0.02,11,14,3,climb,3665,3,1,1,True
isolation_forest,2,alt_rate,0.02,11,14,3,cruise,3719,5,1,2,True
isolation_forest,2,alt_rate,0.02,11,14,3,descent,4189,182,1,26,True
isolation_forest,2,alt_rate,0.02,11,15,3,overall,7701,567,1,48,True
isolation_forest,2,alt_rate,0.02,11,15,3,climb,2453,4,1,2,True
isolation_forest,2,alt_rate,0.02,11,15,3,cruise,1248,0,0,0,True
isolation_forest,2,alt_rate,0.02,11,15,3,descent,4000,563,1,46,True
isolation_forest,2,alt_rate,0.02,11,16,3,overall,11457,313,1,46,True
isolation_forest,2,alt_rate,0.02,11,16,3,climb,3793,3,1,2,True
isolation_forest,2,alt_rate,0.02,11,16,3,cruise,4388,0,0,0,True
isolation_forest,2,alt_rate,0.02,11,16,3,descent,3276,310,1,44,True
isolation_forest,2,alt_rate,0.02,11,17,3,overall,11457,254,1,41,True
isolation_forest,2,alt_rate,0.02,11,17,3,climb,3793,1,1,1,True
isolation_forest,2,alt_rate,0.02,11,17,3,cruise,4388,0,0,0,True
isolation_forest,2,alt_rate,0.02,11,17,3,descent,3276,253,1,40,True
isolation_forest,2,alt_rate,0.02,11,18,3,overall,12562,136,1,36,True
isolation_forest,2,alt_rate,0.02,11,18,3,climb,5390,3,1,2,True
isolation_forest,2,alt_rate,0.02,11,18,3,cruise,2282,0,0,0,True
isolation_forest,2,alt_rate,0.02,11,18,3,descent,4890,133,1,34,True
isolation_forest,2,alt_rate,0.02,14,1,1,overall,2551,14,1,6,False
isolation_forest,2,alt_rate,0.02,14,1,1,climb,94,8,1,1,False
isolation_forest,2,alt_rate,0.02,14,1,1,cruise,2339,1,1,1,False
isolation_forest,2,alt_rate,0.02,14,1,1,descent,118,5,1,4,False
isolation_forest,2,alt_rate,0.02,14,2,1,overall,1528,186,1,28,False
isolation_forest,2,alt_rate,0.02,14,2,1,climb,495,6,1,1,False
isolation_forest,2,alt_rate,0.02,14,2,1,cruise,475,0,0,0,False
isolation_forest,2,alt_rate,0.02,14,2,1,descent,558,180,1,27,False
isolation_forest,2,alt_rate,0.02,14,3,1,overall,1887,75,1,21,False
isolation_forest,2,alt_rate,0.02,14,3,1,climb,262,4,1,3,False
isolation_forest,2,alt_rate,0.02,14,3,1,cruise,1323,30,1,9,False
isolation_forest,2,alt_rate,0.02,14,3,1,descent,302,41,1,9,False
isolation_forest,2,alt_rate,0.02,14,4,1,overall,1303,189,1,26,False
isolation_forest,2,alt_rate,0.02,14,4,1,climb,96,30,1,2,False
isolation_forest,2,alt_rate,0.02,14,4,1,cruise,1050,150,1,19,False
isolation_forest,2,alt_rate,0.02,14,4,1,descent,157,9,1,5,False
isolation_forest,2,alt_rate,0.02,14,5,1,overall,2641,56,1,7,False
isolation_forest,2,alt_rate,0.02,14,5,1,climb,1220,10,1,1,False
isolation_forest,2,alt_rate,0.02,14,5,1,cruise,41,0,0,0,False
isolation_forest,2,alt_rate,0.02,14,5,1,descent,1380,46,1,6,False
isolation_forest,2,alt_rate,0.02,14,6,1,overall,2918,38,1,8,False
isolation_forest,2,alt_rate,0.02,14,6,1,climb,265,14,1,2,False
isolation_forest,2,alt_rate,0.02,14,6,1,cruise,1361,2,1,1,False
isolation_forest,2,alt_rate,0.02,14,6,1,descent,1292,22,1,5,False
isolation_forest,2,alt_rate,0.02,14,7,1,overall,1303,193,1,27,False
isolation_forest,2,alt_rate,0.02,14,7,1,climb,96,29,1,2,False
isolation_forest,2,alt_rate,0.02,14,7,1,cruise,1050,154,1,21,False
isolation_forest,2,alt_rate,0.02,14,7,1,descent,157,10,1,4,False
isolation_forest,2,alt_rate,0.02,14,8,1,overall,2551,13,1,6,False
isolation_forest,2,alt_rate,0.02,14,8,1,climb,94,7,1,1,False
isolation_forest,2,alt_rate,0.02,14,8,1,cruise,2339,1,1,1,False
isolation_forest,2,alt_rate,0.02,14,8,1,descent,118,5,1,4,False
isolation_forest,2,alt_rate,0.02,14,9,1,overall,1706,61,1,9,False
isolation_forest,2,alt_rate,0.02,14,9,1,climb,33,0,0,0,False
isolation_forest,2,alt_rate,0.02,14,9,1,cruise,59,0,0,0,False
isolation_forest,2,alt_rate,0.02,14,9,1,descent,1614,61,1,9,False
isolation_forest,2,alt_rate,0.02,14,10,1,overall,1706,41,1,8,False
isolation_forest,2,alt_rate,0.02,14,10,1,climb,33,0,0,0,False
isolation_forest,2,alt_rate,0.02,14,10,1,cruise,59,0,0,0,False
isolation_forest,2,alt_rate,0.02,14,10,1,descent,1614,41,1,8,False
isolation_forest,2,alt_rate,0.02,14,11,1,overall,2346,70,1,5,False
isolation_forest,2,alt_rate,0.02,14,11,1,climb,539,6,1,1,False
isolation_forest,2,alt_rate,0.02,14,11,1,cruise,891,0,0,0,False
isolation_forest,2,alt_rate,0.02,14,11,1,descent,916,64,1,4,False
isolation_forest,2,alt_rate,0.02,14,12,1,overall,2641,59,1,15,False
isolation_forest,2,alt_rate,0.02,14,12,1,climb,1220,12,1,1,False
isolation_forest,2,alt_rate,0.02,14,12,1,cruise,41,0,0,0,False
isolation_forest,2,alt_rate,0.02,14,12,1,descent,1380,47,1,14,False
isolation_forest,2,alt_rate,0.02,14,13,1,overall,1303,213,1,32,False
isolation_forest,2,alt_rate,0.02,14,13,1,climb,96,30,1,2,False
isolation_forest,2,alt_rate,0.02,14,13,1,cruise,1050,166,1,22,False
isolation_forest,2,alt_rate,0.02,14,13,1,descent,157,17,1,8,False
isolation_forest,2,alt_rate,0.02,14,14,1,overall,2629,185,1,18,False
isolation_forest,2,alt_rate,0.02,14,14,1,climb,563,0,0,0,False
isolation_forest,2,alt_rate,0.02,14,14,1,cruise,1152,0,0,0,False
isolation_forest,2,alt_rate,0.02,14,14,1,descent,914,185,1,18,False
isolation_forest,2,alt_rate,0.02,14,15,1,overall,1930,8,1,5,False
isolation_forest,2,alt_rate,0.02,14,15,1,climb,545,1,1,1,False
isolation_forest,2,alt_rate,0.02,14,15,1,cruise,661,0,0,0,False
isolation_forest,2,alt_rate,0.02,14,15,1,descent,724,7,1,4,False
isolation_forest,2,alt_rate,0.02,14,16,1,overall,1528,226,1,23,False
isolation_forest,2,alt_rate,0.02,14,16,1,climb,495,6,1,1,False
isolation_forest,2,alt_rate,0.02,14,16,1,cruise,475,0,0,0,False
isolation_forest,2,alt_rate,0.02,14,16,1,descent,558,220,1,22,False
isolation_forest,2,alt_rate,0.02,14,17,1,overall,2641,68,1,19,False
isolation_forest,2,alt_rate,0.02,14,17,1,climb,1220,12,1,1,False
isolation_forest,2,alt_rate,0.02,14,17,1,cruise,41,0,0,0,False
isolation_forest,2,alt_rate,0.02,14,17,1,descent,1380,56,1,18,False
isolation_forest,2,alt_rate,0.02,14,18,1,overall,2629,157,1,16,False
isolation_forest,2,alt_rate,0.02,14,18,1,climb,563,0,0,0,False
isolation_forest,2,alt_rate,0.02,14,18,1,cruise,1152,0,0,0,False
isolation_forest,2,alt_rate,0.02,14,18,1,descent,914,157,1,16,False
isolation_forest,2,alt_rate,0.02,14,19,1,overall,1706,42,1,8,False
isolation_forest,2,alt_rate,0.02,14,19,1,climb,33,1,1,1,False
isolation_forest,2,alt_rate,0.02,14,19,1,cruise,59,0,0,0,False
isolation_forest,2,alt_rate,0.02,14,19,1,descent,1614,41,1,7,False
isolation_forest,2,alt_rate,0.02,14,20,1,overall,2629,196,1,16,False
isolation_forest,2,alt_rate,0.02,14,20,1,climb,563,0,0,0,False
isolation_forest,2,alt_rate,0.02,14,20,1,cruise,1152,0,0,0,False
isolation_forest,2,alt_rate,0.02,14,20,1,descent,914,196,1,16,False
isolation_forest,2,alt_rate,0.02,14,21,1,overall,1706,43,1,8,False
isolation_forest,2,alt_rate,0.02,14,21,1,climb,33,2,1,1,False
isolation_forest,2,alt_rate,0.02,14,21,1,cruise,59,0,0,0,False
isolation_forest,2,alt_rate,0.02,14,21,1,descent,1614,41,1,7,False
isolation_forest,2,alt_rate,0.02,14,22,1,overall,1887,125,1,25,False
isolation_forest,2,alt_rate,0.02,14,22,1,climb,262,29,1,9,False
isolation_forest,2,alt_rate,0.02,14,22,1,cruise,1323,38,1,9,False
isolation_forest,2,alt_rate,0.02,14,22,1,descent,302,58,1,7,False
isolation_forest,2,alt_rate,0.02,14,23,1,overall,2629,158,1,20,False
isolation_forest,2,alt_rate,0.02,14,23,1,climb,563,0,0,0,False
isolation_forest,2,alt_rate,0.02,14,23,1,cruise,1152,0,0,0,False
isolation_forest,2,alt_rate,0.02,14,23,1,descent,914,158,1,20,False
isolation_forest,2,alt_rate,0.02,14,24,1,overall,2641,134,1,30,False
isolation_forest,2,alt_rate,0.02,14,24,1,climb,1220,14,1,2,False
isolation_forest,2,alt_rate,0.02,14,24,1,cruise,41,0,0,0,False
isolation_forest,2,alt_rate,0.02,14,24,1,descent,1380,120,1,28,False
isolation_forest,2,alt_rate,0.02,14,25,1,overall,2551,25,1,8,False
isolation_forest,2,alt_rate,0.02,14,25,1,climb,94,13,1,1,False
isolation_forest,2,alt_rate,0.02,14,25,1,cruise,2339,2,1,2,False
isolation_forest,2,alt_rate,0.02,14,25,1,descent,118,10,1,5,False
isolation_forest,2,alt_rate,0.02,14,26,1,overall,2034,41,1,9,False
isolation_forest,2,alt_rate,0.02,14,26,1,climb,129,27,1,3,False
isolation_forest,2,alt_rate,0.02,14,26,1,cruise,1107,4,1,3,False
isolation_forest,2,alt_rate,0.02,14,26,1,descent,798,10,1,3,False
isolation_forest,2,alt_rate,0.02,14,27,1,overall,1887,130,1,25,False
isolation_forest,2,alt_rate,0.02,14,27,1,climb,262,27,1,10,False
isolation_forest,2,alt_rate,0.02,14,27,1,cruise,1323,38,1,11,False
isolation_forest,2,alt_rate,0.02,14,27,1,descent,302,65,1,4,False
isolation_forest,2,alt_rate,0.02,14,28,1,overall,2629,253,1,22,False
isolation_forest,2,alt_rate,0.02,14,28,1,climb,563,0,0,0,False
isolation_forest,2,alt_rate,0.02,14,28,1,cruise,1152,0,0,0,False
isolation_forest,2,alt_rate,0.02,14,28,1,descent,914,253,1,22,False
isolation_forest,2,alt_rate,0.02,14,29,1,overall,1887,182,1,20,False
isolation_forest,2,alt_rate,0.02,14,29,1,climb,262,62,1,6,False
isolation_forest,2,alt_rate,0.02,14,29,1,cruise,1323,44,1,9,False
isolation_forest,2,alt_rate,0.02,14,29,1,descent,302,76,1,5,False
isolation_forest,2,alt_rate,0.02,14,30,1,overall,1528,306,1,15,False
isolation_forest,2,alt_rate,0.02,14,30,1,climb,495,9,1,1,False
isolation_forest,2,alt_rate,0.02,14,30,1,cruise,475,0,0,0,False
isolation_forest,2,alt_rate,0.02,14,30,1,descent,558,297,1,14,False
isolation_forest,2,alt_rate,0.02,14,31,1,overall,2629,286,1,23,False
isolation_forest,2,alt_rate,0.02,14,31,1,climb,563,0,0,0,False
isolation_forest,2,alt_rate,0.02,14,31,1,cruise,1152,0,0,0,False
isolation_forest,2,alt_rate,0.02,14,31,1,descent,914,286,1,23,False
isolation_forest,2,alt_rate,0.02,14,32,1,overall,1006,174,1,55,False
isolation_forest,2,alt_rate,0.02,14,32,1,climb,330,22,1,14,False
isolation_forest,2,alt_rate,0.02,14,32,1,cruise,232,0,0,0,False
isolation_forest,2,alt_rate,0.02,14,32,1,descent,444,152,1,41,False
isolation_forest,2,alt_rate,0.02,14,33,1,overall,1528,327,1,21,False
isolation_forest,2,alt_rate,0.02,14,33,1,climb,495,11,1,1,False
isolation_forest,2,alt_rate,0.02,14,33,1,cruise,475,0,0,0,False
isolation_forest,2,alt_rate,0.02,14,33,1,descent,558,316,1,20,False
isolation_forest,2,alt_rate,0.02,14,34,1,overall,1944,164,1,20,False
isolation_forest,2,alt_rate,0.02,14,34,1,climb,164,12,1,4,False
isolation_forest,2,alt_rate,0.02,14,34,1,cruise,1524,11,1,4,False
isolation_forest,2,alt_rate,0.02,14,34,1,descent,256,141,1,12,False
isolation_forest,2,alt_rate,0.02,14,35,1,overall,1706,46,1,9,False
isolation_forest,2,alt_rate,0.02,14,35,1,climb,33,4,1,1,False
isolation_forest,2,alt_rate,0.02,14,35,1,cruise,59,0,0,0,False
isolation_forest,2,alt_rate,0.02,14,35,1,descent,1614,42,1,8,False
isolation_forest,2,alt_rate,0.02,15,1,2,overall,2669,219,1,10,False
isolation_forest,2,alt_rate,0.02,15,1,2,climb,705,0,0,0,False
isolation_forest,2,alt_rate,0.02,15,1,2,cruise,555,0,0,0,False
isolation_forest,2,alt_rate,0.02,15,1,2,descent,1409,219,1,10,False
isolation_forest,2,alt_rate,0.02,15,2,2,overall,7711,24,1,12,False
isolation_forest,2,alt_rate,0.02,15,2,2,climb,1947,10,1,1,False
isolation_forest,2,alt_rate,0.02,15,2,2,cruise,3098,0,0,0,False
isolation_forest,2,alt_rate,0.02,15,2,2,descent,2666,14,1,11,False
isolation_forest,2,alt_rate,0.02,15,3,2,overall,5503,342,1,89,False
isolation_forest,2,alt_rate,0.02,15,3,2,climb,3076,5,1,1,False
isolation_forest,2,alt_rate,0.02,15,3,2,cruise,995,0,0,0,False
isolation_forest,2,alt_rate,0.02,15,3,2,descent,1432,337,1,88,False
isolation_forest,2,alt_rate,0.02,15,4,2,overall,6372,161,1,18,False
isolation_forest,2,alt_rate,0.02,15,4,2,climb,2890,27,1,2,False
isolation_forest,2,alt_rate,0.02,15,4,2,cruise,2106,0,0,0,False
isolation_forest,2,alt_rate,0.02,15,4,2,descent,1376,134,1,16,False
isolation_forest,2,alt_rate,0.02,15,5,2,overall,6075,35,1,11,False
isolation_forest,2,alt_rate,0.02,15,5,2,climb,1898,7,1,1,False
isolation_forest,2,alt_rate,0.02,15,5,2,cruise,2050,0,0,0,False
isolation_forest,2,alt_rate,0.02,15,5,2,descent,2127,28,1,10,False
isolation_forest,2,alt_rate,0.02,15,6,2,overall,9157,117,1,6,False
isolation_forest,2,alt_rate,0.02,15,6,2,climb,3768,4,1,1,False
isolation_forest,2,alt_rate,0.02,15,6,2,cruise,2226,0,0,0,False
isolation_forest,2,alt_rate,0.02,15,6,2,descent,3163,113,1,5,False
isolation_forest,2,alt_rate,0.02,15,7,2,overall,5892,354,1,33,False
isolation_forest,2,alt_rate,0.02,15,7,2,climb,3460,26,1,6,False
isolation_forest,2,alt_rate,0.02,15,7,2,cruise,1497,0,0,0,False
isolation_forest,2,alt_rate,0.02,15,7,2,descent,935,328,1,27,False
isolation_forest,2,alt_rate,0.02,15,8,2,overall,4015,25,1,13,False
isolation_forest,2,alt_rate,0.02,15,8,2,climb,913,5,1,1,False
isolation_forest,2,alt_rate,0.02,15,8,2,cruise,973,0,0,0,False
isolation_forest,2,alt_rate,0.02,15,8,2,descent,2129,20,1,12,False
isolation_forest,2,alt_rate,0.02,15,9,2,overall,8714,175,1,51,False
isolation_forest,2,alt_rate,0.02,15,9,2,climb,2654,8,1,1,False
isolation_forest,2,alt_rate,0.02,15,9,2,cruise,4350,36,1,20,False
isolation_forest,2,alt_rate,0.02,15,9,2,descent,1710,131,1,31,False
isolation_forest,2,alt_rate,0.02,15,10,2,overall,5218,134,1,35,False
isolation_forest,2,alt_rate,0.02,15,10,2,climb,2880,4,1,1,False
isolation_forest,2,alt_rate,0.02,15,10,2,cruise,758,0,0,0,False
isolation_forest,2,alt_rate,0.02,15,10,2,descent,1580,130,1,34,False
isolation_forest,2,alt_rate,0.02,15,11,2,overall,6001,84,1,18,False
isolation_forest,2,alt_rate,0.02,15,11,2,climb,2567,9,1,1,False
isolation_forest,2,alt_rate,0.02,15,11,2,cruise,1521,0,0,0,False
isolation_forest,2,alt_rate,0.02,15,11,2,descent,1913,75,1,17,False
isolation_forest,2,alt_rate,0.02,15,12,2,overall,8363,165,1,22,False
isolation_forest,2,alt_rate,0.02,15,12,2,climb,2146,3,1,1,False
isolation_forest,2,alt_rate,0.02,15,12,2,cruise,2656,0,0,0,False
isolation_forest,2,alt_rate,0.02,15,12,2,descent,3561,162,1,21,False
isolation_forest,2,alt_rate,0.02,15,13,2,overall,5761,45,1,21,False
isolation_forest,2,alt_rate,0.02,15,13,2,climb,1955,1,1,1,False
isolation_forest,2,alt_rate,0.02,15,13,2,cruise,2104,0,0,0,False
isolation_forest,2,alt_rate,0.02,15,13,2,descent,1702,44,1,20,False
isolation_forest,2,alt_rate,0.02,15,14,2,overall,6942,19,1,4,False
isolation_forest,2,alt_rate,0.02,15,14,2,climb,2466,10,1,1,False
isolation_forest,2,alt_rate,0.02,15,14,2,cruise,2580,0,0,0,False
isolation_forest,2,alt_rate,0.02,15,14,2,descent,1896,9,1,3,False
isolation_forest,2,alt_rate,0.02,15,15,2,overall,8154,484,1,42,False
isolation_forest,2,alt_rate,0.02,15,15,2,climb,2342,12,1,1,False
isolation_forest,2,alt_rate,0.02,15,15,2,cruise,2353,15,1,7,False
isolation_forest,2,alt_rate,0.02,15,15,2,descent,3459,457,1,34,False
isolation_forest,2,alt_rate,0.02,15,16,2,overall,5218,152,1,35,False
isolation_forest,2,alt_rate,0.02,15,16,2,climb,2880,5,1,1,False
isolation_forest,2,alt_rate,0.02,15,16,2,cruise,758,0,0,0,False
isolation_forest,2,alt_rate,0.02,15,16,2,descent,1580,147,1,34,False
isolation_forest,2,alt_rate,0.02,15,17,2,overall,5804,254,1,36,False
isolation_forest,2,alt_rate,0.02,15,17,2,climb,2122,2,1,1,False
isolation_forest,2,alt_rate,0.02,15,17,2,cruise,1784,0,0,0,False
isolation_forest,2,alt_rate,0.02,15,17,2,descent,1898,252,1,35,False
isolation_forest,2,alt_rate,0.02,15,18,2,overall,8154,472,1,52,False
isolation_forest,2,alt_rate,0.02,15,18,2,climb,2342,11,1,1,False
isolation_forest,2,alt_rate,0.02,15,18,2,cruise,2353,16,1,8,False
isolation_forest,2,alt_rate,0.02,15,18,2,descent,3459,445,1,43,False
isolation_forest,2,alt_rate,0.02,15,19,2,overall,6782,368,1,77,False
isolation_forest,2,alt_rate,0.02,15,19,2,climb,3211,4,1,2,False
isolation_forest,2,alt_rate,0.02,15,19,2,cruise,567,32,1,9,False
isolation_forest,2,alt_rate,0.02,15,19,2,descent,3004,332,1,66,False
isolation_forest,2,alt_rate,0.02,15,20,2,overall,6265,67,1,12,False
isolation_forest,2,alt_rate,0.02,15,20,2,climb,1427,0,0,0,False
isolation_forest,2,alt_rate,0.02,15,20,2,cruise,2185,1,1,1,False
isolation_forest,2,alt_rate,0.02,15,20,2,descent,2653,66,1,11,False
isolation_forest,2,alt_rate,0.02,15,21,2,overall,6381,85,1,7,False
isolation_forest,2,alt_rate,0.02,15,21,2,climb,1431,0,0,0,False
isolation_forest,2,alt_rate,0.02,15,21,2,cruise,1684,0,0,0,False
isolation_forest,2,alt_rate,0.02,15,21,2,descent,3266,85,1,7,False
isolation_forest,2,alt_rate,0.02,15,22,2,overall,5501,100,1,22,False
isolation_forest,2,alt_rate,0.02,15,22,2,climb,2711,24,1,8,False
isolation_forest,2,alt_rate,0.02,15,22,2,cruise,1270,0,0,0,False
isolation_forest,2,alt_rate,0.02,15,22,2,descent,1520,76,1,14,False
isolation_forest,2,alt_rate,0.02,15,23,2,overall,6887,318,1,15,False
isolation_forest,2,alt_rate,0.02,15,23,2,climb,2052,9,1,1,False
isolation_forest,2,alt_rate,0.02,15,23,2,cruise,2880,0,0,0,False
isolation_forest,2,alt_rate,0.02,15,23,2,descent,1955,309,1,14,False
lstm_autoencoder,0,primary,0.005,11,1,3,overall,11007,30,1,13,True
lstm_autoencoder,0,primary,0.005,11,1,3,climb,2506,7,1,1,True
lstm_autoencoder,0,primary,0.005,11,1,3,cruise,4386,6,1,3,True
lstm_autoencoder,0,primary,0.005,11,1,3,descent,4115,17,1,9,True
lstm_autoencoder,0,primary,0.005,11,2,3,overall,17636,73,1,32,True
lstm_autoencoder,0,primary,0.005,11,2,3,climb,3612,9,1,1,True
lstm_autoencoder,0,primary,0.005,11,2,3,cruise,10521,29,1,12,True
lstm_autoencoder,0,primary,0.005,11,2,3,descent,3503,35,1,19,True
lstm_autoencoder,0,primary,0.005,11,3,3,overall,9831,51,1,15,True
lstm_autoencoder,0,primary,0.005,11,3,3,climb,2031,14,1,1,True
lstm_autoencoder,0,primary,0.005,11,3,3,cruise,3448,9,1,4,True
lstm_autoencoder,0,primary,0.005,11,3,3,descent,4352,28,1,10,True
lstm_autoencoder,0,primary,0.005,11,4,3,overall,13140,45,1,16,True
lstm_autoencoder,0,primary,0.005,11,4,3,climb,2902,8,1,2,True
lstm_autoencoder,0,primary,0.005,11,4,3,cruise,7069,0,0,0,True
lstm_autoencoder,0,primary,0.005,11,4,3,descent,3169,37,1,14,True
lstm_autoencoder,0,primary,0.005,11,5,3,overall,13751,132,1,58,True
lstm_autoencoder,0,primary,0.005,11,5,3,climb,2138,6,1,1,True
lstm_autoencoder,0,primary,0.005,11,5,3,cruise,6376,19,1,9,True
lstm_autoencoder,0,primary,0.005,11,5,3,descent,5237,107,1,48,True
lstm_autoencoder,0,primary,0.005,11,6,3,overall,11689,74,1,37,True
lstm_autoencoder,0,primary,0.005,11,6,3,climb,2583,1,1,1,True
lstm_autoencoder,0,primary,0.005,11,6,3,cruise,5477,17,1,9,True
lstm_autoencoder,0,primary,0.005,11,6,3,descent,3629,56,1,27,True
lstm_autoencoder,0,primary,0.005,11,7,3,overall,11007,33,1,13,True
lstm_autoencoder,0,primary,0.005,11,7,3,climb,2506,7,1,1,True
lstm_autoencoder,0,primary,0.005,11,7,3,cruise,4386,7,1,4,True
lstm_autoencoder,0,primary,0.005,11,7,3,descent,4115,19,1,8,True
lstm_autoencoder,0,primary,0.005,11,8,3,overall,8826,6,1,3,True
lstm_autoencoder,0,primary,0.005,11,8,3,climb,4368,0,0,0,True
lstm_autoencoder,0,primary,0.005,11,8,3,cruise,2947,5,1,2,True
lstm_autoencoder,0,primary,0.005,11,8,3,descent,1511,1,1,1,True
lstm_autoencoder,0,primary,0.005,11,9,3,overall,8928,20,1,7,True
lstm_autoencoder,0,primary,0.005,11,9,3,climb,2151,3,1,2,True
lstm_autoencoder,0,primary,0.005,11,9,3,cruise,4055,1,1,1,True
lstm_autoencoder,0,primary,0.005,11,9,3,descent,2722,16,1,4,True
lstm_autoencoder,0,primary,0.005,11,10,3,overall,13940,49,1,5,True
lstm_autoencoder,0,primary,0.005,11,10,3,climb,3800,9,1,1,True
lstm_autoencoder,0,primary,0.005,11,10,3,cruise,6079,0,0,0,True
lstm_autoencoder,0,primary,0.005,11,10,3,descent,4061,40,1,4,True
lstm_autoencoder,0,primary,0.005,11,11,3,overall,13751,124,1,44,True
lstm_autoencoder,0,primary,0.005,11,11,3,climb,2138,6,1,1,True
lstm_autoencoder,0,primary,0.005,11,11,3,cruise,6376,23,1,9,True
lstm_autoencoder,0,primary,0.005,11,11,3,descent,5237,95,1,34,True
lstm_autoencoder,0,primary,0.005,11,12,3,overall,14346,42,1,13,True
lstm_autoencoder,0,primary,0.005,11,12,3,climb,3405,4,1,1,True
lstm_autoencoder,0,primary,0.005,11,12,3,cruise,2752,5,1,4,True
lstm_autoencoder,0,primary,0.005,11,12,3,descent,8189,33,1,8,True
lstm_autoencoder,0,primary,0.005,11,13,3,overall,10704,29,1,8,True
lstm_autoencoder,0,primary,0.005,11,13,3,climb,2712,10,1,1,True
lstm_autoencoder,0,primary,0.005,11,13,3,cruise,4440,6,1,3,True
lstm_autoencoder,0,primary,0.005,11,13,3,descent,3552,13,1,4,True
lstm_autoencoder,0,primary,0.005,11,14,3,overall,11573,95,1,43,True
lstm_autoencoder,0,primary,0.005,11,14,3,climb,3378,4,1,1,True
lstm_autoencoder,0,primary,0.005,11,14,3,cruise,2869,1,1,1,True
lstm_autoencoder,0,primary,0.005,11,14,3,descent,5326,90,1,41,True
lstm_autoencoder,0,primary,0.005,11,15,3,overall,7701,261,1,29,True
lstm_autoencoder,0,primary,0.005,11,15,3,climb,2139,4,1,2,True
lstm_autoencoder,0,primary,0.005,11,15,3,cruise,1849,0,0,0,True
lstm_autoencoder,0,primary,0.005,11,15,3,descent,3713,257,1,27,True
lstm_autoencoder,0,primary,0.005,11,16,3,overall,11457,33,1,14,True
lstm_autoencoder,0,primary,0.005,11,16,3,climb,3291,4,1,2,True
lstm_autoencoder,0,primary,0.005,11,16,3,cruise,5172,0,0,0,True
lstm_autoencoder,0,primary,0.005,11,16,3,descent,2994,29,1,12,True
lstm_autoencoder,0,primary,0.005,11,17,3,overall,11457,43,1,14,True
lstm_autoencoder,0,primary,0.005,11,17,3,climb,3291,4,1,2,True
lstm_autoencoder,0,primary,0.005,11,17,3,cruise,5172,0,0,0,True
lstm_autoencoder,0,primary,0.005,11,17,3,descent,2994,39,1,12,True
lstm_autoencoder,0,primary,0.005,11,18,3,overall,12562,24,1,13,True
lstm_autoencoder,0,primary,0.005,11,18,3,climb,4727,6,1,3,True
lstm_autoencoder,0,primary,0.005,11,18,3,cruise,3161,2,1,1,True
lstm_autoencoder,0,primary,0.005,11,18,3,descent,4674,16,1,9,True
lstm_autoencoder,0,primary,0.005,14,1,1,overall,2551,10,1,2,False
lstm_autoencoder,0,primary,0.005,14,1,1,climb,79,9,1,1,False
lstm_autoencoder,0,primary,0.005,14,1,1,cruise,2364,1,1,1,False
lstm_autoencoder,0,primary,0.005,14,1,1,descent,108,0,0,0,False
lstm_autoencoder,0,primary,0.005,14,2,1,overall,1528,11,1,3,False
lstm_autoencoder,0,primary,0.005,14,2,1,climb,435,7,1,1,False
lstm_autoencoder,0,primary,0.005,14,2,1,cruise,592,0,0,0,False
lstm_autoencoder,0,primary,0.005,14,2,1,descent,501,4,1,2,False
lstm_autoencoder,0,primary,0.005,14,3,1,overall,1887,16,1,4,False
lstm_autoencoder,0,primary,0.005,14,3,1,climb,227,0,0,0,False
lstm_autoencoder,0,primary,0.005,14,3,1,cruise,1396,16,1,4,False
lstm_autoencoder,0,primary,0.005,14,3,1,descent,264,0,0,0,False
lstm_autoencoder,0,primary,0.005,14,4,1,overall,1303,71,1,13,False
lstm_autoencoder,0,primary,0.005,14,4,1,climb,87,25,1,1,False
lstm_autoencoder,0,primary,0.005,14,4,1,cruise,1069,45,1,11,False
lstm_autoencoder,0,primary,0.005,14,4,1,descent,147,1,1,1,False
lstm_autoencoder,0,primary,0.005,14,5,1,overall,2641,12,1,1,False
lstm_autoencoder,0,primary,0.005,14,5,1,climb,1059,12,1,1,False
lstm_autoencoder,0,primary,0.005,14,5,1,cruise,390,0,0,0,False
lstm_autoencoder,0,primary,0.005,14,5,1,descent,1192,0,0,0,False
lstm_autoencoder,0,primary,0.005,14,6,1,overall,2918,16,1,2,False
lstm_autoencoder,0,primary,0.005,14,6,1,climb,222,13,1,1,False
lstm_autoencoder,0,primary,0.005,14,6,1,cruise,1468,3,1,1,False
lstm_autoencoder,0,primary,0.005,14,6,1,descent,1228,0,0,0,False
lstm_autoencoder,0,primary,0.005,14,7,1,overall,1303,72,1,13,False
lstm_autoencoder,0,primary,0.005,14,7,1,climb,87,25,1,1,False
lstm_autoencoder,0,primary,0.005,14,7,1,cruise,1069,46,1,11,False
lstm_autoencoder,0,primary,0.005,14,7,1,descent,147,1,1,1,False
lstm_autoencoder,0,primary,0.005,14,8,1,overall,2551,9,1,1,False
lstm_autoencoder,0,primary,0.005,14,8,1,climb,79,9,1,1,False
lstm_autoencoder,0,primary,0.005,14,8,1,cruise,2364,0,0,0,False
lstm_autoencoder,0,primary,0.005,14,8,1,descent,108,0,0,0,False
lstm_autoencoder,0,primary,0.005,14,9,1,overall,1706,32,1,4,False
lstm_autoencoder,0,primary,0.005,14,9,1,climb,38,1,1,1,False
lstm_autoencoder,0,primary,0.005,14,9,1,cruise,47,0,0,0,False
lstm_autoencoder,0,primary,0.005,14,9,1,descent,1621,31,1,3,False
lstm_autoencoder,0,primary,0.005,14,10,1,overall,1706,32,1,4,False
lstm_autoencoder,0,primary,0.005,14,10,1,climb,38,1,1,1,False
lstm_autoencoder,0,primary,0.005,14,10,1,cruise,47,0,0,0,False
lstm_autoencoder,0,primary,0.005,14,10,1,descent,1621,31,1,3,False
lstm_autoencoder,0,primary,0.005,14,11,1,overall,2346,9,1,1,False
lstm_autoencoder,0,primary,0.005,14,11,1,climb,482,9,1,1,False
lstm_autoencoder,0,primary,0.005,14,11,1,cruise,1040,0,0,0,False
lstm_autoencoder,0,primary,0.005,14,11,1,descent,824,0,0,0,False
lstm_autoencoder,0,primary,0.005,14,12,1,overall,2641,12,1,1,False
lstm_autoencoder,0,primary,0.005,14,12,1,climb,1059,12,1,1,False
lstm_autoencoder,0,primary,0.005,14,12,1,cruise,390,0,0,0,False
lstm_autoencoder,0,primary,0.005,14,12,1,descent,1192,0,0,0,False
lstm_autoencoder,0,primary,0.005,14,13,1,overall,1303,71,1,12,False
lstm_autoencoder,0,primary,0.005,14,13,1,climb,87,25,1,1,False
lstm_autoencoder,0,primary,0.005,14,13,1,cruise,1069,45,1,10,False
lstm_autoencoder,0,primary,0.005,14,13,1,descent,147,1,1,1,False
lstm_autoencoder,0,primary,0.005,14,14,1,overall,2629,1,1,1,False
lstm_autoencoder,0,primary,0.005,14,14,1,climb,490,0,0,0,False
lstm_autoencoder,0,primary,0.005,14,14,1,cruise,1339,0,0,0,False
lstm_autoencoder,0,primary,0.005,14,14,1,descent,800,1,1,1,False
lstm_autoencoder,0,primary,0.005,14,15,1,overall,1930,3,1,2,False
lstm_autoencoder,0,primary,0.005,14,15,1,climb,486,2,1,1,False
lstm_autoencoder,0,primary,0.005,14,15,1,cruise,795,0,0,0,False
lstm_autoencoder,0,primary,0.005,14,15,1,descent,649,1,1,1,False
lstm_autoencoder,0,primary,0.005,14,16,1,overall,1528,11,1,3,False
lstm_autoencoder,0,primary,0.005,14,16,1,climb,435,7,1,1,False
lstm_autoencoder,0,primary,0.005,14,16,1,cruise,592,0,0,0,False
lstm_autoencoder,0,primary,0.005,14,16,1,descent,501,4,1,2,False
lstm_autoencoder,0,primary,0.005,14,17,1,overall,2641,12,1,1,False
lstm_autoencoder,0,primary,0.005,14,17,1,climb,1059,12,1,1,False
lstm_autoencoder,0,primary,0.005,14,17,1,cruise,390,0,0,0,False
lstm_autoencoder,0,primary,0.005,14,17,1,descent,1192,0,0,0,False
lstm_autoencoder,0,primary,0.005,14,18,1,overall,2629,1,1,1,False
lstm_autoencoder,0,primary,0.005,14,18,1,climb,490,0,0,0,False
lstm_autoencoder,0,primary,0.005,14,18,1,cruise,1339,0,0,0,False
lstm_autoencoder,0,primary,0.005,14,18,1,descent,800,1,1,1,False
lstm_autoencoder,0,primary,0.005,14,19,1,overall,1706,32,1,4,False
lstm_autoencoder,0,primary,0.005,14,19,1,climb,38,1,1,1,False
lstm_autoencoder,0,primary,0.005,14,19,1,cruise,47,0,0,0,False
lstm_autoencoder,0,primary,0.005,14,19,1,descent,1621,31,1,3,False
lstm_autoencoder,0,primary,0.005,14,20,1,overall,2629,1,1,1,False
lstm_autoencoder,0,primary,0.005,14,20,1,climb,490,0,0,0,False
lstm_autoencoder,0,primary,0.005,14,20,1,cruise,1339,0,0,0,False
lstm_autoencoder,0,primary,0.005,14,20,1,descent,800,1,1,1,False
lstm_autoencoder,0,primary,0.005,14,21,1,overall,1706,32,1,4,False
lstm_autoencoder,0,primary,0.005,14,21,1,climb,38,1,1,1,False
lstm_autoencoder,0,primary,0.005,14,21,1,cruise,47,0,0,0,False
lstm_autoencoder,0,primary,0.005,14,21,1,descent,1621,31,1,3,False
lstm_autoencoder,0,primary,0.005,14,22,1,overall,1887,19,1,5,False
lstm_autoencoder,0,primary,0.005,14,22,1,climb,227,0,0,0,False
lstm_autoencoder,0,primary,0.005,14,22,1,cruise,1396,19,1,5,False
lstm_autoencoder,0,primary,0.005,14,22,1,descent,264,0,0,0,False
lstm_autoencoder,0,primary,0.005,14,23,1,overall,2629,1,1,1,False
lstm_autoencoder,0,primary,0.005,14,23,1,climb,490,0,0,0,False
lstm_autoencoder,0,primary,0.005,14,23,1,cruise,1339,0,0,0,False
lstm_autoencoder,0,primary,0.005,14,23,1,descent,800,1,1,1,False
lstm_autoencoder,0,primary,0.005,14,24,1,overall,2641,12,1,1,False
lstm_autoencoder,0,primary,0.005,14,24,1,climb,1059,12,1,1,False
lstm_autoencoder,0,primary,0.005,14,24,1,cruise,390,0,0,0,False
lstm_autoencoder,0,primary,0.005,14,24,1,descent,1192,0,0,0,False
lstm_autoencoder,0,primary,0.005,14,25,1,overall,2551,11,1,2,False
lstm_autoencoder,0,primary,0.005,14,25,1,climb,79,9,1,1,False
lstm_autoencoder,0,primary,0.005,14,25,1,cruise,2364,1,1,1,False
lstm_autoencoder,0,primary,0.005,14,25,1,descent,108,1,1,1,False
lstm_autoencoder,0,primary,0.005,14,26,1,overall,2034,5,1,4,False
lstm_autoencoder,0,primary,0.005,14,26,1,climb,135,3,1,3,False
lstm_autoencoder,0,primary,0.005,14,26,1,cruise,84,0,0,0,False
lstm_autoencoder,0,primary,0.005,14,26,1,descent,1815,2,1,1,False
lstm_autoencoder,0,primary,0.005,14,27,1,overall,1887,17,1,5,False
lstm_autoencoder,0,primary,0.005,14,27,1,climb,227,0,0,0,False
lstm_autoencoder,0,primary,0.005,14,27,1,cruise,1396,17,1,5,False
lstm_autoencoder,0,primary,0.005,14,27,1,descent,264,0,0,0,False
lstm_autoencoder,0,primary,0.005,14,28,1,overall,2629,1,1,1,False
lstm_autoencoder,0,primary,0.005,14,28,1,climb,490,0,0,0,False
lstm_autoencoder,0,primary,0.005,14,28,1,cruise,1339,0,0,0,False
lstm_autoencoder,0,primary,0.005,14,28,1,descent,800,1,1,1,False
lstm_autoencoder,0,primary,0.005,14,29,1,overall,1887,20,1,5,False
lstm_autoencoder,0,primary,0.005,14,29,1,climb,227,0,0,0,False
lstm_autoencoder,0,primary,0.005,14,29,1,cruise,1396,20,1,5,False
lstm_autoencoder,0,primary,0.005,14,29,1,descent,264,0,0,0,False
lstm_autoencoder,0,primary,0.005,14,30,1,overall,1528,12,1,3,False
lstm_autoencoder,0,primary,0.005,14,30,1,climb,435,8,1,1,False
lstm_autoencoder,0,primary,0.005,14,30,1,cruise,592,0,0,0,False
lstm_autoencoder,0,primary,0.005,14,30,1,descent,501,4,1,2,False
lstm_autoencoder,0,primary,0.005,14,31,1,overall,2629,1,1,1,False
lstm_autoencoder,0,primary,0.005,14,31,1,climb,490,0,0,0,False
lstm_autoencoder,0,primary,0.005,14,31,1,cruise,1339,0,0,0,False
lstm_autoencoder,0,primary,0.005,14,31,1,descent,800,1,1,1,False
lstm_autoencoder,0,primary,0.005,14,32,1,overall,1006,1,1,1,False
lstm_autoencoder,0,primary,0.005,14,32,1,climb,262,1,1,1,False
lstm_autoencoder,0,primary,0.005,14,32,1,cruise,356,0,0,0,False
lstm_autoencoder,0,primary,0.005,14,32,1,descent,388,0,0,0,False
lstm_autoencoder,0,primary,0.005,14,33,1,overall,1528,12,1,3,False
lstm_autoencoder,0,primary,0.005,14,33,1,climb,435,8,1,1,False
lstm_autoencoder,0,primary,0.005,14,33,1,cruise,592,0,0,0,False
lstm_autoencoder,0,primary,0.005,14,33,1,descent,501,4,1,2,False
lstm_autoencoder,0,primary,0.005,14,34,1,overall,1944,11,1,2,False
lstm_autoencoder,0,primary,0.005,14,34,1,climb,142,0,0,0,False
lstm_autoencoder,0,primary,0.005,14,34,1,cruise,1554,0,0,0,False
lstm_autoencoder,0,primary,0.005,14,34,1,descent,248,11,1,2,False
lstm_autoencoder,0,primary,0.005,14,35,1,overall,1706,32,1,4,False
lstm_autoencoder,0,primary,0.005,14,35,1,climb,38,1,1,1,False
lstm_autoencoder,0,primary,0.005,14,35,1,cruise,47,0,0,0,False
lstm_autoencoder,0,primary,0.005,14,35,1,descent,1621,31,1,3,False
lstm_autoencoder,0,primary,0.005,15,1,2,overall,2669,3,1,2,False
lstm_autoencoder,0,primary,0.005,15,1,2,climb,625,0,0,0,False
lstm_autoencoder,0,primary,0.005,15,1,2,cruise,752,0,0,0,False
lstm_autoencoder,0,primary,0.005,15,1,2,descent,1292,3,1,2,False
lstm_autoencoder,0,primary,0.005,15,2,2,overall,7711,19,1,3,False
lstm_autoencoder,0,primary,0.005,15,2,2,climb,2028,19,1,3,False
lstm_autoencoder,0,primary,0.005,15,2,2,cruise,3298,0,0,0,False
lstm_autoencoder,0,primary,0.005,15,2,2,descent,2385,0,0,0,False
lstm_autoencoder,0,primary,0.005,15,3,2,overall,5503,44,1,17,False
lstm_autoencoder,0,primary,0.005,15,3,2,climb,3519,7,1,1,False
lstm_autoencoder,0,primary,0.005,15,3,2,cruise,722,0,0,0,False
lstm_autoencoder,0,primary,0.005,15,3,2,descent,1262,37,1,16,False
lstm_autoencoder,0,primary,0.005,15,4,2,overall,6372,28,1,2,False
lstm_autoencoder,0,primary,0.005,15,4,2,climb,2754,26,1,1,False
lstm_autoencoder,0,primary,0.005,15,4,2,cruise,2405,0,0,0,False
lstm_autoencoder,0,primary,0.005,15,4,2,descent,1213,2,1,1,False
lstm_autoencoder,0,primary,0.005,15,5,2,overall,6075,7,1,1,False
lstm_autoencoder,0,primary,0.005,15,5,2,climb,1642,7,1,1,False
lstm_autoencoder,0,primary,0.005,15,5,2,cruise,2509,0,0,0,False
lstm_autoencoder,0,primary,0.005,15,5,2,descent,1924,0,0,0,False
lstm_autoencoder,0,primary,0.005,15,6,2,overall,9157,73,1,22,False
lstm_autoencoder,0,primary,0.005,15,6,2,climb,3584,4,1,1,False
lstm_autoencoder,0,primary,0.005,15,6,2,cruise,2702,55,1,17,False
lstm_autoencoder,0,primary,0.005,15,6,2,descent,2871,14,1,4,False
lstm_autoencoder,0,primary,0.005,15,7,2,overall,5892,31,1,7,False
lstm_autoencoder,0,primary,0.005,15,7,2,climb,2990,6,1,2,False
lstm_autoencoder,0,primary,0.005,15,7,2,cruise,2120,0,0,0,False
lstm_autoencoder,0,primary,0.005,15,7,2,descent,782,25,1,5,False
lstm_autoencoder,0,primary,0.005,15,8,2,overall,4015,6,1,1,False
lstm_autoencoder,0,primary,0.005,15,8,2,climb,748,6,1,1,False
lstm_autoencoder,0,primary,0.005,15,8,2,cruise,1371,0,0,0,False
lstm_autoencoder,0,primary,0.005,15,8,2,descent,1896,0,0,0,False
lstm_autoencoder,0,primary,0.005,15,9,2,overall,8714,99,1,34,False
lstm_autoencoder,0,primary,0.005,15,9,2,climb,2650,9,1,1,False
lstm_autoencoder,0,primary,0.005,15,9,2,cruise,4542,15,1,8,False
lstm_autoencoder,0,primary,0.005,15,9,2,descent,1522,75,1,25,False
lstm_autoencoder,0,primary,0.005,15,10,2,overall,5218,5,1,1,False
lstm_autoencoder,0,primary,0.005,15,10,2,climb,2439,5,1,1,False
lstm_autoencoder,0,primary,0.005,15,10,2,cruise,1376,0,0,0,False
lstm_autoencoder,0,primary,0.005,15,10,2,descent,1403,0,0,0,False
lstm_autoencoder,0,primary,0.005,15,11,2,overall,6001,43,1,5,False
lstm_autoencoder,0,primary,0.005,15,11,2,climb,2203,8,1,1,False
lstm_autoencoder,0,primary,0.005,15,11,2,cruise,2046,0,0,0,False
lstm_autoencoder,0,primary,0.005,15,11,2,descent,1752,35,1,4,False
lstm_autoencoder,0,primary,0.005,15,12,2,overall,8363,14,1,4,False
lstm_autoencoder,0,primary,0.005,15,12,2,climb,1990,3,1,1,False
lstm_autoencoder,0,primary,0.005,15,12,2,cruise,3014,0,0,0,False
lstm_autoencoder,0,primary,0.005,15,12,2,descent,3359,11,1,3,False
lstm_autoencoder,0,primary,0.005,15,13,2,overall,5761,1,1,1,False
lstm_autoencoder,0,primary,0.005,15,13,2,climb,1671,1,1,1,False
lstm_autoencoder,0,primary,0.005,15,13,2,cruise,2573,0,0,0,False
lstm_autoencoder,0,primary,0.005,15,13,2,descent,1517,0,0,0,False
lstm_autoencoder,0,primary,0.005,15,14,2,overall,6942,10,1,1,False
lstm_autoencoder,0,primary,0.005,15,14,2,climb,2058,10,1,1,False
lstm_autoencoder,0,primary,0.005,15,14,2,cruise,3278,0,0,0,False
lstm_autoencoder,0,primary,0.005,15,14,2,descent,1606,0,0,0,False
lstm_autoencoder,0,primary,0.005,15,15,2,overall,8154,35,1,13,False
lstm_autoencoder,0,primary,0.005,15,15,2,climb,2033,6,1,1,False
lstm_autoencoder,0,primary,0.005,15,15,2,cruise,2970,22,1,7,False
lstm_autoencoder,0,primary,0.005,15,15,2,descent,3151,7,1,5,False
lstm_autoencoder,0,primary,0.005,15,16,2,overall,5218,5,1,1,False
lstm_autoencoder,0,primary,0.005,15,16,2,climb,2439,5,1,1,False
lstm_autoencoder,0,primary,0.005,15,16,2,cruise,1376,0,0,0,False
lstm_autoencoder,0,primary,0.005,15,16,2,descent,1403,0,0,0,False
lstm_autoencoder,0,primary,0.005,15,17,2,overall,5804,2,1,1,False
lstm_autoencoder,0,primary,0.005,15,17,2,climb,1845,2,1,1,False
lstm_autoencoder,0,primary,0.005,15,17,2,cruise,2329,0,0,0,False
lstm_autoencoder,0,primary,0.005,15,17,2,descent,1630,0,0,0,False
lstm_autoencoder,0,primary,0.005,15,18,2,overall,8154,29,1,14,False
lstm_autoencoder,0,primary,0.005,15,18,2,climb,2033,6,1,1,False
lstm_autoencoder,0,primary,0.005,15,18,2,cruise,2970,20,1,11,False
lstm_autoencoder,0,primary,0.005,15,18,2,descent,3151,3,1,2,False
lstm_autoencoder,0,primary,0.005,15,19,2,overall,6782,99,1,42,False
lstm_autoencoder,0,primary,0.005,15,19,2,climb,2887,8,1,1,False
lstm_autoencoder,0,primary,0.005,15,19,2,cruise,1196,5,1,2,False
lstm_autoencoder,0,primary,0.005,15,19,2,descent,2699,86,1,39,False
lstm_autoencoder,0,primary,0.005,15,20,2,overall,6265,1,1,1,False
lstm_autoencoder,0,primary,0.005,15,20,2,climb,1256,0,0,0,False
lstm_autoencoder,0,primary,0.005,15,20,2,cruise,2569,0,0,0,False
lstm_autoencoder,0,primary,0.005,15,20,2,descent,2440,1,1,1,False
lstm_autoencoder,0,primary,0.005,15,21,2,overall,6381,0,0,0,False
lstm_autoencoder,0,primary,0.005,15,21,2,climb,1264,0,0,0,False
lstm_autoencoder,0,primary,0.005,15,21,2,cruise,2088,0,0,0,False
lstm_autoencoder,0,primary,0.005,15,21,2,descent,3029,0,0,0,False
lstm_autoencoder,0,primary,0.005,15,22,2,overall,5501,65,1,29,False
lstm_autoencoder,0,primary,0.005,15,22,2,climb,2343,10,1,7,False
lstm_autoencoder,0,primary,0.005,15,22,2,cruise,1857,0,0,0,False
lstm_autoencoder,0,primary,0.005,15,22,2,descent,1301,55,1,22,False
lstm_autoencoder,0,primary,0.005,15,23,2,overall,6887,30,1,4,False
lstm_autoencoder,0,primary,0.005,15,23,2,climb,1788,9,1,1,False
lstm_autoencoder,0,primary,0.005,15,23,2,cruise,3403,0,0,0,False
lstm_autoencoder,0,primary,0.005,15,23,2,descent,1696,21,1,3,False
lstm_autoencoder,0,primary,0.01,11,1,3,overall,11007,56,1,18,True
lstm_autoencoder,0,primary,0.01,11,1,3,climb,2506,9,1,1,True
lstm_autoencoder,0,primary,0.01,11,1,3,cruise,4386,11,1,5,True
lstm_autoencoder,0,primary,0.01,11,1,3,descent,4115,36,1,12,True
lstm_autoencoder,0,primary,0.01,11,2,3,overall,17636,94,1,30,True
lstm_autoencoder,0,primary,0.01,11,2,3,climb,3612,10,1,1,True
lstm_autoencoder,0,primary,0.01,11,2,3,cruise,10521,35,1,10,True
lstm_autoencoder,0,primary,0.01,11,2,3,descent,3503,49,1,19,True
lstm_autoencoder,0,primary,0.01,11,3,3,overall,9831,408,1,28,True
lstm_autoencoder,0,primary,0.01,11,3,3,climb,2031,17,1,1,True
lstm_autoencoder,0,primary,0.01,11,3,3,cruise,3448,15,1,5,True
lstm_autoencoder,0,primary,0.01,11,3,3,descent,4352,376,1,22,True
lstm_autoencoder,0,primary,0.01,11,4,3,overall,13140,69,1,19,True
lstm_autoencoder,0,primary,0.01,11,4,3,climb,2902,11,1,3,True
lstm_autoencoder,0,primary,0.01,11,4,3,cruise,7069,0,0,0,True
lstm_autoencoder,0,primary,0.01,11,4,3,descent,3169,58,1,16,True
lstm_autoencoder,0,primary,0.01,11,5,3,overall,13751,194,1,42,True
lstm_autoencoder,0,primary,0.01,11,5,3,climb,2138,7,1,1,True
lstm_autoencoder,0,primary,0.01,11,5,3,cruise,6376,24,1,5,True
lstm_autoencoder,0,primary,0.01,11,5,3,descent,5237,163,1,36,True
lstm_autoencoder,0,primary,0.01,11,6,3,overall,11689,126,1,41,True
lstm_autoencoder,0,primary,0.01,11,6,3,climb,2583,3,1,2,True
lstm_autoencoder,0,primary,0.01,11,6,3,cruise,5477,36,1,14,True
lstm_autoencoder,0,primary,0.01,11,6,3,descent,3629,87,1,25,True
lstm_autoencoder,0,primary,0.01,11,7,3,overall,11007,65,1,20,True
lstm_autoencoder,0,primary,0.01,11,7,3,climb,2506,9,1,1,True
lstm_autoencoder,0,primary,0.01,11,7,3,cruise,4386,11,1,4,True
lstm_autoencoder,0,primary,0.01,11,7,3,descent,4115,45,1,15,True
lstm_autoencoder,0,primary,0.01,11,8,3,overall,8826,17,1,10,True
lstm_autoencoder,0,primary,0.01,11,8,3,climb,4368,0,0,0,True
lstm_autoencoder,0,primary,0.01,11,8,3,cruise,2947,6,1,3,True
lstm_autoencoder,0,primary,0.01,11,8,3,descent,1511,11,1,7,True
lstm_autoencoder,0,primary,0.01,11,9,3,overall,8928,45,1,15,True
lstm_autoencoder,0,primary,0.01,11,9,3,climb,2151,3,1,2,True
lstm_autoencoder,0,primary,0.01,11,9,3,cruise,4055,3,1,1,True
lstm_autoencoder,0,primary,0.01,11,9,3,descent,2722,39,1,12,True
lstm_autoencoder,0,primary,0.01,11,10,3,overall,13940,144,1,6,True
lstm_autoencoder,0,primary,0.01,11,10,3,climb,3800,12,1,1,True
lstm_autoencoder,0,primary,0.01,11,10,3,cruise,6079,0,0,0,True
lstm_autoencoder,0,primary,0.01,11,10,3,descent,4061,132,1,5,True
lstm_autoencoder,0,primary,0.01,11,11,3,overall,13751,176,1,34,True
lstm_autoencoder,0,primary,0.01,11,11,3,climb,2138,8,1,1,True
lstm_autoencoder,0,primary,0.01,11,11,3,cruise,6376,28,1,7,True
lstm_autoencoder,0,primary,0.01,11,11,3,descent,5237,140,1,26,True
lstm_autoencoder,0,primary,0.01,11,12,3,overall,14346,55,1,17,True
lstm_autoencoder,0,primary,0.01,11,12,3,climb,3405,5,1,1,True
lstm_autoencoder,0,primary,0.01,11,12,3,cruise,2752,10,1,7,True
lstm_autoencoder,0,primary,0.01,11,12,3,descent,8189,40,1,9,True
lstm_autoencoder,0,primary,0.01,11,13,3,overall,10704,48,1,12,True
lstm_autoencoder,0,primary,0.01,11,13,3,climb,2712,12,1,1,True
lstm_autoencoder,0,primary,0.01,11,13,3,cruise,4440,11,1,6,True
lstm_autoencoder,0,primary,0.01,11,13,3,descent,3552,25,1,5,True
lstm_autoencoder,0,primary,0.01,11,14,3,overall,11573,127,1,29,True
lstm_autoencoder,0,primary,0.01,11,14,3,climb,3378,7,1,1,True
lstm_autoencoder,0,primary,0.01,11,14,3,cruise,2869,1,1,1,True
lstm_autoencoder,0,primary,0.01,11,14,3,descent,5326,119,1,27,True
lstm_autoencoder,0,primary,0.01,11,15,3,overall,7701,418,1,24,True
lstm_autoencoder,0,primary,0.01,11,15,3,climb,2139,9,1,2,True
lstm_autoencoder,0,primary,0.01,11,15,3,cruise,1849,0,0,0,True
lstm_autoencoder,0,primary,0.01,11,15,3,descent,3713,409,1,22,True
lstm_autoencoder,0,primary,0.01,11,16,3,overall,11457,58,1,22,True
lstm_autoencoder,0,primary,0.01,11,16,3,climb,3291,6,1,1,True
lstm_autoencoder,0,primary,0.01,11,16,3,cruise,5172,0,0,0,True
lstm_autoencoder,0,primary,0.01,11,16,3,descent,2994,52,1,21,True
lstm_autoencoder,0,primary,0.01,11,17,3,overall,11457,65,1,16,True
lstm_autoencoder,0,primary,0.01,11,17,3,climb,3291,6,1,1,True
lstm_autoencoder,0,primary,0.01,11,17,3,cruise,5172,0,0,0,True
lstm_autoencoder,0,primary,0.01,11,17,3,descent,2994,59,1,15,True
lstm_autoencoder,0,primary,0.01,11,18,3,overall,12562,45,1,13,True
lstm_autoencoder,0,primary,0.01,11,18,3,climb,4727,8,1,1,True
lstm_autoencoder,0,primary,0.01,11,18,3,cruise,3161,2,1,1,True
lstm_autoencoder,0,primary,0.01,11,18,3,descent,4674,35,1,11,True
lstm_autoencoder,0,primary,0.01,14,1,1,overall,2551,15,1,3,False
lstm_autoencoder,0,primary,0.01,14,1,1,climb,79,12,1,1,False
lstm_autoencoder,0,primary,0.01,14,1,1,cruise,2364,1,1,1,False
lstm_autoencoder,0,primary,0.01,14,1,1,descent,108,2,1,2,False
lstm_autoencoder,0,primary,0.01,14,2,1,overall,1528,67,1,16,False
lstm_autoencoder,0,primary,0.01,14,2,1,climb,435,9,1,1,False
lstm_autoencoder,0,primary,0.01,14,2,1,cruise,592,0,0,0,False
lstm_autoencoder,0,primary,0.01,14,2,1,descent,501,58,1,15,False
lstm_autoencoder,0,primary,0.01,14,3,1,overall,1887,31,1,5,False
lstm_autoencoder,0,primary,0.01,14,3,1,climb,227,0,0,0,False
lstm_autoencoder,0,primary,0.01,14,3,1,cruise,1396,31,1,5,False
lstm_autoencoder,0,primary,0.01,14,3,1,descent,264,0,0,0,False
lstm_autoencoder,0,primary,0.01,14,4,1,overall,1303,123,1,16,False
lstm_autoencoder,0,primary,0.01,14,4,1,climb,87,26,1,1,False
lstm_autoencoder,0,primary,0.01,14,4,1,cruise,1069,92,1,14,False
lstm_autoencoder,0,primary,0.01,14,4,1,descent,147,5,1,1,False
lstm_autoencoder,0,primary,0.01,14,5,1,overall,2641,15,1,2,False
lstm_autoencoder,0,primary,0.01,14,5,1,climb,1059,15,1,2,False
lstm_autoencoder,0,primary,0.01,14,5,1,cruise,390,0,0,0,False
lstm_autoencoder,0,primary,0.01,14,5,1,descent,1192,0,0,0,False
lstm_autoencoder,0,primary,0.01,14,6,1,overall,2918,26,1,4,False
lstm_autoencoder,0,primary,0.01,14,6,1,climb,222,15,1,1,False
lstm_autoencoder,0,primary,0.01,14,6,1,cruise,1468,9,1,2,False
lstm_autoencoder,0,primary,0.01,14,6,1,descent,1228,2,1,1,False
lstm_autoencoder,0,primary,0.01,14,7,1,overall,1303,126,1,15,False
lstm_autoencoder,0,primary,0.01,14,7,1,climb,87,26,1,1,False
lstm_autoencoder,0,primary,0.01,14,7,1,cruise,1069,95,1,13,False
lstm_autoencoder,0,primary,0.01,14,7,1,descent,147,5,1,1,False
lstm_autoencoder,0,primary,0.01,14,8,1,overall,2551,15,1,3,False
lstm_autoencoder,0,primary,0.01,14,8,1,climb,79,12,1,1,False
lstm_autoencoder,0,primary,0.01,14,8,1,cruise,2364,1,1,1,False
lstm_autoencoder,0,primary,0.01,14,8,1,descent,108,2,1,2,False
lstm_autoencoder,0,primary,0.01,14,9,1,overall,1706,36,1,4,False
lstm_autoencoder,0,primary,0.01,14,9,1,climb,38,3,1,1,False
lstm_autoencoder,0,primary,0.01,14,9,1,cruise,47,0,0,0,False
lstm_autoencoder,0,primary,0.01,14,9,1,descent,1621,33,1,3,False
lstm_autoencoder,0,primary,0.01,14,10,1,overall,1706,36,1,4,False
lstm_autoencoder,0,primary,0.01,14,10,1,climb,38,3,1,1,False
lstm_autoencoder,0,primary,0.01,14,10,1,cruise,47,0,0,0,False
lstm_autoencoder,0,primary,0.01,14,10,1,descent,1621,33,1,3,False
lstm_autoencoder,0,primary,0.01,14,11,1,overall,2346,13,1,1,False
lstm_autoencoder,0,primary,0.01,14,11,1,climb,482,13,1,1,False
lstm_autoencoder,0,primary,0.01,14,11,1,cruise,1040,0,0,0,False
lstm_autoencoder,0,primary,0.01,14,11,1,descent,824,0,0,0,False
lstm_autoencoder,0,primary,0.01,14,12,1,overall,2641,15,1,2,False
lstm_autoencoder,0,primary,0.01,14,12,1,climb,1059,15,1,2,False
lstm_autoencoder,0,primary,0.01,14,12,1,cruise,390,0,0,0,False
lstm_autoencoder,0,primary,0.01,14,12,1,descent,1192,0,0,0,False
lstm_autoencoder,0,primary,0.01,14,13,1,overall,1303,124,1,17,False
lstm_autoencoder,0,primary,0.01,14,13,1,climb,87,26,1,1,False
lstm_autoencoder,0,primary,0.01,14,13,1,cruise,1069,94,1,15,False
lstm_autoencoder,0,primary,0.01,14,13,1,descent,147,4,1,1,False
lstm_autoencoder,0,primary,0.01,14,14,1,overall,2629,34,1,6,False
lstm_autoencoder,0,primary,0.01,14,14,1,climb,490,0,0,0,False
lstm_autoencoder,0,primary,0.01,14,14,1,cruise,1339,0,0,0,False
lstm_autoencoder,0,primary,0.01,14,14,1,descent,800,34,1,6,False
lstm_autoencoder,0,primary,0.01,14,15,1,overall,1930,3,1,2,False
lstm_autoencoder,0,primary,0.01,14,15,1,climb,486,2,1,1,False
lstm_autoencoder,0,primary,0.01,14,15,1,cruise,795,0,0,0,False
lstm_autoencoder,0,primary,0.01,14,15,1,descent,649,1,1,1,False
lstm_autoencoder,0,primary,0.01,14,16,1,overall,1528,71,1,16,False
lstm_autoencoder,0,primary,0.01,14,16,1,climb,435,9,1,1,False
lstm_autoencoder,0,primary,0.01,14,16,1,cruise,592,0,0,0,False
lstm_autoencoder,0,primary,0.01,14,16,1,descent,501,62,1,15,False
lstm_autoencoder,0,primary,0.01,14,17,1,overall,2641,16,1,2,False
lstm_autoencoder,0,primary,0.01,14,17,1,climb,1059,16,1,2,False
lstm_autoencoder,0,primary,0.01,14,17,1,cruise,390,0,0,0,False
lstm_autoencoder,0,primary,0.01,14,17,1,descent,1192,0,0,0,False
lstm_autoencoder,0,primary,0.01,14,18,1,overall,2629,18,1,9,False
lstm_autoencoder,0,primary,0.01,14,18,1,climb,490,0,0,0,False
lstm_autoencoder,0,primary,0.01,14,18,1,cruise,1339,0,0,0,False
lstm_autoencoder,0,primary,0.01,14,18,1,descent,800,18,1,9,False
lstm_autoencoder,0,primary,0.01,14,19,1,overall,1706,37,1,4,False
lstm_autoencoder,0,primary,0.01,14,19,1,climb,38,4,1,1,False
lstm_autoencoder,0,primary,0.01,14,19,1,cruise,47,0,0,0,False
lstm_autoencoder,0,primary,0.01,14,19,1,descent,1621,33,1,3,False
lstm_autoencoder,0,primary,0.01,14,20,1,overall,2629,30,1,7,False
lstm_autoencoder,0,primary,0.01,14,20,1,climb,490,0,0,0,False
lstm_autoencoder,0,primary,0.01,14,20,1,cruise,1339,0,0,0,False
lstm_autoencoder,0,primary,0.01,14,20,1,descent,800,30,1,7,False
lstm_autoencoder,0,primary,0.01,14,21,1,overall,1706,37,1,4,False
lstm_autoencoder,0,primary,0.01,14,21,1,climb,38,4,1,1,False
lstm_autoencoder,0,primary,0.01,14,21,1,cruise,47,0,0,0,False
lstm_autoencoder,0,primary,0.01,14,21,1,descent,1621,33,1,3,False
lstm_autoencoder,0,primary,0.01,14,22,1,overall,1887,32,1,5,False
lstm_autoencoder,0,primary,0.01,14,22,1,climb,227,0,0,0,False
lstm_autoencoder,0,primary,0.01,14,22,1,cruise,1396,32,1,5,False
lstm_autoencoder,0,primary,0.01,14,22,1,descent,264,0,0,0,False
lstm_autoencoder,0,primary,0.01,14,23,1,overall,2629,32,1,7,False
lstm_autoencoder,0,primary,0.01,14,23,1,climb,490,0,0,0,False
lstm_autoencoder,0,primary,0.01,14,23,1,cruise,1339,0,0,0,False
lstm_autoencoder,0,primary,0.01,14,23,1,descent,800,32,1,7,False
lstm_autoencoder,0,primary,0.01,14,24,1,overall,2641,16,1,2,False
lstm_autoencoder,0,primary,0.01,14,24,1,climb,1059,16,1,2,False
lstm_autoencoder,0,primary,0.01,14,24,1,cruise,390,0,0,0,False
lstm_autoencoder,0,primary,0.01,14,24,1,descent,1192,0,0,0,False
lstm_autoencoder,0,primary,0.01,14,25,1,overall,2551,16,1,3,False
lstm_autoencoder,0,primary,0.01,14,25,1,climb,79,13,1,1,False
lstm_autoencoder,0,primary,0.01,14,25,1,cruise,2364,1,1,1,False
lstm_autoencoder,0,primary,0.01,14,25,1,descent,108,2,1,2,False
lstm_autoencoder,0,primary,0.01,14,26,1,overall,2034,13,1,5,False
lstm_autoencoder,0,primary,0.01,14,26,1,climb,135,9,1,3,False
lstm_autoencoder,0,primary,0.01,14,26,1,cruise,84,0,0,0,False
lstm_autoencoder,0,primary,0.01,14,26,1,descent,1815,4,1,2,False
lstm_autoencoder,0,primary,0.01,14,27,1,overall,1887,32,1,6,False
lstm_autoencoder,0,primary,0.01,14,27,1,climb,227,0,0,0,False
lstm_autoencoder,0,primary,0.01,14,27,1,cruise,1396,32,1,6,False
lstm_autoencoder,0,primary,0.01,14,27,1,descent,264,0,0,0,False
lstm_autoencoder,0,primary,0.01,14,28,1,overall,2629,36,1,4,False
lstm_autoencoder,0,primary,0.01,14,28,1,climb,490,0,0,0,False
lstm_autoencoder,0,primary,0.01,14,28,1,cruise,1339,0,0,0,False
lstm_autoencoder,0,primary,0.01,14,28,1,descent,800,36,1,4,False
lstm_autoencoder,0,primary,0.01,14,29,1,overall,1887,36,1,6,False
lstm_autoencoder,0,primary,0.01,14,29,1,climb,227,0,0,0,False
lstm_autoencoder,0,primary,0.01,14,29,1,cruise,1396,36,1,6,False
lstm_autoencoder,0,primary,0.01,14,29,1,descent,264,0,0,0,False
lstm_autoencoder,0,primary,0.01,14,30,1,overall,1528,120,1,19,False
lstm_autoencoder,0,primary,0.01,14,30,1,climb,435,9,1,1,False
lstm_autoencoder,0,primary,0.01,14,30,1,cruise,592,0,0,0,False
lstm_autoencoder,0,primary,0.01,14,30,1,descent,501,111,1,18,False
lstm_autoencoder,0,primary,0.01,14,31,1,overall,2629,39,1,4,False
lstm_autoencoder,0,primary,0.01,14,31,1,climb,490,0,0,0,False
lstm_autoencoder,0,primary,0.01,14,31,1,cruise,1339,0,0,0,False
lstm_autoencoder,0,primary,0.01,14,31,1,descent,800,39,1,4,False
lstm_autoencoder,0,primary,0.01,14,32,1,overall,1006,13,1,5,False
lstm_autoencoder,0,primary,0.01,14,32,1,climb,262,8,1,4,False
lstm_autoencoder,0,primary,0.01,14,32,1,cruise,356,5,1,1,False
lstm_autoencoder,0,primary,0.01,14,32,1,descent,388,0,0,0,False
lstm_autoencoder,0,primary,0.01,14,33,1,overall,1528,108,1,19,False
lstm_autoencoder,0,primary,0.01,14,33,1,climb,435,10,1,1,False
lstm_autoencoder,0,primary,0.01,14,33,1,cruise,592,0,0,0,False
lstm_autoencoder,0,primary,0.01,14,33,1,descent,501,98,1,18,False
lstm_autoencoder,0,primary,0.01,14,34,1,overall,1944,53,1,5,False
lstm_autoencoder,0,primary,0.01,14,34,1,climb,142,2,1,1,False
lstm_autoencoder,0,primary,0.01,14,34,1,cruise,1554,3,1,2,False
lstm_autoencoder,0,primary,0.01,14,34,1,descent,248,48,1,2,False
lstm_autoencoder,0,primary,0.01,14,35,1,overall,1706,37,1,4,False
lstm_autoencoder,0,primary,0.01,14,35,1,climb,38,4,1,1,False
lstm_autoencoder,0,primary,0.01,14,35,1,cruise,47,0,0,0,False
lstm_autoencoder,0,primary,0.01,14,35,1,descent,1621,33,1,3,False
lstm_autoencoder,0,primary,0.01,15,1,2,overall,2669,196,1,8,False
lstm_autoencoder,0,primary,0.01,15,1,2,climb,625,0,0,0,False
lstm_autoencoder,0,primary,0.01,15,1,2,cruise,752,0,0,0,False
lstm_autoencoder,0,primary,0.01,15,1,2,descent,1292,196,1,8,False
lstm_autoencoder,0,primary,0.01,15,2,2,overall,7711,23,1,2,False
lstm_autoencoder,0,primary,0.01,15,2,2,climb,2028,22,1,1,False
lstm_autoencoder,0,primary,0.01,15,2,2,cruise,3298,0,0,0,False
lstm_autoencoder,0,primary,0.01,15,2,2,descent,2385,1,1,1,False
lstm_autoencoder,0,primary,0.01,15,3,2,overall,5503,65,1,19,False
lstm_autoencoder,0,primary,0.01,15,3,2,climb,3519,10,1,1,False
lstm_autoencoder,0,primary,0.01,15,3,2,cruise,722,0,0,0,False
lstm_autoencoder,0,primary,0.01,15,3,2,descent,1262,55,1,18,False
lstm_autoencoder,0,primary,0.01,15,4,2,overall,6372,40,1,6,False
lstm_autoencoder,0,primary,0.01,15,4,2,climb,2754,27,1,1,False
lstm_autoencoder,0,primary,0.01,15,4,2,cruise,2405,0,0,0,False
lstm_autoencoder,0,primary,0.01,15,4,2,descent,1213,13,1,5,False
lstm_autoencoder,0,primary,0.01,15,5,2,overall,6075,20,1,2,False
lstm_autoencoder,0,primary,0.01,15,5,2,climb,1642,9,1,1,False
lstm_autoencoder,0,primary,0.01,15,5,2,cruise,2509,0,0,0,False
lstm_autoencoder,0,primary,0.01,15,5,2,descent,1924,11,1,1,False
lstm_autoencoder,0,primary,0.01,15,6,2,overall,9157,95,1,9,False
lstm_autoencoder,0,primary,0.01,15,6,2,climb,3584,8,1,1,False
lstm_autoencoder,0,primary,0.01,15,6,2,cruise,2702,69,1,5,False
lstm_autoencoder,0,primary,0.01,15,6,2,descent,2871,18,1,3,False
lstm_autoencoder,0,primary,0.01,15,7,2,overall,5892,60,1,12,False
lstm_autoencoder,0,primary,0.01,15,7,2,climb,2990,10,1,3,False
lstm_autoencoder,0,primary,0.01,15,7,2,cruise,2120,0,0,0,False
lstm_autoencoder,0,primary,0.01,15,7,2,descent,782,50,1,9,False
lstm_autoencoder,0,primary,0.01,15,8,2,overall,4015,12,1,4,False
lstm_autoencoder,0,primary,0.01,15,8,2,climb,748,8,1,1,False
lstm_autoencoder,0,primary,0.01,15,8,2,cruise,1371,0,0,0,False
lstm_autoencoder,0,primary,0.01,15,8,2,descent,1896,4,1,3,False
lstm_autoencoder,0,primary,0.01,15,9,2,overall,8714,121,1,33,False
lstm_autoencoder,0,primary,0.01,15,9,2,climb,2650,10,1,1,False
lstm_autoencoder,0,primary,0.01,15,9,2,cruise,4542,26,1,13,False
lstm_autoencoder,0,primary,0.01,15,9,2,descent,1522,85,1,19,False
lstm_autoencoder,0,primary,0.01,15,10,2,overall,5218,8,1,1,False
lstm_autoencoder,0,primary,0.01,15,10,2,climb,2439,8,1,1,False
lstm_autoencoder,0,primary,0.01,15,10,2,cruise,1376,0,0,0,False
lstm_autoencoder,0,primary,0.01,15,10,2,descent,1403,0,0,0,False
lstm_autoencoder,0,primary,0.01,15,11,2,overall,6001,51,1,6,False
lstm_autoencoder,0,primary,0.01,15,11,2,climb,2203,12,1,1,False
lstm_autoencoder,0,primary,0.01,15,11,2,cruise,2046,0,0,0,False
lstm_autoencoder,0,primary,0.01,15,11,2,descent,1752,39,1,5,False
lstm_autoencoder,0,primary,0.01,15,12,2,overall,8363,66,1,8,False
lstm_autoencoder,0,primary,0.01,15,12,2,climb,1990,4,1,2,False
lstm_autoencoder,0,primary,0.01,15,12,2,cruise,3014,0,0,0,False
lstm_autoencoder,0,primary,0.01,15,12,2,descent,3359,62,1,6,False
lstm_autoencoder,0,primary,0.01,15,13,2,overall,5761,11,1,5,False
lstm_autoencoder,0,primary,0.01,15,13,2,climb,1671,3,1,1,False
lstm_autoencoder,0,primary,0.01,15,13,2,cruise,2573,0,0,0,False
lstm_autoencoder,0,primary,0.01,15,13,2,descent,1517,8,1,4,False
lstm_autoencoder,0,primary,0.01,15,14,2,overall,6942,15,1,2,False
lstm_autoencoder,0,primary,0.01,15,14,2,climb,2058,14,1,1,False
lstm_autoencoder,0,primary,0.01,15,14,2,cruise,3278,0,0,0,False
lstm_autoencoder,0,primary,0.01,15,14,2,descent,1606,1,1,1,False
lstm_autoencoder,0,primary,0.01,15,15,2,overall,8154,293,1,23,False
lstm_autoencoder,0,primary,0.01,15,15,2,climb,2033,10,1,1,False
lstm_autoencoder,0,primary,0.01,15,15,2,cruise,2970,34,1,9,False
lstm_autoencoder,0,primary,0.01,15,15,2,descent,3151,249,1,13,False
lstm_autoencoder,0,primary,0.01,15,16,2,overall,5218,8,1,1,False
lstm_autoencoder,0,primary,0.01,15,16,2,climb,2439,8,1,1,False
lstm_autoencoder,0,primary,0.01,15,16,2,cruise,1376,0,0,0,False
lstm_autoencoder,0,primary,0.01,15,16,2,descent,1403,0,0,0,False
lstm_autoencoder,0,primary,0.01,15,17,2,overall,5804,3,1,2,False
lstm_autoencoder,0,primary,0.01,15,17,2,climb,1845,3,1,2,False
lstm_autoencoder,0,primary,0.01,15,17,2,cruise,2329,0,0,0,False
lstm_autoencoder,0,primary,0.01,15,17,2,descent,1630,0,0,0,False
lstm_autoencoder,0,primary,0.01,15,18,2,overall,8154,245,1,30,False
lstm_autoencoder,0,primary,0.01,15,18,2,climb,2033,11,1,1,False
lstm_autoencoder,0,primary,0.01,15,18,2,cruise,2970,28,1,14,False
lstm_autoencoder,0,primary,0.01,15,18,2,descent,3151,206,1,15,False
lstm_autoencoder,0,primary,0.01,15,19,2,overall,6782,156,1,39,False
lstm_autoencoder,0,primary,0.01,15,19,2,climb,2887,11,1,1,False
lstm_autoencoder,0,primary,0.01,15,19,2,cruise,1196,9,1,6,False
lstm_autoencoder,0,primary,0.01,15,19,2,descent,2699,136,1,32,False
lstm_autoencoder,0,primary,0.01,15,20,2,overall,6265,21,1,3,False
lstm_autoencoder,0,primary,0.01,15,20,2,climb,1256,0,0,0,False
lstm_autoencoder,0,primary,0.01,15,20,2,cruise,2569,0,0,0,False
lstm_autoencoder,0,primary,0.01,15,20,2,descent,2440,21,1,3,False
lstm_autoencoder,0,primary,0.01,15,21,2,overall,6381,16,1,3,False
lstm_autoencoder,0,primary,0.01,15,21,2,climb,1264,11,1,1,False
lstm_autoencoder,0,primary,0.01,15,21,2,cruise,2088,0,0,0,False
lstm_autoencoder,0,primary,0.01,15,21,2,descent,3029,5,1,2,False
lstm_autoencoder,0,primary,0.01,15,22,2,overall,5501,84,1,24,False
lstm_autoencoder,0,primary,0.01,15,22,2,climb,2343,19,1,6,False
lstm_autoencoder,0,primary,0.01,15,22,2,cruise,1857,0,0,0,False
lstm_autoencoder,0,primary,0.01,15,22,2,descent,1301,65,1,18,False
lstm_autoencoder,0,primary,0.01,15,23,2,overall,6887,245,1,16,False
lstm_autoencoder,0,primary,0.01,15,23,2,climb,1788,12,1,1,False
lstm_autoencoder,0,primary,0.01,15,23,2,cruise,3403,0,0,0,False
lstm_autoencoder,0,primary,0.01,15,23,2,descent,1696,233,1,15,False
lstm_autoencoder,0,primary,0.02,11,1,3,overall,11007,214,1,24,True
lstm_autoencoder,0,primary,0.02,11,1,3,climb,2506,10,1,1,True
lstm_autoencoder,0,primary,0.02,11,1,3,cruise,4386,13,1,5,True
lstm_autoencoder,0,primary,0.02,11,1,3,descent,4115,191,1,18,True
lstm_autoencoder,0,primary,0.02,11,2,3,overall,17636,133,1,29,True
lstm_autoencoder,0,primary,0.02,11,2,3,climb,3612,11,1,2,True
lstm_autoencoder,0,primary,0.02,11,2,3,cruise,10521,43,1,9,True
lstm_autoencoder,0,primary,0.02,11,2,3,descent,3503,79,1,18,True
lstm_autoencoder,0,primary,0.02,11,3,3,overall,9831,664,1,38,True
lstm_autoencoder,0,primary,0.02,11,3,3,climb,2031,19,1,1,True
lstm_autoencoder,0,primary,0.02,11,3,3,cruise,3448,23,1,9,True
lstm_autoencoder,0,primary,0.02,11,3,3,descent,4352,622,1,28,True
lstm_autoencoder,0,primary,0.02,11,4,3,overall,13140,127,1,20,True
lstm_autoencoder,0,primary,0.02,11,4,3,climb,2902,13,1,4,True
lstm_autoencoder,0,primary,0.02,11,4,3,cruise,7069,0,0,0,True
lstm_autoencoder,0,primary,0.02,11,4,3,descent,3169,114,1,16,True
lstm_autoencoder,0,primary,0.02,11,5,3,overall,13751,253,1,33,True
lstm_autoencoder,0,primary,0.02,11,5,3,climb,2138,11,1,1,True
lstm_autoencoder,0,primary,0.02,11,5,3,cruise,6376,27,1,4,True
lstm_autoencoder,0,primary,0.02,11,5,3,descent,5237,215,1,28,True
lstm_autoencoder,0,primary,0.02,11,6,3,overall,11689,190,1,47,True
lstm_autoencoder,0,primary,0.02,11,6,3,climb,2583,6,1,3,True
lstm_autoencoder,0,primary,0.02,11,6,3,cruise,5477,56,1,19,True
lstm_autoencoder,0,primary,0.02,11,6,3,descent,3629,128,1,25,True
lstm_autoencoder,0,primary,0.02,11,7,3,overall,11007,255,1,22,True
lstm_autoencoder,0,primary,0.02,11,7,3,climb,2506,10,1,1,True
lstm_autoencoder,0,primary,0.02,11,7,3,cruise,4386,16,1,5,True
lstm_autoencoder,0,primary,0.02,11,7,3,descent,4115,229,1,16,True
lstm_autoencoder,0,primary,0.02,11,8,3,overall,8826,77,1,40,True
lstm_autoencoder,0,primary,0.02,11,8,3,climb,4368,8,1,4,True
lstm_autoencoder,0,primary,0.02,11,8,3,cruise,2947,17,1,10,True
lstm_autoencoder,0,primary,0.02,11,8,3,descent,1511,52,1,26,True
lstm_autoencoder,0,primary,0.02,11,9,3,overall,8928,124,1,23,True
lstm_autoencoder,0,primary,0.02,11,9,3,climb,2151,5,1,3,True
lstm_autoencoder,0,primary,0.02,11,9,3,cruise,4055,9,1,2,True
lstm_autoencoder,0,primary,0.02,11,9,3,descent,2722,110,1,18,True
lstm_autoencoder,0,primary,0.02,11,10,3,overall,13940,234,1,10,True
lstm_autoencoder,0,primary,0.02,11,10,3,climb,3800,16,1,1,True
lstm_autoencoder,0,primary,0.02,11,10,3,cruise,6079,1,1,1,True
lstm_autoencoder,0,primary,0.02,11,10,3,descent,4061,217,1,8,True
lstm_autoencoder,0,primary,0.02,11,11,3,overall,13751,225,1,25,True
lstm_autoencoder,0,primary,0.02,11,11,3,climb,2138,11,1,1,True
lstm_autoencoder,0,primary,0.02,11,11,3,cruise,6376,33,1,4,True
lstm_autoencoder,0,primary,0.02,11,11,3,descent,5237,181,1,20,True
lstm_autoencoder,0,primary,0.02,11,12,3,overall,14346,85,1,22,True
lstm_autoencoder,0,primary,0.02,11,12,3,climb,3405,5,1,1,True
lstm_autoencoder,0,primary,0.02,11,12,3,cruise,2752,26,1,7,True
lstm_autoencoder,0,primary,0.02,11,12,3,descent,8189,54,1,14,True
lstm_autoencoder,0,primary,0.02,11,13,3,overall,10704,82,1,19,True
lstm_autoencoder,0,primary,0.02,11,13,3,climb,2712,16,1,1,True
lstm_autoencoder,0,primary,0.02,11,13,3,cruise,4440,19,1,7,True
lstm_autoencoder,0,primary,0.02,11,13,3,descent,3552,47,1,11,True
lstm_autoencoder,0,primary,0.02,11,14,3,overall,11573,221,1,33,True
lstm_autoencoder,0,primary,0.02,11,14,3,climb,3378,7,1,1,True
lstm_autoencoder,0,primary,0.02,11,14,3,cruise,2869,2,1,1,True
lstm_autoencoder,0,primary,0.02,11,14,3,descent,5326,212,1,31,True
lstm_autoencoder,0,primary,0.02,11,15,3,overall,7701,529,1,33,True
lstm_autoencoder,0,primary,0.02,11,15,3,climb,2139,11,1,2,True
lstm_autoencoder,0,primary,0.02,11,15,3,cruise,1849,0,0,0,True
lstm_autoencoder,0,primary,0.02,11,15,3,descent,3713,518,1,31,True
lstm_autoencoder,0,primary,0.02,11,16,3,overall,11457,246,1,43,True
lstm_autoencoder,0,primary,0.02,11,16,3,climb,3291,7,1,1,True
lstm_autoencoder,0,primary,0.02,11,16,3,cruise,5172,0,0,0,True
lstm_autoencoder,0,primary,0.02,11,16,3,descent,2994,239,1,42,True
lstm_autoencoder,0,primary,0.02,11,17,3,overall,11457,236,1,30,True
lstm_autoencoder,0,primary,0.02,11,17,3,climb,3291,7,1,1,True
lstm_autoencoder,0,primary,0.02,11,17,3,cruise,5172,0,0,0,True
lstm_autoencoder,0,primary,0.02,11,17,3,descent,2994,229,1,29,True
lstm_autoencoder,0,primary,0.02,11,18,3,overall,12562,123,1,22,True
lstm_autoencoder,0,primary,0.02,11,18,3,climb,4727,13,1,1,True
lstm_autoencoder,0,primary,0.02,11,18,3,cruise,3161,21,1,8,True
lstm_autoencoder,0,primary,0.02,11,18,3,descent,4674,89,1,13,True
lstm_autoencoder,0,primary,0.02,14,1,1,overall,2551,20,1,5,False
lstm_autoencoder,0,primary,0.02,14,1,1,climb,79,15,1,1,False
lstm_autoencoder,0,primary,0.02,14,1,1,cruise,2364,3,1,3,False
lstm_autoencoder,0,primary,0.02,14,1,1,descent,108,2,1,2,False
lstm_autoencoder,0,primary,0.02,14,2,1,overall,1528,258,1,18,False
lstm_autoencoder,0,primary,0.02,14,2,1,climb,435,12,1,1,False
lstm_autoencoder,0,primary,0.02,14,2,1,cruise,592,0,0,0,False
lstm_autoencoder,0,primary,0.02,14,2,1,descent,501,246,1,17,False
lstm_autoencoder,0,primary,0.02,14,3,1,overall,1887,53,1,15,False
lstm_autoencoder,0,primary,0.02,14,3,1,climb,227,1,1,1,False
lstm_autoencoder,0,primary,0.02,14,3,1,cruise,1396,47,1,10,False
lstm_autoencoder,0,primary,0.02,14,3,1,descent,264,5,1,4,False
lstm_autoencoder,0,primary,0.02,14,4,1,overall,1303,177,1,22,False
lstm_autoencoder,0,primary,0.02,14,4,1,climb,87,29,1,2,False
lstm_autoencoder,0,primary,0.02,14,4,1,cruise,1069,139,1,18,False
lstm_autoencoder,0,primary,0.02,14,4,1,descent,147,9,1,2,False
lstm_autoencoder,0,primary,0.02,14,5,1,overall,2641,51,1,13,False
lstm_autoencoder,0,primary,0.02,14,5,1,climb,1059,24,1,5,False
lstm_autoencoder,0,primary,0.02,14,5,1,cruise,390,0,0,0,False
lstm_autoencoder,0,primary,0.02,14,5,1,descent,1192,27,1,8,False
lstm_autoencoder,0,primary,0.02,14,6,1,overall,2918,40,1,5,False
lstm_autoencoder,0,primary,0.02,14,6,1,climb,222,19,1,2,False
lstm_autoencoder,0,primary,0.02,14,6,1,cruise,1468,18,1,2,False
lstm_autoencoder,0,primary,0.02,14,6,1,descent,1228,3,1,1,False
lstm_autoencoder,0,primary,0.02,14,7,1,overall,1303,180,1,22,False
lstm_autoencoder,0,primary,0.02,14,7,1,climb,87,30,1,3,False
lstm_autoencoder,0,primary,0.02,14,7,1,cruise,1069,141,1,17,False
lstm_autoencoder,0,primary,0.02,14,7,1,descent,147,9,1,2,False
lstm_autoencoder,0,primary,0.02,14,8,1,overall,2551,20,1,5,False
lstm_autoencoder,0,primary,0.02,14,8,1,climb,79,15,1,1,False
lstm_autoencoder,0,primary,0.02,14,8,1,cruise,2364,3,1,3,False
lstm_autoencoder,0,primary,0.02,14,8,1,descent,108,2,1,2,False
lstm_autoencoder,0,primary,0.02,14,9,1,overall,1706,41,1,6,False
lstm_autoencoder,0,primary,0.02,14,9,1,climb,38,5,1,1,False
lstm_autoencoder,0,primary,0.02,14,9,1,cruise,47,0,0,0,False
lstm_autoencoder,0,primary,0.02,14,9,1,descent,1621,36,1,5,False
lstm_autoencoder,0,primary,0.02,14,10,1,overall,1706,41,1,6,False
lstm_autoencoder,0,primary,0.02,14,10,1,climb,38,5,1,1,False
lstm_autoencoder,0,primary,0.02,14,10,1,cruise,47,0,0,0,False
lstm_autoencoder,0,primary,0.02,14,10,1,descent,1621,36,1,5,False
lstm_autoencoder,0,primary,0.02,14,11,1,overall,2346,47,1,4,False
lstm_autoencoder,0,primary,0.02,14,11,1,climb,482,16,1,1,False
lstm_autoencoder,0,primary,0.02,14,11,1,cruise,1040,28,1,2,False
lstm_autoencoder,0,primary,0.02,14,11,1,descent,824,3,1,1,False
lstm_autoencoder,0,primary,0.02,14,12,1,overall,2641,48,1,13,False
lstm_autoencoder,0,primary,0.02,14,12,1,climb,1059,24,1,5,False
lstm_autoencoder,0,primary,0.02,14,12,1,cruise,390,0,0,0,False
lstm_autoencoder,0,primary,0.02,14,12,1,descent,1192,24,1,8,False
lstm_autoencoder,0,primary,0.02,14,13,1,overall,1303,182,1,23,False
lstm_autoencoder,0,primary,0.02,14,13,1,climb,87,30,1,3,False
lstm_autoencoder,0,primary,0.02,14,13,1,cruise,1069,143,1,18,False
lstm_autoencoder,0,primary,0.02,14,13,1,descent,147,9,1,2,False
lstm_autoencoder,0,primary,0.02,14,14,1,overall,2629,141,1,7,False
lstm_autoencoder,0,primary,0.02,14,14,1,climb,490,0,0,0,False
lstm_autoencoder,0,primary,0.02,14,14,1,cruise,1339,0,0,0,False
lstm_autoencoder,0,primary,0.02,14,14,1,descent,800,141,1,7,False
lstm_autoencoder,0,primary,0.02,14,15,1,overall,1930,7,1,3,False
lstm_autoencoder,0,primary,0.02,14,15,1,climb,486,4,1,1,False
lstm_autoencoder,0,primary,0.02,14,15,1,cruise,795,0,0,0,False
lstm_autoencoder,0,primary,0.02,14,15,1,descent,649,3,1,2,False
lstm_autoencoder,0,primary,0.02,14,16,1,overall,1528,266,1,13,False
lstm_autoencoder,0,primary,0.02,14,16,1,climb,435,12,1,1,False
lstm_autoencoder,0,primary,0.02,14,16,1,cruise,592,0,0,0,False
lstm_autoencoder,0,primary,0.02,14,16,1,descent,501,254,1,12,False
lstm_autoencoder,0,primary,0.02,14,17,1,overall,2641,59,1,12,False
lstm_autoencoder,0,primary,0.02,14,17,1,climb,1059,26,1,4,False
lstm_autoencoder,0,primary,0.02,14,17,1,cruise,390,0,0,0,False
lstm_autoencoder,0,primary,0.02,14,17,1,descent,1192,33,1,8,False
lstm_autoencoder,0,primary,0.02,14,18,1,overall,2629,131,1,10,False
lstm_autoencoder,0,primary,0.02,14,18,1,climb,490,0,0,0,False
lstm_autoencoder,0,primary,0.02,14,18,1,cruise,1339,0,0,0,False
lstm_autoencoder,0,primary,0.02,14,18,1,descent,800,131,1,10,False
lstm_autoencoder,0,primary,0.02,14,19,1,overall,1706,41,1,6,False
lstm_autoencoder,0,primary,0.02,14,19,1,climb,38,5,1,1,False
lstm_autoencoder,0,primary,0.02,14,19,1,cruise,47,0,0,0,False
lstm_autoencoder,0,primary,0.02,14,19,1,descent,1621,36,1,5,False
lstm_autoencoder,0,primary,0.02,14,20,1,overall,2629,136,1,11,False
lstm_autoencoder,0,primary,0.02,14,20,1,climb,490,0,0,0,False
lstm_autoencoder,0,primary,0.02,14,20,1,cruise,1339,0,0,0,False
lstm_autoencoder,0,primary,0.02,14,20,1,descent,800,136,1,11,False
lstm_autoencoder,0,primary,0.02,14,21,1,overall,1706,41,1,6,False
lstm_autoencoder,0,primary,0.02,14,21,1,climb,38,5,1,1,False
lstm_autoencoder,0,primary,0.02,14,21,1,cruise,47,0,0,0,False
lstm_autoencoder,0,primary,0.02,14,21,1,descent,1621,36,1,5,False
lstm_autoencoder,0,primary,0.02,14,22,1,overall,1887,80,1,14,False
lstm_autoencoder,0,primary,0.02,14,22,1,climb,227,2,1,1,False
lstm_autoencoder,0,primary,0.02,14,22,1,cruise,1396,49,1,10,False
lstm_autoencoder,0,primary,0.02,14,22,1,descent,264,29,1,3,False
lstm_autoencoder,0,primary,0.02,14,23,1,overall,2629,139,1,7,False
lstm_autoencoder,0,primary,0.02,14,23,1,climb,490,0,0,0,False
lstm_autoencoder,0,primary,0.02,14,23,1,cruise,1339,0,0,0,False
lstm_autoencoder,0,primary,0.02,14,23,1,descent,800,139,1,7,False
lstm_autoencoder,0,primary,0.02,14,24,1,overall,2641,67,1,18,False
lstm_autoencoder,0,primary,0.02,14,24,1,climb,1059,28,1,2,False
lstm_autoencoder,0,primary,0.02,14,24,1,cruise,390,0,0,0,False
lstm_autoencoder,0,primary,0.02,14,24,1,descent,1192,39,1,16,False
lstm_autoencoder,0,primary,0.02,14,25,1,overall,2551,21,1,5,False
lstm_autoencoder,0,primary,0.02,14,25,1,climb,79,16,1,1,False
lstm_autoencoder,0,primary,0.02,14,25,1,cruise,2364,3,1,3,False
lstm_autoencoder,0,primary,0.02,14,25,1,descent,108,2,1,2,False
lstm_autoencoder,0,primary,0.02,14,26,1,overall,2034,21,1,6,False
lstm_autoencoder,0,primary,0.02,14,26,1,climb,135,15,1,3,False
lstm_autoencoder,0,primary,0.02,14,26,1,cruise,84,0,0,0,False
lstm_autoencoder,0,primary,0.02,14,26,1,descent,1815,6,1,3,False
lstm_autoencoder,0,primary,0.02,14,27,1,overall,1887,91,1,15,False
lstm_autoencoder,0,primary,0.02,14,27,1,climb,227,2,1,1,False
lstm_autoencoder,0,primary,0.02,14,27,1,cruise,1396,47,1,10,False
lstm_autoencoder,0,primary,0.02,14,27,1,descent,264,42,1,4,False
lstm_autoencoder,0,primary,0.02,14,28,1,overall,2629,174,1,13,False
lstm_autoencoder,0,primary,0.02,14,28,1,climb,490,0,0,0,False
lstm_autoencoder,0,primary,0.02,14,28,1,cruise,1339,0,0,0,False
lstm_autoencoder,0,primary,0.02,14,28,1,descent,800,174,1,13,False
lstm_autoencoder,0,primary,0.02,14,29,1,overall,1887,89,1,12,False
lstm_autoencoder,0,primary,0.02,14,29,1,climb,227,2,1,1,False
lstm_autoencoder,0,primary,0.02,14,29,1,cruise,1396,54,1,9,False
lstm_autoencoder,0,primary,0.02,14,29,1,descent,264,33,1,2,False
lstm_autoencoder,0,primary,0.02,14,30,1,overall,1528,286,1,12,False
lstm_autoencoder,0,primary,0.02,14,30,1,climb,435,12,1,1,False
lstm_autoencoder,0,primary,0.02,14,30,1,cruise,592,0,0,0,False
lstm_autoencoder,0,primary,0.02,14,30,1,descent,501,274,1,11,False
lstm_autoencoder,0,primary,0.02,14,31,1,overall,2629,188,1,10,False
lstm_autoencoder,0,primary,0.02,14,31,1,climb,490,0,0,0,False
lstm_autoencoder,0,primary,0.02,14,31,1,cruise,1339,0,0,0,False
lstm_autoencoder,0,primary,0.02,14,31,1,descent,800,188,1,10,False
lstm_autoencoder,0,primary,0.02,14,32,1,overall,1006,34,1,8,False
lstm_autoencoder,0,primary,0.02,14,32,1,climb,262,15,1,2,False
lstm_autoencoder,0,primary,0.02,14,32,1,cruise,356,13,1,1,False
lstm_autoencoder,0,primary,0.02,14,32,1,descent,388,6,1,5,False
lstm_autoencoder,0,primary,0.02,14,33,1,overall,1528,292,1,17,False
lstm_autoencoder,0,primary,0.02,14,33,1,climb,435,12,1,1,False
lstm_autoencoder,0,primary,0.02,14,33,1,cruise,592,0,0,0,False
lstm_autoencoder,0,primary,0.02,14,33,1,descent,501,280,1,16,False
lstm_autoencoder,0,primary,0.02,14,34,1,overall,1944,93,1,10,False
lstm_autoencoder,0,primary,0.02,14,34,1,climb,142,8,1,1,False
lstm_autoencoder,0,primary,0.02,14,34,1,cruise,1554,7,1,4,False
lstm_autoencoder,0,primary,0.02,14,34,1,descent,248,78,1,5,False
lstm_autoencoder,0,primary,0.02,14,35,1,overall,1706,42,1,6,False
lstm_autoencoder,0,primary,0.02,14,35,1,climb,38,6,1,1,False
lstm_autoencoder,0,primary,0.02,14,35,1,cruise,47,0,0,0,False
lstm_autoencoder,0,primary,0.02,14,35,1,descent,1621,36,1,5,False
lstm_autoencoder,0,primary,0.02,15,1,2,overall,2669,303,1,10,False
lstm_autoencoder,0,primary,0.02,15,1,2,climb,625,1,1,1,False
lstm_autoencoder,0,primary,0.02,15,1,2,cruise,752,0,0,0,False
lstm_autoencoder,0,primary,0.02,15,1,2,descent,1292,302,1,9,False
lstm_autoencoder,0,primary,0.02,15,2,2,overall,7711,28,1,3,False
lstm_autoencoder,0,primary,0.02,15,2,2,climb,2028,24,1,1,False
lstm_autoencoder,0,primary,0.02,15,2,2,cruise,3298,0,0,0,False
lstm_autoencoder,0,primary,0.02,15,2,2,descent,2385,4,1,2,False
lstm_autoencoder,0,primary,0.02,15,3,2,overall,5503,211,1,58,False
lstm_autoencoder,0,primary,0.02,15,3,2,climb,3519,13,1,1,False
lstm_autoencoder,0,primary,0.02,15,3,2,cruise,722,16,1,8,False
lstm_autoencoder,0,primary,0.02,15,3,2,descent,1262,182,1,49,False
lstm_autoencoder,0,primary,0.02,15,4,2,overall,6372,91,1,15,False
lstm_autoencoder,0,primary,0.02,15,4,2,climb,2754,28,1,2,False
lstm_autoencoder,0,primary,0.02,15,4,2,cruise,2405,1,1,1,False
lstm_autoencoder,0,primary,0.02,15,4,2,descent,1213,62,1,12,False
lstm_autoencoder,0,primary,0.02,15,5,2,overall,6075,65,1,3,False
lstm_autoencoder,0,primary,0.02,15,5,2,climb,1642,11,1,1,False
lstm_autoencoder,0,primary,0.02,15,5,2,cruise,2509,0,0,0,False
lstm_autoencoder,0,primary,0.02,15,5,2,descent,1924,54,1,2,False
lstm_autoencoder,0,primary,0.02,15,6,2,overall,9157,124,1,13,False
lstm_autoencoder,0,primary,0.02,15,6,2,climb,3584,16,1,2,False
lstm_autoencoder,0,primary,0.02,15,6,2,cruise,2702,73,1,4,False
lstm_autoencoder,0,primary,0.02,15,6,2,descent,2871,35,1,7,False
lstm_autoencoder,0,primary,0.02,15,7,2,overall,5892,178,1,29,False
lstm_autoencoder,0,primary,0.02,15,7,2,climb,2990,17,1,6,False
lstm_autoencoder,0,primary,0.02,15,7,2,cruise,2120,8,1,5,False
lstm_autoencoder,0,primary,0.02,15,7,2,descent,782,153,1,18,False
lstm_autoencoder,0,primary,0.02,15,8,2,overall,4015,59,1,6,False
lstm_autoencoder,0,primary,0.02,15,8,2,climb,748,10,1,1,False
lstm_autoencoder,0,primary,0.02,15,8,2,cruise,1371,0,0,0,False
lstm_autoencoder,0,primary,0.02,15,8,2,descent,1896,49,1,5,False
lstm_autoencoder,0,primary,0.02,15,9,2,overall,8714,148,1,27,False
lstm_autoencoder,0,primary,0.02,15,9,2,climb,2650,14,1,1,False
lstm_autoencoder,0,primary,0.02,15,9,2,cruise,4542,37,1,15,False
lstm_autoencoder,0,primary,0.02,15,9,2,descent,1522,97,1,11,False
lstm_autoencoder,0,primary,0.02,15,10,2,overall,5218,93,1,33,False
lstm_autoencoder,0,primary,0.02,15,10,2,climb,2439,10,1,2,False
lstm_autoencoder,0,primary,0.02,15,10,2,cruise,1376,0,0,0,False
lstm_autoencoder,0,primary,0.02,15,10,2,descent,1403,83,1,31,False
lstm_autoencoder,0,primary,0.02,15,11,2,overall,6001,91,1,22,False
lstm_autoencoder,0,primary,0.02,15,11,2,climb,2203,16,1,1,False
lstm_autoencoder,0,primary,0.02,15,11,2,cruise,2046,0,0,0,False
lstm_autoencoder,0,primary,0.02,15,11,2,descent,1752,75,1,21,False
lstm_autoencoder,0,primary,0.02,15,12,2,overall,8363,229,1,12,False
lstm_autoencoder,0,primary,0.02,15,12,2,climb,1990,6,1,1,False
lstm_autoencoder,0,primary,0.02,15,12,2,cruise,3014,0,0,0,False
lstm_autoencoder,0,primary,0.02,15,12,2,descent,3359,223,1,11,False
lstm_autoencoder,0,primary,0.02,15,13,2,overall,5761,43,1,14,False
lstm_autoencoder,0,primary,0.02,15,13,2,climb,1671,4,1,1,False
lstm_autoencoder,0,primary,0.02,15,13,2,cruise,2573,0,0,0,False
lstm_autoencoder,0,primary,0.02,15,13,2,descent,1517,39,1,13,False
lstm_autoencoder,0,primary,0.02,15,14,2,overall,6942,25,1,4,False
lstm_autoencoder,0,primary,0.02,15,14,2,climb,2058,17,1,1,False
lstm_autoencoder,0,primary,0.02,15,14,2,cruise,3278,0,0,0,False
lstm_autoencoder,0,primary,0.02,15,14,2,descent,1606,8,1,3,False
lstm_autoencoder,0,primary,0.02,15,15,2,overall,8154,611,1,22,False
lstm_autoencoder,0,primary,0.02,15,15,2,climb,2033,15,1,1,False
lstm_autoencoder,0,primary,0.02,15,15,2,cruise,2970,42,1,10,False
lstm_autoencoder,0,primary,0.02,15,15,2,descent,3151,554,1,11,False
lstm_autoencoder,0,primary,0.02,15,16,2,overall,5218,81,1,30,False
lstm_autoencoder,0,primary,0.02,15,16,2,climb,2439,10,1,2,False
lstm_autoencoder,0,primary,0.02,15,16,2,cruise,1376,0,0,0,False
lstm_autoencoder,0,primary,0.02,15,16,2,descent,1403,71,1,28,False
lstm_autoencoder,0,primary,0.02,15,17,2,overall,5804,210,1,20,False
lstm_autoencoder,0,primary,0.02,15,17,2,climb,1845,5,1,1,False
lstm_autoencoder,0,primary,0.02,15,17,2,cruise,2329,0,0,0,False
lstm_autoencoder,0,primary,0.02,15,17,2,descent,1630,205,1,19,False
lstm_autoencoder,0,primary,0.02,15,18,2,overall,8154,574,1,26,False
lstm_autoencoder,0,primary,0.02,15,18,2,climb,2033,15,1,1,False
lstm_autoencoder,0,primary,0.02,15,18,2,cruise,2970,39,1,13,False
lstm_autoencoder,0,primary,0.02,15,18,2,descent,3151,520,1,12,False
lstm_autoencoder,0,primary,0.02,15,19,2,overall,6782,252,1,56,False
lstm_autoencoder,0,primary,0.02,15,19,2,climb,2887,13,1,1,False
lstm_autoencoder,0,primary,0.02,15,19,2,cruise,1196,20,1,11,False
lstm_autoencoder,0,primary,0.02,15,19,2,descent,2699,219,1,44,False
lstm_autoencoder,0,primary,0.02,15,20,2,overall,6265,103,1,11,False
lstm_autoencoder,0,primary,0.02,15,20,2,climb,1256,6,1,2,False
lstm_autoencoder,0,primary,0.02,15,20,2,cruise,2569,0,0,0,False
lstm_autoencoder,0,primary,0.02,15,20,2,descent,2440,97,1,9,False
lstm_autoencoder,0,primary,0.02,15,21,2,overall,6381,62,1,13,False
lstm_autoencoder,0,primary,0.02,15,21,2,climb,1264,19,1,3,False
lstm_autoencoder,0,primary,0.02,15,21,2,cruise,2088,0,0,0,False
lstm_autoencoder,0,primary,0.02,15,21,2,descent,3029,43,1,10,False
lstm_autoencoder,0,primary,0.02,15,22,2,overall,5501,109,1,30,False
lstm_autoencoder,0,primary,0.02,15,22,2,climb,2343,37,1,14,False
lstm_autoencoder,0,primary,0.02,15,22,2,cruise,1857,0,0,0,False
lstm_autoencoder,0,primary,0.02,15,22,2,descent,1301,72,1,16,False
lstm_autoencoder,0,primary,0.02,15,23,2,overall,6887,344,1,8,False
lstm_autoencoder,0,primary,0.02,15,23,2,climb,1788,17,1,1,False
lstm_autoencoder,0,primary,0.02,15,23,2,cruise,3403,0,0,0,False
lstm_autoencoder,0,primary,0.02,15,23,2,descent,1696,327,1,7,False
lstm_autoencoder,0,alt_rate,0.005,11,1,3,overall,11007,30,1,13,True
lstm_autoencoder,0,alt_rate,0.005,11,1,3,climb,2930,7,1,1,True
lstm_autoencoder,0,alt_rate,0.005,11,1,3,cruise,3885,6,1,3,True
lstm_autoencoder,0,alt_rate,0.005,11,1,3,descent,4192,17,1,9,True
lstm_autoencoder,0,alt_rate,0.005,11,2,3,overall,17636,73,1,32,True
lstm_autoencoder,0,alt_rate,0.005,11,2,3,climb,3879,9,1,1,True
lstm_autoencoder,0,alt_rate,0.005,11,2,3,cruise,9869,23,1,10,True
lstm_autoencoder,0,alt_rate,0.005,11,2,3,descent,3888,41,1,21,True
lstm_autoencoder,0,alt_rate,0.005,11,3,3,overall,9831,51,1,15,True
lstm_autoencoder,0,alt_rate,0.005,11,3,3,climb,2327,14,1,1,True
lstm_autoencoder,0,alt_rate,0.005,11,3,3,cruise,2755,9,1,4,True
lstm_autoencoder,0,alt_rate,0.005,11,3,3,descent,4749,28,1,10,True
lstm_autoencoder,0,alt_rate,0.005,11,4,3,overall,13140,45,1,16,True
lstm_autoencoder,0,alt_rate,0.005,11,4,3,climb,3297,8,1,2,True
lstm_autoencoder,0,alt_rate,0.005,11,4,3,cruise,6273,0,0,0,True
lstm_autoencoder,0,alt_rate,0.005,11,4,3,descent,3570,37,1,14,True
lstm_autoencoder,0,alt_rate,0.005,11,5,3,overall,13751,132,1,58,True
lstm_autoencoder,0,alt_rate,0.005,11,5,3,climb,2298,6,1,1,True
lstm_autoencoder,0,alt_rate,0.005,11,5,3,cruise,6278,19,1,9,True
lstm_autoencoder,0,alt_rate,0.005,11,5,3,descent,5175,107,1,48,True
lstm_autoencoder,0,alt_rate,0.005,11,6,3,overall,11689,74,1,37,True
lstm_autoencoder,0,alt_rate,0.005,11,6,3,climb,1743,1,1,1,True
lstm_autoencoder,0,alt_rate,0.005,11,6,3,cruise,6205,6,1,4,True
lstm_autoencoder,0,alt_rate,0.005,11,6,3,descent,3741,67,1,32,True
lstm_autoencoder,0,alt_rate,0.005,11,7,3,overall,11007,33,1,13,True
lstm_autoencoder,0,alt_rate,0.005,11,7,3,climb,2930,7,1,1,True
lstm_autoencoder,0,alt_rate,0.005,11,7,3,cruise,3885,7,1,4,True
lstm_autoencoder,0,alt_rate,0.005,11,7,3,descent,4192,19,1,8,True
lstm_autoencoder,0,alt_rate,0.005,11,8,3,overall,8826,6,1,3,True
lstm_autoencoder,0,alt_rate,0.005,11,8,3,climb,4070,0,0,0,True
lstm_autoencoder,0,alt_rate,0.005,11,8,3,cruise,3030,0,0,0,True
lstm_autoencoder,0,alt_rate,0.005,11,8,3,descent,1726,6,1,3,True
lstm_autoencoder,0,alt_rate,0.005,11,9,3,overall,8928,20,1,7,True
lstm_autoencoder,0,alt_rate,0.005,11,9,3,climb,2568,3,1,2,True
lstm_autoencoder,0,alt_rate,0.005,11,9,3,cruise,3414,0,0,0,True
lstm_autoencoder,0,alt_rate,0.005,11,9,3,descent,2946,17,1,5,True
lstm_autoencoder,0,alt_rate,0.005,11,10,3,overall,13940,49,1,5,True
lstm_autoencoder,0,alt_rate,0.005,11,10,3,climb,4340,9,1,1,True
lstm_autoencoder,0,alt_rate,0.005,11,10,3,cruise,5054,0,0,0,True
lstm_autoencoder,0,alt_rate,0.005,11,10,3,descent,4546,40,1,4,True
lstm_autoencoder,0,alt_rate,0.005,11,11,3,overall,13751,124,1,44,True
lstm_autoencoder,0,alt_rate,0.005,11,11,3,climb,2298,6,1,1,True
lstm_autoencoder,0,alt_rate,0.005,11,11,3,cruise,6278,25,1,10,True
lstm_autoencoder,0,alt_rate,0.005,11,11,3,descent,5175,93,1,33,True
lstm_autoencoder,0,alt_rate,0.005,11,12,3,overall,14346,42,1,13,True
lstm_autoencoder,0,alt_rate,0.005,11,12,3,climb,3497,9,1,5,True
lstm_autoencoder,0,alt_rate,0.005,11,12,3,cruise,6768,0,0,0,True
lstm_autoencoder,0,alt_rate,0.005,11,12,3,descent,4081,33,1,8,True
lstm_autoencoder,0,alt_rate,0.005,11,13,3,overall,10704,29,1,8,True
lstm_autoencoder,0,alt_rate,0.005,11,13,3,climb,3236,10,1,1,True
lstm_autoencoder,0,alt_rate,0.005,11,13,3,cruise,4152,6,1,3,True
lstm_autoencoder,0,alt_rate,0.005,11,13,3,descent,3316,13,1,4,True
lstm_autoencoder,0,alt_rate,0.005,11,14,3,overall,11573,95,1,43,True
lstm_autoencoder,0,alt_rate,0.005,11,14,3,climb,3665,4,1,1,True
lstm_autoencoder,0,alt_rate,0.005,11,14,3,cruise,3719,2,1,2,True
lstm_autoencoder,0,alt_rate,0.005,11,14,3,descent,4189,89,1,40,True
lstm_autoencoder,0,alt_rate,0.005,11,15,3,overall,7701,261,1,29,True
lstm_autoencoder,0,alt_rate,0.005,11,15,3,climb,2453,4,1,2,True
lstm_autoencoder,0,alt_rate,0.005,11,15,3,cruise,1248,0,0,0,True
lstm_autoencoder,0,alt_rate,0.005,11,15,3,descent,4000,257,1,27,True
lstm_autoencoder,0,alt_rate,0.005,11,16,3,overall,11457,33,1,14,True
lstm_autoencoder,0,alt_rate,0.005,11,16,3,climb,3793,4,1,2,True
lstm_autoencoder,0,alt_rate,0.005,11,16,3,cruise,4388,0,0,0,True
lstm_autoencoder,0,alt_rate,0.005,11,16,3,descent,3276,29,1,12,True
lstm_autoencoder,0,alt_rate,0.005,11,17,3,overall,11457,43,1,14,True
lstm_autoencoder,0,alt_rate,0.005,11,17,3,climb,3793,4,1,2,True
lstm_autoencoder,0,alt_rate,0.005,11,17,3,cruise,4388,0,0,0,True
lstm_autoencoder,0,alt_rate,0.005,11,17,3,descent,3276,39,1,12,True
lstm_autoencoder,0,alt_rate,0.005,11,18,3,overall,12562,24,1,13,True
lstm_autoencoder,0,alt_rate,0.005,11,18,3,climb,5390,6,1,3,True
lstm_autoencoder,0,alt_rate,0.005,11,18,3,cruise,2282,0,0,0,True
lstm_autoencoder,0,alt_rate,0.005,11,18,3,descent,4890,18,1,10,True
lstm_autoencoder,0,alt_rate,0.005,14,1,1,overall,2551,10,1,2,False
lstm_autoencoder,0,alt_rate,0.005,14,1,1,climb,94,9,1,1,False
lstm_autoencoder,0,alt_rate,0.005,14,1,1,cruise,2339,0,0,0,False
lstm_autoencoder,0,alt_rate,0.005,14,1,1,descent,118,1,1,1,False
lstm_autoencoder,0,alt_rate,0.005,14,2,1,overall,1528,11,1,3,False
lstm_autoencoder,0,alt_rate,0.005,14,2,1,climb,495,7,1,1,False
lstm_autoencoder,0,alt_rate,0.005,14,2,1,cruise,475,0,0,0,False
lstm_autoencoder,0,alt_rate,0.005,14,2,1,descent,558,4,1,2,False
lstm_autoencoder,0,alt_rate,0.005,14,3,1,overall,1887,16,1,4,False
lstm_autoencoder,0,alt_rate,0.005,14,3,1,climb,262,0,0,0,False
lstm_autoencoder,0,alt_rate,0.005,14,3,1,cruise,1323,10,1,3,False
lstm_autoencoder,0,alt_rate,0.005,14,3,1,descent,302,6,1,1,False
lstm_autoencoder,0,alt_rate,0.005,14,4,1,overall,1303,71,1,13,False
lstm_autoencoder,0,alt_rate,0.005,14,4,1,climb,96,25,1,1,False
lstm_autoencoder,0,alt_rate,0.005,14,4,1,cruise,1050,45,1,11,False
lstm_autoencoder,0,alt_rate,0.005,14,4,1,descent,157,1,1,1,False
lstm_autoencoder,0,alt_rate,0.005,14,5,1,overall,2641,12,1,1,False
lstm_autoencoder,0,alt_rate,0.005,14,5,1,climb,1220,12,1,1,False
lstm_autoencoder,0,alt_rate,0.005,14,5,1,cruise,41,0,0,0,False
lstm_autoencoder,0,alt_rate,0.005,14,5,1,descent,1380,0,0,0,False
lstm_autoencoder,0,alt_rate,0.005,14,6,1,overall,2918,16,1,2,False
lstm_autoencoder,0,alt_rate,0.005,14,6,1,climb,265,13,1,1,False
lstm_autoencoder,0,alt_rate,0.005,14,6,1,cruise,1361,0,0,0,False
lstm_autoencoder,0,alt_rate,0.005,14,6,1,descent,1292,3,1,1,False
lstm_autoencoder,0,alt_rate,0.005,14,7,1,overall,1303,72,1,13,False
lstm_autoencoder,0,alt_rate,0.005,14,7,1,climb,96,25,1,1,False
lstm_autoencoder,0,alt_rate,0.005,14,7,1,cruise,1050,46,1,11,False
lstm_autoencoder,0,alt_rate,0.005,14,7,1,descent,157,1,1,1,False
lstm_autoencoder,0,alt_rate,0.005,14,8,1,overall,2551,9,1,1,False
lstm_autoencoder,0,alt_rate,0.005,14,8,1,climb,94,9,1,1,False
lstm_autoencoder,0,alt_rate,0.005,14,8,1,cruise,2339,0,0,0,False
lstm_autoencoder,0,alt_rate,0.005,14,8,1,descent,118,0,0,0,False
lstm_autoencoder,0,alt_rate,0.005,14,9,1,overall,1706,32,1,4,False
lstm_autoencoder,0,alt_rate,0.005,14,9,1,climb,33,1,1,1,False
lstm_autoencoder,0,alt_rate,0.005,14,9,1,cruise,59,0,0,0,False
lstm_autoencoder,0,alt_rate,0.005,14,9,1,descent,1614,31,1,3,False
lstm_autoencoder,0,alt_rate,0.005,14,10,1,overall,1706,32,1,4,False
lstm_autoencoder,0,alt_rate,0.005,14,10,1,climb,33,1,1,1,False
lstm_autoencoder,0,alt_rate,0.005,14,10,1,cruise,59,0,0,0,False
lstm_autoencoder,0,alt_rate,0.005,14,10,1,descent,1614,31,1,3,False
lstm_autoencoder,0,alt_rate,0.005,14,11,1,overall,2346,9,1,1,False
lstm_autoencoder,0,alt_rate,0.005,14,11,1,climb,539,9,1,1,False
lstm_autoencoder,0,alt_rate,0.005,14,11,1,cruise,891,0,0,0,False
lstm_autoencoder,0,alt_rate,0.005,14,11,1,descent,916,0,0,0,False
lstm_autoencoder,0,alt_rate,0.005,14,12,1,overall,2641,12,1,1,False
lstm_autoencoder,0,alt_rate,0.005,14,12,1,climb,1220,12,1,1,False
lstm_autoencoder,0,alt_rate,0.005,14,12,1,cruise,41,0,0,0,False
lstm_autoencoder,0,alt_rate,0.005,14,12,1,descent,1380,0,0,0,False
lstm_autoencoder,0,alt_rate,0.005,14,13,1,overall,1303,71,1,12,False
lstm_autoencoder,0,alt_rate,0.005,14,13,1,climb,96,25,1,1,False
lstm_autoencoder,0,alt_rate,0.005,14,13,1,cruise,1050,45,1,10,False
lstm_autoencoder,0,alt_rate,0.005,14,13,1,descent,157,1,1,1,False
lstm_autoencoder,0,alt_rate,0.005,14,14,1,overall,2629,1,1,1,False
lstm_autoencoder,0,alt_rate,0.005,14,14,1,climb,563,0,0,0,False
lstm_autoencoder,0,alt_rate,0.005,14,14,1,cruise,1152,0,0,0,False
lstm_autoencoder,0,alt_rate,0.005,14,14,1,descent,914,1,1,1,False
lstm_autoencoder,0,alt_rate,0.005,14,15,1,overall,1930,3,1,2,False
lstm_autoencoder,0,alt_rate,0.005,14,15,1,climb,545,2,1,1,False
lstm_autoencoder,0,alt_rate,0.005,14,15,1,cruise,661,0,0,0,False
lstm_autoencoder,0,alt_rate,0.005,14,15,1,descent,724,1,1,1,False
lstm_autoencoder,0,alt_rate,0.005,14,16,1,overall,1528,11,1,3,False
lstm_autoencoder,0,alt_rate,0.005,14,16,1,climb,495,7,1,1,False
lstm_autoencoder,0,alt_rate,0.005,14,16,1,cruise,475,0,0,0,False
lstm_autoencoder,0,alt_rate,0.005,14,16,1,descent,558,4,1,2,False
lstm_autoencoder,0,alt_rate,0.005,14,17,1,overall,2641,12,1,1,False
lstm_autoencoder,0,alt_rate,0.005,14,17,1,climb,1220,12,1,1,False
lstm_autoencoder,0,alt_rate,0.005,14,17,1,cruise,41,0,0,0,False
lstm_autoencoder,0,alt_rate,0.005,14,17,1,descent,1380,0,0,0,False
lstm_autoencoder,0,alt_rate,0.005,14,18,1,overall,2629,1,1,1,False
lstm_autoencoder,0,alt_rate,0.005,14,18,1,climb,563,0,0,0,False
lstm_autoencoder,0,alt_rate,0.005,14,18,1,cruise,1152,0,0,0,False
lstm_autoencoder,0,alt_rate,0.005,14,18,1,descent,914,1,1,1,False
lstm_autoencoder,0,alt_rate,0.005,14,19,1,overall,1706,32,1,4,False
lstm_autoencoder,0,alt_rate,0.005,14,19,1,climb,33,1,1,1,False
lstm_autoencoder,0,alt_rate,0.005,14,19,1,cruise,59,0,0,0,False
lstm_autoencoder,0,alt_rate,0.005,14,19,1,descent,1614,31,1,3,False
lstm_autoencoder,0,alt_rate,0.005,14,20,1,overall,2629,1,1,1,False
lstm_autoencoder,0,alt_rate,0.005,14,20,1,climb,563,0,0,0,False
lstm_autoencoder,0,alt_rate,0.005,14,20,1,cruise,1152,0,0,0,False
lstm_autoencoder,0,alt_rate,0.005,14,20,1,descent,914,1,1,1,False
lstm_autoencoder,0,alt_rate,0.005,14,21,1,overall,1706,32,1,4,False
lstm_autoencoder,0,alt_rate,0.005,14,21,1,climb,33,1,1,1,False
lstm_autoencoder,0,alt_rate,0.005,14,21,1,cruise,59,0,0,0,False
lstm_autoencoder,0,alt_rate,0.005,14,21,1,descent,1614,31,1,3,False
lstm_autoencoder,0,alt_rate,0.005,14,22,1,overall,1887,19,1,5,False
lstm_autoencoder,0,alt_rate,0.005,14,22,1,climb,262,0,0,0,False
lstm_autoencoder,0,alt_rate,0.005,14,22,1,cruise,1323,13,1,4,False
lstm_autoencoder,0,alt_rate,0.005,14,22,1,descent,302,6,1,1,False
lstm_autoencoder,0,alt_rate,0.005,14,23,1,overall,2629,1,1,1,False
lstm_autoencoder,0,alt_rate,0.005,14,23,1,climb,563,0,0,0,False
lstm_autoencoder,0,alt_rate,0.005,14,23,1,cruise,1152,0,0,0,False
lstm_autoencoder,0,alt_rate,0.005,14,23,1,descent,914,1,1,1,False
lstm_autoencoder,0,alt_rate,0.005,14,24,1,overall,2641,12,1,1,False
lstm_autoencoder,0,alt_rate,0.005,14,24,1,climb,1220,12,1,1,False
lstm_autoencoder,0,alt_rate,0.005,14,24,1,cruise,41,0,0,0,False
lstm_autoencoder,0,alt_rate,0.005,14,24,1,descent,1380,0,0,0,False
lstm_autoencoder,0,alt_rate,0.005,14,25,1,overall,2551,11,1,2,False
lstm_autoencoder,0,alt_rate,0.005,14,25,1,climb,94,9,1,1,False
lstm_autoencoder,0,alt_rate,0.005,14,25,1,cruise,2339,0,0,0,False
lstm_autoencoder,0,alt_rate,0.005,14,25,1,descent,118,2,1,1,False
lstm_autoencoder,0,alt_rate,0.005,14,26,1,overall,2034,5,1,4,False
lstm_autoencoder,0,alt_rate,0.005,14,26,1,climb,129,3,1,3,False
lstm_autoencoder,0,alt_rate,0.005,14,26,1,cruise,1107,0,0,0,False
lstm_autoencoder,0,alt_rate,0.005,14,26,1,descent,798,2,1,1,False
lstm_autoencoder,0,alt_rate,0.005,14,27,1,overall,1887,17,1,5,False
lstm_autoencoder,0,alt_rate,0.005,14,27,1,climb,262,0,0,0,False
lstm_autoencoder,0,alt_rate,0.005,14,27,1,cruise,1323,11,1,4,False
lstm_autoencoder,0,alt_rate,0.005,14,27,1,descent,302,6,1,1,False
lstm_autoencoder,0,alt_rate,0.005,14,28,1,overall,2629,1,1,1,False
lstm_autoencoder,0,alt_rate,0.005,14,28,1,climb,563,0,0,0,False
lstm_autoencoder,0,alt_rate,0.005,14,28,1,cruise,1152,0,0,0,False
lstm_autoencoder,0,alt_rate,0.005,14,28,1,descent,914,1,1,1,False
lstm_autoencoder,0,alt_rate,0.005,14,29,1,overall,1887,20,1,5,False
lstm_autoencoder,0,alt_rate,0.005,14,29,1,climb,262,0,0,0,False
lstm_autoencoder,0,alt_rate,0.005,14,29,1,cruise,1323,13,1,4,False
lstm_autoencoder,0,alt_rate,0.005,14,29,1,descent,302,7,1,1,False
lstm_autoencoder,0,alt_rate,0.005,14,30,1,overall,1528,12,1,3,False
lstm_autoencoder,0,alt_rate,0.005,14,30,1,climb,495,8,1,1,False
lstm_autoencoder,0,alt_rate,0.005,14,30,1,cruise,475,0,0,0,False
lstm_autoencoder,0,alt_rate,0.005,14,30,1,descent,558,4,1,2,False
lstm_autoencoder,0,alt_rate,0.005,14,31,1,overall,2629,1,1,1,False
lstm_autoencoder,0,alt_rate,0.005,14,31,1,climb,563,0,0,0,False
lstm_autoencoder,0,alt_rate,0.005,14,31,1,cruise,1152,0,0,0,False
lstm_autoencoder,0,alt_rate,0.005,14,31,1,descent,914,1,1,1,False
lstm_autoencoder,0,alt_rate,0.005,14,32,1,overall,1006,1,1,1,False
lstm_autoencoder,0,alt_rate,0.005,14,32,1,climb,330,1,1,1,False
lstm_autoencoder,0,alt_rate,0.005,14,32,1,cruise,232,0,0,0,False
lstm_autoencoder,0,alt_rate,0.005,14,32,1,descent,444,0,0,0,False
lstm_autoencoder,0,alt_rate,0.005,14,33,1,overall,1528,12,1,3,False
lstm_autoencoder,0,alt_rate,0.005,14,33,1,climb,495,8,1,1,False
lstm_autoencoder,0,alt_rate,0.005,14,33,1,cruise,475,0,0,0,False
lstm_autoencoder,0,alt_rate,0.005,14,33,1,descent,558,4,1,2,False
lstm_autoencoder,0,alt_rate,0.005,14,34,1,overall,1944,11,1,2,False
lstm_autoencoder,0,alt_rate,0.005,14,34,1,climb,164,0,0,0,False
lstm_autoencoder,0,alt_rate,0.005,14,34,1,cruise,1524,0,0,0,False
lstm_autoencoder,0,alt_rate,0.005,14,34,1,descent,256,11,1,2,False
lstm_autoencoder,0,alt_rate,0.005,14,35,1,overall,1706,32,1,4,False
lstm_autoencoder,0,alt_rate,0.005,14,35,1,climb,33,1,1,1,False
lstm_autoencoder,0,alt_rate,0.005,14,35,1,cruise,59,0,0,0,False
lstm_autoencoder,0,alt_rate,0.005,14,35,1,descent,1614,31,1,3,False
lstm_autoencoder,0,alt_rate,0.005,15,1,2,overall,2669,3,1,2,False
lstm_autoencoder,0,alt_rate,0.005,15,1,2,climb,705,0,0,0,False
lstm_autoencoder,0,alt_rate,0.005,15,1,2,cruise,555,0,0,0,False
lstm_autoencoder,0,alt_rate,0.005,15,1,2,descent,1409,3,1,2,False
lstm_autoencoder,0,alt_rate,0.005,15,2,2,overall,7711,19,1,3,False
lstm_autoencoder,0,alt_rate,0.005,15,2,2,climb,1947,19,1,3,False
lstm_autoencoder,0,alt_rate,0.005,15,2,2,cruise,3098,0,0,0,False
lstm_autoencoder,0,alt_rate,0.005,15,2,2,descent,2666,0,0,0,False
lstm_autoencoder,0,alt_rate,0.005,15,3,2,overall,5503,44,1,17,False
lstm_autoencoder,0,alt_rate,0.005,15,3,2,climb,3076,7,1,1,False
lstm_autoencoder,0,alt_rate,0.005,15,3,2,cruise,995,0,0,0,False
lstm_autoencoder,0,alt_rate,0.005,15,3,2,descent,1432,37,1,16,False
lstm_autoencoder,0,alt_rate,0.005,15,4,2,overall,6372,28,1,2,False
lstm_autoencoder,0,alt_rate,0.005,15,4,2,climb,2890,26,1,1,False
lstm_autoencoder,0,alt_rate,0.005,15,4,2,cruise,2106,0,0,0,False
lstm_autoencoder,0,alt_rate,0.005,15,4,2,descent,1376,2,1,1,False
lstm_autoencoder,0,alt_rate,0.005,15,5,2,overall,6075,7,1,1,False
lstm_autoencoder,0,alt_rate,0.005,15,5,2,climb,1898,7,1,1,False
lstm_autoencoder,0,alt_rate,0.005,15,5,2,cruise,2050,0,0,0,False
lstm_autoencoder,0,alt_rate,0.005,15,5,2,descent,2127,0,0,0,False
lstm_autoencoder,0,alt_rate,0.005,15,6,2,overall,9157,73,1,22,False
lstm_autoencoder,0,alt_rate,0.005,15,6,2,climb,3768,4,1,1,False
lstm_autoencoder,0,alt_rate,0.005,15,6,2,cruise,2226,0,0,0,False
lstm_autoencoder,0,alt_rate,0.005,15,6,2,descent,3163,69,1,21,False
lstm_autoencoder,0,alt_rate,0.005,15,7,2,overall,5892,31,1,7,False
lstm_autoencoder,0,alt_rate,0.005,15,7,2,climb,3460,6,1,2,False
lstm_autoencoder,0,alt_rate,0.005,15,7,2,cruise,1497,0,0,0,False
lstm_autoencoder,0,alt_rate,0.005,15,7,2,descent,935,25,1,5,False
lstm_autoencoder,0,alt_rate,0.005,15,8,2,overall,4015,6,1,1,False
lstm_autoencoder,0,alt_rate,0.005,15,8,2,climb,913,6,1,1,False
lstm_autoencoder,0,alt_rate,0.005,15,8,2,cruise,973,0,0,0,False
lstm_autoencoder,0,alt_rate,0.005,15,8,2,descent,2129,0,0,0,False
lstm_autoencoder,0,alt_rate,0.005,15,9,2,overall,8714,99,1,34,False
lstm_autoencoder,0,alt_rate,0.005,15,9,2,climb,2654,9,1,1,False
lstm_autoencoder,0,alt_rate,0.005,15,9,2,cruise,4350,10,1,5,False
lstm_autoencoder,0,alt_rate,0.005,15,9,2,descent,1710,80,1,28,False
lstm_autoencoder,0,alt_rate,0.005,15,10,2,overall,5218,5,1,1,False
lstm_autoencoder,0,alt_rate,0.005,15,10,2,climb,2880,5,1,1,False
lstm_autoencoder,0,alt_rate,0.005,15,10,2,cruise,758,0,0,0,False
lstm_autoencoder,0,alt_rate,0.005,15,10,2,descent,1580,0,0,0,False
lstm_autoencoder,0,alt_rate,0.005,15,11,2,overall,6001,43,1,5,False
lstm_autoencoder,0,alt_rate,0.005,15,11,2,climb,2567,8,1,1,False
lstm_autoencoder,0,alt_rate,0.005,15,11,2,cruise,1521,0,0,0,False
lstm_autoencoder,0,alt_rate,0.005,15,11,2,descent,1913,35,1,4,False
lstm_autoencoder,0,alt_rate,0.005,15,12,2,overall,8363,14,1,4,False
lstm_autoencoder,0,alt_rate,0.005,15,12,2,climb,2146,3,1,1,False
lstm_autoencoder,0,alt_rate,0.005,15,12,2,cruise,2656,0,0,0,False
lstm_autoencoder,0,alt_rate,0.005,15,12,2,descent,3561,11,1,3,False
lstm_autoencoder,0,alt_rate,0.005,15,13,2,overall,5761,1,1,1,False
lstm_autoencoder,0,alt_rate,0.005,15,13,2,climb,1955,1,1,1,False
lstm_autoencoder,0,alt_rate,0.005,15,13,2,cruise,2104,0,0,0,False
lstm_autoencoder,0,alt_rate,0.005,15,13,2,descent,1702,0,0,0,False
lstm_autoencoder,0,alt_rate,0.005,15,14,2,overall,6942,10,1,1,False
lstm_autoencoder,0,alt_rate,0.005,15,14,2,climb,2466,10,1,1,False
lstm_autoencoder,0,alt_rate,0.005,15,14,2,cruise,2580,0,0,0,False
lstm_autoencoder,0,alt_rate,0.005,15,14,2,descent,1896,0,0,0,False
lstm_autoencoder,0,alt_rate,0.005,15,15,2,overall,8154,35,1,13,False
lstm_autoencoder,0,alt_rate,0.005,15,15,2,climb,2342,6,1,1,False
lstm_autoencoder,0,alt_rate,0.005,15,15,2,cruise,2353,1,1,1,False
lstm_autoencoder,0,alt_rate,0.005,15,15,2,descent,3459,28,1,11,False
lstm_autoencoder,0,alt_rate,0.005,15,16,2,overall,5218,5,1,1,False
lstm_autoencoder,0,alt_rate,0.005,15,16,2,climb,2880,5,1,1,False
lstm_autoencoder,0,alt_rate,0.005,15,16,2,cruise,758,0,0,0,False
lstm_autoencoder,0,alt_rate,0.005,15,16,2,descent,1580,0,0,0,False
lstm_autoencoder,0,alt_rate,0.005,15,17,2,overall,5804,2,1,1,False
lstm_autoencoder,0,alt_rate,0.005,15,17,2,climb,2122,2,1,1,False
lstm_autoencoder,0,alt_rate,0.005,15,17,2,cruise,1784,0,0,0,False
lstm_autoencoder,0,alt_rate,0.005,15,17,2,descent,1898,0,0,0,False
lstm_autoencoder,0,alt_rate,0.005,15,18,2,overall,8154,29,1,14,False
lstm_autoencoder,0,alt_rate,0.005,15,18,2,climb,2342,6,1,1,False
lstm_autoencoder,0,alt_rate,0.005,15,18,2,cruise,2353,1,1,1,False
lstm_autoencoder,0,alt_rate,0.005,15,18,2,descent,3459,22,1,12,False
lstm_autoencoder,0,alt_rate,0.005,15,19,2,overall,6782,99,1,42,False
lstm_autoencoder,0,alt_rate,0.005,15,19,2,climb,3211,8,1,1,False
lstm_autoencoder,0,alt_rate,0.005,15,19,2,cruise,567,1,1,1,False
lstm_autoencoder,0,alt_rate,0.005,15,19,2,descent,3004,90,1,40,False
lstm_autoencoder,0,alt_rate,0.005,15,20,2,overall,6265,1,1,1,False
lstm_autoencoder,0,alt_rate,0.005,15,20,2,climb,1427,0,0,0,False
lstm_autoencoder,0,alt_rate,0.005,15,20,2,cruise,2185,0,0,0,False
lstm_autoencoder,0,alt_rate,0.005,15,20,2,descent,2653,1,1,1,False
lstm_autoencoder,0,alt_rate,0.005,15,21,2,overall,6381,0,0,0,False
lstm_autoencoder,0,alt_rate,0.005,15,21,2,climb,1431,0,0,0,False
lstm_autoencoder,0,alt_rate,0.005,15,21,2,cruise,1684,0,0,0,False
lstm_autoencoder,0,alt_rate,0.005,15,21,2,descent,3266,0,0,0,False
lstm_autoencoder,0,alt_rate,0.005,15,22,2,overall,5501,65,1,29,False
lstm_autoencoder,0,alt_rate,0.005,15,22,2,climb,2711,10,1,7,False
lstm_autoencoder,0,alt_rate,0.005,15,22,2,cruise,1270,0,0,0,False
lstm_autoencoder,0,alt_rate,0.005,15,22,2,descent,1520,55,1,22,False
lstm_autoencoder,0,alt_rate,0.005,15,23,2,overall,6887,30,1,4,False
lstm_autoencoder,0,alt_rate,0.005,15,23,2,climb,2052,9,1,1,False
lstm_autoencoder,0,alt_rate,0.005,15,23,2,cruise,2880,0,0,0,False
lstm_autoencoder,0,alt_rate,0.005,15,23,2,descent,1955,21,1,3,False
lstm_autoencoder,0,alt_rate,0.01,11,1,3,overall,11007,56,1,18,True
lstm_autoencoder,0,alt_rate,0.01,11,1,3,climb,2930,9,1,1,True
lstm_autoencoder,0,alt_rate,0.01,11,1,3,cruise,3885,11,1,5,True
lstm_autoencoder,0,alt_rate,0.01,11,1,3,descent,4192,36,1,12,True
lstm_autoencoder,0,alt_rate,0.01,11,2,3,overall,17636,94,1,30,True
lstm_autoencoder,0,alt_rate,0.01,11,2,3,climb,3879,10,1,1,True
lstm_autoencoder,0,alt_rate,0.01,11,2,3,cruise,9869,28,1,8,True
lstm_autoencoder,0,alt_rate,0.01,11,2,3,descent,3888,56,1,21,True
lstm_autoencoder,0,alt_rate,0.01,11,3,3,overall,9831,408,1,28,True
lstm_autoencoder,0,alt_rate,0.01,11,3,3,climb,2327,17,1,1,True
lstm_autoencoder,0,alt_rate,0.01,11,3,3,cruise,2755,14,1,4,True
lstm_autoencoder,0,alt_rate,0.01,11,3,3,descent,4749,377,1,23,True
lstm_autoencoder,0,alt_rate,0.01,11,4,3,overall,13140,69,1,19,True
lstm_autoencoder,0,alt_rate,0.01,11,4,3,climb,3297,11,1,3,True
lstm_autoencoder,0,alt_rate,0.01,11,4,3,cruise,6273,0,0,0,True
lstm_autoencoder,0,alt_rate,0.01,11,4,3,descent,3570,58,1,16,True
lstm_autoencoder,0,alt_rate,0.01,11,5,3,overall,13751,194,1,42,True
lstm_autoencoder,0,alt_rate,0.01,11,5,3,climb,2298,7,1,1,True
lstm_autoencoder,0,alt_rate,0.01,11,5,3,cruise,6278,25,1,6,True
lstm_autoencoder,0,alt_rate,0.01,11,5,3,descent,5175,162,1,35,True
lstm_autoencoder,0,alt_rate,0.01,11,6,3,overall,11689,126,1,41,True
lstm_autoencoder,0,alt_rate,0.01,11,6,3,climb,1743,3,1,2,True
lstm_autoencoder,0,alt_rate,0.01,11,6,3,cruise,6205,16,1,7,True
lstm_autoencoder,0,alt_rate,0.01,11,6,3,descent,3741,107,1,32,True
lstm_autoencoder,0,alt_rate,0.01,11,7,3,overall,11007,65,1,20,True
lstm_autoencoder,0,alt_rate,0.01,11,7,3,climb,2930,9,1,1,True
lstm_autoencoder,0,alt_rate,0.01,11,7,3,cruise,3885,11,1,4,True
lstm_autoencoder,0,alt_rate,0.01,11,7,3,descent,4192,45,1,15,True
lstm_autoencoder,0,alt_rate,0.01,11,8,3,overall,8826,17,1,10,True
lstm_autoencoder,0,alt_rate,0.01,11,8,3,climb,4070,0,0,0,True
lstm_autoencoder,0,alt_rate,0.01,11,8,3,cruise,3030,0,0,0,True
lstm_autoencoder,0,alt_rate,0.01,11,8,3,descent,1726,17,1,10,True
lstm_autoencoder,0,alt_rate,0.01,11,9,3,overall,8928,45,1,15,True
lstm_autoencoder,0,alt_rate,0.01,11,9,3,climb,2568,3,1,2,True
lstm_autoencoder,0,alt_rate,0.01,11,9,3,cruise,3414,0,0,0,True
lstm_autoencoder,0,alt_rate,0.01,11,9,3,descent,2946,42,1,13,True
lstm_autoencoder,0,alt_rate,0.01,11,10,3,overall,13940,144,1,6,True
lstm_autoencoder,0,alt_rate,0.01,11,10,3,climb,4340,12,1,1,True
lstm_autoencoder,0,alt_rate,0.01,11,10,3,cruise,5054,0,0,0,True
lstm_autoencoder,0,alt_rate,0.01,11,10,3,descent,4546,132,1,5,True
lstm_autoencoder,0,alt_rate,0.01,11,11,3,overall,13751,176,1,34,True
lstm_autoencoder,0,alt_rate,0.01,11,11,3,climb,2298,8,1,1,True
lstm_autoencoder,0,alt_rate,0.01,11,11,3,cruise,6278,31,1,8,True
lstm_autoencoder,0,alt_rate,0.01,11,11,3,descent,5175,137,1,25,True
lstm_autoencoder,0,alt_rate,0.01,11,12,3,overall,14346,55,1,17,True
lstm_autoencoder,0,alt_rate,0.01,11,12,3,climb,3497,15,1,8,True
lstm_autoencoder,0,alt_rate,0.01,11,12,3,cruise,6768,2,1,2,True
lstm_autoencoder,0,alt_rate,0.01,11,12,3,descent,4081,38,1,7,True
lstm_autoencoder,0,alt_rate,0.01,11,13,3,overall,10704,48,1,12,True
lstm_autoencoder,0,alt_rate,0.01,11,13,3,climb,3236,12,1,1,True
lstm_autoencoder,0,alt_rate,0.01,11,13,3,cruise,4152,11,1,6,True
lstm_autoencoder,0,alt_rate,0.01,11,13,3,descent,3316,25,1,5,True
lstm_autoencoder,0,alt_rate,0.01,11,14,3,overall,11573,127,1,29,True
lstm_autoencoder,0,alt_rate,0.01,11,14,3,climb,3665,7,1,1,True
lstm_autoencoder,0,alt_rate,0.01,11,14,3,cruise,3719,2,1,2,True
lstm_autoencoder,0,alt_rate,0.01,11,14,3,descent,4189,118,1,26,True
lstm_autoencoder,0,alt_rate,0.01,11,15,3,overall,7701,418,1,24,True
lstm_autoencoder,0,alt_rate,0.01,11,15,3,climb,2453,9,1,2,True
lstm_autoencoder,0,alt_rate,0.01,11,15,3,cruise,1248,0,0,0,True
lstm_autoencoder,0,alt_rate,0.01,11,15,3,descent,4000,409,1,22,True
lstm_autoencoder,0,alt_rate,0.01,11,16,3,overall,11457,58,1,22,True
lstm_autoencoder,0,alt_rate,0.01,11,16,3,climb,3793,6,1,1,True
lstm_autoencoder,0,alt_rate,0.01,11,16,3,cruise,4388,0,0,0,True
lstm_autoencoder,0,alt_rate,0.01,11,16,3,descent,3276,52,1,21,True
lstm_autoencoder,0,alt_rate,0.01,11,17,3,overall,11457,65,1,16,True
lstm_autoencoder,0,alt_rate,0.01,11,17,3,climb,3793,6,1,1,True
lstm_autoencoder,0,alt_rate,0.01,11,17,3,cruise,4388,0,0,0,True
lstm_autoencoder,0,alt_rate,0.01,11,17,3,descent,3276,59,1,15,True
lstm_autoencoder,0,alt_rate,0.01,11,18,3,overall,12562,45,1,13,True
lstm_autoencoder,0,alt_rate,0.01,11,18,3,climb,5390,8,1,1,True
lstm_autoencoder,0,alt_rate,0.01,11,18,3,cruise,2282,0,0,0,True
lstm_autoencoder,0,alt_rate,0.01,11,18,3,descent,4890,37,1,12,True
lstm_autoencoder,0,alt_rate,0.01,14,1,1,overall,2551,15,1,3,False
lstm_autoencoder,0,alt_rate,0.01,14,1,1,climb,94,12,1,1,False
lstm_autoencoder,0,alt_rate,0.01,14,1,1,cruise,2339,0,0,0,False
lstm_autoencoder,0,alt_rate,0.01,14,1,1,descent,118,3,1,2,False
lstm_autoencoder,0,alt_rate,0.01,14,2,1,overall,1528,67,1,16,False
lstm_autoencoder,0,alt_rate,0.01,14,2,1,climb,495,9,1,1,False
lstm_autoencoder,0,alt_rate,0.01,14,2,1,cruise,475,0,0,0,False
lstm_autoencoder,0,alt_rate,0.01,14,2,1,descent,558,58,1,15,False
lstm_autoencoder,0,alt_rate,0.01,14,3,1,overall,1887,31,1,5,False
lstm_autoencoder,0,alt_rate,0.01,14,3,1,climb,262,0,0,0,False
lstm_autoencoder,0,alt_rate,0.01,14,3,1,cruise,1323,21,1,4,False
lstm_autoencoder,0,alt_rate,0.01,14,3,1,descent,302,10,1,1,False
lstm_autoencoder,0,alt_rate,0.01,14,4,1,overall,1303,123,1,16,False
lstm_autoencoder,0,alt_rate,0.01,14,4,1,climb,96,26,1,1,False
lstm_autoencoder,0,alt_rate,0.01,14,4,1,cruise,1050,92,1,14,False
lstm_autoencoder,0,alt_rate,0.01,14,4,1,descent,157,5,1,1,False
lstm_autoencoder,0,alt_rate,0.01,14,5,1,overall,2641,15,1,2,False
lstm_autoencoder,0,alt_rate,0.01,14,5,1,climb,1220,15,1,2,False
lstm_autoencoder,0,alt_rate,0.01,14,5,1,cruise,41,0,0,0,False
lstm_autoencoder,0,alt_rate,0.01,14,5,1,descent,1380,0,0,0,False
lstm_autoencoder,0,alt_rate,0.01,14,6,1,overall,2918,26,1,4,False
lstm_autoencoder,0,alt_rate,0.01,14,6,1,climb,265,15,1,1,False
lstm_autoencoder,0,alt_rate,0.01,14,6,1,cruise,1361,0,0,0,False
lstm_autoencoder,0,alt_rate,0.01,14,6,1,descent,1292,11,1,3,False
lstm_autoencoder,0,alt_rate,0.01,14,7,1,overall,1303,126,1,15,False
lstm_autoencoder,0,alt_rate,0.01,14,7,1,climb,96,26,1,1,False
lstm_autoencoder,0,alt_rate,0.01,14,7,1,cruise,1050,95,1,13,False
lstm_autoencoder,0,alt_rate,0.01,14,7,1,descent,157,5,1,1,False
lstm_autoencoder,0,alt_rate,0.01,14,8,1,overall,2551,15,1,3,False
lstm_autoencoder,0,alt_rate,0.01,14,8,1,climb,94,12,1,1,False
lstm_autoencoder,0,alt_rate,0.01,14,8,1,cruise,2339,0,0,0,False
lstm_autoencoder,0,alt_rate,0.01,14,8,1,descent,118,3,1,2,False
lstm_autoencoder,0,alt_rate,0.01,14,9,1,overall,1706,36,1,4,False
lstm_autoencoder,0,alt_rate,0.01,14,9,1,climb,33,3,1,1,False
lstm_autoencoder,0,alt_rate,0.01,14,9,1,cruise,59,0,0,0,False
lstm_autoencoder,0,alt_rate,0.01,14,9,1,descent,1614,33,1,3,False
lstm_autoencoder,0,alt_rate,0.01,14,10,1,overall,1706,36,1,4,False
lstm_autoencoder,0,alt_rate,0.01,14,10,1,climb,33,3,1,1,False
lstm_autoencoder,0,alt_rate,0.01,14,10,1,cruise,59,0,0,0,False
lstm_autoencoder,0,alt_rate,0.01,14,10,1,descent,1614,33,1,3,False
lstm_autoencoder,0,alt_rate,0.01,14,11,1,overall,2346,13,1,1,False
lstm_autoencoder,0,alt_rate,0.01,14,11,1,climb,539,13,1,1,False
lstm_autoencoder,0,alt_rate,0.01,14,11,1,cruise,891,0,0,0,False
lstm_autoencoder,0,alt_rate,0.01,14,11,1,descent,916,0,0,0,False
lstm_autoencoder,0,alt_rate,0.01,14,12,1,overall,2641,15,1,2,False
lstm_autoencoder,0,alt_rate,0.01,14,12,1,climb,1220,15,1,2,False
lstm_autoencoder,0,alt_rate,0.01,14,12,1,cruise,41,0,0,0,False
lstm_autoencoder,0,alt_rate,0.01,14,12,1,descent,1380,0,0,0,False
lstm_autoencoder,0,alt_rate,0.01,14,13,1,overall,1303,124,1,17,False
lstm_autoencoder,0,alt_rate,0.01,14,13,1,climb,96,26,1,1,False
lstm_autoencoder,0,alt_rate,0.01,14,13,1,cruise,1050,94,1,15,False
lstm_autoencoder,0,alt_rate,0.01,14,13,1,descent,157,4,1,1,False
lstm_autoencoder,0,alt_rate,0.01,14,14,1,overall,2629,34,1,6,False
lstm_autoencoder,0,alt_rate,0.01,14,14,1,climb,563,0,0,0,False
lstm_autoencoder,0,alt_rate,0.01,14,14,1,cruise,1152,0,0,0,False
lstm_autoencoder,0,alt_rate,0.01,14,14,1,descent,914,34,1,6,False
lstm_autoencoder,0,alt_rate,0.01,14,15,1,overall,1930,3,1,2,False
lstm_autoencoder,0,alt_rate,0.01,14,15,1,climb,545,2,1,1,False
lstm_autoencoder,0,alt_rate,0.01,14,15,1,cruise,661,0,0,0,False
lstm_autoencoder,0,alt_rate,0.01,14,15,1,descent,724,1,1,1,False
lstm_autoencoder,0,alt_rate,0.01,14,16,1,overall,1528,71,1,16,False
lstm_autoencoder,0,alt_rate,0.01,14,16,1,climb,495,9,1,1,False
lstm_autoencoder,0,alt_rate,0.01,14,16,1,cruise,475,0,0,0,False
lstm_autoencoder,0,alt_rate,0.01,14,16,1,descent,558,62,1,15,False
lstm_autoencoder,0,alt_rate,0.01,14,17,1,overall,2641,16,1,2,False
lstm_autoencoder,0,alt_rate,0.01,14,17,1,climb,1220,16,1,2,False
lstm_autoencoder,0,alt_rate,0.01,14,17,1,cruise,41,0,0,0,False
lstm_autoencoder,0,alt_rate,0.01,14,17,1,descent,1380,0,0,0,False
lstm_autoencoder,0,alt_rate,0.01,14,18,1,overall,2629,18,1,9,False
lstm_autoencoder,0,alt_rate,0.01,14,18,1,climb,563,0,0,0,False
lstm_autoencoder,0,alt_rate,0.01,14,18,1,cruise,1152,0,0,0,False
lstm_autoencoder,0,alt_rate,0.01,14,18,1,descent,914,18,1,9,False
lstm_autoencoder,0,alt_rate,0.01,14,19,1,overall,1706,37,1,4,False
lstm_autoencoder,0,alt_rate,0.01,14,19,1,climb,33,4,1,1,False
lstm_autoencoder,0,alt_rate,0.01,14,19,1,cruise,59,0,0,0,False
lstm_autoencoder,0,alt_rate,0.01,14,19,1,descent,1614,33,1,3,False
lstm_autoencoder,0,alt_rate,0.01,14,20,1,overall,2629,30,1,7,False
lstm_autoencoder,0,alt_rate,0.01,14,20,1,climb,563,0,0,0,False
lstm_autoencoder,0,alt_rate,0.01,14,20,1,cruise,1152,0,0,0,False
lstm_autoencoder,0,alt_rate,0.01,14,20,1,descent,914,30,1,7,False
lstm_autoencoder,0,alt_rate,0.01,14,21,1,overall,1706,37,1,4,False
lstm_autoencoder,0,alt_rate,0.01,14,21,1,climb,33,4,1,1,False
lstm_autoencoder,0,alt_rate,0.01,14,21,1,cruise,59,0,0,0,False
lstm_autoencoder,0,alt_rate,0.01,14,21,1,descent,1614,33,1,3,False
lstm_autoencoder,0,alt_rate,0.01,14,22,1,overall,1887,32,1,5,False
lstm_autoencoder,0,alt_rate,0.01,14,22,1,climb,262,0,0,0,False
lstm_autoencoder,0,alt_rate,0.01,14,22,1,cruise,1323,21,1,4,False
lstm_autoencoder,0,alt_rate,0.01,14,22,1,descent,302,11,1,1,False
lstm_autoencoder,0,alt_rate,0.01,14,23,1,overall,2629,32,1,7,False
lstm_autoencoder,0,alt_rate,0.01,14,23,1,climb,563,0,0,0,False
lstm_autoencoder,0,alt_rate,0.01,14,23,1,cruise,1152,0,0,0,False
lstm_autoencoder,0,alt_rate,0.01,14,23,1,descent,914,32,1,7,False
lstm_autoencoder,0,alt_rate,0.01,14,24,1,overall,2641,16,1,2,False
lstm_autoencoder,0,alt_rate,0.01,14,24,1,climb,1220,16,1,2,False
lstm_autoencoder,0,alt_rate,0.01,14,24,1,cruise,41,0,0,0,False
lstm_autoencoder,0,alt_rate,0.01,14,24,1,descent,1380,0,0,0,False
lstm_autoencoder,0,alt_rate,0.01,14,25,1,overall,2551,16,1,3,False
lstm_autoencoder,0,alt_rate,0.01,14,25,1,climb,94,13,1,1,False
lstm_autoencoder,0,alt_rate,0.01,14,25,1,cruise,2339,0,0,0,False
lstm_autoencoder,0,alt_rate,0.01,14,25,1,descent,118,3,1,2,False
lstm_autoencoder,0,alt_rate,0.01,14,26,1,overall,2034,13,1,5,False
lstm_autoencoder,0,alt_rate,0.01,14,26,1,climb,129,9,1,3,False
lstm_autoencoder,0,alt_rate,0.01,14,26,1,cruise,1107,0,0,0,False
lstm_autoencoder,0,alt_rate,0.01,14,26,1,descent,798,4,1,2,False
lstm_autoencoder,0,alt_rate,0.01,14,27,1,overall,1887,32,1,6,False
lstm_autoencoder,0,alt_rate,0.01,14,27,1,climb,262,0,0,0,False
lstm_autoencoder,0,alt_rate,0.01,14,27,1,cruise,1323,22,1,5,False
lstm_autoencoder,0,alt_rate,0.01,14,27,1,descent,302,10,1,1,False
lstm_autoencoder,0,alt_rate,0.01,14,28,1,overall,2629,36,1,4,False
lstm_autoencoder,0,alt_rate,0.01,14,28,1,climb,563,0,0,0,False
lstm_autoencoder,0,alt_rate,0.01,14,28,1,cruise,1152,0,0,0,False
lstm_autoencoder,0,alt_rate,0.01,14,28,1,descent,914,36,1,4,False
lstm_autoencoder,0,alt_rate,0.01,14,29,1,overall,1887,36,1,6,False
lstm_autoencoder,0,alt_rate,0.01,14,29,1,climb,262,0,0,0,False
lstm_autoencoder,0,alt_rate,0.01,14,29,1,cruise,1323,25,1,5,False
lstm_autoencoder,0,alt_rate,0.01,14,29,1,descent,302,11,1,1,False
lstm_autoencoder,0,alt_rate,0.01,14,30,1,overall,1528,120,1,19,False
lstm_autoencoder,0,alt_rate,0.01,14,30,1,climb,495,9,1,1,False
lstm_autoencoder,0,alt_rate,0.01,14,30,1,cruise,475,0,0,0,False
lstm_autoencoder,0,alt_rate,0.01,14,30,1,descent,558,111,1,18,False
lstm_autoencoder,0,alt_rate,0.01,14,31,1,overall,2629,39,1,4,False
lstm_autoencoder,0,alt_rate,0.01,14,31,1,climb,563,0,0,0,False
lstm_autoencoder,0,alt_rate,0.01,14,31,1,cruise,1152,0,0,0,False
lstm_autoencoder,0,alt_rate,0.01,14,31,1,descent,914,39,1,4,False
lstm_autoencoder,0,alt_rate,0.01,14,32,1,overall,1006,13,1,5,False
lstm_autoencoder,0,alt_rate,0.01,14,32,1,climb,330,8,1,4,False
lstm_autoencoder,0,alt_rate,0.01,14,32,1,cruise,232,0,0,0,False
lstm_autoencoder,0,alt_rate,0.01,14,32,1,descent,444,5,1,1,False
lstm_autoencoder,0,alt_rate,0.01,14,33,1,overall,1528,108,1,19,False
lstm_autoencoder,0,alt_rate,0.01,14,33,1,climb,495,10,1,1,False
lstm_autoencoder,0,alt_rate,0.01,14,33,1,cruise,475,0,0,0,False
lstm_autoencoder,0,alt_rate,0.01,14,33,1,descent,558,98,1,18,False
lstm_autoencoder,0,alt_rate,0.01,14,34,1,overall,1944,53,1,5,False
lstm_autoencoder,0,alt_rate,0.01,14,34,1,climb,164,2,1,1,False
lstm_autoencoder,0,alt_rate,0.01,14,34,1,cruise,1524,3,1,2,False
lstm_autoencoder,0,alt_rate,0.01,14,34,1,descent,256,48,1,2,False
lstm_autoencoder,0,alt_rate,0.01,14,35,1,overall,1706,37,1,4,False
lstm_autoencoder,0,alt_rate,0.01,14,35,1,climb,33,4,1,1,False
lstm_autoencoder,0,alt_rate,0.01,14,35,1,cruise,59,0,0,0,False
lstm_autoencoder,0,alt_rate,0.01,14,35,1,descent,1614,33,1,3,False
lstm_autoencoder,0,alt_rate,0.01,15,1,2,overall,2669,196,1,8,False
lstm_autoencoder,0,alt_rate,0.01,15,1,2,climb,705,0,0,0,False
lstm_autoencoder,0,alt_rate,0.01,15,1,2,cruise,555,0,0,0,False
lstm_autoencoder,0,alt_rate,0.01,15,1,2,descent,1409,196,1,8,False
lstm_autoencoder,0,alt_rate,0.01,15,2,2,overall,7711,23,1,2,False
lstm_autoencoder,0,alt_rate,0.01,15,2,2,climb,1947,22,1,1,False
lstm_autoencoder,0,alt_rate,0.01,15,2,2,cruise,3098,0,0,0,False
lstm_autoencoder,0,alt_rate,0.01,15,2,2,descent,2666,1,1,1,False
lstm_autoencoder,0,alt_rate,0.01,15,3,2,overall,5503,65,1,19,False
lstm_autoencoder,0,alt_rate,0.01,15,3,2,climb,3076,10,1,1,False
lstm_autoencoder,0,alt_rate,0.01,15,3,2,cruise,995,0,0,0,False
lstm_autoencoder,0,alt_rate,0.01,15,3,2,descent,1432,55,1,18,False
lstm_autoencoder,0,alt_rate,0.01,15,4,2,overall,6372,40,1,6,False
lstm_autoencoder,0,alt_rate,0.01,15,4,2,climb,2890,27,1,1,False
lstm_autoencoder,0,alt_rate,0.01,15,4,2,cruise,2106,0,0,0,False
lstm_autoencoder,0,alt_rate,0.01,15,4,2,descent,1376,13,1,5,False
lstm_autoencoder,0,alt_rate,0.01,15,5,2,overall,6075,20,1,2,False
lstm_autoencoder,0,alt_rate,0.01,15,5,2,climb,1898,9,1,1,False
lstm_autoencoder,0,alt_rate,0.01,15,5,2,cruise,2050,0,0,0,False
lstm_autoencoder,0,alt_rate,0.01,15,5,2,descent,2127,11,1,1,False
lstm_autoencoder,0,alt_rate,0.01,15,6,2,overall,9157,95,1,9,False
lstm_autoencoder,0,alt_rate,0.01,15,6,2,climb,3768,8,1,1,False
lstm_autoencoder,0,alt_rate,0.01,15,6,2,cruise,2226,0,0,0,False
lstm_autoencoder,0,alt_rate,0.01,15,6,2,descent,3163,87,1,8,False
lstm_autoencoder,0,alt_rate,0.01,15,7,2,overall,5892,60,1,12,False
lstm_autoencoder,0,alt_rate,0.01,15,7,2,climb,3460,10,1,3,False
lstm_autoencoder,0,alt_rate,0.01,15,7,2,cruise,1497,0,0,0,False
lstm_autoencoder,0,alt_rate,0.01,15,7,2,descent,935,50,1,9,False
lstm_autoencoder,0,alt_rate,0.01,15,8,2,overall,4015,12,1,4,False
lstm_autoencoder,0,alt_rate,0.01,15,8,2,climb,913,8,1,1,False
lstm_autoencoder,0,alt_rate,0.01,15,8,2,cruise,973,0,0,0,False
lstm_autoencoder,0,alt_rate,0.01,15,8,2,descent,2129,4,1,3,False
lstm_autoencoder,0,alt_rate,0.01,15,9,2,overall,8714,121,1,33,False
lstm_autoencoder,0,alt_rate,0.01,15,9,2,climb,2654,10,1,1,False
lstm_autoencoder,0,alt_rate,0.01,15,9,2,cruise,4350,17,1,11,False
lstm_autoencoder,0,alt_rate,0.01,15,9,2,descent,1710,94,1,22,False
lstm_autoencoder,0,alt_rate,0.01,15,10,2,overall,5218,8,1,1,False
lstm_autoencoder,0,alt_rate,0.01,15,10,2,climb,2880,8,1,1,False
lstm_autoencoder,0,alt_rate,0.01,15,10,2,cruise,758,0,0,0,False
lstm_autoencoder,0,alt_rate,0.01,15,10,2,descent,1580,0,0,0,False
lstm_autoencoder,0,alt_rate,0.01,15,11,2,overall,6001,51,1,6,False
lstm_autoencoder,0,alt_rate,0.01,15,11,2,climb,2567,12,1,1,False
lstm_autoencoder,0,alt_rate,0.01,15,11,2,cruise,1521,0,0,0,False
lstm_autoencoder,0,alt_rate,0.01,15,11,2,descent,1913,39,1,5,False
lstm_autoencoder,0,alt_rate,0.01,15,12,2,overall,8363,66,1,8,False
lstm_autoencoder,0,alt_rate,0.01,15,12,2,climb,2146,4,1,2,False
lstm_autoencoder,0,alt_rate,0.01,15,12,2,cruise,2656,0,0,0,False
lstm_autoencoder,0,alt_rate,0.01,15,12,2,descent,3561,62,1,6,False
lstm_autoencoder,0,alt_rate,0.01,15,13,2,overall,5761,11,1,5,False
lstm_autoencoder,0,alt_rate,0.01,15,13,2,climb,1955,3,1,1,False
lstm_autoencoder,0,alt_rate,0.01,15,13,2,cruise,2104,0,0,0,False
lstm_autoencoder,0,alt_rate,0.01,15,13,2,descent,1702,8,1,4,False
lstm_autoencoder,0,alt_rate,0.01,15,14,2,overall,6942,15,1,2,False
lstm_autoencoder,0,alt_rate,0.01,15,14,2,climb,2466,14,1,1,False
lstm_autoencoder,0,alt_rate,0.01,15,14,2,cruise,2580,0,0,0,False
lstm_autoencoder,0,alt_rate,0.01,15,14,2,descent,1896,1,1,1,False
lstm_autoencoder,0,alt_rate,0.01,15,15,2,overall,8154,293,1,23,False
lstm_autoencoder,0,alt_rate,0.01,15,15,2,climb,2342,10,1,1,False
lstm_autoencoder,0,alt_rate,0.01,15,15,2,cruise,2353,5,1,5,False
lstm_autoencoder,0,alt_rate,0.01,15,15,2,descent,3459,278,1,17,False
lstm_autoencoder,0,alt_rate,0.01,15,16,2,overall,5218,8,1,1,False
lstm_autoencoder,0,alt_rate,0.01,15,16,2,climb,2880,8,1,1,False
lstm_autoencoder,0,alt_rate,0.01,15,16,2,cruise,758,0,0,0,False
lstm_autoencoder,0,alt_rate,0.01,15,16,2,descent,1580,0,0,0,False
lstm_autoencoder,0,alt_rate,0.01,15,17,2,overall,5804,3,1,2,False
lstm_autoencoder,0,alt_rate,0.01,15,17,2,climb,2122,3,1,2,False
lstm_autoencoder,0,alt_rate,0.01,15,17,2,cruise,1784,0,0,0,False
lstm_autoencoder,0,alt_rate,0.01,15,17,2,descent,1898,0,0,0,False
lstm_autoencoder,0,alt_rate,0.01,15,18,2,overall,8154,245,1,30,False
lstm_autoencoder,0,alt_rate,0.01,15,18,2,climb,2342,11,1,1,False
lstm_autoencoder,0,alt_rate,0.01,15,18,2,cruise,2353,5,1,5,False
lstm_autoencoder,0,alt_rate,0.01,15,18,2,descent,3459,229,1,24,False
lstm_autoencoder,0,alt_rate,0.01,15,19,2,overall,6782,156,1,39,False
lstm_autoencoder,0,alt_rate,0.01,15,19,2,climb,3211,11,1,1,False
lstm_autoencoder,0,alt_rate,0.01,15,19,2,cruise,567,5,1,5,False
lstm_autoencoder,0,alt_rate,0.01,15,19,2,descent,3004,140,1,33,False
lstm_autoencoder,0,alt_rate,0.01,15,20,2,overall,6265,21,1,3,False
lstm_autoencoder,0,alt_rate,0.01,15,20,2,climb,1427,0,0,0,False
lstm_autoencoder,0,alt_rate,0.01,15,20,2,cruise,2185,0,0,0,False
lstm_autoencoder,0,alt_rate,0.01,15,20,2,descent,2653,21,1,3,False
lstm_autoencoder,0,alt_rate,0.01,15,21,2,overall,6381,16,1,3,False
lstm_autoencoder,0,alt_rate,0.01,15,21,2,climb,1431,11,1,1,False
lstm_autoencoder,0,alt_rate,0.01,15,21,2,cruise,1684,0,0,0,False
lstm_autoencoder,0,alt_rate,0.01,15,21,2,descent,3266,5,1,2,False
lstm_autoencoder,0,alt_rate,0.01,15,22,2,overall,5501,84,1,24,False
lstm_autoencoder,0,alt_rate,0.01,15,22,2,climb,2711,19,1,6,False
lstm_autoencoder,0,alt_rate,0.01,15,22,2,cruise,1270,0,0,0,False
lstm_autoencoder,0,alt_rate,0.01,15,22,2,descent,1520,65,1,18,False
lstm_autoencoder,0,alt_rate,0.01,15,23,2,overall,6887,245,1,16,False
lstm_autoencoder,0,alt_rate,0.01,15,23,2,climb,2052,12,1,1,False
lstm_autoencoder,0,alt_rate,0.01,15,23,2,cruise,2880,0,0,0,False
lstm_autoencoder,0,alt_rate,0.01,15,23,2,descent,1955,233,1,15,False
lstm_autoencoder,0,alt_rate,0.02,11,1,3,overall,11007,214,1,24,True
lstm_autoencoder,0,alt_rate,0.02,11,1,3,climb,2930,10,1,1,True
lstm_autoencoder,0,alt_rate,0.02,11,1,3,cruise,3885,13,1,5,True
lstm_autoencoder,0,alt_rate,0.02,11,1,3,descent,4192,191,1,18,True
lstm_autoencoder,0,alt_rate,0.02,11,2,3,overall,17636,133,1,29,True
lstm_autoencoder,0,alt_rate,0.02,11,2,3,climb,3879,11,1,2,True
lstm_autoencoder,0,alt_rate,0.02,11,2,3,cruise,9869,36,1,7,True
lstm_autoencoder,0,alt_rate,0.02,11,2,3,descent,3888,86,1,20,True
lstm_autoencoder,0,alt_rate,0.02,11,3,3,overall,9831,664,1,38,True
lstm_autoencoder,0,alt_rate,0.02,11,3,3,climb,2327,19,1,1,True
lstm_autoencoder,0,alt_rate,0.02,11,3,3,cruise,2755,19,1,5,True
lstm_autoencoder,0,alt_rate,0.02,11,3,3,descent,4749,626,1,32,True
lstm_autoencoder,0,alt_rate,0.02,11,4,3,overall,13140,127,1,20,True
lstm_autoencoder,0,alt_rate,0.02,11,4,3,climb,3297,13,1,4,True
lstm_autoencoder,0,alt_rate,0.02,11,4,3,cruise,6273,0,0,0,True
lstm_autoencoder,0,alt_rate,0.02,11,4,3,descent,3570,114,1,16,True
lstm_autoencoder,0,alt_rate,0.02,11,5,3,overall,13751,253,1,33,True
lstm_autoencoder,0,alt_rate,0.02,11,5,3,climb,2298,11,1,1,True
lstm_autoencoder,0,alt_rate,0.02,11,5,3,cruise,6278,29,1,5,True
lstm_autoencoder,0,alt_rate,0.02,11,5,3,descent,5175,213,1,27,True
lstm_autoencoder,0,alt_rate,0.02,11,6,3,overall,11689,190,1,47,True
lstm_autoencoder,0,alt_rate,0.02,11,6,3,climb,1743,6,1,3,True
lstm_autoencoder,0,alt_rate,0.02,11,6,3,cruise,6205,28,1,12,True
lstm_autoencoder,0,alt_rate,0.02,11,6,3,descent,3741,156,1,32,True
lstm_autoencoder,0,alt_rate,0.02,11,7,3,overall,11007,255,1,22,True
lstm_autoencoder,0,alt_rate,0.02,11,7,3,climb,2930,10,1,1,True
lstm_autoencoder,0,alt_rate,0.02,11,7,3,cruise,3885,16,1,5,True
lstm_autoencoder,0,alt_rate,0.02,11,7,3,descent,4192,229,1,16,True
lstm_autoencoder,0,alt_rate,0.02,11,8,3,overall,8826,77,1,40,True
lstm_autoencoder,0,alt_rate,0.02,11,8,3,climb,4070,8,1,4,True
lstm_autoencoder,0,alt_rate,0.02,11,8,3,cruise,3030,0,0,0,True
lstm_autoencoder,0,alt_rate,0.02,11,8,3,descent,1726,69,1,36,True
lstm_autoencoder,0,alt_rate,0.02,11,9,3,overall,8928,124,1,23,True
lstm_autoencoder,0,alt_rate,0.02,11,9,3,climb,2568,5,1,3,True
lstm_autoencoder,0,alt_rate,0.02,11,9,3,cruise,3414,0,0,0,True
lstm_autoencoder,0,alt_rate,0.02,11,9,3,descent,2946,119,1,20,True
lstm_autoencoder,0,alt_rate,0.02,11,10,3,overall,13940,234,1,10,True
lstm_autoencoder,0,alt_rate,0.02,11,10,3,climb,4340,16,1,1,True
lstm_autoencoder,0,alt_rate,0.02,11,10,3,cruise,5054,1,1,1,True
lstm_autoencoder,0,alt_rate,0.02,11,10,3,descent,4546,217,1,8,True
lstm_autoencoder,0,alt_rate,0.02,11,11,3,overall,13751,225,1,25,True
lstm_autoencoder,0,alt_rate,0.02,11,11,3,climb,2298,11,1,1,True
lstm_autoencoder,0,alt_rate,0.02,11,11,3,cruise,6278,36,1,5,True
lstm_autoencoder,0,alt_rate,0.02,11,11,3,descent,5175,178,1,19,True
lstm_autoencoder,0,alt_rate,0.02,11,12,3,overall,14346,85,1,22,True
lstm_autoencoder,0,alt_rate,0.02,11,12,3,climb,3497,31,1,8,True
lstm_autoencoder,0,alt_rate,0.02,11,12,3,cruise,6768,3,1,1,True
lstm_autoencoder,0,alt_rate,0.02,11,12,3,descent,4081,51,1,13,True
lstm_autoencoder,0,alt_rate,0.02,11,13,3,overall,10704,82,1,19,True
lstm_autoencoder,0,alt_rate,0.02,11,13,3,climb,3236,16,1,1,True
lstm_autoencoder,0,alt_rate,0.02,11,13,3,cruise,4152,19,1,7,True
lstm_autoencoder,0,alt_rate,0.02,11,13,3,descent,3316,47,1,11,True
lstm_autoencoder,0,alt_rate,0.02,11,14,3,overall,11573,221,1,33,True
lstm_autoencoder,0,alt_rate,0.02,11,14,3,climb,3665,7,1,1,True
lstm_autoencoder,0,alt_rate,0.02,11,14,3,cruise,3719,3,1,2,True
lstm_autoencoder,0,alt_rate,0.02,11,14,3,descent,4189,211,1,30,True
lstm_autoencoder,0,alt_rate,0.02,11,15,3,overall,7701,529,1,33,True
lstm_autoencoder,0,alt_rate,0.02,11,15,3,climb,2453,11,1,2,True
lstm_autoencoder,0,alt_rate,0.02,11,15,3,cruise,1248,0,0,0,True
lstm_autoencoder,0,alt_rate,0.02,11,15,3,descent,4000,518,1,31,True
lstm_autoencoder,0,alt_rate,0.02,11,16,3,overall,11457,246,1,43,True
lstm_autoencoder,0,alt_rate,0.02,11,16,3,climb,3793,7,1,1,True
lstm_autoencoder,0,alt_rate,0.02,11,16,3,cruise,4388,0,0,0,True
lstm_autoencoder,0,alt_rate,0.02,11,16,3,descent,3276,239,1,42,True
lstm_autoencoder,0,alt_rate,0.02,11,17,3,overall,11457,236,1,30,True
lstm_autoencoder,0,alt_rate,0.02,11,17,3,climb,3793,7,1,1,True
lstm_autoencoder,0,alt_rate,0.02,11,17,3,cruise,4388,0,0,0,True
lstm_autoencoder,0,alt_rate,0.02,11,17,3,descent,3276,229,1,29,True
lstm_autoencoder,0,alt_rate,0.02,11,18,3,overall,12562,123,1,22,True
lstm_autoencoder,0,alt_rate,0.02,11,18,3,climb,5390,13,1,1,True
lstm_autoencoder,0,alt_rate,0.02,11,18,3,cruise,2282,0,0,0,True
lstm_autoencoder,0,alt_rate,0.02,11,18,3,descent,4890,110,1,21,True
lstm_autoencoder,0,alt_rate,0.02,14,1,1,overall,2551,20,1,5,False
lstm_autoencoder,0,alt_rate,0.02,14,1,1,climb,94,15,1,1,False
lstm_autoencoder,0,alt_rate,0.02,14,1,1,cruise,2339,1,1,1,False
lstm_autoencoder,0,alt_rate,0.02,14,1,1,descent,118,4,1,3,False
lstm_autoencoder,0,alt_rate,0.02,14,2,1,overall,1528,258,1,18,False
lstm_autoencoder,0,alt_rate,0.02,14,2,1,climb,495,12,1,1,False
lstm_autoencoder,0,alt_rate,0.02,14,2,1,cruise,475,0,0,0,False
lstm_autoencoder,0,alt_rate,0.02,14,2,1,descent,558,246,1,17,False
lstm_autoencoder,0,alt_rate,0.02,14,3,1,overall,1887,53,1,15,False
lstm_autoencoder,0,alt_rate,0.02,14,3,1,climb,262,1,1,1,False
lstm_autoencoder,0,alt_rate,0.02,14,3,1,cruise,1323,34,1,9,False
lstm_autoencoder,0,alt_rate,0.02,14,3,1,descent,302,18,1,5,False
lstm_autoencoder,0,alt_rate,0.02,14,4,1,overall,1303,177,1,22,False
lstm_autoencoder,0,alt_rate,0.02,14,4,1,climb,96,29,1,2,False
lstm_autoencoder,0,alt_rate,0.02,14,4,1,cruise,1050,139,1,18,False
lstm_autoencoder,0,alt_rate,0.02,14,4,1,descent,157,9,1,2,False
lstm_autoencoder,0,alt_rate,0.02,14,5,1,overall,2641,51,1,13,False
lstm_autoencoder,0,alt_rate,0.02,14,5,1,climb,1220,24,1,5,False
lstm_autoencoder,0,alt_rate,0.02,14,5,1,cruise,41,0,0,0,False
lstm_autoencoder,0,alt_rate,0.02,14,5,1,descent,1380,27,1,8,False
lstm_autoencoder,0,alt_rate,0.02,14,6,1,overall,2918,40,1,5,False
lstm_autoencoder,0,alt_rate,0.02,14,6,1,climb,265,19,1,2,False
lstm_autoencoder,0,alt_rate,0.02,14,6,1,cruise,1361,0,0,0,False
lstm_autoencoder,0,alt_rate,0.02,14,6,1,descent,1292,21,1,3,False
lstm_autoencoder,0,alt_rate,0.02,14,7,1,overall,1303,180,1,22,False
lstm_autoencoder,0,alt_rate,0.02,14,7,1,climb,96,30,1,3,False
lstm_autoencoder,0,alt_rate,0.02,14,7,1,cruise,1050,141,1,17,False
lstm_autoencoder,0,alt_rate,0.02,14,7,1,descent,157,9,1,2,False
lstm_autoencoder,0,alt_rate,0.02,14,8,1,overall,2551,20,1,5,False
lstm_autoencoder,0,alt_rate,0.02,14,8,1,climb,94,15,1,1,False
lstm_autoencoder,0,alt_rate,0.02,14,8,1,cruise,2339,1,1,1,False
lstm_autoencoder,0,alt_rate,0.02,14,8,1,descent,118,4,1,3,False
lstm_autoencoder,0,alt_rate,0.02,14,9,1,overall,1706,41,1,6,False
lstm_autoencoder,0,alt_rate,0.02,14,9,1,climb,33,5,1,1,False
lstm_autoencoder,0,alt_rate,0.02,14,9,1,cruise,59,0,0,0,False
lstm_autoencoder,0,alt_rate,0.02,14,9,1,descent,1614,36,1,5,False
lstm_autoencoder,0,alt_rate,0.02,14,10,1,overall,1706,41,1,6,False
lstm_autoencoder,0,alt_rate,0.02,14,10,1,climb,33,5,1,1,False
lstm_autoencoder,0,alt_rate,0.02,14,10,1,cruise,59,0,0,0,False
lstm_autoencoder,0,alt_rate,0.02,14,10,1,descent,1614,36,1,5,False
lstm_autoencoder,0,alt_rate,0.02,14,11,1,overall,2346,47,1,4,False
lstm_autoencoder,0,alt_rate,0.02,14,11,1,climb,539,16,1,1,False
lstm_autoencoder,0,alt_rate,0.02,14,11,1,cruise,891,0,0,0,False
lstm_autoencoder,0,alt_rate,0.02,14,11,1,descent,916,31,1,3,False
lstm_autoencoder,0,alt_rate,0.02,14,12,1,overall,2641,48,1,13,False
lstm_autoencoder,0,alt_rate,0.02,14,12,1,climb,1220,24,1,5,False
lstm_autoencoder,0,alt_rate,0.02,14,12,1,cruise,41,0,0,0,False
lstm_autoencoder,0,alt_rate,0.02,14,12,1,descent,1380,24,1,8,False
lstm_autoencoder,0,alt_rate,0.02,14,13,1,overall,1303,182,1,23,False
lstm_autoencoder,0,alt_rate,0.02,14,13,1,climb,96,30,1,3,False
lstm_autoencoder,0,alt_rate,0.02,14,13,1,cruise,1050,143,1,18,False
lstm_autoencoder,0,alt_rate,0.02,14,13,1,descent,157,9,1,2,False
lstm_autoencoder,0,alt_rate,0.02,14,14,1,overall,2629,141,1,7,False
lstm_autoencoder,0,alt_rate,0.02,14,14,1,climb,563,0,0,0,False
lstm_autoencoder,0,alt_rate,0.02,14,14,1,cruise,1152,0,0,0,False
lstm_autoencoder,0,alt_rate,0.02,14,14,1,descent,914,141,1,7,False
lstm_autoencoder,0,alt_rate,0.02,14,15,1,overall,1930,7,1,3,False
lstm_autoencoder,0,alt_rate,0.02,14,15,1,climb,545,4,1,1,False
lstm_autoencoder,0,alt_rate,0.02,14,15,1,cruise,661,0,0,0,False
lstm_autoencoder,0,alt_rate,0.02,14,15,1,descent,724,3,1,2,False
lstm_autoencoder,0,alt_rate,0.02,14,16,1,overall,1528,266,1,13,False
lstm_autoencoder,0,alt_rate,0.02,14,16,1,climb,495,12,1,1,False
lstm_autoencoder,0,alt_rate,0.02,14,16,1,cruise,475,0,0,0,False
lstm_autoencoder,0,alt_rate,0.02,14,16,1,descent,558,254,1,12,False
lstm_autoencoder,0,alt_rate,0.02,14,17,1,overall,2641,59,1,12,False
lstm_autoencoder,0,alt_rate,0.02,14,17,1,climb,1220,26,1,4,False
lstm_autoencoder,0,alt_rate,0.02,14,17,1,cruise,41,0,0,0,False
lstm_autoencoder,0,alt_rate,0.02,14,17,1,descent,1380,33,1,8,False
lstm_autoencoder,0,alt_rate,0.02,14,18,1,overall,2629,131,1,10,False
lstm_autoencoder,0,alt_rate,0.02,14,18,1,climb,563,0,0,0,False
lstm_autoencoder,0,alt_rate,0.02,14,18,1,cruise,1152,0,0,0,False
lstm_autoencoder,0,alt_rate,0.02,14,18,1,descent,914,131,1,10,False
lstm_autoencoder,0,alt_rate,0.02,14,19,1,overall,1706,41,1,6,False
lstm_autoencoder,0,alt_rate,0.02,14,19,1,climb,33,5,1,1,False
lstm_autoencoder,0,alt_rate,0.02,14,19,1,cruise,59,0,0,0,False
lstm_autoencoder,0,alt_rate,0.02,14,19,1,descent,1614,36,1,5,False
lstm_autoencoder,0,alt_rate,0.02,14,20,1,overall,2629,136,1,11,False
lstm_autoencoder,0,alt_rate,0.02,14,20,1,climb,563,0,0,0,False
lstm_autoencoder,0,alt_rate,0.02,14,20,1,cruise,1152,0,0,0,False
lstm_autoencoder,0,alt_rate,0.02,14,20,1,descent,914,136,1,11,False
lstm_autoencoder,0,alt_rate,0.02,14,21,1,overall,1706,41,1,6,False
lstm_autoencoder,0,alt_rate,0.02,14,21,1,climb,33,5,1,1,False
lstm_autoencoder,0,alt_rate,0.02,14,21,1,cruise,59,0,0,0,False
lstm_autoencoder,0,alt_rate,0.02,14,21,1,descent,1614,36,1,5,False
lstm_autoencoder,0,alt_rate,0.02,14,22,1,overall,1887,80,1,14,False
lstm_autoencoder,0,alt_rate,0.02,14,22,1,climb,262,2,1,1,False
lstm_autoencoder,0,alt_rate,0.02,14,22,1,cruise,1323,35,1,9,False
lstm_autoencoder,0,alt_rate,0.02,14,22,1,descent,302,43,1,4,False
lstm_autoencoder,0,alt_rate,0.02,14,23,1,overall,2629,139,1,7,False
lstm_autoencoder,0,alt_rate,0.02,14,23,1,climb,563,0,0,0,False
lstm_autoencoder,0,alt_rate,0.02,14,23,1,cruise,1152,0,0,0,False
lstm_autoencoder,0,alt_rate,0.02,14,23,1,descent,914,139,1,7,False
lstm_autoencoder,0,alt_rate,0.02,14,24,1,overall,2641,67,1,18,False
lstm_autoencoder,0,alt_rate,0.02,14,24,1,climb,1220,28,1,2,False
lstm_autoencoder,0,alt_rate,0.02,14,24,1,cruise,41,0,0,0,False
lstm_autoencoder,0,alt_rate,0.02,14,24,1,descent,1380,39,1,16,False
lstm_autoencoder,0,alt_rate,0.02,14,25,1,overall,2551,21,1,5,False
lstm_autoencoder,0,alt_rate,0.02,14,25,1,climb,94,16,1,1,False
lstm_autoencoder,0,alt_rate,0.02,14,25,1,cruise,2339,1,1,1,False
lstm_autoencoder,0,alt_rate,0.02,14,25,1,descent,118,4,1,3,False
lstm_autoencoder,0,alt_rate,0.02,14,26,1,overall,2034,21,1,6,False
lstm_autoencoder,0,alt_rate,0.02,14,26,1,climb,129,15,1,3,False
lstm_autoencoder,0,alt_rate,0.02,14,26,1,cruise,1107,1,1,1,False
lstm_autoencoder,0,alt_rate,0.02,14,26,1,descent,798,5,1,2,False
lstm_autoencoder,0,alt_rate,0.02,14,27,1,overall,1887,91,1,15,False
lstm_autoencoder,0,alt_rate,0.02,14,27,1,climb,262,2,1,1,False
lstm_autoencoder,0,alt_rate,0.02,14,27,1,cruise,1323,33,1,9,False
lstm_autoencoder,0,alt_rate,0.02,14,27,1,descent,302,56,1,5,False
lstm_autoencoder,0,alt_rate,0.02,14,28,1,overall,2629,174,1,13,False
lstm_autoencoder,0,alt_rate,0.02,14,28,1,climb,563,0,0,0,False
lstm_autoencoder,0,alt_rate,0.02,14,28,1,cruise,1152,0,0,0,False
lstm_autoencoder,0,alt_rate,0.02,14,28,1,descent,914,174,1,13,False
lstm_autoencoder,0,alt_rate,0.02,14,29,1,overall,1887,89,1,12,False
lstm_autoencoder,0,alt_rate,0.02,14,29,1,climb,262,2,1,1,False
lstm_autoencoder,0,alt_rate,0.02,14,29,1,cruise,1323,39,1,8,False
lstm_autoencoder,0,alt_rate,0.02,14,29,1,descent,302,48,1,3,False
lstm_autoencoder,0,alt_rate,0.02,14,30,1,overall,1528,286,1,12,False
lstm_autoencoder,0,alt_rate,0.02,14,30,1,climb,495,12,1,1,False
lstm_autoencoder,0,alt_rate,0.02,14,30,1,cruise,475,0,0,0,False
lstm_autoencoder,0,alt_rate,0.02,14,30,1,descent,558,274,1,11,False
lstm_autoencoder,0,alt_rate,0.02,14,31,1,overall,2629,188,1,10,False
lstm_autoencoder,0,alt_rate,0.02,14,31,1,climb,563,0,0,0,False
lstm_autoencoder,0,alt_rate,0.02,14,31,1,cruise,1152,0,0,0,False
lstm_autoencoder,0,alt_rate,0.02,14,31,1,descent,914,188,1,10,False
lstm_autoencoder,0,alt_rate,0.02,14,32,1,overall,1006,34,1,8,False
lstm_autoencoder,0,alt_rate,0.02,14,32,1,climb,330,15,1,2,False
lstm_autoencoder,0,alt_rate,0.02,14,32,1,cruise,232,0,0,0,False
lstm_autoencoder,0,alt_rate,0.02,14,32,1,descent,444,19,1,6,False
lstm_autoencoder,0,alt_rate,0.02,14,33,1,overall,1528,292,1,17,False
lstm_autoencoder,0,alt_rate,0.02,14,33,1,climb,495,12,1,1,False
lstm_autoencoder,0,alt_rate,0.02,14,33,1,cruise,475,0,0,0,False
lstm_autoencoder,0,alt_rate,0.02,14,33,1,descent,558,280,1,16,False
lstm_autoencoder,0,alt_rate,0.02,14,34,1,overall,1944,93,1,10,False
lstm_autoencoder,0,alt_rate,0.02,14,34,1,climb,164,9,1,2,False
lstm_autoencoder,0,alt_rate,0.02,14,34,1,cruise,1524,6,1,3,False
lstm_autoencoder,0,alt_rate,0.02,14,34,1,descent,256,78,1,5,False
lstm_autoencoder,0,alt_rate,0.02,14,35,1,overall,1706,42,1,6,False
lstm_autoencoder,0,alt_rate,0.02,14,35,1,climb,33,6,1,1,False
lstm_autoencoder,0,alt_rate,0.02,14,35,1,cruise,59,0,0,0,False
lstm_autoencoder,0,alt_rate,0.02,14,35,1,descent,1614,36,1,5,False
lstm_autoencoder,0,alt_rate,0.02,15,1,2,overall,2669,303,1,10,False
lstm_autoencoder,0,alt_rate,0.02,15,1,2,climb,705,1,1,1,False
lstm_autoencoder,0,alt_rate,0.02,15,1,2,cruise,555,0,0,0,False
lstm_autoencoder,0,alt_rate,0.02,15,1,2,descent,1409,302,1,9,False
lstm_autoencoder,0,alt_rate,0.02,15,2,2,overall,7711,28,1,3,False
lstm_autoencoder,0,alt_rate,0.02,15,2,2,climb,1947,24,1,1,False
lstm_autoencoder,0,alt_rate,0.02,15,2,2,cruise,3098,0,0,0,False
lstm_autoencoder,0,alt_rate,0.02,15,2,2,descent,2666,4,1,2,False
lstm_autoencoder,0,alt_rate,0.02,15,3,2,overall,5503,211,1,58,False
lstm_autoencoder,0,alt_rate,0.02,15,3,2,climb,3076,13,1,1,False
lstm_autoencoder,0,alt_rate,0.02,15,3,2,cruise,995,0,0,0,False
lstm_autoencoder,0,alt_rate,0.02,15,3,2,descent,1432,198,1,57,False
lstm_autoencoder,0,alt_rate,0.02,15,4,2,overall,6372,91,1,15,False
lstm_autoencoder,0,alt_rate,0.02,15,4,2,climb,2890,28,1,2,False
lstm_autoencoder,0,alt_rate,0.02,15,4,2,cruise,2106,0,0,0,False
lstm_autoencoder,0,alt_rate,0.02,15,4,2,descent,1376,63,1,13,False
lstm_autoencoder,0,alt_rate,0.02,15,5,2,overall,6075,65,1,3,False
lstm_autoencoder,0,alt_rate,0.02,15,5,2,climb,1898,11,1,1,False
lstm_autoencoder,0,alt_rate,0.02,15,5,2,cruise,2050,0,0,0,False
lstm_autoencoder,0,alt_rate,0.02,15,5,2,descent,2127,54,1,2,False
lstm_autoencoder,0,alt_rate,0.02,15,6,2,overall,9157,124,1,13,False
lstm_autoencoder,0,alt_rate,0.02,15,6,2,climb,3768,16,1,2,False
lstm_autoencoder,0,alt_rate,0.02,15,6,2,cruise,2226,0,0,0,False
lstm_autoencoder,0,alt_rate,0.02,15,6,2,descent,3163,108,1,11,False
lstm_autoencoder,0,alt_rate,0.02,15,7,2,overall,5892,178,1,29,False
lstm_autoencoder,0,alt_rate,0.02,15,7,2,climb,3460,17,1,6,False
lstm_autoencoder,0,alt_rate,0.02,15,7,2,cruise,1497,0,0,0,False
lstm_autoencoder,0,alt_rate,0.02,15,7,2,descent,935,161,1,23,False
lstm_autoencoder,0,alt_rate,0.02,15,8,2,overall,4015,59,1,6,False
lstm_autoencoder,0,alt_rate,0.02,15,8,2,climb,913,10,1,1,False
lstm_autoencoder,0,alt_rate,0.02,15,8,2,cruise,973,0,0,0,False
lstm_autoencoder,0,alt_rate,0.02,15,8,2,descent,2129,49,1,5,False
lstm_autoencoder,0,alt_rate,0.02,15,9,2,overall,8714,148,1,27,False
lstm_autoencoder,0,alt_rate,0.02,15,9,2,climb,2654,14,1,1,False
lstm_autoencoder,0,alt_rate,0.02,15,9,2,cruise,4350,28,1,13,False
lstm_autoencoder,0,alt_rate,0.02,15,9,2,descent,1710,106,1,14,False
lstm_autoencoder,0,alt_rate,0.02,15,10,2,overall,5218,93,1,33,False
lstm_autoencoder,0,alt_rate,0.02,15,10,2,climb,2880,10,1,2,False
lstm_autoencoder,0,alt_rate,0.02,15,10,2,cruise,758,0,0,0,False
lstm_autoencoder,0,alt_rate,0.02,15,10,2,descent,1580,83,1,31,False
lstm_autoencoder,0,alt_rate,0.02,15,11,2,overall,6001,91,1,22,False
lstm_autoencoder,0,alt_rate,0.02,15,11,2,climb,2567,16,1,1,False
lstm_autoencoder,0,alt_rate,0.02,15,11,2,cruise,1521,0,0,0,False
lstm_autoencoder,0,alt_rate,0.02,15,11,2,descent,1913,75,1,21,False
lstm_autoencoder,0,alt_rate,0.02,15,12,2,overall,8363,229,1,12,False
lstm_autoencoder,0,alt_rate,0.02,15,12,2,climb,2146,6,1,1,False
lstm_autoencoder,0,alt_rate,0.02,15,12,2,cruise,2656,0,0,0,False
lstm_autoencoder,0,alt_rate,0.02,15,12,2,descent,3561,223,1,11,False
lstm_autoencoder,0,alt_rate,0.02,15,13,2,overall,5761,43,1,14,False
lstm_autoencoder,0,alt_rate,0.02,15,13,2,climb,1955,4,1,1,False
lstm_autoencoder,0,alt_rate,0.02,15,13,2,cruise,2104,0,0,0,False
lstm_autoencoder,0,alt_rate,0.02,15,13,2,descent,1702,39,1,13,False
lstm_autoencoder,0,alt_rate,0.02,15,14,2,overall,6942,25,1,4,False
lstm_autoencoder,0,alt_rate,0.02,15,14,2,climb,2466,17,1,1,False
lstm_autoencoder,0,alt_rate,0.02,15,14,2,cruise,2580,0,0,0,False
lstm_autoencoder,0,alt_rate,0.02,15,14,2,descent,1896,8,1,3,False
lstm_autoencoder,0,alt_rate,0.02,15,15,2,overall,8154,611,1,22,False
lstm_autoencoder,0,alt_rate,0.02,15,15,2,climb,2342,15,1,1,False
lstm_autoencoder,0,alt_rate,0.02,15,15,2,cruise,2353,11,1,6,False
lstm_autoencoder,0,alt_rate,0.02,15,15,2,descent,3459,585,1,15,False
lstm_autoencoder,0,alt_rate,0.02,15,16,2,overall,5218,81,1,30,False
lstm_autoencoder,0,alt_rate,0.02,15,16,2,climb,2880,10,1,2,False
lstm_autoencoder,0,alt_rate,0.02,15,16,2,cruise,758,0,0,0,False
lstm_autoencoder,0,alt_rate,0.02,15,16,2,descent,1580,71,1,28,False
lstm_autoencoder,0,alt_rate,0.02,15,17,2,overall,5804,210,1,20,False
lstm_autoencoder,0,alt_rate,0.02,15,17,2,climb,2122,5,1,1,False
lstm_autoencoder,0,alt_rate,0.02,15,17,2,cruise,1784,0,0,0,False
lstm_autoencoder,0,alt_rate,0.02,15,17,2,descent,1898,205,1,19,False
lstm_autoencoder,0,alt_rate,0.02,15,18,2,overall,8154,574,1,26,False
lstm_autoencoder,0,alt_rate,0.02,15,18,2,climb,2342,15,1,1,False
lstm_autoencoder,0,alt_rate,0.02,15,18,2,cruise,2353,11,1,6,False
lstm_autoencoder,0,alt_rate,0.02,15,18,2,descent,3459,548,1,19,False
lstm_autoencoder,0,alt_rate,0.02,15,19,2,overall,6782,252,1,56,False
lstm_autoencoder,0,alt_rate,0.02,15,19,2,climb,3211,13,1,1,False
lstm_autoencoder,0,alt_rate,0.02,15,19,2,cruise,567,15,1,9,False
lstm_autoencoder,0,alt_rate,0.02,15,19,2,descent,3004,224,1,46,False
lstm_autoencoder,0,alt_rate,0.02,15,20,2,overall,6265,103,1,11,False
lstm_autoencoder,0,alt_rate,0.02,15,20,2,climb,1427,6,1,2,False
lstm_autoencoder,0,alt_rate,0.02,15,20,2,cruise,2185,0,0,0,False
lstm_autoencoder,0,alt_rate,0.02,15,20,2,descent,2653,97,1,9,False
lstm_autoencoder,0,alt_rate,0.02,15,21,2,overall,6381,62,1,13,False
lstm_autoencoder,0,alt_rate,0.02,15,21,2,climb,1431,19,1,3,False
lstm_autoencoder,0,alt_rate,0.02,15,21,2,cruise,1684,0,0,0,False
lstm_autoencoder,0,alt_rate,0.02,15,21,2,descent,3266,43,1,10,False
lstm_autoencoder,0,alt_rate,0.02,15,22,2,overall,5501,109,1,30,False
lstm_autoencoder,0,alt_rate,0.02,15,22,2,climb,2711,37,1,14,False
lstm_autoencoder,0,alt_rate,0.02,15,22,2,cruise,1270,0,0,0,False
lstm_autoencoder,0,alt_rate,0.02,15,22,2,descent,1520,72,1,16,False
lstm_autoencoder,0,alt_rate,0.02,15,23,2,overall,6887,344,1,8,False
lstm_autoencoder,0,alt_rate,0.02,15,23,2,climb,2052,17,1,1,False
lstm_autoencoder,0,alt_rate,0.02,15,23,2,cruise,2880,0,0,0,False
lstm_autoencoder,0,alt_rate,0.02,15,23,2,descent,1955,327,1,7,False
lstm_autoencoder,1,primary,0.005,11,1,3,overall,11007,28,1,14,True
lstm_autoencoder,1,primary,0.005,11,1,3,climb,2506,7,1,1,True
lstm_autoencoder,1,primary,0.005,11,1,3,cruise,4386,6,1,3,True
lstm_autoencoder,1,primary,0.005,11,1,3,descent,4115,15,1,10,True
lstm_autoencoder,1,primary,0.005,11,2,3,overall,17636,72,1,32,True
lstm_autoencoder,1,primary,0.005,11,2,3,climb,3612,9,1,1,True
lstm_autoencoder,1,primary,0.005,11,2,3,cruise,10521,29,1,12,True
lstm_autoencoder,1,primary,0.005,11,2,3,descent,3503,34,1,19,True
lstm_autoencoder,1,primary,0.005,11,3,3,overall,9831,53,1,15,True
lstm_autoencoder,1,primary,0.005,11,3,3,climb,2031,14,1,1,True
lstm_autoencoder,1,primary,0.005,11,3,3,cruise,3448,9,1,4,True
lstm_autoencoder,1,primary,0.005,11,3,3,descent,4352,30,1,10,True
lstm_autoencoder,1,primary,0.005,11,4,3,overall,13140,45,1,17,True
lstm_autoencoder,1,primary,0.005,11,4,3,climb,2902,8,1,2,True
lstm_autoencoder,1,primary,0.005,11,4,3,cruise,7069,0,0,0,True
lstm_autoencoder,1,primary,0.005,11,4,3,descent,3169,37,1,15,True
lstm_autoencoder,1,primary,0.005,11,5,3,overall,13751,126,1,55,True
lstm_autoencoder,1,primary,0.005,11,5,3,climb,2138,6,1,1,True
lstm_autoencoder,1,primary,0.005,11,5,3,cruise,6376,19,1,9,True
lstm_autoencoder,1,primary,0.005,11,5,3,descent,5237,101,1,45,True
lstm_autoencoder,1,primary,0.005,11,6,3,overall,11689,71,1,37,True
lstm_autoencoder,1,primary,0.005,11,6,3,climb,2583,1,1,1,True
lstm_autoencoder,1,primary,0.005,11,6,3,cruise,5477,15,1,9,True
lstm_autoencoder,1,primary,0.005,11,6,3,descent,3629,55,1,27,True
lstm_autoencoder,1,primary,0.005,11,7,3,overall,11007,32,1,12,True
lstm_autoencoder,1,primary,0.005,11,7,3,climb,2506,7,1,1,True
lstm_autoencoder,1,primary,0.005,11,7,3,cruise,4386,7,1,4,True
lstm_autoencoder,1,primary,0.005,11,7,3,descent,4115,18,1,7,True
lstm_autoencoder,1,primary,0.005,11,8,3,overall,8826,5,1,2,True
lstm_autoencoder,1,primary,0.005,11,8,3,climb,4368,0,0,0,True
lstm_autoencoder,1,primary,0.005,11,8,3,cruise,2947,5,1,2,True
lstm_autoencoder,1,primary,0.005,11,8,3,descent,1511,0,0,0,True
lstm_autoencoder,1,primary,0.005,11,9,3,overall,8928,18,1,6,True
lstm_autoencoder,1,primary,0.005,11,9,3,climb,2151,2,1,2,True
lstm_autoencoder,1,primary,0.005,11,9,3,cruise,4055,1,1,1,True
lstm_autoencoder,1,primary,0.005,11,9,3,descent,2722,15,1,3,True
lstm_autoencoder,1,primary,0.005,11,10,3,overall,13940,29,1,11,True
lstm_autoencoder,1,primary,0.005,11,10,3,climb,3800,8,1,1,True
lstm_autoencoder,1,primary,0.005,11,10,3,cruise,6079,0,0,0,True
lstm_autoencoder,1,primary,0.005,11,10,3,descent,4061,21,1,10,True
lstm_autoencoder,1,primary,0.005,11,11,3,overall,13751,120,1,43,True
lstm_autoencoder,1,primary,0.005,11,11,3,climb,2138,6,1,1,True
lstm_autoencoder,1,primary,0.005,11,11,3,cruise,6376,23,1,9,True
lstm_autoencoder,1,primary,0.005,11,11,3,descent,5237,91,1,33,True
lstm_autoencoder,1,primary,0.005,11,12,3,overall,14346,43,1,14,True
lstm_autoencoder,1,primary,0.005,11,12,3,climb,3405,4,1,1,True
lstm_autoencoder,1,primary,0.005,11,12,3,cruise,2752,6,1,5,True
lstm_autoencoder,1,primary,0.005,11,12,3,descent,8189,33,1,8,True
lstm_autoencoder,1,primary,0.005,11,13,3,overall,10704,29,1,8,True
lstm_autoencoder,1,primary,0.005,11,13,3,climb,2712,10,1,1,True
lstm_autoencoder,1,primary,0.005,11,13,3,cruise,4440,6,1,3,True
lstm_autoencoder,1,primary,0.005,11,13,3,descent,3552,13,1,4,True
lstm_autoencoder,1,primary,0.005,11,14,3,overall,11573,94,1,41,True
lstm_autoencoder,1,primary,0.005,11,14,3,climb,3378,3,1,1,True
lstm_autoencoder,1,primary,0.005,11,14,3,cruise,2869,1,1,1,True
lstm_autoencoder,1,primary,0.005,11,14,3,descent,5326,90,1,39,True
lstm_autoencoder,1,primary,0.005,11,15,3,overall,7701,273,1,28,True
lstm_autoencoder,1,primary,0.005,11,15,3,climb,2139,4,1,2,True
lstm_autoencoder,1,primary,0.005,11,15,3,cruise,1849,0,0,0,True
lstm_autoencoder,1,primary,0.005,11,15,3,descent,3713,269,1,26,True
lstm_autoencoder,1,primary,0.005,11,16,3,overall,11457,30,1,16,True
lstm_autoencoder,1,primary,0.005,11,16,3,climb,3291,4,1,2,True
lstm_autoencoder,1,primary,0.005,11,16,3,cruise,5172,0,0,0,True
lstm_autoencoder,1,primary,0.005,11,16,3,descent,2994,26,1,14,True
lstm_autoencoder,1,primary,0.005,11,17,3,overall,11457,41,1,15,True
lstm_autoencoder,1,primary,0.005,11,17,3,climb,3291,4,1,2,True
lstm_autoencoder,1,primary,0.005,11,17,3,cruise,5172,0,0,0,True
lstm_autoencoder,1,primary,0.005,11,17,3,descent,2994,37,1,13,True
lstm_autoencoder,1,primary,0.005,11,18,3,overall,12562,23,1,12,True
lstm_autoencoder,1,primary,0.005,11,18,3,climb,4727,5,1,3,True
lstm_autoencoder,1,primary,0.005,11,18,3,cruise,3161,1,1,1,True
lstm_autoencoder,1,primary,0.005,11,18,3,descent,4674,17,1,8,True
lstm_autoencoder,1,primary,0.005,14,1,1,overall,2551,9,1,1,False
lstm_autoencoder,1,primary,0.005,14,1,1,climb,79,9,1,1,False
lstm_autoencoder,1,primary,0.005,14,1,1,cruise,2364,0,0,0,False
lstm_autoencoder,1,primary,0.005,14,1,1,descent,108,0,0,0,False
lstm_autoencoder,1,primary,0.005,14,2,1,overall,1528,11,1,3,False
lstm_autoencoder,1,primary,0.005,14,2,1,climb,435,7,1,1,False
lstm_autoencoder,1,primary,0.005,14,2,1,cruise,592,0,0,0,False
lstm_autoencoder,1,primary,0.005,14,2,1,descent,501,4,1,2,False
lstm_autoencoder,1,primary,0.005,14,3,1,overall,1887,17,1,5,False
lstm_autoencoder,1,primary,0.005,14,3,1,climb,227,0,0,0,False
lstm_autoencoder,1,primary,0.005,14,3,1,cruise,1396,17,1,5,False
lstm_autoencoder,1,primary,0.005,14,3,1,descent,264,0,0,0,False
lstm_autoencoder,1,primary,0.005,14,4,1,overall,1303,68,1,13,False
lstm_autoencoder,1,primary,0.005,14,4,1,climb,87,25,1,1,False
lstm_autoencoder,1,primary,0.005,14,4,1,cruise,1069,43,1,12,False
lstm_autoencoder,1,primary,0.005,14,4,1,descent,147,0,0,0,False
lstm_autoencoder,1,primary,0.005,14,5,1,overall,2641,12,1,1,False
lstm_autoencoder,1,primary,0.005,14,5,1,climb,1059,12,1,1,False
lstm_autoencoder,1,primary,0.005,14,5,1,cruise,390,0,0,0,False
lstm_autoencoder,1,primary,0.005,14,5,1,descent,1192,0,0,0,False
lstm_autoencoder,1,primary,0.005,14,6,1,overall,2918,16,1,2,False
lstm_autoencoder,1,primary,0.005,14,6,1,climb,222,14,1,1,False
lstm_autoencoder,1,primary,0.005,14,6,1,cruise,1468,2,1,1,False
lstm_autoencoder,1,primary,0.005,14,6,1,descent,1228,0,0,0,False
lstm_autoencoder,1,primary,0.005,14,7,1,overall,1303,69,1,12,False
lstm_autoencoder,1,primary,0.005,14,7,1,climb,87,25,1,1,False
lstm_autoencoder,1,primary,0.005,14,7,1,cruise,1069,44,1,11,False
lstm_autoencoder,1,primary,0.005,14,7,1,descent,147,0,0,0,False
lstm_autoencoder,1,primary,0.005,14,8,1,overall,2551,9,1,1,False
lstm_autoencoder,1,primary,0.005,14,8,1,climb,79,9,1,1,False
lstm_autoencoder,1,primary,0.005,14,8,1,cruise,2364,0,0,0,False
lstm_autoencoder,1,primary,0.005,14,8,1,descent,108,0,0,0,False
lstm_autoencoder,1,primary,0.005,14,9,1,overall,1706,32,1,4,False
lstm_autoencoder,1,primary,0.005,14,9,1,climb,38,1,1,1,False
lstm_autoencoder,1,primary,0.005,14,9,1,cruise,47,0,0,0,False
lstm_autoencoder,1,primary,0.005,14,9,1,descent,1621,31,1,3,False
lstm_autoencoder,1,primary,0.005,14,10,1,overall,1706,32,1,4,False
lstm_autoencoder,1,primary,0.005,14,10,1,climb,38,1,1,1,False
lstm_autoencoder,1,primary,0.005,14,10,1,cruise,47,0,0,0,False
lstm_autoencoder,1,primary,0.005,14,10,1,descent,1621,31,1,3,False
lstm_autoencoder,1,primary,0.005,14,11,1,overall,2346,9,1,1,False
lstm_autoencoder,1,primary,0.005,14,11,1,climb,482,9,1,1,False
lstm_autoencoder,1,primary,0.005,14,11,1,cruise,1040,0,0,0,False
lstm_autoencoder,1,primary,0.005,14,11,1,descent,824,0,0,0,False
lstm_autoencoder,1,primary,0.005,14,12,1,overall,2641,12,1,1,False
lstm_autoencoder,1,primary,0.005,14,12,1,climb,1059,12,1,1,False
lstm_autoencoder,1,primary,0.005,14,12,1,cruise,390,0,0,0,False
lstm_autoencoder,1,primary,0.005,14,12,1,descent,1192,0,0,0,False
lstm_autoencoder,1,primary,0.005,14,13,1,overall,1303,65,1,12,False
lstm_autoencoder,1,primary,0.005,14,13,1,climb,87,25,1,1,False
lstm_autoencoder,1,primary,0.005,14,13,1,cruise,1069,40,1,11,False
lstm_autoencoder,1,primary,0.005,14,13,1,descent,147,0,0,0,False
lstm_autoencoder,1,primary,0.005,14,14,1,overall,2629,0,0,0,False
lstm_autoencoder,1,primary,0.005,14,14,1,climb,490,0,0,0,False
lstm_autoencoder,1,primary,0.005,14,14,1,cruise,1339,0,0,0,False
lstm_autoencoder,1,primary,0.005,14,14,1,descent,800,0,0,0,False
lstm_autoencoder,1,primary,0.005,14,15,1,overall,1930,2,1,1,False
lstm_autoencoder,1,primary,0.005,14,15,1,climb,486,2,1,1,False
lstm_autoencoder,1,primary,0.005,14,15,1,cruise,795,0,0,0,False
lstm_autoencoder,1,primary,0.005,14,15,1,descent,649,0,0,0,False
lstm_autoencoder,1,primary,0.005,14,16,1,overall,1528,9,1,2,False
lstm_autoencoder,1,primary,0.005,14,16,1,climb,435,7,1,1,False
lstm_autoencoder,1,primary,0.005,14,16,1,cruise,592,0,0,0,False
lstm_autoencoder,1,primary,0.005,14,16,1,descent,501,2,1,1,False
lstm_autoencoder,1,primary,0.005,14,17,1,overall,2641,12,1,1,False
lstm_autoencoder,1,primary,0.005,14,17,1,climb,1059,12,1,1,False
lstm_autoencoder,1,primary,0.005,14,17,1,cruise,390,0,0,0,False
lstm_autoencoder,1,primary,0.005,14,17,1,descent,1192,0,0,0,False
lstm_autoencoder,1,primary,0.005,14,18,1,overall,2629,0,0,0,False
lstm_autoencoder,1,primary,0.005,14,18,1,climb,490,0,0,0,False
lstm_autoencoder,1,primary,0.005,14,18,1,cruise,1339,0,0,0,False
lstm_autoencoder,1,primary,0.005,14,18,1,descent,800,0,0,0,False
lstm_autoencoder,1,primary,0.005,14,19,1,overall,1706,32,1,4,False
lstm_autoencoder,1,primary,0.005,14,19,1,climb,38,1,1,1,False
lstm_autoencoder,1,primary,0.005,14,19,1,cruise,47,0,0,0,False
lstm_autoencoder,1,primary,0.005,14,19,1,descent,1621,31,1,3,False
lstm_autoencoder,1,primary,0.005,14,20,1,overall,2629,0,0,0,False
lstm_autoencoder,1,primary,0.005,14,20,1,climb,490,0,0,0,False
lstm_autoencoder,1,primary,0.005,14,20,1,cruise,1339,0,0,0,False
lstm_autoencoder,1,primary,0.005,14,20,1,descent,800,0,0,0,False
lstm_autoencoder,1,primary,0.005,14,21,1,overall,1706,32,1,4,False
lstm_autoencoder,1,primary,0.005,14,21,1,climb,38,1,1,1,False
lstm_autoencoder,1,primary,0.005,14,21,1,cruise,47,0,0,0,False
lstm_autoencoder,1,primary,0.005,14,21,1,descent,1621,31,1,3,False
lstm_autoencoder,1,primary,0.005,14,22,1,overall,1887,15,1,5,False
lstm_autoencoder,1,primary,0.005,14,22,1,climb,227,0,0,0,False
lstm_autoencoder,1,primary,0.005,14,22,1,cruise,1396,15,1,5,False
lstm_autoencoder,1,primary,0.005,14,22,1,descent,264,0,0,0,False
lstm_autoencoder,1,primary,0.005,14,23,1,overall,2629,0,0,0,False
lstm_autoencoder,1,primary,0.005,14,23,1,climb,490,0,0,0,False
lstm_autoencoder,1,primary,0.005,14,23,1,cruise,1339,0,0,0,False
lstm_autoencoder,1,primary,0.005,14,23,1,descent,800,0,0,0,False
lstm_autoencoder,1,primary,0.005,14,24,1,overall,2641,12,1,1,False
lstm_autoencoder,1,primary,0.005,14,24,1,climb,1059,12,1,1,False
lstm_autoencoder,1,primary,0.005,14,24,1,cruise,390,0,0,0,False
lstm_autoencoder,1,primary,0.005,14,24,1,descent,1192,0,0,0,False
lstm_autoencoder,1,primary,0.005,14,25,1,overall,2551,9,1,1,False
lstm_autoencoder,1,primary,0.005,14,25,1,climb,79,9,1,1,False
lstm_autoencoder,1,primary,0.005,14,25,1,cruise,2364,0,0,0,False
lstm_autoencoder,1,primary,0.005,14,25,1,descent,108,0,0,0,False
lstm_autoencoder,1,primary,0.005,14,26,1,overall,2034,4,1,4,False
lstm_autoencoder,1,primary,0.005,14,26,1,climb,135,3,1,3,False
lstm_autoencoder,1,primary,0.005,14,26,1,cruise,84,0,0,0,False
lstm_autoencoder,1,primary,0.005,14,26,1,descent,1815,1,1,1,False
lstm_autoencoder,1,primary,0.005,14,27,1,overall,1887,12,1,5,False
lstm_autoencoder,1,primary,0.005,14,27,1,climb,227,0,0,0,False
lstm_autoencoder,1,primary,0.005,14,27,1,cruise,1396,12,1,5,False
lstm_autoencoder,1,primary,0.005,14,27,1,descent,264,0,0,0,False
lstm_autoencoder,1,primary,0.005,14,28,1,overall,2629,0,0,0,False
lstm_autoencoder,1,primary,0.005,14,28,1,climb,490,0,0,0,False
lstm_autoencoder,1,primary,0.005,14,28,1,cruise,1339,0,0,0,False
lstm_autoencoder,1,primary,0.005,14,28,1,descent,800,0,0,0,False
lstm_autoencoder,1,primary,0.005,14,29,1,overall,1887,17,1,5,False
lstm_autoencoder,1,primary,0.005,14,29,1,climb,227,0,0,0,False
lstm_autoencoder,1,primary,0.005,14,29,1,cruise,1396,17,1,5,False
lstm_autoencoder,1,primary,0.005,14,29,1,descent,264,0,0,0,False
lstm_autoencoder,1,primary,0.005,14,30,1,overall,1528,10,1,2,False
lstm_autoencoder,1,primary,0.005,14,30,1,climb,435,8,1,1,False
lstm_autoencoder,1,primary,0.005,14,30,1,cruise,592,0,0,0,False
lstm_autoencoder,1,primary,0.005,14,30,1,descent,501,2,1,1,False
lstm_autoencoder,1,primary,0.005,14,31,1,overall,2629,0,0,0,False
lstm_autoencoder,1,primary,0.005,14,31,1,climb,490,0,0,0,False
lstm_autoencoder,1,primary,0.005,14,31,1,cruise,1339,0,0,0,False
lstm_autoencoder,1,primary,0.005,14,31,1,descent,800,0,0,0,False
lstm_autoencoder,1,primary,0.005,14,32,1,overall,1006,1,1,1,False
lstm_autoencoder,1,primary,0.005,14,32,1,climb,262,1,1,1,False
lstm_autoencoder,1,primary,0.005,14,32,1,cruise,356,0,0,0,False
lstm_autoencoder,1,primary,0.005,14,32,1,descent,388,0,0,0,False
lstm_autoencoder,1,primary,0.005,14,33,1,overall,1528,10,1,2,False
lstm_autoencoder,1,primary,0.005,14,33,1,climb,435,8,1,1,False
lstm_autoencoder,1,primary,0.005,14,33,1,cruise,592,0,0,0,False
lstm_autoencoder,1,primary,0.005,14,33,1,descent,501,2,1,1,False
lstm_autoencoder,1,primary,0.005,14,34,1,overall,1944,4,1,3,False
lstm_autoencoder,1,primary,0.005,14,34,1,climb,142,0,0,0,False
lstm_autoencoder,1,primary,0.005,14,34,1,cruise,1554,0,0,0,False
lstm_autoencoder,1,primary,0.005,14,34,1,descent,248,4,1,3,False
lstm_autoencoder,1,primary,0.005,14,35,1,overall,1706,32,1,4,False
lstm_autoencoder,1,primary,0.005,14,35,1,climb,38,1,1,1,False
lstm_autoencoder,1,primary,0.005,14,35,1,cruise,47,0,0,0,False
lstm_autoencoder,1,primary,0.005,14,35,1,descent,1621,31,1,3,False
lstm_autoencoder,1,primary,0.005,15,1,2,overall,2669,3,1,2,False
lstm_autoencoder,1,primary,0.005,15,1,2,climb,625,0,0,0,False
lstm_autoencoder,1,primary,0.005,15,1,2,cruise,752,0,0,0,False
lstm_autoencoder,1,primary,0.005,15,1,2,descent,1292,3,1,2,False
lstm_autoencoder,1,primary,0.005,15,2,2,overall,7711,19,1,3,False
lstm_autoencoder,1,primary,0.005,15,2,2,climb,2028,19,1,3,False
lstm_autoencoder,1,primary,0.005,15,2,2,cruise,3298,0,0,0,False
lstm_autoencoder,1,primary,0.005,15,2,2,descent,2385,0,0,0,False
lstm_autoencoder,1,primary,0.005,15,3,2,overall,5503,45,1,16,False
lstm_autoencoder,1,primary,0.005,15,3,2,climb,3519,7,1,1,False
lstm_autoencoder,1,primary,0.005,15,3,2,cruise,722,0,0,0,False
lstm_autoencoder,1,primary,0.005,15,3,2,descent,1262,38,1,15,False
lstm_autoencoder,1,primary,0.005,15,4,2,overall,6372,28,1,2,False
lstm_autoencoder,1,primary,0.005,15,4,2,climb,2754,26,1,1,False
lstm_autoencoder,1,primary,0.005,15,4,2,cruise,2405,0,0,0,False
lstm_autoencoder,1,primary,0.005,15,4,2,descent,1213,2,1,1,False
lstm_autoencoder,1,primary,0.005,15,5,2,overall,6075,7,1,1,False
lstm_autoencoder,1,primary,0.005,15,5,2,climb,1642,7,1,1,False
lstm_autoencoder,1,primary,0.005,15,5,2,cruise,2509,0,0,0,False
lstm_autoencoder,1,primary,0.005,15,5,2,descent,1924,0,0,0,False
lstm_autoencoder,1,primary,0.005,15,6,2,overall,9157,73,1,23,False
lstm_autoencoder,1,primary,0.005,15,6,2,climb,3584,4,1,1,False
lstm_autoencoder,1,primary,0.005,15,6,2,cruise,2702,56,1,17,False
lstm_autoencoder,1,primary,0.005,15,6,2,descent,2871,13,1,5,False
lstm_autoencoder,1,primary,0.005,15,7,2,overall,5892,30,1,7,False
lstm_autoencoder,1,primary,0.005,15,7,2,climb,2990,6,1,2,False
lstm_autoencoder,1,primary,0.005,15,7,2,cruise,2120,0,0,0,False
lstm_autoencoder,1,primary,0.005,15,7,2,descent,782,24,1,5,False
lstm_autoencoder,1,primary,0.005,15,8,2,overall,4015,6,1,1,False
lstm_autoencoder,1,primary,0.005,15,8,2,climb,748,6,1,1,False
lstm_autoencoder,1,primary,0.005,15,8,2,cruise,1371,0,0,0,False
lstm_autoencoder,1,primary,0.005,15,8,2,descent,1896,0,0,0,False
lstm_autoencoder,1,primary,0.005,15,9,2,overall,8714,100,1,34,False
lstm_autoencoder,1,primary,0.005,15,9,2,climb,2650,9,1,1,False
lstm_autoencoder,1,primary,0.005,15,9,2,cruise,4542,15,1,8,False
lstm_autoencoder,1,primary,0.005,15,9,2,descent,1522,76,1,25,False
lstm_autoencoder,1,primary,0.005,15,10,2,overall,5218,5,1,1,False
lstm_autoencoder,1,primary,0.005,15,10,2,climb,2439,5,1,1,False
lstm_autoencoder,1,primary,0.005,15,10,2,cruise,1376,0,0,0,False
lstm_autoencoder,1,primary,0.005,15,10,2,descent,1403,0,0,0,False
lstm_autoencoder,1,primary,0.005,15,11,2,overall,6001,41,1,4,False
lstm_autoencoder,1,primary,0.005,15,11,2,climb,2203,8,1,1,False
lstm_autoencoder,1,primary,0.005,15,11,2,cruise,2046,0,0,0,False
lstm_autoencoder,1,primary,0.005,15,11,2,descent,1752,33,1,3,False
lstm_autoencoder,1,primary,0.005,15,12,2,overall,8363,3,1,1,False
lstm_autoencoder,1,primary,0.005,15,12,2,climb,1990,3,1,1,False
lstm_autoencoder,1,primary,0.005,15,12,2,cruise,3014,0,0,0,False
lstm_autoencoder,1,primary,0.005,15,12,2,descent,3359,0,0,0,False
lstm_autoencoder,1,primary,0.005,15,13,2,overall,5761,1,1,1,False
lstm_autoencoder,1,primary,0.005,15,13,2,climb,1671,1,1,1,False
lstm_autoencoder,1,primary,0.005,15,13,2,cruise,2573,0,0,0,False
lstm_autoencoder,1,primary,0.005,15,13,2,descent,1517,0,0,0,False
lstm_autoencoder,1,primary,0.005,15,14,2,overall,6942,10,1,1,False
lstm_autoencoder,1,primary,0.005,15,14,2,climb,2058,10,1,1,False
lstm_autoencoder,1,primary,0.005,15,14,2,cruise,3278,0,0,0,False
lstm_autoencoder,1,primary,0.005,15,14,2,descent,1606,0,0,0,False
lstm_autoencoder,1,primary,0.005,15,15,2,overall,8154,32,1,11,False
lstm_autoencoder,1,primary,0.005,15,15,2,climb,2033,6,1,1,False
lstm_autoencoder,1,primary,0.005,15,15,2,cruise,2970,23,1,8,False
lstm_autoencoder,1,primary,0.005,15,15,2,descent,3151,3,1,2,False
lstm_autoencoder,1,primary,0.005,15,16,2,overall,5218,5,1,1,False
lstm_autoencoder,1,primary,0.005,15,16,2,climb,2439,5,1,1,False
lstm_autoencoder,1,primary,0.005,15,16,2,cruise,1376,0,0,0,False
lstm_autoencoder,1,primary,0.005,15,16,2,descent,1403,0,0,0,False
lstm_autoencoder,1,primary,0.005,15,17,2,overall,5804,2,1,1,False
lstm_autoencoder,1,primary,0.005,15,17,2,climb,1845,2,1,1,False
lstm_autoencoder,1,primary,0.005,15,17,2,cruise,2329,0,0,0,False
lstm_autoencoder,1,primary,0.005,15,17,2,descent,1630,0,0,0,False
lstm_autoencoder,1,primary,0.005,15,18,2,overall,8154,29,1,14,False
lstm_autoencoder,1,primary,0.005,15,18,2,climb,2033,7,1,1,False
lstm_autoencoder,1,primary,0.005,15,18,2,cruise,2970,21,1,12,False
lstm_autoencoder,1,primary,0.005,15,18,2,descent,3151,1,1,1,False
lstm_autoencoder,1,primary,0.005,15,19,2,overall,6782,94,1,42,False
lstm_autoencoder,1,primary,0.005,15,19,2,climb,2887,8,1,1,False
lstm_autoencoder,1,primary,0.005,15,19,2,cruise,1196,5,1,2,False
lstm_autoencoder,1,primary,0.005,15,19,2,descent,2699,81,1,39,False
lstm_autoencoder,1,primary,0.005,15,20,2,overall,6265,1,1,1,False
lstm_autoencoder,1,primary,0.005,15,20,2,climb,1256,0,0,0,False
lstm_autoencoder,1,primary,0.005,15,20,2,cruise,2569,0,0,0,False
lstm_autoencoder,1,primary,0.005,15,20,2,descent,2440,1,1,1,False
lstm_autoencoder,1,primary,0.005,15,21,2,overall,6381,0,0,0,False
lstm_autoencoder,1,primary,0.005,15,21,2,climb,1264,0,0,0,False
lstm_autoencoder,1,primary,0.005,15,21,2,cruise,2088,0,0,0,False
lstm_autoencoder,1,primary,0.005,15,21,2,descent,3029,0,0,0,False
lstm_autoencoder,1,primary,0.005,15,22,2,overall,5501,64,1,29,False
lstm_autoencoder,1,primary,0.005,15,22,2,climb,2343,9,1,7,False
lstm_autoencoder,1,primary,0.005,15,22,2,cruise,1857,0,0,0,False
lstm_autoencoder,1,primary,0.005,15,22,2,descent,1301,55,1,22,False
lstm_autoencoder,1,primary,0.005,15,23,2,overall,6887,9,1,1,False
lstm_autoencoder,1,primary,0.005,15,23,2,climb,1788,9,1,1,False
lstm_autoencoder,1,primary,0.005,15,23,2,cruise,3403,0,0,0,False
lstm_autoencoder,1,primary,0.005,15,23,2,descent,1696,0,0,0,False
lstm_autoencoder,1,primary,0.01,11,1,3,overall,11007,53,1,17,True
lstm_autoencoder,1,primary,0.01,11,1,3,climb,2506,9,1,1,True
lstm_autoencoder,1,primary,0.01,11,1,3,cruise,4386,10,1,4,True
lstm_autoencoder,1,primary,0.01,11,1,3,descent,4115,34,1,12,True
lstm_autoencoder,1,primary,0.01,11,2,3,overall,17636,93,1,30,True
lstm_autoencoder,1,primary,0.01,11,2,3,climb,3612,9,1,1,True
lstm_autoencoder,1,primary,0.01,11,2,3,cruise,10521,35,1,10,True
lstm_autoencoder,1,primary,0.01,11,2,3,descent,3503,49,1,19,True
lstm_autoencoder,1,primary,0.01,11,3,3,overall,9831,380,1,28,True
lstm_autoencoder,1,primary,0.01,11,3,3,climb,2031,17,1,1,True
lstm_autoencoder,1,primary,0.01,11,3,3,cruise,3448,15,1,5,True
lstm_autoencoder,1,primary,0.01,11,3,3,descent,4352,348,1,22,True
lstm_autoencoder,1,primary,0.01,11,4,3,overall,13140,65,1,19,True
lstm_autoencoder,1,primary,0.01,11,4,3,climb,2902,11,1,3,True
lstm_autoencoder,1,primary,0.01,11,4,3,cruise,7069,0,0,0,True
lstm_autoencoder,1,primary,0.01,11,4,3,descent,3169,54,1,16,True
lstm_autoencoder,1,primary,0.01,11,5,3,overall,13751,191,1,44,True
lstm_autoencoder,1,primary,0.01,11,5,3,climb,2138,7,1,1,True
lstm_autoencoder,1,primary,0.01,11,5,3,cruise,6376,24,1,5,True
lstm_autoencoder,1,primary,0.01,11,5,3,descent,5237,160,1,38,True
lstm_autoencoder,1,primary,0.01,11,6,3,overall,11689,122,1,44,True
lstm_autoencoder,1,primary,0.01,11,6,3,climb,2583,3,1,2,True
lstm_autoencoder,1,primary,0.01,11,6,3,cruise,5477,34,1,16,True
lstm_autoencoder,1,primary,0.01,11,6,3,descent,3629,85,1,26,True
lstm_autoencoder,1,primary,0.01,11,7,3,overall,11007,57,1,15,True
lstm_autoencoder,1,primary,0.01,11,7,3,climb,2506,9,1,1,True
lstm_autoencoder,1,primary,0.01,11,7,3,cruise,4386,10,1,3,True
lstm_autoencoder,1,primary,0.01,11,7,3,descent,4115,38,1,11,True
lstm_autoencoder,1,primary,0.01,11,8,3,overall,8826,16,1,11,True
lstm_autoencoder,1,primary,0.01,11,8,3,climb,4368,0,0,0,True
lstm_autoencoder,1,primary,0.01,11,8,3,cruise,2947,6,1,3,True
lstm_autoencoder,1,primary,0.01,11,8,3,descent,1511,10,1,8,True
lstm_autoencoder,1,primary,0.01,11,9,3,overall,8928,43,1,14,True
lstm_autoencoder,1,primary,0.01,11,9,3,climb,2151,3,1,2,True
lstm_autoencoder,1,primary,0.01,11,9,3,cruise,4055,3,1,1,True
lstm_autoencoder,1,primary,0.01,11,9,3,descent,2722,37,1,11,True
lstm_autoencoder,1,primary,0.01,11,10,3,overall,13940,135,1,11,True
lstm_autoencoder,1,primary,0.01,11,10,3,climb,3800,12,1,1,True
lstm_autoencoder,1,primary,0.01,11,10,3,cruise,6079,0,0,0,True
lstm_autoencoder,1,primary,0.01,11,10,3,descent,4061,123,1,10,True
lstm_autoencoder,1,primary,0.01,11,11,3,overall,13751,171,1,35,True
lstm_autoencoder,1,primary,0.01,11,11,3,climb,2138,7,1,1,True
lstm_autoencoder,1,primary,0.01,11,11,3,cruise,6376,29,1,6,True
lstm_autoencoder,1,primary,0.01,11,11,3,descent,5237,135,1,28,True
lstm_autoencoder,1,primary,0.01,11,12,3,overall,14346,57,1,17,True
lstm_autoencoder,1,primary,0.01,11,12,3,climb,3405,5,1,1,True
lstm_autoencoder,1,primary,0.01,11,12,3,cruise,2752,14,1,7,True
lstm_autoencoder,1,primary,0.01,11,12,3,descent,8189,38,1,9,True
lstm_autoencoder,1,primary,0.01,11,13,3,overall,10704,48,1,13,True
lstm_autoencoder,1,primary,0.01,11,13,3,climb,2712,12,1,1,True
lstm_autoencoder,1,primary,0.01,11,13,3,cruise,4440,11,1,6,True
lstm_autoencoder,1,primary,0.01,11,13,3,descent,3552,25,1,6,True
lstm_autoencoder,1,primary,0.01,11,14,3,overall,11573,126,1,29,True
lstm_autoencoder,1,primary,0.01,11,14,3,climb,3378,7,1,1,True
lstm_autoencoder,1,primary,0.01,11,14,3,cruise,2869,1,1,1,True
lstm_autoencoder,1,primary,0.01,11,14,3,descent,5326,118,1,27,True
lstm_autoencoder,1,primary,0.01,11,15,3,overall,7701,420,1,25,True
lstm_autoencoder,1,primary,0.01,11,15,3,climb,2139,9,1,2,True
lstm_autoencoder,1,primary,0.01,11,15,3,cruise,1849,0,0,0,True
lstm_autoencoder,1,primary,0.01,11,15,3,descent,3713,411,1,23,True
lstm_autoencoder,1,primary,0.01,11,16,3,overall,11457,55,1,21,True
lstm_autoencoder,1,primary,0.01,11,16,3,climb,3291,6,1,1,True
lstm_autoencoder,1,primary,0.01,11,16,3,cruise,5172,0,0,0,True
lstm_autoencoder,1,primary,0.01,11,16,3,descent,2994,49,1,20,True
lstm_autoencoder,1,primary,0.01,11,17,3,overall,11457,66,1,17,True
lstm_autoencoder,1,primary,0.01,11,17,3,climb,3291,6,1,1,True
lstm_autoencoder,1,primary,0.01,11,17,3,cruise,5172,0,0,0,True
lstm_autoencoder,1,primary,0.01,11,17,3,descent,2994,60,1,16,True
lstm_autoencoder,1,primary,0.01,11,18,3,overall,12562,46,1,13,True
lstm_autoencoder,1,primary,0.01,11,18,3,climb,4727,8,1,1,True
lstm_autoencoder,1,primary,0.01,11,18,3,cruise,3161,5,1,2,True
lstm_autoencoder,1,primary,0.01,11,18,3,descent,4674,33,1,10,True
lstm_autoencoder,1,primary,0.01,14,1,1,overall,2551,15,1,3,False
lstm_autoencoder,1,primary,0.01,14,1,1,climb,79,12,1,1,False
lstm_autoencoder,1,primary,0.01,14,1,1,cruise,2364,1,1,1,False
lstm_autoencoder,1,primary,0.01,14,1,1,descent,108,2,1,2,False
lstm_autoencoder,1,primary,0.01,14,2,1,overall,1528,55,1,13,False
lstm_autoencoder,1,primary,0.01,14,2,1,climb,435,9,1,1,False
lstm_autoencoder,1,primary,0.01,14,2,1,cruise,592,0,0,0,False
lstm_autoencoder,1,primary,0.01,14,2,1,descent,501,46,1,12,False
lstm_autoencoder,1,primary,0.01,14,3,1,overall,1887,30,1,5,False
lstm_autoencoder,1,primary,0.01,14,3,1,climb,227,0,0,0,False
lstm_autoencoder,1,primary,0.01,14,3,1,cruise,1396,30,1,5,False
lstm_autoencoder,1,primary,0.01,14,3,1,descent,264,0,0,0,False
lstm_autoencoder,1,primary,0.01,14,4,1,overall,1303,114,1,12,False
lstm_autoencoder,1,primary,0.01,14,4,1,climb,87,26,1,1,False
lstm_autoencoder,1,primary,0.01,14,4,1,cruise,1069,85,1,10,False
lstm_autoencoder,1,primary,0.01,14,4,1,descent,147,3,1,1,False
lstm_autoencoder,1,primary,0.01,14,5,1,overall,2641,15,1,2,False
lstm_autoencoder,1,primary,0.01,14,5,1,climb,1059,15,1,2,False
lstm_autoencoder,1,primary,0.01,14,5,1,cruise,390,0,0,0,False
lstm_autoencoder,1,primary,0.01,14,5,1,descent,1192,0,0,0,False
lstm_autoencoder,1,primary,0.01,14,6,1,overall,2918,26,1,4,False
lstm_autoencoder,1,primary,0.01,14,6,1,climb,222,16,1,1,False
lstm_autoencoder,1,primary,0.01,14,6,1,cruise,1468,9,1,2,False
lstm_autoencoder,1,primary,0.01,14,6,1,descent,1228,1,1,1,False
lstm_autoencoder,1,primary,0.01,14,7,1,overall,1303,117,1,13,False
lstm_autoencoder,1,primary,0.01,14,7,1,climb,87,26,1,1,False
lstm_autoencoder,1,primary,0.01,14,7,1,cruise,1069,88,1,11,False
lstm_autoencoder,1,primary,0.01,14,7,1,descent,147,3,1,1,False
lstm_autoencoder,1,primary,0.01,14,8,1,overall,2551,15,1,3,False
lstm_autoencoder,1,primary,0.01,14,8,1,climb,79,12,1,1,False
lstm_autoencoder,1,primary,0.01,14,8,1,cruise,2364,1,1,1,False
lstm_autoencoder,1,primary,0.01,14,8,1,descent,108,2,1,2,False
lstm_autoencoder,1,primary,0.01,14,9,1,overall,1706,36,1,4,False
lstm_autoencoder,1,primary,0.01,14,9,1,climb,38,3,1,1,False
lstm_autoencoder,1,primary,0.01,14,9,1,cruise,47,0,0,0,False
lstm_autoencoder,1,primary,0.01,14,9,1,descent,1621,33,1,3,False
lstm_autoencoder,1,primary,0.01,14,10,1,overall,1706,36,1,4,False
lstm_autoencoder,1,primary,0.01,14,10,1,climb,38,3,1,1,False
lstm_autoencoder,1,primary,0.01,14,10,1,cruise,47,0,0,0,False
lstm_autoencoder,1,primary,0.01,14,10,1,descent,1621,33,1,3,False
lstm_autoencoder,1,primary,0.01,14,11,1,overall,2346,14,1,2,False
lstm_autoencoder,1,primary,0.01,14,11,1,climb,482,13,1,1,False
lstm_autoencoder,1,primary,0.01,14,11,1,cruise,1040,1,1,1,False
lstm_autoencoder,1,primary,0.01,14,11,1,descent,824,0,0,0,False
lstm_autoencoder,1,primary,0.01,14,12,1,overall,2641,16,1,2,False
lstm_autoencoder,1,primary,0.01,14,12,1,climb,1059,16,1,2,False
lstm_autoencoder,1,primary,0.01,14,12,1,cruise,390,0,0,0,False
lstm_autoencoder,1,primary,0.01,14,12,1,descent,1192,0,0,0,False
lstm_autoencoder,1,primary,0.01,14,13,1,overall,1303,114,1,15,False
lstm_autoencoder,1,primary,0.01,14,13,1,climb,87,26,1,1,False
lstm_autoencoder,1,primary,0.01,14,13,1,cruise,1069,85,1,13,False
lstm_autoencoder,1,primary,0.01,14,13,1,descent,147,3,1,1,False
lstm_autoencoder,1,primary,0.01,14,14,1,overall,2629,16,1,8,False
lstm_autoencoder,1,primary,0.01,14,14,1,climb,490,0,0,0,False
lstm_autoencoder,1,primary,0.01,14,14,1,cruise,1339,0,0,0,False
lstm_autoencoder,1,primary,0.01,14,14,1,descent,800,16,1,8,False
lstm_autoencoder,1,primary,0.01,14,15,1,overall,1930,3,1,2,False
lstm_autoencoder,1,primary,0.01,14,15,1,climb,486,2,1,1,False
lstm_autoencoder,1,primary,0.01,14,15,1,cruise,795,0,0,0,False
lstm_autoencoder,1,primary,0.01,14,15,1,descent,649,1,1,1,False
lstm_autoencoder,1,primary,0.01,14,16,1,overall,1528,60,1,12,False
lstm_autoencoder,1,primary,0.01,14,16,1,climb,435,9,1,1,False
lstm_autoencoder,1,primary,0.01,14,16,1,cruise,592,0,0,0,False
lstm_autoencoder,1,primary,0.01,14,16,1,descent,501,51,1,11,False
lstm_autoencoder,1,primary,0.01,14,17,1,overall,2641,16,1,2,False
lstm_autoencoder,1,primary,0.01,14,17,1,climb,1059,16,1,2,False
lstm_autoencoder,1,primary,0.01,14,17,1,cruise,390,0,0,0,False
lstm_autoencoder,1,primary,0.01,14,17,1,descent,1192,0,0,0,False
lstm_autoencoder,1,primary,0.01,14,18,1,overall,2629,7,1,5,False
lstm_autoencoder,1,primary,0.01,14,18,1,climb,490,0,0,0,False
lstm_autoencoder,1,primary,0.01,14,18,1,cruise,1339,0,0,0,False
lstm_autoencoder,1,primary,0.01,14,18,1,descent,800,7,1,5,False
lstm_autoencoder,1,primary,0.01,14,19,1,overall,1706,37,1,4,False
lstm_autoencoder,1,primary,0.01,14,19,1,climb,38,4,1,1,False
lstm_autoencoder,1,primary,0.01,14,19,1,cruise,47,0,0,0,False
lstm_autoencoder,1,primary,0.01,14,19,1,descent,1621,33,1,3,False
lstm_autoencoder,1,primary,0.01,14,20,1,overall,2629,11,1,5,False
lstm_autoencoder,1,primary,0.01,14,20,1,climb,490,0,0,0,False
lstm_autoencoder,1,primary,0.01,14,20,1,cruise,1339,0,0,0,False
lstm_autoencoder,1,primary,0.01,14,20,1,descent,800,11,1,5,False
lstm_autoencoder,1,primary,0.01,14,21,1,overall,1706,37,1,4,False
lstm_autoencoder,1,primary,0.01,14,21,1,climb,38,4,1,1,False
lstm_autoencoder,1,primary,0.01,14,21,1,cruise,47,0,0,0,False
lstm_autoencoder,1,primary,0.01,14,21,1,descent,1621,33,1,3,False
lstm_autoencoder,1,primary,0.01,14,22,1,overall,1887,29,1,5,False
lstm_autoencoder,1,primary,0.01,14,22,1,climb,227,0,0,0,False
lstm_autoencoder,1,primary,0.01,14,22,1,cruise,1396,29,1,5,False
lstm_autoencoder,1,primary,0.01,14,22,1,descent,264,0,0,0,False
lstm_autoencoder,1,primary,0.01,14,23,1,overall,2629,16,1,8,False
lstm_autoencoder,1,primary,0.01,14,23,1,climb,490,0,0,0,False
lstm_autoencoder,1,primary,0.01,14,23,1,cruise,1339,0,0,0,False
lstm_autoencoder,1,primary,0.01,14,23,1,descent,800,16,1,8,False
lstm_autoencoder,1,primary,0.01,14,24,1,overall,2641,16,1,2,False
lstm_autoencoder,1,primary,0.01,14,24,1,climb,1059,16,1,2,False
lstm_autoencoder,1,primary,0.01,14,24,1,cruise,390,0,0,0,False
lstm_autoencoder,1,primary,0.01,14,24,1,descent,1192,0,0,0,False
lstm_autoencoder,1,primary,0.01,14,25,1,overall,2551,16,1,3,False
lstm_autoencoder,1,primary,0.01,14,25,1,climb,79,13,1,1,False
lstm_autoencoder,1,primary,0.01,14,25,1,cruise,2364,1,1,1,False
lstm_autoencoder,1,primary,0.01,14,25,1,descent,108,2,1,2,False
lstm_autoencoder,1,primary,0.01,14,26,1,overall,2034,14,1,6,False
lstm_autoencoder,1,primary,0.01,14,26,1,climb,135,10,1,4,False
lstm_autoencoder,1,primary,0.01,14,26,1,cruise,84,0,0,0,False
lstm_autoencoder,1,primary,0.01,14,26,1,descent,1815,4,1,2,False
lstm_autoencoder,1,primary,0.01,14,27,1,overall,1887,28,1,6,False
lstm_autoencoder,1,primary,0.01,14,27,1,climb,227,0,0,0,False
lstm_autoencoder,1,primary,0.01,14,27,1,cruise,1396,28,1,6,False
lstm_autoencoder,1,primary,0.01,14,27,1,descent,264,0,0,0,False
lstm_autoencoder,1,primary,0.01,14,28,1,overall,2629,17,1,8,False
lstm_autoencoder,1,primary,0.01,14,28,1,climb,490,0,0,0,False
lstm_autoencoder,1,primary,0.01,14,28,1,cruise,1339,0,0,0,False
lstm_autoencoder,1,primary,0.01,14,28,1,descent,800,17,1,8,False
lstm_autoencoder,1,primary,0.01,14,29,1,overall,1887,33,1,6,False
lstm_autoencoder,1,primary,0.01,14,29,1,climb,227,0,0,0,False
lstm_autoencoder,1,primary,0.01,14,29,1,cruise,1396,33,1,6,False
lstm_autoencoder,1,primary,0.01,14,29,1,descent,264,0,0,0,False
lstm_autoencoder,1,primary,0.01,14,30,1,overall,1528,77,1,16,False
lstm_autoencoder,1,primary,0.01,14,30,1,climb,435,9,1,1,False
lstm_autoencoder,1,primary,0.01,14,30,1,cruise,592,0,0,0,False
lstm_autoencoder,1,primary,0.01,14,30,1,descent,501,68,1,15,False
lstm_autoencoder,1,primary,0.01,14,31,1,overall,2629,32,1,7,False
lstm_autoencoder,1,primary,0.01,14,31,1,climb,490,0,0,0,False
lstm_autoencoder,1,primary,0.01,14,31,1,cruise,1339,0,0,0,False
lstm_autoencoder,1,primary,0.01,14,31,1,descent,800,32,1,7,False
lstm_autoencoder,1,primary,0.01,14,32,1,overall,1006,12,1,4,False
lstm_autoencoder,1,primary,0.01,14,32,1,climb,262,8,1,3,False
lstm_autoencoder,1,primary,0.01,14,32,1,cruise,356,4,1,1,False
lstm_autoencoder,1,primary,0.01,14,32,1,descent,388,0,0,0,False
lstm_autoencoder,1,primary,0.01,14,33,1,overall,1528,64,1,18,False
lstm_autoencoder,1,primary,0.01,14,33,1,climb,435,10,1,1,False
lstm_autoencoder,1,primary,0.01,14,33,1,cruise,592,0,0,0,False
lstm_autoencoder,1,primary,0.01,14,33,1,descent,501,54,1,17,False
lstm_autoencoder,1,primary,0.01,14,34,1,overall,1944,49,1,6,False
lstm_autoencoder,1,primary,0.01,14,34,1,climb,142,3,1,2,False
lstm_autoencoder,1,primary,0.01,14,34,1,cruise,1554,2,1,2,False
lstm_autoencoder,1,primary,0.01,14,34,1,descent,248,44,1,2,False
lstm_autoencoder,1,primary,0.01,14,35,1,overall,1706,37,1,4,False
lstm_autoencoder,1,primary,0.01,14,35,1,climb,38,4,1,1,False
lstm_autoencoder,1,primary,0.01,14,35,1,cruise,47,0,0,0,False
lstm_autoencoder,1,primary,0.01,14,35,1,descent,1621,33,1,3,False
lstm_autoencoder,1,primary,0.01,15,1,2,overall,2669,187,1,7,False
lstm_autoencoder,1,primary,0.01,15,1,2,climb,625,0,0,0,False
lstm_autoencoder,1,primary,0.01,15,1,2,cruise,752,0,0,0,False
lstm_autoencoder,1,primary,0.01,15,1,2,descent,1292,187,1,7,False
lstm_autoencoder,1,primary,0.01,15,2,2,overall,7711,22,1,1,False
lstm_autoencoder,1,primary,0.01,15,2,2,climb,2028,22,1,1,False
lstm_autoencoder,1,primary,0.01,15,2,2,cruise,3298,0,0,0,False
lstm_autoencoder,1,primary,0.01,15,2,2,descent,2385,0,0,0,False
lstm_autoencoder,1,primary,0.01,15,3,2,overall,5503,73,1,20,False
lstm_autoencoder,1,primary,0.01,15,3,2,climb,3519,10,1,1,False
lstm_autoencoder,1,primary,0.01,15,3,2,cruise,722,0,0,0,False
lstm_autoencoder,1,primary,0.01,15,3,2,descent,1262,63,1,19,False
lstm_autoencoder,1,primary,0.01,15,4,2,overall,6372,44,1,7,False
lstm_autoencoder,1,primary,0.01,15,4,2,climb,2754,27,1,1,False
lstm_autoencoder,1,primary,0.01,15,4,2,cruise,2405,0,0,0,False
lstm_autoencoder,1,primary,0.01,15,4,2,descent,1213,17,1,6,False
lstm_autoencoder,1,primary,0.01,15,5,2,overall,6075,19,1,2,False
lstm_autoencoder,1,primary,0.01,15,5,2,climb,1642,9,1,1,False
lstm_autoencoder,1,primary,0.01,15,5,2,cruise,2509,0,0,0,False
lstm_autoencoder,1,primary,0.01,15,5,2,descent,1924,10,1,1,False
lstm_autoencoder,1,primary,0.01,15,6,2,overall,9157,88,1,15,False
lstm_autoencoder,1,primary,0.01,15,6,2,climb,3584,8,1,1,False
lstm_autoencoder,1,primary,0.01,15,6,2,cruise,2702,64,1,10,False
lstm_autoencoder,1,primary,0.01,15,6,2,descent,2871,16,1,4,False
lstm_autoencoder,1,primary,0.01,15,7,2,overall,5892,55,1,12,False
lstm_autoencoder,1,primary,0.01,15,7,2,climb,2990,10,1,3,False
lstm_autoencoder,1,primary,0.01,15,7,2,cruise,2120,0,0,0,False
lstm_autoencoder,1,primary,0.01,15,7,2,descent,782,45,1,9,False
lstm_autoencoder,1,primary,0.01,15,8,2,overall,4015,11,1,4,False
lstm_autoencoder,1,primary,0.01,15,8,2,climb,748,8,1,1,False
lstm_autoencoder,1,primary,0.01,15,8,2,cruise,1371,0,0,0,False
lstm_autoencoder,1,primary,0.01,15,8,2,descent,1896,3,1,3,False
lstm_autoencoder,1,primary,0.01,15,9,2,overall,8714,119,1,32,False
lstm_autoencoder,1,primary,0.01,15,9,2,climb,2650,11,1,1,False
lstm_autoencoder,1,primary,0.01,15,9,2,cruise,4542,23,1,12,False
lstm_autoencoder,1,primary,0.01,15,9,2,descent,1522,85,1,19,False
lstm_autoencoder,1,primary,0.01,15,10,2,overall,5218,10,1,3,False
lstm_autoencoder,1,primary,0.01,15,10,2,climb,2439,8,1,1,False
lstm_autoencoder,1,primary,0.01,15,10,2,cruise,1376,0,0,0,False
lstm_autoencoder,1,primary,0.01,15,10,2,descent,1403,2,1,2,False
lstm_autoencoder,1,primary,0.01,15,11,2,overall,6001,54,1,8,False
lstm_autoencoder,1,primary,0.01,15,11,2,climb,2203,12,1,1,False
lstm_autoencoder,1,primary,0.01,15,11,2,cruise,2046,0,0,0,False
lstm_autoencoder,1,primary,0.01,15,11,2,descent,1752,42,1,7,False
lstm_autoencoder,1,primary,0.01,15,12,2,overall,8363,55,1,9,False
lstm_autoencoder,1,primary,0.01,15,12,2,climb,1990,4,1,2,False
lstm_autoencoder,1,primary,0.01,15,12,2,cruise,3014,0,0,0,False
lstm_autoencoder,1,primary,0.01,15,12,2,descent,3359,51,1,7,False
lstm_autoencoder,1,primary,0.01,15,13,2,overall,5761,7,1,5,False
lstm_autoencoder,1,primary,0.01,15,13,2,climb,1671,3,1,1,False
lstm_autoencoder,1,primary,0.01,15,13,2,cruise,2573,0,0,0,False
lstm_autoencoder,1,primary,0.01,15,13,2,descent,1517,4,1,4,False
lstm_autoencoder,1,primary,0.01,15,14,2,overall,6942,15,1,2,False
lstm_autoencoder,1,primary,0.01,15,14,2,climb,2058,14,1,1,False
lstm_autoencoder,1,primary,0.01,15,14,2,cruise,3278,0,0,0,False
lstm_autoencoder,1,primary,0.01,15,14,2,descent,1606,1,1,1,False
lstm_autoencoder,1,primary,0.01,15,15,2,overall,8154,260,1,23,False
lstm_autoencoder,1,primary,0.01,15,15,2,climb,2033,11,1,1,False
lstm_autoencoder,1,primary,0.01,15,15,2,cruise,2970,34,1,7,False
lstm_autoencoder,1,primary,0.01,15,15,2,descent,3151,215,1,15,False
lstm_autoencoder,1,primary,0.01,15,16,2,overall,5218,9,1,2,False
lstm_autoencoder,1,primary,0.01,15,16,2,climb,2439,8,1,1,False
lstm_autoencoder,1,primary,0.01,15,16,2,cruise,1376,0,0,0,False
lstm_autoencoder,1,primary,0.01,15,16,2,descent,1403,1,1,1,False
lstm_autoencoder,1,primary,0.01,15,17,2,overall,5804,7,1,5,False
lstm_autoencoder,1,primary,0.01,15,17,2,climb,1845,3,1,2,False
lstm_autoencoder,1,primary,0.01,15,17,2,cruise,2329,0,0,0,False
lstm_autoencoder,1,primary,0.01,15,17,2,descent,1630,4,1,3,False
lstm_autoencoder,1,primary,0.01,15,18,2,overall,8154,204,1,24,False
lstm_autoencoder,1,primary,0.01,15,18,2,climb,2033,11,1,1,False
lstm_autoencoder,1,primary,0.01,15,18,2,cruise,2970,28,1,12,False
lstm_autoencoder,1,primary,0.01,15,18,2,descent,3151,165,1,11,False
lstm_autoencoder,1,primary,0.01,15,19,2,overall,6782,142,1,41,False
lstm_autoencoder,1,primary,0.01,15,19,2,climb,2887,11,1,1,False
lstm_autoencoder,1,primary,0.01,15,19,2,cruise,1196,8,1,5,False
lstm_autoencoder,1,primary,0.01,15,19,2,descent,2699,123,1,35,False
lstm_autoencoder,1,primary,0.01,15,20,2,overall,6265,12,1,3,False
lstm_autoencoder,1,primary,0.01,15,20,2,climb,1256,0,0,0,False
lstm_autoencoder,1,primary,0.01,15,20,2,cruise,2569,0,0,0,False
lstm_autoencoder,1,primary,0.01,15,20,2,descent,2440,12,1,3,False
lstm_autoencoder,1,primary,0.01,15,21,2,overall,6381,17,1,5,False
lstm_autoencoder,1,primary,0.01,15,21,2,climb,1264,11,1,1,False
lstm_autoencoder,1,primary,0.01,15,21,2,cruise,2088,0,0,0,False
lstm_autoencoder,1,primary,0.01,15,21,2,descent,3029,6,1,4,False
lstm_autoencoder,1,primary,0.01,15,22,2,overall,5501,82,1,25,False
lstm_autoencoder,1,primary,0.01,15,22,2,climb,2343,18,1,7,False
lstm_autoencoder,1,primary,0.01,15,22,2,cruise,1857,0,0,0,False
lstm_autoencoder,1,primary,0.01,15,22,2,descent,1301,64,1,18,False
lstm_autoencoder,1,primary,0.01,15,23,2,overall,6887,196,1,16,False
lstm_autoencoder,1,primary,0.01,15,23,2,climb,1788,12,1,1,False
lstm_autoencoder,1,primary,0.01,15,23,2,cruise,3403,0,0,0,False
lstm_autoencoder,1,primary,0.01,15,23,2,descent,1696,184,1,15,False
lstm_autoencoder,1,primary,0.02,11,1,3,overall,11007,176,1,26,True
lstm_autoencoder,1,primary,0.02,11,1,3,climb,2506,10,1,1,True
lstm_autoencoder,1,primary,0.02,11,1,3,cruise,4386,13,1,5,True
lstm_autoencoder,1,primary,0.02,11,1,3,descent,4115,153,1,20,True
lstm_autoencoder,1,primary,0.02,11,2,3,overall,17636,160,1,34,True
lstm_autoencoder,1,primary,0.02,11,2,3,climb,3612,11,1,2,True
lstm_autoencoder,1,primary,0.02,11,2,3,cruise,10521,43,1,9,True
lstm_autoencoder,1,primary,0.02,11,2,3,descent,3503,106,1,23,True
lstm_autoencoder,1,primary,0.02,11,3,3,overall,9831,645,1,36,True
lstm_autoencoder,1,primary,0.02,11,3,3,climb,2031,19,1,1,True
lstm_autoencoder,1,primary,0.02,11,3,3,cruise,3448,23,1,8,True
lstm_autoencoder,1,primary,0.02,11,3,3,descent,4352,603,1,27,True
lstm_autoencoder,1,primary,0.02,11,4,3,overall,13140,120,1,24,True
lstm_autoencoder,1,primary,0.02,11,4,3,climb,2902,13,1,4,True
lstm_autoencoder,1,primary,0.02,11,4,3,cruise,7069,0,0,0,True
lstm_autoencoder,1,primary,0.02,11,4,3,descent,3169,107,1,20,True
lstm_autoencoder,1,primary,0.02,11,5,3,overall,13751,246,1,37,True
lstm_autoencoder,1,primary,0.02,11,5,3,climb,2138,10,1,2,True
lstm_autoencoder,1,primary,0.02,11,5,3,cruise,6376,26,1,4,True
lstm_autoencoder,1,primary,0.02,11,5,3,descent,5237,210,1,31,True
lstm_autoencoder,1,primary,0.02,11,6,3,overall,11689,188,1,45,True
lstm_autoencoder,1,primary,0.02,11,6,3,climb,2583,6,1,1,True
lstm_autoencoder,1,primary,0.02,11,6,3,cruise,5477,53,1,19,True
lstm_autoencoder,1,primary,0.02,11,6,3,descent,3629,129,1,25,True
lstm_autoencoder,1,primary,0.02,11,7,3,overall,11007,209,1,25,True
lstm_autoencoder,1,primary,0.02,11,7,3,climb,2506,10,1,1,True
lstm_autoencoder,1,primary,0.02,11,7,3,cruise,4386,16,1,5,True
lstm_autoencoder,1,primary,0.02,11,7,3,descent,4115,183,1,19,True
lstm_autoencoder,1,primary,0.02,11,8,3,overall,8826,116,1,39,True
lstm_autoencoder,1,primary,0.02,11,8,3,climb,4368,9,1,5,True
lstm_autoencoder,1,primary,0.02,11,8,3,cruise,2947,13,1,7,True
lstm_autoencoder,1,primary,0.02,11,8,3,descent,1511,94,1,27,True
lstm_autoencoder,1,primary,0.02,11,9,3,overall,8928,127,1,26,True
lstm_autoencoder,1,primary,0.02,11,9,3,climb,2151,5,1,3,True
lstm_autoencoder,1,primary,0.02,11,9,3,cruise,4055,7,1,2,True
lstm_autoencoder,1,primary,0.02,11,9,3,descent,2722,115,1,21,True
lstm_autoencoder,1,primary,0.02,11,10,3,overall,13940,199,1,11,True
lstm_autoencoder,1,primary,0.02,11,10,3,climb,3800,15,1,1,True
lstm_autoencoder,1,primary,0.02,11,10,3,cruise,6079,1,1,1,True
lstm_autoencoder,1,primary,0.02,11,10,3,descent,4061,183,1,9,True
lstm_autoencoder,1,primary,0.02,11,11,3,overall,13751,222,1,31,True
lstm_autoencoder,1,primary,0.02,11,11,3,climb,2138,11,1,1,True
lstm_autoencoder,1,primary,0.02,11,11,3,cruise,6376,33,1,4,True
lstm_autoencoder,1,primary,0.02,11,11,3,descent,5237,178,1,26,True
lstm_autoencoder,1,primary,0.02,11,12,3,overall,14346,88,1,23,True
lstm_autoencoder,1,primary,0.02,11,12,3,climb,3405,5,1,1,True
lstm_autoencoder,1,primary,0.02,11,12,3,cruise,2752,29,1,6,True
lstm_autoencoder,1,primary,0.02,11,12,3,descent,8189,54,1,16,True
lstm_autoencoder,1,primary,0.02,11,13,3,overall,10704,79,1,18,True
lstm_autoencoder,1,primary,0.02,11,13,3,climb,2712,15,1,1,True
lstm_autoencoder,1,primary,0.02,11,13,3,cruise,4440,17,1,7,True
lstm_autoencoder,1,primary,0.02,11,13,3,descent,3552,47,1,10,True
lstm_autoencoder,1,primary,0.02,11,14,3,overall,11573,221,1,38,True
lstm_autoencoder,1,primary,0.02,11,14,3,climb,3378,7,1,1,True
lstm_autoencoder,1,primary,0.02,11,14,3,cruise,2869,1,1,1,True
lstm_autoencoder,1,primary,0.02,11,14,3,descent,5326,213,1,36,True
lstm_autoencoder,1,primary,0.02,11,15,3,overall,7701,524,1,34,True
lstm_autoencoder,1,primary,0.02,11,15,3,climb,2139,11,1,2,True
lstm_autoencoder,1,primary,0.02,11,15,3,cruise,1849,0,0,0,True
lstm_autoencoder,1,primary,0.02,11,15,3,descent,3713,513,1,32,True
lstm_autoencoder,1,primary,0.02,11,16,3,overall,11457,291,1,36,True
lstm_autoencoder,1,primary,0.02,11,16,3,climb,3291,7,1,1,True
lstm_autoencoder,1,primary,0.02,11,16,3,cruise,5172,0,0,0,True
lstm_autoencoder,1,primary,0.02,11,16,3,descent,2994,284,1,35,True
lstm_autoencoder,1,primary,0.02,11,17,3,overall,11457,258,1,37,True
lstm_autoencoder,1,primary,0.02,11,17,3,climb,3291,7,1,1,True
lstm_autoencoder,1,primary,0.02,11,17,3,cruise,5172,0,0,0,True
lstm_autoencoder,1,primary,0.02,11,17,3,descent,2994,251,1,36,True
lstm_autoencoder,1,primary,0.02,11,18,3,overall,12562,122,1,24,True
lstm_autoencoder,1,primary,0.02,11,18,3,climb,4727,13,1,1,True
lstm_autoencoder,1,primary,0.02,11,18,3,cruise,3161,38,1,8,True
lstm_autoencoder,1,primary,0.02,11,18,3,descent,4674,71,1,15,True
lstm_autoencoder,1,primary,0.02,14,1,1,overall,2551,20,1,5,False
lstm_autoencoder,1,primary,0.02,14,1,1,climb,79,15,1,1,False
lstm_autoencoder,1,primary,0.02,14,1,1,cruise,2364,3,1,3,False
lstm_autoencoder,1,primary,0.02,14,1,1,descent,108,2,1,2,False
lstm_autoencoder,1,primary,0.02,14,2,1,overall,1528,242,1,14,False
lstm_autoencoder,1,primary,0.02,14,2,1,climb,435,12,1,1,False
lstm_autoencoder,1,primary,0.02,14,2,1,cruise,592,0,0,0,False
lstm_autoencoder,1,primary,0.02,14,2,1,descent,501,230,1,13,False
lstm_autoencoder,1,primary,0.02,14,3,1,overall,1887,49,1,11,False
lstm_autoencoder,1,primary,0.02,14,3,1,climb,227,1,1,1,False
lstm_autoencoder,1,primary,0.02,14,3,1,cruise,1396,43,1,7,False
lstm_autoencoder,1,primary,0.02,14,3,1,descent,264,5,1,3,False
lstm_autoencoder,1,primary,0.02,14,4,1,overall,1303,171,1,21,False
lstm_autoencoder,1,primary,0.02,14,4,1,climb,87,29,1,2,False
lstm_autoencoder,1,primary,0.02,14,4,1,cruise,1069,134,1,17,False
lstm_autoencoder,1,primary,0.02,14,4,1,descent,147,8,1,2,False
lstm_autoencoder,1,primary,0.02,14,5,1,overall,2641,69,1,17,False
lstm_autoencoder,1,primary,0.02,14,5,1,climb,1059,24,1,5,False
lstm_autoencoder,1,primary,0.02,14,5,1,cruise,390,0,0,0,False
lstm_autoencoder,1,primary,0.02,14,5,1,descent,1192,45,1,12,False
lstm_autoencoder,1,primary,0.02,14,6,1,overall,2918,41,1,7,False
lstm_autoencoder,1,primary,0.02,14,6,1,climb,222,19,1,1,False
lstm_autoencoder,1,primary,0.02,14,6,1,cruise,1468,18,1,3,False
lstm_autoencoder,1,primary,0.02,14,6,1,descent,1228,4,1,3,False
lstm_autoencoder,1,primary,0.02,14,7,1,overall,1303,173,1,22,False
lstm_autoencoder,1,primary,0.02,14,7,1,climb,87,30,1,3,False
lstm_autoencoder,1,primary,0.02,14,7,1,cruise,1069,135,1,17,False
lstm_autoencoder,1,primary,0.02,14,7,1,descent,147,8,1,2,False
lstm_autoencoder,1,primary,0.02,14,8,1,overall,2551,19,1,4,False
lstm_autoencoder,1,primary,0.02,14,8,1,climb,79,15,1,1,False
lstm_autoencoder,1,primary,0.02,14,8,1,cruise,2364,2,1,2,False
lstm_autoencoder,1,primary,0.02,14,8,1,descent,108,2,1,2,False
lstm_autoencoder,1,primary,0.02,14,9,1,overall,1706,40,1,6,False
lstm_autoencoder,1,primary,0.02,14,9,1,climb,38,5,1,1,False
lstm_autoencoder,1,primary,0.02,14,9,1,cruise,47,0,0,0,False
lstm_autoencoder,1,primary,0.02,14,9,1,descent,1621,35,1,5,False
lstm_autoencoder,1,primary,0.02,14,10,1,overall,1706,39,1,5,False
lstm_autoencoder,1,primary,0.02,14,10,1,climb,38,5,1,1,False
lstm_autoencoder,1,primary,0.02,14,10,1,cruise,47,0,0,0,False
lstm_autoencoder,1,primary,0.02,14,10,1,descent,1621,34,1,4,False
lstm_autoencoder,1,primary,0.02,14,11,1,overall,2346,53,1,3,False
lstm_autoencoder,1,primary,0.02,14,11,1,climb,482,15,1,1,False
lstm_autoencoder,1,primary,0.02,14,11,1,cruise,1040,34,1,1,False
lstm_autoencoder,1,primary,0.02,14,11,1,descent,824,4,1,1,False
lstm_autoencoder,1,primary,0.02,14,12,1,overall,2641,73,1,18,False
lstm_autoencoder,1,primary,0.02,14,12,1,climb,1059,26,1,4,False
lstm_autoencoder,1,primary,0.02,14,12,1,cruise,390,0,0,0,False
lstm_autoencoder,1,primary,0.02,14,12,1,descent,1192,47,1,14,False
lstm_autoencoder,1,primary,0.02,14,13,1,overall,1303,172,1,23,False
lstm_autoencoder,1,primary,0.02,14,13,1,climb,87,29,1,2,False
lstm_autoencoder,1,primary,0.02,14,13,1,cruise,1069,134,1,18,False
lstm_autoencoder,1,primary,0.02,14,13,1,descent,147,9,1,3,False
lstm_autoencoder,1,primary,0.02,14,14,1,overall,2629,130,1,11,False
lstm_autoencoder,1,primary,0.02,14,14,1,climb,490,0,0,0,False
lstm_autoencoder,1,primary,0.02,14,14,1,cruise,1339,0,0,0,False
lstm_autoencoder,1,primary,0.02,14,14,1,descent,800,130,1,11,False
lstm_autoencoder,1,primary,0.02,14,15,1,overall,1930,7,1,3,False
lstm_autoencoder,1,primary,0.02,14,15,1,climb,486,4,1,1,False
lstm_autoencoder,1,primary,0.02,14,15,1,cruise,795,0,0,0,False
lstm_autoencoder,1,primary,0.02,14,15,1,descent,649,3,1,2,False
lstm_autoencoder,1,primary,0.02,14,16,1,overall,1528,247,1,16,False
lstm_autoencoder,1,primary,0.02,14,16,1,climb,435,12,1,1,False
lstm_autoencoder,1,primary,0.02,14,16,1,cruise,592,0,0,0,False
lstm_autoencoder,1,primary,0.02,14,16,1,descent,501,235,1,15,False
lstm_autoencoder,1,primary,0.02,14,17,1,overall,2641,78,1,18,False
lstm_autoencoder,1,primary,0.02,14,17,1,climb,1059,27,1,3,False
lstm_autoencoder,1,primary,0.02,14,17,1,cruise,390,0,0,0,False
lstm_autoencoder,1,primary,0.02,14,17,1,descent,1192,51,1,15,False
lstm_autoencoder,1,primary,0.02,14,18,1,overall,2629,116,1,13,False
lstm_autoencoder,1,primary,0.02,14,18,1,climb,490,0,0,0,False
lstm_autoencoder,1,primary,0.02,14,18,1,cruise,1339,0,0,0,False
lstm_autoencoder,1,primary,0.02,14,18,1,descent,800,116,1,13,False
lstm_autoencoder,1,primary,0.02,14,19,1,overall,1706,39,1,5,False
lstm_autoencoder,1,primary,0.02,14,19,1,climb,38,5,1,1,False
lstm_autoencoder,1,primary,0.02,14,19,1,cruise,47,0,0,0,False
lstm_autoencoder,1,primary,0.02,14,19,1,descent,1621,34,1,4,False
lstm_autoencoder,1,primary,0.02,14,20,1,overall,2629,124,1,14,False
lstm_autoencoder,1,primary,0.02,14,20,1,climb,490,0,0,0,False
lstm_autoencoder,1,primary,0.02,14,20,1,cruise,1339,0,0,0,False
lstm_autoencoder,1,primary,0.02,14,20,1,descent,800,124,1,14,False
lstm_autoencoder,1,primary,0.02,14,21,1,overall,1706,39,1,5,False
lstm_autoencoder,1,primary,0.02,14,21,1,climb,38,5,1,1,False
lstm_autoencoder,1,primary,0.02,14,21,1,cruise,47,0,0,0,False
lstm_autoencoder,1,primary,0.02,14,21,1,descent,1621,34,1,4,False
lstm_autoencoder,1,primary,0.02,14,22,1,overall,1887,87,1,15,False
lstm_autoencoder,1,primary,0.02,14,22,1,climb,227,2,1,1,False
lstm_autoencoder,1,primary,0.02,14,22,1,cruise,1396,45,1,10,False
lstm_autoencoder,1,primary,0.02,14,22,1,descent,264,40,1,4,False
lstm_autoencoder,1,primary,0.02,14,23,1,overall,2629,128,1,11,False
lstm_autoencoder,1,primary,0.02,14,23,1,climb,490,0,0,0,False
lstm_autoencoder,1,primary,0.02,14,23,1,cruise,1339,0,0,0,False
lstm_autoencoder,1,primary,0.02,14,23,1,descent,800,128,1,11,False
lstm_autoencoder,1,primary,0.02,14,24,1,overall,2641,104,1,22,False
lstm_autoencoder,1,primary,0.02,14,24,1,climb,1059,28,1,2,False
lstm_autoencoder,1,primary,0.02,14,24,1,cruise,390,1,1,1,False
lstm_autoencoder,1,primary,0.02,14,24,1,descent,1192,75,1,19,False
lstm_autoencoder,1,primary,0.02,14,25,1,overall,2551,22,1,5,False
lstm_autoencoder,1,primary,0.02,14,25,1,climb,79,16,1,1,False
lstm_autoencoder,1,primary,0.02,14,25,1,cruise,2364,4,1,3,False
lstm_autoencoder,1,primary,0.02,14,25,1,descent,108,2,1,2,False
lstm_autoencoder,1,primary,0.02,14,26,1,overall,2034,24,1,6,False
lstm_autoencoder,1,primary,0.02,14,26,1,climb,135,18,1,3,False
lstm_autoencoder,1,primary,0.02,14,26,1,cruise,84,0,0,0,False
lstm_autoencoder,1,primary,0.02,14,26,1,descent,1815,6,1,3,False
lstm_autoencoder,1,primary,0.02,14,27,1,overall,1887,98,1,13,False
lstm_autoencoder,1,primary,0.02,14,27,1,climb,227,2,1,1,False
lstm_autoencoder,1,primary,0.02,14,27,1,cruise,1396,43,1,10,False
lstm_autoencoder,1,primary,0.02,14,27,1,descent,264,53,1,2,False
lstm_autoencoder,1,primary,0.02,14,28,1,overall,2629,155,1,16,False
lstm_autoencoder,1,primary,0.02,14,28,1,climb,490,0,0,0,False
lstm_autoencoder,1,primary,0.02,14,28,1,cruise,1339,0,0,0,False
lstm_autoencoder,1,primary,0.02,14,28,1,descent,800,155,1,16,False
lstm_autoencoder,1,primary,0.02,14,29,1,overall,1887,102,1,13,False
lstm_autoencoder,1,primary,0.02,14,29,1,climb,227,2,1,1,False
lstm_autoencoder,1,primary,0.02,14,29,1,cruise,1396,48,1,9,False
lstm_autoencoder,1,primary,0.02,14,29,1,descent,264,52,1,3,False
lstm_autoencoder,1,primary,0.02,14,30,1,overall,1528,272,1,24,False
lstm_autoencoder,1,primary,0.02,14,30,1,climb,435,12,1,1,False
lstm_autoencoder,1,primary,0.02,14,30,1,cruise,592,0,0,0,False
lstm_autoencoder,1,primary,0.02,14,30,1,descent,501,260,1,23,False
lstm_autoencoder,1,primary,0.02,14,31,1,overall,2629,170,1,11,False
lstm_autoencoder,1,primary,0.02,14,31,1,climb,490,0,0,0,False
lstm_autoencoder,1,primary,0.02,14,31,1,cruise,1339,0,0,0,False
lstm_autoencoder,1,primary,0.02,14,31,1,descent,800,170,1,11,False
lstm_autoencoder,1,primary,0.02,14,32,1,overall,1006,45,1,12,False
lstm_autoencoder,1,primary,0.02,14,32,1,climb,262,14,1,2,False
lstm_autoencoder,1,primary,0.02,14,32,1,cruise,356,11,1,1,False
lstm_autoencoder,1,primary,0.02,14,32,1,descent,388,20,1,9,False
lstm_autoencoder,1,primary,0.02,14,33,1,overall,1528,272,1,26,False
lstm_autoencoder,1,primary,0.02,14,33,1,climb,435,12,1,1,False
lstm_autoencoder,1,primary,0.02,14,33,1,cruise,592,0,0,0,False
lstm_autoencoder,1,primary,0.02,14,33,1,descent,501,260,1,25,False
lstm_autoencoder,1,primary,0.02,14,34,1,overall,1944,77,1,12,False
lstm_autoencoder,1,primary,0.02,14,34,1,climb,142,8,1,1,False
lstm_autoencoder,1,primary,0.02,14,34,1,cruise,1554,6,1,4,False
lstm_autoencoder,1,primary,0.02,14,34,1,descent,248,63,1,7,False
lstm_autoencoder,1,primary,0.02,14,35,1,overall,1706,40,1,5,False
lstm_autoencoder,1,primary,0.02,14,35,1,climb,38,6,1,1,False
lstm_autoencoder,1,primary,0.02,14,35,1,cruise,47,0,0,0,False
lstm_autoencoder,1,primary,0.02,14,35,1,descent,1621,34,1,4,False
lstm_autoencoder,1,primary,0.02,15,1,2,overall,2669,293,1,10,False
lstm_autoencoder,1,primary,0.02,15,1,2,climb,625,0,0,0,False
lstm_autoencoder,1,primary,0.02,15,1,2,cruise,752,0,0,0,False
lstm_autoencoder,1,primary,0.02,15,1,2,descent,1292,293,1,10,False
lstm_autoencoder,1,primary,0.02,15,2,2,overall,7711,51,1,12,False
lstm_autoencoder,1,primary,0.02,15,2,2,climb,2028,24,1,1,False
lstm_autoencoder,1,primary,0.02,15,2,2,cruise,3298,0,0,0,False
lstm_autoencoder,1,primary,0.02,15,2,2,descent,2385,27,1,11,False
lstm_autoencoder,1,primary,0.02,15,3,2,overall,5503,297,1,65,False
lstm_autoencoder,1,primary,0.02,15,3,2,climb,3519,13,1,1,False
lstm_autoencoder,1,primary,0.02,15,3,2,cruise,722,38,1,4,False
lstm_autoencoder,1,primary,0.02,15,3,2,descent,1262,246,1,60,False
lstm_autoencoder,1,primary,0.02,15,4,2,overall,6372,129,1,17,False
lstm_autoencoder,1,primary,0.02,15,4,2,climb,2754,28,1,2,False
lstm_autoencoder,1,primary,0.02,15,4,2,cruise,2405,0,0,0,False
lstm_autoencoder,1,primary,0.02,15,4,2,descent,1213,101,1,15,False
lstm_autoencoder,1,primary,0.02,15,5,2,overall,6075,62,1,12,False
lstm_autoencoder,1,primary,0.02,15,5,2,climb,1642,11,1,1,False
lstm_autoencoder,1,primary,0.02,15,5,2,cruise,2509,0,0,0,False
lstm_autoencoder,1,primary,0.02,15,5,2,descent,1924,51,1,11,False
lstm_autoencoder,1,primary,0.02,15,6,2,overall,9157,144,1,16,False
lstm_autoencoder,1,primary,0.02,15,6,2,climb,3584,17,1,2,False
lstm_autoencoder,1,primary,0.02,15,6,2,cruise,2702,71,1,5,False
lstm_autoencoder,1,primary,0.02,15,6,2,descent,2871,56,1,9,False
lstm_autoencoder,1,primary,0.02,15,7,2,overall,5892,161,1,32,False
lstm_autoencoder,1,primary,0.02,15,7,2,climb,2990,17,1,7,False
lstm_autoencoder,1,primary,0.02,15,7,2,cruise,2120,8,1,5,False
lstm_autoencoder,1,primary,0.02,15,7,2,descent,782,136,1,20,False
lstm_autoencoder,1,primary,0.02,15,8,2,overall,4015,53,1,6,False
lstm_autoencoder,1,primary,0.02,15,8,2,climb,748,10,1,1,False
lstm_autoencoder,1,primary,0.02,15,8,2,cruise,1371,0,0,0,False
lstm_autoencoder,1,primary,0.02,15,8,2,descent,1896,43,1,5,False
lstm_autoencoder,1,primary,0.02,15,9,2,overall,8714,149,1,31,False
lstm_autoencoder,1,primary,0.02,15,9,2,climb,2650,14,1,1,False
lstm_autoencoder,1,primary,0.02,15,9,2,cruise,4542,34,1,14,False
lstm_autoencoder,1,primary,0.02,15,9,2,descent,1522,101,1,16,False
lstm_autoencoder,1,primary,0.02,15,10,2,overall,5218,179,1,25,False
lstm_autoencoder,1,primary,0.02,15,10,2,climb,2439,10,1,2,False
lstm_autoencoder,1,primary,0.02,15,10,2,cruise,1376,0,0,0,False
lstm_autoencoder,1,primary,0.02,15,10,2,descent,1403,169,1,23,False
lstm_autoencoder,1,primary,0.02,15,11,2,overall,6001,95,1,16,False
lstm_autoencoder,1,primary,0.02,15,11,2,climb,2203,16,1,1,False
lstm_autoencoder,1,primary,0.02,15,11,2,cruise,2046,0,0,0,False
lstm_autoencoder,1,primary,0.02,15,11,2,descent,1752,79,1,15,False
lstm_autoencoder,1,primary,0.02,15,12,2,overall,8363,217,1,14,False
lstm_autoencoder,1,primary,0.02,15,12,2,climb,1990,6,1,1,False
lstm_autoencoder,1,primary,0.02,15,12,2,cruise,3014,0,0,0,False
lstm_autoencoder,1,primary,0.02,15,12,2,descent,3359,211,1,13,False
lstm_autoencoder,1,primary,0.02,15,13,2,overall,5761,55,1,22,False
lstm_autoencoder,1,primary,0.02,15,13,2,climb,1671,4,1,1,False
lstm_autoencoder,1,primary,0.02,15,13,2,cruise,2573,1,1,1,False
lstm_autoencoder,1,primary,0.02,15,13,2,descent,1517,50,1,20,False
lstm_autoencoder,1,primary,0.02,15,14,2,overall,6942,27,1,4,False
lstm_autoencoder,1,primary,0.02,15,14,2,climb,2058,17,1,1,False
lstm_autoencoder,1,primary,0.02,15,14,2,cruise,3278,0,0,0,False
lstm_autoencoder,1,primary,0.02,15,14,2,descent,1606,10,1,3,False
lstm_autoencoder,1,primary,0.02,15,15,2,overall,8154,556,1,24,False
lstm_autoencoder,1,primary,0.02,15,15,2,climb,2033,15,1,1,False
lstm_autoencoder,1,primary,0.02,15,15,2,cruise,2970,42,1,10,False
lstm_autoencoder,1,primary,0.02,15,15,2,descent,3151,499,1,13,False
lstm_autoencoder,1,primary,0.02,15,16,2,overall,5218,164,1,28,False
lstm_autoencoder,1,primary,0.02,15,16,2,climb,2439,10,1,2,False
lstm_autoencoder,1,primary,0.02,15,16,2,cruise,1376,0,0,0,False
lstm_autoencoder,1,primary,0.02,15,16,2,descent,1403,154,1,26,False
lstm_autoencoder,1,primary,0.02,15,17,2,overall,5804,258,1,22,False
lstm_autoencoder,1,primary,0.02,15,17,2,climb,1845,4,1,2,False
lstm_autoencoder,1,primary,0.02,15,17,2,cruise,2329,0,0,0,False
lstm_autoencoder,1,primary,0.02,15,17,2,descent,1630,254,1,20,False
lstm_autoencoder,1,primary,0.02,15,18,2,overall,8154,518,1,25,False
lstm_autoencoder,1,primary,0.02,15,18,2,climb,2033,16,1,1,False
lstm_autoencoder,1,primary,0.02,15,18,2,cruise,2970,38,1,13,False
lstm_autoencoder,1,primary,0.02,15,18,2,descent,3151,464,1,11,False
lstm_autoencoder,1,primary,0.02,15,19,2,overall,6782,312,1,65,False
lstm_autoencoder,1,primary,0.02,15,19,2,climb,2887,13,1,1,False
lstm_autoencoder,1,primary,0.02,15,19,2,cruise,1196,17,1,9,False
lstm_autoencoder,1,primary,0.02,15,19,2,descent,2699,282,1,55,False
lstm_autoencoder,1,primary,0.02,15,20,2,overall,6265,86,1,11,False
lstm_autoencoder,1,primary,0.02,15,20,2,climb,1256,6,1,2,False
lstm_autoencoder,1,primary,0.02,15,20,2,cruise,2569,0,0,0,False
lstm_autoencoder,1,primary,0.02,15,20,2,descent,2440,80,1,9,False
lstm_autoencoder,1,primary,0.02,15,21,2,overall,6381,98,1,11,False
lstm_autoencoder,1,primary,0.02,15,21,2,climb,1264,19,1,3,False
lstm_autoencoder,1,primary,0.02,15,21,2,cruise,2088,0,0,0,False
lstm_autoencoder,1,primary,0.02,15,21,2,descent,3029,79,1,8,False
lstm_autoencoder,1,primary,0.02,15,22,2,overall,5501,104,1,26,False
lstm_autoencoder,1,primary,0.02,15,22,2,climb,2343,33,1,13,False
lstm_autoencoder,1,primary,0.02,15,22,2,cruise,1857,0,0,0,False
lstm_autoencoder,1,primary,0.02,15,22,2,descent,1301,71,1,13,False
lstm_autoencoder,1,primary,0.02,15,23,2,overall,6887,334,1,9,False
lstm_autoencoder,1,primary,0.02,15,23,2,climb,1788,17,1,1,False
lstm_autoencoder,1,primary,0.02,15,23,2,cruise,3403,0,0,0,False
lstm_autoencoder,1,primary,0.02,15,23,2,descent,1696,317,1,8,False
lstm_autoencoder,1,alt_rate,0.005,11,1,3,overall,11007,28,1,14,True
lstm_autoencoder,1,alt_rate,0.005,11,1,3,climb,2930,7,1,1,True
lstm_autoencoder,1,alt_rate,0.005,11,1,3,cruise,3885,6,1,3,True
lstm_autoencoder,1,alt_rate,0.005,11,1,3,descent,4192,15,1,10,True
lstm_autoencoder,1,alt_rate,0.005,11,2,3,overall,17636,72,1,32,True
lstm_autoencoder,1,alt_rate,0.005,11,2,3,climb,3879,9,1,1,True
lstm_autoencoder,1,alt_rate,0.005,11,2,3,cruise,9869,23,1,10,True
lstm_autoencoder,1,alt_rate,0.005,11,2,3,descent,3888,40,1,21,True
lstm_autoencoder,1,alt_rate,0.005,11,3,3,overall,9831,53,1,15,True
lstm_autoencoder,1,alt_rate,0.005,11,3,3,climb,2327,14,1,1,True
lstm_autoencoder,1,alt_rate,0.005,11,3,3,cruise,2755,9,1,4,True
lstm_autoencoder,1,alt_rate,0.005,11,3,3,descent,4749,30,1,10,True
lstm_autoencoder,1,alt_rate,0.005,11,4,3,overall,13140,45,1,17,True
lstm_autoencoder,1,alt_rate,0.005,11,4,3,climb,3297,8,1,2,True
lstm_autoencoder,1,alt_rate,0.005,11,4,3,cruise,6273,0,0,0,True
lstm_autoencoder,1,alt_rate,0.005,11,4,3,descent,3570,37,1,15,True
lstm_autoencoder,1,alt_rate,0.005,11,5,3,overall,13751,126,1,55,True
lstm_autoencoder,1,alt_rate,0.005,11,5,3,climb,2298,6,1,1,True
lstm_autoencoder,1,alt_rate,0.005,11,5,3,cruise,6278,19,1,9,True
lstm_autoencoder,1,alt_rate,0.005,11,5,3,descent,5175,101,1,45,True
lstm_autoencoder,1,alt_rate,0.005,11,6,3,overall,11689,71,1,37,True
lstm_autoencoder,1,alt_rate,0.005,11,6,3,climb,1743,1,1,1,True
lstm_autoencoder,1,alt_rate,0.005,11,6,3,cruise,6205,6,1,4,True
lstm_autoencoder,1,alt_rate,0.005,11,6,3,descent,3741,64,1,32,True
lstm_autoencoder,1,alt_rate,0.005,11,7,3,overall,11007,32,1,12,True
lstm_autoencoder,1,alt_rate,0.005,11,7,3,climb,2930,7,1,1,True
lstm_autoencoder,1,alt_rate,0.005,11,7,3,cruise,3885,7,1,4,True
lstm_autoencoder,1,alt_rate,0.005,11,7,3,descent,4192,18,1,7,True
lstm_autoencoder,1,alt_rate,0.005,11,8,3,overall,8826,5,1,2,True
lstm_autoencoder,1,alt_rate,0.005,11,8,3,climb,4070,0,0,0,True
lstm_autoencoder,1,alt_rate,0.005,11,8,3,cruise,3030,0,0,0,True
lstm_autoencoder,1,alt_rate,0.005,11,8,3,descent,1726,5,1,2,True
lstm_autoencoder,1,alt_rate,0.005,11,9,3,overall,8928,18,1,6,True
lstm_autoencoder,1,alt_rate,0.005,11,9,3,climb,2568,2,1,2,True
lstm_autoencoder,1,alt_rate,0.005,11,9,3,cruise,3414,0,0,0,True
lstm_autoencoder,1,alt_rate,0.005,11,9,3,descent,2946,16,1,4,True
lstm_autoencoder,1,alt_rate,0.005,11,10,3,overall,13940,29,1,11,True
lstm_autoencoder,1,alt_rate,0.005,11,10,3,climb,4340,8,1,1,True
lstm_autoencoder,1,alt_rate,0.005,11,10,3,cruise,5054,0,0,0,True
lstm_autoencoder,1,alt_rate,0.005,11,10,3,descent,4546,21,1,10,True
lstm_autoencoder,1,alt_rate,0.005,11,11,3,overall,13751,120,1,43,True
lstm_autoencoder,1,alt_rate,0.005,11,11,3,climb,2298,6,1,1,True
lstm_autoencoder,1,alt_rate,0.005,11,11,3,cruise,6278,25,1,10,True
lstm_autoencoder,1,alt_rate,0.005,11,11,3,descent,5175,89,1,32,True
lstm_autoencoder,1,alt_rate,0.005,11,12,3,overall,14346,43,1,14,True
lstm_autoencoder,1,alt_rate,0.005,11,12,3,climb,3497,10,1,6,True
lstm_autoencoder,1,alt_rate,0.005,11,12,3,cruise,6768,0,0,0,True
lstm_autoencoder,1,alt_rate,0.005,11,12,3,descent,4081,33,1,8,True
lstm_autoencoder,1,alt_rate,0.005,11,13,3,overall,10704,29,1,8,True
lstm_autoencoder,1,alt_rate,0.005,11,13,3,climb,3236,10,1,1,True
lstm_autoencoder,1,alt_rate,0.005,11,13,3,cruise,4152,6,1,3,True
lstm_autoencoder,1,alt_rate,0.005,11,13,3,descent,3316,13,1,4,True
lstm_autoencoder,1,alt_rate,0.005,11,14,3,overall,11573,94,1,41,True
lstm_autoencoder,1,alt_rate,0.005,11,14,3,climb,3665,3,1,1,True
lstm_autoencoder,1,alt_rate,0.005,11,14,3,cruise,3719,2,1,2,True
lstm_autoencoder,1,alt_rate,0.005,11,14,3,descent,4189,89,1,38,True
lstm_autoencoder,1,alt_rate,0.005,11,15,3,overall,7701,273,1,28,True
lstm_autoencoder,1,alt_rate,0.005,11,15,3,climb,2453,4,1,2,True
lstm_autoencoder,1,alt_rate,0.005,11,15,3,cruise,1248,0,0,0,True
lstm_autoencoder,1,alt_rate,0.005,11,15,3,descent,4000,269,1,26,True
lstm_autoencoder,1,alt_rate,0.005,11,16,3,overall,11457,30,1,16,True
lstm_autoencoder,1,alt_rate,0.005,11,16,3,climb,3793,4,1,2,True
lstm_autoencoder,1,alt_rate,0.005,11,16,3,cruise,4388,0,0,0,True
lstm_autoencoder,1,alt_rate,0.005,11,16,3,descent,3276,26,1,14,True
lstm_autoencoder,1,alt_rate,0.005,11,17,3,overall,11457,41,1,15,True
lstm_autoencoder,1,alt_rate,0.005,11,17,3,climb,3793,4,1,2,True
lstm_autoencoder,1,alt_rate,0.005,11,17,3,cruise,4388,0,0,0,True
lstm_autoencoder,1,alt_rate,0.005,11,17,3,descent,3276,37,1,13,True
lstm_autoencoder,1,alt_rate,0.005,11,18,3,overall,12562,23,1,12,True
lstm_autoencoder,1,alt_rate,0.005,11,18,3,climb,5390,5,1,3,True
lstm_autoencoder,1,alt_rate,0.005,11,18,3,cruise,2282,0,0,0,True
lstm_autoencoder,1,alt_rate,0.005,11,18,3,descent,4890,18,1,9,True
lstm_autoencoder,1,alt_rate,0.005,14,1,1,overall,2551,9,1,1,False
lstm_autoencoder,1,alt_rate,0.005,14,1,1,climb,94,9,1,1,False
lstm_autoencoder,1,alt_rate,0.005,14,1,1,cruise,2339,0,0,0,False
lstm_autoencoder,1,alt_rate,0.005,14,1,1,descent,118,0,0,0,False
lstm_autoencoder,1,alt_rate,0.005,14,2,1,overall,1528,11,1,3,False
lstm_autoencoder,1,alt_rate,0.005,14,2,1,climb,495,7,1,1,False
lstm_autoencoder,1,alt_rate,0.005,14,2,1,cruise,475,0,0,0,False
lstm_autoencoder,1,alt_rate,0.005,14,2,1,descent,558,4,1,2,False
lstm_autoencoder,1,alt_rate,0.005,14,3,1,overall,1887,17,1,5,False
lstm_autoencoder,1,alt_rate,0.005,14,3,1,climb,262,0,0,0,False
lstm_autoencoder,1,alt_rate,0.005,14,3,1,cruise,1323,11,1,4,False
lstm_autoencoder,1,alt_rate,0.005,14,3,1,descent,302,6,1,1,False
lstm_autoencoder,1,alt_rate,0.005,14,4,1,overall,1303,68,1,13,False
lstm_autoencoder,1,alt_rate,0.005,14,4,1,climb,96,25,1,1,False
lstm_autoencoder,1,alt_rate,0.005,14,4,1,cruise,1050,43,1,12,False
lstm_autoencoder,1,alt_rate,0.005,14,4,1,descent,157,0,0,0,False
lstm_autoencoder,1,alt_rate,0.005,14,5,1,overall,2641,12,1,1,False
lstm_autoencoder,1,alt_rate,0.005,14,5,1,climb,1220,12,1,1,False
lstm_autoencoder,1,alt_rate,0.005,14,5,1,cruise,41,0,0,0,False
lstm_autoencoder,1,alt_rate,0.005,14,5,1,descent,1380,0,0,0,False
lstm_autoencoder,1,alt_rate,0.005,14,6,1,overall,2918,16,1,2,False
lstm_autoencoder,1,alt_rate,0.005,14,6,1,climb,265,14,1,1,False
lstm_autoencoder,1,alt_rate,0.005,14,6,1,cruise,1361,0,0,0,False
lstm_autoencoder,1,alt_rate,0.005,14,6,1,descent,1292,2,1,1,False
lstm_autoencoder,1,alt_rate,0.005,14,7,1,overall,1303,69,1,12,False
lstm_autoencoder,1,alt_rate,0.005,14,7,1,climb,96,25,1,1,False
lstm_autoencoder,1,alt_rate,0.005,14,7,1,cruise,1050,44,1,11,False
lstm_autoencoder,1,alt_rate,0.005,14,7,1,descent,157,0,0,0,False
lstm_autoencoder,1,alt_rate,0.005,14,8,1,overall,2551,9,1,1,False
lstm_autoencoder,1,alt_rate,0.005,14,8,1,climb,94,9,1,1,False
lstm_autoencoder,1,alt_rate,0.005,14,8,1,cruise,2339,0,0,0,False
lstm_autoencoder,1,alt_rate,0.005,14,8,1,descent,118,0,0,0,False
lstm_autoencoder,1,alt_rate,0.005,14,9,1,overall,1706,32,1,4,False
lstm_autoencoder,1,alt_rate,0.005,14,9,1,climb,33,1,1,1,False
lstm_autoencoder,1,alt_rate,0.005,14,9,1,cruise,59,0,0,0,False
lstm_autoencoder,1,alt_rate,0.005,14,9,1,descent,1614,31,1,3,False
lstm_autoencoder,1,alt_rate,0.005,14,10,1,overall,1706,32,1,4,False
lstm_autoencoder,1,alt_rate,0.005,14,10,1,climb,33,1,1,1,False
lstm_autoencoder,1,alt_rate,0.005,14,10,1,cruise,59,0,0,0,False
lstm_autoencoder,1,alt_rate,0.005,14,10,1,descent,1614,31,1,3,False
lstm_autoencoder,1,alt_rate,0.005,14,11,1,overall,2346,9,1,1,False
lstm_autoencoder,1,alt_rate,0.005,14,11,1,climb,539,9,1,1,False
lstm_autoencoder,1,alt_rate,0.005,14,11,1,cruise,891,0,0,0,False
lstm_autoencoder,1,alt_rate,0.005,14,11,1,descent,916,0,0,0,False
lstm_autoencoder,1,alt_rate,0.005,14,12,1,overall,2641,12,1,1,False
lstm_autoencoder,1,alt_rate,0.005,14,12,1,climb,1220,12,1,1,False
lstm_autoencoder,1,alt_rate,0.005,14,12,1,cruise,41,0,0,0,False
lstm_autoencoder,1,alt_rate,0.005,14,12,1,descent,1380,0,0,0,False
lstm_autoencoder,1,alt_rate,0.005,14,13,1,overall,1303,65,1,12,False
lstm_autoencoder,1,alt_rate,0.005,14,13,1,climb,96,25,1,1,False
lstm_autoencoder,1,alt_rate,0.005,14,13,1,cruise,1050,40,1,11,False
lstm_autoencoder,1,alt_rate,0.005,14,13,1,descent,157,0,0,0,False
lstm_autoencoder,1,alt_rate,0.005,14,14,1,overall,2629,0,0,0,False
lstm_autoencoder,1,alt_rate,0.005,14,14,1,climb,563,0,0,0,False
lstm_autoencoder,1,alt_rate,0.005,14,14,1,cruise,1152,0,0,0,False
lstm_autoencoder,1,alt_rate,0.005,14,14,1,descent,914,0,0,0,False
lstm_autoencoder,1,alt_rate,0.005,14,15,1,overall,1930,2,1,1,False
lstm_autoencoder,1,alt_rate,0.005,14,15,1,climb,545,2,1,1,False
lstm_autoencoder,1,alt_rate,0.005,14,15,1,cruise,661,0,0,0,False
lstm_autoencoder,1,alt_rate,0.005,14,15,1,descent,724,0,0,0,False
lstm_autoencoder,1,alt_rate,0.005,14,16,1,overall,1528,9,1,2,False
lstm_autoencoder,1,alt_rate,0.005,14,16,1,climb,495,7,1,1,False
lstm_autoencoder,1,alt_rate,0.005,14,16,1,cruise,475,0,0,0,False
lstm_autoencoder,1,alt_rate,0.005,14,16,1,descent,558,2,1,1,False
lstm_autoencoder,1,alt_rate,0.005,14,17,1,overall,2641,12,1,1,False
lstm_autoencoder,1,alt_rate,0.005,14,17,1,climb,1220,12,1,1,False
lstm_autoencoder,1,alt_rate,0.005,14,17,1,cruise,41,0,0,0,False
lstm_autoencoder,1,alt_rate,0.005,14,17,1,descent,1380,0,0,0,False
lstm_autoencoder,1,alt_rate,0.005,14,18,1,overall,2629,0,0,0,False
lstm_autoencoder,1,alt_rate,0.005,14,18,1,climb,563,0,0,0,False
lstm_autoencoder,1,alt_rate,0.005,14,18,1,cruise,1152,0,0,0,False
lstm_autoencoder,1,alt_rate,0.005,14,18,1,descent,914,0,0,0,False
lstm_autoencoder,1,alt_rate,0.005,14,19,1,overall,1706,32,1,4,False
lstm_autoencoder,1,alt_rate,0.005,14,19,1,climb,33,1,1,1,False
lstm_autoencoder,1,alt_rate,0.005,14,19,1,cruise,59,0,0,0,False
lstm_autoencoder,1,alt_rate,0.005,14,19,1,descent,1614,31,1,3,False
lstm_autoencoder,1,alt_rate,0.005,14,20,1,overall,2629,0,0,0,False
lstm_autoencoder,1,alt_rate,0.005,14,20,1,climb,563,0,0,0,False
lstm_autoencoder,1,alt_rate,0.005,14,20,1,cruise,1152,0,0,0,False
lstm_autoencoder,1,alt_rate,0.005,14,20,1,descent,914,0,0,0,False
lstm_autoencoder,1,alt_rate,0.005,14,21,1,overall,1706,32,1,4,False
lstm_autoencoder,1,alt_rate,0.005,14,21,1,climb,33,1,1,1,False
lstm_autoencoder,1,alt_rate,0.005,14,21,1,cruise,59,0,0,0,False
lstm_autoencoder,1,alt_rate,0.005,14,21,1,descent,1614,31,1,3,False
lstm_autoencoder,1,alt_rate,0.005,14,22,1,overall,1887,15,1,5,False
lstm_autoencoder,1,alt_rate,0.005,14,22,1,climb,262,0,0,0,False
lstm_autoencoder,1,alt_rate,0.005,14,22,1,cruise,1323,10,1,4,False
lstm_autoencoder,1,alt_rate,0.005,14,22,1,descent,302,5,1,1,False
lstm_autoencoder,1,alt_rate,0.005,14,23,1,overall,2629,0,0,0,False
lstm_autoencoder,1,alt_rate,0.005,14,23,1,climb,563,0,0,0,False
lstm_autoencoder,1,alt_rate,0.005,14,23,1,cruise,1152,0,0,0,False
lstm_autoencoder,1,alt_rate,0.005,14,23,1,descent,914,0,0,0,False
lstm_autoencoder,1,alt_rate,0.005,14,24,1,overall,2641,12,1,1,False
lstm_autoencoder,1,alt_rate,0.005,14,24,1,climb,1220,12,1,1,False
lstm_autoencoder,1,alt_rate,0.005,14,24,1,cruise,41,0,0,0,False
lstm_autoencoder,1,alt_rate,0.005,14,24,1,descent,1380,0,0,0,False
lstm_autoencoder,1,alt_rate,0.005,14,25,1,overall,2551,9,1,1,False
lstm_autoencoder,1,alt_rate,0.005,14,25,1,climb,94,9,1,1,False
lstm_autoencoder,1,alt_rate,0.005,14,25,1,cruise,2339,0,0,0,False
lstm_autoencoder,1,alt_rate,0.005,14,25,1,descent,118,0,0,0,False
lstm_autoencoder,1,alt_rate,0.005,14,26,1,overall,2034,4,1,4,False
lstm_autoencoder,1,alt_rate,0.005,14,26,1,climb,129,3,1,3,False
lstm_autoencoder,1,alt_rate,0.005,14,26,1,cruise,1107,0,0,0,False
lstm_autoencoder,1,alt_rate,0.005,14,26,1,descent,798,1,1,1,False
lstm_autoencoder,1,alt_rate,0.005,14,27,1,overall,1887,12,1,5,False
lstm_autoencoder,1,alt_rate,0.005,14,27,1,climb,262,0,0,0,False
lstm_autoencoder,1,alt_rate,0.005,14,27,1,cruise,1323,8,1,4,False
lstm_autoencoder,1,alt_rate,0.005,14,27,1,descent,302,4,1,1,False
lstm_autoencoder,1,alt_rate,0.005,14,28,1,overall,2629,0,0,0,False
lstm_autoencoder,1,alt_rate,0.005,14,28,1,climb,563,0,0,0,False
lstm_autoencoder,1,alt_rate,0.005,14,28,1,cruise,1152,0,0,0,False
lstm_autoencoder,1,alt_rate,0.005,14,28,1,descent,914,0,0,0,False
lstm_autoencoder,1,alt_rate,0.005,14,29,1,overall,1887,17,1,5,False
lstm_autoencoder,1,alt_rate,0.005,14,29,1,climb,262,0,0,0,False
lstm_autoencoder,1,alt_rate,0.005,14,29,1,cruise,1323,11,1,4,False
lstm_autoencoder,1,alt_rate,0.005,14,29,1,descent,302,6,1,1,False
lstm_autoencoder,1,alt_rate,0.005,14,30,1,overall,1528,10,1,2,False
lstm_autoencoder,1,alt_rate,0.005,14,30,1,climb,495,8,1,1,False
lstm_autoencoder,1,alt_rate,0.005,14,30,1,cruise,475,0,0,0,False
lstm_autoencoder,1,alt_rate,0.005,14,30,1,descent,558,2,1,1,False
lstm_autoencoder,1,alt_rate,0.005,14,31,1,overall,2629,0,0,0,False
lstm_autoencoder,1,alt_rate,0.005,14,31,1,climb,563,0,0,0,False
lstm_autoencoder,1,alt_rate,0.005,14,31,1,cruise,1152,0,0,0,False
lstm_autoencoder,1,alt_rate,0.005,14,31,1,descent,914,0,0,0,False
lstm_autoencoder,1,alt_rate,0.005,14,32,1,overall,1006,1,1,1,False
lstm_autoencoder,1,alt_rate,0.005,14,32,1,climb,330,1,1,1,False
lstm_autoencoder,1,alt_rate,0.005,14,32,1,cruise,232,0,0,0,False
lstm_autoencoder,1,alt_rate,0.005,14,32,1,descent,444,0,0,0,False
lstm_autoencoder,1,alt_rate,0.005,14,33,1,overall,1528,10,1,2,False
lstm_autoencoder,1,alt_rate,0.005,14,33,1,climb,495,8,1,1,False
lstm_autoencoder,1,alt_rate,0.005,14,33,1,cruise,475,0,0,0,False
lstm_autoencoder,1,alt_rate,0.005,14,33,1,descent,558,2,1,1,False
lstm_autoencoder,1,alt_rate,0.005,14,34,1,overall,1944,4,1,3,False
lstm_autoencoder,1,alt_rate,0.005,14,34,1,climb,164,0,0,0,False
lstm_autoencoder,1,alt_rate,0.005,14,34,1,cruise,1524,0,0,0,False
lstm_autoencoder,1,alt_rate,0.005,14,34,1,descent,256,4,1,3,False
lstm_autoencoder,1,alt_rate,0.005,14,35,1,overall,1706,32,1,4,False
lstm_autoencoder,1,alt_rate,0.005,14,35,1,climb,33,1,1,1,False
lstm_autoencoder,1,alt_rate,0.005,14,35,1,cruise,59,0,0,0,False
lstm_autoencoder,1,alt_rate,0.005,14,35,1,descent,1614,31,1,3,False
lstm_autoencoder,1,alt_rate,0.005,15,1,2,overall,2669,3,1,2,False
lstm_autoencoder,1,alt_rate,0.005,15,1,2,climb,705,0,0,0,False
lstm_autoencoder,1,alt_rate,0.005,15,1,2,cruise,555,0,0,0,False
lstm_autoencoder,1,alt_rate,0.005,15,1,2,descent,1409,3,1,2,False
lstm_autoencoder,1,alt_rate,0.005,15,2,2,overall,7711,19,1,3,False
lstm_autoencoder,1,alt_rate,0.005,15,2,2,climb,1947,19,1,3,False
lstm_autoencoder,1,alt_rate,0.005,15,2,2,cruise,3098,0,0,0,False
lstm_autoencoder,1,alt_rate,0.005,15,2,2,descent,2666,0,0,0,False
lstm_autoencoder,1,alt_rate,0.005,15,3,2,overall,5503,45,1,16,False
lstm_autoencoder,1,alt_rate,0.005,15,3,2,climb,3076,7,1,1,False
lstm_autoencoder,1,alt_rate,0.005,15,3,2,cruise,995,0,0,0,False
lstm_autoencoder,1,alt_rate,0.005,15,3,2,descent,1432,38,1,15,False
lstm_autoencoder,1,alt_rate,0.005,15,4,2,overall,6372,28,1,2,False
lstm_autoencoder,1,alt_rate,0.005,15,4,2,climb,2890,26,1,1,False
lstm_autoencoder,1,alt_rate,0.005,15,4,2,cruise,2106,0,0,0,False
lstm_autoencoder,1,alt_rate,0.005,15,4,2,descent,1376,2,1,1,False
lstm_autoencoder,1,alt_rate,0.005,15,5,2,overall,6075,7,1,1,False
lstm_autoencoder,1,alt_rate,0.005,15,5,2,climb,1898,7,1,1,False
lstm_autoencoder,1,alt_rate,0.005,15,5,2,cruise,2050,0,0,0,False
lstm_autoencoder,1,alt_rate,0.005,15,5,2,descent,2127,0,0,0,False
lstm_autoencoder,1,alt_rate,0.005,15,6,2,overall,9157,73,1,23,False
lstm_autoencoder,1,alt_rate,0.005,15,6,2,climb,3768,4,1,1,False
lstm_autoencoder,1,alt_rate,0.005,15,6,2,cruise,2226,0,0,0,False
lstm_autoencoder,1,alt_rate,0.005,15,6,2,descent,3163,69,1,22,False
lstm_autoencoder,1,alt_rate,0.005,15,7,2,overall,5892,30,1,7,False
lstm_autoencoder,1,alt_rate,0.005,15,7,2,climb,3460,6,1,2,False
lstm_autoencoder,1,alt_rate,0.005,15,7,2,cruise,1497,0,0,0,False
lstm_autoencoder,1,alt_rate,0.005,15,7,2,descent,935,24,1,5,False
lstm_autoencoder,1,alt_rate,0.005,15,8,2,overall,4015,6,1,1,False
lstm_autoencoder,1,alt_rate,0.005,15,8,2,climb,913,6,1,1,False
lstm_autoencoder,1,alt_rate,0.005,15,8,2,cruise,973,0,0,0,False
lstm_autoencoder,1,alt_rate,0.005,15,8,2,descent,2129,0,0,0,False
lstm_autoencoder,1,alt_rate,0.005,15,9,2,overall,8714,100,1,34,False
lstm_autoencoder,1,alt_rate,0.005,15,9,2,climb,2654,9,1,1,False
lstm_autoencoder,1,alt_rate,0.005,15,9,2,cruise,4350,10,1,5,False
lstm_autoencoder,1,alt_rate,0.005,15,9,2,descent,1710,81,1,28,False
lstm_autoencoder,1,alt_rate,0.005,15,10,2,overall,5218,5,1,1,False
lstm_autoencoder,1,alt_rate,0.005,15,10,2,climb,2880,5,1,1,False
lstm_autoencoder,1,alt_rate,0.005,15,10,2,cruise,758,0,0,0,False
lstm_autoencoder,1,alt_rate,0.005,15,10,2,descent,1580,0,0,0,False
lstm_autoencoder,1,alt_rate,0.005,15,11,2,overall,6001,41,1,4,False
lstm_autoencoder,1,alt_rate,0.005,15,11,2,climb,2567,8,1,1,False
lstm_autoencoder,1,alt_rate,0.005,15,11,2,cruise,1521,0,0,0,False
lstm_autoencoder,1,alt_rate,0.005,15,11,2,descent,1913,33,1,3,False
lstm_autoencoder,1,alt_rate,0.005,15,12,2,overall,8363,3,1,1,False
lstm_autoencoder,1,alt_rate,0.005,15,12,2,climb,2146,3,1,1,False
lstm_autoencoder,1,alt_rate,0.005,15,12,2,cruise,2656,0,0,0,False
lstm_autoencoder,1,alt_rate,0.005,15,12,2,descent,3561,0,0,0,False
lstm_autoencoder,1,alt_rate,0.005,15,13,2,overall,5761,1,1,1,False
lstm_autoencoder,1,alt_rate,0.005,15,13,2,climb,1955,1,1,1,False
lstm_autoencoder,1,alt_rate,0.005,15,13,2,cruise,2104,0,0,0,False
lstm_autoencoder,1,alt_rate,0.005,15,13,2,descent,1702,0,0,0,False
lstm_autoencoder,1,alt_rate,0.005,15,14,2,overall,6942,10,1,1,False
lstm_autoencoder,1,alt_rate,0.005,15,14,2,climb,2466,10,1,1,False
lstm_autoencoder,1,alt_rate,0.005,15,14,2,cruise,2580,0,0,0,False
lstm_autoencoder,1,alt_rate,0.005,15,14,2,descent,1896,0,0,0,False
lstm_autoencoder,1,alt_rate,0.005,15,15,2,overall,8154,32,1,11,False
lstm_autoencoder,1,alt_rate,0.005,15,15,2,climb,2342,6,1,1,False
lstm_autoencoder,1,alt_rate,0.005,15,15,2,cruise,2353,2,1,2,False
lstm_autoencoder,1,alt_rate,0.005,15,15,2,descent,3459,24,1,8,False
lstm_autoencoder,1,alt_rate,0.005,15,16,2,overall,5218,5,1,1,False
lstm_autoencoder,1,alt_rate,0.005,15,16,2,climb,2880,5,1,1,False
lstm_autoencoder,1,alt_rate,0.005,15,16,2,cruise,758,0,0,0,False
lstm_autoencoder,1,alt_rate,0.005,15,16,2,descent,1580,0,0,0,False
lstm_autoencoder,1,alt_rate,0.005,15,17,2,overall,5804,2,1,1,False
lstm_autoencoder,1,alt_rate,0.005,15,17,2,climb,2122,2,1,1,False
lstm_autoencoder,1,alt_rate,0.005,15,17,2,cruise,1784,0,0,0,False
lstm_autoencoder,1,alt_rate,0.005,15,17,2,descent,1898,0,0,0,False
lstm_autoencoder,1,alt_rate,0.005,15,18,2,overall,8154,29,1,14,False
lstm_autoencoder,1,alt_rate,0.005,15,18,2,climb,2342,7,1,1,False
lstm_autoencoder,1,alt_rate,0.005,15,18,2,cruise,2353,2,1,2,False
lstm_autoencoder,1,alt_rate,0.005,15,18,2,descent,3459,20,1,11,False
lstm_autoencoder,1,alt_rate,0.005,15,19,2,overall,6782,94,1,42,False
lstm_autoencoder,1,alt_rate,0.005,15,19,2,climb,3211,8,1,1,False
lstm_autoencoder,1,alt_rate,0.005,15,19,2,cruise,567,1,1,1,False
lstm_autoencoder,1,alt_rate,0.005,15,19,2,descent,3004,85,1,40,False
lstm_autoencoder,1,alt_rate,0.005,15,20,2,overall,6265,1,1,1,False
lstm_autoencoder,1,alt_rate,0.005,15,20,2,climb,1427,0,0,0,False
lstm_autoencoder,1,alt_rate,0.005,15,20,2,cruise,2185,0,0,0,False
lstm_autoencoder,1,alt_rate,0.005,15,20,2,descent,2653,1,1,1,False
lstm_autoencoder,1,alt_rate,0.005,15,21,2,overall,6381,0,0,0,False
lstm_autoencoder,1,alt_rate,0.005,15,21,2,climb,1431,0,0,0,False
lstm_autoencoder,1,alt_rate,0.005,15,21,2,cruise,1684,0,0,0,False
lstm_autoencoder,1,alt_rate,0.005,15,21,2,descent,3266,0,0,0,False
lstm_autoencoder,1,alt_rate,0.005,15,22,2,overall,5501,64,1,29,False
lstm_autoencoder,1,alt_rate,0.005,15,22,2,climb,2711,9,1,7,False
lstm_autoencoder,1,alt_rate,0.005,15,22,2,cruise,1270,0,0,0,False
lstm_autoencoder,1,alt_rate,0.005,15,22,2,descent,1520,55,1,22,False
lstm_autoencoder,1,alt_rate,0.005,15,23,2,overall,6887,9,1,1,False
lstm_autoencoder,1,alt_rate,0.005,15,23,2,climb,2052,9,1,1,False
lstm_autoencoder,1,alt_rate,0.005,15,23,2,cruise,2880,0,0,0,False
lstm_autoencoder,1,alt_rate,0.005,15,23,2,descent,1955,0,0,0,False
lstm_autoencoder,1,alt_rate,0.01,11,1,3,overall,11007,53,1,17,True
lstm_autoencoder,1,alt_rate,0.01,11,1,3,climb,2930,9,1,1,True
lstm_autoencoder,1,alt_rate,0.01,11,1,3,cruise,3885,10,1,4,True
lstm_autoencoder,1,alt_rate,0.01,11,1,3,descent,4192,34,1,12,True
lstm_autoencoder,1,alt_rate,0.01,11,2,3,overall,17636,93,1,30,True
lstm_autoencoder,1,alt_rate,0.01,11,2,3,climb,3879,9,1,1,True
lstm_autoencoder,1,alt_rate,0.01,11,2,3,cruise,9869,28,1,8,True
lstm_autoencoder,1,alt_rate,0.01,11,2,3,descent,3888,56,1,21,True
lstm_autoencoder,1,alt_rate,0.01,11,3,3,overall,9831,380,1,28,True
lstm_autoencoder,1,alt_rate,0.01,11,3,3,climb,2327,17,1,1,True
lstm_autoencoder,1,alt_rate,0.01,11,3,3,cruise,2755,15,1,5,True
lstm_autoencoder,1,alt_rate,0.01,11,3,3,descent,4749,348,1,22,True
lstm_autoencoder,1,alt_rate,0.01,11,4,3,overall,13140,65,1,19,True
lstm_autoencoder,1,alt_rate,0.01,11,4,3,climb,3297,11,1,3,True
lstm_autoencoder,1,alt_rate,0.01,11,4,3,cruise,6273,0,0,0,True
lstm_autoencoder,1,alt_rate,0.01,11,4,3,descent,3570,54,1,16,True
lstm_autoencoder,1,alt_rate,0.01,11,5,3,overall,13751,191,1,44,True
lstm_autoencoder,1,alt_rate,0.01,11,5,3,climb,2298,7,1,1,True
lstm_autoencoder,1,alt_rate,0.01,11,5,3,cruise,6278,25,1,6,True
lstm_autoencoder,1,alt_rate,0.01,11,5,3,descent,5175,159,1,37,True
lstm_autoencoder,1,alt_rate,0.01,11,6,3,overall,11689,122,1,44,True
lstm_autoencoder,1,alt_rate,0.01,11,6,3,climb,1743,3,1,2,True
lstm_autoencoder,1,alt_rate,0.01,11,6,3,cruise,6205,14,1,8,True
lstm_autoencoder,1,alt_rate,0.01,11,6,3,descent,3741,105,1,34,True
lstm_autoencoder,1,alt_rate,0.01,11,7,3,overall,11007,57,1,15,True
lstm_autoencoder,1,alt_rate,0.01,11,7,3,climb,2930,9,1,1,True
lstm_autoencoder,1,alt_rate,0.01,11,7,3,cruise,3885,10,1,3,True
lstm_autoencoder,1,alt_rate,0.01,11,7,3,descent,4192,38,1,11,True
lstm_autoencoder,1,alt_rate,0.01,11,8,3,overall,8826,16,1,11,True
lstm_autoencoder,1,alt_rate,0.01,11,8,3,climb,4070,0,0,0,True
lstm_autoencoder,1,alt_rate,0.01,11,8,3,cruise,3030,0,0,0,True
lstm_autoencoder,1,alt_rate,0.01,11,8,3,descent,1726,16,1,11,True
lstm_autoencoder,1,alt_rate,0.01,11,9,3,overall,8928,43,1,14,True
lstm_autoencoder,1,alt_rate,0.01,11,9,3,climb,2568,3,1,2,True
lstm_autoencoder,1,alt_rate,0.01,11,9,3,cruise,3414,0,0,0,True
lstm_autoencoder,1,alt_rate,0.01,11,9,3,descent,2946,40,1,12,True
lstm_autoencoder,1,alt_rate,0.01,11,10,3,overall,13940,135,1,11,True
lstm_autoencoder,1,alt_rate,0.01,11,10,3,climb,4340,12,1,1,True
lstm_autoencoder,1,alt_rate,0.01,11,10,3,cruise,5054,0,0,0,True
lstm_autoencoder,1,alt_rate,0.01,11,10,3,descent,4546,123,1,10,True
lstm_autoencoder,1,alt_rate,0.01,11,11,3,overall,13751,171,1,35,True
lstm_autoencoder,1,alt_rate,0.01,11,11,3,climb,2298,7,1,1,True
lstm_autoencoder,1,alt_rate,0.01,11,11,3,cruise,6278,32,1,7,True
lstm_autoencoder,1,alt_rate,0.01,11,11,3,descent,5175,132,1,27,True
lstm_autoencoder,1,alt_rate,0.01,11,12,3,overall,14346,57,1,17,True
lstm_autoencoder,1,alt_rate,0.01,11,12,3,climb,3497,19,1,8,True
lstm_autoencoder,1,alt_rate,0.01,11,12,3,cruise,6768,1,1,1,True
lstm_autoencoder,1,alt_rate,0.01,11,12,3,descent,4081,37,1,8,True
lstm_autoencoder,1,alt_rate,0.01,11,13,3,overall,10704,48,1,13,True
lstm_autoencoder,1,alt_rate,0.01,11,13,3,climb,3236,12,1,1,True
lstm_autoencoder,1,alt_rate,0.01,11,13,3,cruise,4152,11,1,6,True
lstm_autoencoder,1,alt_rate,0.01,11,13,3,descent,3316,25,1,6,True
lstm_autoencoder,1,alt_rate,0.01,11,14,3,overall,11573,126,1,29,True
lstm_autoencoder,1,alt_rate,0.01,11,14,3,climb,3665,7,1,1,True
lstm_autoencoder,1,alt_rate,0.01,11,14,3,cruise,3719,2,1,2,True
lstm_autoencoder,1,alt_rate,0.01,11,14,3,descent,4189,117,1,26,True
lstm_autoencoder,1,alt_rate,0.01,11,15,3,overall,7701,420,1,25,True
lstm_autoencoder,1,alt_rate,0.01,11,15,3,climb,2453,9,1,2,True
lstm_autoencoder,1,alt_rate,0.01,11,15,3,cruise,1248,0,0,0,True
lstm_autoencoder,1,alt_rate,0.01,11,15,3,descent,4000,411,1,23,True
lstm_autoencoder,1,alt_rate,0.01,11,16,3,overall,11457,55,1,21,True
lstm_autoencoder,1,alt_rate,0.01,11,16,3,climb,3793,6,1,1,True
lstm_autoencoder,1,alt_rate,0.01,11,16,3,cruise,4388,0,0,0,True
lstm_autoencoder,1,alt_rate,0.01,11,16,3,descent,3276,49,1,20,True
lstm_autoencoder,1,alt_rate,0.01,11,17,3,overall,11457,66,1,17,True
lstm_autoencoder,1,alt_rate,0.01,11,17,3,climb,3793,6,1,1,True
lstm_autoencoder,1,alt_rate,0.01,11,17,3,cruise,4388,0,0,0,True
lstm_autoencoder,1,alt_rate,0.01,11,17,3,descent,3276,60,1,16,True
lstm_autoencoder,1,alt_rate,0.01,11,18,3,overall,12562,46,1,13,True
lstm_autoencoder,1,alt_rate,0.01,11,18,3,climb,5390,8,1,1,True
lstm_autoencoder,1,alt_rate,0.01,11,18,3,cruise,2282,0,0,0,True
lstm_autoencoder,1,alt_rate,0.01,11,18,3,descent,4890,38,1,12,True
lstm_autoencoder,1,alt_rate,0.01,14,1,1,overall,2551,15,1,3,False
lstm_autoencoder,1,alt_rate,0.01,14,1,1,climb,94,12,1,1,False
lstm_autoencoder,1,alt_rate,0.01,14,1,1,cruise,2339,0,0,0,False
lstm_autoencoder,1,alt_rate,0.01,14,1,1,descent,118,3,1,2,False
lstm_autoencoder,1,alt_rate,0.01,14,2,1,overall,1528,55,1,13,False
lstm_autoencoder,1,alt_rate,0.01,14,2,1,climb,495,9,1,1,False
lstm_autoencoder,1,alt_rate,0.01,14,2,1,cruise,475,0,0,0,False
lstm_autoencoder,1,alt_rate,0.01,14,2,1,descent,558,46,1,12,False
lstm_autoencoder,1,alt_rate,0.01,14,3,1,overall,1887,30,1,5,False
lstm_autoencoder,1,alt_rate,0.01,14,3,1,climb,262,0,0,0,False
lstm_autoencoder,1,alt_rate,0.01,14,3,1,cruise,1323,20,1,4,False
lstm_autoencoder,1,alt_rate,0.01,14,3,1,descent,302,10,1,1,False
lstm_autoencoder,1,alt_rate,0.01,14,4,1,overall,1303,114,1,12,False
lstm_autoencoder,1,alt_rate,0.01,14,4,1,climb,96,26,1,1,False
lstm_autoencoder,1,alt_rate,0.01,14,4,1,cruise,1050,85,1,10,False
lstm_autoencoder,1,alt_rate,0.01,14,4,1,descent,157,3,1,1,False
lstm_autoencoder,1,alt_rate,0.01,14,5,1,overall,2641,15,1,2,False
lstm_autoencoder,1,alt_rate,0.01,14,5,1,climb,1220,15,1,2,False
lstm_autoencoder,1,alt_rate,0.01,14,5,1,cruise,41,0,0,0,False
lstm_autoencoder,1,alt_rate,0.01,14,5,1,descent,1380,0,0,0,False
lstm_autoencoder,1,alt_rate,0.01,14,6,1,overall,2918,26,1,4,False
lstm_autoencoder,1,alt_rate,0.01,14,6,1,climb,265,16,1,1,False
lstm_autoencoder,1,alt_rate,0.01,14,6,1,cruise,1361,0,0,0,False
lstm_autoencoder,1,alt_rate,0.01,14,6,1,descent,1292,10,1,3,False
lstm_autoencoder,1,alt_rate,0.01,14,7,1,overall,1303,117,1,13,False
lstm_autoencoder,1,alt_rate,0.01,14,7,1,climb,96,26,1,1,False
lstm_autoencoder,1,alt_rate,0.01,14,7,1,cruise,1050,88,1,11,False
lstm_autoencoder,1,alt_rate,0.01,14,7,1,descent,157,3,1,1,False
lstm_autoencoder,1,alt_rate,0.01,14,8,1,overall,2551,15,1,3,False
lstm_autoencoder,1,alt_rate,0.01,14,8,1,climb,94,12,1,1,False
lstm_autoencoder,1,alt_rate,0.01,14,8,1,cruise,2339,0,0,0,False
lstm_autoencoder,1,alt_rate,0.01,14,8,1,descent,118,3,1,2,False
lstm_autoencoder,1,alt_rate,0.01,14,9,1,overall,1706,36,1,4,False
lstm_autoencoder,1,alt_rate,0.01,14,9,1,climb,33,3,1,1,False
lstm_autoencoder,1,alt_rate,0.01,14,9,1,cruise,59,0,0,0,False
lstm_autoencoder,1,alt_rate,0.01,14,9,1,descent,1614,33,1,3,False
lstm_autoencoder,1,alt_rate,0.01,14,10,1,overall,1706,36,1,4,False
lstm_autoencoder,1,alt_rate,0.01,14,10,1,climb,33,3,1,1,False
lstm_autoencoder,1,alt_rate,0.01,14,10,1,cruise,59,0,0,0,False
lstm_autoencoder,1,alt_rate,0.01,14,10,1,descent,1614,33,1,3,False
lstm_autoencoder,1,alt_rate,0.01,14,11,1,overall,2346,14,1,2,False
lstm_autoencoder,1,alt_rate,0.01,14,11,1,climb,539,13,1,1,False
lstm_autoencoder,1,alt_rate,0.01,14,11,1,cruise,891,0,0,0,False
lstm_autoencoder,1,alt_rate,0.01,14,11,1,descent,916,1,1,1,False
lstm_autoencoder,1,alt_rate,0.01,14,12,1,overall,2641,16,1,2,False
lstm_autoencoder,1,alt_rate,0.01,14,12,1,climb,1220,16,1,2,False
lstm_autoencoder,1,alt_rate,0.01,14,12,1,cruise,41,0,0,0,False
lstm_autoencoder,1,alt_rate,0.01,14,12,1,descent,1380,0,0,0,False
lstm_autoencoder,1,alt_rate,0.01,14,13,1,overall,1303,114,1,15,False
lstm_autoencoder,1,alt_rate,0.01,14,13,1,climb,96,26,1,1,False
lstm_autoencoder,1,alt_rate,0.01,14,13,1,cruise,1050,85,1,13,False
lstm_autoencoder,1,alt_rate,0.01,14,13,1,descent,157,3,1,1,False
lstm_autoencoder,1,alt_rate,0.01,14,14,1,overall,2629,16,1,8,False
lstm_autoencoder,1,alt_rate,0.01,14,14,1,climb,563,0,0,0,False
lstm_autoencoder,1,alt_rate,0.01,14,14,1,cruise,1152,0,0,0,False
lstm_autoencoder,1,alt_rate,0.01,14,14,1,descent,914,16,1,8,False
lstm_autoencoder,1,alt_rate,0.01,14,15,1,overall,1930,3,1,2,False
lstm_autoencoder,1,alt_rate,0.01,14,15,1,climb,545,2,1,1,False
lstm_autoencoder,1,alt_rate,0.01,14,15,1,cruise,661,0,0,0,False
lstm_autoencoder,1,alt_rate,0.01,14,15,1,descent,724,1,1,1,False
lstm_autoencoder,1,alt_rate,0.01,14,16,1,overall,1528,60,1,12,False
lstm_autoencoder,1,alt_rate,0.01,14,16,1,climb,495,9,1,1,False
lstm_autoencoder,1,alt_rate,0.01,14,16,1,cruise,475,0,0,0,False
lstm_autoencoder,1,alt_rate,0.01,14,16,1,descent,558,51,1,11,False
lstm_autoencoder,1,alt_rate,0.01,14,17,1,overall,2641,16,1,2,False
lstm_autoencoder,1,alt_rate,0.01,14,17,1,climb,1220,16,1,2,False
lstm_autoencoder,1,alt_rate,0.01,14,17,1,cruise,41,0,0,0,False
lstm_autoencoder,1,alt_rate,0.01,14,17,1,descent,1380,0,0,0,False
lstm_autoencoder,1,alt_rate,0.01,14,18,1,overall,2629,7,1,5,False
lstm_autoencoder,1,alt_rate,0.01,14,18,1,climb,563,0,0,0,False
lstm_autoencoder,1,alt_rate,0.01,14,18,1,cruise,1152,0,0,0,False
lstm_autoencoder,1,alt_rate,0.01,14,18,1,descent,914,7,1,5,False
lstm_autoencoder,1,alt_rate,0.01,14,19,1,overall,1706,37,1,4,False
lstm_autoencoder,1,alt_rate,0.01,14,19,1,climb,33,4,1,1,False
lstm_autoencoder,1,alt_rate,0.01,14,19,1,cruise,59,0,0,0,False
lstm_autoencoder,1,alt_rate,0.01,14,19,1,descent,1614,33,1,3,False
lstm_autoencoder,1,alt_rate,0.01,14,20,1,overall,2629,11,1,5,False
lstm_autoencoder,1,alt_rate,0.01,14,20,1,climb,563,0,0,0,False
lstm_autoencoder,1,alt_rate,0.01,14,20,1,cruise,1152,0,0,0,False
lstm_autoencoder,1,alt_rate,0.01,14,20,1,descent,914,11,1,5,False
lstm_autoencoder,1,alt_rate,0.01,14,21,1,overall,1706,37,1,4,False
lstm_autoencoder,1,alt_rate,0.01,14,21,1,climb,33,4,1,1,False
lstm_autoencoder,1,alt_rate,0.01,14,21,1,cruise,59,0,0,0,False
lstm_autoencoder,1,alt_rate,0.01,14,21,1,descent,1614,33,1,3,False
lstm_autoencoder,1,alt_rate,0.01,14,22,1,overall,1887,29,1,5,False
lstm_autoencoder,1,alt_rate,0.01,14,22,1,climb,262,0,0,0,False
lstm_autoencoder,1,alt_rate,0.01,14,22,1,cruise,1323,19,1,4,False
lstm_autoencoder,1,alt_rate,0.01,14,22,1,descent,302,10,1,1,False
lstm_autoencoder,1,alt_rate,0.01,14,23,1,overall,2629,16,1,8,False
lstm_autoencoder,1,alt_rate,0.01,14,23,1,climb,563,0,0,0,False
lstm_autoencoder,1,alt_rate,0.01,14,23,1,cruise,1152,0,0,0,False
lstm_autoencoder,1,alt_rate,0.01,14,23,1,descent,914,16,1,8,False
lstm_autoencoder,1,alt_rate,0.01,14,24,1,overall,2641,16,1,2,False
lstm_autoencoder,1,alt_rate,0.01,14,24,1,climb,1220,16,1,2,False
lstm_autoencoder,1,alt_rate,0.01,14,24,1,cruise,41,0,0,0,False
lstm_autoencoder,1,alt_rate,0.01,14,24,1,descent,1380,0,0,0,False
lstm_autoencoder,1,alt_rate,0.01,14,25,1,overall,2551,16,1,3,False
lstm_autoencoder,1,alt_rate,0.01,14,25,1,climb,94,13,1,1,False
lstm_autoencoder,1,alt_rate,0.01,14,25,1,cruise,2339,0,0,0,False
lstm_autoencoder,1,alt_rate,0.01,14,25,1,descent,118,3,1,2,False
lstm_autoencoder,1,alt_rate,0.01,14,26,1,overall,2034,14,1,6,False
lstm_autoencoder,1,alt_rate,0.01,14,26,1,climb,129,10,1,4,False
lstm_autoencoder,1,alt_rate,0.01,14,26,1,cruise,1107,0,0,0,False
lstm_autoencoder,1,alt_rate,0.01,14,26,1,descent,798,4,1,2,False
lstm_autoencoder,1,alt_rate,0.01,14,27,1,overall,1887,28,1,6,False
lstm_autoencoder,1,alt_rate,0.01,14,27,1,climb,262,0,0,0,False
lstm_autoencoder,1,alt_rate,0.01,14,27,1,cruise,1323,19,1,5,False
lstm_autoencoder,1,alt_rate,0.01,14,27,1,descent,302,9,1,1,False
lstm_autoencoder,1,alt_rate,0.01,14,28,1,overall,2629,17,1,8,False
lstm_autoencoder,1,alt_rate,0.01,14,28,1,climb,563,0,0,0,False
lstm_autoencoder,1,alt_rate,0.01,14,28,1,cruise,1152,0,0,0,False
lstm_autoencoder,1,alt_rate,0.01,14,28,1,descent,914,17,1,8,False
lstm_autoencoder,1,alt_rate,0.01,14,29,1,overall,1887,33,1,6,False
lstm_autoencoder,1,alt_rate,0.01,14,29,1,climb,262,0,0,0,False
lstm_autoencoder,1,alt_rate,0.01,14,29,1,cruise,1323,22,1,5,False
lstm_autoencoder,1,alt_rate,0.01,14,29,1,descent,302,11,1,1,False
lstm_autoencoder,1,alt_rate,0.01,14,30,1,overall,1528,77,1,16,False
lstm_autoencoder,1,alt_rate,0.01,14,30,1,climb,495,9,1,1,False
lstm_autoencoder,1,alt_rate,0.01,14,30,1,cruise,475,0,0,0,False
lstm_autoencoder,1,alt_rate,0.01,14,30,1,descent,558,68,1,15,False
lstm_autoencoder,1,alt_rate,0.01,14,31,1,overall,2629,32,1,7,False
lstm_autoencoder,1,alt_rate,0.01,14,31,1,climb,563,0,0,0,False
lstm_autoencoder,1,alt_rate,0.01,14,31,1,cruise,1152,0,0,0,False
lstm_autoencoder,1,alt_rate,0.01,14,31,1,descent,914,32,1,7,False
lstm_autoencoder,1,alt_rate,0.01,14,32,1,overall,1006,12,1,4,False
lstm_autoencoder,1,alt_rate,0.01,14,32,1,climb,330,8,1,3,False
lstm_autoencoder,1,alt_rate,0.01,14,32,1,cruise,232,0,0,0,False
lstm_autoencoder,1,alt_rate,0.01,14,32,1,descent,444,4,1,1,False
lstm_autoencoder,1,alt_rate,0.01,14,33,1,overall,1528,64,1,18,False
lstm_autoencoder,1,alt_rate,0.01,14,33,1,climb,495,10,1,1,False
lstm_autoencoder,1,alt_rate,0.01,14,33,1,cruise,475,0,0,0,False
lstm_autoencoder,1,alt_rate,0.01,14,33,1,descent,558,54,1,17,False
lstm_autoencoder,1,alt_rate,0.01,14,34,1,overall,1944,49,1,6,False
lstm_autoencoder,1,alt_rate,0.01,14,34,1,climb,164,3,1,2,False
lstm_autoencoder,1,alt_rate,0.01,14,34,1,cruise,1524,2,1,2,False
lstm_autoencoder,1,alt_rate,0.01,14,34,1,descent,256,44,1,2,False
lstm_autoencoder,1,alt_rate,0.01,14,35,1,overall,1706,37,1,4,False
lstm_autoencoder,1,alt_rate,0.01,14,35,1,climb,33,4,1,1,False
lstm_autoencoder,1,alt_rate,0.01,14,35,1,cruise,59,0,0,0,False
lstm_autoencoder,1,alt_rate,0.01,14,35,1,descent,1614,33,1,3,False
lstm_autoencoder,1,alt_rate,0.01,15,1,2,overall,2669,187,1,7,False
lstm_autoencoder,1,alt_rate,0.01,15,1,2,climb,705,0,0,0,False
lstm_autoencoder,1,alt_rate,0.01,15,1,2,cruise,555,0,0,0,False
lstm_autoencoder,1,alt_rate,0.01,15,1,2,descent,1409,187,1,7,False
lstm_autoencoder,1,alt_rate,0.01,15,2,2,overall,7711,22,1,1,False
lstm_autoencoder,1,alt_rate,0.01,15,2,2,climb,1947,22,1,1,False
lstm_autoencoder,1,alt_rate,0.01,15,2,2,cruise,3098,0,0,0,False
lstm_autoencoder,1,alt_rate,0.01,15,2,2,descent,2666,0,0,0,False
lstm_autoencoder,1,alt_rate,0.01,15,3,2,overall,5503,73,1,20,False
lstm_autoencoder,1,alt_rate,0.01,15,3,2,climb,3076,10,1,1,False
lstm_autoencoder,1,alt_rate,0.01,15,3,2,cruise,995,0,0,0,False
lstm_autoencoder,1,alt_rate,0.01,15,3,2,descent,1432,63,1,19,False
lstm_autoencoder,1,alt_rate,0.01,15,4,2,overall,6372,44,1,7,False
lstm_autoencoder,1,alt_rate,0.01,15,4,2,climb,2890,27,1,1,False
lstm_autoencoder,1,alt_rate,0.01,15,4,2,cruise,2106,0,0,0,False
lstm_autoencoder,1,alt_rate,0.01,15,4,2,descent,1376,17,1,6,False
lstm_autoencoder,1,alt_rate,0.01,15,5,2,overall,6075,19,1,2,False
lstm_autoencoder,1,alt_rate,0.01,15,5,2,climb,1898,9,1,1,False
lstm_autoencoder,1,alt_rate,0.01,15,5,2,cruise,2050,0,0,0,False
lstm_autoencoder,1,alt_rate,0.01,15,5,2,descent,2127,10,1,1,False
lstm_autoencoder,1,alt_rate,0.01,15,6,2,overall,9157,88,1,15,False
lstm_autoencoder,1,alt_rate,0.01,15,6,2,climb,3768,8,1,1,False
lstm_autoencoder,1,alt_rate,0.01,15,6,2,cruise,2226,0,0,0,False
lstm_autoencoder,1,alt_rate,0.01,15,6,2,descent,3163,80,1,14,False
lstm_autoencoder,1,alt_rate,0.01,15,7,2,overall,5892,55,1,12,False
lstm_autoencoder,1,alt_rate,0.01,15,7,2,climb,3460,10,1,3,False
lstm_autoencoder,1,alt_rate,0.01,15,7,2,cruise,1497,0,0,0,False
lstm_autoencoder,1,alt_rate,0.01,15,7,2,descent,935,45,1,9,False
lstm_autoencoder,1,alt_rate,0.01,15,8,2,overall,4015,11,1,4,False
lstm_autoencoder,1,alt_rate,0.01,15,8,2,climb,913,8,1,1,False
lstm_autoencoder,1,alt_rate,0.01,15,8,2,cruise,973,0,0,0,False
lstm_autoencoder,1,alt_rate,0.01,15,8,2,descent,2129,3,1,3,False
lstm_autoencoder,1,alt_rate,0.01,15,9,2,overall,8714,119,1,32,False
lstm_autoencoder,1,alt_rate,0.01,15,9,2,climb,2654,11,1,1,False
lstm_autoencoder,1,alt_rate,0.01,15,9,2,cruise,4350,15,1,9,False
lstm_autoencoder,1,alt_rate,0.01,15,9,2,descent,1710,93,1,23,False
lstm_autoencoder,1,alt_rate,0.01,15,10,2,overall,5218,10,1,3,False
lstm_autoencoder,1,alt_rate,0.01,15,10,2,climb,2880,8,1,1,False
lstm_autoencoder,1,alt_rate,0.01,15,10,2,cruise,758,0,0,0,False
lstm_autoencoder,1,alt_rate,0.01,15,10,2,descent,1580,2,1,2,False
lstm_autoencoder,1,alt_rate,0.01,15,11,2,overall,6001,54,1,8,False
lstm_autoencoder,1,alt_rate,0.01,15,11,2,climb,2567,12,1,1,False
lstm_autoencoder,1,alt_rate,0.01,15,11,2,cruise,1521,0,0,0,False
lstm_autoencoder,1,alt_rate,0.01,15,11,2,descent,1913,42,1,7,False
lstm_autoencoder,1,alt_rate,0.01,15,12,2,overall,8363,55,1,9,False
lstm_autoencoder,1,alt_rate,0.01,15,12,2,climb,2146,4,1,2,False
lstm_autoencoder,1,alt_rate,0.01,15,12,2,cruise,2656,0,0,0,False
lstm_autoencoder,1,alt_rate,0.01,15,12,2,descent,3561,51,1,7,False
lstm_autoencoder,1,alt_rate,0.01,15,13,2,overall,5761,7,1,5,False
lstm_autoencoder,1,alt_rate,0.01,15,13,2,climb,1955,3,1,1,False
lstm_autoencoder,1,alt_rate,0.01,15,13,2,cruise,2104,0,0,0,False
lstm_autoencoder,1,alt_rate,0.01,15,13,2,descent,1702,4,1,4,False
lstm_autoencoder,1,alt_rate,0.01,15,14,2,overall,6942,15,1,2,False
lstm_autoencoder,1,alt_rate,0.01,15,14,2,climb,2466,14,1,1,False
lstm_autoencoder,1,alt_rate,0.01,15,14,2,cruise,2580,0,0,0,False
lstm_autoencoder,1,alt_rate,0.01,15,14,2,descent,1896,1,1,1,False
lstm_autoencoder,1,alt_rate,0.01,15,15,2,overall,8154,260,1,23,False
lstm_autoencoder,1,alt_rate,0.01,15,15,2,climb,2342,11,1,1,False
lstm_autoencoder,1,alt_rate,0.01,15,15,2,cruise,2353,5,1,3,False
lstm_autoencoder,1,alt_rate,0.01,15,15,2,descent,3459,244,1,19,False
lstm_autoencoder,1,alt_rate,0.01,15,16,2,overall,5218,9,1,2,False
lstm_autoencoder,1,alt_rate,0.01,15,16,2,climb,2880,8,1,1,False
lstm_autoencoder,1,alt_rate,0.01,15,16,2,cruise,758,0,0,0,False
lstm_autoencoder,1,alt_rate,0.01,15,16,2,descent,1580,1,1,1,False
lstm_autoencoder,1,alt_rate,0.01,15,17,2,overall,5804,7,1,5,False
lstm_autoencoder,1,alt_rate,0.01,15,17,2,climb,2122,3,1,2,False
lstm_autoencoder,1,alt_rate,0.01,15,17,2,cruise,1784,0,0,0,False
lstm_autoencoder,1,alt_rate,0.01,15,17,2,descent,1898,4,1,3,False
lstm_autoencoder,1,alt_rate,0.01,15,18,2,overall,8154,204,1,24,False
lstm_autoencoder,1,alt_rate,0.01,15,18,2,climb,2342,11,1,1,False
lstm_autoencoder,1,alt_rate,0.01,15,18,2,cruise,2353,5,1,3,False
lstm_autoencoder,1,alt_rate,0.01,15,18,2,descent,3459,188,1,20,False
lstm_autoencoder,1,alt_rate,0.01,15,19,2,overall,6782,142,1,41,False
lstm_autoencoder,1,alt_rate,0.01,15,19,2,climb,3211,11,1,1,False
lstm_autoencoder,1,alt_rate,0.01,15,19,2,cruise,567,4,1,4,False
lstm_autoencoder,1,alt_rate,0.01,15,19,2,descent,3004,127,1,36,False
lstm_autoencoder,1,alt_rate,0.01,15,20,2,overall,6265,12,1,3,False
lstm_autoencoder,1,alt_rate,0.01,15,20,2,climb,1427,0,0,0,False
lstm_autoencoder,1,alt_rate,0.01,15,20,2,cruise,2185,0,0,0,False
lstm_autoencoder,1,alt_rate,0.01,15,20,2,descent,2653,12,1,3,False
lstm_autoencoder,1,alt_rate,0.01,15,21,2,overall,6381,17,1,5,False
lstm_autoencoder,1,alt_rate,0.01,15,21,2,climb,1431,11,1,1,False
lstm_autoencoder,1,alt_rate,0.01,15,21,2,cruise,1684,0,0,0,False
lstm_autoencoder,1,alt_rate,0.01,15,21,2,descent,3266,6,1,4,False
lstm_autoencoder,1,alt_rate,0.01,15,22,2,overall,5501,82,1,25,False
lstm_autoencoder,1,alt_rate,0.01,15,22,2,climb,2711,18,1,7,False
lstm_autoencoder,1,alt_rate,0.01,15,22,2,cruise,1270,0,0,0,False
lstm_autoencoder,1,alt_rate,0.01,15,22,2,descent,1520,64,1,18,False
lstm_autoencoder,1,alt_rate,0.01,15,23,2,overall,6887,196,1,16,False
lstm_autoencoder,1,alt_rate,0.01,15,23,2,climb,2052,12,1,1,False
lstm_autoencoder,1,alt_rate,0.01,15,23,2,cruise,2880,0,0,0,False
lstm_autoencoder,1,alt_rate,0.01,15,23,2,descent,1955,184,1,15,False
lstm_autoencoder,1,alt_rate,0.02,11,1,3,overall,11007,176,1,26,True
lstm_autoencoder,1,alt_rate,0.02,11,1,3,climb,2930,10,1,1,True
lstm_autoencoder,1,alt_rate,0.02,11,1,3,cruise,3885,13,1,5,True
lstm_autoencoder,1,alt_rate,0.02,11,1,3,descent,4192,153,1,20,True
lstm_autoencoder,1,alt_rate,0.02,11,2,3,overall,17636,160,1,34,True
lstm_autoencoder,1,alt_rate,0.02,11,2,3,climb,3879,11,1,2,True
lstm_autoencoder,1,alt_rate,0.02,11,2,3,cruise,9869,36,1,7,True
lstm_autoencoder,1,alt_rate,0.02,11,2,3,descent,3888,113,1,25,True
lstm_autoencoder,1,alt_rate,0.02,11,3,3,overall,9831,645,1,36,True
lstm_autoencoder,1,alt_rate,0.02,11,3,3,climb,2327,19,1,1,True
lstm_autoencoder,1,alt_rate,0.02,11,3,3,cruise,2755,20,1,5,True
lstm_autoencoder,1,alt_rate,0.02,11,3,3,descent,4749,606,1,30,True
lstm_autoencoder,1,alt_rate,0.02,11,4,3,overall,13140,120,1,24,True
lstm_autoencoder,1,alt_rate,0.02,11,4,3,climb,3297,13,1,4,True
lstm_autoencoder,1,alt_rate,0.02,11,4,3,cruise,6273,0,0,0,True
lstm_autoencoder,1,alt_rate,0.02,11,4,3,descent,3570,107,1,20,True
lstm_autoencoder,1,alt_rate,0.02,11,5,3,overall,13751,246,1,37,True
lstm_autoencoder,1,alt_rate,0.02,11,5,3,climb,2298,10,1,2,True
lstm_autoencoder,1,alt_rate,0.02,11,5,3,cruise,6278,28,1,5,True
lstm_autoencoder,1,alt_rate,0.02,11,5,3,descent,5175,208,1,30,True
lstm_autoencoder,1,alt_rate,0.02,11,6,3,overall,11689,188,1,45,True
lstm_autoencoder,1,alt_rate,0.02,11,6,3,climb,1743,6,1,1,True
lstm_autoencoder,1,alt_rate,0.02,11,6,3,cruise,6205,27,1,12,True
lstm_autoencoder,1,alt_rate,0.02,11,6,3,descent,3741,155,1,32,True
lstm_autoencoder,1,alt_rate,0.02,11,7,3,overall,11007,209,1,25,True
lstm_autoencoder,1,alt_rate,0.02,11,7,3,climb,2930,10,1,1,True
lstm_autoencoder,1,alt_rate,0.02,11,7,3,cruise,3885,16,1,5,True
lstm_autoencoder,1,alt_rate,0.02,11,7,3,descent,4192,183,1,19,True
lstm_autoencoder,1,alt_rate,0.02,11,8,3,overall,8826,116,1,39,True
lstm_autoencoder,1,alt_rate,0.02,11,8,3,climb,4070,9,1,5,True
lstm_autoencoder,1,alt_rate,0.02,11,8,3,cruise,3030,0,0,0,True
lstm_autoencoder,1,alt_rate,0.02,11,8,3,descent,1726,107,1,34,True
lstm_autoencoder,1,alt_rate,0.02,11,9,3,overall,8928,127,1,26,True
lstm_autoencoder,1,alt_rate,0.02,11,9,3,climb,2568,5,1,3,True
lstm_autoencoder,1,alt_rate,0.02,11,9,3,cruise,3414,0,0,0,True
lstm_autoencoder,1,alt_rate,0.02,11,9,3,descent,2946,122,1,23,True
lstm_autoencoder,1,alt_rate,0.02,11,10,3,overall,13940,199,1,11,True
lstm_autoencoder,1,alt_rate,0.02,11,10,3,climb,4340,15,1,1,True
lstm_autoencoder,1,alt_rate,0.02,11,10,3,cruise,5054,1,1,1,True
lstm_autoencoder,1,alt_rate,0.02,11,10,3,descent,4546,183,1,9,True
lstm_autoencoder,1,alt_rate,0.02,11,11,3,overall,13751,222,1,31,True
lstm_autoencoder,1,alt_rate,0.02,11,11,3,climb,2298,11,1,1,True
lstm_autoencoder,1,alt_rate,0.02,11,11,3,cruise,6278,36,1,5,True
lstm_autoencoder,1,alt_rate,0.02,11,11,3,descent,5175,175,1,25,True
lstm_autoencoder,1,alt_rate,0.02,11,12,3,overall,14346,88,1,23,True
lstm_autoencoder,1,alt_rate,0.02,11,12,3,climb,3497,34,1,7,True
lstm_autoencoder,1,alt_rate,0.02,11,12,3,cruise,6768,3,1,1,True
lstm_autoencoder,1,alt_rate,0.02,11,12,3,descent,4081,51,1,15,True
lstm_autoencoder,1,alt_rate,0.02,11,13,3,overall,10704,79,1,18,True
lstm_autoencoder,1,alt_rate,0.02,11,13,3,climb,3236,15,1,1,True
lstm_autoencoder,1,alt_rate,0.02,11,13,3,cruise,4152,17,1,7,True
lstm_autoencoder,1,alt_rate,0.02,11,13,3,descent,3316,47,1,10,True
lstm_autoencoder,1,alt_rate,0.02,11,14,3,overall,11573,221,1,38,True
lstm_autoencoder,1,alt_rate,0.02,11,14,3,climb,3665,7,1,1,True
lstm_autoencoder,1,alt_rate,0.02,11,14,3,cruise,3719,2,1,2,True
lstm_autoencoder,1,alt_rate,0.02,11,14,3,descent,4189,212,1,35,True
lstm_autoencoder,1,alt_rate,0.02,11,15,3,overall,7701,524,1,34,True
lstm_autoencoder,1,alt_rate,0.02,11,15,3,climb,2453,11,1,2,True
lstm_autoencoder,1,alt_rate,0.02,11,15,3,cruise,1248,0,0,0,True
lstm_autoencoder,1,alt_rate,0.02,11,15,3,descent,4000,513,1,32,True
lstm_autoencoder,1,alt_rate,0.02,11,16,3,overall,11457,291,1,36,True
lstm_autoencoder,1,alt_rate,0.02,11,16,3,climb,3793,7,1,1,True
lstm_autoencoder,1,alt_rate,0.02,11,16,3,cruise,4388,0,0,0,True
lstm_autoencoder,1,alt_rate,0.02,11,16,3,descent,3276,284,1,35,True
lstm_autoencoder,1,alt_rate,0.02,11,17,3,overall,11457,258,1,37,True
lstm_autoencoder,1,alt_rate,0.02,11,17,3,climb,3793,7,1,1,True
lstm_autoencoder,1,alt_rate,0.02,11,17,3,cruise,4388,0,0,0,True
lstm_autoencoder,1,alt_rate,0.02,11,17,3,descent,3276,251,1,36,True
lstm_autoencoder,1,alt_rate,0.02,11,18,3,overall,12562,122,1,24,True
lstm_autoencoder,1,alt_rate,0.02,11,18,3,climb,5390,13,1,1,True
lstm_autoencoder,1,alt_rate,0.02,11,18,3,cruise,2282,0,0,0,True
lstm_autoencoder,1,alt_rate,0.02,11,18,3,descent,4890,109,1,23,True
lstm_autoencoder,1,alt_rate,0.02,14,1,1,overall,2551,20,1,5,False
lstm_autoencoder,1,alt_rate,0.02,14,1,1,climb,94,15,1,1,False
lstm_autoencoder,1,alt_rate,0.02,14,1,1,cruise,2339,1,1,1,False
lstm_autoencoder,1,alt_rate,0.02,14,1,1,descent,118,4,1,3,False
lstm_autoencoder,1,alt_rate,0.02,14,2,1,overall,1528,242,1,14,False
lstm_autoencoder,1,alt_rate,0.02,14,2,1,climb,495,12,1,1,False
lstm_autoencoder,1,alt_rate,0.02,14,2,1,cruise,475,0,0,0,False
lstm_autoencoder,1,alt_rate,0.02,14,2,1,descent,558,230,1,13,False
lstm_autoencoder,1,alt_rate,0.02,14,3,1,overall,1887,49,1,11,False
lstm_autoencoder,1,alt_rate,0.02,14,3,1,climb,262,1,1,1,False
lstm_autoencoder,1,alt_rate,0.02,14,3,1,cruise,1323,30,1,6,False
lstm_autoencoder,1,alt_rate,0.02,14,3,1,descent,302,18,1,4,False
lstm_autoencoder,1,alt_rate,0.02,14,4,1,overall,1303,171,1,21,False
lstm_autoencoder,1,alt_rate,0.02,14,4,1,climb,96,29,1,2,False
lstm_autoencoder,1,alt_rate,0.02,14,4,1,cruise,1050,134,1,17,False
lstm_autoencoder,1,alt_rate,0.02,14,4,1,descent,157,8,1,2,False
lstm_autoencoder,1,alt_rate,0.02,14,5,1,overall,2641,69,1,17,False
lstm_autoencoder,1,alt_rate,0.02,14,5,1,climb,1220,24,1,5,False
lstm_autoencoder,1,alt_rate,0.02,14,5,1,cruise,41,0,0,0,False
lstm_autoencoder,1,alt_rate,0.02,14,5,1,descent,1380,45,1,12,False
lstm_autoencoder,1,alt_rate,0.02,14,6,1,overall,2918,41,1,7,False
lstm_autoencoder,1,alt_rate,0.02,14,6,1,climb,265,19,1,1,False
lstm_autoencoder,1,alt_rate,0.02,14,6,1,cruise,1361,2,1,1,False
lstm_autoencoder,1,alt_rate,0.02,14,6,1,descent,1292,20,1,5,False
lstm_autoencoder,1,alt_rate,0.02,14,7,1,overall,1303,173,1,22,False
lstm_autoencoder,1,alt_rate,0.02,14,7,1,climb,96,30,1,3,False
lstm_autoencoder,1,alt_rate,0.02,14,7,1,cruise,1050,135,1,17,False
lstm_autoencoder,1,alt_rate,0.02,14,7,1,descent,157,8,1,2,False
lstm_autoencoder,1,alt_rate,0.02,14,8,1,overall,2551,19,1,4,False
lstm_autoencoder,1,alt_rate,0.02,14,8,1,climb,94,15,1,1,False
lstm_autoencoder,1,alt_rate,0.02,14,8,1,cruise,2339,1,1,1,False
lstm_autoencoder,1,alt_rate,0.02,14,8,1,descent,118,3,1,2,False
lstm_autoencoder,1,alt_rate,0.02,14,9,1,overall,1706,40,1,6,False
lstm_autoencoder,1,alt_rate,0.02,14,9,1,climb,33,5,1,1,False
lstm_autoencoder,1,alt_rate,0.02,14,9,1,cruise,59,0,0,0,False
lstm_autoencoder,1,alt_rate,0.02,14,9,1,descent,1614,35,1,5,False
lstm_autoencoder,1,alt_rate,0.02,14,10,1,overall,1706,39,1,5,False
lstm_autoencoder,1,alt_rate,0.02,14,10,1,climb,33,5,1,1,False
lstm_autoencoder,1,alt_rate,0.02,14,10,1,cruise,59,0,0,0,False
lstm_autoencoder,1,alt_rate,0.02,14,10,1,descent,1614,34,1,4,False
lstm_autoencoder,1,alt_rate,0.02,14,11,1,overall,2346,53,1,3,False
lstm_autoencoder,1,alt_rate,0.02,14,11,1,climb,539,15,1,1,False
lstm_autoencoder,1,alt_rate,0.02,14,11,1,cruise,891,0,0,0,False
lstm_autoencoder,1,alt_rate,0.02,14,11,1,descent,916,38,1,2,False
lstm_autoencoder,1,alt_rate,0.02,14,12,1,overall,2641,73,1,18,False
lstm_autoencoder,1,alt_rate,0.02,14,12,1,climb,1220,26,1,4,False
lstm_autoencoder,1,alt_rate,0.02,14,12,1,cruise,41,0,0,0,False
lstm_autoencoder,1,alt_rate,0.02,14,12,1,descent,1380,47,1,14,False
lstm_autoencoder,1,alt_rate,0.02,14,13,1,overall,1303,172,1,23,False
lstm_autoencoder,1,alt_rate,0.02,14,13,1,climb,96,29,1,2,False
lstm_autoencoder,1,alt_rate,0.02,14,13,1,cruise,1050,134,1,18,False
lstm_autoencoder,1,alt_rate,0.02,14,13,1,descent,157,9,1,3,False
lstm_autoencoder,1,alt_rate,0.02,14,14,1,overall,2629,130,1,11,False
lstm_autoencoder,1,alt_rate,0.02,14,14,1,climb,563,0,0,0,False
lstm_autoencoder,1,alt_rate,0.02,14,14,1,cruise,1152,0,0,0,False
lstm_autoencoder,1,alt_rate,0.02,14,14,1,descent,914,130,1,11,False
lstm_autoencoder,1,alt_rate,0.02,14,15,1,overall,1930,7,1,3,False
lstm_autoencoder,1,alt_rate,0.02,14,15,1,climb,545,4,1,1,False
lstm_autoencoder,1,alt_rate,0.02,14,15,1,cruise,661,0,0,0,False
lstm_autoencoder,1,alt_rate,0.02,14,15,1,descent,724,3,1,2,False
lstm_autoencoder,1,alt_rate,0.02,14,16,1,overall,1528,247,1,16,False
lstm_autoencoder,1,alt_rate,0.02,14,16,1,climb,495,12,1,1,False
lstm_autoencoder,1,alt_rate,0.02,14,16,1,cruise,475,0,0,0,False
lstm_autoencoder,1,alt_rate,0.02,14,16,1,descent,558,235,1,15,False
lstm_autoencoder,1,alt_rate,0.02,14,17,1,overall,2641,78,1,18,False
lstm_autoencoder,1,alt_rate,0.02,14,17,1,climb,1220,27,1,3,False
lstm_autoencoder,1,alt_rate,0.02,14,17,1,cruise,41,0,0,0,False
lstm_autoencoder,1,alt_rate,0.02,14,17,1,descent,1380,51,1,15,False
lstm_autoencoder,1,alt_rate,0.02,14,18,1,overall,2629,116,1,13,False
lstm_autoencoder,1,alt_rate,0.02,14,18,1,climb,563,0,0,0,False
lstm_autoencoder,1,alt_rate,0.02,14,18,1,cruise,1152,0,0,0,False
lstm_autoencoder,1,alt_rate,0.02,14,18,1,descent,914,116,1,13,False
lstm_autoencoder,1,alt_rate,0.02,14,19,1,overall,1706,39,1,5,False
lstm_autoencoder,1,alt_rate,0.02,14,19,1,climb,33,5,1,1,False
lstm_autoencoder,1,alt_rate,0.02,14,19,1,cruise,59,0,0,0,False
lstm_autoencoder,1,alt_rate,0.02,14,19,1,descent,1614,34,1,4,False
lstm_autoencoder,1,alt_rate,0.02,14,20,1,overall,2629,124,1,14,False
lstm_autoencoder,1,alt_rate,0.02,14,20,1,climb,563,0,0,0,False
lstm_autoencoder,1,alt_rate,0.02,14,20,1,cruise,1152,0,0,0,False
lstm_autoencoder,1,alt_rate,0.02,14,20,1,descent,914,124,1,14,False
lstm_autoencoder,1,alt_rate,0.02,14,21,1,overall,1706,39,1,5,False
lstm_autoencoder,1,alt_rate,0.02,14,21,1,climb,33,5,1,1,False
lstm_autoencoder,1,alt_rate,0.02,14,21,1,cruise,59,0,0,0,False
lstm_autoencoder,1,alt_rate,0.02,14,21,1,descent,1614,34,1,4,False
lstm_autoencoder,1,alt_rate,0.02,14,22,1,overall,1887,87,1,15,False
lstm_autoencoder,1,alt_rate,0.02,14,22,1,climb,262,2,1,1,False
lstm_autoencoder,1,alt_rate,0.02,14,22,1,cruise,1323,32,1,9,False
lstm_autoencoder,1,alt_rate,0.02,14,22,1,descent,302,53,1,5,False
lstm_autoencoder,1,alt_rate,0.02,14,23,1,overall,2629,128,1,11,False
lstm_autoencoder,1,alt_rate,0.02,14,23,1,climb,563,0,0,0,False
lstm_autoencoder,1,alt_rate,0.02,14,23,1,cruise,1152,0,0,0,False
lstm_autoencoder,1,alt_rate,0.02,14,23,1,descent,914,128,1,11,False
lstm_autoencoder,1,alt_rate,0.02,14,24,1,overall,2641,104,1,22,False
lstm_autoencoder,1,alt_rate,0.02,14,24,1,climb,1220,28,1,2,False
lstm_autoencoder,1,alt_rate,0.02,14,24,1,cruise,41,0,0,0,False
lstm_autoencoder,1,alt_rate,0.02,14,24,1,descent,1380,76,1,20,False
lstm_autoencoder,1,alt_rate,0.02,14,25,1,overall,2551,22,1,5,False
lstm_autoencoder,1,alt_rate,0.02,14,25,1,climb,94,16,1,1,False
lstm_autoencoder,1,alt_rate,0.02,14,25,1,cruise,2339,1,1,1,False
lstm_autoencoder,1,alt_rate,0.02,14,25,1,descent,118,5,1,3,False
lstm_autoencoder,1,alt_rate,0.02,14,26,1,overall,2034,24,1,6,False
lstm_autoencoder,1,alt_rate,0.02,14,26,1,climb,129,18,1,3,False
lstm_autoencoder,1,alt_rate,0.02,14,26,1,cruise,1107,1,1,1,False
lstm_autoencoder,1,alt_rate,0.02,14,26,1,descent,798,5,1,2,False
lstm_autoencoder,1,alt_rate,0.02,14,27,1,overall,1887,98,1,13,False
lstm_autoencoder,1,alt_rate,0.02,14,27,1,climb,262,2,1,1,False
lstm_autoencoder,1,alt_rate,0.02,14,27,1,cruise,1323,31,1,9,False
lstm_autoencoder,1,alt_rate,0.02,14,27,1,descent,302,65,1,3,False
lstm_autoencoder,1,alt_rate,0.02,14,28,1,overall,2629,155,1,16,False
lstm_autoencoder,1,alt_rate,0.02,14,28,1,climb,563,0,0,0,False
lstm_autoencoder,1,alt_rate,0.02,14,28,1,cruise,1152,0,0,0,False
lstm_autoencoder,1,alt_rate,0.02,14,28,1,descent,914,155,1,16,False
lstm_autoencoder,1,alt_rate,0.02,14,29,1,overall,1887,102,1,13,False
lstm_autoencoder,1,alt_rate,0.02,14,29,1,climb,262,2,1,1,False
lstm_autoencoder,1,alt_rate,0.02,14,29,1,cruise,1323,34,1,8,False
lstm_autoencoder,1,alt_rate,0.02,14,29,1,descent,302,66,1,4,False
lstm_autoencoder,1,alt_rate,0.02,14,30,1,overall,1528,272,1,24,False
lstm_autoencoder,1,alt_rate,0.02,14,30,1,climb,495,12,1,1,False
lstm_autoencoder,1,alt_rate,0.02,14,30,1,cruise,475,0,0,0,False
lstm_autoencoder,1,alt_rate,0.02,14,30,1,descent,558,260,1,23,False
lstm_autoencoder,1,alt_rate,0.02,14,31,1,overall,2629,170,1,11,False
lstm_autoencoder,1,alt_rate,0.02,14,31,1,climb,563,0,0,0,False
lstm_autoencoder,1,alt_rate,0.02,14,31,1,cruise,1152,0,0,0,False
lstm_autoencoder,1,alt_rate,0.02,14,31,1,descent,914,170,1,11,False
lstm_autoencoder,1,alt_rate,0.02,14,32,1,overall,1006,45,1,12,False
lstm_autoencoder,1,alt_rate,0.02,14,32,1,climb,330,14,1,2,False
lstm_autoencoder,1,alt_rate,0.02,14,32,1,cruise,232,0,0,0,False
lstm_autoencoder,1,alt_rate,0.02,14,32,1,descent,444,31,1,10,False
lstm_autoencoder,1,alt_rate,0.02,14,33,1,overall,1528,272,1,26,False
lstm_autoencoder,1,alt_rate,0.02,14,33,1,climb,495,12,1,1,False
lstm_autoencoder,1,alt_rate,0.02,14,33,1,cruise,475,0,0,0,False
lstm_autoencoder,1,alt_rate,0.02,14,33,1,descent,558,260,1,25,False
lstm_autoencoder,1,alt_rate,0.02,14,34,1,overall,1944,77,1,12,False
lstm_autoencoder,1,alt_rate,0.02,14,34,1,climb,164,9,1,2,False
lstm_autoencoder,1,alt_rate,0.02,14,34,1,cruise,1524,5,1,3,False
lstm_autoencoder,1,alt_rate,0.02,14,34,1,descent,256,63,1,7,False
lstm_autoencoder,1,alt_rate,0.02,14,35,1,overall,1706,40,1,5,False
lstm_autoencoder,1,alt_rate,0.02,14,35,1,climb,33,6,1,1,False
lstm_autoencoder,1,alt_rate,0.02,14,35,1,cruise,59,0,0,0,False
lstm_autoencoder,1,alt_rate,0.02,14,35,1,descent,1614,34,1,4,False
lstm_autoencoder,1,alt_rate,0.02,15,1,2,overall,2669,293,1,10,False
lstm_autoencoder,1,alt_rate,0.02,15,1,2,climb,705,0,0,0,False
lstm_autoencoder,1,alt_rate,0.02,15,1,2,cruise,555,0,0,0,False
lstm_autoencoder,1,alt_rate,0.02,15,1,2,descent,1409,293,1,10,False
lstm_autoencoder,1,alt_rate,0.02,15,2,2,overall,7711,51,1,12,False
lstm_autoencoder,1,alt_rate,0.02,15,2,2,climb,1947,24,1,1,False
lstm_autoencoder,1,alt_rate,0.02,15,2,2,cruise,3098,0,0,0,False
lstm_autoencoder,1,alt_rate,0.02,15,2,2,descent,2666,27,1,11,False
lstm_autoencoder,1,alt_rate,0.02,15,3,2,overall,5503,297,1,65,False
lstm_autoencoder,1,alt_rate,0.02,15,3,2,climb,3076,13,1,1,False
lstm_autoencoder,1,alt_rate,0.02,15,3,2,cruise,995,0,0,0,False
lstm_autoencoder,1,alt_rate,0.02,15,3,2,descent,1432,284,1,64,False
lstm_autoencoder,1,alt_rate,0.02,15,4,2,overall,6372,129,1,17,False
lstm_autoencoder,1,alt_rate,0.02,15,4,2,climb,2890,28,1,2,False
lstm_autoencoder,1,alt_rate,0.02,15,4,2,cruise,2106,0,0,0,False
lstm_autoencoder,1,alt_rate,0.02,15,4,2,descent,1376,101,1,15,False
lstm_autoencoder,1,alt_rate,0.02,15,5,2,overall,6075,62,1,12,False
lstm_autoencoder,1,alt_rate,0.02,15,5,2,climb,1898,11,1,1,False
lstm_autoencoder,1,alt_rate,0.02,15,5,2,cruise,2050,0,0,0,False
lstm_autoencoder,1,alt_rate,0.02,15,5,2,descent,2127,51,1,11,False
lstm_autoencoder,1,alt_rate,0.02,15,6,2,overall,9157,144,1,16,False
lstm_autoencoder,1,alt_rate,0.02,15,6,2,climb,3768,17,1,2,False
lstm_autoencoder,1,alt_rate,0.02,15,6,2,cruise,2226,0,0,0,False
lstm_autoencoder,1,alt_rate,0.02,15,6,2,descent,3163,127,1,14,False
lstm_autoencoder,1,alt_rate,0.02,15,7,2,overall,5892,161,1,32,False
lstm_autoencoder,1,alt_rate,0.02,15,7,2,climb,3460,17,1,7,False
lstm_autoencoder,1,alt_rate,0.02,15,7,2,cruise,1497,0,0,0,False
lstm_autoencoder,1,alt_rate,0.02,15,7,2,descent,935,144,1,25,False
lstm_autoencoder,1,alt_rate,0.02,15,8,2,overall,4015,53,1,6,False
lstm_autoencoder,1,alt_rate,0.02,15,8,2,climb,913,10,1,1,False
lstm_autoencoder,1,alt_rate,0.02,15,8,2,cruise,973,0,0,0,False
lstm_autoencoder,1,alt_rate,0.02,15,8,2,descent,2129,43,1,5,False
lstm_autoencoder,1,alt_rate,0.02,15,9,2,overall,8714,149,1,31,False
lstm_autoencoder,1,alt_rate,0.02,15,9,2,climb,2654,14,1,1,False
lstm_autoencoder,1,alt_rate,0.02,15,9,2,cruise,4350,25,1,12,False
lstm_autoencoder,1,alt_rate,0.02,15,9,2,descent,1710,110,1,19,False
lstm_autoencoder,1,alt_rate,0.02,15,10,2,overall,5218,179,1,25,False
lstm_autoencoder,1,alt_rate,0.02,15,10,2,climb,2880,10,1,2,False
lstm_autoencoder,1,alt_rate,0.02,15,10,2,cruise,758,0,0,0,False
lstm_autoencoder,1,alt_rate,0.02,15,10,2,descent,1580,169,1,23,False
lstm_autoencoder,1,alt_rate,0.02,15,11,2,overall,6001,95,1,16,False
lstm_autoencoder,1,alt_rate,0.02,15,11,2,climb,2567,16,1,1,False
lstm_autoencoder,1,alt_rate,0.02,15,11,2,cruise,1521,0,0,0,False
lstm_autoencoder,1,alt_rate,0.02,15,11,2,descent,1913,79,1,15,False
lstm_autoencoder,1,alt_rate,0.02,15,12,2,overall,8363,217,1,14,False
lstm_autoencoder,1,alt_rate,0.02,15,12,2,climb,2146,6,1,1,False
lstm_autoencoder,1,alt_rate,0.02,15,12,2,cruise,2656,0,0,0,False
lstm_autoencoder,1,alt_rate,0.02,15,12,2,descent,3561,211,1,13,False
lstm_autoencoder,1,alt_rate,0.02,15,13,2,overall,5761,55,1,22,False
lstm_autoencoder,1,alt_rate,0.02,15,13,2,climb,1955,4,1,1,False
lstm_autoencoder,1,alt_rate,0.02,15,13,2,cruise,2104,0,0,0,False
lstm_autoencoder,1,alt_rate,0.02,15,13,2,descent,1702,51,1,21,False
lstm_autoencoder,1,alt_rate,0.02,15,14,2,overall,6942,27,1,4,False
lstm_autoencoder,1,alt_rate,0.02,15,14,2,climb,2466,17,1,1,False
lstm_autoencoder,1,alt_rate,0.02,15,14,2,cruise,2580,0,0,0,False
lstm_autoencoder,1,alt_rate,0.02,15,14,2,descent,1896,10,1,3,False
lstm_autoencoder,1,alt_rate,0.02,15,15,2,overall,8154,556,1,24,False
lstm_autoencoder,1,alt_rate,0.02,15,15,2,climb,2342,15,1,1,False
lstm_autoencoder,1,alt_rate,0.02,15,15,2,cruise,2353,11,1,6,False
lstm_autoencoder,1,alt_rate,0.02,15,15,2,descent,3459,530,1,17,False
lstm_autoencoder,1,alt_rate,0.02,15,16,2,overall,5218,164,1,28,False
lstm_autoencoder,1,alt_rate,0.02,15,16,2,climb,2880,10,1,2,False
lstm_autoencoder,1,alt_rate,0.02,15,16,2,cruise,758,0,0,0,False
lstm_autoencoder,1,alt_rate,0.02,15,16,2,descent,1580,154,1,26,False
lstm_autoencoder,1,alt_rate,0.02,15,17,2,overall,5804,258,1,22,False
lstm_autoencoder,1,alt_rate,0.02,15,17,2,climb,2122,4,1,2,False
lstm_autoencoder,1,alt_rate,0.02,15,17,2,cruise,1784,0,0,0,False
lstm_autoencoder,1,alt_rate,0.02,15,17,2,descent,1898,254,1,20,False
lstm_autoencoder,1,alt_rate,0.02,15,18,2,overall,8154,518,1,25,False
lstm_autoencoder,1,alt_rate,0.02,15,18,2,climb,2342,16,1,1,False
lstm_autoencoder,1,alt_rate,0.02,15,18,2,cruise,2353,10,1,6,False
lstm_autoencoder,1,alt_rate,0.02,15,18,2,descent,3459,492,1,18,False
lstm_autoencoder,1,alt_rate,0.02,15,19,2,overall,6782,312,1,65,False
lstm_autoencoder,1,alt_rate,0.02,15,19,2,climb,3211,13,1,1,False
lstm_autoencoder,1,alt_rate,0.02,15,19,2,cruise,567,13,1,8,False
lstm_autoencoder,1,alt_rate,0.02,15,19,2,descent,3004,286,1,56,False
lstm_autoencoder,1,alt_rate,0.02,15,20,2,overall,6265,86,1,11,False
lstm_autoencoder,1,alt_rate,0.02,15,20,2,climb,1427,6,1,2,False
lstm_autoencoder,1,alt_rate,0.02,15,20,2,cruise,2185,0,0,0,False
lstm_autoencoder,1,alt_rate,0.02,15,20,2,descent,2653,80,1,9,False
lstm_autoencoder,1,alt_rate,0.02,15,21,2,overall,6381,98,1,11,False
lstm_autoencoder,1,alt_rate,0.02,15,21,2,climb,1431,19,1,3,False
lstm_autoencoder,1,alt_rate,0.02,15,21,2,cruise,1684,0,0,0,False
lstm_autoencoder,1,alt_rate,0.02,15,21,2,descent,3266,79,1,8,False
lstm_autoencoder,1,alt_rate,0.02,15,22,2,overall,5501,104,1,26,False
lstm_autoencoder,1,alt_rate,0.02,15,22,2,climb,2711,33,1,13,False
lstm_autoencoder,1,alt_rate,0.02,15,22,2,cruise,1270,0,0,0,False
lstm_autoencoder,1,alt_rate,0.02,15,22,2,descent,1520,71,1,13,False
lstm_autoencoder,1,alt_rate,0.02,15,23,2,overall,6887,334,1,9,False
lstm_autoencoder,1,alt_rate,0.02,15,23,2,climb,2052,17,1,1,False
lstm_autoencoder,1,alt_rate,0.02,15,23,2,cruise,2880,0,0,0,False
lstm_autoencoder,1,alt_rate,0.02,15,23,2,descent,1955,317,1,8,False
lstm_autoencoder,2,primary,0.005,11,1,3,overall,11007,30,1,13,True
lstm_autoencoder,2,primary,0.005,11,1,3,climb,2506,7,1,1,True
lstm_autoencoder,2,primary,0.005,11,1,3,cruise,4386,7,1,2,True
lstm_autoencoder,2,primary,0.005,11,1,3,descent,4115,16,1,10,True
lstm_autoencoder,2,primary,0.005,11,2,3,overall,17636,74,1,32,True
lstm_autoencoder,2,primary,0.005,11,2,3,climb,3612,9,1,1,True
lstm_autoencoder,2,primary,0.005,11,2,3,cruise,10521,29,1,12,True
lstm_autoencoder,2,primary,0.005,11,2,3,descent,3503,36,1,19,True
lstm_autoencoder,2,primary,0.005,11,3,3,overall,9831,48,1,11,True
lstm_autoencoder,2,primary,0.005,11,3,3,climb,2031,14,1,1,True
lstm_autoencoder,2,primary,0.005,11,3,3,cruise,3448,9,1,4,True
lstm_autoencoder,2,primary,0.005,11,3,3,descent,4352,25,1,6,True
lstm_autoencoder,2,primary,0.005,11,4,3,overall,13140,47,1,17,True
lstm_autoencoder,2,primary,0.005,11,4,3,climb,2902,8,1,2,True
lstm_autoencoder,2,primary,0.005,11,4,3,cruise,7069,0,0,0,True
lstm_autoencoder,2,primary,0.005,11,4,3,descent,3169,39,1,15,True
lstm_autoencoder,2,primary,0.005,11,5,3,overall,13751,131,1,54,True
lstm_autoencoder,2,primary,0.005,11,5,3,climb,2138,6,1,1,True
lstm_autoencoder,2,primary,0.005,11,5,3,cruise,6376,20,1,8,True
lstm_autoencoder,2,primary,0.005,11,5,3,descent,5237,105,1,45,True
lstm_autoencoder,2,primary,0.005,11,6,3,overall,11689,74,1,36,True
lstm_autoencoder,2,primary,0.005,11,6,3,climb,2583,1,1,1,True
lstm_autoencoder,2,primary,0.005,11,6,3,cruise,5477,18,1,10,True
lstm_autoencoder,2,primary,0.005,11,6,3,descent,3629,55,1,25,True
lstm_autoencoder,2,primary,0.005,11,7,3,overall,11007,34,1,14,True
lstm_autoencoder,2,primary,0.005,11,7,3,climb,2506,7,1,1,True
lstm_autoencoder,2,primary,0.005,11,7,3,cruise,4386,8,1,5,True
lstm_autoencoder,2,primary,0.005,11,7,3,descent,4115,19,1,8,True
lstm_autoencoder,2,primary,0.005,11,8,3,overall,8826,6,1,3,True
lstm_autoencoder,2,primary,0.005,11,8,3,climb,4368,0,0,0,True
lstm_autoencoder,2,primary,0.005,11,8,3,cruise,2947,5,1,2,True
lstm_autoencoder,2,primary,0.005,11,8,3,descent,1511,1,1,1,True
lstm_autoencoder,2,primary,0.005,11,9,3,overall,8928,20,1,8,True
lstm_autoencoder,2,primary,0.005,11,9,3,climb,2151,2,1,2,True
lstm_autoencoder,2,primary,0.005,11,9,3,cruise,4055,1,1,1,True
lstm_autoencoder,2,primary,0.005,11,9,3,descent,2722,17,1,5,True
lstm_autoencoder,2,primary,0.005,11,10,3,overall,13940,13,1,3,True
lstm_autoencoder,2,primary,0.005,11,10,3,climb,3800,9,1,1,True
lstm_autoencoder,2,primary,0.005,11,10,3,cruise,6079,0,0,0,True
lstm_autoencoder,2,primary,0.005,11,10,3,descent,4061,4,1,2,True
lstm_autoencoder,2,primary,0.005,11,11,3,overall,13751,122,1,45,True
lstm_autoencoder,2,primary,0.005,11,11,3,climb,2138,6,1,1,True
lstm_autoencoder,2,primary,0.005,11,11,3,cruise,6376,23,1,9,True
lstm_autoencoder,2,primary,0.005,11,11,3,descent,5237,93,1,35,True
lstm_autoencoder,2,primary,0.005,11,12,3,overall,14346,42,1,13,True
lstm_autoencoder,2,primary,0.005,11,12,3,climb,3405,4,1,1,True
lstm_autoencoder,2,primary,0.005,11,12,3,cruise,2752,5,1,4,True
lstm_autoencoder,2,primary,0.005,11,12,3,descent,8189,33,1,8,True
lstm_autoencoder,2,primary,0.005,11,13,3,overall,10704,31,1,9,True
lstm_autoencoder,2,primary,0.005,11,13,3,climb,2712,11,1,1,True
lstm_autoencoder,2,primary,0.005,11,13,3,cruise,4440,7,1,4,True
lstm_autoencoder,2,primary,0.005,11,13,3,descent,3552,13,1,4,True
lstm_autoencoder,2,primary,0.005,11,14,3,overall,11573,98,1,40,True
lstm_autoencoder,2,primary,0.005,11,14,3,climb,3378,5,1,2,True
lstm_autoencoder,2,primary,0.005,11,14,3,cruise,2869,1,1,1,True
lstm_autoencoder,2,primary,0.005,11,14,3,descent,5326,92,1,37,True
lstm_autoencoder,2,primary,0.005,11,15,3,overall,7701,239,1,28,True
lstm_autoencoder,2,primary,0.005,11,15,3,climb,2139,4,1,2,True
lstm_autoencoder,2,primary,0.005,11,15,3,cruise,1849,0,0,0,True
lstm_autoencoder,2,primary,0.005,11,15,3,descent,3713,235,1,26,True
lstm_autoencoder,2,primary,0.005,11,16,3,overall,11457,33,1,14,True
lstm_autoencoder,2,primary,0.005,11,16,3,climb,3291,4,1,2,True
lstm_autoencoder,2,primary,0.005,11,16,3,cruise,5172,0,0,0,True
lstm_autoencoder,2,primary,0.005,11,16,3,descent,2994,29,1,12,True
lstm_autoencoder,2,primary,0.005,11,17,3,overall,11457,42,1,15,True
lstm_autoencoder,2,primary,0.005,11,17,3,climb,3291,4,1,2,True
lstm_autoencoder,2,primary,0.005,11,17,3,cruise,5172,0,0,0,True
lstm_autoencoder,2,primary,0.005,11,17,3,descent,2994,38,1,13,True
lstm_autoencoder,2,primary,0.005,11,18,3,overall,12562,25,1,12,True
lstm_autoencoder,2,primary,0.005,11,18,3,climb,4727,6,1,3,True
lstm_autoencoder,2,primary,0.005,11,18,3,cruise,3161,2,1,1,True
lstm_autoencoder,2,primary,0.005,11,18,3,descent,4674,17,1,8,True
lstm_autoencoder,2,primary,0.005,14,1,1,overall,2551,11,1,2,False
lstm_autoencoder,2,primary,0.005,14,1,1,climb,79,9,1,1,False
lstm_autoencoder,2,primary,0.005,14,1,1,cruise,2364,1,1,1,False
lstm_autoencoder,2,primary,0.005,14,1,1,descent,108,1,1,1,False
lstm_autoencoder,2,primary,0.005,14,2,1,overall,1528,12,1,3,False
lstm_autoencoder,2,primary,0.005,14,2,1,climb,435,8,1,1,False
lstm_autoencoder,2,primary,0.005,14,2,1,cruise,592,0,0,0,False
lstm_autoencoder,2,primary,0.005,14,2,1,descent,501,4,1,2,False
lstm_autoencoder,2,primary,0.005,14,3,1,overall,1887,15,1,5,False
lstm_autoencoder,2,primary,0.005,14,3,1,climb,227,0,0,0,False
lstm_autoencoder,2,primary,0.005,14,3,1,cruise,1396,15,1,5,False
lstm_autoencoder,2,primary,0.005,14,3,1,descent,264,0,0,0,False
lstm_autoencoder,2,primary,0.005,14,4,1,overall,1303,64,1,11,False
lstm_autoencoder,2,primary,0.005,14,4,1,climb,87,25,1,1,False
lstm_autoencoder,2,primary,0.005,14,4,1,cruise,1069,38,1,9,False
lstm_autoencoder,2,primary,0.005,14,4,1,descent,147,1,1,1,False
lstm_autoencoder,2,primary,0.005,14,5,1,overall,2641,12,1,1,False
lstm_autoencoder,2,primary,0.005,14,5,1,climb,1059,12,1,1,False
lstm_autoencoder,2,primary,0.005,14,5,1,cruise,390,0,0,0,False
lstm_autoencoder,2,primary,0.005,14,5,1,descent,1192,0,0,0,False
lstm_autoencoder,2,primary,0.005,14,6,1,overall,2918,16,1,3,False
lstm_autoencoder,2,primary,0.005,14,6,1,climb,222,13,1,1,False
lstm_autoencoder,2,primary,0.005,14,6,1,cruise,1468,2,1,1,False
lstm_autoencoder,2,primary,0.005,14,6,1,descent,1228,1,1,1,False
lstm_autoencoder,2,primary,0.005,14,7,1,overall,1303,66,1,12,False
lstm_autoencoder,2,primary,0.005,14,7,1,climb,87,25,1,1,False
lstm_autoencoder,2,primary,0.005,14,7,1,cruise,1069,40,1,10,False
lstm_autoencoder,2,primary,0.005,14,7,1,descent,147,1,1,1,False
lstm_autoencoder,2,primary,0.005,14,8,1,overall,2551,11,1,2,False
lstm_autoencoder,2,primary,0.005,14,8,1,climb,79,9,1,1,False
lstm_autoencoder,2,primary,0.005,14,8,1,cruise,2364,1,1,1,False
lstm_autoencoder,2,primary,0.005,14,8,1,descent,108,1,1,1,False
lstm_autoencoder,2,primary,0.005,14,9,1,overall,1706,32,1,4,False
lstm_autoencoder,2,primary,0.005,14,9,1,climb,38,1,1,1,False
lstm_autoencoder,2,primary,0.005,14,9,1,cruise,47,0,0,0,False
lstm_autoencoder,2,primary,0.005,14,9,1,descent,1621,31,1,3,False
lstm_autoencoder,2,primary,0.005,14,10,1,overall,1706,32,1,4,False
lstm_autoencoder,2,primary,0.005,14,10,1,climb,38,1,1,1,False
lstm_autoencoder,2,primary,0.005,14,10,1,cruise,47,0,0,0,False
lstm_autoencoder,2,primary,0.005,14,10,1,descent,1621,31,1,3,False
lstm_autoencoder,2,primary,0.005,14,11,1,overall,2346,9,1,1,False
lstm_autoencoder,2,primary,0.005,14,11,1,climb,482,9,1,1,False
lstm_autoencoder,2,primary,0.005,14,11,1,cruise,1040,0,0,0,False
lstm_autoencoder,2,primary,0.005,14,11,1,descent,824,0,0,0,False
lstm_autoencoder,2,primary,0.005,14,12,1,overall,2641,12,1,1,False
lstm_autoencoder,2,primary,0.005,14,12,1,climb,1059,12,1,1,False
lstm_autoencoder,2,primary,0.005,14,12,1,cruise,390,0,0,0,False
lstm_autoencoder,2,primary,0.005,14,12,1,descent,1192,0,0,0,False
lstm_autoencoder,2,primary,0.005,14,13,1,overall,1303,65,1,11,False
lstm_autoencoder,2,primary,0.005,14,13,1,climb,87,25,1,1,False
lstm_autoencoder,2,primary,0.005,14,13,1,cruise,1069,39,1,9,False
lstm_autoencoder,2,primary,0.005,14,13,1,descent,147,1,1,1,False
lstm_autoencoder,2,primary,0.005,14,14,1,overall,2629,0,0,0,False
lstm_autoencoder,2,primary,0.005,14,14,1,climb,490,0,0,0,False
lstm_autoencoder,2,primary,0.005,14,14,1,cruise,1339,0,0,0,False
lstm_autoencoder,2,primary,0.005,14,14,1,descent,800,0,0,0,False
lstm_autoencoder,2,primary,0.005,14,15,1,overall,1930,2,1,1,False
lstm_autoencoder,2,primary,0.005,14,15,1,climb,486,2,1,1,False
lstm_autoencoder,2,primary,0.005,14,15,1,cruise,795,0,0,0,False
lstm_autoencoder,2,primary,0.005,14,15,1,descent,649,0,0,0,False
lstm_autoencoder,2,primary,0.005,14,16,1,overall,1528,12,1,3,False
lstm_autoencoder,2,primary,0.005,14,16,1,climb,435,8,1,1,False
lstm_autoencoder,2,primary,0.005,14,16,1,cruise,592,0,0,0,False
lstm_autoencoder,2,primary,0.005,14,16,1,descent,501,4,1,2,False
lstm_autoencoder,2,primary,0.005,14,17,1,overall,2641,12,1,1,False
lstm_autoencoder,2,primary,0.005,14,17,1,climb,1059,12,1,1,False
lstm_autoencoder,2,primary,0.005,14,17,1,cruise,390,0,0,0,False
lstm_autoencoder,2,primary,0.005,14,17,1,descent,1192,0,0,0,False
lstm_autoencoder,2,primary,0.005,14,18,1,overall,2629,0,0,0,False
lstm_autoencoder,2,primary,0.005,14,18,1,climb,490,0,0,0,False
lstm_autoencoder,2,primary,0.005,14,18,1,cruise,1339,0,0,0,False
lstm_autoencoder,2,primary,0.005,14,18,1,descent,800,0,0,0,False
lstm_autoencoder,2,primary,0.005,14,19,1,overall,1706,32,1,4,False
lstm_autoencoder,2,primary,0.005,14,19,1,climb,38,1,1,1,False
lstm_autoencoder,2,primary,0.005,14,19,1,cruise,47,0,0,0,False
lstm_autoencoder,2,primary,0.005,14,19,1,descent,1621,31,1,3,False
lstm_autoencoder,2,primary,0.005,14,20,1,overall,2629,0,0,0,False
lstm_autoencoder,2,primary,0.005,14,20,1,climb,490,0,0,0,False
lstm_autoencoder,2,primary,0.005,14,20,1,cruise,1339,0,0,0,False
lstm_autoencoder,2,primary,0.005,14,20,1,descent,800,0,0,0,False
lstm_autoencoder,2,primary,0.005,14,21,1,overall,1706,32,1,4,False
lstm_autoencoder,2,primary,0.005,14,21,1,climb,38,1,1,1,False
lstm_autoencoder,2,primary,0.005,14,21,1,cruise,47,0,0,0,False
lstm_autoencoder,2,primary,0.005,14,21,1,descent,1621,31,1,3,False
lstm_autoencoder,2,primary,0.005,14,22,1,overall,1887,16,1,5,False
lstm_autoencoder,2,primary,0.005,14,22,1,climb,227,0,0,0,False
lstm_autoencoder,2,primary,0.005,14,22,1,cruise,1396,16,1,5,False
lstm_autoencoder,2,primary,0.005,14,22,1,descent,264,0,0,0,False
lstm_autoencoder,2,primary,0.005,14,23,1,overall,2629,0,0,0,False
lstm_autoencoder,2,primary,0.005,14,23,1,climb,490,0,0,0,False
lstm_autoencoder,2,primary,0.005,14,23,1,cruise,1339,0,0,0,False
lstm_autoencoder,2,primary,0.005,14,23,1,descent,800,0,0,0,False
lstm_autoencoder,2,primary,0.005,14,24,1,overall,2641,12,1,1,False
lstm_autoencoder,2,primary,0.005,14,24,1,climb,1059,12,1,1,False
lstm_autoencoder,2,primary,0.005,14,24,1,cruise,390,0,0,0,False
lstm_autoencoder,2,primary,0.005,14,24,1,descent,1192,0,0,0,False
lstm_autoencoder,2,primary,0.005,14,25,1,overall,2551,11,1,2,False
lstm_autoencoder,2,primary,0.005,14,25,1,climb,79,9,1,1,False
lstm_autoencoder,2,primary,0.005,14,25,1,cruise,2364,1,1,1,False
lstm_autoencoder,2,primary,0.005,14,25,1,descent,108,1,1,1,False
lstm_autoencoder,2,primary,0.005,14,26,1,overall,2034,5,1,4,False
lstm_autoencoder,2,primary,0.005,14,26,1,climb,135,3,1,3,False
lstm_autoencoder,2,primary,0.005,14,26,1,cruise,84,0,0,0,False
lstm_autoencoder,2,primary,0.005,14,26,1,descent,1815,2,1,1,False
lstm_autoencoder,2,primary,0.005,14,27,1,overall,1887,15,1,5,False
lstm_autoencoder,2,primary,0.005,14,27,1,climb,227,0,0,0,False
lstm_autoencoder,2,primary,0.005,14,27,1,cruise,1396,15,1,5,False
lstm_autoencoder,2,primary,0.005,14,27,1,descent,264,0,0,0,False
lstm_autoencoder,2,primary,0.005,14,28,1,overall,2629,0,0,0,False
lstm_autoencoder,2,primary,0.005,14,28,1,climb,490,0,0,0,False
lstm_autoencoder,2,primary,0.005,14,28,1,cruise,1339,0,0,0,False
lstm_autoencoder,2,primary,0.005,14,28,1,descent,800,0,0,0,False
lstm_autoencoder,2,primary,0.005,14,29,1,overall,1887,20,1,5,False
lstm_autoencoder,2,primary,0.005,14,29,1,climb,227,0,0,0,False
lstm_autoencoder,2,primary,0.005,14,29,1,cruise,1396,20,1,5,False
lstm_autoencoder,2,primary,0.005,14,29,1,descent,264,0,0,0,False
lstm_autoencoder,2,primary,0.005,14,30,1,overall,1528,12,1,3,False
lstm_autoencoder,2,primary,0.005,14,30,1,climb,435,8,1,1,False
lstm_autoencoder,2,primary,0.005,14,30,1,cruise,592,0,0,0,False
lstm_autoencoder,2,primary,0.005,14,30,1,descent,501,4,1,2,False
lstm_autoencoder,2,primary,0.005,14,31,1,overall,2629,1,1,1,False
lstm_autoencoder,2,primary,0.005,14,31,1,climb,490,0,0,0,False
lstm_autoencoder,2,primary,0.005,14,31,1,cruise,1339,0,0,0,False
lstm_autoencoder,2,primary,0.005,14,31,1,descent,800,1,1,1,False
lstm_autoencoder,2,primary,0.005,14,32,1,overall,1006,1,1,1,False
lstm_autoencoder,2,primary,0.005,14,32,1,climb,262,1,1,1,False
lstm_autoencoder,2,primary,0.005,14,32,1,cruise,356,0,0,0,False
lstm_autoencoder,2,primary,0.005,14,32,1,descent,388,0,0,0,False
lstm_autoencoder,2,primary,0.005,14,33,1,overall,1528,12,1,3,False
lstm_autoencoder,2,primary,0.005,14,33,1,climb,435,8,1,1,False
lstm_autoencoder,2,primary,0.005,14,33,1,cruise,592,0,0,0,False
lstm_autoencoder,2,primary,0.005,14,33,1,descent,501,4,1,2,False
lstm_autoencoder,2,primary,0.005,14,34,1,overall,1944,7,1,4,False
lstm_autoencoder,2,primary,0.005,14,34,1,climb,142,0,0,0,False
lstm_autoencoder,2,primary,0.005,14,34,1,cruise,1554,0,0,0,False
lstm_autoencoder,2,primary,0.005,14,34,1,descent,248,7,1,4,False
lstm_autoencoder,2,primary,0.005,14,35,1,overall,1706,32,1,4,False
lstm_autoencoder,2,primary,0.005,14,35,1,climb,38,1,1,1,False
lstm_autoencoder,2,primary,0.005,14,35,1,cruise,47,0,0,0,False
lstm_autoencoder,2,primary,0.005,14,35,1,descent,1621,31,1,3,False
lstm_autoencoder,2,primary,0.005,15,1,2,overall,2669,2,1,2,False
lstm_autoencoder,2,primary,0.005,15,1,2,climb,625,0,0,0,False
lstm_autoencoder,2,primary,0.005,15,1,2,cruise,752,0,0,0,False
lstm_autoencoder,2,primary,0.005,15,1,2,descent,1292,2,1,2,False
lstm_autoencoder,2,primary,0.005,15,2,2,overall,7711,19,1,3,False
lstm_autoencoder,2,primary,0.005,15,2,2,climb,2028,19,1,3,False
lstm_autoencoder,2,primary,0.005,15,2,2,cruise,3298,0,0,0,False
lstm_autoencoder,2,primary,0.005,15,2,2,descent,2385,0,0,0,False
lstm_autoencoder,2,primary,0.005,15,3,2,overall,5503,45,1,16,False
lstm_autoencoder,2,primary,0.005,15,3,2,climb,3519,7,1,1,False
lstm_autoencoder,2,primary,0.005,15,3,2,cruise,722,0,0,0,False
lstm_autoencoder,2,primary,0.005,15,3,2,descent,1262,38,1,15,False
lstm_autoencoder,2,primary,0.005,15,4,2,overall,6372,28,1,2,False
lstm_autoencoder,2,primary,0.005,15,4,2,climb,2754,26,1,1,False
lstm_autoencoder,2,primary,0.005,15,4,2,cruise,2405,0,0,0,False
lstm_autoencoder,2,primary,0.005,15,4,2,descent,1213,2,1,1,False
lstm_autoencoder,2,primary,0.005,15,5,2,overall,6075,7,1,1,False
lstm_autoencoder,2,primary,0.005,15,5,2,climb,1642,7,1,1,False
lstm_autoencoder,2,primary,0.005,15,5,2,cruise,2509,0,0,0,False
lstm_autoencoder,2,primary,0.005,15,5,2,descent,1924,0,0,0,False
lstm_autoencoder,2,primary,0.005,15,6,2,overall,9157,74,1,22,False
lstm_autoencoder,2,primary,0.005,15,6,2,climb,3584,4,1,1,False
lstm_autoencoder,2,primary,0.005,15,6,2,cruise,2702,56,1,17,False
lstm_autoencoder,2,primary,0.005,15,6,2,descent,2871,14,1,4,False
lstm_autoencoder,2,primary,0.005,15,7,2,overall,5892,30,1,7,False
lstm_autoencoder,2,primary,0.005,15,7,2,climb,2990,6,1,2,False
lstm_autoencoder,2,primary,0.005,15,7,2,cruise,2120,0,0,0,False
lstm_autoencoder,2,primary,0.005,15,7,2,descent,782,24,1,5,False
lstm_autoencoder,2,primary,0.005,15,8,2,overall,4015,7,1,1,False
lstm_autoencoder,2,primary,0.005,15,8,2,climb,748,7,1,1,False
lstm_autoencoder,2,primary,0.005,15,8,2,cruise,1371,0,0,0,False
lstm_autoencoder,2,primary,0.005,15,8,2,descent,1896,0,0,0,False
lstm_autoencoder,2,primary,0.005,15,9,2,overall,8714,100,1,34,False
lstm_autoencoder,2,primary,0.005,15,9,2,climb,2650,9,1,1,False
lstm_autoencoder,2,primary,0.005,15,9,2,cruise,4542,15,1,8,False
lstm_autoencoder,2,primary,0.005,15,9,2,descent,1522,76,1,25,False
lstm_autoencoder,2,primary,0.005,15,10,2,overall,5218,6,1,1,False
lstm_autoencoder,2,primary,0.005,15,10,2,climb,2439,6,1,1,False
lstm_autoencoder,2,primary,0.005,15,10,2,cruise,1376,0,0,0,False
lstm_autoencoder,2,primary,0.005,15,10,2,descent,1403,0,0,0,False
lstm_autoencoder,2,primary,0.005,15,11,2,overall,6001,43,1,5,False
lstm_autoencoder,2,primary,0.005,15,11,2,climb,2203,8,1,1,False
lstm_autoencoder,2,primary,0.005,15,11,2,cruise,2046,0,0,0,False
lstm_autoencoder,2,primary,0.005,15,11,2,descent,1752,35,1,4,False
lstm_autoencoder,2,primary,0.005,15,12,2,overall,8363,4,1,2,False
lstm_autoencoder,2,primary,0.005,15,12,2,climb,1990,3,1,1,False
lstm_autoencoder,2,primary,0.005,15,12,2,cruise,3014,0,0,0,False
lstm_autoencoder,2,primary,0.005,15,12,2,descent,3359,1,1,1,False
lstm_autoencoder,2,primary,0.005,15,13,2,overall,5761,1,1,1,False
lstm_autoencoder,2,primary,0.005,15,13,2,climb,1671,1,1,1,False
lstm_autoencoder,2,primary,0.005,15,13,2,cruise,2573,0,0,0,False
lstm_autoencoder,2,primary,0.005,15,13,2,descent,1517,0,0,0,False
lstm_autoencoder,2,primary,0.005,15,14,2,overall,6942,10,1,1,False
lstm_autoencoder,2,primary,0.005,15,14,2,climb,2058,10,1,1,False
lstm_autoencoder,2,primary,0.005,15,14,2,cruise,3278,0,0,0,False
lstm_autoencoder,2,primary,0.005,15,14,2,descent,1606,0,0,0,False
lstm_autoencoder,2,primary,0.005,15,15,2,overall,8154,32,1,12,False
lstm_autoencoder,2,primary,0.005,15,15,2,climb,2033,6,1,1,False
lstm_autoencoder,2,primary,0.005,15,15,2,cruise,2970,24,1,9,False
lstm_autoencoder,2,primary,0.005,15,15,2,descent,3151,2,1,2,False
lstm_autoencoder,2,primary,0.005,15,16,2,overall,5218,6,1,1,False
lstm_autoencoder,2,primary,0.005,15,16,2,climb,2439,6,1,1,False
lstm_autoencoder,2,primary,0.005,15,16,2,cruise,1376,0,0,0,False
lstm_autoencoder,2,primary,0.005,15,16,2,descent,1403,0,0,0,False
lstm_autoencoder,2,primary,0.005,15,17,2,overall,5804,2,1,1,False
lstm_autoencoder,2,primary,0.005,15,17,2,climb,1845,2,1,1,False
lstm_autoencoder,2,primary,0.005,15,17,2,cruise,2329,0,0,0,False
lstm_autoencoder,2,primary,0.005,15,17,2,descent,1630,0,0,0,False
lstm_autoencoder,2,primary,0.005,15,18,2,overall,8154,27,1,12,False
lstm_autoencoder,2,primary,0.005,15,18,2,climb,2033,7,1,1,False
lstm_autoencoder,2,primary,0.005,15,18,2,cruise,2970,20,1,11,False
lstm_autoencoder,2,primary,0.005,15,18,2,descent,3151,0,0,0,False
lstm_autoencoder,2,primary,0.005,15,19,2,overall,6782,95,1,44,False
lstm_autoencoder,2,primary,0.005,15,19,2,climb,2887,8,1,1,False
lstm_autoencoder,2,primary,0.005,15,19,2,cruise,1196,5,1,2,False
lstm_autoencoder,2,primary,0.005,15,19,2,descent,2699,82,1,41,False
lstm_autoencoder,2,primary,0.005,15,20,2,overall,6265,1,1,1,False
lstm_autoencoder,2,primary,0.005,15,20,2,climb,1256,0,0,0,False
lstm_autoencoder,2,primary,0.005,15,20,2,cruise,2569,0,0,0,False
lstm_autoencoder,2,primary,0.005,15,20,2,descent,2440,1,1,1,False
lstm_autoencoder,2,primary,0.005,15,21,2,overall,6381,1,1,1,False
lstm_autoencoder,2,primary,0.005,15,21,2,climb,1264,0,0,0,False
lstm_autoencoder,2,primary,0.005,15,21,2,cruise,2088,0,0,0,False
lstm_autoencoder,2,primary,0.005,15,21,2,descent,3029,1,1,1,False
lstm_autoencoder,2,primary,0.005,15,22,2,overall,5501,64,1,29,False
lstm_autoencoder,2,primary,0.005,15,22,2,climb,2343,9,1,7,False
lstm_autoencoder,2,primary,0.005,15,22,2,cruise,1857,0,0,0,False
lstm_autoencoder,2,primary,0.005,15,22,2,descent,1301,55,1,22,False
lstm_autoencoder,2,primary,0.005,15,23,2,overall,6887,9,1,1,False
lstm_autoencoder,2,primary,0.005,15,23,2,climb,1788,9,1,1,False
lstm_autoencoder,2,primary,0.005,15,23,2,cruise,3403,0,0,0,False
lstm_autoencoder,2,primary,0.005,15,23,2,descent,1696,0,0,0,False
lstm_autoencoder,2,primary,0.01,11,1,3,overall,11007,54,1,17,True
lstm_autoencoder,2,primary,0.01,11,1,3,climb,2506,9,1,1,True
lstm_autoencoder,2,primary,0.01,11,1,3,cruise,4386,11,1,5,True
lstm_autoencoder,2,primary,0.01,11,1,3,descent,4115,34,1,11,True
lstm_autoencoder,2,primary,0.01,11,2,3,overall,17636,97,1,28,True
lstm_autoencoder,2,primary,0.01,11,2,3,climb,3612,10,1,1,True
lstm_autoencoder,2,primary,0.01,11,2,3,cruise,10521,35,1,10,True
lstm_autoencoder,2,primary,0.01,11,2,3,descent,3503,52,1,17,True
lstm_autoencoder,2,primary,0.01,11,3,3,overall,9831,350,1,34,True
lstm_autoencoder,2,primary,0.01,11,3,3,climb,2031,17,1,1,True
lstm_autoencoder,2,primary,0.01,11,3,3,cruise,3448,16,1,6,True
lstm_autoencoder,2,primary,0.01,11,3,3,descent,4352,317,1,27,True
lstm_autoencoder,2,primary,0.01,11,4,3,overall,13140,72,1,20,True
lstm_autoencoder,2,primary,0.01,11,4,3,climb,2902,13,1,4,True
lstm_autoencoder,2,primary,0.01,11,4,3,cruise,7069,0,0,0,True
lstm_autoencoder,2,primary,0.01,11,4,3,descent,3169,59,1,16,True
lstm_autoencoder,2,primary,0.01,11,5,3,overall,13751,203,1,40,True
lstm_autoencoder,2,primary,0.01,11,5,3,climb,2138,8,1,1,True
lstm_autoencoder,2,primary,0.01,11,5,3,cruise,6376,24,1,5,True
lstm_autoencoder,2,primary,0.01,11,5,3,descent,5237,171,1,34,True
lstm_autoencoder,2,primary,0.01,11,6,3,overall,11689,121,1,42,True
lstm_autoencoder,2,primary,0.01,11,6,3,climb,2583,3,1,2,True
lstm_autoencoder,2,primary,0.01,11,6,3,cruise,5477,40,1,14,True
lstm_autoencoder,2,primary,0.01,11,6,3,descent,3629,78,1,26,True
lstm_autoencoder,2,primary,0.01,11,7,3,overall,11007,62,1,18,True
lstm_autoencoder,2,primary,0.01,11,7,3,climb,2506,9,1,1,True
lstm_autoencoder,2,primary,0.01,11,7,3,cruise,4386,12,1,5,True
lstm_autoencoder,2,primary,0.01,11,7,3,descent,4115,41,1,12,True
lstm_autoencoder,2,primary,0.01,11,8,3,overall,8826,19,1,11,True
lstm_autoencoder,2,primary,0.01,11,8,3,climb,4368,0,0,0,True
lstm_autoencoder,2,primary,0.01,11,8,3,cruise,2947,6,1,3,True
lstm_autoencoder,2,primary,0.01,11,8,3,descent,1511,13,1,8,True
lstm_autoencoder,2,primary,0.01,11,9,3,overall,8928,46,1,14,True
lstm_autoencoder,2,primary,0.01,11,9,3,climb,2151,3,1,2,True
lstm_autoencoder,2,primary,0.01,11,9,3,cruise,4055,3,1,1,True
lstm_autoencoder,2,primary,0.01,11,9,3,descent,2722,40,1,11,True
lstm_autoencoder,2,primary,0.01,11,10,3,overall,13940,130,1,9,True
lstm_autoencoder,2,primary,0.01,11,10,3,climb,3800,12,1,1,True
lstm_autoencoder,2,primary,0.01,11,10,3,cruise,6079,0,0,0,True
lstm_autoencoder,2,primary,0.01,11,10,3,descent,4061,118,1,8,True
lstm_autoencoder,2,primary,0.01,11,11,3,overall,13751,183,1,32,True
lstm_autoencoder,2,primary,0.01,11,11,3,climb,2138,8,1,1,True
lstm_autoencoder,2,primary,0.01,11,11,3,cruise,6376,30,1,6,True
lstm_autoencoder,2,primary,0.01,11,11,3,descent,5237,145,1,25,True
lstm_autoencoder,2,primary,0.01,11,12,3,overall,14346,59,1,17,True
lstm_autoencoder,2,primary,0.01,11,12,3,climb,3405,5,1,1,True
lstm_autoencoder,2,primary,0.01,11,12,3,cruise,2752,14,1,7,True
lstm_autoencoder,2,primary,0.01,11,12,3,descent,8189,40,1,9,True
lstm_autoencoder,2,primary,0.01,11,13,3,overall,10704,50,1,13,True
lstm_autoencoder,2,primary,0.01,11,13,3,climb,2712,13,1,1,True
lstm_autoencoder,2,primary,0.01,11,13,3,cruise,4440,11,1,6,True
lstm_autoencoder,2,primary,0.01,11,13,3,descent,3552,26,1,6,True
lstm_autoencoder,2,primary,0.01,11,14,3,overall,11573,131,1,27,True
lstm_autoencoder,2,primary,0.01,11,14,3,climb,3378,7,1,1,True
lstm_autoencoder,2,primary,0.01,11,14,3,cruise,2869,1,1,1,True
lstm_autoencoder,2,primary,0.01,11,14,3,descent,5326,123,1,25,True
lstm_autoencoder,2,primary,0.01,11,15,3,overall,7701,419,1,27,True
lstm_autoencoder,2,primary,0.01,11,15,3,climb,2139,10,1,2,True
lstm_autoencoder,2,primary,0.01,11,15,3,cruise,1849,0,0,0,True
lstm_autoencoder,2,primary,0.01,11,15,3,descent,3713,409,1,25,True
lstm_autoencoder,2,primary,0.01,11,16,3,overall,11457,58,1,22,True
lstm_autoencoder,2,primary,0.01,11,16,3,climb,3291,6,1,1,True
lstm_autoencoder,2,primary,0.01,11,16,3,cruise,5172,0,0,0,True
lstm_autoencoder,2,primary,0.01,11,16,3,descent,2994,52,1,21,True
lstm_autoencoder,2,primary,0.01,11,17,3,overall,11457,67,1,18,True
lstm_autoencoder,2,primary,0.01,11,17,3,climb,3291,6,1,1,True
lstm_autoencoder,2,primary,0.01,11,17,3,cruise,5172,0,0,0,True
lstm_autoencoder,2,primary,0.01,11,17,3,descent,2994,61,1,17,True
lstm_autoencoder,2,primary,0.01,11,18,3,overall,12562,46,1,14,True
lstm_autoencoder,2,primary,0.01,11,18,3,climb,4727,9,1,1,True
lstm_autoencoder,2,primary,0.01,11,18,3,cruise,3161,3,1,2,True
lstm_autoencoder,2,primary,0.01,11,18,3,descent,4674,34,1,11,True
lstm_autoencoder,2,primary,0.01,14,1,1,overall,2551,16,1,4,False
lstm_autoencoder,2,primary,0.01,14,1,1,climb,79,12,1,1,False
lstm_autoencoder,2,primary,0.01,14,1,1,cruise,2364,2,1,2,False
lstm_autoencoder,2,primary,0.01,14,1,1,descent,108,2,1,2,False
lstm_autoencoder,2,primary,0.01,14,2,1,overall,1528,53,1,13,False
lstm_autoencoder,2,primary,0.01,14,2,1,climb,435,10,1,1,False
lstm_autoencoder,2,primary,0.01,14,2,1,cruise,592,0,0,0,False
lstm_autoencoder,2,primary,0.01,14,2,1,descent,501,43,1,12,False
lstm_autoencoder,2,primary,0.01,14,3,1,overall,1887,32,1,5,False
lstm_autoencoder,2,primary,0.01,14,3,1,climb,227,0,0,0,False
lstm_autoencoder,2,primary,0.01,14,3,1,cruise,1396,32,1,5,False
lstm_autoencoder,2,primary,0.01,14,3,1,descent,264,0,0,0,False
lstm_autoencoder,2,primary,0.01,14,4,1,overall,1303,125,1,16,False
lstm_autoencoder,2,primary,0.01,14,4,1,climb,87,26,1,1,False
lstm_autoencoder,2,primary,0.01,14,4,1,cruise,1069,93,1,13,False
lstm_autoencoder,2,primary,0.01,14,4,1,descent,147,6,1,2,False
lstm_autoencoder,2,primary,0.01,14,5,1,overall,2641,17,1,2,False
lstm_autoencoder,2,primary,0.01,14,5,1,climb,1059,17,1,2,False
lstm_autoencoder,2,primary,0.01,14,5,1,cruise,390,0,0,0,False
lstm_autoencoder,2,primary,0.01,14,5,1,descent,1192,0,0,0,False
lstm_autoencoder,2,primary,0.01,14,6,1,overall,2918,26,1,4,False
lstm_autoencoder,2,primary,0.01,14,6,1,climb,222,15,1,1,False
lstm_autoencoder,2,primary,0.01,14,6,1,cruise,1468,9,1,2,False
lstm_autoencoder,2,primary,0.01,14,6,1,descent,1228,2,1,1,False
lstm_autoencoder,2,primary,0.01,14,7,1,overall,1303,127,1,16,False
lstm_autoencoder,2,primary,0.01,14,7,1,climb,87,26,1,1,False
lstm_autoencoder,2,primary,0.01,14,7,1,cruise,1069,95,1,13,False
lstm_autoencoder,2,primary,0.01,14,7,1,descent,147,6,1,2,False
lstm_autoencoder,2,primary,0.01,14,8,1,overall,2551,15,1,3,False
lstm_autoencoder,2,primary,0.01,14,8,1,climb,79,12,1,1,False
lstm_autoencoder,2,primary,0.01,14,8,1,cruise,2364,1,1,1,False
lstm_autoencoder,2,primary,0.01,14,8,1,descent,108,2,1,2,False
lstm_autoencoder,2,primary,0.01,14,9,1,overall,1706,37,1,4,False
lstm_autoencoder,2,primary,0.01,14,9,1,climb,38,4,1,1,False
lstm_autoencoder,2,primary,0.01,14,9,1,cruise,47,0,0,0,False
lstm_autoencoder,2,primary,0.01,14,9,1,descent,1621,33,1,3,False
lstm_autoencoder,2,primary,0.01,14,10,1,overall,1706,37,1,4,False
lstm_autoencoder,2,primary,0.01,14,10,1,climb,38,4,1,1,False
lstm_autoencoder,2,primary,0.01,14,10,1,cruise,47,0,0,0,False
lstm_autoencoder,2,primary,0.01,14,10,1,descent,1621,33,1,3,False
lstm_autoencoder,2,primary,0.01,14,11,1,overall,2346,14,1,1,False
lstm_autoencoder,2,primary,0.01,14,11,1,climb,482,14,1,1,False
lstm_autoencoder,2,primary,0.01,14,11,1,cruise,1040,0,0,0,False
lstm_autoencoder,2,primary,0.01,14,11,1,descent,824,0,0,0,False
lstm_autoencoder,2,primary,0.01,14,12,1,overall,2641,17,1,2,False
lstm_autoencoder,2,primary,0.01,14,12,1,climb,1059,17,1,2,False
lstm_autoencoder,2,primary,0.01,14,12,1,cruise,390,0,0,0,False
lstm_autoencoder,2,primary,0.01,14,12,1,descent,1192,0,0,0,False
lstm_autoencoder,2,primary,0.01,14,13,1,overall,1303,131,1,18,False
lstm_autoencoder,2,primary,0.01,14,13,1,climb,87,26,1,1,False
lstm_autoencoder,2,primary,0.01,14,13,1,cruise,1069,99,1,15,False
lstm_autoencoder,2,primary,0.01,14,13,1,descent,147,6,1,2,False
lstm_autoencoder,2,primary,0.01,14,14,1,overall,2629,24,1,11,False
lstm_autoencoder,2,primary,0.01,14,14,1,climb,490,0,0,0,False
lstm_autoencoder,2,primary,0.01,14,14,1,cruise,1339,0,0,0,False
lstm_autoencoder,2,primary,0.01,14,14,1,descent,800,24,1,11,False
lstm_autoencoder,2,primary,0.01,14,15,1,overall,1930,4,1,3,False
lstm_autoencoder,2,primary,0.01,14,15,1,climb,486,3,1,2,False
lstm_autoencoder,2,primary,0.01,14,15,1,cruise,795,0,0,0,False
lstm_autoencoder,2,primary,0.01,14,15,1,descent,649,1,1,1,False
lstm_autoencoder,2,primary,0.01,14,16,1,overall,1528,60,1,14,False
lstm_autoencoder,2,primary,0.01,14,16,1,climb,435,10,1,1,False
lstm_autoencoder,2,primary,0.01,14,16,1,cruise,592,0,0,0,False
lstm_autoencoder,2,primary,0.01,14,16,1,descent,501,50,1,13,False
lstm_autoencoder,2,primary,0.01,14,17,1,overall,2641,17,1,2,False
lstm_autoencoder,2,primary,0.01,14,17,1,climb,1059,17,1,2,False
lstm_autoencoder,2,primary,0.01,14,17,1,cruise,390,0,0,0,False
lstm_autoencoder,2,primary,0.01,14,17,1,descent,1192,0,0,0,False
lstm_autoencoder,2,primary,0.01,14,18,1,overall,2629,9,1,5,False
lstm_autoencoder,2,primary,0.01,14,18,1,climb,490,0,0,0,False
lstm_autoencoder,2,primary,0.01,14,18,1,cruise,1339,0,0,0,False
lstm_autoencoder,2,primary,0.01,14,18,1,descent,800,9,1,5,False
lstm_autoencoder,2,primary,0.01,14,19,1,overall,1706,37,1,4,False
lstm_autoencoder,2,primary,0.01,14,19,1,climb,38,4,1,1,False
lstm_autoencoder,2,primary,0.01,14,19,1,cruise,47,0,0,0,False
lstm_autoencoder,2,primary,0.01,14,19,1,descent,1621,33,1,3,False
lstm_autoencoder,2,primary,0.01,14,20,1,overall,2629,17,1,8,False
lstm_autoencoder,2,primary,0.01,14,20,1,climb,490,0,0,0,False
lstm_autoencoder,2,primary,0.01,14,20,1,cruise,1339,0,0,0,False
lstm_autoencoder,2,primary,0.01,14,20,1,descent,800,17,1,8,False
lstm_autoencoder,2,primary,0.01,14,21,1,overall,1706,37,1,4,False
lstm_autoencoder,2,primary,0.01,14,21,1,climb,38,4,1,1,False
lstm_autoencoder,2,primary,0.01,14,21,1,cruise,47,0,0,0,False
lstm_autoencoder,2,primary,0.01,14,21,1,descent,1621,33,1,3,False
lstm_autoencoder,2,primary,0.01,14,22,1,overall,1887,35,1,6,False
lstm_autoencoder,2,primary,0.01,14,22,1,climb,227,0,0,0,False
lstm_autoencoder,2,primary,0.01,14,22,1,cruise,1396,35,1,6,False
lstm_autoencoder,2,primary,0.01,14,22,1,descent,264,0,0,0,False
lstm_autoencoder,2,primary,0.01,14,23,1,overall,2629,22,1,12,False
lstm_autoencoder,2,primary,0.01,14,23,1,climb,490,0,0,0,False
lstm_autoencoder,2,primary,0.01,14,23,1,cruise,1339,0,0,0,False
lstm_autoencoder,2,primary,0.01,14,23,1,descent,800,22,1,12,False
lstm_autoencoder,2,primary,0.01,14,24,1,overall,2641,18,1,1,False
lstm_autoencoder,2,primary,0.01,14,24,1,climb,1059,18,1,1,False
lstm_autoencoder,2,primary,0.01,14,24,1,cruise,390,0,0,0,False
lstm_autoencoder,2,primary,0.01,14,24,1,descent,1192,0,0,0,False
lstm_autoencoder,2,primary,0.01,14,25,1,overall,2551,18,1,4,False
lstm_autoencoder,2,primary,0.01,14,25,1,climb,79,14,1,1,False
lstm_autoencoder,2,primary,0.01,14,25,1,cruise,2364,2,1,2,False
lstm_autoencoder,2,primary,0.01,14,25,1,descent,108,2,1,2,False
lstm_autoencoder,2,primary,0.01,14,26,1,overall,2034,17,1,6,False
lstm_autoencoder,2,primary,0.01,14,26,1,climb,135,11,1,3,False
lstm_autoencoder,2,primary,0.01,14,26,1,cruise,84,0,0,0,False
lstm_autoencoder,2,primary,0.01,14,26,1,descent,1815,6,1,3,False
lstm_autoencoder,2,primary,0.01,14,27,1,overall,1887,32,1,6,False
lstm_autoencoder,2,primary,0.01,14,27,1,climb,227,0,0,0,False
lstm_autoencoder,2,primary,0.01,14,27,1,cruise,1396,32,1,6,False
lstm_autoencoder,2,primary,0.01,14,27,1,descent,264,0,0,0,False
lstm_autoencoder,2,primary,0.01,14,28,1,overall,2629,36,1,4,False
lstm_autoencoder,2,primary,0.01,14,28,1,climb,490,0,0,0,False
lstm_autoencoder,2,primary,0.01,14,28,1,cruise,1339,0,0,0,False
lstm_autoencoder,2,primary,0.01,14,28,1,descent,800,36,1,4,False
lstm_autoencoder,2,primary,0.01,14,29,1,overall,1887,37,1,7,False
lstm_autoencoder,2,primary,0.01,14,29,1,climb,227,1,1,1,False
lstm_autoencoder,2,primary,0.01,14,29,1,cruise,1396,36,1,6,False
lstm_autoencoder,2,primary,0.01,14,29,1,descent,264,0,0,0,False
lstm_autoencoder,2,primary,0.01,14,30,1,overall,1528,91,1,21,False
lstm_autoencoder,2,primary,0.01,14,30,1,climb,435,11,1,1,False
lstm_autoencoder,2,primary,0.01,14,30,1,cruise,592,0,0,0,False
lstm_autoencoder,2,primary,0.01,14,30,1,descent,501,80,1,20,False
lstm_autoencoder,2,primary,0.01,14,31,1,overall,2629,41,1,5,False
lstm_autoencoder,2,primary,0.01,14,31,1,climb,490,0,0,0,False
lstm_autoencoder,2,primary,0.01,14,31,1,cruise,1339,0,0,0,False
lstm_autoencoder,2,primary,0.01,14,31,1,descent,800,41,1,5,False
lstm_autoencoder,2,primary,0.01,14,32,1,overall,1006,17,1,4,False
lstm_autoencoder,2,primary,0.01,14,32,1,climb,262,10,1,3,False
lstm_autoencoder,2,primary,0.01,14,32,1,cruise,356,7,1,1,False
lstm_autoencoder,2,primary,0.01,14,32,1,descent,388,0,0,0,False
lstm_autoencoder,2,primary,0.01,14,33,1,overall,1528,85,1,21,False
lstm_autoencoder,2,primary,0.01,14,33,1,climb,435,11,1,1,False
lstm_autoencoder,2,primary,0.01,14,33,1,cruise,592,0,0,0,False
lstm_autoencoder,2,primary,0.01,14,33,1,descent,501,74,1,20,False
lstm_autoencoder,2,primary,0.01,14,34,1,overall,1944,54,1,8,False
lstm_autoencoder,2,primary,0.01,14,34,1,climb,142,3,1,2,False
lstm_autoencoder,2,primary,0.01,14,34,1,cruise,1554,3,1,2,False
lstm_autoencoder,2,primary,0.01,14,34,1,descent,248,48,1,4,False
lstm_autoencoder,2,primary,0.01,14,35,1,overall,1706,37,1,4,False
lstm_autoencoder,2,primary,0.01,14,35,1,climb,38,4,1,1,False
lstm_autoencoder,2,primary,0.01,14,35,1,cruise,47,0,0,0,False
lstm_autoencoder,2,primary,0.01,14,35,1,descent,1621,33,1,3,False
lstm_autoencoder,2,primary,0.01,15,1,2,overall,2669,189,1,7,False
lstm_autoencoder,2,primary,0.01,15,1,2,climb,625,0,0,0,False
lstm_autoencoder,2,primary,0.01,15,1,2,cruise,752,0,0,0,False
lstm_autoencoder,2,primary,0.01,15,1,2,descent,1292,189,1,7,False
lstm_autoencoder,2,primary,0.01,15,2,2,overall,7711,24,1,2,False
lstm_autoencoder,2,primary,0.01,15,2,2,climb,2028,22,1,1,False
lstm_autoencoder,2,primary,0.01,15,2,2,cruise,3298,0,0,0,False
lstm_autoencoder,2,primary,0.01,15,2,2,descent,2385,2,1,1,False
lstm_autoencoder,2,primary,0.01,15,3,2,overall,5503,72,1,21,False
lstm_autoencoder,2,primary,0.01,15,3,2,climb,3519,10,1,1,False
lstm_autoencoder,2,primary,0.01,15,3,2,cruise,722,0,0,0,False
lstm_autoencoder,2,primary,0.01,15,3,2,descent,1262,62,1,20,False
lstm_autoencoder,2,primary,0.01,15,4,2,overall,6372,42,1,7,False
lstm_autoencoder,2,primary,0.01,15,4,2,climb,2754,27,1,1,False
lstm_autoencoder,2,primary,0.01,15,4,2,cruise,2405,0,0,0,False
lstm_autoencoder,2,primary,0.01,15,4,2,descent,1213,15,1,6,False
lstm_autoencoder,2,primary,0.01,15,5,2,overall,6075,20,1,2,False
lstm_autoencoder,2,primary,0.01,15,5,2,climb,1642,9,1,1,False
lstm_autoencoder,2,primary,0.01,15,5,2,cruise,2509,0,0,0,False
lstm_autoencoder,2,primary,0.01,15,5,2,descent,1924,11,1,1,False
lstm_autoencoder,2,primary,0.01,15,6,2,overall,9157,97,1,11,False
lstm_autoencoder,2,primary,0.01,15,6,2,climb,3584,11,1,3,False
lstm_autoencoder,2,primary,0.01,15,6,2,cruise,2702,69,1,5,False
lstm_autoencoder,2,primary,0.01,15,6,2,descent,2871,17,1,3,False
lstm_autoencoder,2,primary,0.01,15,7,2,overall,5892,68,1,16,False
lstm_autoencoder,2,primary,0.01,15,7,2,climb,2990,12,1,3,False
lstm_autoencoder,2,primary,0.01,15,7,2,cruise,2120,0,0,0,False
lstm_autoencoder,2,primary,0.01,15,7,2,descent,782,56,1,13,False
lstm_autoencoder,2,primary,0.01,15,8,2,overall,4015,11,1,4,False
lstm_autoencoder,2,primary,0.01,15,8,2,climb,748,8,1,1,False
lstm_autoencoder,2,primary,0.01,15,8,2,cruise,1371,0,0,0,False
lstm_autoencoder,2,primary,0.01,15,8,2,descent,1896,3,1,3,False
lstm_autoencoder,2,primary,0.01,15,9,2,overall,8714,126,1,31,False
lstm_autoencoder,2,primary,0.01,15,9,2,climb,2650,13,1,1,False
lstm_autoencoder,2,primary,0.01,15,9,2,cruise,4542,26,1,13,False
lstm_autoencoder,2,primary,0.01,15,9,2,descent,1522,87,1,17,False
lstm_autoencoder,2,primary,0.01,15,10,2,overall,5218,9,1,2,False
lstm_autoencoder,2,primary,0.01,15,10,2,climb,2439,8,1,1,False
lstm_autoencoder,2,primary,0.01,15,10,2,cruise,1376,0,0,0,False
lstm_autoencoder,2,primary,0.01,15,10,2,descent,1403,1,1,1,False
lstm_autoencoder,2,primary,0.01,15,11,2,overall,6001,53,1,7,False
lstm_autoencoder,2,primary,0.01,15,11,2,climb,2203,13,1,1,False
lstm_autoencoder,2,primary,0.01,15,11,2,cruise,2046,0,0,0,False
lstm_autoencoder,2,primary,0.01,15,11,2,descent,1752,40,1,6,False
lstm_autoencoder,2,primary,0.01,15,12,2,overall,8363,57,1,8,False
lstm_autoencoder,2,primary,0.01,15,12,2,climb,1990,5,1,1,False
lstm_autoencoder,2,primary,0.01,15,12,2,cruise,3014,0,0,0,False
lstm_autoencoder,2,primary,0.01,15,12,2,descent,3359,52,1,7,False
lstm_autoencoder,2,primary,0.01,15,13,2,overall,5761,5,1,3,False
lstm_autoencoder,2,primary,0.01,15,13,2,climb,1671,3,1,1,False
lstm_autoencoder,2,primary,0.01,15,13,2,cruise,2573,0,0,0,False
lstm_autoencoder,2,primary,0.01,15,13,2,descent,1517,2,1,2,False
lstm_autoencoder,2,primary,0.01,15,14,2,overall,6942,15,1,2,False
lstm_autoencoder,2,primary,0.01,15,14,2,climb,2058,14,1,1,False
lstm_autoencoder,2,primary,0.01,15,14,2,cruise,3278,0,0,0,False
lstm_autoencoder,2,primary,0.01,15,14,2,descent,1606,1,1,1,False
lstm_autoencoder,2,primary,0.01,15,15,2,overall,8154,254,1,22,False
lstm_autoencoder,2,primary,0.01,15,15,2,climb,2033,11,1,1,False
lstm_autoencoder,2,primary,0.01,15,15,2,cruise,2970,35,1,9,False
lstm_autoencoder,2,primary,0.01,15,15,2,descent,3151,208,1,12,False
lstm_autoencoder,2,primary,0.01,15,16,2,overall,5218,8,1,1,False
lstm_autoencoder,2,primary,0.01,15,16,2,climb,2439,8,1,1,False
lstm_autoencoder,2,primary,0.01,15,16,2,cruise,1376,0,0,0,False
lstm_autoencoder,2,primary,0.01,15,16,2,descent,1403,0,0,0,False
lstm_autoencoder,2,primary,0.01,15,17,2,overall,5804,6,1,4,False
lstm_autoencoder,2,primary,0.01,15,17,2,climb,1845,4,1,2,False
lstm_autoencoder,2,primary,0.01,15,17,2,cruise,2329,0,0,0,False
lstm_autoencoder,2,primary,0.01,15,17,2,descent,1630,2,1,2,False
lstm_autoencoder,2,primary,0.01,15,18,2,overall,8154,205,1,25,False
lstm_autoencoder,2,primary,0.01,15,18,2,climb,2033,11,1,1,False
lstm_autoencoder,2,primary,0.01,15,18,2,cruise,2970,29,1,13,False
lstm_autoencoder,2,primary,0.01,15,18,2,descent,3151,165,1,11,False
lstm_autoencoder,2,primary,0.01,15,19,2,overall,6782,156,1,40,False
lstm_autoencoder,2,primary,0.01,15,19,2,climb,2887,11,1,1,False
lstm_autoencoder,2,primary,0.01,15,19,2,cruise,1196,9,1,6,False
lstm_autoencoder,2,primary,0.01,15,19,2,descent,2699,136,1,33,False
lstm_autoencoder,2,primary,0.01,15,20,2,overall,6265,15,1,2,False
lstm_autoencoder,2,primary,0.01,15,20,2,climb,1256,0,0,0,False
lstm_autoencoder,2,primary,0.01,15,20,2,cruise,2569,0,0,0,False
lstm_autoencoder,2,primary,0.01,15,20,2,descent,2440,15,1,2,False
lstm_autoencoder,2,primary,0.01,15,21,2,overall,6381,20,1,7,False
lstm_autoencoder,2,primary,0.01,15,21,2,climb,1264,13,1,3,False
lstm_autoencoder,2,primary,0.01,15,21,2,cruise,2088,0,0,0,False
lstm_autoencoder,2,primary,0.01,15,21,2,descent,3029,7,1,4,False
lstm_autoencoder,2,primary,0.01,15,22,2,overall,5501,84,1,25,False
lstm_autoencoder,2,primary,0.01,15,22,2,climb,2343,19,1,7,False
lstm_autoencoder,2,primary,0.01,15,22,2,cruise,1857,0,0,0,False
lstm_autoencoder,2,primary,0.01,15,22,2,descent,1301,65,1,18,False
lstm_autoencoder,2,primary,0.01,15,23,2,overall,6887,194,1,22,False
lstm_autoencoder,2,primary,0.01,15,23,2,climb,1788,14,1,2,False
lstm_autoencoder,2,primary,0.01,15,23,2,cruise,3403,0,0,0,False
lstm_autoencoder,2,primary,0.01,15,23,2,descent,1696,180,1,20,False
lstm_autoencoder,2,primary,0.02,11,1,3,overall,11007,171,1,27,True
lstm_autoencoder,2,primary,0.02,11,1,3,climb,2506,10,1,1,True
lstm_autoencoder,2,primary,0.02,11,1,3,cruise,4386,15,1,6,True
lstm_autoencoder,2,primary,0.02,11,1,3,descent,4115,146,1,20,True
lstm_autoencoder,2,primary,0.02,11,2,3,overall,17636,147,1,33,True
lstm_autoencoder,2,primary,0.02,11,2,3,climb,3612,11,1,2,True
lstm_autoencoder,2,primary,0.02,11,2,3,cruise,10521,44,1,9,True
lstm_autoencoder,2,primary,0.02,11,2,3,descent,3503,92,1,22,True
lstm_autoencoder,2,primary,0.02,11,3,3,overall,9831,656,1,43,True
lstm_autoencoder,2,primary,0.02,11,3,3,climb,2031,20,1,1,True
lstm_autoencoder,2,primary,0.02,11,3,3,cruise,3448,25,1,9,True
lstm_autoencoder,2,primary,0.02,11,3,3,descent,4352,611,1,33,True
lstm_autoencoder,2,primary,0.02,11,4,3,overall,13140,128,1,20,True
lstm_autoencoder,2,primary,0.02,11,4,3,climb,2902,17,1,4,True
lstm_autoencoder,2,primary,0.02,11,4,3,cruise,7069,0,0,0,True
lstm_autoencoder,2,primary,0.02,11,4,3,descent,3169,111,1,16,True
lstm_autoencoder,2,primary,0.02,11,5,3,overall,13751,259,1,37,True
lstm_autoencoder,2,primary,0.02,11,5,3,climb,2138,12,1,1,True
lstm_autoencoder,2,primary,0.02,11,5,3,cruise,6376,27,1,4,True
lstm_autoencoder,2,primary,0.02,11,5,3,descent,5237,220,1,32,True
lstm_autoencoder,2,primary,0.02,11,6,3,overall,11689,195,1,50,True
lstm_autoencoder,2,primary,0.02,11,6,3,climb,2583,7,1,2,True
lstm_autoencoder,2,primary,0.02,11,6,3,cruise,5477,58,1,18,True
lstm_autoencoder,2,primary,0.02,11,6,3,descent,3629,130,1,30,True
lstm_autoencoder,2,primary,0.02,11,7,3,overall,11007,222,1,29,True
lstm_autoencoder,2,primary,0.02,11,7,3,climb,2506,10,1,1,True
lstm_autoencoder,2,primary,0.02,11,7,3,cruise,4386,17,1,6,True
lstm_autoencoder,2,primary,0.02,11,7,3,descent,4115,195,1,22,True
lstm_autoencoder,2,primary,0.02,11,8,3,overall,8826,133,1,54,True
lstm_autoencoder,2,primary,0.02,11,8,3,climb,4368,12,1,5,True
lstm_autoencoder,2,primary,0.02,11,8,3,cruise,2947,33,1,14,True
lstm_autoencoder,2,primary,0.02,11,8,3,descent,1511,88,1,35,True
lstm_autoencoder,2,primary,0.02,11,9,3,overall,8928,132,1,26,True
lstm_autoencoder,2,primary,0.02,11,9,3,climb,2151,5,1,3,True
lstm_autoencoder,2,primary,0.02,11,9,3,cruise,4055,8,1,2,True
lstm_autoencoder,2,primary,0.02,11,9,3,descent,2722,119,1,21,True
lstm_autoencoder,2,primary,0.02,11,10,3,overall,13940,206,1,12,True
lstm_autoencoder,2,primary,0.02,11,10,3,climb,3800,16,1,1,True
lstm_autoencoder,2,primary,0.02,11,10,3,cruise,6079,1,1,1,True
lstm_autoencoder,2,primary,0.02,11,10,3,descent,4061,189,1,10,True
lstm_autoencoder,2,primary,0.02,11,11,3,overall,13751,233,1,26,True
lstm_autoencoder,2,primary,0.02,11,11,3,climb,2138,12,1,1,True
lstm_autoencoder,2,primary,0.02,11,11,3,cruise,6376,33,1,4,True
lstm_autoencoder,2,primary,0.02,11,11,3,descent,5237,188,1,21,True
lstm_autoencoder,2,primary,0.02,11,12,3,overall,14346,92,1,22,True
lstm_autoencoder,2,primary,0.02,11,12,3,climb,3405,5,1,1,True
lstm_autoencoder,2,primary,0.02,11,12,3,cruise,2752,29,1,6,True
lstm_autoencoder,2,primary,0.02,11,12,3,descent,8189,58,1,15,True
lstm_autoencoder,2,primary,0.02,11,13,3,overall,10704,83,1,18,True
lstm_autoencoder,2,primary,0.02,11,13,3,climb,2712,18,1,1,True
lstm_autoencoder,2,primary,0.02,11,13,3,cruise,4440,17,1,7,True
lstm_autoencoder,2,primary,0.02,11,13,3,descent,3552,48,1,10,True
lstm_autoencoder,2,primary,0.02,11,14,3,overall,11573,222,1,31,True
lstm_autoencoder,2,primary,0.02,11,14,3,climb,3378,7,1,1,True
lstm_autoencoder,2,primary,0.02,11,14,3,cruise,2869,3,1,1,True
lstm_autoencoder,2,primary,0.02,11,14,3,descent,5326,212,1,29,True
lstm_autoencoder,2,primary,0.02,11,15,3,overall,7701,530,1,39,True
lstm_autoencoder,2,primary,0.02,11,15,3,climb,2139,11,1,2,True
lstm_autoencoder,2,primary,0.02,11,15,3,cruise,1849,0,0,0,True
lstm_autoencoder,2,primary,0.02,11,15,3,descent,3713,519,1,37,True
lstm_autoencoder,2,primary,0.02,11,16,3,overall,11457,284,1,43,True
lstm_autoencoder,2,primary,0.02,11,16,3,climb,3291,7,1,1,True
lstm_autoencoder,2,primary,0.02,11,16,3,cruise,5172,0,0,0,True
lstm_autoencoder,2,primary,0.02,11,16,3,descent,2994,277,1,42,True
lstm_autoencoder,2,primary,0.02,11,17,3,overall,11457,262,1,36,True
lstm_autoencoder,2,primary,0.02,11,17,3,climb,3291,7,1,1,True
lstm_autoencoder,2,primary,0.02,11,17,3,cruise,5172,0,0,0,True
lstm_autoencoder,2,primary,0.02,11,17,3,descent,2994,255,1,35,True
lstm_autoencoder,2,primary,0.02,11,18,3,overall,12562,130,1,26,True
lstm_autoencoder,2,primary,0.02,11,18,3,climb,4727,14,1,2,True
lstm_autoencoder,2,primary,0.02,11,18,3,cruise,3161,36,1,9,True
lstm_autoencoder,2,primary,0.02,11,18,3,descent,4674,80,1,15,True
lstm_autoencoder,2,primary,0.02,14,1,1,overall,2551,21,1,5,False
lstm_autoencoder,2,primary,0.02,14,1,1,climb,79,16,1,1,False
lstm_autoencoder,2,primary,0.02,14,1,1,cruise,2364,3,1,3,False
lstm_autoencoder,2,primary,0.02,14,1,1,descent,108,2,1,2,False
lstm_autoencoder,2,primary,0.02,14,2,1,overall,1528,244,1,16,False
lstm_autoencoder,2,primary,0.02,14,2,1,climb,435,12,1,1,False
lstm_autoencoder,2,primary,0.02,14,2,1,cruise,592,0,0,0,False
lstm_autoencoder,2,primary,0.02,14,2,1,descent,501,232,1,15,False
lstm_autoencoder,2,primary,0.02,14,3,1,overall,1887,61,1,20,False
lstm_autoencoder,2,primary,0.02,14,3,1,climb,227,2,1,1,False
lstm_autoencoder,2,primary,0.02,14,3,1,cruise,1396,48,1,10,False
lstm_autoencoder,2,primary,0.02,14,3,1,descent,264,11,1,9,False
lstm_autoencoder,2,primary,0.02,14,4,1,overall,1303,183,1,24,False
lstm_autoencoder,2,primary,0.02,14,4,1,climb,87,30,1,3,False
lstm_autoencoder,2,primary,0.02,14,4,1,cruise,1069,141,1,18,False
lstm_autoencoder,2,primary,0.02,14,4,1,descent,147,12,1,3,False
lstm_autoencoder,2,primary,0.02,14,5,1,overall,2641,83,1,14,False
lstm_autoencoder,2,primary,0.02,14,5,1,climb,1059,32,1,2,False
lstm_autoencoder,2,primary,0.02,14,5,1,cruise,390,0,0,0,False
lstm_autoencoder,2,primary,0.02,14,5,1,descent,1192,51,1,12,False
lstm_autoencoder,2,primary,0.02,14,6,1,overall,2918,46,1,7,False
lstm_autoencoder,2,primary,0.02,14,6,1,climb,222,20,1,2,False
lstm_autoencoder,2,primary,0.02,14,6,1,cruise,1468,20,1,3,False
lstm_autoencoder,2,primary,0.02,14,6,1,descent,1228,6,1,2,False
lstm_autoencoder,2,primary,0.02,14,7,1,overall,1303,184,1,24,False
lstm_autoencoder,2,primary,0.02,14,7,1,climb,87,30,1,3,False
lstm_autoencoder,2,primary,0.02,14,7,1,cruise,1069,142,1,18,False
lstm_autoencoder,2,primary,0.02,14,7,1,descent,147,12,1,3,False
lstm_autoencoder,2,primary,0.02,14,8,1,overall,2551,21,1,5,False
lstm_autoencoder,2,primary,0.02,14,8,1,climb,79,16,1,1,False
lstm_autoencoder,2,primary,0.02,14,8,1,cruise,2364,3,1,3,False
lstm_autoencoder,2,primary,0.02,14,8,1,descent,108,2,1,2,False
lstm_autoencoder,2,primary,0.02,14,9,1,overall,1706,42,1,5,False
lstm_autoencoder,2,primary,0.02,14,9,1,climb,38,5,1,1,False
lstm_autoencoder,2,primary,0.02,14,9,1,cruise,47,0,0,0,False
lstm_autoencoder,2,primary,0.02,14,9,1,descent,1621,37,1,4,False
lstm_autoencoder,2,primary,0.02,14,10,1,overall,1706,43,1,5,False
lstm_autoencoder,2,primary,0.02,14,10,1,climb,38,6,1,1,False
lstm_autoencoder,2,primary,0.02,14,10,1,cruise,47,0,0,0,False
lstm_autoencoder,2,primary,0.02,14,10,1,descent,1621,37,1,4,False
lstm_autoencoder,2,primary,0.02,14,11,1,overall,2346,52,1,3,False
lstm_autoencoder,2,primary,0.02,14,11,1,climb,482,18,1,1,False
lstm_autoencoder,2,primary,0.02,14,11,1,cruise,1040,30,1,1,False
lstm_autoencoder,2,primary,0.02,14,11,1,descent,824,4,1,1,False
lstm_autoencoder,2,primary,0.02,14,12,1,overall,2641,80,1,17,False
lstm_autoencoder,2,primary,0.02,14,12,1,climb,1059,33,1,2,False
lstm_autoencoder,2,primary,0.02,14,12,1,cruise,390,0,0,0,False
lstm_autoencoder,2,primary,0.02,14,12,1,descent,1192,47,1,15,False
lstm_autoencoder,2,primary,0.02,14,13,1,overall,1303,187,1,23,False
lstm_autoencoder,2,primary,0.02,14,13,1,climb,87,30,1,3,False
lstm_autoencoder,2,primary,0.02,14,13,1,cruise,1069,145,1,17,False
lstm_autoencoder,2,primary,0.02,14,13,1,descent,147,12,1,3,False
lstm_autoencoder,2,primary,0.02,14,14,1,overall,2629,140,1,11,False
lstm_autoencoder,2,primary,0.02,14,14,1,climb,490,0,0,0,False
lstm_autoencoder,2,primary,0.02,14,14,1,cruise,1339,0,0,0,False
lstm_autoencoder,2,primary,0.02,14,14,1,descent,800,140,1,11,False
lstm_autoencoder,2,primary,0.02,14,15,1,overall,1930,8,1,4,False
lstm_autoencoder,2,primary,0.02,14,15,1,climb,486,4,1,1,False
lstm_autoencoder,2,primary,0.02,14,15,1,cruise,795,0,0,0,False
lstm_autoencoder,2,primary,0.02,14,15,1,descent,649,4,1,3,False
lstm_autoencoder,2,primary,0.02,14,16,1,overall,1528,249,1,17,False
lstm_autoencoder,2,primary,0.02,14,16,1,climb,435,12,1,1,False
lstm_autoencoder,2,primary,0.02,14,16,1,cruise,592,0,0,0,False
lstm_autoencoder,2,primary,0.02,14,16,1,descent,501,237,1,16,False
lstm_autoencoder,2,primary,0.02,14,17,1,overall,2641,88,1,16,False
lstm_autoencoder,2,primary,0.02,14,17,1,climb,1059,33,1,2,False
lstm_autoencoder,2,primary,0.02,14,17,1,cruise,390,0,0,0,False
lstm_autoencoder,2,primary,0.02,14,17,1,descent,1192,55,1,14,False
lstm_autoencoder,2,primary,0.02,14,18,1,overall,2629,121,1,16,False
lstm_autoencoder,2,primary,0.02,14,18,1,climb,490,0,0,0,False
lstm_autoencoder,2,primary,0.02,14,18,1,cruise,1339,0,0,0,False
lstm_autoencoder,2,primary,0.02,14,18,1,descent,800,121,1,16,False
lstm_autoencoder,2,primary,0.02,14,19,1,overall,1706,43,1,5,False
lstm_autoencoder,2,primary,0.02,14,19,1,climb,38,6,1,1,False
lstm_autoencoder,2,primary,0.02,14,19,1,cruise,47,0,0,0,False
lstm_autoencoder,2,primary,0.02,14,19,1,descent,1621,37,1,4,False
lstm_autoencoder,2,primary,0.02,14,20,1,overall,2629,149,1,13,False
lstm_autoencoder,2,primary,0.02,14,20,1,climb,490,0,0,0,False
lstm_autoencoder,2,primary,0.02,14,20,1,cruise,1339,0,0,0,False
lstm_autoencoder,2,primary,0.02,14,20,1,descent,800,149,1,13,False
lstm_autoencoder,2,primary,0.02,14,21,1,overall,1706,43,1,5,False
lstm_autoencoder,2,primary,0.02,14,21,1,climb,38,6,1,1,False
lstm_autoencoder,2,primary,0.02,14,21,1,cruise,47,0,0,0,False
lstm_autoencoder,2,primary,0.02,14,21,1,descent,1621,37,1,4,False
lstm_autoencoder,2,primary,0.02,14,22,1,overall,1887,88,1,14,False
lstm_autoencoder,2,primary,0.02,14,22,1,climb,227,2,1,1,False
lstm_autoencoder,2,primary,0.02,14,22,1,cruise,1396,50,1,9,False
lstm_autoencoder,2,primary,0.02,14,22,1,descent,264,36,1,4,False
lstm_autoencoder,2,primary,0.02,14,23,1,overall,2629,134,1,10,False
lstm_autoencoder,2,primary,0.02,14,23,1,climb,490,0,0,0,False
lstm_autoencoder,2,primary,0.02,14,23,1,cruise,1339,0,0,0,False
lstm_autoencoder,2,primary,0.02,14,23,1,descent,800,134,1,10,False
lstm_autoencoder,2,primary,0.02,14,24,1,overall,2641,109,1,20,False
lstm_autoencoder,2,primary,0.02,14,24,1,climb,1059,36,1,2,False
lstm_autoencoder,2,primary,0.02,14,24,1,cruise,390,0,0,0,False
lstm_autoencoder,2,primary,0.02,14,24,1,descent,1192,73,1,18,False
lstm_autoencoder,2,primary,0.02,14,25,1,overall,2551,24,1,6,False
lstm_autoencoder,2,primary,0.02,14,25,1,climb,79,17,1,1,False
lstm_autoencoder,2,primary,0.02,14,25,1,cruise,2364,4,1,3,False
lstm_autoencoder,2,primary,0.02,14,25,1,descent,108,3,1,3,False
lstm_autoencoder,2,primary,0.02,14,26,1,overall,2034,26,1,7,False
lstm_autoencoder,2,primary,0.02,14,26,1,climb,135,18,1,3,False
lstm_autoencoder,2,primary,0.02,14,26,1,cruise,84,0,0,0,False
lstm_autoencoder,2,primary,0.02,14,26,1,descent,1815,8,1,4,False
lstm_autoencoder,2,primary,0.02,14,27,1,overall,1887,105,1,16,False
lstm_autoencoder,2,primary,0.02,14,27,1,climb,227,4,1,2,False
lstm_autoencoder,2,primary,0.02,14,27,1,cruise,1396,50,1,10,False
lstm_autoencoder,2,primary,0.02,14,27,1,descent,264,51,1,4,False
lstm_autoencoder,2,primary,0.02,14,28,1,overall,2629,179,1,11,False
lstm_autoencoder,2,primary,0.02,14,28,1,climb,490,0,0,0,False
lstm_autoencoder,2,primary,0.02,14,28,1,cruise,1339,0,0,0,False
lstm_autoencoder,2,primary,0.02,14,28,1,descent,800,179,1,11,False
lstm_autoencoder,2,primary,0.02,14,29,1,overall,1887,99,1,15,False
lstm_autoencoder,2,primary,0.02,14,29,1,climb,227,5,1,1,False
lstm_autoencoder,2,primary,0.02,14,29,1,cruise,1396,53,1,10,False
lstm_autoencoder,2,primary,0.02,14,29,1,descent,264,41,1,4,False
lstm_autoencoder,2,primary,0.02,14,30,1,overall,1528,293,1,16,False
lstm_autoencoder,2,primary,0.02,14,30,1,climb,435,13,1,1,False
lstm_autoencoder,2,primary,0.02,14,30,1,cruise,592,0,0,0,False
lstm_autoencoder,2,primary,0.02,14,30,1,descent,501,280,1,15,False
lstm_autoencoder,2,primary,0.02,14,31,1,overall,2629,190,1,13,False
lstm_autoencoder,2,primary,0.02,14,31,1,climb,490,0,0,0,False
lstm_autoencoder,2,primary,0.02,14,31,1,cruise,1339,0,0,0,False
lstm_autoencoder,2,primary,0.02,14,31,1,descent,800,190,1,13,False
lstm_autoencoder,2,primary,0.02,14,32,1,overall,1006,51,1,16,False
lstm_autoencoder,2,primary,0.02,14,32,1,climb,262,15,1,2,False
lstm_autoencoder,2,primary,0.02,14,32,1,cruise,356,12,1,1,False
lstm_autoencoder,2,primary,0.02,14,32,1,descent,388,24,1,13,False
lstm_autoencoder,2,primary,0.02,14,33,1,overall,1528,301,1,17,False
lstm_autoencoder,2,primary,0.02,14,33,1,climb,435,14,1,1,False
lstm_autoencoder,2,primary,0.02,14,33,1,cruise,592,0,0,0,False
lstm_autoencoder,2,primary,0.02,14,33,1,descent,501,287,1,16,False
lstm_autoencoder,2,primary,0.02,14,34,1,overall,1944,99,1,12,False
lstm_autoencoder,2,primary,0.02,14,34,1,climb,142,8,1,1,False
lstm_autoencoder,2,primary,0.02,14,34,1,cruise,1554,8,1,4,False
lstm_autoencoder,2,primary,0.02,14,34,1,descent,248,83,1,7,False
lstm_autoencoder,2,primary,0.02,14,35,1,overall,1706,46,1,6,False
lstm_autoencoder,2,primary,0.02,14,35,1,climb,38,6,1,1,False
lstm_autoencoder,2,primary,0.02,14,35,1,cruise,47,0,0,0,False
lstm_autoencoder,2,primary,0.02,14,35,1,descent,1621,40,1,5,False
lstm_autoencoder,2,primary,0.02,15,1,2,overall,2669,296,1,11,False
lstm_autoencoder,2,primary,0.02,15,1,2,climb,625,1,1,1,False
lstm_autoencoder,2,primary,0.02,15,1,2,cruise,752,0,0,0,False
lstm_autoencoder,2,primary,0.02,15,1,2,descent,1292,295,1,10,False
lstm_autoencoder,2,primary,0.02,15,2,2,overall,7711,31,1,6,False
lstm_autoencoder,2,primary,0.02,15,2,2,climb,2028,24,1,1,False
lstm_autoencoder,2,primary,0.02,15,2,2,cruise,3298,0,0,0,False
lstm_autoencoder,2,primary,0.02,15,2,2,descent,2385,7,1,5,False
lstm_autoencoder,2,primary,0.02,15,3,2,overall,5503,280,1,66,False
lstm_autoencoder,2,primary,0.02,15,3,2,climb,3519,13,1,1,False
lstm_autoencoder,2,primary,0.02,15,3,2,cruise,722,33,1,5,False
lstm_autoencoder,2,primary,0.02,15,3,2,descent,1262,234,1,60,False
lstm_autoencoder,2,primary,0.02,15,4,2,overall,6372,112,1,20,False
lstm_autoencoder,2,primary,0.02,15,4,2,climb,2754,28,1,2,False
lstm_autoencoder,2,primary,0.02,15,4,2,cruise,2405,0,0,0,False
lstm_autoencoder,2,primary,0.02,15,4,2,descent,1213,84,1,18,False
lstm_autoencoder,2,primary,0.02,15,5,2,overall,6075,63,1,10,False
lstm_autoencoder,2,primary,0.02,15,5,2,climb,1642,12,1,1,False
lstm_autoencoder,2,primary,0.02,15,5,2,cruise,2509,0,0,0,False
lstm_autoencoder,2,primary,0.02,15,5,2,descent,1924,51,1,9,False
lstm_autoencoder,2,primary,0.02,15,6,2,overall,9157,147,1,12,False
lstm_autoencoder,2,primary,0.02,15,6,2,climb,3584,19,1,2,False
lstm_autoencoder,2,primary,0.02,15,6,2,cruise,2702,74,1,4,False
lstm_autoencoder,2,primary,0.02,15,6,2,descent,2871,54,1,6,False
lstm_autoencoder,2,primary,0.02,15,7,2,overall,5892,196,1,32,False
lstm_autoencoder,2,primary,0.02,15,7,2,climb,2990,19,1,7,False
lstm_autoencoder,2,primary,0.02,15,7,2,cruise,2120,9,1,6,False
lstm_autoencoder,2,primary,0.02,15,7,2,descent,782,168,1,19,False
lstm_autoencoder,2,primary,0.02,15,8,2,overall,4015,59,1,7,False
lstm_autoencoder,2,primary,0.02,15,8,2,climb,748,11,1,1,False
lstm_autoencoder,2,primary,0.02,15,8,2,cruise,1371,0,0,0,False
lstm_autoencoder,2,primary,0.02,15,8,2,descent,1896,48,1,6,False
lstm_autoencoder,2,primary,0.02,15,9,2,overall,8714,156,1,31,False
lstm_autoencoder,2,primary,0.02,15,9,2,climb,2650,15,1,1,False
lstm_autoencoder,2,primary,0.02,15,9,2,cruise,4542,40,1,16,False
lstm_autoencoder,2,primary,0.02,15,9,2,descent,1522,101,1,14,False
lstm_autoencoder,2,primary,0.02,15,10,2,overall,5218,150,1,28,False
lstm_autoencoder,2,primary,0.02,15,10,2,climb,2439,11,1,1,False
lstm_autoencoder,2,primary,0.02,15,10,2,cruise,1376,0,0,0,False
lstm_autoencoder,2,primary,0.02,15,10,2,descent,1403,139,1,27,False
lstm_autoencoder,2,primary,0.02,15,11,2,overall,6001,97,1,20,False
lstm_autoencoder,2,primary,0.02,15,11,2,climb,2203,17,1,1,False
lstm_autoencoder,2,primary,0.02,15,11,2,cruise,2046,0,0,0,False
lstm_autoencoder,2,primary,0.02,15,11,2,descent,1752,80,1,19,False
lstm_autoencoder,2,primary,0.02,15,12,2,overall,8363,222,1,14,False
lstm_autoencoder,2,primary,0.02,15,12,2,climb,1990,7,1,1,False
lstm_autoencoder,2,primary,0.02,15,12,2,cruise,3014,0,0,0,False
lstm_autoencoder,2,primary,0.02,15,12,2,descent,3359,215,1,13,False
lstm_autoencoder,2,primary,0.02,15,13,2,overall,5761,54,1,22,False
lstm_autoencoder,2,primary,0.02,15,13,2,climb,1671,4,1,1,False
lstm_autoencoder,2,primary,0.02,15,13,2,cruise,2573,0,0,0,False
lstm_autoencoder,2,primary,0.02,15,13,2,descent,1517,50,1,21,False
lstm_autoencoder,2,primary,0.02,15,14,2,overall,6942,28,1,5,False
lstm_autoencoder,2,primary,0.02,15,14,2,climb,2058,17,1,1,False
lstm_autoencoder,2,primary,0.02,15,14,2,cruise,3278,0,0,0,False
lstm_autoencoder,2,primary,0.02,15,14,2,descent,1606,11,1,4,False
lstm_autoencoder,2,primary,0.02,15,15,2,overall,8154,575,1,24,False
lstm_autoencoder,2,primary,0.02,15,15,2,climb,2033,16,1,1,False
lstm_autoencoder,2,primary,0.02,15,15,2,cruise,2970,43,1,11,False
lstm_autoencoder,2,primary,0.02,15,15,2,descent,3151,516,1,12,False
lstm_autoencoder,2,primary,0.02,15,16,2,overall,5218,138,1,32,False
lstm_autoencoder,2,primary,0.02,15,16,2,climb,2439,12,1,1,False
lstm_autoencoder,2,primary,0.02,15,16,2,cruise,1376,0,0,0,False
lstm_autoencoder,2,primary,0.02,15,16,2,descent,1403,126,1,31,False
lstm_autoencoder,2,primary,0.02,15,17,2,overall,5804,247,1,17,False
lstm_autoencoder,2,primary,0.02,15,17,2,climb,1845,5,1,1,False
lstm_autoencoder,2,primary,0.02,15,17,2,cruise,2329,0,0,0,False
lstm_autoencoder,2,primary,0.02,15,17,2,descent,1630,242,1,16,False
lstm_autoencoder,2,primary,0.02,15,18,2,overall,8154,530,1,26,False
lstm_autoencoder,2,primary,0.02,15,18,2,climb,2033,16,1,1,False
lstm_autoencoder,2,primary,0.02,15,18,2,cruise,2970,40,1,14,False
lstm_autoencoder,2,primary,0.02,15,18,2,descent,3151,474,1,11,False
lstm_autoencoder,2,primary,0.02,15,19,2,overall,6782,304,1,56,False
lstm_autoencoder,2,primary,0.02,15,19,2,climb,2887,14,1,1,False
lstm_autoencoder,2,primary,0.02,15,19,2,cruise,1196,20,1,10,False
lstm_autoencoder,2,primary,0.02,15,19,2,descent,2699,270,1,45,False
lstm_autoencoder,2,primary,0.02,15,20,2,overall,6265,90,1,11,False
lstm_autoencoder,2,primary,0.02,15,20,2,climb,1256,6,1,2,False
lstm_autoencoder,2,primary,0.02,15,20,2,cruise,2569,0,0,0,False
lstm_autoencoder,2,primary,0.02,15,20,2,descent,2440,84,1,9,False
lstm_autoencoder,2,primary,0.02,15,21,2,overall,6381,86,1,13,False
lstm_autoencoder,2,primary,0.02,15,21,2,climb,1264,22,1,2,False
lstm_autoencoder,2,primary,0.02,15,21,2,cruise,2088,0,0,0,False
lstm_autoencoder,2,primary,0.02,15,21,2,descent,3029,64,1,11,False
lstm_autoencoder,2,primary,0.02,15,22,2,overall,5501,111,1,29,False
lstm_autoencoder,2,primary,0.02,15,22,2,climb,2343,38,1,14,False
lstm_autoencoder,2,primary,0.02,15,22,2,cruise,1857,0,0,0,False
lstm_autoencoder,2,primary,0.02,15,22,2,descent,1301,73,1,15,False
lstm_autoencoder,2,primary,0.02,15,23,2,overall,6887,345,1,12,False
lstm_autoencoder,2,primary,0.02,15,23,2,climb,1788,18,1,2,False
lstm_autoencoder,2,primary,0.02,15,23,2,cruise,3403,0,0,0,False
lstm_autoencoder,2,primary,0.02,15,23,2,descent,1696,327,1,10,False
lstm_autoencoder,2,alt_rate,0.005,11,1,3,overall,11007,30,1,13,True
lstm_autoencoder,2,alt_rate,0.005,11,1,3,climb,2930,7,1,1,True
lstm_autoencoder,2,alt_rate,0.005,11,1,3,cruise,3885,7,1,2,True
lstm_autoencoder,2,alt_rate,0.005,11,1,3,descent,4192,16,1,10,True
lstm_autoencoder,2,alt_rate,0.005,11,2,3,overall,17636,74,1,32,True
lstm_autoencoder,2,alt_rate,0.005,11,2,3,climb,3879,9,1,1,True
lstm_autoencoder,2,alt_rate,0.005,11,2,3,cruise,9869,23,1,10,True
lstm_autoencoder,2,alt_rate,0.005,11,2,3,descent,3888,42,1,21,True
lstm_autoencoder,2,alt_rate,0.005,11,3,3,overall,9831,48,1,11,True
lstm_autoencoder,2,alt_rate,0.005,11,3,3,climb,2327,14,1,1,True
lstm_autoencoder,2,alt_rate,0.005,11,3,3,cruise,2755,9,1,4,True
lstm_autoencoder,2,alt_rate,0.005,11,3,3,descent,4749,25,1,6,True
lstm_autoencoder,2,alt_rate,0.005,11,4,3,overall,13140,47,1,17,True
lstm_autoencoder,2,alt_rate,0.005,11,4,3,climb,3297,8,1,2,True
lstm_autoencoder,2,alt_rate,0.005,11,4,3,cruise,6273,0,0,0,True
lstm_autoencoder,2,alt_rate,0.005,11,4,3,descent,3570,39,1,15,True
lstm_autoencoder,2,alt_rate,0.005,11,5,3,overall,13751,131,1,54,True
lstm_autoencoder,2,alt_rate,0.005,11,5,3,climb,2298,6,1,1,True
lstm_autoencoder,2,alt_rate,0.005,11,5,3,cruise,6278,20,1,8,True
lstm_autoencoder,2,alt_rate,0.005,11,5,3,descent,5175,105,1,45,True
lstm_autoencoder,2,alt_rate,0.005,11,6,3,overall,11689,74,1,36,True
lstm_autoencoder,2,alt_rate,0.005,11,6,3,climb,1743,1,1,1,True
lstm_autoencoder,2,alt_rate,0.005,11,6,3,cruise,6205,6,1,4,True
lstm_autoencoder,2,alt_rate,0.005,11,6,3,descent,3741,67,1,31,True
lstm_autoencoder,2,alt_rate,0.005,11,7,3,overall,11007,34,1,14,True
lstm_autoencoder,2,alt_rate,0.005,11,7,3,climb,2930,7,1,1,True
lstm_autoencoder,2,alt_rate,0.005,11,7,3,cruise,3885,8,1,5,True
lstm_autoencoder,2,alt_rate,0.005,11,7,3,descent,4192,19,1,8,True
lstm_autoencoder,2,alt_rate,0.005,11,8,3,overall,8826,6,1,3,True
lstm_autoencoder,2,alt_rate,0.005,11,8,3,climb,4070,0,0,0,True
lstm_autoencoder,2,alt_rate,0.005,11,8,3,cruise,3030,0,0,0,True
lstm_autoencoder,2,alt_rate,0.005,11,8,3,descent,1726,6,1,3,True
lstm_autoencoder,2,alt_rate,0.005,11,9,3,overall,8928,20,1,8,True
lstm_autoencoder,2,alt_rate,0.005,11,9,3,climb,2568,2,1,2,True
lstm_autoencoder,2,alt_rate,0.005,11,9,3,cruise,3414,0,0,0,True
lstm_autoencoder,2,alt_rate,0.005,11,9,3,descent,2946,18,1,6,True
lstm_autoencoder,2,alt_rate,0.005,11,10,3,overall,13940,13,1,3,True
lstm_autoencoder,2,alt_rate,0.005,11,10,3,climb,4340,9,1,1,True
lstm_autoencoder,2,alt_rate,0.005,11,10,3,cruise,5054,0,0,0,True
lstm_autoencoder,2,alt_rate,0.005,11,10,3,descent,4546,4,1,2,True
lstm_autoencoder,2,alt_rate,0.005,11,11,3,overall,13751,122,1,45,True
lstm_autoencoder,2,alt_rate,0.005,11,11,3,climb,2298,6,1,1,True
lstm_autoencoder,2,alt_rate,0.005,11,11,3,cruise,6278,25,1,10,True
lstm_autoencoder,2,alt_rate,0.005,11,11,3,descent,5175,91,1,34,True
lstm_autoencoder,2,alt_rate,0.005,11,12,3,overall,14346,42,1,13,True
lstm_autoencoder,2,alt_rate,0.005,11,12,3,climb,3497,9,1,5,True
lstm_autoencoder,2,alt_rate,0.005,11,12,3,cruise,6768,0,0,0,True
lstm_autoencoder,2,alt_rate,0.005,11,12,3,descent,4081,33,1,8,True
lstm_autoencoder,2,alt_rate,0.005,11,13,3,overall,10704,31,1,9,True
lstm_autoencoder,2,alt_rate,0.005,11,13,3,climb,3236,11,1,1,True
lstm_autoencoder,2,alt_rate,0.005,11,13,3,cruise,4152,7,1,4,True
lstm_autoencoder,2,alt_rate,0.005,11,13,3,descent,3316,13,1,4,True
lstm_autoencoder,2,alt_rate,0.005,11,14,3,overall,11573,98,1,40,True
lstm_autoencoder,2,alt_rate,0.005,11,14,3,climb,3665,5,1,2,True
lstm_autoencoder,2,alt_rate,0.005,11,14,3,cruise,3719,2,1,2,True
lstm_autoencoder,2,alt_rate,0.005,11,14,3,descent,4189,91,1,36,True
lstm_autoencoder,2,alt_rate,0.005,11,15,3,overall,7701,239,1,28,True
lstm_autoencoder,2,alt_rate,0.005,11,15,3,climb,2453,4,1,2,True
lstm_autoencoder,2,alt_rate,0.005,11,15,3,cruise,1248,0,0,0,True
lstm_autoencoder,2,alt_rate,0.005,11,15,3,descent,4000,235,1,26,True
lstm_autoencoder,2,alt_rate,0.005,11,16,3,overall,11457,33,1,14,True
lstm_autoencoder,2,alt_rate,0.005,11,16,3,climb,3793,4,1,2,True
lstm_autoencoder,2,alt_rate,0.005,11,16,3,cruise,4388,0,0,0,True
lstm_autoencoder,2,alt_rate,0.005,11,16,3,descent,3276,29,1,12,True
lstm_autoencoder,2,alt_rate,0.005,11,17,3,overall,11457,42,1,15,True
lstm_autoencoder,2,alt_rate,0.005,11,17,3,climb,3793,4,1,2,True
lstm_autoencoder,2,alt_rate,0.005,11,17,3,cruise,4388,0,0,0,True
lstm_autoencoder,2,alt_rate,0.005,11,17,3,descent,3276,38,1,13,True
lstm_autoencoder,2,alt_rate,0.005,11,18,3,overall,12562,25,1,12,True
lstm_autoencoder,2,alt_rate,0.005,11,18,3,climb,5390,6,1,3,True
lstm_autoencoder,2,alt_rate,0.005,11,18,3,cruise,2282,0,0,0,True
lstm_autoencoder,2,alt_rate,0.005,11,18,3,descent,4890,19,1,9,True
lstm_autoencoder,2,alt_rate,0.005,14,1,1,overall,2551,11,1,2,False
lstm_autoencoder,2,alt_rate,0.005,14,1,1,climb,94,9,1,1,False
lstm_autoencoder,2,alt_rate,0.005,14,1,1,cruise,2339,0,0,0,False
lstm_autoencoder,2,alt_rate,0.005,14,1,1,descent,118,2,1,1,False
lstm_autoencoder,2,alt_rate,0.005,14,2,1,overall,1528,12,1,3,False
lstm_autoencoder,2,alt_rate,0.005,14,2,1,climb,495,8,1,1,False
lstm_autoencoder,2,alt_rate,0.005,14,2,1,cruise,475,0,0,0,False
lstm_autoencoder,2,alt_rate,0.005,14,2,1,descent,558,4,1,2,False
lstm_autoencoder,2,alt_rate,0.005,14,3,1,overall,1887,15,1,5,False
lstm_autoencoder,2,alt_rate,0.005,14,3,1,climb,262,0,0,0,False
lstm_autoencoder,2,alt_rate,0.005,14,3,1,cruise,1323,11,1,4,False
lstm_autoencoder,2,alt_rate,0.005,14,3,1,descent,302,4,1,1,False
lstm_autoencoder,2,alt_rate,0.005,14,4,1,overall,1303,64,1,11,False
lstm_autoencoder,2,alt_rate,0.005,14,4,1,climb,96,25,1,1,False
lstm_autoencoder,2,alt_rate,0.005,14,4,1,cruise,1050,38,1,9,False
lstm_autoencoder,2,alt_rate,0.005,14,4,1,descent,157,1,1,1,False
lstm_autoencoder,2,alt_rate,0.005,14,5,1,overall,2641,12,1,1,False
lstm_autoencoder,2,alt_rate,0.005,14,5,1,climb,1220,12,1,1,False
lstm_autoencoder,2,alt_rate,0.005,14,5,1,cruise,41,0,0,0,False
lstm_autoencoder,2,alt_rate,0.005,14,5,1,descent,1380,0,0,0,False
lstm_autoencoder,2,alt_rate,0.005,14,6,1,overall,2918,16,1,3,False
lstm_autoencoder,2,alt_rate,0.005,14,6,1,climb,265,13,1,1,False
lstm_autoencoder,2,alt_rate,0.005,14,6,1,cruise,1361,0,0,0,False
lstm_autoencoder,2,alt_rate,0.005,14,6,1,descent,1292,3,1,2,False
lstm_autoencoder,2,alt_rate,0.005,14,7,1,overall,1303,66,1,12,False
lstm_autoencoder,2,alt_rate,0.005,14,7,1,climb,96,25,1,1,False
lstm_autoencoder,2,alt_rate,0.005,14,7,1,cruise,1050,40,1,10,False
lstm_autoencoder,2,alt_rate,0.005,14,7,1,descent,157,1,1,1,False
lstm_autoencoder,2,alt_rate,0.005,14,8,1,overall,2551,11,1,2,False
lstm_autoencoder,2,alt_rate,0.005,14,8,1,climb,94,9,1,1,False
lstm_autoencoder,2,alt_rate,0.005,14,8,1,cruise,2339,0,0,0,False
lstm_autoencoder,2,alt_rate,0.005,14,8,1,descent,118,2,1,1,False
lstm_autoencoder,2,alt_rate,0.005,14,9,1,overall,1706,32,1,4,False
lstm_autoencoder,2,alt_rate,0.005,14,9,1,climb,33,1,1,1,False
lstm_autoencoder,2,alt_rate,0.005,14,9,1,cruise,59,0,0,0,False
lstm_autoencoder,2,alt_rate,0.005,14,9,1,descent,1614,31,1,3,False
lstm_autoencoder,2,alt_rate,0.005,14,10,1,overall,1706,32,1,4,False
lstm_autoencoder,2,alt_rate,0.005,14,10,1,climb,33,1,1,1,False
lstm_autoencoder,2,alt_rate,0.005,14,10,1,cruise,59,0,0,0,False
lstm_autoencoder,2,alt_rate,0.005,14,10,1,descent,1614,31,1,3,False
lstm_autoencoder,2,alt_rate,0.005,14,11,1,overall,2346,9,1,1,False
lstm_autoencoder,2,alt_rate,0.005,14,11,1,climb,539,9,1,1,False
lstm_autoencoder,2,alt_rate,0.005,14,11,1,cruise,891,0,0,0,False
lstm_autoencoder,2,alt_rate,0.005,14,11,1,descent,916,0,0,0,False
lstm_autoencoder,2,alt_rate,0.005,14,12,1,overall,2641,12,1,1,False
lstm_autoencoder,2,alt_rate,0.005,14,12,1,climb,1220,12,1,1,False
lstm_autoencoder,2,alt_rate,0.005,14,12,1,cruise,41,0,0,0,False
lstm_autoencoder,2,alt_rate,0.005,14,12,1,descent,1380,0,0,0,False
lstm_autoencoder,2,alt_rate,0.005,14,13,1,overall,1303,65,1,11,False
lstm_autoencoder,2,alt_rate,0.005,14,13,1,climb,96,25,1,1,False
lstm_autoencoder,2,alt_rate,0.005,14,13,1,cruise,1050,39,1,9,False
lstm_autoencoder,2,alt_rate,0.005,14,13,1,descent,157,1,1,1,False
lstm_autoencoder,2,alt_rate,0.005,14,14,1,overall,2629,0,0,0,False
lstm_autoencoder,2,alt_rate,0.005,14,14,1,climb,563,0,0,0,False
lstm_autoencoder,2,alt_rate,0.005,14,14,1,cruise,1152,0,0,0,False
lstm_autoencoder,2,alt_rate,0.005,14,14,1,descent,914,0,0,0,False
lstm_autoencoder,2,alt_rate,0.005,14,15,1,overall,1930,2,1,1,False
lstm_autoencoder,2,alt_rate,0.005,14,15,1,climb,545,2,1,1,False
lstm_autoencoder,2,alt_rate,0.005,14,15,1,cruise,661,0,0,0,False
lstm_autoencoder,2,alt_rate,0.005,14,15,1,descent,724,0,0,0,False
lstm_autoencoder,2,alt_rate,0.005,14,16,1,overall,1528,12,1,3,False
lstm_autoencoder,2,alt_rate,0.005,14,16,1,climb,495,8,1,1,False
lstm_autoencoder,2,alt_rate,0.005,14,16,1,cruise,475,0,0,0,False
lstm_autoencoder,2,alt_rate,0.005,14,16,1,descent,558,4,1,2,False
lstm_autoencoder,2,alt_rate,0.005,14,17,1,overall,2641,12,1,1,False
lstm_autoencoder,2,alt_rate,0.005,14,17,1,climb,1220,12,1,1,False
lstm_autoencoder,2,alt_rate,0.005,14,17,1,cruise,41,0,0,0,False
lstm_autoencoder,2,alt_rate,0.005,14,17,1,descent,1380,0,0,0,False
lstm_autoencoder,2,alt_rate,0.005,14,18,1,overall,2629,0,0,0,False
lstm_autoencoder,2,alt_rate,0.005,14,18,1,climb,563,0,0,0,False
lstm_autoencoder,2,alt_rate,0.005,14,18,1,cruise,1152,0,0,0,False
lstm_autoencoder,2,alt_rate,0.005,14,18,1,descent,914,0,0,0,False
lstm_autoencoder,2,alt_rate,0.005,14,19,1,overall,1706,32,1,4,False
lstm_autoencoder,2,alt_rate,0.005,14,19,1,climb,33,1,1,1,False
lstm_autoencoder,2,alt_rate,0.005,14,19,1,cruise,59,0,0,0,False
lstm_autoencoder,2,alt_rate,0.005,14,19,1,descent,1614,31,1,3,False
lstm_autoencoder,2,alt_rate,0.005,14,20,1,overall,2629,0,0,0,False
lstm_autoencoder,2,alt_rate,0.005,14,20,1,climb,563,0,0,0,False
lstm_autoencoder,2,alt_rate,0.005,14,20,1,cruise,1152,0,0,0,False
lstm_autoencoder,2,alt_rate,0.005,14,20,1,descent,914,0,0,0,False
lstm_autoencoder,2,alt_rate,0.005,14,21,1,overall,1706,32,1,4,False
lstm_autoencoder,2,alt_rate,0.005,14,21,1,climb,33,1,1,1,False
lstm_autoencoder,2,alt_rate,0.005,14,21,1,cruise,59,0,0,0,False
lstm_autoencoder,2,alt_rate,0.005,14,21,1,descent,1614,31,1,3,False
lstm_autoencoder,2,alt_rate,0.005,14,22,1,overall,1887,16,1,5,False
lstm_autoencoder,2,alt_rate,0.005,14,22,1,climb,262,0,0,0,False
lstm_autoencoder,2,alt_rate,0.005,14,22,1,cruise,1323,12,1,4,False
lstm_autoencoder,2,alt_rate,0.005,14,22,1,descent,302,4,1,1,False
lstm_autoencoder,2,alt_rate,0.005,14,23,1,overall,2629,0,0,0,False
lstm_autoencoder,2,alt_rate,0.005,14,23,1,climb,563,0,0,0,False
lstm_autoencoder,2,alt_rate,0.005,14,23,1,cruise,1152,0,0,0,False
lstm_autoencoder,2,alt_rate,0.005,14,23,1,descent,914,0,0,0,False
lstm_autoencoder,2,alt_rate,0.005,14,24,1,overall,2641,12,1,1,False
lstm_autoencoder,2,alt_rate,0.005,14,24,1,climb,1220,12,1,1,False
lstm_autoencoder,2,alt_rate,0.005,14,24,1,cruise,41,0,0,0,False
lstm_autoencoder,2,alt_rate,0.005,14,24,1,descent,1380,0,0,0,False
lstm_autoencoder,2,alt_rate,0.005,14,25,1,overall,2551,11,1,2,False
lstm_autoencoder,2,alt_rate,0.005,14,25,1,climb,94,9,1,1,False
lstm_autoencoder,2,alt_rate,0.005,14,25,1,cruise,2339,0,0,0,False
lstm_autoencoder,2,alt_rate,0.005,14,25,1,descent,118,2,1,1,False
lstm_autoencoder,2,alt_rate,0.005,14,26,1,overall,2034,5,1,4,False
lstm_autoencoder,2,alt_rate,0.005,14,26,1,climb,129,3,1,3,False
lstm_autoencoder,2,alt_rate,0.005,14,26,1,cruise,1107,0,0,0,False
lstm_autoencoder,2,alt_rate,0.005,14,26,1,descent,798,2,1,1,False
lstm_autoencoder,2,alt_rate,0.005,14,27,1,overall,1887,15,1,5,False
lstm_autoencoder,2,alt_rate,0.005,14,27,1,climb,262,0,0,0,False
lstm_autoencoder,2,alt_rate,0.005,14,27,1,cruise,1323,11,1,4,False
lstm_autoencoder,2,alt_rate,0.005,14,27,1,descent,302,4,1,1,False
lstm_autoencoder,2,alt_rate,0.005,14,28,1,overall,2629,0,0,0,False
lstm_autoencoder,2,alt_rate,0.005,14,28,1,climb,563,0,0,0,False
lstm_autoencoder,2,alt_rate,0.005,14,28,1,cruise,1152,0,0,0,False
lstm_autoencoder,2,alt_rate,0.005,14,28,1,descent,914,0,0,0,False
lstm_autoencoder,2,alt_rate,0.005,14,29,1,overall,1887,20,1,5,False
lstm_autoencoder,2,alt_rate,0.005,14,29,1,climb,262,0,0,0,False
lstm_autoencoder,2,alt_rate,0.005,14,29,1,cruise,1323,14,1,4,False
lstm_autoencoder,2,alt_rate,0.005,14,29,1,descent,302,6,1,1,False
lstm_autoencoder,2,alt_rate,0.005,14,30,1,overall,1528,12,1,3,False
lstm_autoencoder,2,alt_rate,0.005,14,30,1,climb,495,8,1,1,False
lstm_autoencoder,2,alt_rate,0.005,14,30,1,cruise,475,0,0,0,False
lstm_autoencoder,2,alt_rate,0.005,14,30,1,descent,558,4,1,2,False
lstm_autoencoder,2,alt_rate,0.005,14,31,1,overall,2629,1,1,1,False
lstm_autoencoder,2,alt_rate,0.005,14,31,1,climb,563,0,0,0,False
lstm_autoencoder,2,alt_rate,0.005,14,31,1,cruise,1152,0,0,0,False
lstm_autoencoder,2,alt_rate,0.005,14,31,1,descent,914,1,1,1,False
lstm_autoencoder,2,alt_rate,0.005,14,32,1,overall,1006,1,1,1,False
lstm_autoencoder,2,alt_rate,0.005,14,32,1,climb,330,1,1,1,False
lstm_autoencoder,2,alt_rate,0.005,14,32,1,cruise,232,0,0,0,False
lstm_autoencoder,2,alt_rate,0.005,14,32,1,descent,444,0,0,0,False
lstm_autoencoder,2,alt_rate,0.005,14,33,1,overall,1528,12,1,3,False
lstm_autoencoder,2,alt_rate,0.005,14,33,1,climb,495,8,1,1,False
lstm_autoencoder,2,alt_rate,0.005,14,33,1,cruise,475,0,0,0,False
lstm_autoencoder,2,alt_rate,0.005,14,33,1,descent,558,4,1,2,False
lstm_autoencoder,2,alt_rate,0.005,14,34,1,overall,1944,7,1,4,False
lstm_autoencoder,2,alt_rate,0.005,14,34,1,climb,164,0,0,0,False
lstm_autoencoder,2,alt_rate,0.005,14,34,1,cruise,1524,0,0,0,False
lstm_autoencoder,2,alt_rate,0.005,14,34,1,descent,256,7,1,4,False
lstm_autoencoder,2,alt_rate,0.005,14,35,1,overall,1706,32,1,4,False
lstm_autoencoder,2,alt_rate,0.005,14,35,1,climb,33,1,1,1,False
lstm_autoencoder,2,alt_rate,0.005,14,35,1,cruise,59,0,0,0,False
lstm_autoencoder,2,alt_rate,0.005,14,35,1,descent,1614,31,1,3,False
lstm_autoencoder,2,alt_rate,0.005,15,1,2,overall,2669,2,1,2,False
lstm_autoencoder,2,alt_rate,0.005,15,1,2,climb,705,0,0,0,False
lstm_autoencoder,2,alt_rate,0.005,15,1,2,cruise,555,0,0,0,False
lstm_autoencoder,2,alt_rate,0.005,15,1,2,descent,1409,2,1,2,False
lstm_autoencoder,2,alt_rate,0.005,15,2,2,overall,7711,19,1,3,False
lstm_autoencoder,2,alt_rate,0.005,15,2,2,climb,1947,19,1,3,False
lstm_autoencoder,2,alt_rate,0.005,15,2,2,cruise,3098,0,0,0,False
lstm_autoencoder,2,alt_rate,0.005,15,2,2,descent,2666,0,0,0,False
lstm_autoencoder,2,alt_rate,0.005,15,3,2,overall,5503,45,1,16,False
lstm_autoencoder,2,alt_rate,0.005,15,3,2,climb,3076,7,1,1,False
lstm_autoencoder,2,alt_rate,0.005,15,3,2,cruise,995,0,0,0,False
lstm_autoencoder,2,alt_rate,0.005,15,3,2,descent,1432,38,1,15,False
lstm_autoencoder,2,alt_rate,0.005,15,4,2,overall,6372,28,1,2,False
lstm_autoencoder,2,alt_rate,0.005,15,4,2,climb,2890,26,1,1,False
lstm_autoencoder,2,alt_rate,0.005,15,4,2,cruise,2106,0,0,0,False
lstm_autoencoder,2,alt_rate,0.005,15,4,2,descent,1376,2,1,1,False
lstm_autoencoder,2,alt_rate,0.005,15,5,2,overall,6075,7,1,1,False
lstm_autoencoder,2,alt_rate,0.005,15,5,2,climb,1898,7,1,1,False
lstm_autoencoder,2,alt_rate,0.005,15,5,2,cruise,2050,0,0,0,False
lstm_autoencoder,2,alt_rate,0.005,15,5,2,descent,2127,0,0,0,False
lstm_autoencoder,2,alt_rate,0.005,15,6,2,overall,9157,74,1,22,False
lstm_autoencoder,2,alt_rate,0.005,15,6,2,climb,3768,4,1,1,False
lstm_autoencoder,2,alt_rate,0.005,15,6,2,cruise,2226,0,0,0,False
lstm_autoencoder,2,alt_rate,0.005,15,6,2,descent,3163,70,1,21,False
lstm_autoencoder,2,alt_rate,0.005,15,7,2,overall,5892,30,1,7,False
lstm_autoencoder,2,alt_rate,0.005,15,7,2,climb,3460,6,1,2,False
lstm_autoencoder,2,alt_rate,0.005,15,7,2,cruise,1497,0,0,0,False
lstm_autoencoder,2,alt_rate,0.005,15,7,2,descent,935,24,1,5,False
lstm_autoencoder,2,alt_rate,0.005,15,8,2,overall,4015,7,1,1,False
lstm_autoencoder,2,alt_rate,0.005,15,8,2,climb,913,7,1,1,False
lstm_autoencoder,2,alt_rate,0.005,15,8,2,cruise,973,0,0,0,False
lstm_autoencoder,2,alt_rate,0.005,15,8,2,descent,2129,0,0,0,False
lstm_autoencoder,2,alt_rate,0.005,15,9,2,overall,8714,100,1,34,False
lstm_autoencoder,2,alt_rate,0.005,15,9,2,climb,2654,9,1,1,False
lstm_autoencoder,2,alt_rate,0.005,15,9,2,cruise,4350,10,1,5,False
lstm_autoencoder,2,alt_rate,0.005,15,9,2,descent,1710,81,1,28,False
lstm_autoencoder,2,alt_rate,0.005,15,10,2,overall,5218,6,1,1,False
lstm_autoencoder,2,alt_rate,0.005,15,10,2,climb,2880,6,1,1,False
lstm_autoencoder,2,alt_rate,0.005,15,10,2,cruise,758,0,0,0,False
lstm_autoencoder,2,alt_rate,0.005,15,10,2,descent,1580,0,0,0,False
lstm_autoencoder,2,alt_rate,0.005,15,11,2,overall,6001,43,1,5,False
lstm_autoencoder,2,alt_rate,0.005,15,11,2,climb,2567,8,1,1,False
lstm_autoencoder,2,alt_rate,0.005,15,11,2,cruise,1521,0,0,0,False
lstm_autoencoder,2,alt_rate,0.005,15,11,2,descent,1913,35,1,4,False
lstm_autoencoder,2,alt_rate,0.005,15,12,2,overall,8363,4,1,2,False
lstm_autoencoder,2,alt_rate,0.005,15,12,2,climb,2146,3,1,1,False
lstm_autoencoder,2,alt_rate,0.005,15,12,2,cruise,2656,0,0,0,False
lstm_autoencoder,2,alt_rate,0.005,15,12,2,descent,3561,1,1,1,False
lstm_autoencoder,2,alt_rate,0.005,15,13,2,overall,5761,1,1,1,False
lstm_autoencoder,2,alt_rate,0.005,15,13,2,climb,1955,1,1,1,False
lstm_autoencoder,2,alt_rate,0.005,15,13,2,cruise,2104,0,0,0,False
lstm_autoencoder,2,alt_rate,0.005,15,13,2,descent,1702,0,0,0,False
lstm_autoencoder,2,alt_rate,0.005,15,14,2,overall,6942,10,1,1,False
lstm_autoencoder,2,alt_rate,0.005,15,14,2,climb,2466,10,1,1,False
lstm_autoencoder,2,alt_rate,0.005,15,14,2,cruise,2580,0,0,0,False
lstm_autoencoder,2,alt_rate,0.005,15,14,2,descent,1896,0,0,0,False
lstm_autoencoder,2,alt_rate,0.005,15,15,2,overall,8154,32,1,12,False
lstm_autoencoder,2,alt_rate,0.005,15,15,2,climb,2342,6,1,1,False
lstm_autoencoder,2,alt_rate,0.005,15,15,2,cruise,2353,3,1,3,False
lstm_autoencoder,2,alt_rate,0.005,15,15,2,descent,3459,23,1,8,False
lstm_autoencoder,2,alt_rate,0.005,15,16,2,overall,5218,6,1,1,False
lstm_autoencoder,2,alt_rate,0.005,15,16,2,climb,2880,6,1,1,False
lstm_autoencoder,2,alt_rate,0.005,15,16,2,cruise,758,0,0,0,False
lstm_autoencoder,2,alt_rate,0.005,15,16,2,descent,1580,0,0,0,False
lstm_autoencoder,2,alt_rate,0.005,15,17,2,overall,5804,2,1,1,False
lstm_autoencoder,2,alt_rate,0.005,15,17,2,climb,2122,2,1,1,False
lstm_autoencoder,2,alt_rate,0.005,15,17,2,cruise,1784,0,0,0,False
lstm_autoencoder,2,alt_rate,0.005,15,17,2,descent,1898,0,0,0,False
lstm_autoencoder,2,alt_rate,0.005,15,18,2,overall,8154,27,1,12,False
lstm_autoencoder,2,alt_rate,0.005,15,18,2,climb,2342,7,1,1,False
lstm_autoencoder,2,alt_rate,0.005,15,18,2,cruise,2353,1,1,1,False
lstm_autoencoder,2,alt_rate,0.005,15,18,2,descent,3459,19,1,10,False
lstm_autoencoder,2,alt_rate,0.005,15,19,2,overall,6782,95,1,44,False
lstm_autoencoder,2,alt_rate,0.005,15,19,2,climb,3211,8,1,1,False
lstm_autoencoder,2,alt_rate,0.005,15,19,2,cruise,567,1,1,1,False
lstm_autoencoder,2,alt_rate,0.005,15,19,2,descent,3004,86,1,42,False
lstm_autoencoder,2,alt_rate,0.005,15,20,2,overall,6265,1,1,1,False
lstm_autoencoder,2,alt_rate,0.005,15,20,2,climb,1427,0,0,0,False
lstm_autoencoder,2,alt_rate,0.005,15,20,2,cruise,2185,0,0,0,False
lstm_autoencoder,2,alt_rate,0.005,15,20,2,descent,2653,1,1,1,False
lstm_autoencoder,2,alt_rate,0.005,15,21,2,overall,6381,1,1,1,False
lstm_autoencoder,2,alt_rate,0.005,15,21,2,climb,1431,0,0,0,False
lstm_autoencoder,2,alt_rate,0.005,15,21,2,cruise,1684,0,0,0,False
lstm_autoencoder,2,alt_rate,0.005,15,21,2,descent,3266,1,1,1,False
lstm_autoencoder,2,alt_rate,0.005,15,22,2,overall,5501,64,1,29,False
lstm_autoencoder,2,alt_rate,0.005,15,22,2,climb,2711,9,1,7,False
lstm_autoencoder,2,alt_rate,0.005,15,22,2,cruise,1270,0,0,0,False
lstm_autoencoder,2,alt_rate,0.005,15,22,2,descent,1520,55,1,22,False
lstm_autoencoder,2,alt_rate,0.005,15,23,2,overall,6887,9,1,1,False
lstm_autoencoder,2,alt_rate,0.005,15,23,2,climb,2052,9,1,1,False
lstm_autoencoder,2,alt_rate,0.005,15,23,2,cruise,2880,0,0,0,False
lstm_autoencoder,2,alt_rate,0.005,15,23,2,descent,1955,0,0,0,False
lstm_autoencoder,2,alt_rate,0.01,11,1,3,overall,11007,54,1,17,True
lstm_autoencoder,2,alt_rate,0.01,11,1,3,climb,2930,9,1,1,True
lstm_autoencoder,2,alt_rate,0.01,11,1,3,cruise,3885,11,1,5,True
lstm_autoencoder,2,alt_rate,0.01,11,1,3,descent,4192,34,1,11,True
lstm_autoencoder,2,alt_rate,0.01,11,2,3,overall,17636,97,1,28,True
lstm_autoencoder,2,alt_rate,0.01,11,2,3,climb,3879,10,1,1,True
lstm_autoencoder,2,alt_rate,0.01,11,2,3,cruise,9869,28,1,8,True
lstm_autoencoder,2,alt_rate,0.01,11,2,3,descent,3888,59,1,19,True
lstm_autoencoder,2,alt_rate,0.01,11,3,3,overall,9831,350,1,34,True
lstm_autoencoder,2,alt_rate,0.01,11,3,3,climb,2327,17,1,1,True
lstm_autoencoder,2,alt_rate,0.01,11,3,3,cruise,2755,15,1,5,True
lstm_autoencoder,2,alt_rate,0.01,11,3,3,descent,4749,318,1,28,True
lstm_autoencoder,2,alt_rate,0.01,11,4,3,overall,13140,72,1,20,True
lstm_autoencoder,2,alt_rate,0.01,11,4,3,climb,3297,13,1,4,True
lstm_autoencoder,2,alt_rate,0.01,11,4,3,cruise,6273,0,0,0,True
lstm_autoencoder,2,alt_rate,0.01,11,4,3,descent,3570,59,1,16,True
lstm_autoencoder,2,alt_rate,0.01,11,5,3,overall,13751,203,1,40,True
lstm_autoencoder,2,alt_rate,0.01,11,5,3,climb,2298,8,1,1,True
lstm_autoencoder,2,alt_rate,0.01,11,5,3,cruise,6278,25,1,6,True
lstm_autoencoder,2,alt_rate,0.01,11,5,3,descent,5175,170,1,33,True
lstm_autoencoder,2,alt_rate,0.01,11,6,3,overall,11689,121,1,42,True
lstm_autoencoder,2,alt_rate,0.01,11,6,3,climb,1743,3,1,2,True
lstm_autoencoder,2,alt_rate,0.01,11,6,3,cruise,6205,16,1,8,True
lstm_autoencoder,2,alt_rate,0.01,11,6,3,descent,3741,102,1,32,True
lstm_autoencoder,2,alt_rate,0.01,11,7,3,overall,11007,62,1,18,True
lstm_autoencoder,2,alt_rate,0.01,11,7,3,climb,2930,9,1,1,True
lstm_autoencoder,2,alt_rate,0.01,11,7,3,cruise,3885,12,1,5,True
lstm_autoencoder,2,alt_rate,0.01,11,7,3,descent,4192,41,1,12,True
lstm_autoencoder,2,alt_rate,0.01,11,8,3,overall,8826,19,1,11,True
lstm_autoencoder,2,alt_rate,0.01,11,8,3,climb,4070,0,0,0,True
lstm_autoencoder,2,alt_rate,0.01,11,8,3,cruise,3030,0,0,0,True
lstm_autoencoder,2,alt_rate,0.01,11,8,3,descent,1726,19,1,11,True
lstm_autoencoder,2,alt_rate,0.01,11,9,3,overall,8928,46,1,14,True
lstm_autoencoder,2,alt_rate,0.01,11,9,3,climb,2568,3,1,2,True
lstm_autoencoder,2,alt_rate,0.01,11,9,3,cruise,3414,0,0,0,True
lstm_autoencoder,2,alt_rate,0.01,11,9,3,descent,2946,43,1,12,True
lstm_autoencoder,2,alt_rate,0.01,11,10,3,overall,13940,130,1,9,True
lstm_autoencoder,2,alt_rate,0.01,11,10,3,climb,4340,12,1,1,True
lstm_autoencoder,2,alt_rate,0.01,11,10,3,cruise,5054,0,0,0,True
lstm_autoencoder,2,alt_rate,0.01,11,10,3,descent,4546,118,1,8,True
lstm_autoencoder,2,alt_rate,0.01,11,11,3,overall,13751,183,1,32,True
lstm_autoencoder,2,alt_rate,0.01,11,11,3,climb,2298,8,1,1,True
lstm_autoencoder,2,alt_rate,0.01,11,11,3,cruise,6278,33,1,7,True
lstm_autoencoder,2,alt_rate,0.01,11,11,3,descent,5175,142,1,24,True
lstm_autoencoder,2,alt_rate,0.01,11,12,3,overall,14346,59,1,17,True
lstm_autoencoder,2,alt_rate,0.01,11,12,3,climb,3497,19,1,8,True
lstm_autoencoder,2,alt_rate,0.01,11,12,3,cruise,6768,2,1,2,True
lstm_autoencoder,2,alt_rate,0.01,11,12,3,descent,4081,38,1,7,True
lstm_autoencoder,2,alt_rate,0.01,11,13,3,overall,10704,50,1,13,True
lstm_autoencoder,2,alt_rate,0.01,11,13,3,climb,3236,13,1,1,True
lstm_autoencoder,2,alt_rate,0.01,11,13,3,cruise,4152,11,1,6,True
lstm_autoencoder,2,alt_rate,0.01,11,13,3,descent,3316,26,1,6,True
lstm_autoencoder,2,alt_rate,0.01,11,14,3,overall,11573,131,1,27,True
lstm_autoencoder,2,alt_rate,0.01,11,14,3,climb,3665,7,1,1,True
lstm_autoencoder,2,alt_rate,0.01,11,14,3,cruise,3719,2,1,2,True
lstm_autoencoder,2,alt_rate,0.01,11,14,3,descent,4189,122,1,24,True
lstm_autoencoder,2,alt_rate,0.01,11,15,3,overall,7701,419,1,27,True
lstm_autoencoder,2,alt_rate,0.01,11,15,3,climb,2453,10,1,2,True
lstm_autoencoder,2,alt_rate,0.01,11,15,3,cruise,1248,0,0,0,True
lstm_autoencoder,2,alt_rate,0.01,11,15,3,descent,4000,409,1,25,True
lstm_autoencoder,2,alt_rate,0.01,11,16,3,overall,11457,58,1,22,True
lstm_autoencoder,2,alt_rate,0.01,11,16,3,climb,3793,6,1,1,True
lstm_autoencoder,2,alt_rate,0.01,11,16,3,cruise,4388,0,0,0,True
lstm_autoencoder,2,alt_rate,0.01,11,16,3,descent,3276,52,1,21,True
lstm_autoencoder,2,alt_rate,0.01,11,17,3,overall,11457,67,1,18,True
lstm_autoencoder,2,alt_rate,0.01,11,17,3,climb,3793,6,1,1,True
lstm_autoencoder,2,alt_rate,0.01,11,17,3,cruise,4388,0,0,0,True
lstm_autoencoder,2,alt_rate,0.01,11,17,3,descent,3276,61,1,17,True
lstm_autoencoder,2,alt_rate,0.01,11,18,3,overall,12562,46,1,14,True
lstm_autoencoder,2,alt_rate,0.01,11,18,3,climb,5390,9,1,1,True
lstm_autoencoder,2,alt_rate,0.01,11,18,3,cruise,2282,0,0,0,True
lstm_autoencoder,2,alt_rate,0.01,11,18,3,descent,4890,37,1,13,True
lstm_autoencoder,2,alt_rate,0.01,14,1,1,overall,2551,16,1,4,False
lstm_autoencoder,2,alt_rate,0.01,14,1,1,climb,94,12,1,1,False
lstm_autoencoder,2,alt_rate,0.01,14,1,1,cruise,2339,1,1,1,False
lstm_autoencoder,2,alt_rate,0.01,14,1,1,descent,118,3,1,2,False
lstm_autoencoder,2,alt_rate,0.01,14,2,1,overall,1528,53,1,13,False
lstm_autoencoder,2,alt_rate,0.01,14,2,1,climb,495,10,1,1,False
lstm_autoencoder,2,alt_rate,0.01,14,2,1,cruise,475,0,0,0,False
lstm_autoencoder,2,alt_rate,0.01,14,2,1,descent,558,43,1,12,False
lstm_autoencoder,2,alt_rate,0.01,14,3,1,overall,1887,32,1,5,False
lstm_autoencoder,2,alt_rate,0.01,14,3,1,climb,262,0,0,0,False
lstm_autoencoder,2,alt_rate,0.01,14,3,1,cruise,1323,22,1,4,False
lstm_autoencoder,2,alt_rate,0.01,14,3,1,descent,302,10,1,1,False
lstm_autoencoder,2,alt_rate,0.01,14,4,1,overall,1303,125,1,16,False
lstm_autoencoder,2,alt_rate,0.01,14,4,1,climb,96,26,1,1,False
lstm_autoencoder,2,alt_rate,0.01,14,4,1,cruise,1050,93,1,13,False
lstm_autoencoder,2,alt_rate,0.01,14,4,1,descent,157,6,1,2,False
lstm_autoencoder,2,alt_rate,0.01,14,5,1,overall,2641,17,1,2,False
lstm_autoencoder,2,alt_rate,0.01,14,5,1,climb,1220,17,1,2,False
lstm_autoencoder,2,alt_rate,0.01,14,5,1,cruise,41,0,0,0,False
lstm_autoencoder,2,alt_rate,0.01,14,5,1,descent,1380,0,0,0,False
lstm_autoencoder,2,alt_rate,0.01,14,6,1,overall,2918,26,1,4,False
lstm_autoencoder,2,alt_rate,0.01,14,6,1,climb,265,15,1,1,False
lstm_autoencoder,2,alt_rate,0.01,14,6,1,cruise,1361,0,0,0,False
lstm_autoencoder,2,alt_rate,0.01,14,6,1,descent,1292,11,1,3,False
lstm_autoencoder,2,alt_rate,0.01,14,7,1,overall,1303,127,1,16,False
lstm_autoencoder,2,alt_rate,0.01,14,7,1,climb,96,26,1,1,False
lstm_autoencoder,2,alt_rate,0.01,14,7,1,cruise,1050,95,1,13,False
lstm_autoencoder,2,alt_rate,0.01,14,7,1,descent,157,6,1,2,False
lstm_autoencoder,2,alt_rate,0.01,14,8,1,overall,2551,15,1,3,False
lstm_autoencoder,2,alt_rate,0.01,14,8,1,climb,94,12,1,1,False
lstm_autoencoder,2,alt_rate,0.01,14,8,1,cruise,2339,0,0,0,False
lstm_autoencoder,2,alt_rate,0.01,14,8,1,descent,118,3,1,2,False
lstm_autoencoder,2,alt_rate,0.01,14,9,1,overall,1706,37,1,4,False
lstm_autoencoder,2,alt_rate,0.01,14,9,1,climb,33,4,1,1,False
lstm_autoencoder,2,alt_rate,0.01,14,9,1,cruise,59,0,0,0,False
lstm_autoencoder,2,alt_rate,0.01,14,9,1,descent,1614,33,1,3,False
lstm_autoencoder,2,alt_rate,0.01,14,10,1,overall,1706,37,1,4,False
lstm_autoencoder,2,alt_rate,0.01,14,10,1,climb,33,4,1,1,False
lstm_autoencoder,2,alt_rate,0.01,14,10,1,cruise,59,0,0,0,False
lstm_autoencoder,2,alt_rate,0.01,14,10,1,descent,1614,33,1,3,False
lstm_autoencoder,2,alt_rate,0.01,14,11,1,overall,2346,14,1,1,False
lstm_autoencoder,2,alt_rate,0.01,14,11,1,climb,539,14,1,1,False
lstm_autoencoder,2,alt_rate,0.01,14,11,1,cruise,891,0,0,0,False
lstm_autoencoder,2,alt_rate,0.01,14,11,1,descent,916,0,0,0,False
lstm_autoencoder,2,alt_rate,0.01,14,12,1,overall,2641,17,1,2,False
lstm_autoencoder,2,alt_rate,0.01,14,12,1,climb,1220,17,1,2,False
lstm_autoencoder,2,alt_rate,0.01,14,12,1,cruise,41,0,0,0,False
lstm_autoencoder,2,alt_rate,0.01,14,12,1,descent,1380,0,0,0,False
lstm_autoencoder,2,alt_rate,0.01,14,13,1,overall,1303,131,1,18,False
lstm_autoencoder,2,alt_rate,0.01,14,13,1,climb,96,26,1,1,False
lstm_autoencoder,2,alt_rate,0.01,14,13,1,cruise,1050,99,1,15,False
lstm_autoencoder,2,alt_rate,0.01,14,13,1,descent,157,6,1,2,False
lstm_autoencoder,2,alt_rate,0.01,14,14,1,overall,2629,24,1,11,False
lstm_autoencoder,2,alt_rate,0.01,14,14,1,climb,563,0,0,0,False
lstm_autoencoder,2,alt_rate,0.01,14,14,1,cruise,1152,0,0,0,False
lstm_autoencoder,2,alt_rate,0.01,14,14,1,descent,914,24,1,11,False
lstm_autoencoder,2,alt_rate,0.01,14,15,1,overall,1930,4,1,3,False
lstm_autoencoder,2,alt_rate,0.01,14,15,1,climb,545,3,1,2,False
lstm_autoencoder,2,alt_rate,0.01,14,15,1,cruise,661,0,0,0,False
lstm_autoencoder,2,alt_rate,0.01,14,15,1,descent,724,1,1,1,False
lstm_autoencoder,2,alt_rate,0.01,14,16,1,overall,1528,60,1,14,False
lstm_autoencoder,2,alt_rate,0.01,14,16,1,climb,495,10,1,1,False
lstm_autoencoder,2,alt_rate,0.01,14,16,1,cruise,475,0,0,0,False
lstm_autoencoder,2,alt_rate,0.01,14,16,1,descent,558,50,1,13,False
lstm_autoencoder,2,alt_rate,0.01,14,17,1,overall,2641,17,1,2,False
lstm_autoencoder,2,alt_rate,0.01,14,17,1,climb,1220,17,1,2,False
lstm_autoencoder,2,alt_rate,0.01,14,17,1,cruise,41,0,0,0,False
lstm_autoencoder,2,alt_rate,0.01,14,17,1,descent,1380,0,0,0,False
lstm_autoencoder,2,alt_rate,0.01,14,18,1,overall,2629,9,1,5,False
lstm_autoencoder,2,alt_rate,0.01,14,18,1,climb,563,0,0,0,False
lstm_autoencoder,2,alt_rate,0.01,14,18,1,cruise,1152,0,0,0,False
lstm_autoencoder,2,alt_rate,0.01,14,18,1,descent,914,9,1,5,False
lstm_autoencoder,2,alt_rate,0.01,14,19,1,overall,1706,37,1,4,False
lstm_autoencoder,2,alt_rate,0.01,14,19,1,climb,33,4,1,1,False
lstm_autoencoder,2,alt_rate,0.01,14,19,1,cruise,59,0,0,0,False
lstm_autoencoder,2,alt_rate,0.01,14,19,1,descent,1614,33,1,3,False
lstm_autoencoder,2,alt_rate,0.01,14,20,1,overall,2629,17,1,8,False
lstm_autoencoder,2,alt_rate,0.01,14,20,1,climb,563,0,0,0,False
lstm_autoencoder,2,alt_rate,0.01,14,20,1,cruise,1152,0,0,0,False
lstm_autoencoder,2,alt_rate,0.01,14,20,1,descent,914,17,1,8,False
lstm_autoencoder,2,alt_rate,0.01,14,21,1,overall,1706,37,1,4,False
lstm_autoencoder,2,alt_rate,0.01,14,21,1,climb,33,4,1,1,False
lstm_autoencoder,2,alt_rate,0.01,14,21,1,cruise,59,0,0,0,False
lstm_autoencoder,2,alt_rate,0.01,14,21,1,descent,1614,33,1,3,False
lstm_autoencoder,2,alt_rate,0.01,14,22,1,overall,1887,35,1,6,False
lstm_autoencoder,2,alt_rate,0.01,14,22,1,climb,262,0,0,0,False
lstm_autoencoder,2,alt_rate,0.01,14,22,1,cruise,1323,25,1,5,False
lstm_autoencoder,2,alt_rate,0.01,14,22,1,descent,302,10,1,1,False
lstm_autoencoder,2,alt_rate,0.01,14,23,1,overall,2629,22,1,12,False
lstm_autoencoder,2,alt_rate,0.01,14,23,1,climb,563,0,0,0,False
lstm_autoencoder,2,alt_rate,0.01,14,23,1,cruise,1152,0,0,0,False
lstm_autoencoder,2,alt_rate,0.01,14,23,1,descent,914,22,1,12,False
lstm_autoencoder,2,alt_rate,0.01,14,24,1,overall,2641,18,1,1,False
lstm_autoencoder,2,alt_rate,0.01,14,24,1,climb,1220,18,1,1,False
lstm_autoencoder,2,alt_rate,0.01,14,24,1,cruise,41,0,0,0,False
lstm_autoencoder,2,alt_rate,0.01,14,24,1,descent,1380,0,0,0,False
lstm_autoencoder,2,alt_rate,0.01,14,25,1,overall,2551,18,1,4,False
lstm_autoencoder,2,alt_rate,0.01,14,25,1,climb,94,14,1,1,False
lstm_autoencoder,2,alt_rate,0.01,14,25,1,cruise,2339,1,1,1,False
lstm_autoencoder,2,alt_rate,0.01,14,25,1,descent,118,3,1,2,False
lstm_autoencoder,2,alt_rate,0.01,14,26,1,overall,2034,17,1,6,False
lstm_autoencoder,2,alt_rate,0.01,14,26,1,climb,129,11,1,3,False
lstm_autoencoder,2,alt_rate,0.01,14,26,1,cruise,1107,1,1,1,False
lstm_autoencoder,2,alt_rate,0.01,14,26,1,descent,798,5,1,2,False
lstm_autoencoder,2,alt_rate,0.01,14,27,1,overall,1887,32,1,6,False
lstm_autoencoder,2,alt_rate,0.01,14,27,1,climb,262,0,0,0,False
lstm_autoencoder,2,alt_rate,0.01,14,27,1,cruise,1323,22,1,5,False
lstm_autoencoder,2,alt_rate,0.01,14,27,1,descent,302,10,1,1,False
lstm_autoencoder,2,alt_rate,0.01,14,28,1,overall,2629,36,1,4,False
lstm_autoencoder,2,alt_rate,0.01,14,28,1,climb,563,0,0,0,False
lstm_autoencoder,2,alt_rate,0.01,14,28,1,cruise,1152,0,0,0,False
lstm_autoencoder,2,alt_rate,0.01,14,28,1,descent,914,36,1,4,False
lstm_autoencoder,2,alt_rate,0.01,14,29,1,overall,1887,37,1,7,False
lstm_autoencoder,2,alt_rate,0.01,14,29,1,climb,262,1,1,1,False
lstm_autoencoder,2,alt_rate,0.01,14,29,1,cruise,1323,25,1,5,False
lstm_autoencoder,2,alt_rate,0.01,14,29,1,descent,302,11,1,1,False
lstm_autoencoder,2,alt_rate,0.01,14,30,1,overall,1528,91,1,21,False
lstm_autoencoder,2,alt_rate,0.01,14,30,1,climb,495,11,1,1,False
lstm_autoencoder,2,alt_rate,0.01,14,30,1,cruise,475,0,0,0,False
lstm_autoencoder,2,alt_rate,0.01,14,30,1,descent,558,80,1,20,False
lstm_autoencoder,2,alt_rate,0.01,14,31,1,overall,2629,41,1,5,False
lstm_autoencoder,2,alt_rate,0.01,14,31,1,climb,563,0,0,0,False
lstm_autoencoder,2,alt_rate,0.01,14,31,1,cruise,1152,0,0,0,False
lstm_autoencoder,2,alt_rate,0.01,14,31,1,descent,914,41,1,5,False
lstm_autoencoder,2,alt_rate,0.01,14,32,1,overall,1006,17,1,4,False
lstm_autoencoder,2,alt_rate,0.01,14,32,1,climb,330,10,1,3,False
lstm_autoencoder,2,alt_rate,0.01,14,32,1,cruise,232,0,0,0,False
lstm_autoencoder,2,alt_rate,0.01,14,32,1,descent,444,7,1,1,False
lstm_autoencoder,2,alt_rate,0.01,14,33,1,overall,1528,85,1,21,False
lstm_autoencoder,2,alt_rate,0.01,14,33,1,climb,495,11,1,1,False
lstm_autoencoder,2,alt_rate,0.01,14,33,1,cruise,475,0,0,0,False
lstm_autoencoder,2,alt_rate,0.01,14,33,1,descent,558,74,1,20,False
lstm_autoencoder,2,alt_rate,0.01,14,34,1,overall,1944,54,1,8,False
lstm_autoencoder,2,alt_rate,0.01,14,34,1,climb,164,3,1,2,False
lstm_autoencoder,2,alt_rate,0.01,14,34,1,cruise,1524,3,1,2,False
lstm_autoencoder,2,alt_rate,0.01,14,34,1,descent,256,48,1,4,False
lstm_autoencoder,2,alt_rate,0.01,14,35,1,overall,1706,37,1,4,False
lstm_autoencoder,2,alt_rate,0.01,14,35,1,climb,33,4,1,1,False
lstm_autoencoder,2,alt_rate,0.01,14,35,1,cruise,59,0,0,0,False
lstm_autoencoder,2,alt_rate,0.01,14,35,1,descent,1614,33,1,3,False
lstm_autoencoder,2,alt_rate,0.01,15,1,2,overall,2669,189,1,7,False
lstm_autoencoder,2,alt_rate,0.01,15,1,2,climb,705,0,0,0,False
lstm_autoencoder,2,alt_rate,0.01,15,1,2,cruise,555,0,0,0,False
lstm_autoencoder,2,alt_rate,0.01,15,1,2,descent,1409,189,1,7,False
lstm_autoencoder,2,alt_rate,0.01,15,2,2,overall,7711,24,1,2,False
lstm_autoencoder,2,alt_rate,0.01,15,2,2,climb,1947,22,1,1,False
lstm_autoencoder,2,alt_rate,0.01,15,2,2,cruise,3098,0,0,0,False
lstm_autoencoder,2,alt_rate,0.01,15,2,2,descent,2666,2,1,1,False
lstm_autoencoder,2,alt_rate,0.01,15,3,2,overall,5503,72,1,21,False
lstm_autoencoder,2,alt_rate,0.01,15,3,2,climb,3076,10,1,1,False
lstm_autoencoder,2,alt_rate,0.01,15,3,2,cruise,995,0,0,0,False
lstm_autoencoder,2,alt_rate,0.01,15,3,2,descent,1432,62,1,20,False
lstm_autoencoder,2,alt_rate,0.01,15,4,2,overall,6372,42,1,7,False
lstm_autoencoder,2,alt_rate,0.01,15,4,2,climb,2890,27,1,1,False
lstm_autoencoder,2,alt_rate,0.01,15,4,2,cruise,2106,0,0,0,False
lstm_autoencoder,2,alt_rate,0.01,15,4,2,descent,1376,15,1,6,False
lstm_autoencoder,2,alt_rate,0.01,15,5,2,overall,6075,20,1,2,False
lstm_autoencoder,2,alt_rate,0.01,15,5,2,climb,1898,9,1,1,False
lstm_autoencoder,2,alt_rate,0.01,15,5,2,cruise,2050,0,0,0,False
lstm_autoencoder,2,alt_rate,0.01,15,5,2,descent,2127,11,1,1,False
lstm_autoencoder,2,alt_rate,0.01,15,6,2,overall,9157,97,1,11,False
lstm_autoencoder,2,alt_rate,0.01,15,6,2,climb,3768,11,1,3,False
lstm_autoencoder,2,alt_rate,0.01,15,6,2,cruise,2226,0,0,0,False
lstm_autoencoder,2,alt_rate,0.01,15,6,2,descent,3163,86,1,8,False
lstm_autoencoder,2,alt_rate,0.01,15,7,2,overall,5892,68,1,16,False
lstm_autoencoder,2,alt_rate,0.01,15,7,2,climb,3460,12,1,3,False
lstm_autoencoder,2,alt_rate,0.01,15,7,2,cruise,1497,0,0,0,False
lstm_autoencoder,2,alt_rate,0.01,15,7,2,descent,935,56,1,13,False
lstm_autoencoder,2,alt_rate,0.01,15,8,2,overall,4015,11,1,4,False
lstm_autoencoder,2,alt_rate,0.01,15,8,2,climb,913,8,1,1,False
lstm_autoencoder,2,alt_rate,0.01,15,8,2,cruise,973,0,0,0,False
lstm_autoencoder,2,alt_rate,0.01,15,8,2,descent,2129,3,1,3,False
lstm_autoencoder,2,alt_rate,0.01,15,9,2,overall,8714,126,1,31,False
lstm_autoencoder,2,alt_rate,0.01,15,9,2,climb,2654,13,1,1,False
lstm_autoencoder,2,alt_rate,0.01,15,9,2,cruise,4350,17,1,11,False
lstm_autoencoder,2,alt_rate,0.01,15,9,2,descent,1710,96,1,20,False
lstm_autoencoder,2,alt_rate,0.01,15,10,2,overall,5218,9,1,2,False
lstm_autoencoder,2,alt_rate,0.01,15,10,2,climb,2880,8,1,1,False
lstm_autoencoder,2,alt_rate,0.01,15,10,2,cruise,758,0,0,0,False
lstm_autoencoder,2,alt_rate,0.01,15,10,2,descent,1580,1,1,1,False
lstm_autoencoder,2,alt_rate,0.01,15,11,2,overall,6001,53,1,7,False
lstm_autoencoder,2,alt_rate,0.01,15,11,2,climb,2567,13,1,1,False
lstm_autoencoder,2,alt_rate,0.01,15,11,2,cruise,1521,0,0,0,False
lstm_autoencoder,2,alt_rate,0.01,15,11,2,descent,1913,40,1,6,False
lstm_autoencoder,2,alt_rate,0.01,15,12,2,overall,8363,57,1,8,False
lstm_autoencoder,2,alt_rate,0.01,15,12,2,climb,2146,5,1,1,False
lstm_autoencoder,2,alt_rate,0.01,15,12,2,cruise,2656,0,0,0,False
lstm_autoencoder,2,alt_rate,0.01,15,12,2,descent,3561,52,1,7,False
lstm_autoencoder,2,alt_rate,0.01,15,13,2,overall,5761,5,1,3,False
lstm_autoencoder,2,alt_rate,0.01,15,13,2,climb,1955,3,1,1,False
lstm_autoencoder,2,alt_rate,0.01,15,13,2,cruise,2104,0,0,0,False
lstm_autoencoder,2,alt_rate,0.01,15,13,2,descent,1702,2,1,2,False
lstm_autoencoder,2,alt_rate,0.01,15,14,2,overall,6942,15,1,2,False
lstm_autoencoder,2,alt_rate,0.01,15,14,2,climb,2466,14,1,1,False
lstm_autoencoder,2,alt_rate,0.01,15,14,2,cruise,2580,0,0,0,False
lstm_autoencoder,2,alt_rate,0.01,15,14,2,descent,1896,1,1,1,False
lstm_autoencoder,2,alt_rate,0.01,15,15,2,overall,8154,254,1,22,False
lstm_autoencoder,2,alt_rate,0.01,15,15,2,climb,2342,11,1,1,False
lstm_autoencoder,2,alt_rate,0.01,15,15,2,cruise,2353,6,1,5,False
lstm_autoencoder,2,alt_rate,0.01,15,15,2,descent,3459,237,1,16,False
lstm_autoencoder,2,alt_rate,0.01,15,16,2,overall,5218,8,1,1,False
lstm_autoencoder,2,alt_rate,0.01,15,16,2,climb,2880,8,1,1,False
lstm_autoencoder,2,alt_rate,0.01,15,16,2,cruise,758,0,0,0,False
lstm_autoencoder,2,alt_rate,0.01,15,16,2,descent,1580,0,0,0,False
lstm_autoencoder,2,alt_rate,0.01,15,17,2,overall,5804,6,1,4,False
lstm_autoencoder,2,alt_rate,0.01,15,17,2,climb,2122,4,1,2,False
lstm_autoencoder,2,alt_rate,0.01,15,17,2,cruise,1784,0,0,0,False
lstm_autoencoder,2,alt_rate,0.01,15,17,2,descent,1898,2,1,2,False
lstm_autoencoder,2,alt_rate,0.01,15,18,2,overall,8154,205,1,25,False
lstm_autoencoder,2,alt_rate,0.01,15,18,2,climb,2342,11,1,1,False
lstm_autoencoder,2,alt_rate,0.01,15,18,2,cruise,2353,6,1,4,False
lstm_autoencoder,2,alt_rate,0.01,15,18,2,descent,3459,188,1,20,False
lstm_autoencoder,2,alt_rate,0.01,15,19,2,overall,6782,156,1,40,False
lstm_autoencoder,2,alt_rate,0.01,15,19,2,climb,3211,11,1,1,False
lstm_autoencoder,2,alt_rate,0.01,15,19,2,cruise,567,5,1,5,False
lstm_autoencoder,2,alt_rate,0.01,15,19,2,descent,3004,140,1,34,False
lstm_autoencoder,2,alt_rate,0.01,15,20,2,overall,6265,15,1,2,False
lstm_autoencoder,2,alt_rate,0.01,15,20,2,climb,1427,0,0,0,False
lstm_autoencoder,2,alt_rate,0.01,15,20,2,cruise,2185,0,0,0,False
lstm_autoencoder,2,alt_rate,0.01,15,20,2,descent,2653,15,1,2,False
lstm_autoencoder,2,alt_rate,0.01,15,21,2,overall,6381,20,1,7,False
lstm_autoencoder,2,alt_rate,0.01,15,21,2,climb,1431,13,1,3,False
lstm_autoencoder,2,alt_rate,0.01,15,21,2,cruise,1684,0,0,0,False
lstm_autoencoder,2,alt_rate,0.01,15,21,2,descent,3266,7,1,4,False
lstm_autoencoder,2,alt_rate,0.01,15,22,2,overall,5501,84,1,25,False
lstm_autoencoder,2,alt_rate,0.01,15,22,2,climb,2711,19,1,7,False
lstm_autoencoder,2,alt_rate,0.01,15,22,2,cruise,1270,0,0,0,False
lstm_autoencoder,2,alt_rate,0.01,15,22,2,descent,1520,65,1,18,False
lstm_autoencoder,2,alt_rate,0.01,15,23,2,overall,6887,194,1,22,False
lstm_autoencoder,2,alt_rate,0.01,15,23,2,climb,2052,14,1,2,False
lstm_autoencoder,2,alt_rate,0.01,15,23,2,cruise,2880,0,0,0,False
lstm_autoencoder,2,alt_rate,0.01,15,23,2,descent,1955,180,1,20,False
lstm_autoencoder,2,alt_rate,0.02,11,1,3,overall,11007,171,1,27,True
lstm_autoencoder,2,alt_rate,0.02,11,1,3,climb,2930,10,1,1,True
lstm_autoencoder,2,alt_rate,0.02,11,1,3,cruise,3885,14,1,5,True
lstm_autoencoder,2,alt_rate,0.02,11,1,3,descent,4192,147,1,21,True
lstm_autoencoder,2,alt_rate,0.02,11,2,3,overall,17636,147,1,33,True
lstm_autoencoder,2,alt_rate,0.02,11,2,3,climb,3879,11,1,2,True
lstm_autoencoder,2,alt_rate,0.02,11,2,3,cruise,9869,36,1,7,True
lstm_autoencoder,2,alt_rate,0.02,11,2,3,descent,3888,100,1,24,True
lstm_autoencoder,2,alt_rate,0.02,11,3,3,overall,9831,656,1,43,True
lstm_autoencoder,2,alt_rate,0.02,11,3,3,climb,2327,20,1,1,True
lstm_autoencoder,2,alt_rate,0.02,11,3,3,cruise,2755,21,1,5,True
lstm_autoencoder,2,alt_rate,0.02,11,3,3,descent,4749,615,1,37,True
lstm_autoencoder,2,alt_rate,0.02,11,4,3,overall,13140,128,1,20,True
lstm_autoencoder,2,alt_rate,0.02,11,4,3,climb,3297,17,1,4,True
lstm_autoencoder,2,alt_rate,0.02,11,4,3,cruise,6273,0,0,0,True
lstm_autoencoder,2,alt_rate,0.02,11,4,3,descent,3570,111,1,16,True
lstm_autoencoder,2,alt_rate,0.02,11,5,3,overall,13751,259,1,37,True
lstm_autoencoder,2,alt_rate,0.02,11,5,3,climb,2298,12,1,1,True
lstm_autoencoder,2,alt_rate,0.02,11,5,3,cruise,6278,29,1,5,True
lstm_autoencoder,2,alt_rate,0.02,11,5,3,descent,5175,218,1,31,True
lstm_autoencoder,2,alt_rate,0.02,11,6,3,overall,11689,195,1,50,True
lstm_autoencoder,2,alt_rate,0.02,11,6,3,climb,1743,7,1,2,True
lstm_autoencoder,2,alt_rate,0.02,11,6,3,cruise,6205,29,1,12,True
lstm_autoencoder,2,alt_rate,0.02,11,6,3,descent,3741,159,1,36,True
lstm_autoencoder,2,alt_rate,0.02,11,7,3,overall,11007,222,1,29,True
lstm_autoencoder,2,alt_rate,0.02,11,7,3,climb,2930,10,1,1,True
lstm_autoencoder,2,alt_rate,0.02,11,7,3,cruise,3885,17,1,6,True
lstm_autoencoder,2,alt_rate,0.02,11,7,3,descent,4192,195,1,22,True
lstm_autoencoder,2,alt_rate,0.02,11,8,3,overall,8826,133,1,54,True
lstm_autoencoder,2,alt_rate,0.02,11,8,3,climb,4070,12,1,5,True
lstm_autoencoder,2,alt_rate,0.02,11,8,3,cruise,3030,0,0,0,True
lstm_autoencoder,2,alt_rate,0.02,11,8,3,descent,1726,121,1,49,True
lstm_autoencoder,2,alt_rate,0.02,11,9,3,overall,8928,132,1,26,True
lstm_autoencoder,2,alt_rate,0.02,11,9,3,climb,2568,5,1,3,True
lstm_autoencoder,2,alt_rate,0.02,11,9,3,cruise,3414,0,0,0,True
lstm_autoencoder,2,alt_rate,0.02,11,9,3,descent,2946,127,1,23,True
lstm_autoencoder,2,alt_rate,0.02,11,10,3,overall,13940,206,1,12,True
lstm_autoencoder,2,alt_rate,0.02,11,10,3,climb,4340,16,1,1,True
lstm_autoencoder,2,alt_rate,0.02,11,10,3,cruise,5054,1,1,1,True
lstm_autoencoder,2,alt_rate,0.02,11,10,3,descent,4546,189,1,10,True
lstm_autoencoder,2,alt_rate,0.02,11,11,3,overall,13751,233,1,26,True
lstm_autoencoder,2,alt_rate,0.02,11,11,3,climb,2298,12,1,1,True
lstm_autoencoder,2,alt_rate,0.02,11,11,3,cruise,6278,36,1,5,True
lstm_autoencoder,2,alt_rate,0.02,11,11,3,descent,5175,185,1,20,True
lstm_autoencoder,2,alt_rate,0.02,11,12,3,overall,14346,92,1,22,True
lstm_autoencoder,2,alt_rate,0.02,11,12,3,climb,3497,34,1,7,True
lstm_autoencoder,2,alt_rate,0.02,11,12,3,cruise,6768,3,1,1,True
lstm_autoencoder,2,alt_rate,0.02,11,12,3,descent,4081,55,1,14,True
lstm_autoencoder,2,alt_rate,0.02,11,13,3,overall,10704,83,1,18,True
lstm_autoencoder,2,alt_rate,0.02,11,13,3,climb,3236,18,1,1,True
lstm_autoencoder,2,alt_rate,0.02,11,13,3,cruise,4152,17,1,7,True
lstm_autoencoder,2,alt_rate,0.02,11,13,3,descent,3316,48,1,10,True
lstm_autoencoder,2,alt_rate,0.02,11,14,3,overall,11573,222,1,31,True
lstm_autoencoder,2,alt_rate,0.02,11,14,3,climb,3665,7,1,1,True
lstm_autoencoder,2,alt_rate,0.02,11,14,3,cruise,3719,4,1,2,True
lstm_autoencoder,2,alt_rate,0.02,11,14,3,descent,4189,211,1,28,True
lstm_autoencoder,2,alt_rate,0.02,11,15,3,overall,7701,530,1,39,True
lstm_autoencoder,2,alt_rate,0.02,11,15,3,climb,2453,11,1,2,True
lstm_autoencoder,2,alt_rate,0.02,11,15,3,cruise,1248,0,0,0,True
lstm_autoencoder,2,alt_rate,0.02,11,15,3,descent,4000,519,1,37,True
lstm_autoencoder,2,alt_rate,0.02,11,16,3,overall,11457,284,1,43,True
lstm_autoencoder,2,alt_rate,0.02,11,16,3,climb,3793,7,1,1,True
lstm_autoencoder,2,alt_rate,0.02,11,16,3,cruise,4388,0,0,0,True
lstm_autoencoder,2,alt_rate,0.02,11,16,3,descent,3276,277,1,42,True
lstm_autoencoder,2,alt_rate,0.02,11,17,3,overall,11457,262,1,36,True
lstm_autoencoder,2,alt_rate,0.02,11,17,3,climb,3793,7,1,1,True
lstm_autoencoder,2,alt_rate,0.02,11,17,3,cruise,4388,0,0,0,True
lstm_autoencoder,2,alt_rate,0.02,11,17,3,descent,3276,255,1,35,True
lstm_autoencoder,2,alt_rate,0.02,11,18,3,overall,12562,130,1,26,True
lstm_autoencoder,2,alt_rate,0.02,11,18,3,climb,5390,14,1,2,True
lstm_autoencoder,2,alt_rate,0.02,11,18,3,cruise,2282,0,0,0,True
lstm_autoencoder,2,alt_rate,0.02,11,18,3,descent,4890,116,1,24,True
lstm_autoencoder,2,alt_rate,0.02,14,1,1,overall,2551,21,1,5,False
lstm_autoencoder,2,alt_rate,0.02,14,1,1,climb,94,16,1,1,False
lstm_autoencoder,2,alt_rate,0.02,14,1,1,cruise,2339,1,1,1,False
lstm_autoencoder,2,alt_rate,0.02,14,1,1,descent,118,4,1,3,False
lstm_autoencoder,2,alt_rate,0.02,14,2,1,overall,1528,244,1,16,False
lstm_autoencoder,2,alt_rate,0.02,14,2,1,climb,495,12,1,1,False
lstm_autoencoder,2,alt_rate,0.02,14,2,1,cruise,475,0,0,0,False
lstm_autoencoder,2,alt_rate,0.02,14,2,1,descent,558,232,1,15,False
lstm_autoencoder,2,alt_rate,0.02,14,3,1,overall,1887,61,1,20,False
lstm_autoencoder,2,alt_rate,0.02,14,3,1,climb,262,2,1,1,False
lstm_autoencoder,2,alt_rate,0.02,14,3,1,cruise,1323,35,1,9,False
lstm_autoencoder,2,alt_rate,0.02,14,3,1,descent,302,24,1,10,False
lstm_autoencoder,2,alt_rate,0.02,14,4,1,overall,1303,183,1,24,False
lstm_autoencoder,2,alt_rate,0.02,14,4,1,climb,96,30,1,3,False
lstm_autoencoder,2,alt_rate,0.02,14,4,1,cruise,1050,141,1,18,False
lstm_autoencoder,2,alt_rate,0.02,14,4,1,descent,157,12,1,3,False
lstm_autoencoder,2,alt_rate,0.02,14,5,1,overall,2641,83,1,14,False
lstm_autoencoder,2,alt_rate,0.02,14,5,1,climb,1220,32,1,2,False
lstm_autoencoder,2,alt_rate,0.02,14,5,1,cruise,41,0,0,0,False
lstm_autoencoder,2,alt_rate,0.02,14,5,1,descent,1380,51,1,12,False
lstm_autoencoder,2,alt_rate,0.02,14,6,1,overall,2918,46,1,7,False
lstm_autoencoder,2,alt_rate,0.02,14,6,1,climb,265,20,1,2,False
lstm_autoencoder,2,alt_rate,0.02,14,6,1,cruise,1361,2,1,1,False
lstm_autoencoder,2,alt_rate,0.02,14,6,1,descent,1292,24,1,4,False
lstm_autoencoder,2,alt_rate,0.02,14,7,1,overall,1303,184,1,24,False
lstm_autoencoder,2,alt_rate,0.02,14,7,1,climb,96,30,1,3,False
lstm_autoencoder,2,alt_rate,0.02,14,7,1,cruise,1050,142,1,18,False
lstm_autoencoder,2,alt_rate,0.02,14,7,1,descent,157,12,1,3,False
lstm_autoencoder,2,alt_rate,0.02,14,8,1,overall,2551,21,1,5,False
lstm_autoencoder,2,alt_rate,0.02,14,8,1,climb,94,16,1,1,False
lstm_autoencoder,2,alt_rate,0.02,14,8,1,cruise,2339,1,1,1,False
lstm_autoencoder,2,alt_rate,0.02,14,8,1,descent,118,4,1,3,False
lstm_autoencoder,2,alt_rate,0.02,14,9,1,overall,1706,42,1,5,False
lstm_autoencoder,2,alt_rate,0.02,14,9,1,climb,33,5,1,1,False
lstm_autoencoder,2,alt_rate,0.02,14,9,1,cruise,59,0,0,0,False
lstm_autoencoder,2,alt_rate,0.02,14,9,1,descent,1614,37,1,4,False
lstm_autoencoder,2,alt_rate,0.02,14,10,1,overall,1706,43,1,5,False
lstm_autoencoder,2,alt_rate,0.02,14,10,1,climb,33,6,1,1,False
lstm_autoencoder,2,alt_rate,0.02,14,10,1,cruise,59,0,0,0,False
lstm_autoencoder,2,alt_rate,0.02,14,10,1,descent,1614,37,1,4,False
lstm_autoencoder,2,alt_rate,0.02,14,11,1,overall,2346,52,1,3,False
lstm_autoencoder,2,alt_rate,0.02,14,11,1,climb,539,18,1,1,False
lstm_autoencoder,2,alt_rate,0.02,14,11,1,cruise,891,0,0,0,False
lstm_autoencoder,2,alt_rate,0.02,14,11,1,descent,916,34,1,2,False
lstm_autoencoder,2,alt_rate,0.02,14,12,1,overall,2641,80,1,17,False
lstm_autoencoder,2,alt_rate,0.02,14,12,1,climb,1220,33,1,2,False
lstm_autoencoder,2,alt_rate,0.02,14,12,1,cruise,41,0,0,0,False
lstm_autoencoder,2,alt_rate,0.02,14,12,1,descent,1380,47,1,15,False
lstm_autoencoder,2,alt_rate,0.02,14,13,1,overall,1303,187,1,23,False
lstm_autoencoder,2,alt_rate,0.02,14,13,1,climb,96,30,1,3,False
lstm_autoencoder,2,alt_rate,0.02,14,13,1,cruise,1050,145,1,17,False
lstm_autoencoder,2,alt_rate,0.02,14,13,1,descent,157,12,1,3,False
lstm_autoencoder,2,alt_rate,0.02,14,14,1,overall,2629,140,1,11,False
lstm_autoencoder,2,alt_rate,0.02,14,14,1,climb,563,0,0,0,False
lstm_autoencoder,2,alt_rate,0.02,14,14,1,cruise,1152,0,0,0,False
lstm_autoencoder,2,alt_rate,0.02,14,14,1,descent,914,140,1,11,False
lstm_autoencoder,2,alt_rate,0.02,14,15,1,overall,1930,8,1,4,False
lstm_autoencoder,2,alt_rate,0.02,14,15,1,climb,545,4,1,1,False
lstm_autoencoder,2,alt_rate,0.02,14,15,1,cruise,661,0,0,0,False
lstm_autoencoder,2,alt_rate,0.02,14,15,1,descent,724,4,1,3,False
lstm_autoencoder,2,alt_rate,0.02,14,16,1,overall,1528,249,1,17,False
lstm_autoencoder,2,alt_rate,0.02,14,16,1,climb,495,12,1,1,False
lstm_autoencoder,2,alt_rate,0.02,14,16,1,cruise,475,0,0,0,False
lstm_autoencoder,2,alt_rate,0.02,14,16,1,descent,558,237,1,16,False
lstm_autoencoder,2,alt_rate,0.02,14,17,1,overall,2641,88,1,16,False
lstm_autoencoder,2,alt_rate,0.02,14,17,1,climb,1220,33,1,2,False
lstm_autoencoder,2,alt_rate,0.02,14,17,1,cruise,41,0,0,0,False
lstm_autoencoder,2,alt_rate,0.02,14,17,1,descent,1380,55,1,14,False
lstm_autoencoder,2,alt_rate,0.02,14,18,1,overall,2629,121,1,16,False
lstm_autoencoder,2,alt_rate,0.02,14,18,1,climb,563,0,0,0,False
lstm_autoencoder,2,alt_rate,0.02,14,18,1,cruise,1152,0,0,0,False
lstm_autoencoder,2,alt_rate,0.02,14,18,1,descent,914,121,1,16,False
lstm_autoencoder,2,alt_rate,0.02,14,19,1,overall,1706,43,1,5,False
lstm_autoencoder,2,alt_rate,0.02,14,19,1,climb,33,6,1,1,False
lstm_autoencoder,2,alt_rate,0.02,14,19,1,cruise,59,0,0,0,False
lstm_autoencoder,2,alt_rate,0.02,14,19,1,descent,1614,37,1,4,False
lstm_autoencoder,2,alt_rate,0.02,14,20,1,overall,2629,149,1,13,False
lstm_autoencoder,2,alt_rate,0.02,14,20,1,climb,563,0,0,0,False
lstm_autoencoder,2,alt_rate,0.02,14,20,1,cruise,1152,0,0,0,False
lstm_autoencoder,2,alt_rate,0.02,14,20,1,descent,914,149,1,13,False
lstm_autoencoder,2,alt_rate,0.02,14,21,1,overall,1706,43,1,5,False
lstm_autoencoder,2,alt_rate,0.02,14,21,1,climb,33,6,1,1,False
lstm_autoencoder,2,alt_rate,0.02,14,21,1,cruise,59,0,0,0,False
lstm_autoencoder,2,alt_rate,0.02,14,21,1,descent,1614,37,1,4,False
lstm_autoencoder,2,alt_rate,0.02,14,22,1,overall,1887,88,1,14,False
lstm_autoencoder,2,alt_rate,0.02,14,22,1,climb,262,2,1,1,False
lstm_autoencoder,2,alt_rate,0.02,14,22,1,cruise,1323,37,1,8,False
lstm_autoencoder,2,alt_rate,0.02,14,22,1,descent,302,49,1,5,False
lstm_autoencoder,2,alt_rate,0.02,14,23,1,overall,2629,134,1,10,False
lstm_autoencoder,2,alt_rate,0.02,14,23,1,climb,563,0,0,0,False
lstm_autoencoder,2,alt_rate,0.02,14,23,1,cruise,1152,0,0,0,False
lstm_autoencoder,2,alt_rate,0.02,14,23,1,descent,914,134,1,10,False
lstm_autoencoder,2,alt_rate,0.02,14,24,1,overall,2641,109,1,20,False
lstm_autoencoder,2,alt_rate,0.02,14,24,1,climb,1220,36,1,2,False
lstm_autoencoder,2,alt_rate,0.02,14,24,1,cruise,41,0,0,0,False
lstm_autoencoder,2,alt_rate,0.02,14,24,1,descent,1380,73,1,18,False
lstm_autoencoder,2,alt_rate,0.02,14,25,1,overall,2551,24,1,6,False
lstm_autoencoder,2,alt_rate,0.02,14,25,1,climb,94,17,1,1,False
lstm_autoencoder,2,alt_rate,0.02,14,25,1,cruise,2339,1,1,1,False
lstm_autoencoder,2,alt_rate,0.02,14,25,1,descent,118,6,1,4,False
lstm_autoencoder,2,alt_rate,0.02,14,26,1,overall,2034,26,1,7,False
lstm_autoencoder,2,alt_rate,0.02,14,26,1,climb,129,18,1,3,False
lstm_autoencoder,2,alt_rate,0.02,14,26,1,cruise,1107,2,1,1,False
lstm_autoencoder,2,alt_rate,0.02,14,26,1,descent,798,6,1,3,False
lstm_autoencoder,2,alt_rate,0.02,14,27,1,overall,1887,105,1,16,False
lstm_autoencoder,2,alt_rate,0.02,14,27,1,climb,262,4,1,2,False
lstm_autoencoder,2,alt_rate,0.02,14,27,1,cruise,1323,37,1,9,False
lstm_autoencoder,2,alt_rate,0.02,14,27,1,descent,302,64,1,5,False
lstm_autoencoder,2,alt_rate,0.02,14,28,1,overall,2629,179,1,11,False
lstm_autoencoder,2,alt_rate,0.02,14,28,1,climb,563,0,0,0,False
lstm_autoencoder,2,alt_rate,0.02,14,28,1,cruise,1152,0,0,0,False
lstm_autoencoder,2,alt_rate,0.02,14,28,1,descent,914,179,1,11,False
lstm_autoencoder,2,alt_rate,0.02,14,29,1,overall,1887,99,1,15,False
lstm_autoencoder,2,alt_rate,0.02,14,29,1,climb,262,5,1,1,False
lstm_autoencoder,2,alt_rate,0.02,14,29,1,cruise,1323,39,1,9,False
lstm_autoencoder,2,alt_rate,0.02,14,29,1,descent,302,55,1,5,False
lstm_autoencoder,2,alt_rate,0.02,14,30,1,overall,1528,293,1,16,False
lstm_autoencoder,2,alt_rate,0.02,14,30,1,climb,495,13,1,1,False
lstm_autoencoder,2,alt_rate,0.02,14,30,1,cruise,475,0,0,0,False
lstm_autoencoder,2,alt_rate,0.02,14,30,1,descent,558,280,1,15,False
lstm_autoencoder,2,alt_rate,0.02,14,31,1,overall,2629,190,1,13,False
lstm_autoencoder,2,alt_rate,0.02,14,31,1,climb,563,0,0,0,False
lstm_autoencoder,2,alt_rate,0.02,14,31,1,cruise,1152,0,0,0,False
lstm_autoencoder,2,alt_rate,0.02,14,31,1,descent,914,190,1,13,False
lstm_autoencoder,2,alt_rate,0.02,14,32,1,overall,1006,51,1,16,False
lstm_autoencoder,2,alt_rate,0.02,14,32,1,climb,330,15,1,2,False
lstm_autoencoder,2,alt_rate,0.02,14,32,1,cruise,232,0,0,0,False
lstm_autoencoder,2,alt_rate,0.02,14,32,1,descent,444,36,1,14,False
lstm_autoencoder,2,alt_rate,0.02,14,33,1,overall,1528,301,1,17,False
lstm_autoencoder,2,alt_rate,0.02,14,33,1,climb,495,14,1,1,False
lstm_autoencoder,2,alt_rate,0.02,14,33,1,cruise,475,0,0,0,False
lstm_autoencoder,2,alt_rate,0.02,14,33,1,descent,558,287,1,16,False
lstm_autoencoder,2,alt_rate,0.02,14,34,1,overall,1944,99,1,12,False
lstm_autoencoder,2,alt_rate,0.02,14,34,1,climb,164,9,1,2,False
lstm_autoencoder,2,alt_rate,0.02,14,34,1,cruise,1524,7,1,3,False
lstm_autoencoder,2,alt_rate,0.02,14,34,1,descent,256,83,1,7,False
lstm_autoencoder,2,alt_rate,0.02,14,35,1,overall,1706,46,1,6,False
lstm_autoencoder,2,alt_rate,0.02,14,35,1,climb,33,6,1,1,False
lstm_autoencoder,2,alt_rate,0.02,14,35,1,cruise,59,0,0,0,False
lstm_autoencoder,2,alt_rate,0.02,14,35,1,descent,1614,40,1,5,False
lstm_autoencoder,2,alt_rate,0.02,15,1,2,overall,2669,296,1,11,False
lstm_autoencoder,2,alt_rate,0.02,15,1,2,climb,705,1,1,1,False
lstm_autoencoder,2,alt_rate,0.02,15,1,2,cruise,555,0,0,0,False
lstm_autoencoder,2,alt_rate,0.02,15,1,2,descent,1409,295,1,10,False
lstm_autoencoder,2,alt_rate,0.02,15,2,2,overall,7711,31,1,6,False
lstm_autoencoder,2,alt_rate,0.02,15,2,2,climb,1947,24,1,1,False
lstm_autoencoder,2,alt_rate,0.02,15,2,2,cruise,3098,0,0,0,False
lstm_autoencoder,2,alt_rate,0.02,15,2,2,descent,2666,7,1,5,False
lstm_autoencoder,2,alt_rate,0.02,15,3,2,overall,5503,280,1,66,False
lstm_autoencoder,2,alt_rate,0.02,15,3,2,climb,3076,13,1,1,False
lstm_autoencoder,2,alt_rate,0.02,15,3,2,cruise,995,0,0,0,False
lstm_autoencoder,2,alt_rate,0.02,15,3,2,descent,1432,267,1,65,False
lstm_autoencoder,2,alt_rate,0.02,15,4,2,overall,6372,112,1,20,False
lstm_autoencoder,2,alt_rate,0.02,15,4,2,climb,2890,28,1,2,False
lstm_autoencoder,2,alt_rate,0.02,15,4,2,cruise,2106,0,0,0,False
lstm_autoencoder,2,alt_rate,0.02,15,4,2,descent,1376,84,1,18,False
lstm_autoencoder,2,alt_rate,0.02,15,5,2,overall,6075,63,1,10,False
lstm_autoencoder,2,alt_rate,0.02,15,5,2,climb,1898,12,1,1,False
lstm_autoencoder,2,alt_rate,0.02,15,5,2,cruise,2050,0,0,0,False
lstm_autoencoder,2,alt_rate,0.02,15,5,2,descent,2127,51,1,9,False
lstm_autoencoder,2,alt_rate,0.02,15,6,2,overall,9157,147,1,12,False
lstm_autoencoder,2,alt_rate,0.02,15,6,2,climb,3768,19,1,2,False
lstm_autoencoder,2,alt_rate,0.02,15,6,2,cruise,2226,0,0,0,False
lstm_autoencoder,2,alt_rate,0.02,15,6,2,descent,3163,128,1,10,False
lstm_autoencoder,2,alt_rate,0.02,15,7,2,overall,5892,196,1,32,False
lstm_autoencoder,2,alt_rate,0.02,15,7,2,climb,3460,19,1,7,False
lstm_autoencoder,2,alt_rate,0.02,15,7,2,cruise,1497,0,0,0,False
lstm_autoencoder,2,alt_rate,0.02,15,7,2,descent,935,177,1,25,False
lstm_autoencoder,2,alt_rate,0.02,15,8,2,overall,4015,59,1,7,False
lstm_autoencoder,2,alt_rate,0.02,15,8,2,climb,913,11,1,1,False
lstm_autoencoder,2,alt_rate,0.02,15,8,2,cruise,973,0,0,0,False
lstm_autoencoder,2,alt_rate,0.02,15,8,2,descent,2129,48,1,6,False
lstm_autoencoder,2,alt_rate,0.02,15,9,2,overall,8714,156,1,31,False
lstm_autoencoder,2,alt_rate,0.02,15,9,2,climb,2654,15,1,1,False
lstm_autoencoder,2,alt_rate,0.02,15,9,2,cruise,4350,31,1,14,False
lstm_autoencoder,2,alt_rate,0.02,15,9,2,descent,1710,110,1,17,False
lstm_autoencoder,2,alt_rate,0.02,15,10,2,overall,5218,150,1,28,False
lstm_autoencoder,2,alt_rate,0.02,15,10,2,climb,2880,11,1,1,False
lstm_autoencoder,2,alt_rate,0.02,15,10,2,cruise,758,0,0,0,False
lstm_autoencoder,2,alt_rate,0.02,15,10,2,descent,1580,139,1,27,False
lstm_autoencoder,2,alt_rate,0.02,15,11,2,overall,6001,97,1,20,False
lstm_autoencoder,2,alt_rate,0.02,15,11,2,climb,2567,17,1,1,False
lstm_autoencoder,2,alt_rate,0.02,15,11,2,cruise,1521,0,0,0,False
lstm_autoencoder,2,alt_rate,0.02,15,11,2,descent,1913,80,1,19,False
lstm_autoencoder,2,alt_rate,0.02,15,12,2,overall,8363,222,1,14,False
lstm_autoencoder,2,alt_rate,0.02,15,12,2,climb,2146,7,1,1,False
lstm_autoencoder,2,alt_rate,0.02,15,12,2,cruise,2656,0,0,0,False
lstm_autoencoder,2,alt_rate,0.02,15,12,2,descent,3561,215,1,13,False
lstm_autoencoder,2,alt_rate,0.02,15,13,2,overall,5761,54,1,22,False
lstm_autoencoder,2,alt_rate,0.02,15,13,2,climb,1955,4,1,1,False
lstm_autoencoder,2,alt_rate,0.02,15,13,2,cruise,2104,0,0,0,False
lstm_autoencoder,2,alt_rate,0.02,15,13,2,descent,1702,50,1,21,False
lstm_autoencoder,2,alt_rate,0.02,15,14,2,overall,6942,28,1,5,False
lstm_autoencoder,2,alt_rate,0.02,15,14,2,climb,2466,17,1,1,False
lstm_autoencoder,2,alt_rate,0.02,15,14,2,cruise,2580,0,0,0,False
lstm_autoencoder,2,alt_rate,0.02,15,14,2,descent,1896,11,1,4,False
lstm_autoencoder,2,alt_rate,0.02,15,15,2,overall,8154,575,1,24,False
lstm_autoencoder,2,alt_rate,0.02,15,15,2,climb,2342,16,1,1,False
lstm_autoencoder,2,alt_rate,0.02,15,15,2,cruise,2353,12,1,7,False
lstm_autoencoder,2,alt_rate,0.02,15,15,2,descent,3459,547,1,16,False
lstm_autoencoder,2,alt_rate,0.02,15,16,2,overall,5218,138,1,32,False
lstm_autoencoder,2,alt_rate,0.02,15,16,2,climb,2880,12,1,1,False
lstm_autoencoder,2,alt_rate,0.02,15,16,2,cruise,758,0,0,0,False
lstm_autoencoder,2,alt_rate,0.02,15,16,2,descent,1580,126,1,31,False
lstm_autoencoder,2,alt_rate,0.02,15,17,2,overall,5804,247,1,17,False
lstm_autoencoder,2,alt_rate,0.02,15,17,2,climb,2122,5,1,1,False
lstm_autoencoder,2,alt_rate,0.02,15,17,2,cruise,1784,0,0,0,False
lstm_autoencoder,2,alt_rate,0.02,15,17,2,descent,1898,242,1,16,False
lstm_autoencoder,2,alt_rate,0.02,15,18,2,overall,8154,530,1,26,False
lstm_autoencoder,2,alt_rate,0.02,15,18,2,climb,2342,16,1,1,False
lstm_autoencoder,2,alt_rate,0.02,15,18,2,cruise,2353,12,1,7,False
lstm_autoencoder,2,alt_rate,0.02,15,18,2,descent,3459,502,1,18,False
lstm_autoencoder,2,alt_rate,0.02,15,19,2,overall,6782,304,1,56,False
lstm_autoencoder,2,alt_rate,0.02,15,19,2,climb,3211,14,1,1,False
lstm_autoencoder,2,alt_rate,0.02,15,19,2,cruise,567,15,1,8,False
lstm_autoencoder,2,alt_rate,0.02,15,19,2,descent,3004,275,1,47,False
lstm_autoencoder,2,alt_rate,0.02,15,20,2,overall,6265,90,1,11,False
lstm_autoencoder,2,alt_rate,0.02,15,20,2,climb,1427,6,1,2,False
lstm_autoencoder,2,alt_rate,0.02,15,20,2,cruise,2185,0,0,0,False
lstm_autoencoder,2,alt_rate,0.02,15,20,2,descent,2653,84,1,9,False
lstm_autoencoder,2,alt_rate,0.02,15,21,2,overall,6381,86,1,13,False
lstm_autoencoder,2,alt_rate,0.02,15,21,2,climb,1431,22,1,2,False
lstm_autoencoder,2,alt_rate,0.02,15,21,2,cruise,1684,0,0,0,False
lstm_autoencoder,2,alt_rate,0.02,15,21,2,descent,3266,64,1,11,False
lstm_autoencoder,2,alt_rate,0.02,15,22,2,overall,5501,111,1,29,False
lstm_autoencoder,2,alt_rate,0.02,15,22,2,climb,2711,38,1,14,False
lstm_autoencoder,2,alt_rate,0.02,15,22,2,cruise,1270,0,0,0,False
lstm_autoencoder,2,alt_rate,0.02,15,22,2,descent,1520,73,1,15,False
lstm_autoencoder,2,alt_rate,0.02,15,23,2,overall,6887,345,1,12,False
lstm_autoencoder,2,alt_rate,0.02,15,23,2,climb,2052,18,1,2,False
lstm_autoencoder,2,alt_rate,0.02,15,23,2,cruise,2880,0,0,0,False
lstm_autoencoder,2,alt_rate,0.02,15,23,2,descent,1955,327,1,10,False
