detector,seed,stage,epoch,train_loss,validation_loss,best_epoch,epochs_run,max_epochs,patience,min_delta,fit_units,validation_units,seconds
lstm_autoencoder,0,engine_disjoint_epoch_selection,1,0.9437832714177875,1.3094123787499599,468,473,600.0,6.0,0.0001,"1,2",4,
lstm_autoencoder,0,engine_disjoint_epoch_selection,2,0.8981601265292387,1.253096293595914,468,473,600.0,6.0,0.0001,"1,2",4,
lstm_autoencoder,0,engine_disjoint_epoch_selection,3,0.8516755261874013,1.19523087976284,468,473,600.0,6.0,0.0001,"1,2",4,
lstm_autoencoder,0,engine_disjoint_epoch_selection,4,0.8040771585880332,1.1363439606409496,468,473,600.0,6.0,0.0001,"1,2",4,
lstm_autoencoder,0,engine_disjoint_epoch_selection,5,0.7557965431993701,1.0779123083693334,468,473,600.0,6.0,0.0001,"1,2",4,
lstm_autoencoder,0,engine_disjoint_epoch_selection,6,0.709079556550001,1.0203778525443223,468,473,600.0,6.0,0.0001,"1,2",4,
lstm_autoencoder,0,engine_disjoint_epoch_selection,7,0.6649672677785371,0.965541748610421,468,473,600.0,6.0,0.0001,"1,2",4,
lstm_autoencoder,0,engine_disjoint_epoch_selection,8,0.6252979841284638,0.9159106176062772,468,473,600.0,6.0,0.0001,"1,2",4,
lstm_autoencoder,0,engine_disjoint_epoch_selection,9,0.5892116306190104,0.8704694506754537,468,473,600.0,6.0,0.0001,"1,2",4,
lstm_autoencoder,0,engine_disjoint_epoch_selection,10,0.5576481161747204,0.8276442561769645,468,473,600.0,6.0,0.0001,"1,2",4,
lstm_autoencoder,0,engine_disjoint_epoch_selection,11,0.5283018994327395,0.7892105325609331,468,473,600.0,6.0,0.0001,"1,2",4,
lstm_autoencoder,0,engine_disjoint_epoch_selection,12,0.5030196313748597,0.7532065998868901,468,473,600.0,6.0,0.0001,"1,2",4,
lstm_autoencoder,0,engine_disjoint_epoch_selection,13,0.47982995156815184,0.7208181275071532,468,473,600.0,6.0,0.0001,"1,2",4,
lstm_autoencoder,0,engine_disjoint_epoch_selection,14,0.4583172667310021,0.6911931513639314,468,473,600.0,6.0,0.0001,"1,2",4,
lstm_autoencoder,0,engine_disjoint_epoch_selection,15,0.4391074054514372,0.6621021819622219,468,473,600.0,6.0,0.0001,"1,2",4,
lstm_autoencoder,0,engine_disjoint_epoch_selection,16,0.42064079666581783,0.634255604182613,468,473,600.0,6.0,0.0001,"1,2",4,
lstm_autoencoder,0,engine_disjoint_epoch_selection,17,0.40358298292339256,0.6081035190375838,468,473,600.0,6.0,0.0001,"1,2",4,
lstm_autoencoder,0,engine_disjoint_epoch_selection,18,0.38728117835753656,0.583259290962777,468,473,600.0,6.0,0.0001,"1,2",4,
lstm_autoencoder,0,engine_disjoint_epoch_selection,19,0.3721301854201963,0.5597244344879095,468,473,600.0,6.0,0.0001,"1,2",4,
lstm_autoencoder,0,engine_disjoint_epoch_selection,20,0.35805668680992614,0.538583200263439,468,473,600.0,6.0,0.0001,"1,2",4,
lstm_autoencoder,0,engine_disjoint_epoch_selection,21,0.3447340662816827,0.5185972195645118,468,473,600.0,6.0,0.0001,"1,2",4,
lstm_autoencoder,0,engine_disjoint_epoch_selection,22,0.3324073374063228,0.5005122397795309,468,473,600.0,6.0,0.0001,"1,2",4,
lstm_autoencoder,0,engine_disjoint_epoch_selection,23,0.3214065295456849,0.48406559371067703,468,473,600.0,6.0,0.0001,"1,2",4,
lstm_autoencoder,0,engine_disjoint_epoch_selection,24,0.3108722046649577,0.4681513615833487,468,473,600.0,6.0,0.0001,"1,2",4,
lstm_autoencoder,0,engine_disjoint_epoch_selection,25,0.3010242816792458,0.4529984174064564,468,473,600.0,6.0,0.0001,"1,2",4,
lstm_autoencoder,0,engine_disjoint_epoch_selection,26,0.29200794620282355,0.4381310697028685,468,473,600.0,6.0,0.0001,"1,2",4,
lstm_autoencoder,0,engine_disjoint_epoch_selection,27,0.2835342404688929,0.42496644083919755,468,473,600.0,6.0,0.0001,"1,2",4,
lstm_autoencoder,0,engine_disjoint_epoch_selection,28,0.27586789545908996,0.41217068410219365,468,473,600.0,6.0,0.0001,"1,2",4,
lstm_autoencoder,0,engine_disjoint_epoch_selection,29,0.2685324121548494,0.3998000053724713,468,473,600.0,6.0,0.0001,"1,2",4,
lstm_autoencoder,0,engine_disjoint_epoch_selection,30,0.26164391011857124,0.388266904624984,468,473,600.0,6.0,0.0001,"1,2",4,
lstm_autoencoder,0,engine_disjoint_epoch_selection,31,0.25525192649000084,0.37716368767933284,468,473,600.0,6.0,0.0001,"1,2",4,
lstm_autoencoder,0,engine_disjoint_epoch_selection,32,0.24909118723397483,0.36707548741714624,468,473,600.0,6.0,0.0001,"1,2",4,
lstm_autoencoder,0,engine_disjoint_epoch_selection,33,0.24312371159281843,0.35691220835558296,468,473,600.0,6.0,0.0001,"1,2",4,
lstm_autoencoder,0,engine_disjoint_epoch_selection,34,0.2376614444846225,0.347553665071122,468,473,600.0,6.0,0.0001,"1,2",4,
lstm_autoencoder,0,engine_disjoint_epoch_selection,35,0.232337229703481,0.3383777087148748,468,473,600.0,6.0,0.0001,"1,2",4,
lstm_autoencoder,0,engine_disjoint_epoch_selection,36,0.2272534747102307,0.33077067208614186,468,473,600.0,6.0,0.0001,"1,2",4,
lstm_autoencoder,0,engine_disjoint_epoch_selection,37,0.22255151933587253,0.3225371602193671,468,473,600.0,6.0,0.0001,"1,2",4,
lstm_autoencoder,0,engine_disjoint_epoch_selection,38,0.21795152353007285,0.3149255623906721,468,473,600.0,6.0,0.0001,"1,2",4,
lstm_autoencoder,0,engine_disjoint_epoch_selection,39,0.2136300558181882,0.3086345796861475,468,473,600.0,6.0,0.0001,"1,2",4,
lstm_autoencoder,0,engine_disjoint_epoch_selection,40,0.20953237944983136,0.3010514370139729,468,473,600.0,6.0,0.0001,"1,2",4,
lstm_autoencoder,0,engine_disjoint_epoch_selection,41,0.20561252012241704,0.2950991082417717,468,473,600.0,6.0,0.0001,"1,2",4,
lstm_autoencoder,0,engine_disjoint_epoch_selection,42,0.201847489415836,0.28874556411073954,468,473,600.0,6.0,0.0001,"1,2",4,
lstm_autoencoder,0,engine_disjoint_epoch_selection,43,0.19830031199084924,0.28256600696204653,468,473,600.0,6.0,0.0001,"1,2",4,
lstm_autoencoder,0,engine_disjoint_epoch_selection,44,0.19494364738622957,0.27746157610712985,468,473,600.0,6.0,0.0001,"1,2",4,
lstm_autoencoder,0,engine_disjoint_epoch_selection,45,0.1917059356115948,0.2719686409851685,468,473,600.0,6.0,0.0001,"1,2",4,
lstm_autoencoder,0,engine_disjoint_epoch_selection,46,0.1886236361134534,0.2666265444133061,468,473,600.0,6.0,0.0001,"1,2",4,
lstm_autoencoder,0,engine_disjoint_epoch_selection,47,0.18556686139990958,0.26234575747587524,468,473,600.0,6.0,0.0001,"1,2",4,
lstm_autoencoder,0,engine_disjoint_epoch_selection,48,0.18271593188716115,0.2572049055077474,468,473,600.0,6.0,0.0001,"1,2",4,
lstm_autoencoder,0,engine_disjoint_epoch_selection,49,0.17989601859748214,0.25298792449411106,468,473,600.0,6.0,0.0001,"1,2",4,
lstm_autoencoder,0,engine_disjoint_epoch_selection,50,0.17737527958628702,0.24886716307967588,468,473,600.0,6.0,0.0001,"1,2",4,
lstm_autoencoder,0,engine_disjoint_epoch_selection,51,0.17476377196940807,0.24462428634733566,468,473,600.0,6.0,0.0001,"1,2",4,
lstm_autoencoder,0,engine_disjoint_epoch_selection,52,0.17226383647604668,0.24032352092358417,468,473,600.0,6.0,0.0001,"1,2",4,
lstm_autoencoder,0,engine_disjoint_epoch_selection,53,0.16985221189051325,0.23644858588008094,468,473,600.0,6.0,0.0001,"1,2",4,
lstm_autoencoder,0,engine_disjoint_epoch_selection,54,0.16755577682477354,0.2330454062975257,468,473,600.0,6.0,0.0001,"1,2",4,
lstm_autoencoder,0,engine_disjoint_epoch_selection,55,0.16520946203879225,0.229494148170254,468,473,600.0,6.0,0.0001,"1,2",4,
lstm_autoencoder,0,engine_disjoint_epoch_selection,56,0.1630594205007802,0.225726874860992,468,473,600.0,6.0,0.0001,"1,2",4,
lstm_autoencoder,0,engine_disjoint_epoch_selection,57,0.16103756624034968,0.22246703945021962,468,473,600.0,6.0,0.0001,"1,2",4,
lstm_autoencoder,0,engine_disjoint_epoch_selection,58,0.1590785310923825,0.21930595763862729,468,473,600.0,6.0,0.0001,"1,2",4,
lstm_autoencoder,0,engine_disjoint_epoch_selection,59,0.1571401878063837,0.21631698530128168,468,473,600.0,6.0,0.0001,"1,2",4,
lstm_autoencoder,0,engine_disjoint_epoch_selection,60,0.15531013294640583,0.21320641422981051,468,473,600.0,6.0,0.0001,"1,2",4,
lstm_autoencoder,0,engine_disjoint_epoch_selection,61,0.15352299580969747,0.21033491676175983,468,473,600.0,6.0,0.0001,"1,2",4,
lstm_autoencoder,0,engine_disjoint_epoch_selection,62,0.1517765166338006,0.20785962046339257,468,473,600.0,6.0,0.0001,"1,2",4,
lstm_autoencoder,0,engine_disjoint_epoch_selection,63,0.15016685776398858,0.20505898009205084,468,473,600.0,6.0,0.0001,"1,2",4,
lstm_autoencoder,0,engine_disjoint_epoch_selection,64,0.14854648627517983,0.2024800519999494,468,473,600.0,6.0,0.0001,"1,2",4,
lstm_autoencoder,0,engine_disjoint_epoch_selection,65,0.14706521769361372,0.20031748260709376,468,473,600.0,6.0,0.0001,"1,2",4,
lstm_autoencoder,0,engine_disjoint_epoch_selection,66,0.14561042677795116,0.19793820142684823,468,473,600.0,6.0,0.0001,"1,2",4,
lstm_autoencoder,0,engine_disjoint_epoch_selection,67,0.14421660377125603,0.19549833123088953,468,473,600.0,6.0,0.0001,"1,2",4,
lstm_autoencoder,0,engine_disjoint_epoch_selection,68,0.14275783638420467,0.1931737639042438,468,473,600.0,6.0,0.0001,"1,2",4,
lstm_autoencoder,0,engine_disjoint_epoch_selection,69,0.14138212446640677,0.1911609979371714,468,473,600.0,6.0,0.0001,"1,2",4,
lstm_autoencoder,0,engine_disjoint_epoch_selection,70,0.14008090477427487,0.18907622136529148,468,473,600.0,6.0,0.0001,"1,2",4,
lstm_autoencoder,0,engine_disjoint_epoch_selection,71,0.13887211964409144,0.18695648733424236,468,473,600.0,6.0,0.0001,"1,2",4,
lstm_autoencoder,0,engine_disjoint_epoch_selection,72,0.1375931784691518,0.18493617904831366,468,473,600.0,6.0,0.0001,"1,2",4,
lstm_autoencoder,0,engine_disjoint_epoch_selection,73,0.1363086177052584,0.18310853498781238,468,473,600.0,6.0,0.0001,"1,2",4,
lstm_autoencoder,0,engine_disjoint_epoch_selection,74,0.13514693104921432,0.18164062010810814,468,473,600.0,6.0,0.0001,"1,2",4,
lstm_autoencoder,0,engine_disjoint_epoch_selection,75,0.134075155278797,0.17993651686279735,468,473,600.0,6.0,0.0001,"1,2",4,
lstm_autoencoder,0,engine_disjoint_epoch_selection,76,0.13300858546310468,0.17774731894583848,468,473,600.0,6.0,0.0001,"1,2",4,
lstm_autoencoder,0,engine_disjoint_epoch_selection,77,0.13194165657229973,0.17671047464093356,468,473,600.0,6.0,0.0001,"1,2",4,
lstm_autoencoder,0,engine_disjoint_epoch_selection,78,0.13083418137654873,0.17473550636543925,468,473,600.0,6.0,0.0001,"1,2",4,
lstm_autoencoder,0,engine_disjoint_epoch_selection,79,0.12982741469613687,0.17317643792973508,468,473,600.0,6.0,0.0001,"1,2",4,
lstm_autoencoder,0,engine_disjoint_epoch_selection,80,0.12877928078640485,0.1713884592851207,468,473,600.0,6.0,0.0001,"1,2",4,
lstm_autoencoder,0,engine_disjoint_epoch_selection,81,0.1277561933173924,0.17021667703539017,468,473,600.0,6.0,0.0001,"1,2",4,
lstm_autoencoder,0,engine_disjoint_epoch_selection,82,0.12684844128208866,0.1687721043068435,468,473,600.0,6.0,0.0001,"1,2",4,
lstm_autoencoder,0,engine_disjoint_epoch_selection,83,0.1259456097177632,0.16709890607749234,468,473,600.0,6.0,0.0001,"1,2",4,
lstm_autoencoder,0,engine_disjoint_epoch_selection,84,0.1250535592885337,0.16580071049367626,468,473,600.0,6.0,0.0001,"1,2",4,
lstm_autoencoder,0,engine_disjoint_epoch_selection,85,0.12419560957565574,0.16435598415972544,468,473,600.0,6.0,0.0001,"1,2",4,
lstm_autoencoder,0,engine_disjoint_epoch_selection,86,0.12320326299649913,0.16325302397969382,468,473,600.0,6.0,0.0001,"1,2",4,
lstm_autoencoder,0,engine_disjoint_epoch_selection,87,0.12232377638976229,0.16181379319704872,468,473,600.0,6.0,0.0001,"1,2",4,
lstm_autoencoder,0,engine_disjoint_epoch_selection,88,0.12151802452514994,0.1607224825682717,468,473,600.0,6.0,0.0001,"1,2",4,
lstm_autoencoder,0,engine_disjoint_epoch_selection,89,0.12060028690279134,0.15982449167843016,468,473,600.0,6.0,0.0001,"1,2",4,
lstm_autoencoder,0,engine_disjoint_epoch_selection,90,0.11981156509528833,0.15889242974022286,468,473,600.0,6.0,0.0001,"1,2",4,
lstm_autoencoder,0,engine_disjoint_epoch_selection,91,0.11899049353841416,0.1572916897237836,468,473,600.0,6.0,0.0001,"1,2",4,
lstm_autoencoder,0,engine_disjoint_epoch_selection,92,0.118229117267405,0.1564652315009157,468,473,600.0,6.0,0.0001,"1,2",4,
lstm_autoencoder,0,engine_disjoint_epoch_selection,93,0.11742848888443529,0.15539568343141746,468,473,600.0,6.0,0.0001,"1,2",4,
lstm_autoencoder,0,engine_disjoint_epoch_selection,94,0.11669700466494146,0.15426276481649942,468,473,600.0,6.0,0.0001,"1,2",4,
lstm_autoencoder,0,engine_disjoint_epoch_selection,95,0.11595767725531043,0.15322537995754495,468,473,600.0,6.0,0.0001,"1,2",4,
lstm_autoencoder,0,engine_disjoint_epoch_selection,96,0.11522290172542012,0.15229386444365742,468,473,600.0,6.0,0.0001,"1,2",4,
lstm_autoencoder,0,engine_disjoint_epoch_selection,97,0.1145244340184483,0.15146607611539517,468,473,600.0,6.0,0.0001,"1,2",4,
lstm_autoencoder,0,engine_disjoint_epoch_selection,98,0.11381582973523999,0.15025839912001676,468,473,600.0,6.0,0.0001,"1,2",4,
lstm_autoencoder,0,engine_disjoint_epoch_selection,99,0.11311233878314109,0.14953256466658368,468,473,600.0,6.0,0.0001,"1,2",4,
lstm_autoencoder,0,engine_disjoint_epoch_selection,100,0.11238882717308299,0.1485147219371967,468,473,600.0,6.0,0.0001,"1,2",4,
lstm_autoencoder,0,engine_disjoint_epoch_selection,101,0.11175805781301158,0.14771711707084598,468,473,600.0,6.0,0.0001,"1,2",4,
lstm_autoencoder,0,engine_disjoint_epoch_selection,102,0.11113279765484517,0.1471520575782402,468,473,600.0,6.0,0.0001,"1,2",4,
lstm_autoencoder,0,engine_disjoint_epoch_selection,103,0.11048110931462463,0.14617842825659424,468,473,600.0,6.0,0.0001,"1,2",4,
lstm_autoencoder,0,engine_disjoint_epoch_selection,104,0.10997584431932311,0.14526609238308802,468,473,600.0,6.0,0.0001,"1,2",4,
lstm_autoencoder,0,engine_disjoint_epoch_selection,105,0.10919656821738934,0.14451243676231837,468,473,600.0,6.0,0.0001,"1,2",4,
lstm_autoencoder,0,engine_disjoint_epoch_selection,106,0.10855719057073931,0.1437064692068479,468,473,600.0,6.0,0.0001,"1,2",4,
lstm_autoencoder,0,engine_disjoint_epoch_selection,107,0.10799151277375582,0.14334231824500648,468,473,600.0,6.0,0.0001,"1,2",4,
lstm_autoencoder,0,engine_disjoint_epoch_selection,108,0.10739019518582135,0.14239633300421206,468,473,600.0,6.0,0.0001,"1,2",4,
lstm_autoencoder,0,engine_disjoint_epoch_selection,109,0.10680445232229584,0.14165252818606333,468,473,600.0,6.0,0.0001,"1,2",4,
lstm_autoencoder,0,engine_disjoint_epoch_selection,110,0.1061352099036885,0.1408325703090874,468,473,600.0,6.0,0.0001,"1,2",4,
lstm_autoencoder,0,engine_disjoint_epoch_selection,111,0.10557965409155001,0.1400664936857182,468,473,600.0,6.0,0.0001,"1,2",4,
lstm_autoencoder,0,engine_disjoint_epoch_selection,112,0.10497518920390911,0.13938046895898162,468,473,600.0,6.0,0.0001,"1,2",4,
lstm_autoencoder,0,engine_disjoint_epoch_selection,113,0.10441555097419133,0.13884805208232104,468,473,600.0,6.0,0.0001,"1,2",4,
lstm_autoencoder,0,engine_disjoint_epoch_selection,114,0.10389516866288406,0.13792581746565374,468,473,600.0,6.0,0.0001,"1,2",4,
lstm_autoencoder,0,engine_disjoint_epoch_selection,115,0.10332478609375324,0.13749839183947282,468,473,600.0,6.0,0.0001,"1,2",4,
lstm_autoencoder,0,engine_disjoint_epoch_selection,116,0.1027623767684665,0.13697766609514758,468,473,600.0,6.0,0.0001,"1,2",4,
lstm_autoencoder,0,engine_disjoint_epoch_selection,117,0.10222434712074847,0.13620508765831885,468,473,600.0,6.0,0.0001,"1,2",4,
lstm_autoencoder,0,engine_disjoint_epoch_selection,118,0.10166170052674771,0.13553435792064447,468,473,600.0,6.0,0.0001,"1,2",4,
lstm_autoencoder,0,engine_disjoint_epoch_selection,119,0.1010777860280184,0.13499230059271258,468,473,600.0,6.0,0.0001,"1,2",4,
lstm_autoencoder,0,engine_disjoint_epoch_selection,120,0.10060168161143207,0.13452919644250352,468,473,600.0,6.0,0.0001,"1,2",4,
lstm_autoencoder,0,engine_disjoint_epoch_selection,121,0.10010247394682939,0.1342009382695533,468,473,600.0,6.0,0.0001,"1,2",4,
lstm_autoencoder,0,engine_disjoint_epoch_selection,122,0.09960772934480176,0.13344600928933475,468,473,600.0,6.0,0.0001,"1,2",4,
lstm_autoencoder,0,engine_disjoint_epoch_selection,123,0.09906614447282353,0.13282892012418798,468,473,600.0,6.0,0.0001,"1,2",4,
lstm_autoencoder,0,engine_disjoint_epoch_selection,124,0.09853999348660585,0.1325509461967662,468,473,600.0,6.0,0.0001,"1,2",4,
lstm_autoencoder,0,engine_disjoint_epoch_selection,125,0.09803783138242791,0.13175968660333578,468,473,600.0,6.0,0.0001,"1,2",4,
lstm_autoencoder,0,engine_disjoint_epoch_selection,126,0.09750482878628694,0.1312820956045984,468,473,600.0,6.0,0.0001,"1,2",4,
lstm_autoencoder,0,engine_disjoint_epoch_selection,127,0.09702728680043338,0.1307997707221165,468,473,600.0,6.0,0.0001,"1,2",4,
lstm_autoencoder,0,engine_disjoint_epoch_selection,128,0.09653984867909893,0.1301218645790963,468,473,600.0,6.0,0.0001,"1,2",4,
lstm_autoencoder,0,engine_disjoint_epoch_selection,129,0.0960620973384977,0.1296172131022052,468,473,600.0,6.0,0.0001,"1,2",4,
lstm_autoencoder,0,engine_disjoint_epoch_selection,130,0.09557737892565782,0.12925961678625528,468,473,600.0,6.0,0.0001,"1,2",4,
lstm_autoencoder,0,engine_disjoint_epoch_selection,131,0.09509217201840674,0.1284933082872123,468,473,600.0,6.0,0.0001,"1,2",4,
lstm_autoencoder,0,engine_disjoint_epoch_selection,132,0.09458807433442548,0.12818519394652725,468,473,600.0,6.0,0.0001,"1,2",4,
lstm_autoencoder,0,engine_disjoint_epoch_selection,133,0.09408643561711669,0.1275747093245689,468,473,600.0,6.0,0.0001,"1,2",4,
lstm_autoencoder,0,engine_disjoint_epoch_selection,134,0.09367380946324468,0.1271990218141746,468,473,600.0,6.0,0.0001,"1,2",4,
lstm_autoencoder,0,engine_disjoint_epoch_selection,135,0.09323149299970507,0.12702374239400827,468,473,600.0,6.0,0.0001,"1,2",4,
lstm_autoencoder,0,engine_disjoint_epoch_selection,136,0.09277264258636723,0.12633311195109373,468,473,600.0,6.0,0.0001,"1,2",4,
lstm_autoencoder,0,engine_disjoint_epoch_selection,137,0.09225347199496306,0.12556245015749232,468,473,600.0,6.0,0.0001,"1,2",4,
lstm_autoencoder,0,engine_disjoint_epoch_selection,138,0.09191897512969133,0.12542252052622166,468,473,600.0,6.0,0.0001,"1,2",4,
lstm_autoencoder,0,engine_disjoint_epoch_selection,139,0.09148869339210032,0.12492573618980578,468,473,600.0,6.0,0.0001,"1,2",4,
lstm_autoencoder,0,engine_disjoint_epoch_selection,140,0.09100763741852776,0.12437697892679438,468,473,600.0,6.0,0.0001,"1,2",4,
lstm_autoencoder,0,engine_disjoint_epoch_selection,141,0.0905227166294318,0.12396804709775719,468,473,600.0,6.0,0.0001,"1,2",4,
lstm_autoencoder,0,engine_disjoint_epoch_selection,142,0.0900824175843696,0.12338909609986135,468,473,600.0,6.0,0.0001,"1,2",4,
lstm_autoencoder,0,engine_disjoint_epoch_selection,143,0.08963805071311962,0.12301376325162627,468,473,600.0,6.0,0.0001,"1,2",4,
lstm_autoencoder,0,engine_disjoint_epoch_selection,144,0.0892168866919932,0.12269458736508711,468,473,600.0,6.0,0.0001,"1,2",4,
lstm_autoencoder,0,engine_disjoint_epoch_selection,145,0.08880012165820085,0.12224781088231007,468,473,600.0,6.0,0.0001,"1,2",4,
lstm_autoencoder,0,engine_disjoint_epoch_selection,146,0.08854033588946768,0.12200710534376803,468,473,600.0,6.0,0.0001,"1,2",4,
lstm_autoencoder,0,engine_disjoint_epoch_selection,147,0.08821258912878704,0.12217439190183856,468,473,600.0,6.0,0.0001,"1,2",4,
lstm_autoencoder,0,engine_disjoint_epoch_selection,148,0.08775801526197632,0.12112589559973311,468,473,600.0,6.0,0.0001,"1,2",4,
lstm_autoencoder,0,engine_disjoint_epoch_selection,149,0.08729011723429396,0.12063591882001745,468,473,600.0,6.0,0.0001,"1,2",4,
lstm_autoencoder,0,engine_disjoint_epoch_selection,150,0.08683894094127437,0.12020195518037728,468,473,600.0,6.0,0.0001,"1,2",4,
lstm_autoencoder,0,engine_disjoint_epoch_selection,151,0.08645927293435837,0.1201747856130353,468,473,600.0,6.0,0.0001,"1,2",4,
lstm_autoencoder,0,engine_disjoint_epoch_selection,152,0.08608271289383257,0.11958820277466227,468,473,600.0,6.0,0.0001,"1,2",4,
lstm_autoencoder,0,engine_disjoint_epoch_selection,153,0.08576038144262464,0.11934632709558941,468,473,600.0,6.0,0.0001,"1,2",4,
lstm_autoencoder,0,engine_disjoint_epoch_selection,154,0.08538300872503293,0.11876899188957205,468,473,600.0,6.0,0.0001,"1,2",4,
lstm_autoencoder,0,engine_disjoint_epoch_selection,155,0.08498481345735769,0.1185304837888496,468,473,600.0,6.0,0.0001,"1,2",4,
lstm_autoencoder,0,engine_disjoint_epoch_selection,156,0.08455666206292616,0.11811388440852472,468,473,600.0,6.0,0.0001,"1,2",4,
lstm_autoencoder,0,engine_disjoint_epoch_selection,157,0.08427690956094153,0.1177159627604772,468,473,600.0,6.0,0.0001,"1,2",4,
lstm_autoencoder,0,engine_disjoint_epoch_selection,158,0.08382945248673447,0.11745308080860577,468,473,600.0,6.0,0.0001,"1,2",4,
lstm_autoencoder,0,engine_disjoint_epoch_selection,159,0.08346690208527682,0.11718674762703328,468,473,600.0,6.0,0.0001,"1,2",4,
lstm_autoencoder,0,engine_disjoint_epoch_selection,160,0.08308872176588583,0.11679558901947014,468,473,600.0,6.0,0.0001,"1,2",4,
lstm_autoencoder,0,engine_disjoint_epoch_selection,161,0.08272548620343585,0.11642296334418556,468,473,600.0,6.0,0.0001,"1,2",4,
lstm_autoencoder,0,engine_disjoint_epoch_selection,162,0.08241767826204031,0.1161278086033929,468,473,600.0,6.0,0.0001,"1,2",4,
lstm_autoencoder,0,engine_disjoint_epoch_selection,163,0.08206779445722419,0.11596452899393775,468,473,600.0,6.0,0.0001,"1,2",4,
lstm_autoencoder,0,engine_disjoint_epoch_selection,164,0.08175011765990582,0.11561485362927343,468,473,600.0,6.0,0.0001,"1,2",4,
lstm_autoencoder,0,engine_disjoint_epoch_selection,165,0.08141894572867187,0.11513831976836508,468,473,600.0,6.0,0.0001,"1,2",4,
lstm_autoencoder,0,engine_disjoint_epoch_selection,166,0.08107125380462286,0.11501246998022079,468,473,600.0,6.0,0.0001,"1,2",4,
lstm_autoencoder,0,engine_disjoint_epoch_selection,167,0.08072785745935077,0.1145905257188592,468,473,600.0,6.0,0.0001,"1,2",4,
lstm_autoencoder,0,engine_disjoint_epoch_selection,168,0.08036976948605982,0.1142510597324885,468,473,600.0,6.0,0.0001,"1,2",4,
lstm_autoencoder,0,engine_disjoint_epoch_selection,169,0.08007794609685201,0.11407991102580138,468,473,600.0,6.0,0.0001,"1,2",4,
lstm_autoencoder,0,engine_disjoint_epoch_selection,170,0.07974915065920811,0.11389578657597876,468,473,600.0,6.0,0.0001,"1,2",4,
lstm_autoencoder,0,engine_disjoint_epoch_selection,171,0.07950312203502925,0.1133697834587244,468,473,600.0,6.0,0.0001,"1,2",4,
lstm_autoencoder,0,engine_disjoint_epoch_selection,172,0.07909131966036884,0.11314384067141114,468,473,600.0,6.0,0.0001,"1,2",4,
lstm_autoencoder,0,engine_disjoint_epoch_selection,173,0.07879373679517133,0.11295946135402307,468,473,600.0,6.0,0.0001,"1,2",4,
lstm_autoencoder,0,engine_disjoint_epoch_selection,174,0.07851433512099111,0.1127924854310851,468,473,600.0,6.0,0.0001,"1,2",4,
lstm_autoencoder,0,engine_disjoint_epoch_selection,175,0.07829253772283262,0.11249046883359265,468,473,600.0,6.0,0.0001,"1,2",4,
lstm_autoencoder,0,engine_disjoint_epoch_selection,176,0.07793572364146076,0.11209068435312816,468,473,600.0,6.0,0.0001,"1,2",4,
lstm_autoencoder,0,engine_disjoint_epoch_selection,177,0.07758138565578616,0.11170991979277602,468,473,600.0,6.0,0.0001,"1,2",4,
lstm_autoencoder,0,engine_disjoint_epoch_selection,178,0.07723471639795905,0.11154642371710645,468,473,600.0,6.0,0.0001,"1,2",4,
lstm_autoencoder,0,engine_disjoint_epoch_selection,179,0.07693627232345868,0.1113339534445462,468,473,600.0,6.0,0.0001,"1,2",4,
lstm_autoencoder,0,engine_disjoint_epoch_selection,180,0.07665173384506097,0.11122494570626207,468,473,600.0,6.0,0.0001,"1,2",4,
lstm_autoencoder,0,engine_disjoint_epoch_selection,181,0.07638577433170107,0.11066949413384679,468,473,600.0,6.0,0.0001,"1,2",4,
lstm_autoencoder,0,engine_disjoint_epoch_selection,182,0.07610670984554624,0.11053819697953152,468,473,600.0,6.0,0.0001,"1,2",4,
lstm_autoencoder,0,engine_disjoint_epoch_selection,183,0.07577016130374747,0.11014045290715818,468,473,600.0,6.0,0.0001,"1,2",4,
lstm_autoencoder,0,engine_disjoint_epoch_selection,184,0.07548575351346497,0.10982297670844275,468,473,600.0,6.0,0.0001,"1,2",4,
lstm_autoencoder,0,engine_disjoint_epoch_selection,185,0.0752506494006638,0.10980343751401038,468,473,600.0,6.0,0.0001,"1,2",4,
lstm_autoencoder,0,engine_disjoint_epoch_selection,186,0.07496605001906677,0.10926728690089431,468,473,600.0,6.0,0.0001,"1,2",4,
lstm_autoencoder,0,engine_disjoint_epoch_selection,187,0.07463774529626321,0.10907166992954549,468,473,600.0,6.0,0.0001,"1,2",4,
lstm_autoencoder,0,engine_disjoint_epoch_selection,188,0.07432489285706165,0.10882798327210928,468,473,600.0,6.0,0.0001,"1,2",4,
lstm_autoencoder,0,engine_disjoint_epoch_selection,189,0.07406833686111731,0.10852514067867775,468,473,600.0,6.0,0.0001,"1,2",4,
lstm_autoencoder,0,engine_disjoint_epoch_selection,190,0.0737852543498283,0.10824212492291944,468,473,600.0,6.0,0.0001,"1,2",4,
lstm_autoencoder,0,engine_disjoint_epoch_selection,191,0.07354739690489129,0.10830171256837065,468,473,600.0,6.0,0.0001,"1,2",4,
lstm_autoencoder,0,engine_disjoint_epoch_selection,192,0.07325808831028864,0.10789539349877122,468,473,600.0,6.0,0.0001,"1,2",4,
lstm_autoencoder,0,engine_disjoint_epoch_selection,193,0.07298784368588923,0.10773190818526372,468,473,600.0,6.0,0.0001,"1,2",4,
lstm_autoencoder,0,engine_disjoint_epoch_selection,194,0.07274593046852262,0.10740213352583958,468,473,600.0,6.0,0.0001,"1,2",4,
lstm_autoencoder,0,engine_disjoint_epoch_selection,195,0.07249646525444058,0.10719316951676373,468,473,600.0,6.0,0.0001,"1,2",4,
lstm_autoencoder,0,engine_disjoint_epoch_selection,196,0.07221348107644213,0.10685707477766235,468,473,600.0,6.0,0.0001,"1,2",4,
lstm_autoencoder,0,engine_disjoint_epoch_selection,197,0.07197933047935527,0.10665634798068027,468,473,600.0,6.0,0.0001,"1,2",4,
lstm_autoencoder,0,engine_disjoint_epoch_selection,198,0.07171202031066884,0.10644245514596967,468,473,600.0,6.0,0.0001,"1,2",4,
lstm_autoencoder,0,engine_disjoint_epoch_selection,199,0.07148385979699827,0.10626784836093289,468,473,600.0,6.0,0.0001,"1,2",4,
lstm_autoencoder,0,engine_disjoint_epoch_selection,200,0.07125549214900918,0.10616683079420404,468,473,600.0,6.0,0.0001,"1,2",4,
lstm_autoencoder,0,engine_disjoint_epoch_selection,201,0.07097298885252201,0.10578044153660131,468,473,600.0,6.0,0.0001,"1,2",4,
lstm_autoencoder,0,engine_disjoint_epoch_selection,202,0.0707165882866176,0.10565167764848121,468,473,600.0,6.0,0.0001,"1,2",4,
lstm_autoencoder,0,engine_disjoint_epoch_selection,203,0.07044876392998276,0.10532493155930218,468,473,600.0,6.0,0.0001,"1,2",4,
lstm_autoencoder,0,engine_disjoint_epoch_selection,204,0.0702048757994966,0.10529891941357221,468,473,600.0,6.0,0.0001,"1,2",4,
lstm_autoencoder,0,engine_disjoint_epoch_selection,205,0.06995001303937498,0.10497395470681084,468,473,600.0,6.0,0.0001,"1,2",4,
lstm_autoencoder,0,engine_disjoint_epoch_selection,206,0.06974890877200149,0.10469558551452746,468,473,600.0,6.0,0.0001,"1,2",4,
lstm_autoencoder,0,engine_disjoint_epoch_selection,207,0.06945811375869049,0.10455076692654065,468,473,600.0,6.0,0.0001,"1,2",4,
lstm_autoencoder,0,engine_disjoint_epoch_selection,208,0.0693054903411992,0.10426305666676727,468,473,600.0,6.0,0.0001,"1,2",4,
lstm_autoencoder,0,engine_disjoint_epoch_selection,209,0.06905536217041625,0.1045577620872934,468,473,600.0,6.0,0.0001,"1,2",4,
lstm_autoencoder,0,engine_disjoint_epoch_selection,210,0.06887205622863515,0.10400416747702486,468,473,600.0,6.0,0.0001,"1,2",4,
lstm_autoencoder,0,engine_disjoint_epoch_selection,211,0.06858754185775384,0.10381483145021848,468,473,600.0,6.0,0.0001,"1,2",4,
lstm_autoencoder,0,engine_disjoint_epoch_selection,212,0.068386380493631,0.10363770436249993,468,473,600.0,6.0,0.0001,"1,2",4,
lstm_autoencoder,0,engine_disjoint_epoch_selection,213,0.06814712671596794,0.10331653087192329,468,473,600.0,6.0,0.0001,"1,2",4,
lstm_autoencoder,0,engine_disjoint_epoch_selection,214,0.06788171818623938,0.10307739416309795,468,473,600.0,6.0,0.0001,"1,2",4,
lstm_autoencoder,0,engine_disjoint_epoch_selection,215,0.06767897111850513,0.10305315606194786,468,473,600.0,6.0,0.0001,"1,2",4,
lstm_autoencoder,0,engine_disjoint_epoch_selection,216,0.06748273308019798,0.10271092982560007,468,473,600.0,6.0,0.0001,"1,2",4,
lstm_autoencoder,0,engine_disjoint_epoch_selection,217,0.06724564644137734,0.10257223148350839,468,473,600.0,6.0,0.0001,"1,2",4,
lstm_autoencoder,0,engine_disjoint_epoch_selection,218,0.0670049176643558,0.10254507487967982,468,473,600.0,6.0,0.0001,"1,2",4,
lstm_autoencoder,0,engine_disjoint_epoch_selection,219,0.06680211001062639,0.10217201113547995,468,473,600.0,6.0,0.0001,"1,2",4,
lstm_autoencoder,0,engine_disjoint_epoch_selection,220,0.066554044301312,0.10199284706399453,468,473,600.0,6.0,0.0001,"1,2",4,
lstm_autoencoder,0,engine_disjoint_epoch_selection,221,0.06638966053947323,0.10187980106898717,468,473,600.0,6.0,0.0001,"1,2",4,
lstm_autoencoder,0,engine_disjoint_epoch_selection,222,0.06616053794557593,0.1015794787782374,468,473,600.0,6.0,0.0001,"1,2",4,
lstm_autoencoder,0,engine_disjoint_epoch_selection,223,0.06592186909238966,0.10145271958739796,468,473,600.0,6.0,0.0001,"1,2",4,
lstm_autoencoder,0,engine_disjoint_epoch_selection,224,0.06569382626146361,0.1010499045799316,468,473,600.0,6.0,0.0001,"1,2",4,
lstm_autoencoder,0,engine_disjoint_epoch_selection,225,0.06547170246022128,0.10098528317776544,468,473,600.0,6.0,0.0001,"1,2",4,
lstm_autoencoder,0,engine_disjoint_epoch_selection,226,0.06528232205871654,0.10117158990054291,468,473,600.0,6.0,0.0001,"1,2",4,
lstm_autoencoder,0,engine_disjoint_epoch_selection,227,0.06514168705536605,0.1008207830412934,468,473,600.0,6.0,0.0001,"1,2",4,
lstm_autoencoder,0,engine_disjoint_epoch_selection,228,0.06489024248730615,0.10037832487604807,468,473,600.0,6.0,0.0001,"1,2",4,
lstm_autoencoder,0,engine_disjoint_epoch_selection,229,0.06468691525315755,0.10028438147412536,468,473,600.0,6.0,0.0001,"1,2",4,
lstm_autoencoder,0,engine_disjoint_epoch_selection,230,0.06451865493924135,0.1002261173300145,468,473,600.0,6.0,0.0001,"1,2",4,
lstm_autoencoder,0,engine_disjoint_epoch_selection,231,0.06432824933388141,0.09996327549165626,468,473,600.0,6.0,0.0001,"1,2",4,
lstm_autoencoder,0,engine_disjoint_epoch_selection,232,0.0643064091928426,0.0999279741324899,468,473,600.0,6.0,0.0001,"1,2",4,
lstm_autoencoder,0,engine_disjoint_epoch_selection,233,0.06404145458227145,0.10012392204032246,468,473,600.0,6.0,0.0001,"1,2",4,
lstm_autoencoder,0,engine_disjoint_epoch_selection,234,0.0638102993440969,0.09950241769818534,468,473,600.0,6.0,0.0001,"1,2",4,
lstm_autoencoder,0,engine_disjoint_epoch_selection,235,0.06355873931372163,0.09953220442766775,468,473,600.0,6.0,0.0001,"1,2",4,
lstm_autoencoder,0,engine_disjoint_epoch_selection,236,0.06334718697562346,0.09924941003001571,468,473,600.0,6.0,0.0001,"1,2",4,
lstm_autoencoder,0,engine_disjoint_epoch_selection,237,0.06318464585276821,0.09933112076717512,468,473,600.0,6.0,0.0001,"1,2",4,
lstm_autoencoder,0,engine_disjoint_epoch_selection,238,0.06297397090138522,0.09887635533581578,468,473,600.0,6.0,0.0001,"1,2",4,
lstm_autoencoder,0,engine_disjoint_epoch_selection,239,0.06277543503612047,0.09870833939667022,468,473,600.0,6.0,0.0001,"1,2",4,
lstm_autoencoder,0,engine_disjoint_epoch_selection,240,0.06255663109364931,0.09853014685490645,468,473,600.0,6.0,0.0001,"1,2",4,
lstm_autoencoder,0,engine_disjoint_epoch_selection,241,0.06238171076112434,0.0982757953840453,468,473,600.0,6.0,0.0001,"1,2",4,
lstm_autoencoder,0,engine_disjoint_epoch_selection,242,0.062177421129544844,0.09826694008141611,468,473,600.0,6.0,0.0001,"1,2",4,
lstm_autoencoder,0,engine_disjoint_epoch_selection,243,0.06201209209929999,0.0980030212930668,468,473,600.0,6.0,0.0001,"1,2",4,
lstm_autoencoder,0,engine_disjoint_epoch_selection,244,0.06185717973656768,0.09796070080287764,468,473,600.0,6.0,0.0001,"1,2",4,
lstm_autoencoder,0,engine_disjoint_epoch_selection,245,0.06165279399212676,0.09787935744679625,468,473,600.0,6.0,0.0001,"1,2",4,
lstm_autoencoder,0,engine_disjoint_epoch_selection,246,0.061479151357970815,0.09764885688384517,468,473,600.0,6.0,0.0001,"1,2",4,
lstm_autoencoder,0,engine_disjoint_epoch_selection,247,0.06130908678677481,0.09755396372111952,468,473,600.0,6.0,0.0001,"1,2",4,
lstm_autoencoder,0,engine_disjoint_epoch_selection,248,0.06114727681951556,0.09734518340258269,468,473,600.0,6.0,0.0001,"1,2",4,
lstm_autoencoder,0,engine_disjoint_epoch_selection,249,0.061047985255173035,0.09705136072394113,468,473,600.0,6.0,0.0001,"1,2",4,
lstm_autoencoder,0,engine_disjoint_epoch_selection,250,0.06077545041671593,0.0971373230043085,468,473,600.0,6.0,0.0001,"1,2",4,
lstm_autoencoder,0,engine_disjoint_epoch_selection,251,0.06061456795442963,0.09692644381957288,468,473,600.0,6.0,0.0001,"1,2",4,
lstm_autoencoder,0,engine_disjoint_epoch_selection,252,0.060402124907041416,0.09693627627759935,468,473,600.0,6.0,0.0001,"1,2",4,
lstm_autoencoder,0,engine_disjoint_epoch_selection,253,0.060240887176092425,0.09669358707691163,468,473,600.0,6.0,0.0001,"1,2",4,
lstm_autoencoder,0,engine_disjoint_epoch_selection,254,0.060101364924946145,0.09664129837869712,468,473,600.0,6.0,0.0001,"1,2",4,
lstm_autoencoder,0,engine_disjoint_epoch_selection,255,0.05995702941782875,0.09635663112024981,468,473,600.0,6.0,0.0001,"1,2",4,
lstm_autoencoder,0,engine_disjoint_epoch_selection,256,0.05979390654253837,0.09625438348731495,468,473,600.0,6.0,0.0001,"1,2",4,
lstm_autoencoder,0,engine_disjoint_epoch_selection,257,0.05957361078888807,0.09600372930831498,468,473,600.0,6.0,0.0001,"1,2",4,
lstm_autoencoder,0,engine_disjoint_epoch_selection,258,0.05943501921475637,0.09598585629224717,468,473,600.0,6.0,0.0001,"1,2",4,
lstm_autoencoder,0,engine_disjoint_epoch_selection,259,0.05925648592681352,0.09580507936401837,468,473,600.0,6.0,0.0001,"1,2",4,
lstm_autoencoder,0,engine_disjoint_epoch_selection,260,0.05908648416204181,0.0958198499422741,468,473,600.0,6.0,0.0001,"1,2",4,
lstm_autoencoder,0,engine_disjoint_epoch_selection,261,0.0590392588062372,0.09580695295859741,468,473,600.0,6.0,0.0001,"1,2",4,
lstm_autoencoder,0,engine_disjoint_epoch_selection,262,0.05888528473341939,0.0957250739403583,468,473,600.0,6.0,0.0001,"1,2",4,
lstm_autoencoder,0,engine_disjoint_epoch_selection,263,0.05865719210143972,0.0952295336120402,468,473,600.0,6.0,0.0001,"1,2",4,
lstm_autoencoder,0,engine_disjoint_epoch_selection,264,0.05847840758779967,0.09519644632312572,468,473,600.0,6.0,0.0001,"1,2",4,
lstm_autoencoder,0,engine_disjoint_epoch_selection,265,0.05827756850310655,0.09521363740946948,468,473,600.0,6.0,0.0001,"1,2",4,
lstm_autoencoder,0,engine_disjoint_epoch_selection,266,0.05821034881728829,0.0950617950431626,468,473,600.0,6.0,0.0001,"1,2",4,
lstm_autoencoder,0,engine_disjoint_epoch_selection,267,0.05799258403565549,0.09490361498636782,468,473,600.0,6.0,0.0001,"1,2",4,
lstm_autoencoder,0,engine_disjoint_epoch_selection,268,0.05783316610499029,0.09464163999124563,468,473,600.0,6.0,0.0001,"1,2",4,
lstm_autoencoder,0,engine_disjoint_epoch_selection,269,0.0576444448537365,0.09472742347296582,468,473,600.0,6.0,0.0001,"1,2",4,
lstm_autoencoder,0,engine_disjoint_epoch_selection,270,0.05751493293156981,0.09439814411759162,468,473,600.0,6.0,0.0001,"1,2",4,
lstm_autoencoder,0,engine_disjoint_epoch_selection,271,0.05740452716776005,0.09448629674253539,468,473,600.0,6.0,0.0001,"1,2",4,
lstm_autoencoder,0,engine_disjoint_epoch_selection,272,0.05723658564402778,0.0942749926969925,468,473,600.0,6.0,0.0001,"1,2",4,
lstm_autoencoder,0,engine_disjoint_epoch_selection,273,0.057020702200286426,0.0939940122128389,468,473,600.0,6.0,0.0001,"1,2",4,
lstm_autoencoder,0,engine_disjoint_epoch_selection,274,0.05691779514289271,0.09402679791662075,468,473,600.0,6.0,0.0001,"1,2",4,
lstm_autoencoder,0,engine_disjoint_epoch_selection,275,0.05672399799062074,0.09372660012451861,468,473,600.0,6.0,0.0001,"1,2",4,
lstm_autoencoder,0,engine_disjoint_epoch_selection,276,0.05657692501157567,0.09373196555150108,468,473,600.0,6.0,0.0001,"1,2",4,
lstm_autoencoder,0,engine_disjoint_epoch_selection,277,0.05643632775552059,0.09346953732259887,468,473,600.0,6.0,0.0001,"1,2",4,
lstm_autoencoder,0,engine_disjoint_epoch_selection,278,0.05628514825137982,0.09342197247975054,468,473,600.0,6.0,0.0001,"1,2",4,
lstm_autoencoder,0,engine_disjoint_epoch_selection,279,0.056119635559924524,0.09341657501087644,468,473,600.0,6.0,0.0001,"1,2",4,
lstm_autoencoder,0,engine_disjoint_epoch_selection,280,0.0559854112527106,0.09325676008382495,468,473,600.0,6.0,0.0001,"1,2",4,
lstm_autoencoder,0,engine_disjoint_epoch_selection,281,0.05584297104046782,0.0931824776844417,468,473,600.0,6.0,0.0001,"1,2",4,
lstm_autoencoder,0,engine_disjoint_epoch_selection,282,0.05568990956402729,0.09299108168197674,468,473,600.0,6.0,0.0001,"1,2",4,
lstm_autoencoder,0,engine_disjoint_epoch_selection,283,0.055537239834728205,0.09282681195361091,468,473,600.0,6.0,0.0001,"1,2",4,
lstm_autoencoder,0,engine_disjoint_epoch_selection,284,0.05546497723712474,0.09297468063616697,468,473,600.0,6.0,0.0001,"1,2",4,
lstm_autoencoder,0,engine_disjoint_epoch_selection,285,0.05532085964926741,0.093100276045935,468,473,600.0,6.0,0.0001,"1,2",4,
lstm_autoencoder,0,engine_disjoint_epoch_selection,286,0.05517320935864546,0.09262698942283754,468,473,600.0,6.0,0.0001,"1,2",4,
lstm_autoencoder,0,engine_disjoint_epoch_selection,287,0.05497679463761947,0.09241618997593909,468,473,600.0,6.0,0.0001,"1,2",4,
lstm_autoencoder,0,engine_disjoint_epoch_selection,288,0.05485520140018079,0.09252945904121487,468,473,600.0,6.0,0.0001,"1,2",4,
lstm_autoencoder,0,engine_disjoint_epoch_selection,289,0.054714809375219255,0.09227303267442498,468,473,600.0,6.0,0.0001,"1,2",4,
lstm_autoencoder,0,engine_disjoint_epoch_selection,290,0.05460845779781827,0.09215597752945091,468,473,600.0,6.0,0.0001,"1,2",4,
lstm_autoencoder,0,engine_disjoint_epoch_selection,291,0.054484496314097776,0.09212394517701417,468,473,600.0,6.0,0.0001,"1,2",4,
lstm_autoencoder,0,engine_disjoint_epoch_selection,292,0.054373423469932985,0.09208291321113862,468,473,600.0,6.0,0.0001,"1,2",4,
lstm_autoencoder,0,engine_disjoint_epoch_selection,293,0.05423639317469214,0.09160639598266257,468,473,600.0,6.0,0.0001,"1,2",4,
lstm_autoencoder,0,engine_disjoint_epoch_selection,294,0.05420698819016927,0.0919935980280964,468,473,600.0,6.0,0.0001,"1,2",4,
lstm_autoencoder,0,engine_disjoint_epoch_selection,295,0.053959589402607824,0.09165257299579269,468,473,600.0,6.0,0.0001,"1,2",4,
lstm_autoencoder,0,engine_disjoint_epoch_selection,296,0.05384459147412864,0.09158157941530105,468,473,600.0,6.0,0.0001,"1,2",4,
lstm_autoencoder,0,engine_disjoint_epoch_selection,297,0.053650381322036304,0.09194773213928802,468,473,600.0,6.0,0.0001,"1,2",4,
lstm_autoencoder,0,engine_disjoint_epoch_selection,298,0.05364564007141022,0.0911819155199707,468,473,600.0,6.0,0.0001,"1,2",4,
lstm_autoencoder,0,engine_disjoint_epoch_selection,299,0.05350907606628915,0.09112258543262546,468,473,600.0,6.0,0.0001,"1,2",4,
lstm_autoencoder,0,engine_disjoint_epoch_selection,300,0.053271341062159104,0.0910319685171616,468,473,600.0,6.0,0.0001,"1,2",4,
lstm_autoencoder,0,engine_disjoint_epoch_selection,301,0.05313959189902997,0.09084901274030226,468,473,600.0,6.0,0.0001,"1,2",4,
lstm_autoencoder,0,engine_disjoint_epoch_selection,302,0.05303985085638831,0.0908786106427592,468,473,600.0,6.0,0.0001,"1,2",4,
lstm_autoencoder,0,engine_disjoint_epoch_selection,303,0.052884226053105644,0.09060190102478638,468,473,600.0,6.0,0.0001,"1,2",4,
lstm_autoencoder,0,engine_disjoint_epoch_selection,304,0.05279150727622703,0.09062182594489122,468,473,600.0,6.0,0.0001,"1,2",4,
lstm_autoencoder,0,engine_disjoint_epoch_selection,305,0.05265857335554865,0.09045012738956003,468,473,600.0,6.0,0.0001,"1,2",4,
lstm_autoencoder,0,engine_disjoint_epoch_selection,306,0.05249881760244974,0.09031908632578316,468,473,600.0,6.0,0.0001,"1,2",4,
lstm_autoencoder,0,engine_disjoint_epoch_selection,307,0.05231008049098779,0.09041360648175514,468,473,600.0,6.0,0.0001,"1,2",4,
lstm_autoencoder,0,engine_disjoint_epoch_selection,308,0.05219057826339237,0.0900157442701936,468,473,600.0,6.0,0.0001,"1,2",4,
lstm_autoencoder,0,engine_disjoint_epoch_selection,309,0.05206222667405436,0.09025981469654554,468,473,600.0,6.0,0.0001,"1,2",4,
lstm_autoencoder,0,engine_disjoint_epoch_selection,310,0.05188768920695427,0.08974918973051484,468,473,600.0,6.0,0.0001,"1,2",4,
lstm_autoencoder,0,engine_disjoint_epoch_selection,311,0.05176050651495734,0.08997795880834517,468,473,600.0,6.0,0.0001,"1,2",4,
lstm_autoencoder,0,engine_disjoint_epoch_selection,312,0.05164641134952638,0.08967858260947945,468,473,600.0,6.0,0.0001,"1,2",4,
lstm_autoencoder,0,engine_disjoint_epoch_selection,313,0.05152341797291172,0.08969017761613993,468,473,600.0,6.0,0.0001,"1,2",4,
lstm_autoencoder,0,engine_disjoint_epoch_selection,314,0.05140795978119186,0.08967769546489221,468,473,600.0,6.0,0.0001,"1,2",4,
lstm_autoencoder,0,engine_disjoint_epoch_selection,315,0.051277114649927596,0.089451817495146,468,473,600.0,6.0,0.0001,"1,2",4,
lstm_autoencoder,0,engine_disjoint_epoch_selection,316,0.05119520032265094,0.0894106194495421,468,473,600.0,6.0,0.0001,"1,2",4,
lstm_autoencoder,0,engine_disjoint_epoch_selection,317,0.05108752267324605,0.0891714521663927,468,473,600.0,6.0,0.0001,"1,2",4,
lstm_autoencoder,0,engine_disjoint_epoch_selection,318,0.0509904096670958,0.08933027159345244,468,473,600.0,6.0,0.0001,"1,2",4,
lstm_autoencoder,0,engine_disjoint_epoch_selection,319,0.0509335308369951,0.08934010160553299,468,473,600.0,6.0,0.0001,"1,2",4,
lstm_autoencoder,0,engine_disjoint_epoch_selection,320,0.05074907280969358,0.08889173745925563,468,473,600.0,6.0,0.0001,"1,2",4,
lstm_autoencoder,0,engine_disjoint_epoch_selection,321,0.050595507930246184,0.08897910469096268,468,473,600.0,6.0,0.0001,"1,2",4,
lstm_autoencoder,0,engine_disjoint_epoch_selection,322,0.050467908431978924,0.08929964590451754,468,473,600.0,6.0,0.0001,"1,2",4,
lstm_autoencoder,0,engine_disjoint_epoch_selection,323,0.05036977022197348,0.08870050264462717,468,473,600.0,6.0,0.0001,"1,2",4,
lstm_autoencoder,0,engine_disjoint_epoch_selection,324,0.050247547017066865,0.0887204116660835,468,473,600.0,6.0,0.0001,"1,2",4,
lstm_autoencoder,0,engine_disjoint_epoch_selection,325,0.05009566331968398,0.08844688789267881,468,473,600.0,6.0,0.0001,"1,2",4,
lstm_autoencoder,0,engine_disjoint_epoch_selection,326,0.04997723387656822,0.08858777266583341,468,473,600.0,6.0,0.0001,"1,2",4,
lstm_autoencoder,0,engine_disjoint_epoch_selection,327,0.049840609285451996,0.08835034542861551,468,473,600.0,6.0,0.0001,"1,2",4,
lstm_autoencoder,0,engine_disjoint_epoch_selection,328,0.04974772270757109,0.08827933472650239,468,473,600.0,6.0,0.0001,"1,2",4,
lstm_autoencoder,0,engine_disjoint_epoch_selection,329,0.049643762215151675,0.08826487845229809,468,473,600.0,6.0,0.0001,"1,2",4,
lstm_autoencoder,0,engine_disjoint_epoch_selection,330,0.04956816421577305,0.08817073619497162,468,473,600.0,6.0,0.0001,"1,2",4,
lstm_autoencoder,0,engine_disjoint_epoch_selection,331,0.0494169149267164,0.08836076809339384,468,473,600.0,6.0,0.0001,"1,2",4,
lstm_autoencoder,0,engine_disjoint_epoch_selection,332,0.04933953582596188,0.08806273349586834,468,473,600.0,6.0,0.0001,"1,2",4,
lstm_autoencoder,0,engine_disjoint_epoch_selection,333,0.049291685577955935,0.08790537821203967,468,473,600.0,6.0,0.0001,"1,2",4,
lstm_autoencoder,0,engine_disjoint_epoch_selection,334,0.04921853734632905,0.0877923097143298,468,473,600.0,6.0,0.0001,"1,2",4,
lstm_autoencoder,0,engine_disjoint_epoch_selection,335,0.048987533414540305,0.08789899747290346,468,473,600.0,6.0,0.0001,"1,2",4,
lstm_autoencoder,0,engine_disjoint_epoch_selection,336,0.04888921154332442,0.08758183459986109,468,473,600.0,6.0,0.0001,"1,2",4,
lstm_autoencoder,0,engine_disjoint_epoch_selection,337,0.048795859626936236,0.08768134888822404,468,473,600.0,6.0,0.0001,"1,2",4,
lstm_autoencoder,0,engine_disjoint_epoch_selection,338,0.04873478767500331,0.08743446709162518,468,473,600.0,6.0,0.0001,"1,2",4,
lstm_autoencoder,0,engine_disjoint_epoch_selection,339,0.0485996748789285,0.08745876462926129,468,473,600.0,6.0,0.0001,"1,2",4,
lstm_autoencoder,0,engine_disjoint_epoch_selection,340,0.04846486279240032,0.08719003490987084,468,473,600.0,6.0,0.0001,"1,2",4,
lstm_autoencoder,0,engine_disjoint_epoch_selection,341,0.048292454082438895,0.08708423967696545,468,473,600.0,6.0,0.0001,"1,2",4,
lstm_autoencoder,0,engine_disjoint_epoch_selection,342,0.04819357171146679,0.08717587239377221,468,473,600.0,6.0,0.0001,"1,2",4,
lstm_autoencoder,0,engine_disjoint_epoch_selection,343,0.04809676893098807,0.08689474392989012,468,473,600.0,6.0,0.0001,"1,2",4,
lstm_autoencoder,0,engine_disjoint_epoch_selection,344,0.04796445704767356,0.08707322289192178,468,473,600.0,6.0,0.0001,"1,2",4,
lstm_autoencoder,0,engine_disjoint_epoch_selection,345,0.04784639714740783,0.08684964851404832,468,473,600.0,6.0,0.0001,"1,2",4,
lstm_autoencoder,0,engine_disjoint_epoch_selection,346,0.047733904497408934,0.08689936334336529,468,473,600.0,6.0,0.0001,"1,2",4,
lstm_autoencoder,0,engine_disjoint_epoch_selection,347,0.047629963354443465,0.086509479318224,468,473,600.0,6.0,0.0001,"1,2",4,
lstm_autoencoder,0,engine_disjoint_epoch_selection,348,0.04751582156000053,0.08647746359821955,468,473,600.0,6.0,0.0001,"1,2",4,
lstm_autoencoder,0,engine_disjoint_epoch_selection,349,0.047478398764448676,0.08643836026070637,468,473,600.0,6.0,0.0001,"1,2",4,
lstm_autoencoder,0,engine_disjoint_epoch_selection,350,0.047379439947273255,0.08644149645257222,468,473,600.0,6.0,0.0001,"1,2",4,
lstm_autoencoder,0,engine_disjoint_epoch_selection,351,0.047226324546125,0.08614066075777267,468,473,600.0,6.0,0.0001,"1,2",4,
lstm_autoencoder,0,engine_disjoint_epoch_selection,352,0.04708920035845187,0.08614905671175702,468,473,600.0,6.0,0.0001,"1,2",4,
lstm_autoencoder,0,engine_disjoint_epoch_selection,353,0.047024803789685335,0.08642599918378198,468,473,600.0,6.0,0.0001,"1,2",4,
lstm_autoencoder,0,engine_disjoint_epoch_selection,354,0.04697379260219395,0.08622039076792151,468,473,600.0,6.0,0.0001,"1,2",4,
lstm_autoencoder,0,engine_disjoint_epoch_selection,355,0.0468035710149372,0.08595357035392062,468,473,600.0,6.0,0.0001,"1,2",4,
lstm_autoencoder,0,engine_disjoint_epoch_selection,356,0.0467009338982863,0.0859250073311848,468,473,600.0,6.0,0.0001,"1,2",4,
lstm_autoencoder,0,engine_disjoint_epoch_selection,357,0.04664724265282074,0.08598582993473386,468,473,600.0,6.0,0.0001,"1,2",4,
lstm_autoencoder,0,engine_disjoint_epoch_selection,358,0.046564476473764035,0.0858171036928915,468,473,600.0,6.0,0.0001,"1,2",4,
lstm_autoencoder,0,engine_disjoint_epoch_selection,359,0.046542910397122154,0.08575161813802981,468,473,600.0,6.0,0.0001,"1,2",4,
lstm_autoencoder,0,engine_disjoint_epoch_selection,360,0.04638041082801229,0.08566743870764765,468,473,600.0,6.0,0.0001,"1,2",4,
lstm_autoencoder,0,engine_disjoint_epoch_selection,361,0.046223412530703334,0.08537992485733209,468,473,600.0,6.0,0.0001,"1,2",4,
lstm_autoencoder,0,engine_disjoint_epoch_selection,362,0.04608132504948994,0.08540139806120785,468,473,600.0,6.0,0.0001,"1,2",4,
lstm_autoencoder,0,engine_disjoint_epoch_selection,363,0.04601059930605677,0.08552460304802276,468,473,600.0,6.0,0.0001,"1,2",4,
lstm_autoencoder,0,engine_disjoint_epoch_selection,364,0.045877875374534374,0.08515974643078178,468,473,600.0,6.0,0.0001,"1,2",4,
lstm_autoencoder,0,engine_disjoint_epoch_selection,365,0.04580153321418908,0.08490794975043994,468,473,600.0,6.0,0.0001,"1,2",4,
lstm_autoencoder,0,engine_disjoint_epoch_selection,366,0.0457389386822732,0.08540168912877301,468,473,600.0,6.0,0.0001,"1,2",4,
lstm_autoencoder,0,engine_disjoint_epoch_selection,367,0.04560197182786498,0.08497420235394391,468,473,600.0,6.0,0.0001,"1,2",4,
lstm_autoencoder,0,engine_disjoint_epoch_selection,368,0.04550027458714939,0.08479750991081635,468,473,600.0,6.0,0.0001,"1,2",4,
lstm_autoencoder,0,engine_disjoint_epoch_selection,369,0.045418722982833254,0.085171718602304,468,473,600.0,6.0,0.0001,"1,2",4,
lstm_autoencoder,0,engine_disjoint_epoch_selection,370,0.04530874354141872,0.08501592163062456,468,473,600.0,6.0,0.0001,"1,2",4,
lstm_autoencoder,0,engine_disjoint_epoch_selection,371,0.04526192135210543,0.08474726736866593,468,473,600.0,6.0,0.0001,"1,2",4,
lstm_autoencoder,0,engine_disjoint_epoch_selection,372,0.0451677957747634,0.08497773601202269,468,473,600.0,6.0,0.0001,"1,2",4,
lstm_autoencoder,0,engine_disjoint_epoch_selection,373,0.0450736949393461,0.08484732123270008,468,473,600.0,6.0,0.0001,"1,2",4,
lstm_autoencoder,0,engine_disjoint_epoch_selection,374,0.044981483371924307,0.08465727539238609,468,473,600.0,6.0,0.0001,"1,2",4,
lstm_autoencoder,0,engine_disjoint_epoch_selection,375,0.04490983075792651,0.08433701167139648,468,473,600.0,6.0,0.0001,"1,2",4,
lstm_autoencoder,0,engine_disjoint_epoch_selection,376,0.04484352430289386,0.08458922208349165,468,473,600.0,6.0,0.0001,"1,2",4,
lstm_autoencoder,0,engine_disjoint_epoch_selection,377,0.044674929021381406,0.08446297336156688,468,473,600.0,6.0,0.0001,"1,2",4,
lstm_autoencoder,0,engine_disjoint_epoch_selection,378,0.044565480262531765,0.08440171917085924,468,473,600.0,6.0,0.0001,"1,2",4,
lstm_autoencoder,0,engine_disjoint_epoch_selection,379,0.04454820865445222,0.08465113215459925,468,473,600.0,6.0,0.0001,"1,2",4,
lstm_autoencoder,0,engine_disjoint_epoch_selection,380,0.04448493958788348,0.08411903215023334,468,473,600.0,6.0,0.0001,"1,2",4,
lstm_autoencoder,0,engine_disjoint_epoch_selection,381,0.04445938324147168,0.0842516322599432,468,473,600.0,6.0,0.0001,"1,2",4,
lstm_autoencoder,0,engine_disjoint_epoch_selection,382,0.04440334198896369,0.0843003298203497,468,473,600.0,6.0,0.0001,"1,2",4,
lstm_autoencoder,0,engine_disjoint_epoch_selection,383,0.04427803048432498,0.08405772879601259,468,473,600.0,6.0,0.0001,"1,2",4,
lstm_autoencoder,0,engine_disjoint_epoch_selection,384,0.04406246583076755,0.08400400799645862,468,473,600.0,6.0,0.0001,"1,2",4,
lstm_autoencoder,0,engine_disjoint_epoch_selection,385,0.043874227998658345,0.08385421667810769,468,473,600.0,6.0,0.0001,"1,2",4,
lstm_autoencoder,0,engine_disjoint_epoch_selection,386,0.04378004881381275,0.08389925718246347,468,473,600.0,6.0,0.0001,"1,2",4,
lstm_autoencoder,0,engine_disjoint_epoch_selection,387,0.04374864084360188,0.08363599953329787,468,473,600.0,6.0,0.0001,"1,2",4,
lstm_autoencoder,0,engine_disjoint_epoch_selection,388,0.0436297076802751,0.08363599696505464,468,473,600.0,6.0,0.0001,"1,2",4,
lstm_autoencoder,0,engine_disjoint_epoch_selection,389,0.04351065715140795,0.08364119044203855,468,473,600.0,6.0,0.0001,"1,2",4,
lstm_autoencoder,0,engine_disjoint_epoch_selection,390,0.043497396114164755,0.08363964705015947,468,473,600.0,6.0,0.0001,"1,2",4,
lstm_autoencoder,0,engine_disjoint_epoch_selection,391,0.043410769401840854,0.08373626044665462,468,473,600.0,6.0,0.0001,"1,2",4,
lstm_autoencoder,0,engine_disjoint_epoch_selection,392,0.043310356362179635,0.08339970281228679,468,473,600.0,6.0,0.0001,"1,2",4,
lstm_autoencoder,0,engine_disjoint_epoch_selection,393,0.04317515918979743,0.08315872809739563,468,473,600.0,6.0,0.0001,"1,2",4,
lstm_autoencoder,0,engine_disjoint_epoch_selection,394,0.043081666117556656,0.08325461052295091,468,473,600.0,6.0,0.0001,"1,2",4,
lstm_autoencoder,0,engine_disjoint_epoch_selection,395,0.04295997803607321,0.08337684398004415,468,473,600.0,6.0,0.0001,"1,2",4,
lstm_autoencoder,0,engine_disjoint_epoch_selection,396,0.04286822229103381,0.08300775098445998,468,473,600.0,6.0,0.0001,"1,2",4,
lstm_autoencoder,0,engine_disjoint_epoch_selection,397,0.04278863196005822,0.08309359084523375,468,473,600.0,6.0,0.0001,"1,2",4,
lstm_autoencoder,0,engine_disjoint_epoch_selection,398,0.04270630415715494,0.08290657247448921,468,473,600.0,6.0,0.0001,"1,2",4,
lstm_autoencoder,0,engine_disjoint_epoch_selection,399,0.04263277274289901,0.0827872296362909,468,473,600.0,6.0,0.0001,"1,2",4,
lstm_autoencoder,0,engine_disjoint_epoch_selection,400,0.04257275232276682,0.08263323544905594,468,473,600.0,6.0,0.0001,"1,2",4,
lstm_autoencoder,0,engine_disjoint_epoch_selection,401,0.04248524394147154,0.08292067983450722,468,473,600.0,6.0,0.0001,"1,2",4,
lstm_autoencoder,0,engine_disjoint_epoch_selection,402,0.042388911257562556,0.0827172176138992,468,473,600.0,6.0,0.0001,"1,2",4,
lstm_autoencoder,0,engine_disjoint_epoch_selection,403,0.04241647122407067,0.08319013428767542,468,473,600.0,6.0,0.0001,"1,2",4,
lstm_autoencoder,0,engine_disjoint_epoch_selection,404,0.04245631666641832,0.08246064302278623,468,473,600.0,6.0,0.0001,"1,2",4,
lstm_autoencoder,0,engine_disjoint_epoch_selection,405,0.042321487292263246,0.08252268700943326,468,473,600.0,6.0,0.0001,"1,2",4,
lstm_autoencoder,0,engine_disjoint_epoch_selection,406,0.04221256762995768,0.08288304394225213,468,473,600.0,6.0,0.0001,"1,2",4,
lstm_autoencoder,0,engine_disjoint_epoch_selection,407,0.042137343297083206,0.08257429585697774,468,473,600.0,6.0,0.0001,"1,2",4,
lstm_autoencoder,0,engine_disjoint_epoch_selection,408,0.041971720218579145,0.08216790010697354,468,473,600.0,6.0,0.0001,"1,2",4,
lstm_autoencoder,0,engine_disjoint_epoch_selection,409,0.04178976969018705,0.08219791748915675,468,473,600.0,6.0,0.0001,"1,2",4,
lstm_autoencoder,0,engine_disjoint_epoch_selection,410,0.04169396197916802,0.08237985428494347,468,473,600.0,6.0,0.0001,"1,2",4,
lstm_autoencoder,0,engine_disjoint_epoch_selection,411,0.04162965692380254,0.08233164481304645,468,473,600.0,6.0,0.0001,"1,2",4,
lstm_autoencoder,0,engine_disjoint_epoch_selection,412,0.04164324801197747,0.08204769886405262,468,473,600.0,6.0,0.0001,"1,2",4,
lstm_autoencoder,0,engine_disjoint_epoch_selection,413,0.04161195486967365,0.08210077735820652,468,473,600.0,6.0,0.0001,"1,2",4,
lstm_autoencoder,0,engine_disjoint_epoch_selection,414,0.04140019508005279,0.08202650290814752,468,473,600.0,6.0,0.0001,"1,2",4,
lstm_autoencoder,0,engine_disjoint_epoch_selection,415,0.041319447905494314,0.08193651117646227,468,473,600.0,6.0,0.0001,"1,2",4,
lstm_autoencoder,0,engine_disjoint_epoch_selection,416,0.04128292026009077,0.0820038839009029,468,473,600.0,6.0,0.0001,"1,2",4,
lstm_autoencoder,0,engine_disjoint_epoch_selection,417,0.04123312650217741,0.0817750085467221,468,473,600.0,6.0,0.0001,"1,2",4,
lstm_autoencoder,0,engine_disjoint_epoch_selection,418,0.041141205176564874,0.08177925042844363,468,473,600.0,6.0,0.0001,"1,2",4,
lstm_autoencoder,0,engine_disjoint_epoch_selection,419,0.04112966338588576,0.08182701400439842,468,473,600.0,6.0,0.0001,"1,2",4,
lstm_autoencoder,0,engine_disjoint_epoch_selection,420,0.04093705479761298,0.08186585587029213,468,473,600.0,6.0,0.0001,"1,2",4,
lstm_autoencoder,0,engine_disjoint_epoch_selection,421,0.04084705794965807,0.08168997963931995,468,473,600.0,6.0,0.0001,"1,2",4,
lstm_autoencoder,0,engine_disjoint_epoch_selection,422,0.040785259917395775,0.08158351164898771,468,473,600.0,6.0,0.0001,"1,2",4,
lstm_autoencoder,0,engine_disjoint_epoch_selection,423,0.04081252900768631,0.08164512319239509,468,473,600.0,6.0,0.0001,"1,2",4,
lstm_autoencoder,0,engine_disjoint_epoch_selection,424,0.0406423845010412,0.08163223403574535,468,473,600.0,6.0,0.0001,"1,2",4,
lstm_autoencoder,0,engine_disjoint_epoch_selection,425,0.040522377284418105,0.08140922540516449,468,473,600.0,6.0,0.0001,"1,2",4,
lstm_autoencoder,0,engine_disjoint_epoch_selection,426,0.04041193187008795,0.08126965214821522,468,473,600.0,6.0,0.0001,"1,2",4,
lstm_autoencoder,0,engine_disjoint_epoch_selection,427,0.04033709357467999,0.08110361057662083,468,473,600.0,6.0,0.0001,"1,2",4,
lstm_autoencoder,0,engine_disjoint_epoch_selection,428,0.04027950420725391,0.08163331661141203,468,473,600.0,6.0,0.0001,"1,2",4,
lstm_autoencoder,0,engine_disjoint_epoch_selection,429,0.04022798993395982,0.08113549201419397,468,473,600.0,6.0,0.0001,"1,2",4,
lstm_autoencoder,0,engine_disjoint_epoch_selection,430,0.04015768416883861,0.08096347487440596,468,473,600.0,6.0,0.0001,"1,2",4,
lstm_autoencoder,0,engine_disjoint_epoch_selection,431,0.04004490762111373,0.08099114047958167,468,473,600.0,6.0,0.0001,"1,2",4,
lstm_autoencoder,0,engine_disjoint_epoch_selection,432,0.04001456355366595,0.08124187036060804,468,473,600.0,6.0,0.0001,"1,2",4,
lstm_autoencoder,0,engine_disjoint_epoch_selection,433,0.03989616265892487,0.08103005413398831,468,473,600.0,6.0,0.0001,"1,2",4,
lstm_autoencoder,0,engine_disjoint_epoch_selection,434,0.03978102769824722,0.08066660173430325,468,473,600.0,6.0,0.0001,"1,2",4,
lstm_autoencoder,0,engine_disjoint_epoch_selection,435,0.03974650510035873,0.08065149165875302,468,473,600.0,6.0,0.0001,"1,2",4,
lstm_autoencoder,0,engine_disjoint_epoch_selection,436,0.03969759998990834,0.08092987198009036,468,473,600.0,6.0,0.0001,"1,2",4,
lstm_autoencoder,0,engine_disjoint_epoch_selection,437,0.03961525838862397,0.08075554684572692,468,473,600.0,6.0,0.0001,"1,2",4,
lstm_autoencoder,0,engine_disjoint_epoch_selection,438,0.03948773930161205,0.08079408113392049,468,473,600.0,6.0,0.0001,"1,2",4,
lstm_autoencoder,0,engine_disjoint_epoch_selection,439,0.039462342826098465,0.08073601853575392,468,473,600.0,6.0,0.0001,"1,2",4,
lstm_autoencoder,0,engine_disjoint_epoch_selection,440,0.03944555225813228,0.08052036510916605,468,473,600.0,6.0,0.0001,"1,2",4,
lstm_autoencoder,0,engine_disjoint_epoch_selection,441,0.03928810257929921,0.08051852343418134,468,473,600.0,6.0,0.0001,"1,2",4,
lstm_autoencoder,0,engine_disjoint_epoch_selection,442,0.03920051093191112,0.08034212156942974,468,473,600.0,6.0,0.0001,"1,2",4,
lstm_autoencoder,0,engine_disjoint_epoch_selection,443,0.03911477746651055,0.08019384637066082,468,473,600.0,6.0,0.0001,"1,2",4,
lstm_autoencoder,0,engine_disjoint_epoch_selection,444,0.03911025445234869,0.08017040589247706,468,473,600.0,6.0,0.0001,"1,2",4,
lstm_autoencoder,0,engine_disjoint_epoch_selection,445,0.03904886719947763,0.08002657033015777,468,473,600.0,6.0,0.0001,"1,2",4,
lstm_autoencoder,0,engine_disjoint_epoch_selection,446,0.038864871973050094,0.0805557062149537,468,473,600.0,6.0,0.0001,"1,2",4,
lstm_autoencoder,0,engine_disjoint_epoch_selection,447,0.03883354774473829,0.08016525081684418,468,473,600.0,6.0,0.0001,"1,2",4,
lstm_autoencoder,0,engine_disjoint_epoch_selection,448,0.03878129819219409,0.08016914830937939,468,473,600.0,6.0,0.0001,"1,2",4,
lstm_autoencoder,0,engine_disjoint_epoch_selection,449,0.038697208002960545,0.08035335420920134,468,473,600.0,6.0,0.0001,"1,2",4,
lstm_autoencoder,0,engine_disjoint_epoch_selection,450,0.03861335286201187,0.08006761770549264,468,473,600.0,6.0,0.0001,"1,2",4,
lstm_autoencoder,0,engine_disjoint_epoch_selection,451,0.038555007914269246,0.07989280105829545,468,473,600.0,6.0,0.0001,"1,2",4,
lstm_autoencoder,0,engine_disjoint_epoch_selection,452,0.03850099264475107,0.07994635773487781,468,473,600.0,6.0,0.0001,"1,2",4,
lstm_autoencoder,0,engine_disjoint_epoch_selection,453,0.03837946173793045,0.07980557740361423,468,473,600.0,6.0,0.0001,"1,2",4,
lstm_autoencoder,0,engine_disjoint_epoch_selection,454,0.03826347222923737,0.07975098205609454,468,473,600.0,6.0,0.0001,"1,2",4,
lstm_autoencoder,0,engine_disjoint_epoch_selection,455,0.038223502284255695,0.07978719550849658,468,473,600.0,6.0,0.0001,"1,2",4,
lstm_autoencoder,0,engine_disjoint_epoch_selection,456,0.038103074137708144,0.07965170906029716,468,473,600.0,6.0,0.0001,"1,2",4,
lstm_autoencoder,0,engine_disjoint_epoch_selection,457,0.03803083184117111,0.07967587329388032,468,473,600.0,6.0,0.0001,"1,2",4,
lstm_autoencoder,0,engine_disjoint_epoch_selection,458,0.03806302076803157,0.07975837651751964,468,473,600.0,6.0,0.0001,"1,2",4,
lstm_autoencoder,0,engine_disjoint_epoch_selection,459,0.03808564979582405,0.08005792674543798,468,473,600.0,6.0,0.0001,"1,2",4,
lstm_autoencoder,0,engine_disjoint_epoch_selection,460,0.03792669355581827,0.07955751140229547,468,473,600.0,6.0,0.0001,"1,2",4,
lstm_autoencoder,0,engine_disjoint_epoch_selection,461,0.03777875635403079,0.07945967980243207,468,473,600.0,6.0,0.0001,"1,2",4,
lstm_autoencoder,0,engine_disjoint_epoch_selection,462,0.03771359215118951,0.0791868788060484,468,473,600.0,6.0,0.0001,"1,2",4,
lstm_autoencoder,0,engine_disjoint_epoch_selection,463,0.03762608123226093,0.07933193562916836,468,473,600.0,6.0,0.0001,"1,2",4,
lstm_autoencoder,0,engine_disjoint_epoch_selection,464,0.037576735683830055,0.07913450963621294,468,473,600.0,6.0,0.0001,"1,2",4,
lstm_autoencoder,0,engine_disjoint_epoch_selection,465,0.03746022802213653,0.07931704593334604,468,473,600.0,6.0,0.0001,"1,2",4,
lstm_autoencoder,0,engine_disjoint_epoch_selection,466,0.037399507373814256,0.07913826024969531,468,473,600.0,6.0,0.0001,"1,2",4,
lstm_autoencoder,0,engine_disjoint_epoch_selection,467,0.03728454750983465,0.07898496107799513,468,473,600.0,6.0,0.0001,"1,2",4,
lstm_autoencoder,0,engine_disjoint_epoch_selection,468,0.03725706969920478,0.07892701050415196,468,473,600.0,6.0,0.0001,"1,2",4,
lstm_autoencoder,0,engine_disjoint_epoch_selection,469,0.037199861293978606,0.07904072032888353,468,473,600.0,6.0,0.0001,"1,2",4,
lstm_autoencoder,0,engine_disjoint_epoch_selection,470,0.03709408480772535,0.07937007281804091,468,473,600.0,6.0,0.0001,"1,2",4,
lstm_autoencoder,0,engine_disjoint_epoch_selection,471,0.03710356604016087,0.07912147861469951,468,473,600.0,6.0,0.0001,"1,2",4,
lstm_autoencoder,0,engine_disjoint_epoch_selection,472,0.0370854904781299,0.07909201157034956,468,473,600.0,6.0,0.0001,"1,2",4,
lstm_autoencoder,0,engine_disjoint_epoch_selection,473,0.03694806114005186,0.079242809028557,468,473,600.0,6.0,0.0001,"1,2",4,
lstm_autoencoder,1,engine_disjoint_epoch_selection,1,0.9672440161388606,1.3476241748435096,508,510,600.0,6.0,0.0001,"1,2",4,
lstm_autoencoder,1,engine_disjoint_epoch_selection,2,0.9241777195146194,1.2943478721507118,508,510,600.0,6.0,0.0001,"1,2",4,
lstm_autoencoder,1,engine_disjoint_epoch_selection,3,0.8782335944645976,1.235470321980095,508,510,600.0,6.0,0.0001,"1,2",4,
lstm_autoencoder,1,engine_disjoint_epoch_selection,4,0.8284033377714172,1.17449041671342,508,510,600.0,6.0,0.0001,"1,2",4,
lstm_autoencoder,1,engine_disjoint_epoch_selection,5,0.7808341580303223,1.117457188041004,508,510,600.0,6.0,0.0001,"1,2",4,
lstm_autoencoder,1,engine_disjoint_epoch_selection,6,0.7387167890793905,1.0644494776054356,508,510,600.0,6.0,0.0001,"1,2",4,
lstm_autoencoder,1,engine_disjoint_epoch_selection,7,0.7004122699970377,1.0137057347186378,508,510,600.0,6.0,0.0001,"1,2",4,
lstm_autoencoder,1,engine_disjoint_epoch_selection,8,0.6635131277658173,0.9646281154071957,508,510,600.0,6.0,0.0001,"1,2",4,
lstm_autoencoder,1,engine_disjoint_epoch_selection,9,0.6294602813289305,0.9177244215263529,508,510,600.0,6.0,0.0001,"1,2",4,
lstm_autoencoder,1,engine_disjoint_epoch_selection,10,0.5957176402625042,0.8735138041204475,508,510,600.0,6.0,0.0001,"1,2",4,
lstm_autoencoder,1,engine_disjoint_epoch_selection,11,0.5640758398307573,0.8296181149713869,508,510,600.0,6.0,0.0001,"1,2",4,
lstm_autoencoder,1,engine_disjoint_epoch_selection,12,0.5332904804888886,0.7884829712696765,508,510,600.0,6.0,0.0001,"1,2",4,
lstm_autoencoder,1,engine_disjoint_epoch_selection,13,0.5038735906593657,0.7498242206284865,508,510,600.0,6.0,0.0001,"1,2",4,
lstm_autoencoder,1,engine_disjoint_epoch_selection,14,0.47736241530801105,0.7131967478515124,508,510,600.0,6.0,0.0001,"1,2",4,
lstm_autoencoder,1,engine_disjoint_epoch_selection,15,0.45233239561354044,0.6791789741447627,508,510,600.0,6.0,0.0001,"1,2",4,
lstm_autoencoder,1,engine_disjoint_epoch_selection,16,0.4298936421038921,0.649196917290992,508,510,600.0,6.0,0.0001,"1,2",4,
lstm_autoencoder,1,engine_disjoint_epoch_selection,17,0.40939197067649,0.6202319238882366,508,510,600.0,6.0,0.0001,"1,2",4,
lstm_autoencoder,1,engine_disjoint_epoch_selection,18,0.39090101583694314,0.5943088497250898,508,510,600.0,6.0,0.0001,"1,2",4,
lstm_autoencoder,1,engine_disjoint_epoch_selection,19,0.3740216408556201,0.5688155576124286,508,510,600.0,6.0,0.0001,"1,2",4,
lstm_autoencoder,1,engine_disjoint_epoch_selection,20,0.3580090757338592,0.5465786413646228,508,510,600.0,6.0,0.0001,"1,2",4,
lstm_autoencoder,1,engine_disjoint_epoch_selection,21,0.3431200934352523,0.5247921392103745,508,510,600.0,6.0,0.0001,"1,2",4,
lstm_autoencoder,1,engine_disjoint_epoch_selection,22,0.3297173192214395,0.5047509818848783,508,510,600.0,6.0,0.0001,"1,2",4,
lstm_autoencoder,1,engine_disjoint_epoch_selection,23,0.31715225075081466,0.4853811877970513,508,510,600.0,6.0,0.0001,"1,2",4,
lstm_autoencoder,1,engine_disjoint_epoch_selection,24,0.305619197143169,0.46875370218375306,508,510,600.0,6.0,0.0001,"1,2",4,
lstm_autoencoder,1,engine_disjoint_epoch_selection,25,0.29524223851657994,0.45186958792393683,508,510,600.0,6.0,0.0001,"1,2",4,
lstm_autoencoder,1,engine_disjoint_epoch_selection,26,0.28551645689710053,0.43671900359567356,508,510,600.0,6.0,0.0001,"1,2",4,
lstm_autoencoder,1,engine_disjoint_epoch_selection,27,0.27681620394987294,0.42282528717048845,508,510,600.0,6.0,0.0001,"1,2",4,
lstm_autoencoder,1,engine_disjoint_epoch_selection,28,0.26865544676800523,0.4091409476300514,508,510,600.0,6.0,0.0001,"1,2",4,
lstm_autoencoder,1,engine_disjoint_epoch_selection,29,0.261107982265638,0.3969765345418597,508,510,600.0,6.0,0.0001,"1,2",4,
lstm_autoencoder,1,engine_disjoint_epoch_selection,30,0.2542004505172062,0.38453673925054904,508,510,600.0,6.0,0.0001,"1,2",4,
lstm_autoencoder,1,engine_disjoint_epoch_selection,31,0.24766735290699904,0.373796406755939,508,510,600.0,6.0,0.0001,"1,2",4,
lstm_autoencoder,1,engine_disjoint_epoch_selection,32,0.24143060518940732,0.3634334465392769,508,510,600.0,6.0,0.0001,"1,2",4,
lstm_autoencoder,1,engine_disjoint_epoch_selection,33,0.23572606388550718,0.3542683227883452,508,510,600.0,6.0,0.0001,"1,2",4,
lstm_autoencoder,1,engine_disjoint_epoch_selection,34,0.2302867788533373,0.34441044844857055,508,510,600.0,6.0,0.0001,"1,2",4,
lstm_autoencoder,1,engine_disjoint_epoch_selection,35,0.2251451328315018,0.3360721581286117,508,510,600.0,6.0,0.0001,"1,2",4,
lstm_autoencoder,1,engine_disjoint_epoch_selection,36,0.22034666618729082,0.32771646441420277,508,510,600.0,6.0,0.0001,"1,2",4,
lstm_autoencoder,1,engine_disjoint_epoch_selection,37,0.21572493808986778,0.32024543411947576,508,510,600.0,6.0,0.0001,"1,2",4,
lstm_autoencoder,1,engine_disjoint_epoch_selection,38,0.2113990904228988,0.31280618742448485,508,510,600.0,6.0,0.0001,"1,2",4,
lstm_autoencoder,1,engine_disjoint_epoch_selection,39,0.20734842624914898,0.30570843587260454,508,510,600.0,6.0,0.0001,"1,2",4,
lstm_autoencoder,1,engine_disjoint_epoch_selection,40,0.20344147839999013,0.2990643446737144,508,510,600.0,6.0,0.0001,"1,2",4,
lstm_autoencoder,1,engine_disjoint_epoch_selection,41,0.19967960450924038,0.29314300505801266,508,510,600.0,6.0,0.0001,"1,2",4,
lstm_autoencoder,1,engine_disjoint_epoch_selection,42,0.196192270821667,0.28699061747666166,508,510,600.0,6.0,0.0001,"1,2",4,
lstm_autoencoder,1,engine_disjoint_epoch_selection,43,0.19292627966148215,0.2813174865832235,508,510,600.0,6.0,0.0001,"1,2",4,
lstm_autoencoder,1,engine_disjoint_epoch_selection,44,0.18969469880891207,0.2762678018683927,508,510,600.0,6.0,0.0001,"1,2",4,
lstm_autoencoder,1,engine_disjoint_epoch_selection,45,0.18667646440118676,0.27109466732755994,508,510,600.0,6.0,0.0001,"1,2",4,
lstm_autoencoder,1,engine_disjoint_epoch_selection,46,0.18375338997357937,0.2662358348814149,508,510,600.0,6.0,0.0001,"1,2",4,
lstm_autoencoder,1,engine_disjoint_epoch_selection,47,0.18094865046224717,0.26197126554384936,508,510,600.0,6.0,0.0001,"1,2",4,
lstm_autoencoder,1,engine_disjoint_epoch_selection,48,0.17819804881984216,0.25678373905719015,508,510,600.0,6.0,0.0001,"1,2",4,
lstm_autoencoder,1,engine_disjoint_epoch_selection,49,0.17563856014808085,0.2527154226369141,508,510,600.0,6.0,0.0001,"1,2",4,
lstm_autoencoder,1,engine_disjoint_epoch_selection,50,0.17311582021302477,0.24856602213082482,508,510,600.0,6.0,0.0001,"1,2",4,
lstm_autoencoder,1,engine_disjoint_epoch_selection,51,0.17070608235785356,0.24443107618677765,508,510,600.0,6.0,0.0001,"1,2",4,
lstm_autoencoder,1,engine_disjoint_epoch_selection,52,0.16827781851073975,0.2402640511727266,508,510,600.0,6.0,0.0001,"1,2",4,
lstm_autoencoder,1,engine_disjoint_epoch_selection,53,0.16594925320090975,0.23664975514868095,508,510,600.0,6.0,0.0001,"1,2",4,
lstm_autoencoder,1,engine_disjoint_epoch_selection,54,0.16367522036198587,0.23263946341440964,508,510,600.0,6.0,0.0001,"1,2",4,
lstm_autoencoder,1,engine_disjoint_epoch_selection,55,0.16151869517087977,0.2293964932899837,508,510,600.0,6.0,0.0001,"1,2",4,
lstm_autoencoder,1,engine_disjoint_epoch_selection,56,0.15938113625109462,0.2255930620512922,508,510,600.0,6.0,0.0001,"1,2",4,
lstm_autoencoder,1,engine_disjoint_epoch_selection,57,0.15732426899513943,0.22216150362572937,508,510,600.0,6.0,0.0001,"1,2",4,
lstm_autoencoder,1,engine_disjoint_epoch_selection,58,0.15530682641020951,0.2191779563964468,508,510,600.0,6.0,0.0001,"1,2",4,
lstm_autoencoder,1,engine_disjoint_epoch_selection,59,0.15337465464840827,0.2159213378937558,508,510,600.0,6.0,0.0001,"1,2",4,
lstm_autoencoder,1,engine_disjoint_epoch_selection,60,0.15157690512921873,0.21303259748530773,508,510,600.0,6.0,0.0001,"1,2",4,
lstm_autoencoder,1,engine_disjoint_epoch_selection,61,0.14982376466589642,0.21018092881168698,508,510,600.0,6.0,0.0001,"1,2",4,
lstm_autoencoder,1,engine_disjoint_epoch_selection,62,0.14807445095359795,0.20746283911533556,508,510,600.0,6.0,0.0001,"1,2",4,
lstm_autoencoder,1,engine_disjoint_epoch_selection,63,0.14641925552294574,0.2046421067657823,508,510,600.0,6.0,0.0001,"1,2",4,
lstm_autoencoder,1,engine_disjoint_epoch_selection,64,0.14487633387141988,0.20214533799732304,508,510,600.0,6.0,0.0001,"1,2",4,
lstm_autoencoder,1,engine_disjoint_epoch_selection,65,0.14335763266097284,0.19991803811311293,508,510,600.0,6.0,0.0001,"1,2",4,
lstm_autoencoder,1,engine_disjoint_epoch_selection,66,0.14187484403705708,0.19722766196247735,508,510,600.0,6.0,0.0001,"1,2",4,
lstm_autoencoder,1,engine_disjoint_epoch_selection,67,0.140419029186356,0.19514233260681826,508,510,600.0,6.0,0.0001,"1,2",4,
lstm_autoencoder,1,engine_disjoint_epoch_selection,68,0.1390622568947294,0.19279570578305835,508,510,600.0,6.0,0.0001,"1,2",4,
lstm_autoencoder,1,engine_disjoint_epoch_selection,69,0.13772420599280985,0.19088148208543806,508,510,600.0,6.0,0.0001,"1,2",4,
lstm_autoencoder,1,engine_disjoint_epoch_selection,70,0.13638655476813583,0.18871791670340152,508,510,600.0,6.0,0.0001,"1,2",4,
lstm_autoencoder,1,engine_disjoint_epoch_selection,71,0.13508163901309533,0.1866028759533945,508,510,600.0,6.0,0.0001,"1,2",4,
lstm_autoencoder,1,engine_disjoint_epoch_selection,72,0.1338258683334546,0.18496505001564154,508,510,600.0,6.0,0.0001,"1,2",4,
lstm_autoencoder,1,engine_disjoint_epoch_selection,73,0.1326284175424276,0.18293792341085055,508,510,600.0,6.0,0.0001,"1,2",4,
lstm_autoencoder,1,engine_disjoint_epoch_selection,74,0.13150417493461433,0.18122008079808624,508,510,600.0,6.0,0.0001,"1,2",4,
lstm_autoencoder,1,engine_disjoint_epoch_selection,75,0.13036060698036742,0.17990063483606825,508,510,600.0,6.0,0.0001,"1,2",4,
lstm_autoencoder,1,engine_disjoint_epoch_selection,76,0.1292855551253534,0.1779872319979006,508,510,600.0,6.0,0.0001,"1,2",4,
lstm_autoencoder,1,engine_disjoint_epoch_selection,77,0.1281337404972738,0.1762172682342177,508,510,600.0,6.0,0.0001,"1,2",4,
lstm_autoencoder,1,engine_disjoint_epoch_selection,78,0.12707337456060372,0.17474111345187918,508,510,600.0,6.0,0.0001,"1,2",4,
lstm_autoencoder,1,engine_disjoint_epoch_selection,79,0.1260715473834199,0.17335340113907663,508,510,600.0,6.0,0.0001,"1,2",4,
lstm_autoencoder,1,engine_disjoint_epoch_selection,80,0.12506793751883938,0.17172342473098823,508,510,600.0,6.0,0.0001,"1,2",4,
lstm_autoencoder,1,engine_disjoint_epoch_selection,81,0.12406710509391111,0.1703983609203682,508,510,600.0,6.0,0.0001,"1,2",4,
lstm_autoencoder,1,engine_disjoint_epoch_selection,82,0.1230787349861433,0.1689656696187499,508,510,600.0,6.0,0.0001,"1,2",4,
lstm_autoencoder,1,engine_disjoint_epoch_selection,83,0.1221602424178765,0.16748017719324568,508,510,600.0,6.0,0.0001,"1,2",4,
lstm_autoencoder,1,engine_disjoint_epoch_selection,84,0.12126606735516245,0.16657929030342816,508,510,600.0,6.0,0.0001,"1,2",4,
lstm_autoencoder,1,engine_disjoint_epoch_selection,85,0.12036287354368269,0.16515761749901567,508,510,600.0,6.0,0.0001,"1,2",4,
lstm_autoencoder,1,engine_disjoint_epoch_selection,86,0.11944693954419558,0.1636751355437567,508,510,600.0,6.0,0.0001,"1,2",4,
lstm_autoencoder,1,engine_disjoint_epoch_selection,87,0.11860468636212522,0.1625200864992927,508,510,600.0,6.0,0.0001,"1,2",4,
lstm_autoencoder,1,engine_disjoint_epoch_selection,88,0.11769747991798207,0.1614420808379728,508,510,600.0,6.0,0.0001,"1,2",4,
lstm_autoencoder,1,engine_disjoint_epoch_selection,89,0.1168298193168545,0.16045401750023042,508,510,600.0,6.0,0.0001,"1,2",4,
lstm_autoencoder,1,engine_disjoint_epoch_selection,90,0.11603490568408747,0.15922717994284893,508,510,600.0,6.0,0.0001,"1,2",4,
lstm_autoencoder,1,engine_disjoint_epoch_selection,91,0.11525918670963888,0.15817071719486367,508,510,600.0,6.0,0.0001,"1,2",4,
lstm_autoencoder,1,engine_disjoint_epoch_selection,92,0.11445646287596763,0.15715309019790732,508,510,600.0,6.0,0.0001,"1,2",4,
lstm_autoencoder,1,engine_disjoint_epoch_selection,93,0.11371121643665287,0.15631928679942472,508,510,600.0,6.0,0.0001,"1,2",4,
lstm_autoencoder,1,engine_disjoint_epoch_selection,94,0.11294602293074478,0.15499993231578435,508,510,600.0,6.0,0.0001,"1,2",4,
lstm_autoencoder,1,engine_disjoint_epoch_selection,95,0.11216980467694344,0.15417884734692588,508,510,600.0,6.0,0.0001,"1,2",4,
lstm_autoencoder,1,engine_disjoint_epoch_selection,96,0.11143753950080003,0.1530645076480698,508,510,600.0,6.0,0.0001,"1,2",4,
lstm_autoencoder,1,engine_disjoint_epoch_selection,97,0.1106742029080628,0.15215646196371715,508,510,600.0,6.0,0.0001,"1,2",4,
lstm_autoencoder,1,engine_disjoint_epoch_selection,98,0.11009077500051971,0.15105324447017415,508,510,600.0,6.0,0.0001,"1,2",4,
lstm_autoencoder,1,engine_disjoint_epoch_selection,99,0.10942247531268515,0.1502492830795519,508,510,600.0,6.0,0.0001,"1,2",4,
lstm_autoencoder,1,engine_disjoint_epoch_selection,100,0.10876322736284924,0.14938831207048406,508,510,600.0,6.0,0.0001,"1,2",4,
lstm_autoencoder,1,engine_disjoint_epoch_selection,101,0.10804106989736349,0.1484652546376074,508,510,600.0,6.0,0.0001,"1,2",4,
lstm_autoencoder,1,engine_disjoint_epoch_selection,102,0.10733702986485824,0.14771669000868737,508,510,600.0,6.0,0.0001,"1,2",4,
lstm_autoencoder,1,engine_disjoint_epoch_selection,103,0.10666045812685795,0.14719587914544394,508,510,600.0,6.0,0.0001,"1,2",4,
lstm_autoencoder,1,engine_disjoint_epoch_selection,104,0.10595768722820932,0.14608896484922893,508,510,600.0,6.0,0.0001,"1,2",4,
lstm_autoencoder,1,engine_disjoint_epoch_selection,105,0.10532001296791522,0.14536948153898635,508,510,600.0,6.0,0.0001,"1,2",4,
lstm_autoencoder,1,engine_disjoint_epoch_selection,106,0.10472661850556704,0.14481588423817732,508,510,600.0,6.0,0.0001,"1,2",4,
lstm_autoencoder,1,engine_disjoint_epoch_selection,107,0.10408889539583181,0.14379859527094788,508,510,600.0,6.0,0.0001,"1,2",4,
lstm_autoencoder,1,engine_disjoint_epoch_selection,108,0.10347331567431535,0.14311721246038897,508,510,600.0,6.0,0.0001,"1,2",4,
lstm_autoencoder,1,engine_disjoint_epoch_selection,109,0.10289364663610517,0.14225121014055211,508,510,600.0,6.0,0.0001,"1,2",4,
lstm_autoencoder,1,engine_disjoint_epoch_selection,110,0.10236174029755192,0.14141933463664813,508,510,600.0,6.0,0.0001,"1,2",4,
lstm_autoencoder,1,engine_disjoint_epoch_selection,111,0.10174277854524831,0.14089478930316543,508,510,600.0,6.0,0.0001,"1,2",4,
lstm_autoencoder,1,engine_disjoint_epoch_selection,112,0.10110023837309202,0.14050151495237662,508,510,600.0,6.0,0.0001,"1,2",4,
lstm_autoencoder,1,engine_disjoint_epoch_selection,113,0.10060861506002944,0.1394998560688012,508,510,600.0,6.0,0.0001,"1,2",4,
lstm_autoencoder,1,engine_disjoint_epoch_selection,114,0.10007192337947143,0.13886709328216296,508,510,600.0,6.0,0.0001,"1,2",4,
lstm_autoencoder,1,engine_disjoint_epoch_selection,115,0.0995729466394995,0.13829904141931174,508,510,600.0,6.0,0.0001,"1,2",4,
lstm_autoencoder,1,engine_disjoint_epoch_selection,116,0.0989508407595311,0.13768532423521807,508,510,600.0,6.0,0.0001,"1,2",4,
lstm_autoencoder,1,engine_disjoint_epoch_selection,117,0.09839418678657992,0.13691651646862826,508,510,600.0,6.0,0.0001,"1,2",4,
lstm_autoencoder,1,engine_disjoint_epoch_selection,118,0.09783872550128206,0.13655786105809256,508,510,600.0,6.0,0.0001,"1,2",4,
lstm_autoencoder,1,engine_disjoint_epoch_selection,119,0.09736626702934657,0.13600013353299348,508,510,600.0,6.0,0.0001,"1,2",4,
lstm_autoencoder,1,engine_disjoint_epoch_selection,120,0.09682938312306572,0.1353978178812376,508,510,600.0,6.0,0.0001,"1,2",4,
lstm_autoencoder,1,engine_disjoint_epoch_selection,121,0.09629683412887799,0.13463566308756553,508,510,600.0,6.0,0.0001,"1,2",4,
lstm_autoencoder,1,engine_disjoint_epoch_selection,122,0.09576345850064119,0.13406721547066355,508,510,600.0,6.0,0.0001,"1,2",4,
lstm_autoencoder,1,engine_disjoint_epoch_selection,123,0.09528413953706585,0.1335348533831917,508,510,600.0,6.0,0.0001,"1,2",4,
lstm_autoencoder,1,engine_disjoint_epoch_selection,124,0.0948200286098869,0.1330199524144938,508,510,600.0,6.0,0.0001,"1,2",4,
lstm_autoencoder,1,engine_disjoint_epoch_selection,125,0.09430736324145991,0.1323382247255594,508,510,600.0,6.0,0.0001,"1,2",4,
lstm_autoencoder,1,engine_disjoint_epoch_selection,126,0.09384983049421566,0.13200392408779443,508,510,600.0,6.0,0.0001,"1,2",4,
lstm_autoencoder,1,engine_disjoint_epoch_selection,127,0.0933901813607951,0.1313768515497576,508,510,600.0,6.0,0.0001,"1,2",4,
lstm_autoencoder,1,engine_disjoint_epoch_selection,128,0.09293398467748588,0.13098018320440238,508,510,600.0,6.0,0.0001,"1,2",4,
lstm_autoencoder,1,engine_disjoint_epoch_selection,129,0.0925012027366812,0.13038561386339295,508,510,600.0,6.0,0.0001,"1,2",4,
lstm_autoencoder,1,engine_disjoint_epoch_selection,130,0.09207779925416318,0.1300348383122513,508,510,600.0,6.0,0.0001,"1,2",4,
lstm_autoencoder,1,engine_disjoint_epoch_selection,131,0.09163101528719025,0.12957123274312748,508,510,600.0,6.0,0.0001,"1,2",4,
lstm_autoencoder,1,engine_disjoint_epoch_selection,132,0.09118672073848946,0.12885319058422431,508,510,600.0,6.0,0.0001,"1,2",4,
lstm_autoencoder,1,engine_disjoint_epoch_selection,133,0.09080563609778097,0.12862441001044814,508,510,600.0,6.0,0.0001,"1,2",4,
lstm_autoencoder,1,engine_disjoint_epoch_selection,134,0.09041123078544663,0.1281488036522348,508,510,600.0,6.0,0.0001,"1,2",4,
lstm_autoencoder,1,engine_disjoint_epoch_selection,135,0.08995415861864722,0.12786259471407058,508,510,600.0,6.0,0.0001,"1,2",4,
lstm_autoencoder,1,engine_disjoint_epoch_selection,136,0.08954506865678562,0.12719665218176185,508,510,600.0,6.0,0.0001,"1,2",4,
lstm_autoencoder,1,engine_disjoint_epoch_selection,137,0.08911944062147167,0.12667474113204108,508,510,600.0,6.0,0.0001,"1,2",4,
lstm_autoencoder,1,engine_disjoint_epoch_selection,138,0.08873351734845904,0.12614793036344205,508,510,600.0,6.0,0.0001,"1,2",4,
lstm_autoencoder,1,engine_disjoint_epoch_selection,139,0.08851135548271713,0.12585165880373975,508,510,600.0,6.0,0.0001,"1,2",4,
lstm_autoencoder,1,engine_disjoint_epoch_selection,140,0.08821608471866457,0.12586272426310732,508,510,600.0,6.0,0.0001,"1,2",4,
lstm_autoencoder,1,engine_disjoint_epoch_selection,141,0.08778438380964779,0.12544785856925453,508,510,600.0,6.0,0.0001,"1,2",4,
lstm_autoencoder,1,engine_disjoint_epoch_selection,142,0.0873636511861832,0.12460147126817372,508,510,600.0,6.0,0.0001,"1,2",4,
lstm_autoencoder,1,engine_disjoint_epoch_selection,143,0.08689334145524866,0.12449275484204934,508,510,600.0,6.0,0.0001,"1,2",4,
lstm_autoencoder,1,engine_disjoint_epoch_selection,144,0.08644443158597453,0.12381144443148985,508,510,600.0,6.0,0.0001,"1,2",4,
lstm_autoencoder,1,engine_disjoint_epoch_selection,145,0.08605389045475526,0.12345899927765934,508,510,600.0,6.0,0.0001,"1,2",4,
lstm_autoencoder,1,engine_disjoint_epoch_selection,146,0.08568135256301776,0.12287145420415917,508,510,600.0,6.0,0.0001,"1,2",4,
lstm_autoencoder,1,engine_disjoint_epoch_selection,147,0.08531687038820673,0.12271333896493142,508,510,600.0,6.0,0.0001,"1,2",4,
lstm_autoencoder,1,engine_disjoint_epoch_selection,148,0.08499532338289419,0.1222748571739774,508,510,600.0,6.0,0.0001,"1,2",4,
lstm_autoencoder,1,engine_disjoint_epoch_selection,149,0.08463635009278399,0.12198957965202165,508,510,600.0,6.0,0.0001,"1,2",4,
lstm_autoencoder,1,engine_disjoint_epoch_selection,150,0.08428296118196545,0.12184606622078077,508,510,600.0,6.0,0.0001,"1,2",4,
lstm_autoencoder,1,engine_disjoint_epoch_selection,151,0.08394109502957622,0.121500221207436,508,510,600.0,6.0,0.0001,"1,2",4,
lstm_autoencoder,1,engine_disjoint_epoch_selection,152,0.08367109021152412,0.12158735069319908,508,510,600.0,6.0,0.0001,"1,2",4,
lstm_autoencoder,1,engine_disjoint_epoch_selection,153,0.08348289678799775,0.1211455159995702,508,510,600.0,6.0,0.0001,"1,2",4,
lstm_autoencoder,1,engine_disjoint_epoch_selection,154,0.08311650250649147,0.12011941820268418,508,510,600.0,6.0,0.0001,"1,2",4,
lstm_autoencoder,1,engine_disjoint_epoch_selection,155,0.0826446029482914,0.11983186497263922,508,510,600.0,6.0,0.0001,"1,2",4,
lstm_autoencoder,1,engine_disjoint_epoch_selection,156,0.08231411808127476,0.11948052245123199,508,510,600.0,6.0,0.0001,"1,2",4,
lstm_autoencoder,1,engine_disjoint_epoch_selection,157,0.08208755056691135,0.11915631525392378,508,510,600.0,6.0,0.0001,"1,2",4,
lstm_autoencoder,1,engine_disjoint_epoch_selection,158,0.0816644877616645,0.11885371945643615,508,510,600.0,6.0,0.0001,"1,2",4,
lstm_autoencoder,1,engine_disjoint_epoch_selection,159,0.08125556401478437,0.11870803500359167,508,510,600.0,6.0,0.0001,"1,2",4,
lstm_autoencoder,1,engine_disjoint_epoch_selection,160,0.0809273807811753,0.11823118316971298,508,510,600.0,6.0,0.0001,"1,2",4,
lstm_autoencoder,1,engine_disjoint_epoch_selection,161,0.08065500644802472,0.11793257426408414,508,510,600.0,6.0,0.0001,"1,2",4,
lstm_autoencoder,1,engine_disjoint_epoch_selection,162,0.08032673883810826,0.11764920604751794,508,510,600.0,6.0,0.0001,"1,2",4,
lstm_autoencoder,1,engine_disjoint_epoch_selection,163,0.08001300171649577,0.11727187045875896,508,510,600.0,6.0,0.0001,"1,2",4,
lstm_autoencoder,1,engine_disjoint_epoch_selection,164,0.07970527053850772,0.11692726407243093,508,510,600.0,6.0,0.0001,"1,2",4,
lstm_autoencoder,1,engine_disjoint_epoch_selection,165,0.07942564745582163,0.11681051124637327,508,510,600.0,6.0,0.0001,"1,2",4,
lstm_autoencoder,1,engine_disjoint_epoch_selection,166,0.07918191348655874,0.11649204419496335,508,510,600.0,6.0,0.0001,"1,2",4,
lstm_autoencoder,1,engine_disjoint_epoch_selection,167,0.07887371982490086,0.1161431955600219,508,510,600.0,6.0,0.0001,"1,2",4,
lstm_autoencoder,1,engine_disjoint_epoch_selection,168,0.07853724804650958,0.11616547421389098,508,510,600.0,6.0,0.0001,"1,2",4,
lstm_autoencoder,1,engine_disjoint_epoch_selection,169,0.07823847598290455,0.1157026508582742,508,510,600.0,6.0,0.0001,"1,2",4,
lstm_autoencoder,1,engine_disjoint_epoch_selection,170,0.07794988173207724,0.11530669085885904,508,510,600.0,6.0,0.0001,"1,2",4,
lstm_autoencoder,1,engine_disjoint_epoch_selection,171,0.07765861598778817,0.11497858531293456,508,510,600.0,6.0,0.0001,"1,2",4,
lstm_autoencoder,1,engine_disjoint_epoch_selection,172,0.07736933974801018,0.11496424668872929,508,510,600.0,6.0,0.0001,"1,2",4,
lstm_autoencoder,1,engine_disjoint_epoch_selection,173,0.07706840181437939,0.1146985871206647,508,510,600.0,6.0,0.0001,"1,2",4,
lstm_autoencoder,1,engine_disjoint_epoch_selection,174,0.07679071240827166,0.1143449478560333,508,510,600.0,6.0,0.0001,"1,2",4,
lstm_autoencoder,1,engine_disjoint_epoch_selection,175,0.0765242177714886,0.114236728446121,508,510,600.0,6.0,0.0001,"1,2",4,
lstm_autoencoder,1,engine_disjoint_epoch_selection,176,0.0762042621794624,0.11406603859888954,508,510,600.0,6.0,0.0001,"1,2",4,
lstm_autoencoder,1,engine_disjoint_epoch_selection,177,0.07601525290682849,0.11371581069504062,508,510,600.0,6.0,0.0001,"1,2",4,
lstm_autoencoder,1,engine_disjoint_epoch_selection,178,0.07588215023353535,0.11400683985884051,508,510,600.0,6.0,0.0001,"1,2",4,
lstm_autoencoder,1,engine_disjoint_epoch_selection,179,0.07559970339938922,0.11360153096490837,508,510,600.0,6.0,0.0001,"1,2",4,
lstm_autoencoder,1,engine_disjoint_epoch_selection,180,0.07549367600464293,0.11383010314409168,508,510,600.0,6.0,0.0001,"1,2",4,
lstm_autoencoder,1,engine_disjoint_epoch_selection,181,0.07550429917206566,0.11344888779590545,508,510,600.0,6.0,0.0001,"1,2",4,
lstm_autoencoder,1,engine_disjoint_epoch_selection,182,0.07490086710117987,0.11305196507217395,508,510,600.0,6.0,0.0001,"1,2",4,
lstm_autoencoder,1,engine_disjoint_epoch_selection,183,0.07452743691413152,0.11233714495783863,508,510,600.0,6.0,0.0001,"1,2",4,
lstm_autoencoder,1,engine_disjoint_epoch_selection,184,0.07413924150769849,0.11208704649775296,508,510,600.0,6.0,0.0001,"1,2",4,
lstm_autoencoder,1,engine_disjoint_epoch_selection,185,0.07390710325382245,0.11180130620282808,508,510,600.0,6.0,0.0001,"1,2",4,
lstm_autoencoder,1,engine_disjoint_epoch_selection,186,0.0736264048490234,0.11153035140642908,508,510,600.0,6.0,0.0001,"1,2",4,
lstm_autoencoder,1,engine_disjoint_epoch_selection,187,0.07338705622731559,0.11133965323233672,508,510,600.0,6.0,0.0001,"1,2",4,
lstm_autoencoder,1,engine_disjoint_epoch_selection,188,0.0731558369139001,0.11115055984336616,508,510,600.0,6.0,0.0001,"1,2",4,
lstm_autoencoder,1,engine_disjoint_epoch_selection,189,0.07298370797801053,0.11082568074471219,508,510,600.0,6.0,0.0001,"1,2",4,
lstm_autoencoder,1,engine_disjoint_epoch_selection,190,0.0726736700913483,0.11099624193518796,508,510,600.0,6.0,0.0001,"1,2",4,
lstm_autoencoder,1,engine_disjoint_epoch_selection,191,0.07238405888397405,0.11098745462985551,508,510,600.0,6.0,0.0001,"1,2",4,
lstm_autoencoder,1,engine_disjoint_epoch_selection,192,0.07220972537915084,0.11039463952126397,508,510,600.0,6.0,0.0001,"1,2",4,
lstm_autoencoder,1,engine_disjoint_epoch_selection,193,0.07190854256390614,0.11003055142023282,508,510,600.0,6.0,0.0001,"1,2",4,
lstm_autoencoder,1,engine_disjoint_epoch_selection,194,0.07164592606522131,0.10986367847161832,508,510,600.0,6.0,0.0001,"1,2",4,
lstm_autoencoder,1,engine_disjoint_epoch_selection,195,0.07139981496796005,0.1095265089838772,508,510,600.0,6.0,0.0001,"1,2",4,
lstm_autoencoder,1,engine_disjoint_epoch_selection,196,0.0711835134491317,0.10950774319754653,508,510,600.0,6.0,0.0001,"1,2",4,
lstm_autoencoder,1,engine_disjoint_epoch_selection,197,0.07096496897966596,0.109241864472727,508,510,600.0,6.0,0.0001,"1,2",4,
lstm_autoencoder,1,engine_disjoint_epoch_selection,198,0.07073412555318376,0.10917107219358504,508,510,600.0,6.0,0.0001,"1,2",4,
lstm_autoencoder,1,engine_disjoint_epoch_selection,199,0.0705211746619304,0.10874669446062205,508,510,600.0,6.0,0.0001,"1,2",4,
lstm_autoencoder,1,engine_disjoint_epoch_selection,200,0.07034577598552745,0.10917261069357227,508,510,600.0,6.0,0.0001,"1,2",4,
lstm_autoencoder,1,engine_disjoint_epoch_selection,201,0.07017000966949945,0.10867450138824847,508,510,600.0,6.0,0.0001,"1,2",4,
lstm_autoencoder,1,engine_disjoint_epoch_selection,202,0.06989818695438854,0.10841638536201315,508,510,600.0,6.0,0.0001,"1,2",4,
lstm_autoencoder,1,engine_disjoint_epoch_selection,203,0.06968432283234957,0.1081854359679847,508,510,600.0,6.0,0.0001,"1,2",4,
lstm_autoencoder,1,engine_disjoint_epoch_selection,204,0.06943078471681312,0.10792278907151673,508,510,600.0,6.0,0.0001,"1,2",4,
lstm_autoencoder,1,engine_disjoint_epoch_selection,205,0.06923500630733834,0.10779127985368969,508,510,600.0,6.0,0.0001,"1,2",4,
lstm_autoencoder,1,engine_disjoint_epoch_selection,206,0.06903583698535984,0.10764910606703229,508,510,600.0,6.0,0.0001,"1,2",4,
lstm_autoencoder,1,engine_disjoint_epoch_selection,207,0.06879670818613706,0.10726254950672824,508,510,600.0,6.0,0.0001,"1,2",4,
lstm_autoencoder,1,engine_disjoint_epoch_selection,208,0.06858546480489376,0.10693721179321321,508,510,600.0,6.0,0.0001,"1,2",4,
lstm_autoencoder,1,engine_disjoint_epoch_selection,209,0.06834746208045005,0.10689979811514547,508,510,600.0,6.0,0.0001,"1,2",4,
lstm_autoencoder,1,engine_disjoint_epoch_selection,210,0.06816263990276926,0.10665549752528192,508,510,600.0,6.0,0.0001,"1,2",4,
lstm_autoencoder,1,engine_disjoint_epoch_selection,211,0.0679497311996696,0.10645895892150832,508,510,600.0,6.0,0.0001,"1,2",4,
lstm_autoencoder,1,engine_disjoint_epoch_selection,212,0.06769641829908896,0.10639516253690287,508,510,600.0,6.0,0.0001,"1,2",4,
lstm_autoencoder,1,engine_disjoint_epoch_selection,213,0.06752792261968373,0.10600711101444907,508,510,600.0,6.0,0.0001,"1,2",4,
lstm_autoencoder,1,engine_disjoint_epoch_selection,214,0.06729625224194827,0.10596238811617174,508,510,600.0,6.0,0.0001,"1,2",4,
lstm_autoencoder,1,engine_disjoint_epoch_selection,215,0.06711445841241276,0.10569799897242094,508,510,600.0,6.0,0.0001,"1,2",4,
lstm_autoencoder,1,engine_disjoint_epoch_selection,216,0.06698133987891144,0.10562393401763047,508,510,600.0,6.0,0.0001,"1,2",4,
lstm_autoencoder,1,engine_disjoint_epoch_selection,217,0.06692138385122437,0.10597947720657039,508,510,600.0,6.0,0.0001,"1,2",4,
lstm_autoencoder,1,engine_disjoint_epoch_selection,218,0.0666296803651902,0.10506130432770723,508,510,600.0,6.0,0.0001,"1,2",4,
lstm_autoencoder,1,engine_disjoint_epoch_selection,219,0.0663282628188648,0.10499714129580752,508,510,600.0,6.0,0.0001,"1,2",4,
lstm_autoencoder,1,engine_disjoint_epoch_selection,220,0.06610731045259685,0.10494794989891865,508,510,600.0,6.0,0.0001,"1,2",4,
lstm_autoencoder,1,engine_disjoint_epoch_selection,221,0.06592304465101817,0.10453850050772359,508,510,600.0,6.0,0.0001,"1,2",4,
lstm_autoencoder,1,engine_disjoint_epoch_selection,222,0.06574329742274307,0.10438739339276197,508,510,600.0,6.0,0.0001,"1,2",4,
lstm_autoencoder,1,engine_disjoint_epoch_selection,223,0.0655255523077684,0.1041995435227,508,510,600.0,6.0,0.0001,"1,2",4,
lstm_autoencoder,1,engine_disjoint_epoch_selection,224,0.06535974207880808,0.10429141643139667,508,510,600.0,6.0,0.0001,"1,2",4,
lstm_autoencoder,1,engine_disjoint_epoch_selection,225,0.06520915638086068,0.10451778774843609,508,510,600.0,6.0,0.0001,"1,2",4,
lstm_autoencoder,1,engine_disjoint_epoch_selection,226,0.0652088112627312,0.10368249281212806,508,510,600.0,6.0,0.0001,"1,2",4,
lstm_autoencoder,1,engine_disjoint_epoch_selection,227,0.06493897456288555,0.10354759742676158,508,510,600.0,6.0,0.0001,"1,2",4,
lstm_autoencoder,1,engine_disjoint_epoch_selection,228,0.06481923601818862,0.10346683424905374,508,510,600.0,6.0,0.0001,"1,2",4,
lstm_autoencoder,1,engine_disjoint_epoch_selection,229,0.06455168715336944,0.10337224854173095,508,510,600.0,6.0,0.0001,"1,2",4,
lstm_autoencoder,1,engine_disjoint_epoch_selection,230,0.06439939061476826,0.10328875519918093,508,510,600.0,6.0,0.0001,"1,2",4,
lstm_autoencoder,1,engine_disjoint_epoch_selection,231,0.06416605174313483,0.10315306292463186,508,510,600.0,6.0,0.0001,"1,2",4,
lstm_autoencoder,1,engine_disjoint_epoch_selection,232,0.06399402558139412,0.10302959548781915,508,510,600.0,6.0,0.0001,"1,2",4,
lstm_autoencoder,1,engine_disjoint_epoch_selection,233,0.0637662498363734,0.10263091266139955,508,510,600.0,6.0,0.0001,"1,2",4,
lstm_autoencoder,1,engine_disjoint_epoch_selection,234,0.06355149627386106,0.10250047574626632,508,510,600.0,6.0,0.0001,"1,2",4,
lstm_autoencoder,1,engine_disjoint_epoch_selection,235,0.06343230046548722,0.1022734826697726,508,510,600.0,6.0,0.0001,"1,2",4,
lstm_autoencoder,1,engine_disjoint_epoch_selection,236,0.06322901383347149,0.1022060002446572,508,510,600.0,6.0,0.0001,"1,2",4,
lstm_autoencoder,1,engine_disjoint_epoch_selection,237,0.06304302053802048,0.102182837381336,508,510,600.0,6.0,0.0001,"1,2",4,
lstm_autoencoder,1,engine_disjoint_epoch_selection,238,0.06288667821892086,0.1018916575472671,508,510,600.0,6.0,0.0001,"1,2",4,
lstm_autoencoder,1,engine_disjoint_epoch_selection,239,0.06272975160975276,0.10173834247691842,508,510,600.0,6.0,0.0001,"1,2",4,
lstm_autoencoder,1,engine_disjoint_epoch_selection,240,0.06258299075960419,0.10181078307901965,508,510,600.0,6.0,0.0001,"1,2",4,
lstm_autoencoder,1,engine_disjoint_epoch_selection,241,0.062378985977363174,0.10118814968824326,508,510,600.0,6.0,0.0001,"1,2",4,
lstm_autoencoder,1,engine_disjoint_epoch_selection,242,0.06227184773363766,0.10107004743381842,508,510,600.0,6.0,0.0001,"1,2",4,
lstm_autoencoder,1,engine_disjoint_epoch_selection,243,0.06216573469376734,0.10139668198786322,508,510,600.0,6.0,0.0001,"1,2",4,
lstm_autoencoder,1,engine_disjoint_epoch_selection,244,0.061949070293376395,0.10148825331142726,508,510,600.0,6.0,0.0001,"1,2",4,
lstm_autoencoder,1,engine_disjoint_epoch_selection,245,0.06181324061589294,0.10086151024230659,508,510,600.0,6.0,0.0001,"1,2",4,
lstm_autoencoder,1,engine_disjoint_epoch_selection,246,0.06161773785683591,0.10036442627751482,508,510,600.0,6.0,0.0001,"1,2",4,
lstm_autoencoder,1,engine_disjoint_epoch_selection,247,0.061367645530123374,0.1004178706851792,508,510,600.0,6.0,0.0001,"1,2",4,
lstm_autoencoder,1,engine_disjoint_epoch_selection,248,0.0612145250537085,0.10032604571702267,508,510,600.0,6.0,0.0001,"1,2",4,
lstm_autoencoder,1,engine_disjoint_epoch_selection,249,0.061079063015850095,0.10077554086869606,508,510,600.0,6.0,0.0001,"1,2",4,
lstm_autoencoder,1,engine_disjoint_epoch_selection,250,0.060977003210776065,0.10023672368533185,508,510,600.0,6.0,0.0001,"1,2",4,
lstm_autoencoder,1,engine_disjoint_epoch_selection,251,0.060788929690423356,0.09987641554913419,508,510,600.0,6.0,0.0001,"1,2",4,
lstm_autoencoder,1,engine_disjoint_epoch_selection,252,0.060616827082479334,0.0996458822105077,508,510,600.0,6.0,0.0001,"1,2",4,
lstm_autoencoder,1,engine_disjoint_epoch_selection,253,0.0604386221008453,0.0995463960505229,508,510,600.0,6.0,0.0001,"1,2",4,
lstm_autoencoder,1,engine_disjoint_epoch_selection,254,0.0603124763492576,0.09955243435722952,508,510,600.0,6.0,0.0001,"1,2",4,
lstm_autoencoder,1,engine_disjoint_epoch_selection,255,0.060143559422723744,0.09932306773480956,508,510,600.0,6.0,0.0001,"1,2",4,
lstm_autoencoder,1,engine_disjoint_epoch_selection,256,0.059950057904731804,0.09916546443206403,508,510,600.0,6.0,0.0001,"1,2",4,
lstm_autoencoder,1,engine_disjoint_epoch_selection,257,0.0598186782844527,0.09913661425527655,508,510,600.0,6.0,0.0001,"1,2",4,
lstm_autoencoder,1,engine_disjoint_epoch_selection,258,0.05969508285433644,0.09916844188203931,508,510,600.0,6.0,0.0001,"1,2",4,
lstm_autoencoder,1,engine_disjoint_epoch_selection,259,0.05957116324156547,0.09870183244672424,508,510,600.0,6.0,0.0001,"1,2",4,
lstm_autoencoder,1,engine_disjoint_epoch_selection,260,0.0594848339081445,0.09859329017194976,508,510,600.0,6.0,0.0001,"1,2",4,
lstm_autoencoder,1,engine_disjoint_epoch_selection,261,0.05930902762439194,0.09845049878394613,508,510,600.0,6.0,0.0001,"1,2",4,
lstm_autoencoder,1,engine_disjoint_epoch_selection,262,0.059166578847636764,0.0986421543012738,508,510,600.0,6.0,0.0001,"1,2",4,
lstm_autoencoder,1,engine_disjoint_epoch_selection,263,0.05895568661140202,0.09828426006911015,508,510,600.0,6.0,0.0001,"1,2",4,
lstm_autoencoder,1,engine_disjoint_epoch_selection,264,0.05881112842696212,0.09814939721482446,508,510,600.0,6.0,0.0001,"1,2",4,
lstm_autoencoder,1,engine_disjoint_epoch_selection,265,0.05863813637854473,0.09795656837723628,508,510,600.0,6.0,0.0001,"1,2",4,
lstm_autoencoder,1,engine_disjoint_epoch_selection,266,0.058457024855164075,0.09796401505960688,508,510,600.0,6.0,0.0001,"1,2",4,
lstm_autoencoder,1,engine_disjoint_epoch_selection,267,0.058340831066989944,0.0977874608124241,508,510,600.0,6.0,0.0001,"1,2",4,
lstm_autoencoder,1,engine_disjoint_epoch_selection,268,0.05820087234291522,0.09770882976577966,508,510,600.0,6.0,0.0001,"1,2",4,
lstm_autoencoder,1,engine_disjoint_epoch_selection,269,0.05805986303865226,0.09756716522506396,508,510,600.0,6.0,0.0001,"1,2",4,
lstm_autoencoder,1,engine_disjoint_epoch_selection,270,0.05789578728205587,0.09735615885114021,508,510,600.0,6.0,0.0001,"1,2",4,
lstm_autoencoder,1,engine_disjoint_epoch_selection,271,0.05775538478935695,0.09726061482220376,508,510,600.0,6.0,0.0001,"1,2",4,
lstm_autoencoder,1,engine_disjoint_epoch_selection,272,0.05763785715767692,0.09728947258142362,508,510,600.0,6.0,0.0001,"1,2",4,
lstm_autoencoder,1,engine_disjoint_epoch_selection,273,0.05772422487280164,0.09753251644427056,508,510,600.0,6.0,0.0001,"1,2",4,
lstm_autoencoder,1,engine_disjoint_epoch_selection,274,0.05756833393522612,0.09696106471658272,508,510,600.0,6.0,0.0001,"1,2",4,
lstm_autoencoder,1,engine_disjoint_epoch_selection,275,0.05726397146545035,0.09688874054150753,508,510,600.0,6.0,0.0001,"1,2",4,
lstm_autoencoder,1,engine_disjoint_epoch_selection,276,0.05720237644385245,0.09702144533770303,508,510,600.0,6.0,0.0001,"1,2",4,
lstm_autoencoder,1,engine_disjoint_epoch_selection,277,0.05705921649536356,0.09695786003823095,508,510,600.0,6.0,0.0001,"1,2",4,
lstm_autoencoder,1,engine_disjoint_epoch_selection,278,0.05682907599330682,0.09665368978535098,508,510,600.0,6.0,0.0001,"1,2",4,
lstm_autoencoder,1,engine_disjoint_epoch_selection,279,0.05668902654884144,0.09667178415952508,508,510,600.0,6.0,0.0001,"1,2",4,
lstm_autoencoder,1,engine_disjoint_epoch_selection,280,0.05664426840701754,0.09626949013854089,508,510,600.0,6.0,0.0001,"1,2",4,
lstm_autoencoder,1,engine_disjoint_epoch_selection,281,0.05651597264561224,0.09635866932698964,508,510,600.0,6.0,0.0001,"1,2",4,
lstm_autoencoder,1,engine_disjoint_epoch_selection,282,0.056339723227643815,0.09608903411841753,508,510,600.0,6.0,0.0001,"1,2",4,
lstm_autoencoder,1,engine_disjoint_epoch_selection,283,0.05612534650367725,0.09624155132120528,508,510,600.0,6.0,0.0001,"1,2",4,
lstm_autoencoder,1,engine_disjoint_epoch_selection,284,0.055986091338436315,0.09580955740181903,508,510,600.0,6.0,0.0001,"1,2",4,
lstm_autoencoder,1,engine_disjoint_epoch_selection,285,0.05586930691611047,0.09584982623256577,508,510,600.0,6.0,0.0001,"1,2",4,
lstm_autoencoder,1,engine_disjoint_epoch_selection,286,0.05572127344285948,0.09568045817451253,508,510,600.0,6.0,0.0001,"1,2",4,
lstm_autoencoder,1,engine_disjoint_epoch_selection,287,0.05560564618132068,0.09565367580041056,508,510,600.0,6.0,0.0001,"1,2",4,
lstm_autoencoder,1,engine_disjoint_epoch_selection,288,0.05548018114986702,0.09561418893857625,508,510,600.0,6.0,0.0001,"1,2",4,
lstm_autoencoder,1,engine_disjoint_epoch_selection,289,0.055358793460726044,0.09572154297282005,508,510,600.0,6.0,0.0001,"1,2",4,
lstm_autoencoder,1,engine_disjoint_epoch_selection,290,0.0553388971467988,0.0955542312215065,508,510,600.0,6.0,0.0001,"1,2",4,
lstm_autoencoder,1,engine_disjoint_epoch_selection,291,0.055194414774153884,0.09565628317876729,508,510,600.0,6.0,0.0001,"1,2",4,
lstm_autoencoder,1,engine_disjoint_epoch_selection,292,0.05498714374064527,0.09526270699825125,508,510,600.0,6.0,0.0001,"1,2",4,
lstm_autoencoder,1,engine_disjoint_epoch_selection,293,0.05486138878458652,0.09505083133514552,508,510,600.0,6.0,0.0001,"1,2",4,
lstm_autoencoder,1,engine_disjoint_epoch_selection,294,0.05473844171977967,0.09520306065009783,508,510,600.0,6.0,0.0001,"1,2",4,
lstm_autoencoder,1,engine_disjoint_epoch_selection,295,0.054704167175546735,0.0948752229352522,508,510,600.0,6.0,0.0001,"1,2",4,
lstm_autoencoder,1,engine_disjoint_epoch_selection,296,0.0545886116021488,0.09523453924037702,508,510,600.0,6.0,0.0001,"1,2",4,
lstm_autoencoder,1,engine_disjoint_epoch_selection,297,0.05444710301853309,0.09477882331443097,508,510,600.0,6.0,0.0001,"1,2",4,
lstm_autoencoder,1,engine_disjoint_epoch_selection,298,0.05425336994150207,0.09455912869598475,508,510,600.0,6.0,0.0001,"1,2",4,
lstm_autoencoder,1,engine_disjoint_epoch_selection,299,0.054117286183483965,0.09462571859543187,508,510,600.0,6.0,0.0001,"1,2",4,
lstm_autoencoder,1,engine_disjoint_epoch_selection,300,0.054033230886708354,0.09438508619067301,508,510,600.0,6.0,0.0001,"1,2",4,
lstm_autoencoder,1,engine_disjoint_epoch_selection,301,0.05388216716208712,0.09410700219568456,508,510,600.0,6.0,0.0001,"1,2",4,
lstm_autoencoder,1,engine_disjoint_epoch_selection,302,0.053774632730361885,0.09419712503007144,508,510,600.0,6.0,0.0001,"1,2",4,
lstm_autoencoder,1,engine_disjoint_epoch_selection,303,0.053657086383636234,0.09429954974949131,508,510,600.0,6.0,0.0001,"1,2",4,
lstm_autoencoder,1,engine_disjoint_epoch_selection,304,0.053480237449799524,0.09396307833471736,508,510,600.0,6.0,0.0001,"1,2",4,
lstm_autoencoder,1,engine_disjoint_epoch_selection,305,0.053359822308622656,0.09418417252342222,508,510,600.0,6.0,0.0001,"1,2",4,
lstm_autoencoder,1,engine_disjoint_epoch_selection,306,0.053307180691732854,0.093861084346375,508,510,600.0,6.0,0.0001,"1,2",4,
lstm_autoencoder,1,engine_disjoint_epoch_selection,307,0.0532272201834989,0.09369949464095988,508,510,600.0,6.0,0.0001,"1,2",4,
lstm_autoencoder,1,engine_disjoint_epoch_selection,308,0.05307949027463201,0.09354856534626704,508,510,600.0,6.0,0.0001,"1,2",4,
lstm_autoencoder,1,engine_disjoint_epoch_selection,309,0.05293321189201554,0.09342763998105484,508,510,600.0,6.0,0.0001,"1,2",4,
lstm_autoencoder,1,engine_disjoint_epoch_selection,310,0.052833192026914506,0.0934408113998644,508,510,600.0,6.0,0.0001,"1,2",4,
lstm_autoencoder,1,engine_disjoint_epoch_selection,311,0.05276505403504403,0.09357595186901264,508,510,600.0,6.0,0.0001,"1,2",4,
lstm_autoencoder,1,engine_disjoint_epoch_selection,312,0.0526067637651787,0.09352411444782141,508,510,600.0,6.0,0.0001,"1,2",4,
lstm_autoencoder,1,engine_disjoint_epoch_selection,313,0.05250842508214217,0.09323197898267935,508,510,600.0,6.0,0.0001,"1,2",4,
lstm_autoencoder,1,engine_disjoint_epoch_selection,314,0.052457152518420376,0.09340194067180875,508,510,600.0,6.0,0.0001,"1,2",4,
lstm_autoencoder,1,engine_disjoint_epoch_selection,315,0.05236375016657025,0.09344818959574909,508,510,600.0,6.0,0.0001,"1,2",4,
lstm_autoencoder,1,engine_disjoint_epoch_selection,316,0.05224894668424306,0.09268375420209597,508,510,600.0,6.0,0.0001,"1,2",4,
lstm_autoencoder,1,engine_disjoint_epoch_selection,317,0.052060314250154935,0.09276243539063189,508,510,600.0,6.0,0.0001,"1,2",4,
lstm_autoencoder,1,engine_disjoint_epoch_selection,318,0.05189699756312089,0.09278568557422263,508,510,600.0,6.0,0.0001,"1,2",4,
lstm_autoencoder,1,engine_disjoint_epoch_selection,319,0.05176148064894227,0.09240363004361095,508,510,600.0,6.0,0.0001,"1,2",4,
lstm_autoencoder,1,engine_disjoint_epoch_selection,320,0.05166275656284756,0.09237358404386041,508,510,600.0,6.0,0.0001,"1,2",4,
lstm_autoencoder,1,engine_disjoint_epoch_selection,321,0.05156260505801882,0.09242585537585885,508,510,600.0,6.0,0.0001,"1,2",4,
lstm_autoencoder,1,engine_disjoint_epoch_selection,322,0.051426362697919156,0.0923217456442908,508,510,600.0,6.0,0.0001,"1,2",4,
lstm_autoencoder,1,engine_disjoint_epoch_selection,323,0.05132862670279255,0.09237561173303276,508,510,600.0,6.0,0.0001,"1,2",4,
lstm_autoencoder,1,engine_disjoint_epoch_selection,324,0.05119405791185748,0.0920039884063885,508,510,600.0,6.0,0.0001,"1,2",4,
lstm_autoencoder,1,engine_disjoint_epoch_selection,325,0.051195580491840434,0.09256453415038311,508,510,600.0,6.0,0.0001,"1,2",4,
lstm_autoencoder,1,engine_disjoint_epoch_selection,326,0.05113440037328789,0.09176234313542184,508,510,600.0,6.0,0.0001,"1,2",4,
lstm_autoencoder,1,engine_disjoint_epoch_selection,327,0.05115733550309778,0.09173913428831725,508,510,600.0,6.0,0.0001,"1,2",4,
lstm_autoencoder,1,engine_disjoint_epoch_selection,328,0.05120042388220704,0.09230994297682123,508,510,600.0,6.0,0.0001,"1,2",4,
lstm_autoencoder,1,engine_disjoint_epoch_selection,329,0.05082532773889402,0.09204898794115002,508,510,600.0,6.0,0.0001,"1,2",4,
lstm_autoencoder,1,engine_disjoint_epoch_selection,330,0.050710400864147374,0.09218255713463563,508,510,600.0,6.0,0.0001,"1,2",4,
lstm_autoencoder,1,engine_disjoint_epoch_selection,331,0.050773832180645545,0.0914862851174436,508,510,600.0,6.0,0.0001,"1,2",4,
lstm_autoencoder,1,engine_disjoint_epoch_selection,332,0.05062712113155059,0.09136659397654547,508,510,600.0,6.0,0.0001,"1,2",4,
lstm_autoencoder,1,engine_disjoint_epoch_selection,333,0.050412353612055066,0.09121775058453803,508,510,600.0,6.0,0.0001,"1,2",4,
lstm_autoencoder,1,engine_disjoint_epoch_selection,334,0.05021483882699139,0.09130042111087866,508,510,600.0,6.0,0.0001,"1,2",4,
lstm_autoencoder,1,engine_disjoint_epoch_selection,335,0.05015479398213864,0.09109684087337974,508,510,600.0,6.0,0.0001,"1,2",4,
lstm_autoencoder,1,engine_disjoint_epoch_selection,336,0.05003793438242613,0.09113168410687424,508,510,600.0,6.0,0.0001,"1,2",4,
lstm_autoencoder,1,engine_disjoint_epoch_selection,337,0.04987616501729976,0.09076704762476656,508,510,600.0,6.0,0.0001,"1,2",4,
lstm_autoencoder,1,engine_disjoint_epoch_selection,338,0.04972068232148217,0.09076324368966301,508,510,600.0,6.0,0.0001,"1,2",4,
lstm_autoencoder,1,engine_disjoint_epoch_selection,339,0.04961504635667317,0.090733107923697,508,510,600.0,6.0,0.0001,"1,2",4,
lstm_autoencoder,1,engine_disjoint_epoch_selection,340,0.04951503664210535,0.09064373428254716,508,510,600.0,6.0,0.0001,"1,2",4,
lstm_autoencoder,1,engine_disjoint_epoch_selection,341,0.04940856991959316,0.09066116580537541,508,510,600.0,6.0,0.0001,"1,2",4,
lstm_autoencoder,1,engine_disjoint_epoch_selection,342,0.04928257008192049,0.09053453429291328,508,510,600.0,6.0,0.0001,"1,2",4,
lstm_autoencoder,1,engine_disjoint_epoch_selection,343,0.049175392822082914,0.09050221185128975,508,510,600.0,6.0,0.0001,"1,2",4,
lstm_autoencoder,1,engine_disjoint_epoch_selection,344,0.049079971148530396,0.09040492728723261,508,510,600.0,6.0,0.0001,"1,2",4,
lstm_autoencoder,1,engine_disjoint_epoch_selection,345,0.048985586415387104,0.09064061912581627,508,510,600.0,6.0,0.0001,"1,2",4,
lstm_autoencoder,1,engine_disjoint_epoch_selection,346,0.04897894542902812,0.09074674700736755,508,510,600.0,6.0,0.0001,"1,2",4,
lstm_autoencoder,1,engine_disjoint_epoch_selection,347,0.04888398021226633,0.09020132063351768,508,510,600.0,6.0,0.0001,"1,2",4,
lstm_autoencoder,1,engine_disjoint_epoch_selection,348,0.048710558669412075,0.08988191115914262,508,510,600.0,6.0,0.0001,"1,2",4,
lstm_autoencoder,1,engine_disjoint_epoch_selection,349,0.048555210468159644,0.08987687642404929,508,510,600.0,6.0,0.0001,"1,2",4,
lstm_autoencoder,1,engine_disjoint_epoch_selection,350,0.04845792236531136,0.08984333712432775,508,510,600.0,6.0,0.0001,"1,2",4,
lstm_autoencoder,1,engine_disjoint_epoch_selection,351,0.04839377226417956,0.09001984440934875,508,510,600.0,6.0,0.0001,"1,2",4,
lstm_autoencoder,1,engine_disjoint_epoch_selection,352,0.048319847516761376,0.08964988775025823,508,510,600.0,6.0,0.0001,"1,2",4,
lstm_autoencoder,1,engine_disjoint_epoch_selection,353,0.04825456626558391,0.089501142685277,508,510,600.0,6.0,0.0001,"1,2",4,
lstm_autoencoder,1,engine_disjoint_epoch_selection,354,0.0481341971190107,0.08952768022019181,508,510,600.0,6.0,0.0001,"1,2",4,
lstm_autoencoder,1,engine_disjoint_epoch_selection,355,0.047997542710703146,0.08925393141976196,508,510,600.0,6.0,0.0001,"1,2",4,
lstm_autoencoder,1,engine_disjoint_epoch_selection,356,0.04785829262072882,0.08923972267528534,508,510,600.0,6.0,0.0001,"1,2",4,
lstm_autoencoder,1,engine_disjoint_epoch_selection,357,0.04771165262536639,0.08920127778641533,508,510,600.0,6.0,0.0001,"1,2",4,
lstm_autoencoder,1,engine_disjoint_epoch_selection,358,0.04763403530428538,0.08921461724171,508,510,600.0,6.0,0.0001,"1,2",4,
lstm_autoencoder,1,engine_disjoint_epoch_selection,359,0.04752284636339688,0.08898054070581563,508,510,600.0,6.0,0.0001,"1,2",4,
lstm_autoencoder,1,engine_disjoint_epoch_selection,360,0.047433235235704314,0.08917858234336053,508,510,600.0,6.0,0.0001,"1,2",4,
lstm_autoencoder,1,engine_disjoint_epoch_selection,361,0.04740330036162696,0.08896168319651272,508,510,600.0,6.0,0.0001,"1,2",4,
lstm_autoencoder,1,engine_disjoint_epoch_selection,362,0.047319441097024156,0.08879766686814478,508,510,600.0,6.0,0.0001,"1,2",4,
lstm_autoencoder,1,engine_disjoint_epoch_selection,363,0.047232892575526465,0.08890826814019946,508,510,600.0,6.0,0.0001,"1,2",4,
lstm_autoencoder,1,engine_disjoint_epoch_selection,364,0.04710176449814871,0.08860406291029276,508,510,600.0,6.0,0.0001,"1,2",4,
lstm_autoencoder,1,engine_disjoint_epoch_selection,365,0.04696705930942349,0.08862752466820606,508,510,600.0,6.0,0.0001,"1,2",4,
lstm_autoencoder,1,engine_disjoint_epoch_selection,366,0.04684259632592112,0.08840056069846886,508,510,600.0,6.0,0.0001,"1,2",4,
lstm_autoencoder,1,engine_disjoint_epoch_selection,367,0.0467379744628216,0.08836560519605638,508,510,600.0,6.0,0.0001,"1,2",4,
lstm_autoencoder,1,engine_disjoint_epoch_selection,368,0.04665609360058415,0.08837393877841962,508,510,600.0,6.0,0.0001,"1,2",4,
lstm_autoencoder,1,engine_disjoint_epoch_selection,369,0.04664093060717891,0.08838672740669182,508,510,600.0,6.0,0.0001,"1,2",4,
lstm_autoencoder,1,engine_disjoint_epoch_selection,370,0.046500138587767685,0.08804598121222364,508,510,600.0,6.0,0.0001,"1,2",4,
lstm_autoencoder,1,engine_disjoint_epoch_selection,371,0.04638648370171513,0.08826101434692477,508,510,600.0,6.0,0.0001,"1,2",4,
lstm_autoencoder,1,engine_disjoint_epoch_selection,372,0.04638432893383509,0.08790422005664388,508,510,600.0,6.0,0.0001,"1,2",4,
lstm_autoencoder,1,engine_disjoint_epoch_selection,373,0.0462137929972527,0.08766626963159249,508,510,600.0,6.0,0.0001,"1,2",4,
lstm_autoencoder,1,engine_disjoint_epoch_selection,374,0.046035801969826685,0.08775843837744886,508,510,600.0,6.0,0.0001,"1,2",4,
lstm_autoencoder,1,engine_disjoint_epoch_selection,375,0.04591037960233297,0.08768742926520058,508,510,600.0,6.0,0.0001,"1,2",4,
lstm_autoencoder,1,engine_disjoint_epoch_selection,376,0.04580968885042694,0.08765614842964949,508,510,600.0,6.0,0.0001,"1,2",4,
lstm_autoencoder,1,engine_disjoint_epoch_selection,377,0.04572845952554053,0.0874054784742983,508,510,600.0,6.0,0.0001,"1,2",4,
lstm_autoencoder,1,engine_disjoint_epoch_selection,378,0.04560491468948829,0.08734338446805709,508,510,600.0,6.0,0.0001,"1,2",4,
lstm_autoencoder,1,engine_disjoint_epoch_selection,379,0.045494319396191064,0.087183059928172,508,510,600.0,6.0,0.0001,"1,2",4,
lstm_autoencoder,1,engine_disjoint_epoch_selection,380,0.04540949186588036,0.08728102556587214,508,510,600.0,6.0,0.0001,"1,2",4,
lstm_autoencoder,1,engine_disjoint_epoch_selection,381,0.04533724687310794,0.08718392126802971,508,510,600.0,6.0,0.0001,"1,2",4,
lstm_autoencoder,1,engine_disjoint_epoch_selection,382,0.045240579221602704,0.08716166389389018,508,510,600.0,6.0,0.0001,"1,2",4,
lstm_autoencoder,1,engine_disjoint_epoch_selection,383,0.0451677932371301,0.08687946777461156,508,510,600.0,6.0,0.0001,"1,2",4,
lstm_autoencoder,1,engine_disjoint_epoch_selection,384,0.04500888315033005,0.08687649472733894,508,510,600.0,6.0,0.0001,"1,2",4,
lstm_autoencoder,1,engine_disjoint_epoch_selection,385,0.04491977637725683,0.08681174858193057,508,510,600.0,6.0,0.0001,"1,2",4,
lstm_autoencoder,1,engine_disjoint_epoch_selection,386,0.0448934385983892,0.08662847311993874,508,510,600.0,6.0,0.0001,"1,2",4,
lstm_autoencoder,1,engine_disjoint_epoch_selection,387,0.04473335866263558,0.08676021849384488,508,510,600.0,6.0,0.0001,"1,2",4,
lstm_autoencoder,1,engine_disjoint_epoch_selection,388,0.04466881427672904,0.08654348139091467,508,510,600.0,6.0,0.0001,"1,2",4,
lstm_autoencoder,1,engine_disjoint_epoch_selection,389,0.0445613030009077,0.08649294900417205,508,510,600.0,6.0,0.0001,"1,2",4,
lstm_autoencoder,1,engine_disjoint_epoch_selection,390,0.04460391969742641,0.08675169828580752,508,510,600.0,6.0,0.0001,"1,2",4,
lstm_autoencoder,1,engine_disjoint_epoch_selection,391,0.04441367903823129,0.08646055575241399,508,510,600.0,6.0,0.0001,"1,2",4,
lstm_autoencoder,1,engine_disjoint_epoch_selection,392,0.044248784419087826,0.08629095997679506,508,510,600.0,6.0,0.0001,"1,2",4,
lstm_autoencoder,1,engine_disjoint_epoch_selection,393,0.044129326124269,0.08614380281990876,508,510,600.0,6.0,0.0001,"1,2",4,
lstm_autoencoder,1,engine_disjoint_epoch_selection,394,0.044110708143119105,0.08621872140982727,508,510,600.0,6.0,0.0001,"1,2",4,
lstm_autoencoder,1,engine_disjoint_epoch_selection,395,0.04411209210488278,0.0865671297745021,508,510,600.0,6.0,0.0001,"1,2",4,
lstm_autoencoder,1,engine_disjoint_epoch_selection,396,0.043996310682120704,0.08606904052593488,508,510,600.0,6.0,0.0001,"1,2",4,
lstm_autoencoder,1,engine_disjoint_epoch_selection,397,0.0439596691604226,0.0861908075411401,508,510,600.0,6.0,0.0001,"1,2",4,
lstm_autoencoder,1,engine_disjoint_epoch_selection,398,0.04381856913576899,0.08581017224903013,508,510,600.0,6.0,0.0001,"1,2",4,
lstm_autoencoder,1,engine_disjoint_epoch_selection,399,0.04363119409898345,0.0857137101342905,508,510,600.0,6.0,0.0001,"1,2",4,
lstm_autoencoder,1,engine_disjoint_epoch_selection,400,0.04346820032578745,0.08582634521038235,508,510,600.0,6.0,0.0001,"1,2",4,
lstm_autoencoder,1,engine_disjoint_epoch_selection,401,0.04337034030383307,0.08567366926570402,508,510,600.0,6.0,0.0001,"1,2",4,
lstm_autoencoder,1,engine_disjoint_epoch_selection,402,0.0432549217626336,0.08548098840784434,508,510,600.0,6.0,0.0001,"1,2",4,
lstm_autoencoder,1,engine_disjoint_epoch_selection,403,0.0431335178960803,0.08538967831130516,508,510,600.0,6.0,0.0001,"1,2",4,
lstm_autoencoder,1,engine_disjoint_epoch_selection,404,0.04304444316062756,0.08538320584919673,508,510,600.0,6.0,0.0001,"1,2",4,
lstm_autoencoder,1,engine_disjoint_epoch_selection,405,0.04296015662201704,0.08520130586489619,508,510,600.0,6.0,0.0001,"1,2",4,
lstm_autoencoder,1,engine_disjoint_epoch_selection,406,0.042865618996467125,0.08531905137810777,508,510,600.0,6.0,0.0001,"1,2",4,
lstm_autoencoder,1,engine_disjoint_epoch_selection,407,0.04275824348402761,0.08517660083266887,508,510,600.0,6.0,0.0001,"1,2",4,
lstm_autoencoder,1,engine_disjoint_epoch_selection,408,0.042727686255382216,0.08500782408204315,508,510,600.0,6.0,0.0001,"1,2",4,
lstm_autoencoder,1,engine_disjoint_epoch_selection,409,0.042586829843525874,0.08485907400287276,508,510,600.0,6.0,0.0001,"1,2",4,
lstm_autoencoder,1,engine_disjoint_epoch_selection,410,0.04246063000862836,0.08510950046430707,508,510,600.0,6.0,0.0001,"1,2",4,
lstm_autoencoder,1,engine_disjoint_epoch_selection,411,0.04247071662520918,0.0848693192142742,508,510,600.0,6.0,0.0001,"1,2",4,
lstm_autoencoder,1,engine_disjoint_epoch_selection,412,0.04236316157521334,0.08496558993374516,508,510,600.0,6.0,0.0001,"1,2",4,
lstm_autoencoder,1,engine_disjoint_epoch_selection,413,0.042245852973007945,0.0848932910742103,508,510,600.0,6.0,0.0001,"1,2",4,
lstm_autoencoder,1,engine_disjoint_epoch_selection,414,0.04218398721765683,0.08448654164042525,508,510,600.0,6.0,0.0001,"1,2",4,
lstm_autoencoder,1,engine_disjoint_epoch_selection,415,0.04203918383439884,0.08455193889663903,508,510,600.0,6.0,0.0001,"1,2",4,
lstm_autoencoder,1,engine_disjoint_epoch_selection,416,0.04187950008664495,0.08439313463444403,508,510,600.0,6.0,0.0001,"1,2",4,
lstm_autoencoder,1,engine_disjoint_epoch_selection,417,0.04180444307896652,0.08436795790154496,508,510,600.0,6.0,0.0001,"1,2",4,
lstm_autoencoder,1,engine_disjoint_epoch_selection,418,0.041810928476683495,0.08445103103058495,508,510,600.0,6.0,0.0001,"1,2",4,
lstm_autoencoder,1,engine_disjoint_epoch_selection,419,0.04169479654332118,0.08441931261530776,508,510,600.0,6.0,0.0001,"1,2",4,
lstm_autoencoder,1,engine_disjoint_epoch_selection,420,0.0415555356684053,0.08428561011776921,508,510,600.0,6.0,0.0001,"1,2",4,
lstm_autoencoder,1,engine_disjoint_epoch_selection,421,0.041428998804084474,0.0841824002497072,508,510,600.0,6.0,0.0001,"1,2",4,
lstm_autoencoder,1,engine_disjoint_epoch_selection,422,0.041368329067030384,0.0841710558302068,508,510,600.0,6.0,0.0001,"1,2",4,
lstm_autoencoder,1,engine_disjoint_epoch_selection,423,0.04134514017389,0.08407640689518184,508,510,600.0,6.0,0.0001,"1,2",4,
lstm_autoencoder,1,engine_disjoint_epoch_selection,424,0.04134149962170993,0.08398835259726427,508,510,600.0,6.0,0.0001,"1,2",4,
lstm_autoencoder,1,engine_disjoint_epoch_selection,425,0.04121614941816332,0.08421693700617722,508,510,600.0,6.0,0.0001,"1,2",4,
lstm_autoencoder,1,engine_disjoint_epoch_selection,426,0.04110317778987812,0.08397285202644703,508,510,600.0,6.0,0.0001,"1,2",4,
lstm_autoencoder,1,engine_disjoint_epoch_selection,427,0.040977482785406194,0.08368665690787727,508,510,600.0,6.0,0.0001,"1,2",4,
lstm_autoencoder,1,engine_disjoint_epoch_selection,428,0.040851250119877794,0.08373715297232288,508,510,600.0,6.0,0.0001,"1,2",4,
lstm_autoencoder,1,engine_disjoint_epoch_selection,429,0.04080177483494421,0.08380661233323267,508,510,600.0,6.0,0.0001,"1,2",4,
lstm_autoencoder,1,engine_disjoint_epoch_selection,430,0.040684808337428734,0.0835256671929977,508,510,600.0,6.0,0.0001,"1,2",4,
lstm_autoencoder,1,engine_disjoint_epoch_selection,431,0.040547149026332434,0.0836520660960023,508,510,600.0,6.0,0.0001,"1,2",4,
lstm_autoencoder,1,engine_disjoint_epoch_selection,432,0.04043872832617545,0.08318603280325002,508,510,600.0,6.0,0.0001,"1,2",4,
lstm_autoencoder,1,engine_disjoint_epoch_selection,433,0.04033230886708356,0.08339939547918124,508,510,600.0,6.0,0.0001,"1,2",4,
lstm_autoencoder,1,engine_disjoint_epoch_selection,434,0.040217994830780056,0.08311152647751727,508,510,600.0,6.0,0.0001,"1,2",4,
lstm_autoencoder,1,engine_disjoint_epoch_selection,435,0.04011404607491467,0.08318483269988161,508,510,600.0,6.0,0.0001,"1,2",4,
lstm_autoencoder,1,engine_disjoint_epoch_selection,436,0.04004306054127191,0.08315268526568906,508,510,600.0,6.0,0.0001,"1,2",4,
lstm_autoencoder,1,engine_disjoint_epoch_selection,437,0.03997247119562887,0.08305829511174302,508,510,600.0,6.0,0.0001,"1,2",4,
lstm_autoencoder,1,engine_disjoint_epoch_selection,438,0.039865768156015155,0.08297385971311974,508,510,600.0,6.0,0.0001,"1,2",4,
lstm_autoencoder,1,engine_disjoint_epoch_selection,439,0.039743361607102255,0.08288845938882879,508,510,600.0,6.0,0.0001,"1,2",4,
lstm_autoencoder,1,engine_disjoint_epoch_selection,440,0.03972670045843462,0.0828694507200677,508,510,600.0,6.0,0.0001,"1,2",4,
lstm_autoencoder,1,engine_disjoint_epoch_selection,441,0.03955927978393819,0.08268563763916141,508,510,600.0,6.0,0.0001,"1,2",4,
lstm_autoencoder,1,engine_disjoint_epoch_selection,442,0.039456321022265886,0.08260042430743647,508,510,600.0,6.0,0.0001,"1,2",4,
lstm_autoencoder,1,engine_disjoint_epoch_selection,443,0.039512537847278165,0.08293971650934917,508,510,600.0,6.0,0.0001,"1,2",4,
lstm_autoencoder,1,engine_disjoint_epoch_selection,444,0.03961835430125597,0.08277838570731026,508,510,600.0,6.0,0.0001,"1,2",4,
lstm_autoencoder,1,engine_disjoint_epoch_selection,445,0.03938045466816526,0.08254080633225579,508,510,600.0,6.0,0.0001,"1,2",4,
lstm_autoencoder,1,engine_disjoint_epoch_selection,446,0.0392590806188033,0.08263511833822951,508,510,600.0,6.0,0.0001,"1,2",4,
lstm_autoencoder,1,engine_disjoint_epoch_selection,447,0.03914542827038406,0.08247673893684178,508,510,600.0,6.0,0.0001,"1,2",4,
lstm_autoencoder,1,engine_disjoint_epoch_selection,448,0.03899650694268051,0.08214138776530178,508,510,600.0,6.0,0.0001,"1,2",4,
lstm_autoencoder,1,engine_disjoint_epoch_selection,449,0.03886411575832523,0.08230419812003109,508,510,600.0,6.0,0.0001,"1,2",4,
lstm_autoencoder,1,engine_disjoint_epoch_selection,450,0.038771490080868484,0.08208730398737243,508,510,600.0,6.0,0.0001,"1,2",4,
lstm_autoencoder,1,engine_disjoint_epoch_selection,451,0.03866560146294357,0.08198433296593008,508,510,600.0,6.0,0.0001,"1,2",4,
lstm_autoencoder,1,engine_disjoint_epoch_selection,452,0.03857138262757759,0.08207482171382742,508,510,600.0,6.0,0.0001,"1,2",4,
lstm_autoencoder,1,engine_disjoint_epoch_selection,453,0.03853151069868231,0.08197337500588592,508,510,600.0,6.0,0.0001,"1,2",4,
lstm_autoencoder,1,engine_disjoint_epoch_selection,454,0.038456695876382424,0.08186430905408876,508,510,600.0,6.0,0.0001,"1,2",4,
lstm_autoencoder,1,engine_disjoint_epoch_selection,455,0.03838374240811169,0.08181494668557969,508,510,600.0,6.0,0.0001,"1,2",4,
lstm_autoencoder,1,engine_disjoint_epoch_selection,456,0.03827165260739995,0.08180211843298349,508,510,600.0,6.0,0.0001,"1,2",4,
lstm_autoencoder,1,engine_disjoint_epoch_selection,457,0.03826391028818663,0.08199275484694124,508,510,600.0,6.0,0.0001,"1,2",4,
lstm_autoencoder,1,engine_disjoint_epoch_selection,458,0.03824679966121986,0.08154093567974662,508,510,600.0,6.0,0.0001,"1,2",4,
lstm_autoencoder,1,engine_disjoint_epoch_selection,459,0.03810422654043274,0.08192339650359817,508,510,600.0,6.0,0.0001,"1,2",4,
lstm_autoencoder,1,engine_disjoint_epoch_selection,460,0.038008087668267417,0.081491909506505,508,510,600.0,6.0,0.0001,"1,2",4,
lstm_autoencoder,1,engine_disjoint_epoch_selection,461,0.037809192727890024,0.08151408494145602,508,510,600.0,6.0,0.0001,"1,2",4,
lstm_autoencoder,1,engine_disjoint_epoch_selection,462,0.03771977097108284,0.081316096503235,508,510,600.0,6.0,0.0001,"1,2",4,
lstm_autoencoder,1,engine_disjoint_epoch_selection,463,0.037655804531161484,0.08125433367807212,508,510,600.0,6.0,0.0001,"1,2",4,
lstm_autoencoder,1,engine_disjoint_epoch_selection,464,0.037564670030475554,0.0812902333156119,508,510,600.0,6.0,0.0001,"1,2",4,
lstm_autoencoder,1,engine_disjoint_epoch_selection,465,0.037487925179445186,0.0812069264764387,508,510,600.0,6.0,0.0001,"1,2",4,
lstm_autoencoder,1,engine_disjoint_epoch_selection,466,0.03739914861590577,0.08106283702493233,508,510,600.0,6.0,0.0001,"1,2",4,
lstm_autoencoder,1,engine_disjoint_epoch_selection,467,0.037505521445985686,0.0817890203925517,508,510,600.0,6.0,0.0001,"1,2",4,
lstm_autoencoder,1,engine_disjoint_epoch_selection,468,0.03742200063822493,0.08093132267061885,508,510,600.0,6.0,0.0001,"1,2",4,
lstm_autoencoder,1,engine_disjoint_epoch_selection,469,0.037241990130494444,0.08126207974422403,508,510,600.0,6.0,0.0001,"1,2",4,
lstm_autoencoder,1,engine_disjoint_epoch_selection,470,0.03723368762872906,0.08118444542054427,508,510,600.0,6.0,0.0001,"1,2",4,
lstm_autoencoder,1,engine_disjoint_epoch_selection,471,0.03717996022198891,0.08094710525900133,508,510,600.0,6.0,0.0001,"1,2",4,
lstm_autoencoder,1,engine_disjoint_epoch_selection,472,0.03700210131009684,0.08112057932647995,508,510,600.0,6.0,0.0001,"1,2",4,
lstm_autoencoder,1,engine_disjoint_epoch_selection,473,0.036997918021593676,0.08067116464642753,508,510,600.0,6.0,0.0001,"1,2",4,
lstm_autoencoder,1,engine_disjoint_epoch_selection,474,0.036824620188363036,0.08063451447038046,508,510,600.0,6.0,0.0001,"1,2",4,
lstm_autoencoder,1,engine_disjoint_epoch_selection,475,0.036784189980140686,0.08079166930894052,508,510,600.0,6.0,0.0001,"1,2",4,
lstm_autoencoder,1,engine_disjoint_epoch_selection,476,0.03689461953426268,0.08107393464848885,508,510,600.0,6.0,0.0001,"1,2",4,
lstm_autoencoder,1,engine_disjoint_epoch_selection,477,0.03693499232853151,0.08066762915388931,508,510,600.0,6.0,0.0001,"1,2",4,
lstm_autoencoder,1,engine_disjoint_epoch_selection,478,0.03664833207148671,0.08049609300936757,508,510,600.0,6.0,0.0001,"1,2",4,
lstm_autoencoder,1,engine_disjoint_epoch_selection,479,0.036595161992461156,0.08076755876387043,508,510,600.0,6.0,0.0001,"1,2",4,
lstm_autoencoder,1,engine_disjoint_epoch_selection,480,0.036414989710607484,0.08027784724699041,508,510,600.0,6.0,0.0001,"1,2",4,
lstm_autoencoder,1,engine_disjoint_epoch_selection,481,0.03632550736780514,0.08034348237144547,508,510,600.0,6.0,0.0001,"1,2",4,
lstm_autoencoder,1,engine_disjoint_epoch_selection,482,0.03622585165308336,0.08029570717724753,508,510,600.0,6.0,0.0001,"1,2",4,
lstm_autoencoder,1,engine_disjoint_epoch_selection,483,0.03610376738360018,0.0800345262584701,508,510,600.0,6.0,0.0001,"1,2",4,
lstm_autoencoder,1,engine_disjoint_epoch_selection,484,0.036049515796980486,0.08024012868176304,508,510,600.0,6.0,0.0001,"1,2",4,
lstm_autoencoder,1,engine_disjoint_epoch_selection,485,0.035955134394480906,0.08015005782372708,508,510,600.0,6.0,0.0001,"1,2",4,
lstm_autoencoder,1,engine_disjoint_epoch_selection,486,0.03584167839543863,0.08013533567520068,508,510,600.0,6.0,0.0001,"1,2",4,
lstm_autoencoder,1,engine_disjoint_epoch_selection,487,0.035835178882136394,0.08006322013931294,508,510,600.0,6.0,0.0001,"1,2",4,
lstm_autoencoder,1,engine_disjoint_epoch_selection,488,0.03573580135546566,0.07995142708010598,508,510,600.0,6.0,0.0001,"1,2",4,
lstm_autoencoder,1,engine_disjoint_epoch_selection,489,0.035610419114298575,0.07983125188650918,508,510,600.0,6.0,0.0001,"1,2",4,
lstm_autoencoder,1,engine_disjoint_epoch_selection,490,0.03551361189296157,0.07984683733165004,508,510,600.0,6.0,0.0001,"1,2",4,
lstm_autoencoder,1,engine_disjoint_epoch_selection,491,0.03545994507221658,0.07971843715568909,508,510,600.0,6.0,0.0001,"1,2",4,
lstm_autoencoder,1,engine_disjoint_epoch_selection,492,0.03535749336139902,0.07972956254073185,508,510,600.0,6.0,0.0001,"1,2",4,
lstm_autoencoder,1,engine_disjoint_epoch_selection,493,0.03527096783720315,0.07957896785144165,508,510,600.0,6.0,0.0001,"1,2",4,
lstm_autoencoder,1,engine_disjoint_epoch_selection,494,0.03524383514470275,0.07970021339097552,508,510,600.0,6.0,0.0001,"1,2",4,
lstm_autoencoder,1,engine_disjoint_epoch_selection,495,0.03517437821792204,0.07957512637106814,508,510,600.0,6.0,0.0001,"1,2",4,
lstm_autoencoder,1,engine_disjoint_epoch_selection,496,0.035168733569839405,0.07959438049050287,508,510,600.0,6.0,0.0001,"1,2",4,
lstm_autoencoder,1,engine_disjoint_epoch_selection,497,0.03518767605084816,0.0800226455653255,508,510,600.0,6.0,0.0001,"1,2",4,
lstm_autoencoder,1,engine_disjoint_epoch_selection,498,0.0350593515824661,0.07934935492226698,508,510,600.0,6.0,0.0001,"1,2",4,
lstm_autoencoder,1,engine_disjoint_epoch_selection,499,0.034888496062689366,0.07931918931576068,508,510,600.0,6.0,0.0001,"1,2",4,
lstm_autoencoder,1,engine_disjoint_epoch_selection,500,0.03481972715173846,0.07928960816803331,508,510,600.0,6.0,0.0001,"1,2",4,
lstm_autoencoder,1,engine_disjoint_epoch_selection,501,0.03471600392803304,0.07916358080421482,508,510,600.0,6.0,0.0001,"1,2",4,
lstm_autoencoder,1,engine_disjoint_epoch_selection,502,0.03463072200275867,0.07946046617404716,508,510,600.0,6.0,0.0001,"1,2",4,
lstm_autoencoder,1,engine_disjoint_epoch_selection,503,0.03455198368216521,0.07925015616092844,508,510,600.0,6.0,0.0001,"1,2",4,
lstm_autoencoder,1,engine_disjoint_epoch_selection,504,0.034488657677449186,0.07903654350932361,508,510,600.0,6.0,0.0001,"1,2",4,
lstm_autoencoder,1,engine_disjoint_epoch_selection,505,0.03440267917183261,0.07902592993846579,508,510,600.0,6.0,0.0001,"1,2",4,
lstm_autoencoder,1,engine_disjoint_epoch_selection,506,0.034326226783040634,0.07906087088750001,508,510,600.0,6.0,0.0001,"1,2",4,
lstm_autoencoder,1,engine_disjoint_epoch_selection,507,0.03427966010168074,0.07910407595403318,508,510,600.0,6.0,0.0001,"1,2",4,
lstm_autoencoder,1,engine_disjoint_epoch_selection,508,0.03422367356689088,0.07896704171125202,508,510,600.0,6.0,0.0001,"1,2",4,
lstm_autoencoder,1,engine_disjoint_epoch_selection,509,0.034146061955484794,0.0790355143775754,508,510,600.0,6.0,0.0001,"1,2",4,
lstm_autoencoder,1,engine_disjoint_epoch_selection,510,0.03405796325724196,0.07900475587377673,508,510,600.0,6.0,0.0001,"1,2",4,
lstm_autoencoder,2,engine_disjoint_epoch_selection,1,0.9757631150573497,1.3349738364404335,446,447,600.0,6.0,0.0001,"1,2",4,
lstm_autoencoder,2,engine_disjoint_epoch_selection,2,0.9173775423431524,1.272922168544819,446,447,600.0,6.0,0.0001,"1,2",4,
lstm_autoencoder,2,engine_disjoint_epoch_selection,3,0.8644073704564589,1.213806144516723,446,447,600.0,6.0,0.0001,"1,2",4,
lstm_autoencoder,2,engine_disjoint_epoch_selection,4,0.8142972178850122,1.1540003246024622,446,447,600.0,6.0,0.0001,"1,2",4,
lstm_autoencoder,2,engine_disjoint_epoch_selection,5,0.7647078587214681,1.0931748309236944,446,447,600.0,6.0,0.0001,"1,2",4,
lstm_autoencoder,2,engine_disjoint_epoch_selection,6,0.7161272747750966,1.034479713097509,446,447,600.0,6.0,0.0001,"1,2",4,
lstm_autoencoder,2,engine_disjoint_epoch_selection,7,0.669305773160431,0.9796771636281939,446,447,600.0,6.0,0.0001,"1,2",4,
lstm_autoencoder,2,engine_disjoint_epoch_selection,8,0.6278105354658007,0.929632851697751,446,447,600.0,6.0,0.0001,"1,2",4,
lstm_autoencoder,2,engine_disjoint_epoch_selection,9,0.589673002805445,0.884587669714991,446,447,600.0,6.0,0.0001,"1,2",4,
lstm_autoencoder,2,engine_disjoint_epoch_selection,10,0.557413177008084,0.8413141979013048,446,447,600.0,6.0,0.0001,"1,2",4,
lstm_autoencoder,2,engine_disjoint_epoch_selection,11,0.5276961156101884,0.8012338008719183,446,447,600.0,6.0,0.0001,"1,2",4,
lstm_autoencoder,2,engine_disjoint_epoch_selection,12,0.5006001604271474,0.764188411817333,446,447,600.0,6.0,0.0001,"1,2",4,
lstm_autoencoder,2,engine_disjoint_epoch_selection,13,0.47697165530591923,0.7298398640376539,446,447,600.0,6.0,0.0001,"1,2",4,
lstm_autoencoder,2,engine_disjoint_epoch_selection,14,0.4548869295562739,0.6987897663062644,446,447,600.0,6.0,0.0001,"1,2",4,
lstm_autoencoder,2,engine_disjoint_epoch_selection,15,0.43530466297631176,0.6702422978297721,446,447,600.0,6.0,0.0001,"1,2",4,
lstm_autoencoder,2,engine_disjoint_epoch_selection,16,0.41741368331668105,0.644174533246205,446,447,600.0,6.0,0.0001,"1,2",4,
lstm_autoencoder,2,engine_disjoint_epoch_selection,17,0.4014094822342931,0.6203492823305055,446,447,600.0,6.0,0.0001,"1,2",4,
lstm_autoencoder,2,engine_disjoint_epoch_selection,18,0.3869942836866152,0.5983422576051151,446,447,600.0,6.0,0.0001,"1,2",4,
lstm_autoencoder,2,engine_disjoint_epoch_selection,19,0.37351164761506317,0.5778423817104547,446,447,600.0,6.0,0.0001,"1,2",4,
lstm_autoencoder,2,engine_disjoint_epoch_selection,20,0.3610224442297223,0.5591298465577111,446,447,600.0,6.0,0.0001,"1,2",4,
lstm_autoencoder,2,engine_disjoint_epoch_selection,21,0.34995449312946947,0.5412564000034064,446,447,600.0,6.0,0.0001,"1,2",4,
lstm_autoencoder,2,engine_disjoint_epoch_selection,22,0.33948566456434237,0.5252290829905304,446,447,600.0,6.0,0.0001,"1,2",4,
lstm_autoencoder,2,engine_disjoint_epoch_selection,23,0.3298403690603952,0.509747881129877,446,447,600.0,6.0,0.0001,"1,2",4,
lstm_autoencoder,2,engine_disjoint_epoch_selection,24,0.3211646271132598,0.4957216218301167,446,447,600.0,6.0,0.0001,"1,2",4,
lstm_autoencoder,2,engine_disjoint_epoch_selection,25,0.3129025650722263,0.4824487569241011,446,447,600.0,6.0,0.0001,"1,2",4,
lstm_autoencoder,2,engine_disjoint_epoch_selection,26,0.3054437680151664,0.4698888011148692,446,447,600.0,6.0,0.0001,"1,2",4,
lstm_autoencoder,2,engine_disjoint_epoch_selection,27,0.2982843939246541,0.45865289258113057,446,447,600.0,6.0,0.0001,"1,2",4,
lstm_autoencoder,2,engine_disjoint_epoch_selection,28,0.29164189259858847,0.4475705111812524,446,447,600.0,6.0,0.0001,"1,2",4,
lstm_autoencoder,2,engine_disjoint_epoch_selection,29,0.2854316162028171,0.43734316986076155,446,447,600.0,6.0,0.0001,"1,2",4,
lstm_autoencoder,2,engine_disjoint_epoch_selection,30,0.279600743900098,0.42739580129470295,446,447,600.0,6.0,0.0001,"1,2",4,
lstm_autoencoder,2,engine_disjoint_epoch_selection,31,0.2739171025440972,0.41822863468973415,446,447,600.0,6.0,0.0001,"1,2",4,
lstm_autoencoder,2,engine_disjoint_epoch_selection,32,0.2687314539607543,0.4097005213551351,446,447,600.0,6.0,0.0001,"1,2",4,
lstm_autoencoder,2,engine_disjoint_epoch_selection,33,0.26358364402762113,0.4013060936410478,446,447,600.0,6.0,0.0001,"1,2",4,
lstm_autoencoder,2,engine_disjoint_epoch_selection,34,0.2587533123220003,0.3928786671812885,446,447,600.0,6.0,0.0001,"1,2",4,
lstm_autoencoder,2,engine_disjoint_epoch_selection,35,0.2541632285118896,0.3850005688683196,446,447,600.0,6.0,0.0001,"1,2",4,
lstm_autoencoder,2,engine_disjoint_epoch_selection,36,0.24960108404446615,0.3774848168982882,446,447,600.0,6.0,0.0001,"1,2",4,
lstm_autoencoder,2,engine_disjoint_epoch_selection,37,0.24524661948671758,0.37026031055827113,446,447,600.0,6.0,0.0001,"1,2",4,
lstm_autoencoder,2,engine_disjoint_epoch_selection,38,0.2410915976809361,0.3629043493004266,446,447,600.0,6.0,0.0001,"1,2",4,
lstm_autoencoder,2,engine_disjoint_epoch_selection,39,0.236943270151813,0.3555450439453125,446,447,600.0,6.0,0.0001,"1,2",4,
lstm_autoencoder,2,engine_disjoint_epoch_selection,40,0.2328044092637339,0.34860574272725176,446,447,600.0,6.0,0.0001,"1,2",4,
lstm_autoencoder,2,engine_disjoint_epoch_selection,41,0.22879108509524937,0.3418613481778431,446,447,600.0,6.0,0.0001,"1,2",4,
lstm_autoencoder,2,engine_disjoint_epoch_selection,42,0.22492308230442115,0.3348064280742558,446,447,600.0,6.0,0.0001,"1,2",4,
lstm_autoencoder,2,engine_disjoint_epoch_selection,43,0.22102401634430738,0.3278888488127715,446,447,600.0,6.0,0.0001,"1,2",4,
lstm_autoencoder,2,engine_disjoint_epoch_selection,44,0.21726593494653187,0.321498093038805,446,447,600.0,6.0,0.0001,"1,2",4,
lstm_autoencoder,2,engine_disjoint_epoch_selection,45,0.21349352860875004,0.31485973905067804,446,447,600.0,6.0,0.0001,"1,2",4,
lstm_autoencoder,2,engine_disjoint_epoch_selection,46,0.2099221675383674,0.3085849935135862,446,447,600.0,6.0,0.0001,"1,2",4,
lstm_autoencoder,2,engine_disjoint_epoch_selection,47,0.20633386015277447,0.30268526236256993,446,447,600.0,6.0,0.0001,"1,2",4,
lstm_autoencoder,2,engine_disjoint_epoch_selection,48,0.20294889078627168,0.296746632844309,446,447,600.0,6.0,0.0001,"1,2",4,
lstm_autoencoder,2,engine_disjoint_epoch_selection,49,0.19954844185660886,0.29114047390707154,446,447,600.0,6.0,0.0001,"1,2",4,
lstm_autoencoder,2,engine_disjoint_epoch_selection,50,0.19634919425879344,0.2856602440066263,446,447,600.0,6.0,0.0001,"1,2",4,
lstm_autoencoder,2,engine_disjoint_epoch_selection,51,0.19325792295810248,0.2805085653034532,446,447,600.0,6.0,0.0001,"1,2",4,
lstm_autoencoder,2,engine_disjoint_epoch_selection,52,0.19029007072201312,0.27547967504250387,446,447,600.0,6.0,0.0001,"1,2",4,
lstm_autoencoder,2,engine_disjoint_epoch_selection,53,0.18738308742719226,0.27096488347998887,446,447,600.0,6.0,0.0001,"1,2",4,
lstm_autoencoder,2,engine_disjoint_epoch_selection,54,0.18463890726586538,0.26612519007152274,446,447,600.0,6.0,0.0001,"1,2",4,
lstm_autoencoder,2,engine_disjoint_epoch_selection,55,0.18204800903787238,0.26189987914444207,446,447,600.0,6.0,0.0001,"1,2",4,
lstm_autoencoder,2,engine_disjoint_epoch_selection,56,0.17955669896011442,0.2576249018177738,446,447,600.0,6.0,0.0001,"1,2",4,
lstm_autoencoder,2,engine_disjoint_epoch_selection,57,0.17705182776997494,0.253408384555485,446,447,600.0,6.0,0.0001,"1,2",4,
lstm_autoencoder,2,engine_disjoint_epoch_selection,58,0.17471459263595868,0.24976162006684408,446,447,600.0,6.0,0.0001,"1,2",4,
lstm_autoencoder,2,engine_disjoint_epoch_selection,59,0.17241745591461013,0.24594310712557507,446,447,600.0,6.0,0.0001,"1,2",4,
lstm_autoencoder,2,engine_disjoint_epoch_selection,60,0.17025659644581922,0.24292198625336123,446,447,600.0,6.0,0.0001,"1,2",4,
lstm_autoencoder,2,engine_disjoint_epoch_selection,61,0.16818023128436566,0.23936414266127934,446,447,600.0,6.0,0.0001,"1,2",4,
lstm_autoencoder,2,engine_disjoint_epoch_selection,62,0.1661221967170902,0.23599908754867785,446,447,600.0,6.0,0.0001,"1,2",4,
lstm_autoencoder,2,engine_disjoint_epoch_selection,63,0.1641685641904292,0.232912116920254,446,447,600.0,6.0,0.0001,"1,2",4,
lstm_autoencoder,2,engine_disjoint_epoch_selection,64,0.16226406405100147,0.22976543194638,446,447,600.0,6.0,0.0001,"1,2",4,
lstm_autoencoder,2,engine_disjoint_epoch_selection,65,0.16043474510468203,0.2268126596087338,446,447,600.0,6.0,0.0001,"1,2",4,
lstm_autoencoder,2,engine_disjoint_epoch_selection,66,0.15861499303592216,0.22397765467551525,446,447,600.0,6.0,0.0001,"1,2",4,
lstm_autoencoder,2,engine_disjoint_epoch_selection,67,0.1569242605884678,0.22113272702886558,446,447,600.0,6.0,0.0001,"1,2",4,
lstm_autoencoder,2,engine_disjoint_epoch_selection,68,0.15520301310052179,0.21867663434114967,446,447,600.0,6.0,0.0001,"1,2",4,
lstm_autoencoder,2,engine_disjoint_epoch_selection,69,0.15360491759127198,0.2160550059034568,446,447,600.0,6.0,0.0001,"1,2",4,
lstm_autoencoder,2,engine_disjoint_epoch_selection,70,0.15200800081269228,0.21372952770654835,446,447,600.0,6.0,0.0001,"1,2",4,
lstm_autoencoder,2,engine_disjoint_epoch_selection,71,0.15049018016100207,0.2111714635331926,446,447,600.0,6.0,0.0001,"1,2",4,
lstm_autoencoder,2,engine_disjoint_epoch_selection,72,0.14900557078519003,0.20907018269658487,446,447,600.0,6.0,0.0001,"1,2",4,
lstm_autoencoder,2,engine_disjoint_epoch_selection,73,0.14757437478399665,0.20677514772104527,446,447,600.0,6.0,0.0001,"1,2",4,
lstm_autoencoder,2,engine_disjoint_epoch_selection,74,0.14612209105003937,0.20436869305994426,446,447,600.0,6.0,0.0001,"1,2",4,
lstm_autoencoder,2,engine_disjoint_epoch_selection,75,0.14476488101666765,0.20242682332471568,446,447,600.0,6.0,0.0001,"1,2",4,
lstm_autoencoder,2,engine_disjoint_epoch_selection,76,0.1433891069268538,0.20024349763473506,446,447,600.0,6.0,0.0001,"1,2",4,
lstm_autoencoder,2,engine_disjoint_epoch_selection,77,0.14209071162059028,0.19826426558630317,446,447,600.0,6.0,0.0001,"1,2",4,
lstm_autoencoder,2,engine_disjoint_epoch_selection,78,0.14075995007033915,0.1962336060572172,446,447,600.0,6.0,0.0001,"1,2",4,
lstm_autoencoder,2,engine_disjoint_epoch_selection,79,0.13946502751525341,0.1943219682136295,446,447,600.0,6.0,0.0001,"1,2",4,
lstm_autoencoder,2,engine_disjoint_epoch_selection,80,0.13827252130272105,0.19236535235960442,446,447,600.0,6.0,0.0001,"1,2",4,
lstm_autoencoder,2,engine_disjoint_epoch_selection,81,0.1369649321509938,0.1904683256185981,446,447,600.0,6.0,0.0001,"1,2",4,
lstm_autoencoder,2,engine_disjoint_epoch_selection,82,0.1357499006364303,0.1886284919419818,446,447,600.0,6.0,0.0001,"1,2",4,
lstm_autoencoder,2,engine_disjoint_epoch_selection,83,0.134581416929579,0.1868643015890618,446,447,600.0,6.0,0.0001,"1,2",4,
lstm_autoencoder,2,engine_disjoint_epoch_selection,84,0.13332675138924258,0.18507652351201329,446,447,600.0,6.0,0.0001,"1,2",4,
lstm_autoencoder,2,engine_disjoint_epoch_selection,85,0.13214478650545888,0.18296489925927523,446,447,600.0,6.0,0.0001,"1,2",4,
lstm_autoencoder,2,engine_disjoint_epoch_selection,86,0.130975401304376,0.18117200132821518,446,447,600.0,6.0,0.0001,"1,2",4,
lstm_autoencoder,2,engine_disjoint_epoch_selection,87,0.12972944999680866,0.17962225586000116,446,447,600.0,6.0,0.0001,"1,2",4,
lstm_autoencoder,2,engine_disjoint_epoch_selection,88,0.12854929761761302,0.17777885990773876,446,447,600.0,6.0,0.0001,"1,2",4,
lstm_autoencoder,2,engine_disjoint_epoch_selection,89,0.12742200858101718,0.17612515880255003,446,447,600.0,6.0,0.0001,"1,2",4,
lstm_autoencoder,2,engine_disjoint_epoch_selection,90,0.1263456225652931,0.17432317662832217,446,447,600.0,6.0,0.0001,"1,2",4,
lstm_autoencoder,2,engine_disjoint_epoch_selection,91,0.12519432053914112,0.17250288312451661,446,447,600.0,6.0,0.0001,"1,2",4,
lstm_autoencoder,2,engine_disjoint_epoch_selection,92,0.12419204673849563,0.17102830450973255,446,447,600.0,6.0,0.0001,"1,2",4,
lstm_autoencoder,2,engine_disjoint_epoch_selection,93,0.12305041880491033,0.1694537796525351,446,447,600.0,6.0,0.0001,"1,2",4,
lstm_autoencoder,2,engine_disjoint_epoch_selection,94,0.12202103673648501,0.1683462396833523,446,447,600.0,6.0,0.0001,"1,2",4,
lstm_autoencoder,2,engine_disjoint_epoch_selection,95,0.12100985584293926,0.16649877367706964,446,447,600.0,6.0,0.0001,"1,2",4,
lstm_autoencoder,2,engine_disjoint_epoch_selection,96,0.12012539420610811,0.165286603968215,446,447,600.0,6.0,0.0001,"1,2",4,
lstm_autoencoder,2,engine_disjoint_epoch_selection,97,0.11919463598726197,0.16412447146435033,446,447,600.0,6.0,0.0001,"1,2",4,
lstm_autoencoder,2,engine_disjoint_epoch_selection,98,0.1182014608708313,0.1627283480326987,446,447,600.0,6.0,0.0001,"1,2",4,
lstm_autoencoder,2,engine_disjoint_epoch_selection,99,0.11736760788940856,0.16139444946539527,446,447,600.0,6.0,0.0001,"1,2",4,
lstm_autoencoder,2,engine_disjoint_epoch_selection,100,0.11651720192593781,0.1601389219406844,446,447,600.0,6.0,0.0001,"1,2",4,
lstm_autoencoder,2,engine_disjoint_epoch_selection,101,0.11568916202800833,0.15942098691421278,446,447,600.0,6.0,0.0001,"1,2",4,
lstm_autoencoder,2,engine_disjoint_epoch_selection,102,0.11490392375662464,0.15845146580334352,446,447,600.0,6.0,0.0001,"1,2",4,
lstm_autoencoder,2,engine_disjoint_epoch_selection,103,0.1141174166685885,0.15729699595887467,446,447,600.0,6.0,0.0001,"1,2",4,
lstm_autoencoder,2,engine_disjoint_epoch_selection,104,0.113389892425867,0.15614598957383655,446,447,600.0,6.0,0.0001,"1,2",4,
lstm_autoencoder,2,engine_disjoint_epoch_selection,105,0.11261096715173764,0.15510004292576396,446,447,600.0,6.0,0.0001,"1,2",4,
lstm_autoencoder,2,engine_disjoint_epoch_selection,106,0.11184537967825896,0.15411679516636,446,447,600.0,6.0,0.0001,"1,2",4,
lstm_autoencoder,2,engine_disjoint_epoch_selection,107,0.11113828084600878,0.1530940331505274,446,447,600.0,6.0,0.0001,"1,2",4,
lstm_autoencoder,2,engine_disjoint_epoch_selection,108,0.11043614562450303,0.15203323080528086,446,447,600.0,6.0,0.0001,"1,2",4,
lstm_autoencoder,2,engine_disjoint_epoch_selection,109,0.10977737792177009,0.15081266220730677,446,447,600.0,6.0,0.0001,"1,2",4,
lstm_autoencoder,2,engine_disjoint_epoch_selection,110,0.10907650897928349,0.15031582699521562,446,447,600.0,6.0,0.0001,"1,2",4,
lstm_autoencoder,2,engine_disjoint_epoch_selection,111,0.1084558374965407,0.1491113409808918,446,447,600.0,6.0,0.0001,"1,2",4,
lstm_autoencoder,2,engine_disjoint_epoch_selection,112,0.10779564427829871,0.1482676867797883,446,447,600.0,6.0,0.0001,"1,2",4,
lstm_autoencoder,2,engine_disjoint_epoch_selection,113,0.10713303015788384,0.14760395293665043,446,447,600.0,6.0,0.0001,"1,2",4,
lstm_autoencoder,2,engine_disjoint_epoch_selection,114,0.10646482499688988,0.14668676283886017,446,447,600.0,6.0,0.0001,"1,2",4,
lstm_autoencoder,2,engine_disjoint_epoch_selection,115,0.10579618209415083,0.14581966718119455,446,447,600.0,6.0,0.0001,"1,2",4,
lstm_autoencoder,2,engine_disjoint_epoch_selection,116,0.10518784795012824,0.14485724567296904,446,447,600.0,6.0,0.0001,"1,2",4,
lstm_autoencoder,2,engine_disjoint_epoch_selection,117,0.10459054045722387,0.14440868805236895,446,447,600.0,6.0,0.0001,"1,2",4,
lstm_autoencoder,2,engine_disjoint_epoch_selection,118,0.10399573253312484,0.14333169452347305,446,447,600.0,6.0,0.0001,"1,2",4,
lstm_autoencoder,2,engine_disjoint_epoch_selection,119,0.10340527601573543,0.14242589862018282,446,447,600.0,6.0,0.0001,"1,2",4,
lstm_autoencoder,2,engine_disjoint_epoch_selection,120,0.10282978582517013,0.14186843623562206,446,447,600.0,6.0,0.0001,"1,2",4,
lstm_autoencoder,2,engine_disjoint_epoch_selection,121,0.1021958475955092,0.14090765840305858,446,447,600.0,6.0,0.0001,"1,2",4,
lstm_autoencoder,2,engine_disjoint_epoch_selection,122,0.1016370962686315,0.14059168474892525,446,447,600.0,6.0,0.0001,"1,2",4,
lstm_autoencoder,2,engine_disjoint_epoch_selection,123,0.10108261704742263,0.1394753281230589,446,447,600.0,6.0,0.0001,"1,2",4,
lstm_autoencoder,2,engine_disjoint_epoch_selection,124,0.10050138736472994,0.13870947212401216,446,447,600.0,6.0,0.0001,"1,2",4,
lstm_autoencoder,2,engine_disjoint_epoch_selection,125,0.099959091321018,0.13797707177333632,446,447,600.0,6.0,0.0001,"1,2",4,
lstm_autoencoder,2,engine_disjoint_epoch_selection,126,0.09941747409421514,0.1372516790577374,446,447,600.0,6.0,0.0001,"1,2",4,
lstm_autoencoder,2,engine_disjoint_epoch_selection,127,0.09888986714088875,0.13665116362218277,446,447,600.0,6.0,0.0001,"1,2",4,
lstm_autoencoder,2,engine_disjoint_epoch_selection,128,0.09838803492904047,0.1360354427191868,446,447,600.0,6.0,0.0001,"1,2",4,
lstm_autoencoder,2,engine_disjoint_epoch_selection,129,0.09788334470768251,0.13572704318120682,446,447,600.0,6.0,0.0001,"1,2",4,
lstm_autoencoder,2,engine_disjoint_epoch_selection,130,0.09737383996153678,0.1351101041971399,446,447,600.0,6.0,0.0001,"1,2",4,
lstm_autoencoder,2,engine_disjoint_epoch_selection,131,0.09683791591505352,0.1343035060768098,446,447,600.0,6.0,0.0001,"1,2",4,
lstm_autoencoder,2,engine_disjoint_epoch_selection,132,0.09638140329639784,0.13390619982875718,446,447,600.0,6.0,0.0001,"1,2",4,
lstm_autoencoder,2,engine_disjoint_epoch_selection,133,0.09588554911420763,0.13299513095524043,446,447,600.0,6.0,0.0001,"1,2",4,
lstm_autoencoder,2,engine_disjoint_epoch_selection,134,0.09537231658473698,0.1325863414802561,446,447,600.0,6.0,0.0001,"1,2",4,
lstm_autoencoder,2,engine_disjoint_epoch_selection,135,0.09491358544016447,0.13184864467827287,446,447,600.0,6.0,0.0001,"1,2",4,
lstm_autoencoder,2,engine_disjoint_epoch_selection,136,0.09445493296222443,0.13108378369002868,446,447,600.0,6.0,0.0001,"1,2",4,
lstm_autoencoder,2,engine_disjoint_epoch_selection,137,0.0939584012319418,0.13052484493250724,446,447,600.0,6.0,0.0001,"1,2",4,
lstm_autoencoder,2,engine_disjoint_epoch_selection,138,0.09348227461106405,0.1299410778670838,446,447,600.0,6.0,0.0001,"1,2",4,
lstm_autoencoder,2,engine_disjoint_epoch_selection,139,0.09308027162461477,0.1299146523564924,446,447,600.0,6.0,0.0001,"1,2",4,
lstm_autoencoder,2,engine_disjoint_epoch_selection,140,0.09263344642110063,0.12927290658884766,446,447,600.0,6.0,0.0001,"1,2",4,
lstm_autoencoder,2,engine_disjoint_epoch_selection,141,0.09225704244502309,0.1287864094118058,446,447,600.0,6.0,0.0001,"1,2",4,
lstm_autoencoder,2,engine_disjoint_epoch_selection,142,0.09179356211972042,0.12844840805785537,446,447,600.0,6.0,0.0001,"1,2",4,
lstm_autoencoder,2,engine_disjoint_epoch_selection,143,0.09132775478467714,0.12730302734844623,446,447,600.0,6.0,0.0001,"1,2",4,
lstm_autoencoder,2,engine_disjoint_epoch_selection,144,0.09089901212168557,0.12689007438430727,446,447,600.0,6.0,0.0001,"1,2",4,
lstm_autoencoder,2,engine_disjoint_epoch_selection,145,0.09044245446003873,0.12641610534229655,446,447,600.0,6.0,0.0001,"1,2",4,
lstm_autoencoder,2,engine_disjoint_epoch_selection,146,0.08997139612727924,0.12603244160223875,446,447,600.0,6.0,0.0001,"1,2",4,
lstm_autoencoder,2,engine_disjoint_epoch_selection,147,0.08962473067590208,0.12553357772259688,446,447,600.0,6.0,0.0001,"1,2",4,
lstm_autoencoder,2,engine_disjoint_epoch_selection,148,0.08921428117699737,0.12520605920369457,446,447,600.0,6.0,0.0001,"1,2",4,
lstm_autoencoder,2,engine_disjoint_epoch_selection,149,0.08883425980464366,0.12460971606269987,446,447,600.0,6.0,0.0001,"1,2",4,
lstm_autoencoder,2,engine_disjoint_epoch_selection,150,0.08842391942397104,0.12426706790067991,446,447,600.0,6.0,0.0001,"1,2",4,
lstm_autoencoder,2,engine_disjoint_epoch_selection,151,0.08802599187660946,0.12358856103334039,446,447,600.0,6.0,0.0001,"1,2",4,
lstm_autoencoder,2,engine_disjoint_epoch_selection,152,0.08759784301981124,0.12297080510333429,446,447,600.0,6.0,0.0001,"1,2",4,
lstm_autoencoder,2,engine_disjoint_epoch_selection,153,0.08726259057422298,0.1228649900582669,446,447,600.0,6.0,0.0001,"1,2",4,
lstm_autoencoder,2,engine_disjoint_epoch_selection,154,0.08682266519566492,0.12203590929217753,446,447,600.0,6.0,0.0001,"1,2",4,
lstm_autoencoder,2,engine_disjoint_epoch_selection,155,0.08644485219869481,0.12182605544797394,446,447,600.0,6.0,0.0001,"1,2",4,
lstm_autoencoder,2,engine_disjoint_epoch_selection,156,0.08605677130296467,0.12150577741820068,446,447,600.0,6.0,0.0001,"1,2",4,
lstm_autoencoder,2,engine_disjoint_epoch_selection,157,0.08569042206444955,0.12115406017787764,446,447,600.0,6.0,0.0001,"1,2",4,
lstm_autoencoder,2,engine_disjoint_epoch_selection,158,0.08527461752486312,0.12078854339983133,446,447,600.0,6.0,0.0001,"1,2",4,
lstm_autoencoder,2,engine_disjoint_epoch_selection,159,0.08491913760420132,0.12038269395184964,446,447,600.0,6.0,0.0001,"1,2",4,
lstm_autoencoder,2,engine_disjoint_epoch_selection,160,0.08455291841939307,0.12005924499777838,446,447,600.0,6.0,0.0001,"1,2",4,
lstm_autoencoder,2,engine_disjoint_epoch_selection,161,0.08419676412268048,0.11974303702202538,446,447,600.0,6.0,0.0001,"1,2",4,
lstm_autoencoder,2,engine_disjoint_epoch_selection,162,0.08382748962737312,0.11903879342246709,446,447,600.0,6.0,0.0001,"1,2",4,
lstm_autoencoder,2,engine_disjoint_epoch_selection,163,0.0835271239300526,0.11885951928341502,446,447,600.0,6.0,0.0001,"1,2",4,
lstm_autoencoder,2,engine_disjoint_epoch_selection,164,0.08320493395190141,0.11908354004641991,446,447,600.0,6.0,0.0001,"1,2",4,
lstm_autoencoder,2,engine_disjoint_epoch_selection,165,0.0828497344397198,0.11828701922330345,446,447,600.0,6.0,0.0001,"1,2",4,
lstm_autoencoder,2,engine_disjoint_epoch_selection,166,0.08243011012760114,0.11772613398201437,446,447,600.0,6.0,0.0001,"1,2",4,
lstm_autoencoder,2,engine_disjoint_epoch_selection,167,0.08208598611597885,0.11750552580276494,446,447,600.0,6.0,0.0001,"1,2",4,
lstm_autoencoder,2,engine_disjoint_epoch_selection,168,0.08175525002326502,0.11720663512416545,446,447,600.0,6.0,0.0001,"1,2",4,
lstm_autoencoder,2,engine_disjoint_epoch_selection,169,0.08145652046501785,0.11666622636378744,446,447,600.0,6.0,0.0001,"1,2",4,
lstm_autoencoder,2,engine_disjoint_epoch_selection,170,0.0811053072575541,0.1164489598358616,446,447,600.0,6.0,0.0001,"1,2",4,
lstm_autoencoder,2,engine_disjoint_epoch_selection,171,0.08077557701924151,0.1160932454307069,446,447,600.0,6.0,0.0001,"1,2",4,
lstm_autoencoder,2,engine_disjoint_epoch_selection,172,0.08044645486130961,0.11564035408311577,446,447,600.0,6.0,0.0001,"1,2",4,
lstm_autoencoder,2,engine_disjoint_epoch_selection,173,0.0801302042139086,0.11544194481989824,446,447,600.0,6.0,0.0001,"1,2",4,
lstm_autoencoder,2,engine_disjoint_epoch_selection,174,0.07983967882413624,0.11537199957183032,446,447,600.0,6.0,0.0001,"1,2",4,
lstm_autoencoder,2,engine_disjoint_epoch_selection,175,0.07950729326977421,0.11498769450475081,446,447,600.0,6.0,0.0001,"1,2",4,
lstm_autoencoder,2,engine_disjoint_epoch_selection,176,0.07922212418950023,0.11451843097351183,446,447,600.0,6.0,0.0001,"1,2",4,
lstm_autoencoder,2,engine_disjoint_epoch_selection,177,0.07888098380023621,0.11411147889310685,446,447,600.0,6.0,0.0001,"1,2",4,
lstm_autoencoder,2,engine_disjoint_epoch_selection,178,0.07858435413354886,0.1138496506547402,446,447,600.0,6.0,0.0001,"1,2",4,
lstm_autoencoder,2,engine_disjoint_epoch_selection,179,0.07825198761143662,0.11367192235351312,446,447,600.0,6.0,0.0001,"1,2",4,
lstm_autoencoder,2,engine_disjoint_epoch_selection,180,0.07798005419207278,0.11333543210495554,446,447,600.0,6.0,0.0001,"1,2",4,
lstm_autoencoder,2,engine_disjoint_epoch_selection,181,0.07768135381660861,0.11320237925065484,446,447,600.0,6.0,0.0001,"1,2",4,
lstm_autoencoder,2,engine_disjoint_epoch_selection,182,0.07739896407921183,0.11290701513689094,446,447,600.0,6.0,0.0001,"1,2",4,
lstm_autoencoder,2,engine_disjoint_epoch_selection,183,0.07712412443530553,0.11255263254929274,446,447,600.0,6.0,0.0001,"1,2",4,
lstm_autoencoder,2,engine_disjoint_epoch_selection,184,0.07687940522991202,0.11254645457907377,446,447,600.0,6.0,0.0001,"1,2",4,
lstm_autoencoder,2,engine_disjoint_epoch_selection,185,0.0766862310666164,0.11193319967876003,446,447,600.0,6.0,0.0001,"1,2",4,
lstm_autoencoder,2,engine_disjoint_epoch_selection,186,0.07637715050211846,0.11157558526281028,446,447,600.0,6.0,0.0001,"1,2",4,
lstm_autoencoder,2,engine_disjoint_epoch_selection,187,0.07599087069162648,0.1114208292857168,446,447,600.0,6.0,0.0001,"1,2",4,
lstm_autoencoder,2,engine_disjoint_epoch_selection,188,0.07565711100882982,0.1110918979884478,446,447,600.0,6.0,0.0001,"1,2",4,
lstm_autoencoder,2,engine_disjoint_epoch_selection,189,0.07540122812011962,0.11071901230911134,446,447,600.0,6.0,0.0001,"1,2",4,
lstm_autoencoder,2,engine_disjoint_epoch_selection,190,0.07515335083007812,0.1104964006555542,446,447,600.0,6.0,0.0001,"1,2",4,
lstm_autoencoder,2,engine_disjoint_epoch_selection,191,0.07486163655910241,0.11056117517393532,446,447,600.0,6.0,0.0001,"1,2",4,
lstm_autoencoder,2,engine_disjoint_epoch_selection,192,0.07466767001980734,0.11014268825713963,446,447,600.0,6.0,0.0001,"1,2",4,
lstm_autoencoder,2,engine_disjoint_epoch_selection,193,0.0743908776670729,0.10983095171513328,446,447,600.0,6.0,0.0001,"1,2",4,
lstm_autoencoder,2,engine_disjoint_epoch_selection,194,0.07406195471335544,0.10934521375970677,446,447,600.0,6.0,0.0001,"1,2",4,
lstm_autoencoder,2,engine_disjoint_epoch_selection,195,0.07380322015921882,0.10909514416178302,446,447,600.0,6.0,0.0001,"1,2",4,
lstm_autoencoder,2,engine_disjoint_epoch_selection,196,0.07355853172262913,0.10910781293870486,446,447,600.0,6.0,0.0001,"1,2",4,
lstm_autoencoder,2,engine_disjoint_epoch_selection,197,0.07324909430344767,0.10886011175022091,446,447,600.0,6.0,0.0001,"1,2",4,
lstm_autoencoder,2,engine_disjoint_epoch_selection,198,0.07300604581238128,0.10841092258638282,446,447,600.0,6.0,0.0001,"1,2",4,
lstm_autoencoder,2,engine_disjoint_epoch_selection,199,0.07275313988474191,0.10808739218231225,446,447,600.0,6.0,0.0001,"1,2",4,
lstm_autoencoder,2,engine_disjoint_epoch_selection,200,0.07250509257326898,0.10808098429317627,446,447,600.0,6.0,0.0001,"1,2",4,
lstm_autoencoder,2,engine_disjoint_epoch_selection,201,0.07229507486891196,0.10781207944405755,446,447,600.0,6.0,0.0001,"1,2",4,
lstm_autoencoder,2,engine_disjoint_epoch_selection,202,0.07201837450538481,0.10760658158495293,446,447,600.0,6.0,0.0001,"1,2",4,
lstm_autoencoder,2,engine_disjoint_epoch_selection,203,0.07173489675770856,0.10752831009235954,446,447,600.0,6.0,0.0001,"1,2",4,
lstm_autoencoder,2,engine_disjoint_epoch_selection,204,0.07148080258327416,0.1071603571521713,446,447,600.0,6.0,0.0001,"1,2",4,
lstm_autoencoder,2,engine_disjoint_epoch_selection,205,0.07125310074682345,0.10671705024368978,446,447,600.0,6.0,0.0001,"1,2",4,
lstm_autoencoder,2,engine_disjoint_epoch_selection,206,0.07100973505159394,0.1065989528811568,446,447,600.0,6.0,0.0001,"1,2",4,
lstm_autoencoder,2,engine_disjoint_epoch_selection,207,0.07076006809566415,0.1063202980023893,446,447,600.0,6.0,0.0001,"1,2",4,
lstm_autoencoder,2,engine_disjoint_epoch_selection,208,0.07059691603759076,0.10618097129678934,446,447,600.0,6.0,0.0001,"1,2",4,
lstm_autoencoder,2,engine_disjoint_epoch_selection,209,0.0702874992366799,0.10618489239270273,446,447,600.0,6.0,0.0001,"1,2",4,
lstm_autoencoder,2,engine_disjoint_epoch_selection,210,0.07008226560551098,0.105994186636178,446,447,600.0,6.0,0.0001,"1,2",4,
lstm_autoencoder,2,engine_disjoint_epoch_selection,211,0.06980945226179866,0.10560927448531976,446,447,600.0,6.0,0.0001,"1,2",4,
lstm_autoencoder,2,engine_disjoint_epoch_selection,212,0.06957377274064559,0.10527186309352658,446,447,600.0,6.0,0.0001,"1,2",4,
lstm_autoencoder,2,engine_disjoint_epoch_selection,213,0.06936132588680742,0.10514787711617762,446,447,600.0,6.0,0.0001,"1,2",4,
lstm_autoencoder,2,engine_disjoint_epoch_selection,214,0.06911237834991958,0.10477531454629793,446,447,600.0,6.0,0.0001,"1,2",4,
lstm_autoencoder,2,engine_disjoint_epoch_selection,215,0.068882043718915,0.10467850131602066,446,447,600.0,6.0,0.0001,"1,2",4,
lstm_autoencoder,2,engine_disjoint_epoch_selection,216,0.0686557883334481,0.10455551817650122,446,447,600.0,6.0,0.0001,"1,2",4,
lstm_autoencoder,2,engine_disjoint_epoch_selection,217,0.06842076891415848,0.10415855802979705,446,447,600.0,6.0,0.0001,"1,2",4,
lstm_autoencoder,2,engine_disjoint_epoch_selection,218,0.06820962037695995,0.10416991162159468,446,447,600.0,6.0,0.0001,"1,2",4,
lstm_autoencoder,2,engine_disjoint_epoch_selection,219,0.06806115487163879,0.10387968301589626,446,447,600.0,6.0,0.0001,"1,2",4,
lstm_autoencoder,2,engine_disjoint_epoch_selection,220,0.06783827644169241,0.10379350206796314,446,447,600.0,6.0,0.0001,"1,2",4,
lstm_autoencoder,2,engine_disjoint_epoch_selection,221,0.06764982766881474,0.10376287784659578,446,447,600.0,6.0,0.0001,"1,2",4,
lstm_autoencoder,2,engine_disjoint_epoch_selection,222,0.06737977273250487,0.1032757603776672,446,447,600.0,6.0,0.0001,"1,2",4,
lstm_autoencoder,2,engine_disjoint_epoch_selection,223,0.06715344597610126,0.10315006957600807,446,447,600.0,6.0,0.0001,"1,2",4,
lstm_autoencoder,2,engine_disjoint_epoch_selection,224,0.06701789004581057,0.10373908857652303,446,447,600.0,6.0,0.0001,"1,2",4,
lstm_autoencoder,2,engine_disjoint_epoch_selection,225,0.06684788384018059,0.10300797528259324,446,447,600.0,6.0,0.0001,"1,2",4,
lstm_autoencoder,2,engine_disjoint_epoch_selection,226,0.0665155141460267,0.10241640907399133,446,447,600.0,6.0,0.0001,"1,2",4,
lstm_autoencoder,2,engine_disjoint_epoch_selection,227,0.0662725002302141,0.10229098267908676,446,447,600.0,6.0,0.0001,"1,2",4,
lstm_autoencoder,2,engine_disjoint_epoch_selection,228,0.06607412629767462,0.10200442959633078,446,447,600.0,6.0,0.0001,"1,2",4,
lstm_autoencoder,2,engine_disjoint_epoch_selection,229,0.06583703093573949,0.10174605650117868,446,447,600.0,6.0,0.0001,"1,2",4,
lstm_autoencoder,2,engine_disjoint_epoch_selection,230,0.06562953817652085,0.10189218318104652,446,447,600.0,6.0,0.0001,"1,2",4,
lstm_autoencoder,2,engine_disjoint_epoch_selection,231,0.06543659652387682,0.10140026309729296,446,447,600.0,6.0,0.0001,"1,2",4,
lstm_autoencoder,2,engine_disjoint_epoch_selection,232,0.06523299237049382,0.1013746352096679,446,447,600.0,6.0,0.0001,"1,2",4,
lstm_autoencoder,2,engine_disjoint_epoch_selection,233,0.06509209789413789,0.10106264551225826,446,447,600.0,6.0,0.0001,"1,2",4,
lstm_autoencoder,2,engine_disjoint_epoch_selection,234,0.06490543593231105,0.10089511338121679,446,447,600.0,6.0,0.0001,"1,2",4,
lstm_autoencoder,2,engine_disjoint_epoch_selection,235,0.06467412367807576,0.10088108783809,446,447,600.0,6.0,0.0001,"1,2",4,
lstm_autoencoder,2,engine_disjoint_epoch_selection,236,0.06457537358123967,0.10064771426705466,446,447,600.0,6.0,0.0001,"1,2",4,
lstm_autoencoder,2,engine_disjoint_epoch_selection,237,0.06427325707554084,0.10038063507197484,446,447,600.0,6.0,0.0001,"1,2",4,
lstm_autoencoder,2,engine_disjoint_epoch_selection,238,0.06407388965956248,0.10034858559791661,446,447,600.0,6.0,0.0001,"1,2",4,
lstm_autoencoder,2,engine_disjoint_epoch_selection,239,0.0639498403102888,0.10018412899928204,446,447,600.0,6.0,0.0001,"1,2",4,
lstm_autoencoder,2,engine_disjoint_epoch_selection,240,0.0637452756626999,0.09978386731476746,446,447,600.0,6.0,0.0001,"1,2",4,
lstm_autoencoder,2,engine_disjoint_epoch_selection,241,0.06348738994690378,0.0996132073080763,446,447,600.0,6.0,0.0001,"1,2",4,
lstm_autoencoder,2,engine_disjoint_epoch_selection,242,0.063307569444467,0.09931246358084354,446,447,600.0,6.0,0.0001,"1,2",4,
lstm_autoencoder,2,engine_disjoint_epoch_selection,243,0.06308807812057436,0.09923031037206619,446,447,600.0,6.0,0.0001,"1,2",4,
lstm_autoencoder,2,engine_disjoint_epoch_selection,244,0.0628683730010758,0.09896738463776268,446,447,600.0,6.0,0.0001,"1,2",4,
lstm_autoencoder,2,engine_disjoint_epoch_selection,245,0.06267959528748096,0.09874360504502606,446,447,600.0,6.0,0.0001,"1,2",4,
lstm_autoencoder,2,engine_disjoint_epoch_selection,246,0.06248582858680866,0.09866547297135045,446,447,600.0,6.0,0.0001,"1,2",4,
lstm_autoencoder,2,engine_disjoint_epoch_selection,247,0.06233957970417935,0.09838075557101167,446,447,600.0,6.0,0.0001,"1,2",4,
lstm_autoencoder,2,engine_disjoint_epoch_selection,248,0.062151426248377536,0.09849614502681038,446,447,600.0,6.0,0.0001,"1,2",4,
lstm_autoencoder,2,engine_disjoint_epoch_selection,249,0.061968611338640955,0.09826110894632939,446,447,600.0,6.0,0.0001,"1,2",4,
lstm_autoencoder,2,engine_disjoint_epoch_selection,250,0.06181853919423362,0.09820268019005775,446,447,600.0,6.0,0.0001,"1,2",4,
lstm_autoencoder,2,engine_disjoint_epoch_selection,251,0.061646910489309294,0.09807145861547156,446,447,600.0,6.0,0.0001,"1,2",4,
lstm_autoencoder,2,engine_disjoint_epoch_selection,252,0.06147694456860802,0.09795329692456073,446,447,600.0,6.0,0.0001,"1,2",4,
lstm_autoencoder,2,engine_disjoint_epoch_selection,253,0.061333165437592735,0.0976958097510229,446,447,600.0,6.0,0.0001,"1,2",4,
lstm_autoencoder,2,engine_disjoint_epoch_selection,254,0.06116023746441629,0.0972829737030992,446,447,600.0,6.0,0.0001,"1,2",4,
lstm_autoencoder,2,engine_disjoint_epoch_selection,255,0.06101241017387132,0.09730171992186247,446,447,600.0,6.0,0.0001,"1,2",4,
lstm_autoencoder,2,engine_disjoint_epoch_selection,256,0.06079867610553923,0.09709359682899586,446,447,600.0,6.0,0.0001,"1,2",4,
lstm_autoencoder,2,engine_disjoint_epoch_selection,257,0.06060059733147354,0.09688868037123777,446,447,600.0,6.0,0.0001,"1,2",4,
lstm_autoencoder,2,engine_disjoint_epoch_selection,258,0.060434966005661235,0.09663826883007362,446,447,600.0,6.0,0.0001,"1,2",4,
lstm_autoencoder,2,engine_disjoint_epoch_selection,259,0.0602013235696437,0.09661860244645312,446,447,600.0,6.0,0.0001,"1,2",4,
lstm_autoencoder,2,engine_disjoint_epoch_selection,260,0.06005758313753631,0.0964205414859354,446,447,600.0,6.0,0.0001,"1,2",4,
lstm_autoencoder,2,engine_disjoint_epoch_selection,261,0.05990690989123988,0.09657380886033853,446,447,600.0,6.0,0.0001,"1,2",4,
lstm_autoencoder,2,engine_disjoint_epoch_selection,262,0.05973578141728079,0.0960951700183666,446,447,600.0,6.0,0.0001,"1,2",4,
lstm_autoencoder,2,engine_disjoint_epoch_selection,263,0.059594260145498554,0.09600157247319775,446,447,600.0,6.0,0.0001,"1,2",4,
lstm_autoencoder,2,engine_disjoint_epoch_selection,264,0.0594748803587101,0.09572371301604528,446,447,600.0,6.0,0.0001,"1,2",4,
lstm_autoencoder,2,engine_disjoint_epoch_selection,265,0.05916787462664309,0.09556093922820755,446,447,600.0,6.0,0.0001,"1,2",4,
lstm_autoencoder,2,engine_disjoint_epoch_selection,266,0.059009857786766366,0.0954663486289929,446,447,600.0,6.0,0.0001,"1,2",4,
lstm_autoencoder,2,engine_disjoint_epoch_selection,267,0.05882080981522456,0.09532764001392835,446,447,600.0,6.0,0.0001,"1,2",4,
lstm_autoencoder,2,engine_disjoint_epoch_selection,268,0.0586550233765765,0.09530700772626181,446,447,600.0,6.0,0.0001,"1,2",4,
lstm_autoencoder,2,engine_disjoint_epoch_selection,269,0.058521840767834246,0.09499581516262934,446,447,600.0,6.0,0.0001,"1,2",4,
lstm_autoencoder,2,engine_disjoint_epoch_selection,270,0.058332836887671116,0.09501850571379229,446,447,600.0,6.0,0.0001,"1,2",4,
lstm_autoencoder,2,engine_disjoint_epoch_selection,271,0.05819751315082783,0.09490750183903826,446,447,600.0,6.0,0.0001,"1,2",4,
lstm_autoencoder,2,engine_disjoint_epoch_selection,272,0.05800833322235417,0.09462976834810095,446,447,600.0,6.0,0.0001,"1,2",4,
lstm_autoencoder,2,engine_disjoint_epoch_selection,273,0.05789263998234944,0.0945576567257267,446,447,600.0,6.0,0.0001,"1,2",4,
lstm_autoencoder,2,engine_disjoint_epoch_selection,274,0.05770838084205819,0.09417748970996419,446,447,600.0,6.0,0.0001,"1,2",4,
lstm_autoencoder,2,engine_disjoint_epoch_selection,275,0.057526585109297694,0.09406772299465933,446,447,600.0,6.0,0.0001,"1,2",4,
lstm_autoencoder,2,engine_disjoint_epoch_selection,276,0.05737150399395061,0.0939513346145446,446,447,600.0,6.0,0.0001,"1,2",4,
lstm_autoencoder,2,engine_disjoint_epoch_selection,277,0.05724265883493479,0.09396241695093907,446,447,600.0,6.0,0.0001,"1,2",4,
lstm_autoencoder,2,engine_disjoint_epoch_selection,278,0.057114321202579955,0.09378728844563636,446,447,600.0,6.0,0.0001,"1,2",4,
lstm_autoencoder,2,engine_disjoint_epoch_selection,279,0.05699096272397355,0.09347190915636296,446,447,600.0,6.0,0.0001,"1,2",4,
lstm_autoencoder,2,engine_disjoint_epoch_selection,280,0.05682768092939744,0.09346588503614271,446,447,600.0,6.0,0.0001,"1,2",4,
lstm_autoencoder,2,engine_disjoint_epoch_selection,281,0.05668276842790734,0.09337584511932272,446,447,600.0,6.0,0.0001,"1,2",4,
lstm_autoencoder,2,engine_disjoint_epoch_selection,282,0.05649223752690297,0.09318199020741871,446,447,600.0,6.0,0.0001,"1,2",4,
lstm_autoencoder,2,engine_disjoint_epoch_selection,283,0.05628431971410577,0.09296396934976942,446,447,600.0,6.0,0.0001,"1,2",4,
lstm_autoencoder,2,engine_disjoint_epoch_selection,284,0.05613983512103171,0.09310757915127978,446,447,600.0,6.0,0.0001,"1,2",4,
lstm_autoencoder,2,engine_disjoint_epoch_selection,285,0.055999064988707735,0.09284660748317627,446,447,600.0,6.0,0.0001,"1,2",4,
lstm_autoencoder,2,engine_disjoint_epoch_selection,286,0.05585360213799463,0.092782930460732,446,447,600.0,6.0,0.0001,"1,2",4,
lstm_autoencoder,2,engine_disjoint_epoch_selection,287,0.05572539392493835,0.09262782495796573,446,447,600.0,6.0,0.0001,"1,2",4,
lstm_autoencoder,2,engine_disjoint_epoch_selection,288,0.05558873729620165,0.09278190022830811,446,447,600.0,6.0,0.0001,"1,2",4,
lstm_autoencoder,2,engine_disjoint_epoch_selection,289,0.05543267697160303,0.09230712769306082,446,447,600.0,6.0,0.0001,"1,2",4,
lstm_autoencoder,2,engine_disjoint_epoch_selection,290,0.055248473342040326,0.09208696418678067,446,447,600.0,6.0,0.0001,"1,2",4,
lstm_autoencoder,2,engine_disjoint_epoch_selection,291,0.05511004036999018,0.0920864564084065,446,447,600.0,6.0,0.0001,"1,2",4,
lstm_autoencoder,2,engine_disjoint_epoch_selection,292,0.055047837743817836,0.09213052403777035,446,447,600.0,6.0,0.0001,"1,2",4,
lstm_autoencoder,2,engine_disjoint_epoch_selection,293,0.05489039488487427,0.09178718269467506,446,447,600.0,6.0,0.0001,"1,2",4,
lstm_autoencoder,2,engine_disjoint_epoch_selection,294,0.05472752513850605,0.09171169395476128,446,447,600.0,6.0,0.0001,"1,2",4,
lstm_autoencoder,2,engine_disjoint_epoch_selection,295,0.05453856186047581,0.09173177248027026,446,447,600.0,6.0,0.0001,"1,2",4,
lstm_autoencoder,2,engine_disjoint_epoch_selection,296,0.05444919720041797,0.0916173976028415,446,447,600.0,6.0,0.0001,"1,2",4,
lstm_autoencoder,2,engine_disjoint_epoch_selection,297,0.054380259536852285,0.0915513658682546,446,447,600.0,6.0,0.0001,"1,2",4,
lstm_autoencoder,2,engine_disjoint_epoch_selection,298,0.05419538755811789,0.09127978295294191,446,447,600.0,6.0,0.0001,"1,2",4,
lstm_autoencoder,2,engine_disjoint_epoch_selection,299,0.05399534846232414,0.09103417035768387,446,447,600.0,6.0,0.0001,"1,2",4,
lstm_autoencoder,2,engine_disjoint_epoch_selection,300,0.05387737484159078,0.09100142745795571,446,447,600.0,6.0,0.0001,"1,2",4,
lstm_autoencoder,2,engine_disjoint_epoch_selection,301,0.05376224083252562,0.0907936896015724,446,447,600.0,6.0,0.0001,"1,2",4,
lstm_autoencoder,2,engine_disjoint_epoch_selection,302,0.05363823494022229,0.09079554705290832,446,447,600.0,6.0,0.0001,"1,2",4,
lstm_autoencoder,2,engine_disjoint_epoch_selection,303,0.05356724591733373,0.0907132346130512,446,447,600.0,6.0,0.0001,"1,2",4,
lstm_autoencoder,2,engine_disjoint_epoch_selection,304,0.05337697686836602,0.09044788250038947,446,447,600.0,6.0,0.0001,"1,2",4,
lstm_autoencoder,2,engine_disjoint_epoch_selection,305,0.053171437928190096,0.09022430396440793,446,447,600.0,6.0,0.0001,"1,2",4,
lstm_autoencoder,2,engine_disjoint_epoch_selection,306,0.053112121701300016,0.09037837507664225,446,447,600.0,6.0,0.0001,"1,2",4,
lstm_autoencoder,2,engine_disjoint_epoch_selection,307,0.05302885148482812,0.09018605964310385,446,447,600.0,6.0,0.0001,"1,2",4,
lstm_autoencoder,2,engine_disjoint_epoch_selection,308,0.05280034585302808,0.09005883694551149,446,447,600.0,6.0,0.0001,"1,2",4,
lstm_autoencoder,2,engine_disjoint_epoch_selection,309,0.05265269302477282,0.08991357515212296,446,447,600.0,6.0,0.0001,"1,2",4,
lstm_autoencoder,2,engine_disjoint_epoch_selection,310,0.05254639124842545,0.08983358685008438,446,447,600.0,6.0,0.0001,"1,2",4,
lstm_autoencoder,2,engine_disjoint_epoch_selection,311,0.05241878144102288,0.08981352984889955,446,447,600.0,6.0,0.0001,"1,2",4,
lstm_autoencoder,2,engine_disjoint_epoch_selection,312,0.052358224787252945,0.08969780529850903,446,447,600.0,6.0,0.0001,"1,2",4,
lstm_autoencoder,2,engine_disjoint_epoch_selection,313,0.052238268957704274,0.08943049887505272,446,447,600.0,6.0,0.0001,"1,2",4,
lstm_autoencoder,2,engine_disjoint_epoch_selection,314,0.05215253025843501,0.08929226624106529,446,447,600.0,6.0,0.0001,"1,2",4,
lstm_autoencoder,2,engine_disjoint_epoch_selection,315,0.051954170758684956,0.08918792536760728,446,447,600.0,6.0,0.0001,"1,2",4,
lstm_autoencoder,2,engine_disjoint_epoch_selection,316,0.051787741029994096,0.08900138310023717,446,447,600.0,6.0,0.0001,"1,2",4,
lstm_autoencoder,2,engine_disjoint_epoch_selection,317,0.05161608425250133,0.08900552873398652,446,447,600.0,6.0,0.0001,"1,2",4,
lstm_autoencoder,2,engine_disjoint_epoch_selection,318,0.05152416942957414,0.08891272612124353,446,447,600.0,6.0,0.0001,"1,2",4,
lstm_autoencoder,2,engine_disjoint_epoch_selection,319,0.051389622842930485,0.08886105698113198,446,447,600.0,6.0,0.0001,"1,2",4,
lstm_autoencoder,2,engine_disjoint_epoch_selection,320,0.05125974835640536,0.08869807137437709,446,447,600.0,6.0,0.0001,"1,2",4,
lstm_autoencoder,2,engine_disjoint_epoch_selection,321,0.05111746040216088,0.08861888485341293,446,447,600.0,6.0,0.0001,"1,2",4,
lstm_autoencoder,2,engine_disjoint_epoch_selection,322,0.050982645302193146,0.08850098438952696,446,447,600.0,6.0,0.0001,"1,2",4,
lstm_autoencoder,2,engine_disjoint_epoch_selection,323,0.05085586847292292,0.0883982502579475,446,447,600.0,6.0,0.0001,"1,2",4,
lstm_autoencoder,2,engine_disjoint_epoch_selection,324,0.050741800587049996,0.08827141866710865,446,447,600.0,6.0,0.0001,"1,2",4,
lstm_autoencoder,2,engine_disjoint_epoch_selection,325,0.05061974994120811,0.08826462407392183,446,447,600.0,6.0,0.0001,"1,2",4,
lstm_autoencoder,2,engine_disjoint_epoch_selection,326,0.050536985665376385,0.08813934321279983,446,447,600.0,6.0,0.0001,"1,2",4,
lstm_autoencoder,2,engine_disjoint_epoch_selection,327,0.050385352559282365,0.08796253629940294,446,447,600.0,6.0,0.0001,"1,2",4,
lstm_autoencoder,2,engine_disjoint_epoch_selection,328,0.050257508179401174,0.08800671301795507,446,447,600.0,6.0,0.0001,"1,2",4,
lstm_autoencoder,2,engine_disjoint_epoch_selection,329,0.05013803703781374,0.08780209594397827,446,447,600.0,6.0,0.0001,"1,2",4,
lstm_autoencoder,2,engine_disjoint_epoch_selection,330,0.050051257908889465,0.08765585259248979,446,447,600.0,6.0,0.0001,"1,2",4,
lstm_autoencoder,2,engine_disjoint_epoch_selection,331,0.04989431226747158,0.08754888770824275,446,447,600.0,6.0,0.0001,"1,2",4,
lstm_autoencoder,2,engine_disjoint_epoch_selection,332,0.04985212221055227,0.08741044472290571,446,447,600.0,6.0,0.0001,"1,2",4,
lstm_autoencoder,2,engine_disjoint_epoch_selection,333,0.04969471694030204,0.08732838446007352,446,447,600.0,6.0,0.0001,"1,2",4,
lstm_autoencoder,2,engine_disjoint_epoch_selection,334,0.049612580728713274,0.08733020057492331,446,447,600.0,6.0,0.0001,"1,2",4,
lstm_autoencoder,2,engine_disjoint_epoch_selection,335,0.0495662958832523,0.08716350740333434,446,447,600.0,6.0,0.0001,"1,2",4,
lstm_autoencoder,2,engine_disjoint_epoch_selection,336,0.049434134037506954,0.08701497489105404,446,447,600.0,6.0,0.0001,"1,2",4,
lstm_autoencoder,2,engine_disjoint_epoch_selection,337,0.04927153613510652,0.08703186512604895,446,447,600.0,6.0,0.0001,"1,2",4,
lstm_autoencoder,2,engine_disjoint_epoch_selection,338,0.04911842834685817,0.08691687876213879,446,447,600.0,6.0,0.0001,"1,2",4,
lstm_autoencoder,2,engine_disjoint_epoch_selection,339,0.04901820705711356,0.08684902381945891,446,447,600.0,6.0,0.0001,"1,2",4,
lstm_autoencoder,2,engine_disjoint_epoch_selection,340,0.04891719307416532,0.08674541061491378,446,447,600.0,6.0,0.0001,"1,2",4,
lstm_autoencoder,2,engine_disjoint_epoch_selection,341,0.04883858893093285,0.08648260913466331,446,447,600.0,6.0,0.0001,"1,2",4,
lstm_autoencoder,2,engine_disjoint_epoch_selection,342,0.04868534062124024,0.08645778840919371,446,447,600.0,6.0,0.0001,"1,2",4,
lstm_autoencoder,2,engine_disjoint_epoch_selection,343,0.048562007836171046,0.08644700863631025,446,447,600.0,6.0,0.0001,"1,2",4,
lstm_autoencoder,2,engine_disjoint_epoch_selection,344,0.04844863050376122,0.0863687227126359,446,447,600.0,6.0,0.0001,"1,2",4,
lstm_autoencoder,2,engine_disjoint_epoch_selection,345,0.04837569257849448,0.08629687305107028,446,447,600.0,6.0,0.0001,"1,2",4,
lstm_autoencoder,2,engine_disjoint_epoch_selection,346,0.048311183085045874,0.08609262580411745,446,447,600.0,6.0,0.0001,"1,2",4,
lstm_autoencoder,2,engine_disjoint_epoch_selection,347,0.04821702134642925,0.08608953950954847,446,447,600.0,6.0,0.0001,"1,2",4,
lstm_autoencoder,2,engine_disjoint_epoch_selection,348,0.04821688748627242,0.08605493279902499,446,447,600.0,6.0,0.0001,"1,2",4,
lstm_autoencoder,2,engine_disjoint_epoch_selection,349,0.04796456267665988,0.08588607557677831,446,447,600.0,6.0,0.0001,"1,2",4,
lstm_autoencoder,2,engine_disjoint_epoch_selection,350,0.04779772185137362,0.08571103329106948,446,447,600.0,6.0,0.0001,"1,2",4,
lstm_autoencoder,2,engine_disjoint_epoch_selection,351,0.04768444380386685,0.08562376304111838,446,447,600.0,6.0,0.0001,"1,2",4,
lstm_autoencoder,2,engine_disjoint_epoch_selection,352,0.04760498225778148,0.08543381626161436,446,447,600.0,6.0,0.0001,"1,2",4,
lstm_autoencoder,2,engine_disjoint_epoch_selection,353,0.047503714511502745,0.08555737077410204,446,447,600.0,6.0,0.0001,"1,2",4,
lstm_autoencoder,2,engine_disjoint_epoch_selection,354,0.04741190198691816,0.08536167125207823,446,447,600.0,6.0,0.0001,"1,2",4,
lstm_autoencoder,2,engine_disjoint_epoch_selection,355,0.047284528813821274,0.0852110677573827,446,447,600.0,6.0,0.0001,"1,2",4,
lstm_autoencoder,2,engine_disjoint_epoch_selection,356,0.0471722767631801,0.08513353971005343,446,447,600.0,6.0,0.0001,"1,2",4,
lstm_autoencoder,2,engine_disjoint_epoch_selection,357,0.047092686590806586,0.08511503992034215,446,447,600.0,6.0,0.0001,"1,2",4,
lstm_autoencoder,2,engine_disjoint_epoch_selection,358,0.04697759397688472,0.0849693447053356,446,447,600.0,6.0,0.0001,"1,2",4,
lstm_autoencoder,2,engine_disjoint_epoch_selection,359,0.04689277421807601,0.08519621817507356,446,447,600.0,6.0,0.0001,"1,2",4,
lstm_autoencoder,2,engine_disjoint_epoch_selection,360,0.04687397844399269,0.08524237733279842,446,447,600.0,6.0,0.0001,"1,2",4,
lstm_autoencoder,2,engine_disjoint_epoch_selection,361,0.046777188827486736,0.0848315716645876,446,447,600.0,6.0,0.0001,"1,2",4,
lstm_autoencoder,2,engine_disjoint_epoch_selection,362,0.04666155775949798,0.08468593784282379,446,447,600.0,6.0,0.0001,"1,2",4,
lstm_autoencoder,2,engine_disjoint_epoch_selection,363,0.04649650342805838,0.08451839030232298,446,447,600.0,6.0,0.0001,"1,2",4,
lstm_autoencoder,2,engine_disjoint_epoch_selection,364,0.04644123789833129,0.08467140733416063,446,447,600.0,6.0,0.0001,"1,2",4,
lstm_autoencoder,2,engine_disjoint_epoch_selection,365,0.04635021013684624,0.08440130397153836,446,447,600.0,6.0,0.0001,"1,2",4,
lstm_autoencoder,2,engine_disjoint_epoch_selection,366,0.04621218128289991,0.08424646079647263,446,447,600.0,6.0,0.0001,"1,2",4,
lstm_autoencoder,2,engine_disjoint_epoch_selection,367,0.04610116902473027,0.08404904397581442,446,447,600.0,6.0,0.0001,"1,2",4,
lstm_autoencoder,2,engine_disjoint_epoch_selection,368,0.04599890462297103,0.08407368847088008,446,447,600.0,6.0,0.0001,"1,2",4,
lstm_autoencoder,2,engine_disjoint_epoch_selection,369,0.04592389535451915,0.08423326100469034,446,447,600.0,6.0,0.0001,"1,2",4,
lstm_autoencoder,2,engine_disjoint_epoch_selection,370,0.04578023485786087,0.08411388098811394,446,447,600.0,6.0,0.0001,"1,2",4,
lstm_autoencoder,2,engine_disjoint_epoch_selection,371,0.04570893465768829,0.08396665717920115,446,447,600.0,6.0,0.0001,"1,2",4,
lstm_autoencoder,2,engine_disjoint_epoch_selection,372,0.04562028402420163,0.08362556109216832,446,447,600.0,6.0,0.0001,"1,2",4,
lstm_autoencoder,2,engine_disjoint_epoch_selection,373,0.04550510584445676,0.08379736922587698,446,447,600.0,6.0,0.0001,"1,2",4,
lstm_autoencoder,2,engine_disjoint_epoch_selection,374,0.045436244389191256,0.08379923059072639,446,447,600.0,6.0,0.0001,"1,2",4,
lstm_autoencoder,2,engine_disjoint_epoch_selection,375,0.045323892895044945,0.08345056356726992,446,447,600.0,6.0,0.0001,"1,2",4,
lstm_autoencoder,2,engine_disjoint_epoch_selection,376,0.045171466461338974,0.08333022584056635,446,447,600.0,6.0,0.0001,"1,2",4,
lstm_autoencoder,2,engine_disjoint_epoch_selection,377,0.045126420456737044,0.08353296234901822,446,447,600.0,6.0,0.0001,"1,2",4,
lstm_autoencoder,2,engine_disjoint_epoch_selection,378,0.045043356264369096,0.08321317901180841,446,447,600.0,6.0,0.0001,"1,2",4,
lstm_autoencoder,2,engine_disjoint_epoch_selection,379,0.04492646335821946,0.08313301325639293,446,447,600.0,6.0,0.0001,"1,2",4,
lstm_autoencoder,2,engine_disjoint_epoch_selection,380,0.044869855420474065,0.08323009444004635,446,447,600.0,6.0,0.0001,"1,2",4,
lstm_autoencoder,2,engine_disjoint_epoch_selection,381,0.044784703866110734,0.08306945253867741,446,447,600.0,6.0,0.0001,"1,2",4,
lstm_autoencoder,2,engine_disjoint_epoch_selection,382,0.04467790503083976,0.08299466602983888,446,447,600.0,6.0,0.0001,"1,2",4,
lstm_autoencoder,2,engine_disjoint_epoch_selection,383,0.04452879813870078,0.0828334300082046,446,447,600.0,6.0,0.0001,"1,2",4,
lstm_autoencoder,2,engine_disjoint_epoch_selection,384,0.04445968062037461,0.08285464443100143,446,447,600.0,6.0,0.0001,"1,2",4,
lstm_autoencoder,2,engine_disjoint_epoch_selection,385,0.04437593808690383,0.08277731328231917,446,447,600.0,6.0,0.0001,"1,2",4,
lstm_autoencoder,2,engine_disjoint_epoch_selection,386,0.04426335820576008,0.08248087356383448,446,447,600.0,6.0,0.0001,"1,2",4,
lstm_autoencoder,2,engine_disjoint_epoch_selection,387,0.04419820415345203,0.08260726097089323,446,447,600.0,6.0,0.0001,"1,2",4,
lstm_autoencoder,2,engine_disjoint_epoch_selection,388,0.044113099862509,0.08256417477733204,446,447,600.0,6.0,0.0001,"1,2",4,
lstm_autoencoder,2,engine_disjoint_epoch_selection,389,0.044024354384977565,0.0824090193772689,446,447,600.0,6.0,0.0001,"1,2",4,
lstm_autoencoder,2,engine_disjoint_epoch_selection,390,0.04394060296979023,0.08237718820388454,446,447,600.0,6.0,0.0001,"1,2",4,
lstm_autoencoder,2,engine_disjoint_epoch_selection,391,0.043790762067217805,0.08231189722402123,446,447,600.0,6.0,0.0001,"1,2",4,
lstm_autoencoder,2,engine_disjoint_epoch_selection,392,0.04378461179569916,0.08227002752166615,446,447,600.0,6.0,0.0001,"1,2",4,
lstm_autoencoder,2,engine_disjoint_epoch_selection,393,0.04369829927409883,0.08212181139249133,446,447,600.0,6.0,0.0001,"1,2",4,
lstm_autoencoder,2,engine_disjoint_epoch_selection,394,0.043632517157547804,0.08203392537565346,446,447,600.0,6.0,0.0001,"1,2",4,
lstm_autoencoder,2,engine_disjoint_epoch_selection,395,0.043561372387415156,0.0818712513824095,446,447,600.0,6.0,0.0001,"1,2",4,
lstm_autoencoder,2,engine_disjoint_epoch_selection,396,0.043482025352032674,0.08198190426392321,446,447,600.0,6.0,0.0001,"1,2",4,
lstm_autoencoder,2,engine_disjoint_epoch_selection,397,0.0433439048260832,0.08178597518987428,446,447,600.0,6.0,0.0001,"1,2",4,
lstm_autoencoder,2,engine_disjoint_epoch_selection,398,0.04326692667139086,0.08185637257104655,446,447,600.0,6.0,0.0001,"1,2",4,
lstm_autoencoder,2,engine_disjoint_epoch_selection,399,0.04312270059970974,0.0817649725859946,446,447,600.0,6.0,0.0001,"1,2",4,
lstm_autoencoder,2,engine_disjoint_epoch_selection,400,0.04304567105794298,0.08166693736113288,446,447,600.0,6.0,0.0001,"1,2",4,
lstm_autoencoder,2,engine_disjoint_epoch_selection,401,0.0429660074528057,0.08132443656735495,446,447,600.0,6.0,0.0001,"1,2",4,
lstm_autoencoder,2,engine_disjoint_epoch_selection,402,0.042890280351332695,0.08128888339805554,446,447,600.0,6.0,0.0001,"1,2",4,
lstm_autoencoder,2,engine_disjoint_epoch_selection,403,0.04283397439195058,0.08137064011899836,446,447,600.0,6.0,0.0001,"1,2",4,
lstm_autoencoder,2,engine_disjoint_epoch_selection,404,0.04278000654445479,0.08153836547976795,446,447,600.0,6.0,0.0001,"1,2",4,
lstm_autoencoder,2,engine_disjoint_epoch_selection,405,0.04272740394367704,0.08131926204645197,446,447,600.0,6.0,0.0001,"1,2",4,
lstm_autoencoder,2,engine_disjoint_epoch_selection,406,0.04254808874747211,0.0811211597494481,446,447,600.0,6.0,0.0001,"1,2",4,
lstm_autoencoder,2,engine_disjoint_epoch_selection,407,0.042490658299331754,0.0810315706204622,446,447,600.0,6.0,0.0001,"1,2",4,
lstm_autoencoder,2,engine_disjoint_epoch_selection,408,0.04241964738935594,0.0810722454782326,446,447,600.0,6.0,0.0001,"1,2",4,
lstm_autoencoder,2,engine_disjoint_epoch_selection,409,0.04231946352970257,0.08103543007853826,446,447,600.0,6.0,0.0001,"1,2",4,
lstm_autoencoder,2,engine_disjoint_epoch_selection,410,0.04234512978735688,0.08083765994099111,446,447,600.0,6.0,0.0001,"1,2",4,
lstm_autoencoder,2,engine_disjoint_epoch_selection,411,0.04218406271224765,0.08086988307721005,446,447,600.0,6.0,0.0001,"1,2",4,
lstm_autoencoder,2,engine_disjoint_epoch_selection,412,0.04207167061596846,0.08069823710971626,446,447,600.0,6.0,0.0001,"1,2",4,
lstm_autoencoder,2,engine_disjoint_epoch_selection,413,0.04198360014889614,0.0805642846365041,446,447,600.0,6.0,0.0001,"1,2",4,
lstm_autoencoder,2,engine_disjoint_epoch_selection,414,0.04189083252257641,0.08067622824368277,446,447,600.0,6.0,0.0001,"1,2",4,
lstm_autoencoder,2,engine_disjoint_epoch_selection,415,0.041849776787744396,0.08056431300947683,446,447,600.0,6.0,0.0001,"1,2",4,
lstm_autoencoder,2,engine_disjoint_epoch_selection,416,0.041775309462605194,0.08044107585847302,446,447,600.0,6.0,0.0001,"1,2",4,
lstm_autoencoder,2,engine_disjoint_epoch_selection,417,0.04175609275859742,0.08050293444241888,446,447,600.0,6.0,0.0001,"1,2",4,
lstm_autoencoder,2,engine_disjoint_epoch_selection,418,0.04167709496499852,0.08029546441711441,446,447,600.0,6.0,0.0001,"1,2",4,
lstm_autoencoder,2,engine_disjoint_epoch_selection,419,0.04165742957570203,0.08034098652822294,446,447,600.0,6.0,0.0001,"1,2",4,
lstm_autoencoder,2,engine_disjoint_epoch_selection,420,0.04163610996669488,0.08035626818687985,446,447,600.0,6.0,0.0001,"1,2",4,
lstm_autoencoder,2,engine_disjoint_epoch_selection,421,0.04146857890514968,0.08038222554342109,446,447,600.0,6.0,0.0001,"1,2",4,
lstm_autoencoder,2,engine_disjoint_epoch_selection,422,0.041485383747303206,0.08023528191761409,446,447,600.0,6.0,0.0001,"1,2",4,
lstm_autoencoder,2,engine_disjoint_epoch_selection,423,0.04125478583684325,0.08006691400684984,446,447,600.0,6.0,0.0001,"1,2",4,
lstm_autoencoder,2,engine_disjoint_epoch_selection,424,0.041127355408394926,0.07993933664709826,446,447,600.0,6.0,0.0001,"1,2",4,
lstm_autoencoder,2,engine_disjoint_epoch_selection,425,0.041046022992155505,0.07980117029824542,446,447,600.0,6.0,0.0001,"1,2",4,
lstm_autoencoder,2,engine_disjoint_epoch_selection,426,0.04099183072271431,0.0800543967562781,446,447,600.0,6.0,0.0001,"1,2",4,
lstm_autoencoder,2,engine_disjoint_epoch_selection,427,0.04097763472620033,0.07971749815704823,446,447,600.0,6.0,0.0001,"1,2",4,
lstm_autoencoder,2,engine_disjoint_epoch_selection,428,0.0409023317266934,0.07966096586495003,446,447,600.0,6.0,0.0001,"1,2",4,
lstm_autoencoder,2,engine_disjoint_epoch_selection,429,0.0407984029546903,0.07946916933883977,446,447,600.0,6.0,0.0001,"1,2",4,
lstm_autoencoder,2,engine_disjoint_epoch_selection,430,0.040741919678181,0.0795688187657151,446,447,600.0,6.0,0.0001,"1,2",4,
lstm_autoencoder,2,engine_disjoint_epoch_selection,431,0.040687285543340584,0.0797133544800556,446,447,600.0,6.0,0.0001,"1,2",4,
lstm_autoencoder,2,engine_disjoint_epoch_selection,432,0.04063470578126259,0.07949553712510732,446,447,600.0,6.0,0.0001,"1,2",4,
lstm_autoencoder,2,engine_disjoint_epoch_selection,433,0.04048488628997118,0.07933570495413707,446,447,600.0,6.0,0.0001,"1,2",4,
lstm_autoencoder,2,engine_disjoint_epoch_selection,434,0.04039053073961089,0.0795003633433105,446,447,600.0,6.0,0.0001,"1,2",4,
lstm_autoencoder,2,engine_disjoint_epoch_selection,435,0.040353388035335065,0.07915056824959311,446,447,600.0,6.0,0.0001,"1,2",4,
lstm_autoencoder,2,engine_disjoint_epoch_selection,436,0.04027898161339518,0.07915914936168404,446,447,600.0,6.0,0.0001,"1,2",4,
lstm_autoencoder,2,engine_disjoint_epoch_selection,437,0.040162626209699945,0.07924858586364418,446,447,600.0,6.0,0.0001,"1,2",4,
lstm_autoencoder,2,engine_disjoint_epoch_selection,438,0.04008972888656608,0.07894477504251797,446,447,600.0,6.0,0.0001,"1,2",4,
lstm_autoencoder,2,engine_disjoint_epoch_selection,439,0.039978405451112434,0.07889411546658724,446,447,600.0,6.0,0.0001,"1,2",4,
lstm_autoencoder,2,engine_disjoint_epoch_selection,440,0.03988892913518919,0.07884521831699322,446,447,600.0,6.0,0.0001,"1,2",4,
lstm_autoencoder,2,engine_disjoint_epoch_selection,441,0.039823349712098395,0.07860148738793576,446,447,600.0,6.0,0.0001,"1,2",4,
lstm_autoencoder,2,engine_disjoint_epoch_selection,442,0.03983971046842356,0.07880370303220277,446,447,600.0,6.0,0.0001,"1,2",4,
lstm_autoencoder,2,engine_disjoint_epoch_selection,443,0.0397047949733382,0.07855436391602971,446,447,600.0,6.0,0.0001,"1,2",4,
lstm_autoencoder,2,engine_disjoint_epoch_selection,444,0.0396357094926325,0.07873869786112087,446,447,600.0,6.0,0.0001,"1,2",4,
lstm_autoencoder,2,engine_disjoint_epoch_selection,445,0.03956400866360191,0.07855497087751116,446,447,600.0,6.0,0.0001,"1,2",4,
lstm_autoencoder,2,engine_disjoint_epoch_selection,446,0.039513684540327824,0.07852821235138198,446,447,600.0,6.0,0.0001,"1,2",4,
lstm_autoencoder,2,engine_disjoint_epoch_selection,447,0.03942092072045805,0.078570744538191,446,447,600.0,6.0,0.0001,"1,2",4,
lstm_autoencoder,0,all_fit_engines_refit,1,0.9339592633928572,,468,468,468.0,,,"1,2,4",none,
lstm_autoencoder,0,all_fit_engines_refit,2,0.8758569297610871,,468,468,468.0,,,"1,2,4",none,
lstm_autoencoder,0,all_fit_engines_refit,3,0.8150158365629906,,468,468,468.0,,,"1,2,4",none,
lstm_autoencoder,0,all_fit_engines_refit,4,0.7531927461489404,,468,468,468.0,,,"1,2,4",none,
lstm_autoencoder,0,all_fit_engines_refit,5,0.6921403505813383,,468,468,468.0,,,"1,2,4",none,
lstm_autoencoder,0,all_fit_engines_refit,6,0.6364935810562206,,468,468,468.0,,,"1,2,4",none,
lstm_autoencoder,0,all_fit_engines_refit,7,0.587173694748332,,468,468,468.0,,,"1,2,4",none,
lstm_autoencoder,0,all_fit_engines_refit,8,0.5457414899553571,,468,468,468.0,,,"1,2,4",none,
lstm_autoencoder,0,all_fit_engines_refit,9,0.5095301653564069,,468,468,468.0,,,"1,2,4",none,
lstm_autoencoder,0,all_fit_engines_refit,10,0.4782220928485577,,468,468,468.0,,,"1,2,4",none,
lstm_autoencoder,0,all_fit_engines_refit,11,0.44990328658506673,,468,468,468.0,,,"1,2,4",none,
lstm_autoencoder,0,all_fit_engines_refit,12,0.4243687795881574,,468,468,468.0,,,"1,2,4",none,
lstm_autoencoder,0,all_fit_engines_refit,13,0.401093328407084,,468,468,468.0,,,"1,2,4",none,
lstm_autoencoder,0,all_fit_engines_refit,14,0.3793390764508929,,468,468,468.0,,,"1,2,4",none,
lstm_autoencoder,0,all_fit_engines_refit,15,0.3596422554147861,,468,468,468.0,,,"1,2,4",none,
lstm_autoencoder,0,all_fit_engines_refit,16,0.3416379383033261,,468,468,468.0,,,"1,2,4",none,
lstm_autoencoder,0,all_fit_engines_refit,17,0.3257180168115924,,468,468,468.0,,,"1,2,4",none,
lstm_autoencoder,0,all_fit_engines_refit,18,0.3106645818258193,,468,468,468.0,,,"1,2,4",none,
lstm_autoencoder,0,all_fit_engines_refit,19,0.29721358510351253,,468,468,468.0,,,"1,2,4",none,
lstm_autoencoder,0,all_fit_engines_refit,20,0.2848410403073489,,468,468,468.0,,,"1,2,4",none,
lstm_autoencoder,0,all_fit_engines_refit,21,0.2731064633260155,,468,468,468.0,,,"1,2,4",none,
lstm_autoencoder,0,all_fit_engines_refit,22,0.2627508228727188,,468,468,468.0,,,"1,2,4",none,
lstm_autoencoder,0,all_fit_engines_refit,23,0.253019461878802,,468,468,468.0,,,"1,2,4",none,
lstm_autoencoder,0,all_fit_engines_refit,24,0.24407028797095762,,468,468,468.0,,,"1,2,4",none,
lstm_autoencoder,0,all_fit_engines_refit,25,0.23576346261160713,,468,468,468.0,,,"1,2,4",none,
lstm_autoencoder,0,all_fit_engines_refit,26,0.22816228797708987,,468,468,468.0,,,"1,2,4",none,
lstm_autoencoder,0,all_fit_engines_refit,27,0.22100222026160224,,468,468,468.0,,,"1,2,4",none,
lstm_autoencoder,0,all_fit_engines_refit,28,0.21452978017378826,,468,468,468.0,,,"1,2,4",none,
lstm_autoencoder,0,all_fit_engines_refit,29,0.20851007530416013,,468,468,468.0,,,"1,2,4",none,
lstm_autoencoder,0,all_fit_engines_refit,30,0.20277984379599195,,468,468,468.0,,,"1,2,4",none,
lstm_autoencoder,0,all_fit_engines_refit,31,0.1976460052921409,,468,468,468.0,,,"1,2,4",none,
lstm_autoencoder,0,all_fit_engines_refit,32,0.19270536749104689,,468,468,468.0,,,"1,2,4",none,
lstm_autoencoder,0,all_fit_engines_refit,33,0.18818278505813382,,468,468,468.0,,,"1,2,4",none,
lstm_autoencoder,0,all_fit_engines_refit,34,0.1839321952113177,,468,468,468.0,,,"1,2,4",none,
lstm_autoencoder,0,all_fit_engines_refit,35,0.17990492025761626,,468,468,468.0,,,"1,2,4",none,
lstm_autoencoder,0,all_fit_engines_refit,36,0.1761836872669741,,468,468,468.0,,,"1,2,4",none,
lstm_autoencoder,0,all_fit_engines_refit,37,0.17269420390226403,,468,468,468.0,,,"1,2,4",none,
lstm_autoencoder,0,all_fit_engines_refit,38,0.16935973833644036,,468,468,468.0,,,"1,2,4",none,
lstm_autoencoder,0,all_fit_engines_refit,39,0.16618190220424106,,468,468,468.0,,,"1,2,4",none,
lstm_autoencoder,0,all_fit_engines_refit,40,0.16321055174248184,,468,468,468.0,,,"1,2,4",none,
lstm_autoencoder,0,all_fit_engines_refit,41,0.16029024085220026,,468,468,468.0,,,"1,2,4",none,
lstm_autoencoder,0,all_fit_engines_refit,42,0.15758646295807988,,468,468,468.0,,,"1,2,4",none,
lstm_autoencoder,0,all_fit_engines_refit,43,0.15498669203633977,,468,468,468.0,,,"1,2,4",none,
lstm_autoencoder,0,all_fit_engines_refit,44,0.15248709542410716,,468,468,468.0,,,"1,2,4",none,
lstm_autoencoder,0,all_fit_engines_refit,45,0.15014235468075451,,468,468,468.0,,,"1,2,4",none,
lstm_autoencoder,0,all_fit_engines_refit,46,0.14783799487343013,,468,468,468.0,,,"1,2,4",none,
lstm_autoencoder,0,all_fit_engines_refit,47,0.14563964652116856,,468,468,468.0,,,"1,2,4",none,
lstm_autoencoder,0,all_fit_engines_refit,48,0.14348965487637363,,468,468,468.0,,,"1,2,4",none,
lstm_autoencoder,0,all_fit_engines_refit,49,0.14143588989832712,,468,468,468.0,,,"1,2,4",none,
lstm_autoencoder,0,all_fit_engines_refit,50,0.13956163535125587,,468,468,468.0,,,"1,2,4",none,
lstm_autoencoder,0,all_fit_engines_refit,51,0.13765359971362343,,468,468,468.0,,,"1,2,4",none,
lstm_autoencoder,0,all_fit_engines_refit,52,0.13586132486723657,,468,468,468.0,,,"1,2,4",none,
lstm_autoencoder,0,all_fit_engines_refit,53,0.13413813760179552,,468,468,468.0,,,"1,2,4",none,
lstm_autoencoder,0,all_fit_engines_refit,54,0.13252670599489796,,468,468,468.0,,,"1,2,4",none,
lstm_autoencoder,0,all_fit_engines_refit,55,0.1308808930066167,,468,468,468.0,,,"1,2,4",none,
lstm_autoencoder,0,all_fit_engines_refit,56,0.12939184551149185,,468,468,468.0,,,"1,2,4",none,
lstm_autoencoder,0,all_fit_engines_refit,57,0.12788239914730917,,468,468,468.0,,,"1,2,4",none,
lstm_autoencoder,0,all_fit_engines_refit,58,0.12647966753182643,,468,468,468.0,,,"1,2,4",none,
lstm_autoencoder,0,all_fit_engines_refit,59,0.12508007390907083,,468,468,468.0,,,"1,2,4",none,
lstm_autoencoder,0,all_fit_engines_refit,60,0.12376300518329326,,468,468,468.0,,,"1,2,4",none,
lstm_autoencoder,0,all_fit_engines_refit,61,0.12247552365672831,,468,468,468.0,,,"1,2,4",none,
lstm_autoencoder,0,all_fit_engines_refit,62,0.12124250906041503,,468,468,468.0,,,"1,2,4",none,
lstm_autoencoder,0,all_fit_engines_refit,63,0.1199733026285935,,468,468,468.0,,,"1,2,4",none,
lstm_autoencoder,0,all_fit_engines_refit,64,0.1188095988658384,,468,468,468.0,,,"1,2,4",none,
lstm_autoencoder,0,all_fit_engines_refit,65,0.11762246651402448,,468,468,468.0,,,"1,2,4",none,
lstm_autoencoder,0,all_fit_engines_refit,66,0.1164563141587765,,468,468,468.0,,,"1,2,4",none,
lstm_autoencoder,0,all_fit_engines_refit,67,0.11538033909101501,,468,468,468.0,,,"1,2,4",none,
lstm_autoencoder,0,all_fit_engines_refit,68,0.11428618474508193,,468,468,468.0,,,"1,2,4",none,
lstm_autoencoder,0,all_fit_engines_refit,69,0.11323033403190003,,468,468,468.0,,,"1,2,4",none,
lstm_autoencoder,0,all_fit_engines_refit,70,0.1122591525905735,,468,468,468.0,,,"1,2,4",none,
lstm_autoencoder,0,all_fit_engines_refit,71,0.11125543327870512,,468,468,468.0,,,"1,2,4",none,
lstm_autoencoder,0,all_fit_engines_refit,72,0.11024048139012216,,468,468,468.0,,,"1,2,4",none,
lstm_autoencoder,0,all_fit_engines_refit,73,0.10936340715297538,,468,468,468.0,,,"1,2,4",none,
lstm_autoencoder,0,all_fit_engines_refit,74,0.10841056931524112,,468,468,468.0,,,"1,2,4",none,
lstm_autoencoder,0,all_fit_engines_refit,75,0.10751565451150412,,468,468,468.0,,,"1,2,4",none,
lstm_autoencoder,0,all_fit_engines_refit,76,0.10660408343400461,,468,468,468.0,,,"1,2,4",none,
lstm_autoencoder,0,all_fit_engines_refit,77,0.105794572336146,,468,468,468.0,,,"1,2,4",none,
lstm_autoencoder,0,all_fit_engines_refit,78,0.10490782829057103,,468,468,468.0,,,"1,2,4",none,
lstm_autoencoder,0,all_fit_engines_refit,79,0.10411253110205922,,468,468,468.0,,,"1,2,4",none,
lstm_autoencoder,0,all_fit_engines_refit,80,0.10332085338454793,,468,468,468.0,,,"1,2,4",none,
lstm_autoencoder,0,all_fit_engines_refit,81,0.1025753415285886,,468,468,468.0,,,"1,2,4",none,
lstm_autoencoder,0,all_fit_engines_refit,82,0.10174190359549769,,468,468,468.0,,,"1,2,4",none,
lstm_autoencoder,0,all_fit_engines_refit,83,0.10099978172984939,,468,468,468.0,,,"1,2,4",none,
lstm_autoencoder,0,all_fit_engines_refit,84,0.10029473225400437,,468,468,468.0,,,"1,2,4",none,
lstm_autoencoder,0,all_fit_engines_refit,85,0.09958934167116366,,468,468,468.0,,,"1,2,4",none,
lstm_autoencoder,0,all_fit_engines_refit,86,0.09886987802933674,,468,468,468.0,,,"1,2,4",none,
lstm_autoencoder,0,all_fit_engines_refit,87,0.09817730482930853,,468,468,468.0,,,"1,2,4",none,
lstm_autoencoder,0,all_fit_engines_refit,88,0.09759381352638712,,468,468,468.0,,,"1,2,4",none,
lstm_autoencoder,0,all_fit_engines_refit,89,0.09685407893062574,,468,468,468.0,,,"1,2,4",none,
lstm_autoencoder,0,all_fit_engines_refit,90,0.09623304334128484,,468,468,468.0,,,"1,2,4",none,
lstm_autoencoder,0,all_fit_engines_refit,91,0.09559296612462594,,468,468,468.0,,,"1,2,4",none,
lstm_autoencoder,0,all_fit_engines_refit,92,0.09491219848441179,,468,468,468.0,,,"1,2,4",none,
lstm_autoencoder,0,all_fit_engines_refit,93,0.094302522907826,,468,468,468.0,,,"1,2,4",none,
lstm_autoencoder,0,all_fit_engines_refit,94,0.09368098044882016,,468,468,468.0,,,"1,2,4",none,
lstm_autoencoder,0,all_fit_engines_refit,95,0.09306508302314315,,468,468,468.0,,,"1,2,4",none,
lstm_autoencoder,0,all_fit_engines_refit,96,0.0924746756800677,,468,468,468.0,,,"1,2,4",none,
lstm_autoencoder,0,all_fit_engines_refit,97,0.0918842266567835,,468,468,468.0,,,"1,2,4",none,
lstm_autoencoder,0,all_fit_engines_refit,98,0.09132292599281298,,468,468,468.0,,,"1,2,4",none,
lstm_autoencoder,0,all_fit_engines_refit,99,0.0907387783463746,,468,468,468.0,,,"1,2,4",none,
lstm_autoencoder,0,all_fit_engines_refit,100,0.09017556422546483,,468,468,468.0,,,"1,2,4",none,
lstm_autoencoder,0,all_fit_engines_refit,101,0.08961749832895899,,468,468,468.0,,,"1,2,4",none,
lstm_autoencoder,0,all_fit_engines_refit,102,0.08912223923711612,,468,468,468.0,,,"1,2,4",none,
lstm_autoencoder,0,all_fit_engines_refit,103,0.08867399685798298,,468,468,468.0,,,"1,2,4",none,
lstm_autoencoder,0,all_fit_engines_refit,104,0.08808568981416184,,468,468,468.0,,,"1,2,4",none,
lstm_autoencoder,0,all_fit_engines_refit,105,0.0874767410062733,,468,468,468.0,,,"1,2,4",none,
lstm_autoencoder,0,all_fit_engines_refit,106,0.08698251002624607,,468,468,468.0,,,"1,2,4",none,
lstm_autoencoder,0,all_fit_engines_refit,107,0.0864861040100385,,468,468,468.0,,,"1,2,4",none,
lstm_autoencoder,0,all_fit_engines_refit,108,0.08600946159901761,,468,468,468.0,,,"1,2,4",none,
lstm_autoencoder,0,all_fit_engines_refit,109,0.08552959831393495,,468,468,468.0,,,"1,2,4",none,
lstm_autoencoder,0,all_fit_engines_refit,110,0.08498420032638956,,468,468,468.0,,,"1,2,4",none,
lstm_autoencoder,0,all_fit_engines_refit,111,0.08454173808195153,,468,468,468.0,,,"1,2,4",none,
lstm_autoencoder,0,all_fit_engines_refit,112,0.08408726379298714,,468,468,468.0,,,"1,2,4",none,
lstm_autoencoder,0,all_fit_engines_refit,113,0.08364714474281298,,468,468,468.0,,,"1,2,4",none,
lstm_autoencoder,0,all_fit_engines_refit,114,0.08319481722414025,,468,468,468.0,,,"1,2,4",none,
lstm_autoencoder,0,all_fit_engines_refit,115,0.08272880278726574,,468,468,468.0,,,"1,2,4",none,
lstm_autoencoder,0,all_fit_engines_refit,116,0.0823556959310918,,468,468,468.0,,,"1,2,4",none,
lstm_autoencoder,0,all_fit_engines_refit,117,0.08198190829817503,,468,468,468.0,,,"1,2,4",none,
lstm_autoencoder,0,all_fit_engines_refit,118,0.08145318335229224,,468,468,468.0,,,"1,2,4",none,
lstm_autoencoder,0,all_fit_engines_refit,119,0.081027974797942,,468,468,468.0,,,"1,2,4",none,
lstm_autoencoder,0,all_fit_engines_refit,120,0.08063821885424843,,468,468,468.0,,,"1,2,4",none,
lstm_autoencoder,0,all_fit_engines_refit,121,0.08023084128483124,,468,468,468.0,,,"1,2,4",none,
lstm_autoencoder,0,all_fit_engines_refit,122,0.07977700082248945,,468,468,468.0,,,"1,2,4",none,
lstm_autoencoder,0,all_fit_engines_refit,123,0.0793611856457577,,468,468,468.0,,,"1,2,4",none,
lstm_autoencoder,0,all_fit_engines_refit,124,0.07895033664194344,,468,468,468.0,,,"1,2,4",none,
lstm_autoencoder,0,all_fit_engines_refit,125,0.07858099920970492,,468,468,468.0,,,"1,2,4",none,
lstm_autoencoder,0,all_fit_engines_refit,126,0.07820833263067847,,468,468,468.0,,,"1,2,4",none,
lstm_autoencoder,0,all_fit_engines_refit,127,0.07781102202937966,,468,468,468.0,,,"1,2,4",none,
lstm_autoencoder,0,all_fit_engines_refit,128,0.07750886494922488,,468,468,468.0,,,"1,2,4",none,
lstm_autoencoder,0,all_fit_engines_refit,129,0.0770863081184998,,468,468,468.0,,,"1,2,4",none,
lstm_autoencoder,0,all_fit_engines_refit,130,0.07667854440829817,,468,468,468.0,,,"1,2,4",none,
lstm_autoencoder,0,all_fit_engines_refit,131,0.07632696394269096,,468,468,468.0,,,"1,2,4",none,
lstm_autoencoder,0,all_fit_engines_refit,132,0.07593628408770359,,468,468,468.0,,,"1,2,4",none,
lstm_autoencoder,0,all_fit_engines_refit,133,0.07559571079032575,,468,468,468.0,,,"1,2,4",none,
lstm_autoencoder,0,all_fit_engines_refit,134,0.07522480052906079,,468,468,468.0,,,"1,2,4",none,
lstm_autoencoder,0,all_fit_engines_refit,135,0.07490367272585116,,468,468,468.0,,,"1,2,4",none,
lstm_autoencoder,0,all_fit_engines_refit,136,0.07466060093470982,,468,468,468.0,,,"1,2,4",none,
lstm_autoencoder,0,all_fit_engines_refit,137,0.0742680174439818,,468,468,468.0,,,"1,2,4",none,
lstm_autoencoder,0,all_fit_engines_refit,138,0.07390703665405465,,468,468,468.0,,,"1,2,4",none,
lstm_autoencoder,0,all_fit_engines_refit,139,0.07367021018706461,,468,468,468.0,,,"1,2,4",none,
lstm_autoencoder,0,all_fit_engines_refit,140,0.07329747366194074,,468,468,468.0,,,"1,2,4",none,
lstm_autoencoder,0,all_fit_engines_refit,141,0.07290920814502183,,468,468,468.0,,,"1,2,4",none,
lstm_autoencoder,0,all_fit_engines_refit,142,0.07259026256423542,,468,468,468.0,,,"1,2,4",none,
lstm_autoencoder,0,all_fit_engines_refit,143,0.0722488091916454,,468,468,468.0,,,"1,2,4",none,
lstm_autoencoder,0,all_fit_engines_refit,144,0.07197991387623258,,468,468,468.0,,,"1,2,4",none,
lstm_autoencoder,0,all_fit_engines_refit,145,0.07163796944371198,,468,468,468.0,,,"1,2,4",none,
lstm_autoencoder,0,all_fit_engines_refit,146,0.07128834914562279,,468,468,468.0,,,"1,2,4",none,
lstm_autoencoder,0,all_fit_engines_refit,147,0.07101961528113349,,468,468,468.0,,,"1,2,4",none,
lstm_autoencoder,0,all_fit_engines_refit,148,0.07073772148958742,,468,468,468.0,,,"1,2,4",none,
lstm_autoencoder,0,all_fit_engines_refit,149,0.0704335417216015,,468,468,468.0,,,"1,2,4",none,
lstm_autoencoder,0,all_fit_engines_refit,150,0.0701419776425444,,468,468,468.0,,,"1,2,4",none,
lstm_autoencoder,0,all_fit_engines_refit,151,0.06987382394739747,,468,468,468.0,,,"1,2,4",none,
lstm_autoencoder,0,all_fit_engines_refit,152,0.06962635513377527,,468,468,468.0,,,"1,2,4",none,
lstm_autoencoder,0,all_fit_engines_refit,153,0.06924597771613153,,468,468,468.0,,,"1,2,4",none,
lstm_autoencoder,0,all_fit_engines_refit,154,0.06904187260841836,,468,468,468.0,,,"1,2,4",none,
lstm_autoencoder,0,all_fit_engines_refit,155,0.06869503146999485,,468,468,468.0,,,"1,2,4",none,
lstm_autoencoder,0,all_fit_engines_refit,156,0.06839663758569835,,468,468,468.0,,,"1,2,4",none,
lstm_autoencoder,0,all_fit_engines_refit,157,0.06815010729539712,,468,468,468.0,,,"1,2,4",none,
lstm_autoencoder,0,all_fit_engines_refit,158,0.06786302120382408,,468,468,468.0,,,"1,2,4",none,
lstm_autoencoder,0,all_fit_engines_refit,159,0.06758965532671152,,468,468,468.0,,,"1,2,4",none,
lstm_autoencoder,0,all_fit_engines_refit,160,0.06733770086027951,,468,468,468.0,,,"1,2,4",none,
lstm_autoencoder,0,all_fit_engines_refit,161,0.06708980710016128,,468,468,468.0,,,"1,2,4",none,
lstm_autoencoder,0,all_fit_engines_refit,162,0.06694329565697973,,468,468,468.0,,,"1,2,4",none,
lstm_autoencoder,0,all_fit_engines_refit,163,0.06659630049341701,,468,468,468.0,,,"1,2,4",none,
lstm_autoencoder,0,all_fit_engines_refit,164,0.06632723103138491,,468,468,468.0,,,"1,2,4",none,
lstm_autoencoder,0,all_fit_engines_refit,165,0.0660184757825531,,468,468,468.0,,,"1,2,4",none,
lstm_autoencoder,0,all_fit_engines_refit,166,0.0657974952206694,,468,468,468.0,,,"1,2,4",none,
lstm_autoencoder,0,all_fit_engines_refit,167,0.0655659029734565,,468,468,468.0,,,"1,2,4",none,
lstm_autoencoder,0,all_fit_engines_refit,168,0.06536578383513111,,468,468,468.0,,,"1,2,4",none,
lstm_autoencoder,0,all_fit_engines_refit,169,0.06511430294210532,,468,468,468.0,,,"1,2,4",none,
lstm_autoencoder,0,all_fit_engines_refit,170,0.06482151504588464,,468,468,468.0,,,"1,2,4",none,
lstm_autoencoder,0,all_fit_engines_refit,171,0.06452758238117212,,468,468,468.0,,,"1,2,4",none,
lstm_autoencoder,0,all_fit_engines_refit,172,0.06430945427863152,,468,468,468.0,,,"1,2,4",none,
lstm_autoencoder,0,all_fit_engines_refit,173,0.06410061056235895,,468,468,468.0,,,"1,2,4",none,
lstm_autoencoder,0,all_fit_engines_refit,174,0.06384681881316229,,468,468,468.0,,,"1,2,4",none,
lstm_autoencoder,0,all_fit_engines_refit,175,0.06363812121716174,,468,468,468.0,,,"1,2,4",none,
lstm_autoencoder,0,all_fit_engines_refit,176,0.06346041261681956,,468,468,468.0,,,"1,2,4",none,
lstm_autoencoder,0,all_fit_engines_refit,177,0.06325880137492948,,468,468,468.0,,,"1,2,4",none,
lstm_autoencoder,0,all_fit_engines_refit,178,0.0629712124858958,,468,468,468.0,,,"1,2,4",none,
lstm_autoencoder,0,all_fit_engines_refit,179,0.06269862487888786,,468,468,468.0,,,"1,2,4",none,
lstm_autoencoder,0,all_fit_engines_refit,180,0.06244809999570742,,468,468,468.0,,,"1,2,4",none,
lstm_autoencoder,0,all_fit_engines_refit,181,0.06226229345779778,,468,468,468.0,,,"1,2,4",none,
lstm_autoencoder,0,all_fit_engines_refit,182,0.06208914213315284,,468,468,468.0,,,"1,2,4",none,
lstm_autoencoder,0,all_fit_engines_refit,183,0.06183300647106799,,468,468,468.0,,,"1,2,4",none,
lstm_autoencoder,0,all_fit_engines_refit,184,0.06161415399524443,,468,468,468.0,,,"1,2,4",none,
lstm_autoencoder,0,all_fit_engines_refit,185,0.061378996892476945,,468,468,468.0,,,"1,2,4",none,
lstm_autoencoder,0,all_fit_engines_refit,186,0.06119643805726918,,468,468,468.0,,,"1,2,4",none,
lstm_autoencoder,0,all_fit_engines_refit,187,0.06108690606181625,,468,468,468.0,,,"1,2,4",none,
lstm_autoencoder,0,all_fit_engines_refit,188,0.06082928524286818,,468,468,468.0,,,"1,2,4",none,
lstm_autoencoder,0,all_fit_engines_refit,189,0.06063095931168441,,468,468,468.0,,,"1,2,4",none,
lstm_autoencoder,0,all_fit_engines_refit,190,0.06039603911539075,,468,468,468.0,,,"1,2,4",none,
lstm_autoencoder,0,all_fit_engines_refit,191,0.060166777845828835,,468,468,468.0,,,"1,2,4",none,
lstm_autoencoder,0,all_fit_engines_refit,192,0.05998997830521181,,468,468,468.0,,,"1,2,4",none,
lstm_autoencoder,0,all_fit_engines_refit,193,0.059794577174882874,,468,468,468.0,,,"1,2,4",none,
lstm_autoencoder,0,all_fit_engines_refit,194,0.05962786759836146,,468,468,468.0,,,"1,2,4",none,
lstm_autoencoder,0,all_fit_engines_refit,195,0.05943896546655772,,468,468,468.0,,,"1,2,4",none,
lstm_autoencoder,0,all_fit_engines_refit,196,0.059301869199264744,,468,468,468.0,,,"1,2,4",none,
lstm_autoencoder,0,all_fit_engines_refit,197,0.05911227048098386,,468,468,468.0,,,"1,2,4",none,
lstm_autoencoder,0,all_fit_engines_refit,198,0.05888127109880911,,468,468,468.0,,,"1,2,4",none,
lstm_autoencoder,0,all_fit_engines_refit,199,0.05864093726620757,,468,468,468.0,,,"1,2,4",none,
lstm_autoencoder,0,all_fit_engines_refit,200,0.058430875242224296,,468,468,468.0,,,"1,2,4",none,
lstm_autoencoder,0,all_fit_engines_refit,201,0.05826722269342683,,468,468,468.0,,,"1,2,4",none,
lstm_autoencoder,0,all_fit_engines_refit,202,0.05806141612293956,,468,468,468.0,,,"1,2,4",none,
lstm_autoencoder,0,all_fit_engines_refit,203,0.0578430767448581,,468,468,468.0,,,"1,2,4",none,
lstm_autoencoder,0,all_fit_engines_refit,204,0.057661960667680534,,468,468,468.0,,,"1,2,4",none,
lstm_autoencoder,0,all_fit_engines_refit,205,0.0574926465571956,,468,468,468.0,,,"1,2,4",none,
lstm_autoencoder,0,all_fit_engines_refit,206,0.05735017330343345,,468,468,468.0,,,"1,2,4",none,
lstm_autoencoder,0,all_fit_engines_refit,207,0.05714109795059851,,468,468,468.0,,,"1,2,4",none,
lstm_autoencoder,0,all_fit_engines_refit,208,0.05699829149470786,,468,468,468.0,,,"1,2,4",none,
lstm_autoencoder,0,all_fit_engines_refit,209,0.05688489976820055,,468,468,468.0,,,"1,2,4",none,
lstm_autoencoder,0,all_fit_engines_refit,210,0.05670534047077365,,468,468,468.0,,,"1,2,4",none,
lstm_autoencoder,0,all_fit_engines_refit,211,0.0565246201160377,,468,468,468.0,,,"1,2,4",none,
lstm_autoencoder,0,all_fit_engines_refit,212,0.056280100536496146,,468,468,468.0,,,"1,2,4",none,
lstm_autoencoder,0,all_fit_engines_refit,213,0.05614100625413928,,468,468,468.0,,,"1,2,4",none,
lstm_autoencoder,0,all_fit_engines_refit,214,0.0559582414133021,,468,468,468.0,,,"1,2,4",none,
lstm_autoencoder,0,all_fit_engines_refit,215,0.055802978563533286,,468,468,468.0,,,"1,2,4",none,
lstm_autoencoder,0,all_fit_engines_refit,216,0.055581106907531645,,468,468,468.0,,,"1,2,4",none,
lstm_autoencoder,0,all_fit_engines_refit,217,0.05544111650068681,,468,468,468.0,,,"1,2,4",none,
lstm_autoencoder,0,all_fit_engines_refit,218,0.05538209636694221,,468,468,468.0,,,"1,2,4",none,
lstm_autoencoder,0,all_fit_engines_refit,219,0.05527903869724723,,468,468,468.0,,,"1,2,4",none,
lstm_autoencoder,0,all_fit_engines_refit,220,0.05505126234500712,,468,468,468.0,,,"1,2,4",none,
lstm_autoencoder,0,all_fit_engines_refit,221,0.0548588912939913,,468,468,468.0,,,"1,2,4",none,
lstm_autoencoder,0,all_fit_engines_refit,222,0.054671828241512954,,468,468,468.0,,,"1,2,4",none,
lstm_autoencoder,0,all_fit_engines_refit,223,0.05451594521898303,,468,468,468.0,,,"1,2,4",none,
lstm_autoencoder,0,all_fit_engines_refit,224,0.05433988322642759,,468,468,468.0,,,"1,2,4",none,
lstm_autoencoder,0,all_fit_engines_refit,225,0.05416634025154533,,468,468,468.0,,,"1,2,4",none,
lstm_autoencoder,0,all_fit_engines_refit,226,0.05399677246668649,,468,468,468.0,,,"1,2,4",none,
lstm_autoencoder,0,all_fit_engines_refit,227,0.0538421841655833,,468,468,468.0,,,"1,2,4",none,
lstm_autoencoder,0,all_fit_engines_refit,228,0.0537736286061525,,468,468,468.0,,,"1,2,4",none,
lstm_autoencoder,0,all_fit_engines_refit,229,0.05359026874440431,,468,468,468.0,,,"1,2,4",none,
lstm_autoencoder,0,all_fit_engines_refit,230,0.05340748066804847,,468,468,468.0,,,"1,2,4",none,
lstm_autoencoder,0,all_fit_engines_refit,231,0.05325165777041736,,468,468,468.0,,,"1,2,4",none,
lstm_autoencoder,0,all_fit_engines_refit,232,0.05311878533715169,,468,468,468.0,,,"1,2,4",none,
lstm_autoencoder,0,all_fit_engines_refit,233,0.05295889071430104,,468,468,468.0,,,"1,2,4",none,
lstm_autoencoder,0,all_fit_engines_refit,234,0.05284215139631574,,468,468,468.0,,,"1,2,4",none,
lstm_autoencoder,0,all_fit_engines_refit,235,0.052729246897076136,,468,468,468.0,,,"1,2,4",none,
lstm_autoencoder,0,all_fit_engines_refit,236,0.052558666091511726,,468,468,468.0,,,"1,2,4",none,
lstm_autoencoder,0,all_fit_engines_refit,237,0.052374708334355376,,468,468,468.0,,,"1,2,4",none,
lstm_autoencoder,0,all_fit_engines_refit,238,0.052245180138987685,,468,468,468.0,,,"1,2,4",none,
lstm_autoencoder,0,all_fit_engines_refit,239,0.052081270083153455,,468,468,468.0,,,"1,2,4",none,
lstm_autoencoder,0,all_fit_engines_refit,240,0.0520381981387056,,468,468,468.0,,,"1,2,4",none,
lstm_autoencoder,0,all_fit_engines_refit,241,0.05184764077562365,,468,468,468.0,,,"1,2,4",none,
lstm_autoencoder,0,all_fit_engines_refit,242,0.051716339494594414,,468,468,468.0,,,"1,2,4",none,
lstm_autoencoder,0,all_fit_engines_refit,243,0.051581096559341885,,468,468,468.0,,,"1,2,4",none,
lstm_autoencoder,0,all_fit_engines_refit,244,0.05148620102431748,,468,468,468.0,,,"1,2,4",none,
lstm_autoencoder,0,all_fit_engines_refit,245,0.0512943781638632,,468,468,468.0,,,"1,2,4",none,
lstm_autoencoder,0,all_fit_engines_refit,246,0.05111952896956559,,468,468,468.0,,,"1,2,4",none,
lstm_autoencoder,0,all_fit_engines_refit,247,0.05101078937716162,,468,468,468.0,,,"1,2,4",none,
lstm_autoencoder,0,all_fit_engines_refit,248,0.05095726767739097,,468,468,468.0,,,"1,2,4",none,
lstm_autoencoder,0,all_fit_engines_refit,249,0.05082406563511823,,468,468,468.0,,,"1,2,4",none,
lstm_autoencoder,0,all_fit_engines_refit,250,0.05064131181318681,,468,468,468.0,,,"1,2,4",none,
lstm_autoencoder,0,all_fit_engines_refit,251,0.05049812855862748,,468,468,468.0,,,"1,2,4",none,
lstm_autoencoder,0,all_fit_engines_refit,252,0.05037565629560869,,468,468,468.0,,,"1,2,4",none,
lstm_autoencoder,0,all_fit_engines_refit,253,0.05021834321074433,,468,468,468.0,,,"1,2,4",none,
lstm_autoencoder,0,all_fit_engines_refit,254,0.05008975449686335,,468,468,468.0,,,"1,2,4",none,
lstm_autoencoder,0,all_fit_engines_refit,255,0.04998952964411425,,468,468,468.0,,,"1,2,4",none,
lstm_autoencoder,0,all_fit_engines_refit,256,0.049825760917723456,,468,468,468.0,,,"1,2,4",none,
lstm_autoencoder,0,all_fit_engines_refit,257,0.04964659398915816,,468,468,468.0,,,"1,2,4",none,
lstm_autoencoder,0,all_fit_engines_refit,258,0.04956859402978439,,468,468,468.0,,,"1,2,4",none,
lstm_autoencoder,0,all_fit_engines_refit,259,0.04944588821387179,,468,468,468.0,,,"1,2,4",none,
lstm_autoencoder,0,all_fit_engines_refit,260,0.049283384026687596,,468,468,468.0,,,"1,2,4",none,
lstm_autoencoder,0,all_fit_engines_refit,261,0.04916715684827867,,468,468,468.0,,,"1,2,4",none,
lstm_autoencoder,0,all_fit_engines_refit,262,0.04903515107590512,,468,468,468.0,,,"1,2,4",none,
lstm_autoencoder,0,all_fit_engines_refit,263,0.048904523385375785,,468,468,468.0,,,"1,2,4",none,
lstm_autoencoder,0,all_fit_engines_refit,264,0.04877553918859461,,468,468,468.0,,,"1,2,4",none,
lstm_autoencoder,0,all_fit_engines_refit,265,0.04862290267105941,,468,468,468.0,,,"1,2,4",none,
lstm_autoencoder,0,all_fit_engines_refit,266,0.04854134959366108,,468,468,468.0,,,"1,2,4",none,
lstm_autoencoder,0,all_fit_engines_refit,267,0.04842363845609608,,468,468,468.0,,,"1,2,4",none,
lstm_autoencoder,0,all_fit_engines_refit,268,0.04829638997651344,,468,468,468.0,,,"1,2,4",none,
lstm_autoencoder,0,all_fit_engines_refit,269,0.04820196849397812,,468,468,468.0,,,"1,2,4",none,
lstm_autoencoder,0,all_fit_engines_refit,270,0.048117179211866534,,468,468,468.0,,,"1,2,4",none,
lstm_autoencoder,0,all_fit_engines_refit,271,0.04798501965389521,,468,468,468.0,,,"1,2,4",none,
lstm_autoencoder,0,all_fit_engines_refit,272,0.04784710583170317,,468,468,468.0,,,"1,2,4",none,
lstm_autoencoder,0,all_fit_engines_refit,273,0.04772219982776013,,468,468,468.0,,,"1,2,4",none,
lstm_autoencoder,0,all_fit_engines_refit,274,0.047747843695959455,,468,468,468.0,,,"1,2,4",none,
lstm_autoencoder,0,all_fit_engines_refit,275,0.04751805711204253,,468,468,468.0,,,"1,2,4",none,
lstm_autoencoder,0,all_fit_engines_refit,276,0.04739469878527583,,468,468,468.0,,,"1,2,4",none,
lstm_autoencoder,0,all_fit_engines_refit,277,0.04746995755230052,,468,468,468.0,,,"1,2,4",none,
lstm_autoencoder,0,all_fit_engines_refit,278,0.04719576178390527,,468,468,468.0,,,"1,2,4",none,
lstm_autoencoder,0,all_fit_engines_refit,279,0.0470562322547709,,468,468,468.0,,,"1,2,4",none,
lstm_autoencoder,0,all_fit_engines_refit,280,0.046946736190532405,,468,468,468.0,,,"1,2,4",none,
lstm_autoencoder,0,all_fit_engines_refit,281,0.046832809568012904,,468,468,468.0,,,"1,2,4",none,
lstm_autoencoder,0,all_fit_engines_refit,282,0.046718484827637484,,468,468,468.0,,,"1,2,4",none,
lstm_autoencoder,0,all_fit_engines_refit,283,0.04661067489552161,,468,468,468.0,,,"1,2,4",none,
lstm_autoencoder,0,all_fit_engines_refit,284,0.04648470796258708,,468,468,468.0,,,"1,2,4",none,
lstm_autoencoder,0,all_fit_engines_refit,285,0.04632699148995536,,468,468,468.0,,,"1,2,4",none,
lstm_autoencoder,0,all_fit_engines_refit,286,0.04622175207692001,,468,468,468.0,,,"1,2,4",none,
lstm_autoencoder,0,all_fit_engines_refit,287,0.04612910104509051,,468,468,468.0,,,"1,2,4",none,
lstm_autoencoder,0,all_fit_engines_refit,288,0.04605301142861742,,468,468,468.0,,,"1,2,4",none,
lstm_autoencoder,0,all_fit_engines_refit,289,0.045913892473493305,,468,468,468.0,,,"1,2,4",none,
lstm_autoencoder,0,all_fit_engines_refit,290,0.04580249373167987,,468,468,468.0,,,"1,2,4",none,
lstm_autoencoder,0,all_fit_engines_refit,291,0.04572014262200899,,468,468,468.0,,,"1,2,4",none,
lstm_autoencoder,0,all_fit_engines_refit,292,0.04564117192099196,,468,468,468.0,,,"1,2,4",none,
lstm_autoencoder,0,all_fit_engines_refit,293,0.045621720198746565,,468,468,468.0,,,"1,2,4",none,
lstm_autoencoder,0,all_fit_engines_refit,294,0.045618332843391264,,468,468,468.0,,,"1,2,4",none,
lstm_autoencoder,0,all_fit_engines_refit,295,0.045347475444128975,,468,468,468.0,,,"1,2,4",none,
lstm_autoencoder,0,all_fit_engines_refit,296,0.045227638376376694,,468,468,468.0,,,"1,2,4",none,
lstm_autoencoder,0,all_fit_engines_refit,297,0.045112871202980895,,468,468,468.0,,,"1,2,4",none,
lstm_autoencoder,0,all_fit_engines_refit,298,0.04502323743499804,,468,468,468.0,,,"1,2,4",none,
lstm_autoencoder,0,all_fit_engines_refit,299,0.04486454459149946,,468,468,468.0,,,"1,2,4",none,
lstm_autoencoder,0,all_fit_engines_refit,300,0.044784314022333696,,468,468,468.0,,,"1,2,4",none,
lstm_autoencoder,0,all_fit_engines_refit,301,0.04464443428362932,,468,468,468.0,,,"1,2,4",none,
lstm_autoencoder,0,all_fit_engines_refit,302,0.04452553909277804,,468,468,468.0,,,"1,2,4",none,
lstm_autoencoder,0,all_fit_engines_refit,303,0.044441432144428535,,468,468,468.0,,,"1,2,4",none,
lstm_autoencoder,0,all_fit_engines_refit,304,0.04431285049701972,,468,468,468.0,,,"1,2,4",none,
lstm_autoencoder,0,all_fit_engines_refit,305,0.04423324704731652,,468,468,468.0,,,"1,2,4",none,
lstm_autoencoder,0,all_fit_engines_refit,306,0.04414091915687549,,468,468,468.0,,,"1,2,4",none,
lstm_autoencoder,0,all_fit_engines_refit,307,0.04402344696188647,,468,468,468.0,,,"1,2,4",none,
lstm_autoencoder,0,all_fit_engines_refit,308,0.044153643837154755,,468,468,468.0,,,"1,2,4",none,
lstm_autoencoder,0,all_fit_engines_refit,309,0.04385403404056184,,468,468,468.0,,,"1,2,4",none,
lstm_autoencoder,0,all_fit_engines_refit,310,0.043745184259100275,,468,468,468.0,,,"1,2,4",none,
lstm_autoencoder,0,all_fit_engines_refit,311,0.043676519708319025,,468,468,468.0,,,"1,2,4",none,
lstm_autoencoder,0,all_fit_engines_refit,312,0.04363100276449973,,468,468,468.0,,,"1,2,4",none,
lstm_autoencoder,0,all_fit_engines_refit,313,0.043503468272450205,,468,468,468.0,,,"1,2,4",none,
lstm_autoencoder,0,all_fit_engines_refit,314,0.043318457970252404,,468,468,468.0,,,"1,2,4",none,
lstm_autoencoder,0,all_fit_engines_refit,315,0.043230865334790765,,468,468,468.0,,,"1,2,4",none,
lstm_autoencoder,0,all_fit_engines_refit,316,0.043123664556530245,,468,468,468.0,,,"1,2,4",none,
lstm_autoencoder,0,all_fit_engines_refit,317,0.04309075922943546,,468,468,468.0,,,"1,2,4",none,
lstm_autoencoder,0,all_fit_engines_refit,318,0.042986768186560234,,468,468,468.0,,,"1,2,4",none,
lstm_autoencoder,0,all_fit_engines_refit,319,0.042843899809210044,,468,468,468.0,,,"1,2,4",none,
lstm_autoencoder,0,all_fit_engines_refit,320,0.04278941922509689,,468,468,468.0,,,"1,2,4",none,
lstm_autoencoder,0,all_fit_engines_refit,321,0.042823901692963844,,468,468,468.0,,,"1,2,4",none,
lstm_autoencoder,0,all_fit_engines_refit,322,0.042618357899424794,,468,468,468.0,,,"1,2,4",none,
lstm_autoencoder,0,all_fit_engines_refit,323,0.04256883486473766,,468,468,468.0,,,"1,2,4",none,
lstm_autoencoder,0,all_fit_engines_refit,324,0.04245051840598018,,468,468,468.0,,,"1,2,4",none,
lstm_autoencoder,0,all_fit_engines_refit,325,0.04235985401099668,,468,468,468.0,,,"1,2,4",none,
lstm_autoencoder,0,all_fit_engines_refit,326,0.04220801840023119,,468,468,468.0,,,"1,2,4",none,
lstm_autoencoder,0,all_fit_engines_refit,327,0.04216836974235307,,468,468,468.0,,,"1,2,4",none,
lstm_autoencoder,0,all_fit_engines_refit,328,0.04202267729131917,,468,468,468.0,,,"1,2,4",none,
lstm_autoencoder,0,all_fit_engines_refit,329,0.041992544177188604,,468,468,468.0,,,"1,2,4",none,
lstm_autoencoder,0,all_fit_engines_refit,330,0.04186236203371824,,468,468,468.0,,,"1,2,4",none,
lstm_autoencoder,0,all_fit_engines_refit,331,0.04178526502576316,,468,468,468.0,,,"1,2,4",none,
lstm_autoencoder,0,all_fit_engines_refit,332,0.04166121095091432,,468,468,468.0,,,"1,2,4",none,
lstm_autoencoder,0,all_fit_engines_refit,333,0.04157757338399603,,468,468,468.0,,,"1,2,4",none,
lstm_autoencoder,0,all_fit_engines_refit,334,0.04149414230179001,,468,468,468.0,,,"1,2,4",none,
lstm_autoencoder,0,all_fit_engines_refit,335,0.041414143129645184,,468,468,468.0,,,"1,2,4",none,
lstm_autoencoder,0,all_fit_engines_refit,336,0.04129097763372927,,468,468,468.0,,,"1,2,4",none,
lstm_autoencoder,0,all_fit_engines_refit,337,0.041249182924183794,,468,468,468.0,,,"1,2,4",none,
lstm_autoencoder,0,all_fit_engines_refit,338,0.0411046236238824,,468,468,468.0,,,"1,2,4",none,
lstm_autoencoder,0,all_fit_engines_refit,339,0.04099133957124767,,468,468,468.0,,,"1,2,4",none,
lstm_autoencoder,0,all_fit_engines_refit,340,0.04092636168283795,,468,468,468.0,,,"1,2,4",none,
lstm_autoencoder,0,all_fit_engines_refit,341,0.040839794644006944,,468,468,468.0,,,"1,2,4",none,
lstm_autoencoder,0,all_fit_engines_refit,342,0.04082497229942909,,468,468,468.0,,,"1,2,4",none,
lstm_autoencoder,0,all_fit_engines_refit,343,0.040690642496106016,,468,468,468.0,,,"1,2,4",none,
lstm_autoencoder,0,all_fit_engines_refit,344,0.040586678162100175,,468,468,468.0,,,"1,2,4",none,
lstm_autoencoder,0,all_fit_engines_refit,345,0.040515470040649225,,468,468,468.0,,,"1,2,4",none,
lstm_autoencoder,0,all_fit_engines_refit,346,0.04049397586840475,,468,468,468.0,,,"1,2,4",none,
lstm_autoencoder,0,all_fit_engines_refit,347,0.040318066224198514,,468,468,468.0,,,"1,2,4",none,
lstm_autoencoder,0,all_fit_engines_refit,348,0.04033601650076347,,468,468,468.0,,,"1,2,4",none,
lstm_autoencoder,0,all_fit_engines_refit,349,0.04022725942183514,,468,468,468.0,,,"1,2,4",none,
lstm_autoencoder,0,all_fit_engines_refit,350,0.04004266424493475,,468,468,468.0,,,"1,2,4",none,
lstm_autoencoder,0,all_fit_engines_refit,351,0.039971127113330306,,468,468,468.0,,,"1,2,4",none,
lstm_autoencoder,0,all_fit_engines_refit,352,0.04000116680630335,,468,468,468.0,,,"1,2,4",none,
lstm_autoencoder,0,all_fit_engines_refit,353,0.039811243269844,,468,468,468.0,,,"1,2,4",none,
lstm_autoencoder,0,all_fit_engines_refit,354,0.03972337156861693,,468,468,468.0,,,"1,2,4",none,
lstm_autoencoder,0,all_fit_engines_refit,355,0.03962171593490912,,468,468,468.0,,,"1,2,4",none,
lstm_autoencoder,0,all_fit_engines_refit,356,0.039598107929319566,,468,468,468.0,,,"1,2,4",none,
lstm_autoencoder,0,all_fit_engines_refit,357,0.03951892619230309,,468,468,468.0,,,"1,2,4",none,
lstm_autoencoder,0,all_fit_engines_refit,358,0.039525271525001224,,468,468,468.0,,,"1,2,4",none,
lstm_autoencoder,0,all_fit_engines_refit,359,0.03944343890275461,,468,468,468.0,,,"1,2,4",none,
lstm_autoencoder,0,all_fit_engines_refit,360,0.03943409127754918,,468,468,468.0,,,"1,2,4",none,
lstm_autoencoder,0,all_fit_engines_refit,361,0.03930996977178792,,468,468,468.0,,,"1,2,4",none,
lstm_autoencoder,0,all_fit_engines_refit,362,0.039107682663754355,,468,468,468.0,,,"1,2,4",none,
lstm_autoencoder,0,all_fit_engines_refit,363,0.039052075156985874,,468,468,468.0,,,"1,2,4",none,
lstm_autoencoder,0,all_fit_engines_refit,364,0.0389143272172338,,468,468,468.0,,,"1,2,4",none,
lstm_autoencoder,0,all_fit_engines_refit,365,0.038796086333797344,,468,468,468.0,,,"1,2,4",none,
lstm_autoencoder,0,all_fit_engines_refit,366,0.038678056845672465,,468,468,468.0,,,"1,2,4",none,
lstm_autoencoder,0,all_fit_engines_refit,367,0.03857837766829989,,468,468,468.0,,,"1,2,4",none,
lstm_autoencoder,0,all_fit_engines_refit,368,0.0384995742869714,,468,468,468.0,,,"1,2,4",none,
lstm_autoencoder,0,all_fit_engines_refit,369,0.038418617667732656,,468,468,468.0,,,"1,2,4",none,
lstm_autoencoder,0,all_fit_engines_refit,370,0.0383820277143685,,468,468,468.0,,,"1,2,4",none,
lstm_autoencoder,0,all_fit_engines_refit,371,0.03832190832500368,,468,468,468.0,,,"1,2,4",none,
lstm_autoencoder,0,all_fit_engines_refit,372,0.038241447796065545,,468,468,468.0,,,"1,2,4",none,
lstm_autoencoder,0,all_fit_engines_refit,373,0.03805864390997535,,468,468,468.0,,,"1,2,4",none,
lstm_autoencoder,0,all_fit_engines_refit,374,0.038011850090565825,,468,468,468.0,,,"1,2,4",none,
lstm_autoencoder,0,all_fit_engines_refit,375,0.03792173460476814,,468,468,468.0,,,"1,2,4",none,
lstm_autoencoder,0,all_fit_engines_refit,376,0.0379529537997403,,468,468,468.0,,,"1,2,4",none,
lstm_autoencoder,0,all_fit_engines_refit,377,0.037820795559246834,,468,468,468.0,,,"1,2,4",none,
lstm_autoencoder,0,all_fit_engines_refit,378,0.037699018565227324,,468,468,468.0,,,"1,2,4",none,
lstm_autoencoder,0,all_fit_engines_refit,379,0.03764735079635069,,468,468,468.0,,,"1,2,4",none,
lstm_autoencoder,0,all_fit_engines_refit,380,0.03762239081893274,,468,468,468.0,,,"1,2,4",none,
lstm_autoencoder,0,all_fit_engines_refit,381,0.03746302558264141,,468,468,468.0,,,"1,2,4",none,
lstm_autoencoder,0,all_fit_engines_refit,382,0.0373508018601446,,468,468,468.0,,,"1,2,4",none,
lstm_autoencoder,0,all_fit_engines_refit,383,0.037295699186938897,,468,468,468.0,,,"1,2,4",none,
lstm_autoencoder,0,all_fit_engines_refit,384,0.03723486476640686,,468,468,468.0,,,"1,2,4",none,
lstm_autoencoder,0,all_fit_engines_refit,385,0.03714407988208429,,468,468,468.0,,,"1,2,4",none,
lstm_autoencoder,0,all_fit_engines_refit,386,0.036997085523380775,,468,468,468.0,,,"1,2,4",none,
lstm_autoencoder,0,all_fit_engines_refit,387,0.03687620249797635,,468,468,468.0,,,"1,2,4",none,
lstm_autoencoder,0,all_fit_engines_refit,388,0.036782200093172034,,468,468,468.0,,,"1,2,4",none,
lstm_autoencoder,0,all_fit_engines_refit,389,0.03667062900130004,,468,468,468.0,,,"1,2,4",none,
lstm_autoencoder,0,all_fit_engines_refit,390,0.03668859676438935,,468,468,468.0,,,"1,2,4",none,
lstm_autoencoder,0,all_fit_engines_refit,391,0.03654041116615667,,468,468,468.0,,,"1,2,4",none,
lstm_autoencoder,0,all_fit_engines_refit,392,0.03642561201398002,,468,468,468.0,,,"1,2,4",none,
lstm_autoencoder,0,all_fit_engines_refit,393,0.03636723121631089,,468,468,468.0,,,"1,2,4",none,
lstm_autoencoder,0,all_fit_engines_refit,394,0.03645508387399431,,468,468,468.0,,,"1,2,4",none,
lstm_autoencoder,0,all_fit_engines_refit,395,0.036188676076556674,,468,468,468.0,,,"1,2,4",none,
lstm_autoencoder,0,all_fit_engines_refit,396,0.03604930596224367,,468,468,468.0,,,"1,2,4",none,
lstm_autoencoder,0,all_fit_engines_refit,397,0.035951207159452575,,468,468,468.0,,,"1,2,4",none,
lstm_autoencoder,0,all_fit_engines_refit,398,0.03586820832975618,,468,468,468.0,,,"1,2,4",none,
lstm_autoencoder,0,all_fit_engines_refit,399,0.035753985394488326,,468,468,468.0,,,"1,2,4",none,
lstm_autoencoder,0,all_fit_engines_refit,400,0.03567848097772763,,468,468,468.0,,,"1,2,4",none,
lstm_autoencoder,0,all_fit_engines_refit,401,0.035617699256310094,,468,468,468.0,,,"1,2,4",none,
lstm_autoencoder,0,all_fit_engines_refit,402,0.03562513438274198,,468,468,468.0,,,"1,2,4",none,
lstm_autoencoder,0,all_fit_engines_refit,403,0.0355720323595559,,468,468,468.0,,,"1,2,4",none,
lstm_autoencoder,0,all_fit_engines_refit,404,0.03556750610447379,,468,468,468.0,,,"1,2,4",none,
lstm_autoencoder,0,all_fit_engines_refit,405,0.03544881679948121,,468,468,468.0,,,"1,2,4",none,
lstm_autoencoder,0,all_fit_engines_refit,406,0.03547614368576457,,468,468,468.0,,,"1,2,4",none,
lstm_autoencoder,0,all_fit_engines_refit,407,0.03527032825224441,,468,468,468.0,,,"1,2,4",none,
lstm_autoencoder,0,all_fit_engines_refit,408,0.035102817170099714,,468,468,468.0,,,"1,2,4",none,
lstm_autoencoder,0,all_fit_engines_refit,409,0.03502310305225606,,468,468,468.0,,,"1,2,4",none,
lstm_autoencoder,0,all_fit_engines_refit,410,0.034840337732336024,,468,468,468.0,,,"1,2,4",none,
lstm_autoencoder,0,all_fit_engines_refit,411,0.03480699440373731,,468,468,468.0,,,"1,2,4",none,
lstm_autoencoder,0,all_fit_engines_refit,412,0.03470903848740894,,468,468,468.0,,,"1,2,4",none,
lstm_autoencoder,0,all_fit_engines_refit,413,0.034615518519043736,,468,468,468.0,,,"1,2,4",none,
lstm_autoencoder,0,all_fit_engines_refit,414,0.03454962474397812,,468,468,468.0,,,"1,2,4",none,
lstm_autoencoder,0,all_fit_engines_refit,415,0.034447709447360676,,468,468,468.0,,,"1,2,4",none,
lstm_autoencoder,0,all_fit_engines_refit,416,0.034384190486027644,,468,468,468.0,,,"1,2,4",none,
lstm_autoencoder,0,all_fit_engines_refit,417,0.03431865147181919,,468,468,468.0,,,"1,2,4",none,
lstm_autoencoder,0,all_fit_engines_refit,418,0.034278001291224124,,468,468,468.0,,,"1,2,4",none,
lstm_autoencoder,0,all_fit_engines_refit,419,0.03416359426836765,,468,468,468.0,,,"1,2,4",none,
lstm_autoencoder,0,all_fit_engines_refit,420,0.03424442153523444,,468,468,468.0,,,"1,2,4",none,
lstm_autoencoder,0,all_fit_engines_refit,421,0.034084053458748285,,468,468,468.0,,,"1,2,4",none,
lstm_autoencoder,0,all_fit_engines_refit,422,0.03393309684525853,,468,468,468.0,,,"1,2,4",none,
lstm_autoencoder,0,all_fit_engines_refit,423,0.033894879447422,,468,468,468.0,,,"1,2,4",none,
lstm_autoencoder,0,all_fit_engines_refit,424,0.03381650712089598,,468,468,468.0,,,"1,2,4",none,
lstm_autoencoder,0,all_fit_engines_refit,425,0.033805776383476316,,468,468,468.0,,,"1,2,4",none,
lstm_autoencoder,0,all_fit_engines_refit,426,0.03367319151969682,,468,468,468.0,,,"1,2,4",none,
lstm_autoencoder,0,all_fit_engines_refit,427,0.03370508574241746,,468,468,468.0,,,"1,2,4",none,
lstm_autoencoder,0,all_fit_engines_refit,428,0.033627064344085744,,468,468,468.0,,,"1,2,4",none,
lstm_autoencoder,0,all_fit_engines_refit,429,0.033527107298654886,,468,468,468.0,,,"1,2,4",none,
lstm_autoencoder,0,all_fit_engines_refit,430,0.033499386845802774,,468,468,468.0,,,"1,2,4",none,
lstm_autoencoder,0,all_fit_engines_refit,431,0.03331469549301842,,468,468,468.0,,,"1,2,4",none,
lstm_autoencoder,0,all_fit_engines_refit,432,0.03330083802131881,,468,468,468.0,,,"1,2,4",none,
lstm_autoencoder,0,all_fit_engines_refit,433,0.03327486981402387,,468,468,468.0,,,"1,2,4",none,
lstm_autoencoder,0,all_fit_engines_refit,434,0.03317304494429608,,468,468,468.0,,,"1,2,4",none,
lstm_autoencoder,0,all_fit_engines_refit,435,0.03306364816998013,,468,468,468.0,,,"1,2,4",none,
lstm_autoencoder,0,all_fit_engines_refit,436,0.03301275675487668,,468,468,468.0,,,"1,2,4",none,
lstm_autoencoder,0,all_fit_engines_refit,437,0.0329863837225658,,468,468,468.0,,,"1,2,4",none,
lstm_autoencoder,0,all_fit_engines_refit,438,0.03286833111869297,,468,468,468.0,,,"1,2,4",none,
lstm_autoencoder,0,all_fit_engines_refit,439,0.032754780336676434,,468,468,468.0,,,"1,2,4",none,
lstm_autoencoder,0,all_fit_engines_refit,440,0.03270406091231941,,468,468,468.0,,,"1,2,4",none,
lstm_autoencoder,0,all_fit_engines_refit,441,0.032657426028648386,,468,468,468.0,,,"1,2,4",none,
lstm_autoencoder,0,all_fit_engines_refit,442,0.032573347585729,,468,468,468.0,,,"1,2,4",none,
lstm_autoencoder,0,all_fit_engines_refit,443,0.03249404332327131,,468,468,468.0,,,"1,2,4",none,
lstm_autoencoder,0,all_fit_engines_refit,444,0.03234048457123234,,468,468,468.0,,,"1,2,4",none,
lstm_autoencoder,0,all_fit_engines_refit,445,0.03228823771094976,,468,468,468.0,,,"1,2,4",none,
lstm_autoencoder,0,all_fit_engines_refit,446,0.03218435386286426,,468,468,468.0,,,"1,2,4",none,
lstm_autoencoder,0,all_fit_engines_refit,447,0.03214575092309685,,468,468,468.0,,,"1,2,4",none,
lstm_autoencoder,0,all_fit_engines_refit,448,0.0320667177017667,,468,468,468.0,,,"1,2,4",none,
lstm_autoencoder,0,all_fit_engines_refit,449,0.03200487864447912,,468,468,468.0,,,"1,2,4",none,
lstm_autoencoder,0,all_fit_engines_refit,450,0.032000777335893044,,468,468,468.0,,,"1,2,4",none,
lstm_autoencoder,0,all_fit_engines_refit,451,0.03188458093855782,,468,468,468.0,,,"1,2,4",none,
lstm_autoencoder,0,all_fit_engines_refit,452,0.031793277327269547,,468,468,468.0,,,"1,2,4",none,
lstm_autoencoder,0,all_fit_engines_refit,453,0.03171656178904104,,468,468,468.0,,,"1,2,4",none,
lstm_autoencoder,0,all_fit_engines_refit,454,0.03179311839153104,,468,468,468.0,,,"1,2,4",none,
lstm_autoencoder,0,all_fit_engines_refit,455,0.031728223623997374,,468,468,468.0,,,"1,2,4",none,
lstm_autoencoder,0,all_fit_engines_refit,456,0.03167171508214163,,468,468,468.0,,,"1,2,4",none,
lstm_autoencoder,0,all_fit_engines_refit,457,0.0315681285049702,,468,468,468.0,,,"1,2,4",none,
lstm_autoencoder,0,all_fit_engines_refit,458,0.03152087788005452,,468,468,468.0,,,"1,2,4",none,
lstm_autoencoder,0,all_fit_engines_refit,459,0.031441091540469854,,468,468,468.0,,,"1,2,4",none,
lstm_autoencoder,0,all_fit_engines_refit,460,0.031327171984422524,,468,468,468.0,,,"1,2,4",none,
lstm_autoencoder,0,all_fit_engines_refit,461,0.03125046998028478,,468,468,468.0,,,"1,2,4",none,
lstm_autoencoder,0,all_fit_engines_refit,462,0.031176159438008978,,468,468,468.0,,,"1,2,4",none,
lstm_autoencoder,0,all_fit_engines_refit,463,0.03108131875797194,,468,468,468.0,,,"1,2,4",none,
lstm_autoencoder,0,all_fit_engines_refit,464,0.0310302799051186,,468,468,468.0,,,"1,2,4",none,
lstm_autoencoder,0,all_fit_engines_refit,465,0.031050215860363828,,468,468,468.0,,,"1,2,4",none,
lstm_autoencoder,0,all_fit_engines_refit,466,0.0312904290838556,,468,468,468.0,,,"1,2,4",none,
lstm_autoencoder,0,all_fit_engines_refit,467,0.030993649229711415,,468,468,468.0,,,"1,2,4",none,
lstm_autoencoder,0,all_fit_engines_refit,468,0.03077822459174475,,468,468,468.0,,,"1,2,4",none,
lstm_autoencoder,1,all_fit_engines_refit,1,0.9583953483737245,,508,508,508.0,,,"1,2,4",none,
lstm_autoencoder,1,all_fit_engines_refit,2,0.9025885651736656,,508,508,508.0,,,"1,2,4",none,
lstm_autoencoder,1,all_fit_engines_refit,3,0.8410804123332025,,508,508,508.0,,,"1,2,4",none,
lstm_autoencoder,1,all_fit_engines_refit,4,0.7793801817602041,,508,508,508.0,,,"1,2,4",none,
lstm_autoencoder,1,all_fit_engines_refit,5,0.7262576883217229,,508,508,508.0,,,"1,2,4",none,
lstm_autoencoder,1,all_fit_engines_refit,6,0.6763465984350471,,508,508,508.0,,,"1,2,4",none,
lstm_autoencoder,1,all_fit_engines_refit,7,0.6306832411450157,,508,508,508.0,,,"1,2,4",none,
lstm_autoencoder,1,all_fit_engines_refit,8,0.5870686912836048,,508,508,508.0,,,"1,2,4",none,
lstm_autoencoder,1,all_fit_engines_refit,9,0.5457424327904239,,508,508,508.0,,,"1,2,4",none,
lstm_autoencoder,1,all_fit_engines_refit,10,0.5068571206276982,,508,508,508.0,,,"1,2,4",none,
lstm_autoencoder,1,all_fit_engines_refit,11,0.4716780662836048,,508,508,508.0,,,"1,2,4",none,
lstm_autoencoder,1,all_fit_engines_refit,12,0.44061653748037677,,508,508,508.0,,,"1,2,4",none,
lstm_autoencoder,1,all_fit_engines_refit,13,0.41292994812107536,,508,508,508.0,,,"1,2,4",none,
lstm_autoencoder,1,all_fit_engines_refit,14,0.3884414361447704,,508,508,508.0,,,"1,2,4",none,
lstm_autoencoder,1,all_fit_engines_refit,15,0.3661405468136774,,508,508,508.0,,,"1,2,4",none,
lstm_autoencoder,1,all_fit_engines_refit,16,0.346033197759272,,508,508,508.0,,,"1,2,4",none,
lstm_autoencoder,1,all_fit_engines_refit,17,0.3270176440468014,,508,508,508.0,,,"1,2,4",none,
lstm_autoencoder,1,all_fit_engines_refit,18,0.31035345775179063,,508,508,508.0,,,"1,2,4",none,
lstm_autoencoder,1,all_fit_engines_refit,19,0.2955524285285027,,508,508,508.0,,,"1,2,4",none,
lstm_autoencoder,1,all_fit_engines_refit,20,0.28179900979322015,,508,508,508.0,,,"1,2,4",none,
lstm_autoencoder,1,all_fit_engines_refit,21,0.2699525937929258,,508,508,508.0,,,"1,2,4",none,
lstm_autoencoder,1,all_fit_engines_refit,22,0.2590283088145114,,508,508,508.0,,,"1,2,4",none,
lstm_autoencoder,1,all_fit_engines_refit,23,0.24914912584625196,,508,508,508.0,,,"1,2,4",none,
lstm_autoencoder,1,all_fit_engines_refit,24,0.24006044109350472,,508,508,508.0,,,"1,2,4",none,
lstm_autoencoder,1,all_fit_engines_refit,25,0.23184649840254612,,508,508,508.0,,,"1,2,4",none,
lstm_autoencoder,1,all_fit_engines_refit,26,0.2241534165123381,,508,508,508.0,,,"1,2,4",none,
lstm_autoencoder,1,all_fit_engines_refit,27,0.21717619556085654,,508,508,508.0,,,"1,2,4",none,
lstm_autoencoder,1,all_fit_engines_refit,28,0.21069637280618378,,508,508,508.0,,,"1,2,4",none,
lstm_autoencoder,1,all_fit_engines_refit,29,0.2045367057955995,,508,508,508.0,,,"1,2,4",none,
lstm_autoencoder,1,all_fit_engines_refit,30,0.19901923785965708,,508,508,508.0,,,"1,2,4",none,
lstm_autoencoder,1,all_fit_engines_refit,31,0.19378630489906298,,508,508,508.0,,,"1,2,4",none,
lstm_autoencoder,1,all_fit_engines_refit,32,0.18893707610748625,,508,508,508.0,,,"1,2,4",none,
lstm_autoencoder,1,all_fit_engines_refit,33,0.1844765550263074,,508,508,508.0,,,"1,2,4",none,
lstm_autoencoder,1,all_fit_engines_refit,34,0.18031051755512903,,508,508,508.0,,,"1,2,4",none,
lstm_autoencoder,1,all_fit_engines_refit,35,0.17624717724379416,,508,508,508.0,,,"1,2,4",none,
lstm_autoencoder,1,all_fit_engines_refit,36,0.17249008298481652,,508,508,508.0,,,"1,2,4",none,
lstm_autoencoder,1,all_fit_engines_refit,37,0.16885569909303866,,508,508,508.0,,,"1,2,4",none,
lstm_autoencoder,1,all_fit_engines_refit,38,0.16544252883695545,,508,508,508.0,,,"1,2,4",none,
lstm_autoencoder,1,all_fit_engines_refit,39,0.1621870688254268,,508,508,508.0,,,"1,2,4",none,
lstm_autoencoder,1,all_fit_engines_refit,40,0.1590953066360258,,508,508,508.0,,,"1,2,4",none,
lstm_autoencoder,1,all_fit_engines_refit,41,0.1561452772778282,,508,508,508.0,,,"1,2,4",none,
lstm_autoencoder,1,all_fit_engines_refit,42,0.1533493995367077,,508,508,508.0,,,"1,2,4",none,
lstm_autoencoder,1,all_fit_engines_refit,43,0.15068897672500492,,508,508,508.0,,,"1,2,4",none,
lstm_autoencoder,1,all_fit_engines_refit,44,0.1482510016664418,,508,508,508.0,,,"1,2,4",none,
lstm_autoencoder,1,all_fit_engines_refit,45,0.1458302046028748,,508,508,508.0,,,"1,2,4",none,
lstm_autoencoder,1,all_fit_engines_refit,46,0.1435523150816817,,508,508,508.0,,,"1,2,4",none,
lstm_autoencoder,1,all_fit_engines_refit,47,0.14143543189511382,,508,508,508.0,,,"1,2,4",none,
lstm_autoencoder,1,all_fit_engines_refit,48,0.13939447280189118,,508,508,508.0,,,"1,2,4",none,
lstm_autoencoder,1,all_fit_engines_refit,49,0.1374931127048175,,508,508,508.0,,,"1,2,4",none,
lstm_autoencoder,1,all_fit_engines_refit,50,0.13556894155649038,,508,508,508.0,,,"1,2,4",none,
lstm_autoencoder,1,all_fit_engines_refit,51,0.13378290245259764,,508,508,508.0,,,"1,2,4",none,
lstm_autoencoder,1,all_fit_engines_refit,52,0.1320527014140993,,508,508,508.0,,,"1,2,4",none,
lstm_autoencoder,1,all_fit_engines_refit,53,0.13035455389337225,,508,508,508.0,,,"1,2,4",none,
lstm_autoencoder,1,all_fit_engines_refit,54,0.12875202125058258,,508,508,508.0,,,"1,2,4",none,
lstm_autoencoder,1,all_fit_engines_refit,55,0.12721748962881427,,508,508,508.0,,,"1,2,4",none,
lstm_autoencoder,1,all_fit_engines_refit,56,0.12575855392863275,,508,508,508.0,,,"1,2,4",none,
lstm_autoencoder,1,all_fit_engines_refit,57,0.1242751552994996,,508,508,508.0,,,"1,2,4",none,
lstm_autoencoder,1,all_fit_engines_refit,58,0.122873324359792,,508,508,508.0,,,"1,2,4",none,
lstm_autoencoder,1,all_fit_engines_refit,59,0.12157345854131917,,508,508,508.0,,,"1,2,4",none,
lstm_autoencoder,1,all_fit_engines_refit,60,0.12034348995382407,,508,508,508.0,,,"1,2,4",none,
lstm_autoencoder,1,all_fit_engines_refit,61,0.11903387240375417,,508,508,508.0,,,"1,2,4",none,
lstm_autoencoder,1,all_fit_engines_refit,62,0.11787524500297415,,508,508,508.0,,,"1,2,4",none,
lstm_autoencoder,1,all_fit_engines_refit,63,0.11664620823164001,,508,508,508.0,,,"1,2,4",none,
lstm_autoencoder,1,all_fit_engines_refit,64,0.11545471287222822,,508,508,508.0,,,"1,2,4",none,
lstm_autoencoder,1,all_fit_engines_refit,65,0.11426879212096497,,508,508,508.0,,,"1,2,4",none,
lstm_autoencoder,1,all_fit_engines_refit,66,0.1132140902484792,,508,508,508.0,,,"1,2,4",none,
lstm_autoencoder,1,all_fit_engines_refit,67,0.11214082583153454,,508,508,508.0,,,"1,2,4",none,
lstm_autoencoder,1,all_fit_engines_refit,68,0.11110562406866292,,508,508,508.0,,,"1,2,4",none,
lstm_autoencoder,1,all_fit_engines_refit,69,0.1101148620318019,,508,508,508.0,,,"1,2,4",none,
lstm_autoencoder,1,all_fit_engines_refit,70,0.10909964377314928,,508,508,508.0,,,"1,2,4",none,
lstm_autoencoder,1,all_fit_engines_refit,71,0.10813354779637216,,508,508,508.0,,,"1,2,4",none,
lstm_autoencoder,1,all_fit_engines_refit,72,0.10718747604585704,,508,508,508.0,,,"1,2,4",none,
lstm_autoencoder,1,all_fit_engines_refit,73,0.10619494715141164,,508,508,508.0,,,"1,2,4",none,
lstm_autoencoder,1,all_fit_engines_refit,74,0.10532784214947999,,508,508,508.0,,,"1,2,4",none,
lstm_autoencoder,1,all_fit_engines_refit,75,0.1044745634788621,,508,508,508.0,,,"1,2,4",none,
lstm_autoencoder,1,all_fit_engines_refit,76,0.10361868961639643,,508,508,508.0,,,"1,2,4",none,
lstm_autoencoder,1,all_fit_engines_refit,77,0.10273591956313775,,508,508,508.0,,,"1,2,4",none,
lstm_autoencoder,1,all_fit_engines_refit,78,0.10193377005249216,,508,508,508.0,,,"1,2,4",none,
lstm_autoencoder,1,all_fit_engines_refit,79,0.10118422048619628,,508,508,508.0,,,"1,2,4",none,
lstm_autoencoder,1,all_fit_engines_refit,80,0.10041546975799033,,508,508,508.0,,,"1,2,4",none,
lstm_autoencoder,1,all_fit_engines_refit,81,0.09960741459294054,,508,508,508.0,,,"1,2,4",none,
lstm_autoencoder,1,all_fit_engines_refit,82,0.09880858704283997,,508,508,508.0,,,"1,2,4",none,
lstm_autoencoder,1,all_fit_engines_refit,83,0.09811015609669349,,508,508,508.0,,,"1,2,4",none,
lstm_autoencoder,1,all_fit_engines_refit,84,0.09736869871897076,,508,508,508.0,,,"1,2,4",none,
lstm_autoencoder,1,all_fit_engines_refit,85,0.09665315110043417,,508,508,508.0,,,"1,2,4",none,
lstm_autoencoder,1,all_fit_engines_refit,86,0.09596518428209626,,508,508,508.0,,,"1,2,4",none,
lstm_autoencoder,1,all_fit_engines_refit,87,0.09539290926707221,,508,508,508.0,,,"1,2,4",none,
lstm_autoencoder,1,all_fit_engines_refit,88,0.09471920618269844,,508,508,508.0,,,"1,2,4",none,
lstm_autoencoder,1,all_fit_engines_refit,89,0.09404317475562941,,508,508,508.0,,,"1,2,4",none,
lstm_autoencoder,1,all_fit_engines_refit,90,0.09341800420213157,,508,508,508.0,,,"1,2,4",none,
lstm_autoencoder,1,all_fit_engines_refit,91,0.0928147071347319,,508,508,508.0,,,"1,2,4",none,
lstm_autoencoder,1,all_fit_engines_refit,92,0.09226372208288364,,508,508,508.0,,,"1,2,4",none,
lstm_autoencoder,1,all_fit_engines_refit,93,0.09168915417729592,,508,508,508.0,,,"1,2,4",none,
lstm_autoencoder,1,all_fit_engines_refit,94,0.09110953913378753,,508,508,508.0,,,"1,2,4",none,
lstm_autoencoder,1,all_fit_engines_refit,95,0.09052366104006206,,508,508,508.0,,,"1,2,4",none,
lstm_autoencoder,1,all_fit_engines_refit,96,0.08997697719412284,,508,508,508.0,,,"1,2,4",none,
lstm_autoencoder,1,all_fit_engines_refit,97,0.08942800908111141,,508,508,508.0,,,"1,2,4",none,
lstm_autoencoder,1,all_fit_engines_refit,98,0.08894585530087937,,508,508,508.0,,,"1,2,4",none,
lstm_autoencoder,1,all_fit_engines_refit,99,0.08836199222965929,,508,508,508.0,,,"1,2,4",none,
lstm_autoencoder,1,all_fit_engines_refit,100,0.08784255909582883,,508,508,508.0,,,"1,2,4",none,
lstm_autoencoder,1,all_fit_engines_refit,101,0.08736824359025461,,508,508,508.0,,,"1,2,4",none,
lstm_autoencoder,1,all_fit_engines_refit,102,0.0868333332055779,,508,508,508.0,,,"1,2,4",none,
lstm_autoencoder,1,all_fit_engines_refit,103,0.08634982314177174,,508,508,508.0,,,"1,2,4",none,
lstm_autoencoder,1,all_fit_engines_refit,104,0.08592293061117175,,508,508,508.0,,,"1,2,4",none,
lstm_autoencoder,1,all_fit_engines_refit,105,0.08545041214540203,,508,508,508.0,,,"1,2,4",none,
lstm_autoencoder,1,all_fit_engines_refit,106,0.08500103386080995,,508,508,508.0,,,"1,2,4",none,
lstm_autoencoder,1,all_fit_engines_refit,107,0.08447882228593812,,508,508,508.0,,,"1,2,4",none,
lstm_autoencoder,1,all_fit_engines_refit,108,0.08404538045311273,,508,508,508.0,,,"1,2,4",none,
lstm_autoencoder,1,all_fit_engines_refit,109,0.08361972156087495,,508,508,508.0,,,"1,2,4",none,
lstm_autoencoder,1,all_fit_engines_refit,110,0.08320409753820399,,508,508,508.0,,,"1,2,4",none,
lstm_autoencoder,1,all_fit_engines_refit,111,0.08277024105916406,,508,508,508.0,,,"1,2,4",none,
lstm_autoencoder,1,all_fit_engines_refit,112,0.08230655640223337,,508,508,508.0,,,"1,2,4",none,
lstm_autoencoder,1,all_fit_engines_refit,113,0.0819203030333227,,508,508,508.0,,,"1,2,4",none,
lstm_autoencoder,1,all_fit_engines_refit,114,0.08148647050842572,,508,508,508.0,,,"1,2,4",none,
lstm_autoencoder,1,all_fit_engines_refit,115,0.08107380625965831,,508,508,508.0,,,"1,2,4",none,
lstm_autoencoder,1,all_fit_engines_refit,116,0.0807128355304712,,508,508,508.0,,,"1,2,4",none,
lstm_autoencoder,1,all_fit_engines_refit,117,0.08029395182802689,,508,508,508.0,,,"1,2,4",none,
lstm_autoencoder,1,all_fit_engines_refit,118,0.0798915437851072,,508,508,508.0,,,"1,2,4",none,
lstm_autoencoder,1,all_fit_engines_refit,119,0.07950193539893421,,508,508,508.0,,,"1,2,4",none,
lstm_autoencoder,1,all_fit_engines_refit,120,0.079109862610534,,508,508,508.0,,,"1,2,4",none,
lstm_autoencoder,1,all_fit_engines_refit,121,0.07873627571333522,,508,508,508.0,,,"1,2,4",none,
lstm_autoencoder,1,all_fit_engines_refit,122,0.07837551578060611,,508,508,508.0,,,"1,2,4",none,
lstm_autoencoder,1,all_fit_engines_refit,123,0.07807099730103881,,508,508,508.0,,,"1,2,4",none,
lstm_autoencoder,1,all_fit_engines_refit,124,0.07768885302581069,,508,508,508.0,,,"1,2,4",none,
lstm_autoencoder,1,all_fit_engines_refit,125,0.07734142069913903,,508,508,508.0,,,"1,2,4",none,
lstm_autoencoder,1,all_fit_engines_refit,126,0.0769880779272346,,508,508,508.0,,,"1,2,4",none,
lstm_autoencoder,1,all_fit_engines_refit,127,0.0765809013330768,,508,508,508.0,,,"1,2,4",none,
lstm_autoencoder,1,all_fit_engines_refit,128,0.07624184840515233,,508,508,508.0,,,"1,2,4",none,
lstm_autoencoder,1,all_fit_engines_refit,129,0.07598033671476404,,508,508,508.0,,,"1,2,4",none,
lstm_autoencoder,1,all_fit_engines_refit,130,0.07562117069070717,,508,508,508.0,,,"1,2,4",none,
lstm_autoencoder,1,all_fit_engines_refit,131,0.07523421259091076,,508,508,508.0,,,"1,2,4",none,
lstm_autoencoder,1,all_fit_engines_refit,132,0.07493183633034795,,508,508,508.0,,,"1,2,4",none,
lstm_autoencoder,1,all_fit_engines_refit,133,0.07456668153101084,,508,508,508.0,,,"1,2,4",none,
lstm_autoencoder,1,all_fit_engines_refit,134,0.07423185387436225,,508,508,508.0,,,"1,2,4",none,
lstm_autoencoder,1,all_fit_engines_refit,135,0.07402673311098779,,508,508,508.0,,,"1,2,4",none,
lstm_autoencoder,1,all_fit_engines_refit,136,0.07390635683547758,,508,508,508.0,,,"1,2,4",none,
lstm_autoencoder,1,all_fit_engines_refit,137,0.07343898563594609,,508,508,508.0,,,"1,2,4",none,
lstm_autoencoder,1,all_fit_engines_refit,138,0.07306881795311274,,508,508,508.0,,,"1,2,4",none,
lstm_autoencoder,1,all_fit_engines_refit,139,0.0727505723123835,,508,508,508.0,,,"1,2,4",none,
lstm_autoencoder,1,all_fit_engines_refit,140,0.07246731026019182,,508,508,508.0,,,"1,2,4",none,
lstm_autoencoder,1,all_fit_engines_refit,141,0.07219980763865042,,508,508,508.0,,,"1,2,4",none,
lstm_autoencoder,1,all_fit_engines_refit,142,0.07186699165092719,,508,508,508.0,,,"1,2,4",none,
lstm_autoencoder,1,all_fit_engines_refit,143,0.07158844473223484,,508,508,508.0,,,"1,2,4",none,
lstm_autoencoder,1,all_fit_engines_refit,144,0.07126975593986092,,508,508,508.0,,,"1,2,4",none,
lstm_autoencoder,1,all_fit_engines_refit,145,0.07099329902014141,,508,508,508.0,,,"1,2,4",none,
lstm_autoencoder,1,all_fit_engines_refit,146,0.07067300026981947,,508,508,508.0,,,"1,2,4",none,
lstm_autoencoder,1,all_fit_engines_refit,147,0.0703865130318203,,508,508,508.0,,,"1,2,4",none,
lstm_autoencoder,1,all_fit_engines_refit,148,0.07008660141302615,,508,508,508.0,,,"1,2,4",none,
lstm_autoencoder,1,all_fit_engines_refit,149,0.06981788767001693,,508,508,508.0,,,"1,2,4",none,
lstm_autoencoder,1,all_fit_engines_refit,150,0.06958692805171948,,508,508,508.0,,,"1,2,4",none,
lstm_autoencoder,1,all_fit_engines_refit,151,0.06932551313606873,,508,508,508.0,,,"1,2,4",none,
lstm_autoencoder,1,all_fit_engines_refit,152,0.06906281571560415,,508,508,508.0,,,"1,2,4",none,
lstm_autoencoder,1,all_fit_engines_refit,153,0.06885407572077058,,508,508,508.0,,,"1,2,4",none,
lstm_autoencoder,1,all_fit_engines_refit,154,0.06852957373698428,,508,508,508.0,,,"1,2,4",none,
lstm_autoencoder,1,all_fit_engines_refit,155,0.06823906100526148,,508,508,508.0,,,"1,2,4",none,
lstm_autoencoder,1,all_fit_engines_refit,156,0.06797083041731566,,508,508,508.0,,,"1,2,4",none,
lstm_autoencoder,1,all_fit_engines_refit,157,0.06772855989225618,,508,508,508.0,,,"1,2,4",none,
lstm_autoencoder,1,all_fit_engines_refit,158,0.06752106814781202,,508,508,508.0,,,"1,2,4",none,
lstm_autoencoder,1,all_fit_engines_refit,159,0.06726332755814916,,508,508,508.0,,,"1,2,4",none,
lstm_autoencoder,1,all_fit_engines_refit,160,0.06702395141218297,,508,508,508.0,,,"1,2,4",none,
lstm_autoencoder,1,all_fit_engines_refit,161,0.06673928492858983,,508,508,508.0,,,"1,2,4",none,
lstm_autoencoder,1,all_fit_engines_refit,162,0.066510325960312,,508,508,508.0,,,"1,2,4",none,
lstm_autoencoder,1,all_fit_engines_refit,163,0.06632538464604591,,508,508,508.0,,,"1,2,4",none,
lstm_autoencoder,1,all_fit_engines_refit,164,0.06609969781369579,,508,508,508.0,,,"1,2,4",none,
lstm_autoencoder,1,all_fit_engines_refit,165,0.06583920129988594,,508,508,508.0,,,"1,2,4",none,
lstm_autoencoder,1,all_fit_engines_refit,166,0.06566561185396634,,508,508,508.0,,,"1,2,4",none,
lstm_autoencoder,1,all_fit_engines_refit,167,0.06532748475366709,,508,508,508.0,,,"1,2,4",none,
lstm_autoencoder,1,all_fit_engines_refit,168,0.06514532595264669,,508,508,508.0,,,"1,2,4",none,
lstm_autoencoder,1,all_fit_engines_refit,169,0.06485922365772481,,508,508,508.0,,,"1,2,4",none,
lstm_autoencoder,1,all_fit_engines_refit,170,0.06463788522094535,,508,508,508.0,,,"1,2,4",none,
lstm_autoencoder,1,all_fit_engines_refit,171,0.06441101217943608,,508,508,508.0,,,"1,2,4",none,
lstm_autoencoder,1,all_fit_engines_refit,172,0.06413744796201984,,508,508,508.0,,,"1,2,4",none,
lstm_autoencoder,1,all_fit_engines_refit,173,0.06391348870245965,,508,508,508.0,,,"1,2,4",none,
lstm_autoencoder,1,all_fit_engines_refit,174,0.06368629251956191,,508,508,508.0,,,"1,2,4",none,
lstm_autoencoder,1,all_fit_engines_refit,175,0.06347012266820791,,508,508,508.0,,,"1,2,4",none,
lstm_autoencoder,1,all_fit_engines_refit,176,0.0632648653662186,,508,508,508.0,,,"1,2,4",none,
lstm_autoencoder,1,all_fit_engines_refit,177,0.06307764050350459,,508,508,508.0,,,"1,2,4",none,
lstm_autoencoder,1,all_fit_engines_refit,178,0.06286072927142612,,508,508,508.0,,,"1,2,4",none,
lstm_autoencoder,1,all_fit_engines_refit,179,0.06266271953492936,,508,508,508.0,,,"1,2,4",none,
lstm_autoencoder,1,all_fit_engines_refit,180,0.06253149826073759,,508,508,508.0,,,"1,2,4",none,
lstm_autoencoder,1,all_fit_engines_refit,181,0.062204890947326945,,508,508,508.0,,,"1,2,4",none,
lstm_autoencoder,1,all_fit_engines_refit,182,0.06201163682683109,,508,508,508.0,,,"1,2,4",none,
lstm_autoencoder,1,all_fit_engines_refit,183,0.06178314712021377,,508,508,508.0,,,"1,2,4",none,
lstm_autoencoder,1,all_fit_engines_refit,184,0.061595094162777794,,508,508,508.0,,,"1,2,4",none,
lstm_autoencoder,1,all_fit_engines_refit,185,0.06137138330768004,,508,508,508.0,,,"1,2,4",none,
lstm_autoencoder,1,all_fit_engines_refit,186,0.06116125996109081,,508,508,508.0,,,"1,2,4",none,
lstm_autoencoder,1,all_fit_engines_refit,187,0.060955656761277226,,508,508,508.0,,,"1,2,4",none,
lstm_autoencoder,1,all_fit_engines_refit,188,0.06079195223198955,,508,508,508.0,,,"1,2,4",none,
lstm_autoencoder,1,all_fit_engines_refit,189,0.060591898009391555,,508,508,508.0,,,"1,2,4",none,
lstm_autoencoder,1,all_fit_engines_refit,190,0.06035129325543318,,508,508,508.0,,,"1,2,4",none,
lstm_autoencoder,1,all_fit_engines_refit,191,0.060224854425882435,,508,508,508.0,,,"1,2,4",none,
lstm_autoencoder,1,all_fit_engines_refit,192,0.05998285027089261,,508,508,508.0,,,"1,2,4",none,
lstm_autoencoder,1,all_fit_engines_refit,193,0.05978225276833239,,508,508,508.0,,,"1,2,4",none,
lstm_autoencoder,1,all_fit_engines_refit,194,0.059544853318242864,,508,508,508.0,,,"1,2,4",none,
lstm_autoencoder,1,all_fit_engines_refit,195,0.05941580899656287,,508,508,508.0,,,"1,2,4",none,
lstm_autoencoder,1,all_fit_engines_refit,196,0.05917950856255212,,508,508,508.0,,,"1,2,4",none,
lstm_autoencoder,1,all_fit_engines_refit,197,0.05904291988354837,,508,508,508.0,,,"1,2,4",none,
lstm_autoencoder,1,all_fit_engines_refit,198,0.05880812664421237,,508,508,508.0,,,"1,2,4",none,
lstm_autoencoder,1,all_fit_engines_refit,199,0.05863203099608608,,508,508,508.0,,,"1,2,4",none,
lstm_autoencoder,1,all_fit_engines_refit,200,0.05848037408322704,,508,508,508.0,,,"1,2,4",none,
lstm_autoencoder,1,all_fit_engines_refit,201,0.05842151875398597,,508,508,508.0,,,"1,2,4",none,
lstm_autoencoder,1,all_fit_engines_refit,202,0.058219795167165425,,508,508,508.0,,,"1,2,4",none,
lstm_autoencoder,1,all_fit_engines_refit,203,0.05804803988997191,,508,508,508.0,,,"1,2,4",none,
lstm_autoencoder,1,all_fit_engines_refit,204,0.05777148308147628,,508,508,508.0,,,"1,2,4",none,
lstm_autoencoder,1,all_fit_engines_refit,205,0.0575526215030784,,508,508,508.0,,,"1,2,4",none,
lstm_autoencoder,1,all_fit_engines_refit,206,0.05737813808854371,,508,508,508.0,,,"1,2,4",none,
lstm_autoencoder,1,all_fit_engines_refit,207,0.05720930976807791,,508,508,508.0,,,"1,2,4",none,
lstm_autoencoder,1,all_fit_engines_refit,208,0.057025000364102976,,508,508,508.0,,,"1,2,4",none,
lstm_autoencoder,1,all_fit_engines_refit,209,0.056820476298429526,,508,508,508.0,,,"1,2,4",none,
lstm_autoencoder,1,all_fit_engines_refit,210,0.0567208809605573,,508,508,508.0,,,"1,2,4",none,
lstm_autoencoder,1,all_fit_engines_refit,211,0.05647580947756206,,508,508,508.0,,,"1,2,4",none,
lstm_autoencoder,1,all_fit_engines_refit,212,0.05630145828989649,,508,508,508.0,,,"1,2,4",none,
lstm_autoencoder,1,all_fit_engines_refit,213,0.05614065388869641,,508,508,508.0,,,"1,2,4",none,
lstm_autoencoder,1,all_fit_engines_refit,214,0.05608392544780833,,508,508,508.0,,,"1,2,4",none,
lstm_autoencoder,1,all_fit_engines_refit,215,0.055820696724453,,508,508,508.0,,,"1,2,4",none,
lstm_autoencoder,1,all_fit_engines_refit,216,0.05561070943739575,,508,508,508.0,,,"1,2,4",none,
lstm_autoencoder,1,all_fit_engines_refit,217,0.055529964333239305,,508,508,508.0,,,"1,2,4",none,
lstm_autoencoder,1,all_fit_engines_refit,218,0.055320149755552765,,508,508,508.0,,,"1,2,4",none,
lstm_autoencoder,1,all_fit_engines_refit,219,0.055189426487993035,,508,508,508.0,,,"1,2,4",none,
lstm_autoencoder,1,all_fit_engines_refit,220,0.05497573337524989,,508,508,508.0,,,"1,2,4",none,
lstm_autoencoder,1,all_fit_engines_refit,221,0.05480282626309237,,508,508,508.0,,,"1,2,4",none,
lstm_autoencoder,1,all_fit_engines_refit,222,0.05464008301356149,,508,508,508.0,,,"1,2,4",none,
lstm_autoencoder,1,all_fit_engines_refit,223,0.05445701826685452,,508,508,508.0,,,"1,2,4",none,
lstm_autoencoder,1,all_fit_engines_refit,224,0.05428063373176419,,508,508,508.0,,,"1,2,4",none,
lstm_autoencoder,1,all_fit_engines_refit,225,0.05411294167606947,,508,508,508.0,,,"1,2,4",none,
lstm_autoencoder,1,all_fit_engines_refit,226,0.05395941095037775,,508,508,508.0,,,"1,2,4",none,
lstm_autoencoder,1,all_fit_engines_refit,227,0.05386085186872976,,508,508,508.0,,,"1,2,4",none,
lstm_autoencoder,1,all_fit_engines_refit,228,0.05378994017979788,,508,508,508.0,,,"1,2,4",none,
lstm_autoencoder,1,all_fit_engines_refit,229,0.053643454128007875,,508,508,508.0,,,"1,2,4",none,
lstm_autoencoder,1,all_fit_engines_refit,230,0.05336107119286266,,508,508,508.0,,,"1,2,4",none,
lstm_autoencoder,1,all_fit_engines_refit,231,0.05323005472659316,,508,508,508.0,,,"1,2,4",none,
lstm_autoencoder,1,all_fit_engines_refit,232,0.05309339658057484,,508,508,508.0,,,"1,2,4",none,
lstm_autoencoder,1,all_fit_engines_refit,233,0.053008167979481456,,508,508,508.0,,,"1,2,4",none,
lstm_autoencoder,1,all_fit_engines_refit,234,0.05283152150583791,,508,508,508.0,,,"1,2,4",none,
lstm_autoencoder,1,all_fit_engines_refit,235,0.05264937947271757,,508,508,508.0,,,"1,2,4",none,
lstm_autoencoder,1,all_fit_engines_refit,236,0.05273428948370965,,508,508,508.0,,,"1,2,4",none,
lstm_autoencoder,1,all_fit_engines_refit,237,0.052444659701696185,,508,508,508.0,,,"1,2,4",none,
lstm_autoencoder,1,all_fit_engines_refit,238,0.052219836176658166,,508,508,508.0,,,"1,2,4",none,
lstm_autoencoder,1,all_fit_engines_refit,239,0.05203926529577426,,508,508,508.0,,,"1,2,4",none,
lstm_autoencoder,1,all_fit_engines_refit,240,0.05186795604472258,,508,508,508.0,,,"1,2,4",none,
lstm_autoencoder,1,all_fit_engines_refit,241,0.0517280089948765,,508,508,508.0,,,"1,2,4",none,
lstm_autoencoder,1,all_fit_engines_refit,242,0.05157019862200439,,508,508,508.0,,,"1,2,4",none,
lstm_autoencoder,1,all_fit_engines_refit,243,0.051451614595470097,,508,508,508.0,,,"1,2,4",none,
lstm_autoencoder,1,all_fit_engines_refit,244,0.0512927521566394,,508,508,508.0,,,"1,2,4",none,
lstm_autoencoder,1,all_fit_engines_refit,245,0.05117516845511492,,508,508,508.0,,,"1,2,4",none,
lstm_autoencoder,1,all_fit_engines_refit,246,0.051028376029836515,,508,508,508.0,,,"1,2,4",none,
lstm_autoencoder,1,all_fit_engines_refit,247,0.05087088233073428,,508,508,508.0,,,"1,2,4",none,
lstm_autoencoder,1,all_fit_engines_refit,248,0.0507718393753986,,508,508,508.0,,,"1,2,4",none,
lstm_autoencoder,1,all_fit_engines_refit,249,0.0506238870905183,,508,508,508.0,,,"1,2,4",none,
lstm_autoencoder,1,all_fit_engines_refit,250,0.05043380234267685,,508,508,508.0,,,"1,2,4",none,
lstm_autoencoder,1,all_fit_engines_refit,251,0.050288555678243356,,508,508,508.0,,,"1,2,4",none,
lstm_autoencoder,1,all_fit_engines_refit,252,0.0501563659380519,,508,508,508.0,,,"1,2,4",none,
lstm_autoencoder,1,all_fit_engines_refit,253,0.050027644039136086,,508,508,508.0,,,"1,2,4",none,
lstm_autoencoder,1,all_fit_engines_refit,254,0.04993496641820791,,508,508,508.0,,,"1,2,4",none,
lstm_autoencoder,1,all_fit_engines_refit,255,0.04981093521956559,,508,508,508.0,,,"1,2,4",none,
lstm_autoencoder,1,all_fit_engines_refit,256,0.04961418139878397,,508,508,508.0,,,"1,2,4",none,
lstm_autoencoder,1,all_fit_engines_refit,257,0.049507730864280806,,508,508,508.0,,,"1,2,4",none,
lstm_autoencoder,1,all_fit_engines_refit,258,0.04937541225080026,,508,508,508.0,,,"1,2,4",none,
lstm_autoencoder,1,all_fit_engines_refit,259,0.0492970225575206,,508,508,508.0,,,"1,2,4",none,
lstm_autoencoder,1,all_fit_engines_refit,260,0.04923655463537578,,508,508,508.0,,,"1,2,4",none,
lstm_autoencoder,1,all_fit_engines_refit,261,0.049025155251591325,,508,508,508.0,,,"1,2,4",none,
lstm_autoencoder,1,all_fit_engines_refit,262,0.04887791584200537,,508,508,508.0,,,"1,2,4",none,
lstm_autoencoder,1,all_fit_engines_refit,263,0.048762008211863474,,508,508,508.0,,,"1,2,4",none,
lstm_autoencoder,1,all_fit_engines_refit,264,0.04861572121900142,,508,508,508.0,,,"1,2,4",none,
lstm_autoencoder,1,all_fit_engines_refit,265,0.04851044132346448,,508,508,508.0,,,"1,2,4",none,
lstm_autoencoder,1,all_fit_engines_refit,266,0.048453538975498554,,508,508,508.0,,,"1,2,4",none,
lstm_autoencoder,1,all_fit_engines_refit,267,0.048234211489020185,,508,508,508.0,,,"1,2,4",none,
lstm_autoencoder,1,all_fit_engines_refit,268,0.04805209388912566,,508,508,508.0,,,"1,2,4",none,
lstm_autoencoder,1,all_fit_engines_refit,269,0.04791407874090892,,508,508,508.0,,,"1,2,4",none,
lstm_autoencoder,1,all_fit_engines_refit,270,0.04780070354276025,,508,508,508.0,,,"1,2,4",none,
lstm_autoencoder,1,all_fit_engines_refit,271,0.04779069406458497,,508,508,508.0,,,"1,2,4",none,
lstm_autoencoder,1,all_fit_engines_refit,272,0.04765504414844363,,508,508,508.0,,,"1,2,4",none,
lstm_autoencoder,1,all_fit_engines_refit,273,0.047550613666815886,,508,508,508.0,,,"1,2,4",none,
lstm_autoencoder,1,all_fit_engines_refit,274,0.047336143840987416,,508,508,508.0,,,"1,2,4",none,
lstm_autoencoder,1,all_fit_engines_refit,275,0.04715764667025915,,508,508,508.0,,,"1,2,4",none,
lstm_autoencoder,1,all_fit_engines_refit,276,0.0471634247688521,,508,508,508.0,,,"1,2,4",none,
lstm_autoencoder,1,all_fit_engines_refit,277,0.047007973998831803,,508,508,508.0,,,"1,2,4",none,
lstm_autoencoder,1,all_fit_engines_refit,278,0.04687041086529263,,508,508,508.0,,,"1,2,4",none,
lstm_autoencoder,1,all_fit_engines_refit,279,0.04669967459734044,,508,508,508.0,,,"1,2,4",none,
lstm_autoencoder,1,all_fit_engines_refit,280,0.046795545545065986,,508,508,508.0,,,"1,2,4",none,
lstm_autoencoder,1,all_fit_engines_refit,281,0.046702522744937816,,508,508,508.0,,,"1,2,4",none,
lstm_autoencoder,1,all_fit_engines_refit,282,0.04675722706074617,,508,508,508.0,,,"1,2,4",none,
lstm_autoencoder,1,all_fit_engines_refit,283,0.046463447702548566,,508,508,508.0,,,"1,2,4",none,
lstm_autoencoder,1,all_fit_engines_refit,284,0.046245333014328024,,508,508,508.0,,,"1,2,4",none,
lstm_autoencoder,1,all_fit_engines_refit,285,0.04605606438413707,,508,508,508.0,,,"1,2,4",none,
lstm_autoencoder,1,all_fit_engines_refit,286,0.0459295695018918,,508,508,508.0,,,"1,2,4",none,
lstm_autoencoder,1,all_fit_engines_refit,287,0.045783960650816816,,508,508,508.0,,,"1,2,4",none,
lstm_autoencoder,1,all_fit_engines_refit,288,0.04564018884296507,,508,508,508.0,,,"1,2,4",none,
lstm_autoencoder,1,all_fit_engines_refit,289,0.04554063255034586,,508,508,508.0,,,"1,2,4",none,
lstm_autoencoder,1,all_fit_engines_refit,290,0.04552621934252968,,508,508,508.0,,,"1,2,4",none,
lstm_autoencoder,1,all_fit_engines_refit,291,0.04537959435671053,,508,508,508.0,,,"1,2,4",none,
lstm_autoencoder,1,all_fit_engines_refit,292,0.045159449315333104,,508,508,508.0,,,"1,2,4",none,
lstm_autoencoder,1,all_fit_engines_refit,293,0.045068903373586516,,508,508,508.0,,,"1,2,4",none,
lstm_autoencoder,1,all_fit_engines_refit,294,0.044948246115979446,,508,508,508.0,,,"1,2,4",none,
lstm_autoencoder,1,all_fit_engines_refit,295,0.04490767210955897,,508,508,508.0,,,"1,2,4",none,
lstm_autoencoder,1,all_fit_engines_refit,296,0.04472626451046164,,508,508,508.0,,,"1,2,4",none,
lstm_autoencoder,1,all_fit_engines_refit,297,0.044631325139355624,,508,508,508.0,,,"1,2,4",none,
lstm_autoencoder,1,all_fit_engines_refit,298,0.0446496752105665,,508,508,508.0,,,"1,2,4",none,
lstm_autoencoder,1,all_fit_engines_refit,299,0.04447284357139791,,508,508,508.0,,,"1,2,4",none,
lstm_autoencoder,1,all_fit_engines_refit,300,0.04428373064313616,,508,508,508.0,,,"1,2,4",none,
lstm_autoencoder,1,all_fit_engines_refit,301,0.04417464623084435,,508,508,508.0,,,"1,2,4",none,
lstm_autoencoder,1,all_fit_engines_refit,302,0.044121834172558744,,508,508,508.0,,,"1,2,4",none,
lstm_autoencoder,1,all_fit_engines_refit,303,0.04398480737228034,,508,508,508.0,,,"1,2,4",none,
lstm_autoencoder,1,all_fit_engines_refit,304,0.04389951002279668,,508,508,508.0,,,"1,2,4",none,
lstm_autoencoder,1,all_fit_engines_refit,305,0.04373704152728549,,508,508,508.0,,,"1,2,4",none,
lstm_autoencoder,1,all_fit_engines_refit,306,0.04369788213277724,,508,508,508.0,,,"1,2,4",none,
lstm_autoencoder,1,all_fit_engines_refit,307,0.043792348050247745,,508,508,508.0,,,"1,2,4",none,
lstm_autoencoder,1,all_fit_engines_refit,308,0.04364765879872081,,508,508,508.0,,,"1,2,4",none,
lstm_autoencoder,1,all_fit_engines_refit,309,0.04342393860150731,,508,508,508.0,,,"1,2,4",none,
lstm_autoencoder,1,all_fit_engines_refit,310,0.04319836603041908,,508,508,508.0,,,"1,2,4",none,
lstm_autoencoder,1,all_fit_engines_refit,311,0.043108758372452045,,508,508,508.0,,,"1,2,4",none,
lstm_autoencoder,1,all_fit_engines_refit,312,0.04302113842926744,,508,508,508.0,,,"1,2,4",none,
lstm_autoencoder,1,all_fit_engines_refit,313,0.04287562419705713,,508,508,508.0,,,"1,2,4",none,
lstm_autoencoder,1,all_fit_engines_refit,314,0.04276230169802296,,508,508,508.0,,,"1,2,4",none,
lstm_autoencoder,1,all_fit_engines_refit,315,0.042727130548546044,,508,508,508.0,,,"1,2,4",none,
lstm_autoencoder,1,all_fit_engines_refit,316,0.042609170766977164,,508,508,508.0,,,"1,2,4",none,
lstm_autoencoder,1,all_fit_engines_refit,317,0.042506768243092005,,508,508,508.0,,,"1,2,4",none,
lstm_autoencoder,1,all_fit_engines_refit,318,0.04248919907694147,,508,508,508.0,,,"1,2,4",none,
lstm_autoencoder,1,all_fit_engines_refit,319,0.04230966564998896,,508,508,508.0,,,"1,2,4",none,
lstm_autoencoder,1,all_fit_engines_refit,320,0.04225232997157697,,508,508,508.0,,,"1,2,4",none,
lstm_autoencoder,1,all_fit_engines_refit,321,0.04231483830761872,,508,508,508.0,,,"1,2,4",none,
lstm_autoencoder,1,all_fit_engines_refit,322,0.0420916748046875,,508,508,508.0,,,"1,2,4",none,
lstm_autoencoder,1,all_fit_engines_refit,323,0.04224250086809814,,508,508,508.0,,,"1,2,4",none,
lstm_autoencoder,1,all_fit_engines_refit,324,0.04192424253167312,,508,508,508.0,,,"1,2,4",none,
lstm_autoencoder,1,all_fit_engines_refit,325,0.04180134532215831,,508,508,508.0,,,"1,2,4",none,
lstm_autoencoder,1,all_fit_engines_refit,326,0.04160372579865029,,508,508,508.0,,,"1,2,4",none,
lstm_autoencoder,1,all_fit_engines_refit,327,0.0415449602974453,,508,508,508.0,,,"1,2,4",none,
lstm_autoencoder,1,all_fit_engines_refit,328,0.04151774192342953,,508,508,508.0,,,"1,2,4",none,
lstm_autoencoder,1,all_fit_engines_refit,329,0.041552566456457884,,508,508,508.0,,,"1,2,4",none,
lstm_autoencoder,1,all_fit_engines_refit,330,0.04139726204625104,,508,508,508.0,,,"1,2,4",none,
lstm_autoencoder,1,all_fit_engines_refit,331,0.04144117825446735,,508,508,508.0,,,"1,2,4",none,
lstm_autoencoder,1,all_fit_engines_refit,332,0.04117091108528748,,508,508,508.0,,,"1,2,4",none,
lstm_autoencoder,1,all_fit_engines_refit,333,0.04095346088499252,,508,508,508.0,,,"1,2,4",none,
lstm_autoencoder,1,all_fit_engines_refit,334,0.04084495628273094,,508,508,508.0,,,"1,2,4",none,
lstm_autoencoder,1,all_fit_engines_refit,335,0.040730715022543725,,508,508,508.0,,,"1,2,4",none,
lstm_autoencoder,1,all_fit_engines_refit,336,0.04070259681114784,,508,508,508.0,,,"1,2,4",none,
lstm_autoencoder,1,all_fit_engines_refit,337,0.04057936089005163,,508,508,508.0,,,"1,2,4",none,
lstm_autoencoder,1,all_fit_engines_refit,338,0.040494493996516875,,508,508,508.0,,,"1,2,4",none,
lstm_autoencoder,1,all_fit_engines_refit,339,0.04047719479355745,,508,508,508.0,,,"1,2,4",none,
lstm_autoencoder,1,all_fit_engines_refit,340,0.04037683388127637,,508,508,508.0,,,"1,2,4",none,
lstm_autoencoder,1,all_fit_engines_refit,341,0.0402004952183698,,508,508,508.0,,,"1,2,4",none,
lstm_autoencoder,1,all_fit_engines_refit,342,0.04010346177608664,,508,508,508.0,,,"1,2,4",none,
lstm_autoencoder,1,all_fit_engines_refit,343,0.040000447822702546,,508,508,508.0,,,"1,2,4",none,
lstm_autoencoder,1,all_fit_engines_refit,344,0.039929292160824664,,508,508,508.0,,,"1,2,4",none,
lstm_autoencoder,1,all_fit_engines_refit,345,0.03993397543531385,,508,508,508.0,,,"1,2,4",none,
lstm_autoencoder,1,all_fit_engines_refit,346,0.039826506849735085,,508,508,508.0,,,"1,2,4",none,
lstm_autoencoder,1,all_fit_engines_refit,347,0.03969552487743144,,508,508,508.0,,,"1,2,4",none,
lstm_autoencoder,1,all_fit_engines_refit,348,0.03965713788426278,,508,508,508.0,,,"1,2,4",none,
lstm_autoencoder,1,all_fit_engines_refit,349,0.03953761509486607,,508,508,508.0,,,"1,2,4",none,
lstm_autoencoder,1,all_fit_engines_refit,350,0.03939892024784298,,508,508,508.0,,,"1,2,4",none,
lstm_autoencoder,1,all_fit_engines_refit,351,0.03949949435199636,,508,508,508.0,,,"1,2,4",none,
lstm_autoencoder,1,all_fit_engines_refit,352,0.039265082342845495,,508,508,508.0,,,"1,2,4",none,
lstm_autoencoder,1,all_fit_engines_refit,353,0.039309021427268324,,508,508,508.0,,,"1,2,4",none,
lstm_autoencoder,1,all_fit_engines_refit,354,0.039192452423239425,,508,508,508.0,,,"1,2,4",none,
lstm_autoencoder,1,all_fit_engines_refit,355,0.03900444905087937,,508,508,508.0,,,"1,2,4",none,
lstm_autoencoder,1,all_fit_engines_refit,356,0.03889699411916209,,508,508,508.0,,,"1,2,4",none,
lstm_autoencoder,1,all_fit_engines_refit,357,0.038790713659073904,,508,508,508.0,,,"1,2,4",none,
lstm_autoencoder,1,all_fit_engines_refit,358,0.038754099751566795,,508,508,508.0,,,"1,2,4",none,
lstm_autoencoder,1,all_fit_engines_refit,359,0.038645931944555165,,508,508,508.0,,,"1,2,4",none,
lstm_autoencoder,1,all_fit_engines_refit,360,0.03857097667652172,,508,508,508.0,,,"1,2,4",none,
lstm_autoencoder,1,all_fit_engines_refit,361,0.03852113780645972,,508,508,508.0,,,"1,2,4",none,
lstm_autoencoder,1,all_fit_engines_refit,362,0.03842356192260934,,508,508,508.0,,,"1,2,4",none,
lstm_autoencoder,1,all_fit_engines_refit,363,0.03829025603912689,,508,508,508.0,,,"1,2,4",none,
lstm_autoencoder,1,all_fit_engines_refit,364,0.03821727447270224,,508,508,508.0,,,"1,2,4",none,
lstm_autoencoder,1,all_fit_engines_refit,365,0.038180021468661084,,508,508,508.0,,,"1,2,4",none,
lstm_autoencoder,1,all_fit_engines_refit,366,0.03804314246544471,,508,508,508.0,,,"1,2,4",none,
lstm_autoencoder,1,all_fit_engines_refit,367,0.037940035210673816,,508,508,508.0,,,"1,2,4",none,
lstm_autoencoder,1,all_fit_engines_refit,368,0.037844959061411526,,508,508,508.0,,,"1,2,4",none,
lstm_autoencoder,1,all_fit_engines_refit,369,0.03803217673788265,,508,508,508.0,,,"1,2,4",none,
lstm_autoencoder,1,all_fit_engines_refit,370,0.03776080911537542,,508,508,508.0,,,"1,2,4",none,
lstm_autoencoder,1,all_fit_engines_refit,371,0.03762360265902485,,508,508,508.0,,,"1,2,4",none,
lstm_autoencoder,1,all_fit_engines_refit,372,0.037651476538162594,,508,508,508.0,,,"1,2,4",none,
lstm_autoencoder,1,all_fit_engines_refit,373,0.037566336687168855,,508,508,508.0,,,"1,2,4",none,
lstm_autoencoder,1,all_fit_engines_refit,374,0.03741805287695006,,508,508,508.0,,,"1,2,4",none,
lstm_autoencoder,1,all_fit_engines_refit,375,0.03740444321085931,,508,508,508.0,,,"1,2,4",none,
lstm_autoencoder,1,all_fit_engines_refit,376,0.037272155019140316,,508,508,508.0,,,"1,2,4",none,
lstm_autoencoder,1,all_fit_engines_refit,377,0.03719028251324568,,508,508,508.0,,,"1,2,4",none,
lstm_autoencoder,1,all_fit_engines_refit,378,0.03712135255056049,,508,508,508.0,,,"1,2,4",none,
lstm_autoencoder,1,all_fit_engines_refit,379,0.0371222556217499,,508,508,508.0,,,"1,2,4",none,
lstm_autoencoder,1,all_fit_engines_refit,380,0.03705025785197643,,508,508,508.0,,,"1,2,4",none,
lstm_autoencoder,1,all_fit_engines_refit,381,0.03693610258716242,,508,508,508.0,,,"1,2,4",none,
lstm_autoencoder,1,all_fit_engines_refit,382,0.03674246268519427,,508,508,508.0,,,"1,2,4",none,
lstm_autoencoder,1,all_fit_engines_refit,383,0.03674164369304663,,508,508,508.0,,,"1,2,4",none,
lstm_autoencoder,1,all_fit_engines_refit,384,0.03664781735119303,,508,508,508.0,,,"1,2,4",none,
lstm_autoencoder,1,all_fit_engines_refit,385,0.03679983297734283,,508,508,508.0,,,"1,2,4",none,
lstm_autoencoder,1,all_fit_engines_refit,386,0.03654758255747461,,508,508,508.0,,,"1,2,4",none,
lstm_autoencoder,1,all_fit_engines_refit,387,0.03640716924023591,,508,508,508.0,,,"1,2,4",none,
lstm_autoencoder,1,all_fit_engines_refit,388,0.03632890901909892,,508,508,508.0,,,"1,2,4",none,
lstm_autoencoder,1,all_fit_engines_refit,389,0.03643736235949458,,508,508,508.0,,,"1,2,4",none,
lstm_autoencoder,1,all_fit_engines_refit,390,0.03640316805996738,,508,508,508.0,,,"1,2,4",none,
lstm_autoencoder,1,all_fit_engines_refit,391,0.036101970343237956,,508,508,508.0,,,"1,2,4",none,
lstm_autoencoder,1,all_fit_engines_refit,392,0.03602578814400234,,508,508,508.0,,,"1,2,4",none,
lstm_autoencoder,1,all_fit_engines_refit,393,0.036008021955026004,,508,508,508.0,,,"1,2,4",none,
lstm_autoencoder,1,all_fit_engines_refit,394,0.03604251113005298,,508,508,508.0,,,"1,2,4",none,
lstm_autoencoder,1,all_fit_engines_refit,395,0.03582594411900878,,508,508,508.0,,,"1,2,4",none,
lstm_autoencoder,1,all_fit_engines_refit,396,0.035768457289954744,,508,508,508.0,,,"1,2,4",none,
lstm_autoencoder,1,all_fit_engines_refit,397,0.035708781770858886,,508,508,508.0,,,"1,2,4",none,
lstm_autoencoder,1,all_fit_engines_refit,398,0.035654749129218996,,508,508,508.0,,,"1,2,4",none,
lstm_autoencoder,1,all_fit_engines_refit,399,0.03549450848877336,,508,508,508.0,,,"1,2,4",none,
lstm_autoencoder,1,all_fit_engines_refit,400,0.03543266188593076,,508,508,508.0,,,"1,2,4",none,
lstm_autoencoder,1,all_fit_engines_refit,401,0.035435693162951025,,508,508,508.0,,,"1,2,4",none,
lstm_autoencoder,1,all_fit_engines_refit,402,0.03534360229875454,,508,508,508.0,,,"1,2,4",none,
lstm_autoencoder,1,all_fit_engines_refit,403,0.03523487528227562,,508,508,508.0,,,"1,2,4",none,
lstm_autoencoder,1,all_fit_engines_refit,404,0.03514268069664014,,508,508,508.0,,,"1,2,4",none,
lstm_autoencoder,1,all_fit_engines_refit,405,0.0350437151131862,,508,508,508.0,,,"1,2,4",none,
lstm_autoencoder,1,all_fit_engines_refit,406,0.03498572261217438,,508,508,508.0,,,"1,2,4",none,
lstm_autoencoder,1,all_fit_engines_refit,407,0.03493956501480174,,508,508,508.0,,,"1,2,4",none,
lstm_autoencoder,1,all_fit_engines_refit,408,0.03495716711789884,,508,508,508.0,,,"1,2,4",none,
lstm_autoencoder,1,all_fit_engines_refit,409,0.034854609371167335,,508,508,508.0,,,"1,2,4",none,
lstm_autoencoder,1,all_fit_engines_refit,410,0.034804214884759495,,508,508,508.0,,,"1,2,4",none,
lstm_autoencoder,1,all_fit_engines_refit,411,0.03463501982636504,,508,508,508.0,,,"1,2,4",none,
lstm_autoencoder,1,all_fit_engines_refit,412,0.0347746473279441,,508,508,508.0,,,"1,2,4",none,
lstm_autoencoder,1,all_fit_engines_refit,413,0.034539305299192996,,508,508,508.0,,,"1,2,4",none,
lstm_autoencoder,1,all_fit_engines_refit,414,0.0345852649155741,,508,508,508.0,,,"1,2,4",none,
lstm_autoencoder,1,all_fit_engines_refit,415,0.03444315780088703,,508,508,508.0,,,"1,2,4",none,
lstm_autoencoder,1,all_fit_engines_refit,416,0.0343698132094259,,508,508,508.0,,,"1,2,4",none,
lstm_autoencoder,1,all_fit_engines_refit,417,0.03427912186603157,,508,508,508.0,,,"1,2,4",none,
lstm_autoencoder,1,all_fit_engines_refit,418,0.03419212017927664,,508,508,508.0,,,"1,2,4",none,
lstm_autoencoder,1,all_fit_engines_refit,419,0.034107136748836406,,508,508,508.0,,,"1,2,4",none,
lstm_autoencoder,1,all_fit_engines_refit,420,0.034037409232961516,,508,508,508.0,,,"1,2,4",none,
lstm_autoencoder,1,all_fit_engines_refit,421,0.03392898751203456,,508,508,508.0,,,"1,2,4",none,
lstm_autoencoder,1,all_fit_engines_refit,422,0.03392231173193436,,508,508,508.0,,,"1,2,4",none,
lstm_autoencoder,1,all_fit_engines_refit,423,0.033916653883139046,,508,508,508.0,,,"1,2,4",none,
lstm_autoencoder,1,all_fit_engines_refit,424,0.033932132451463155,,508,508,508.0,,,"1,2,4",none,
lstm_autoencoder,1,all_fit_engines_refit,425,0.0337488319959895,,508,508,508.0,,,"1,2,4",none,
lstm_autoencoder,1,all_fit_engines_refit,426,0.033680460883459454,,508,508,508.0,,,"1,2,4",none,
lstm_autoencoder,1,all_fit_engines_refit,427,0.03354514536715377,,508,508,508.0,,,"1,2,4",none,
lstm_autoencoder,1,all_fit_engines_refit,428,0.0334735034361739,,508,508,508.0,,,"1,2,4",none,
lstm_autoencoder,1,all_fit_engines_refit,429,0.03337148429834674,,508,508,508.0,,,"1,2,4",none,
lstm_autoencoder,1,all_fit_engines_refit,430,0.03328371416268581,,508,508,508.0,,,"1,2,4",none,
lstm_autoencoder,1,all_fit_engines_refit,431,0.03322894529046219,,508,508,508.0,,,"1,2,4",none,
lstm_autoencoder,1,all_fit_engines_refit,432,0.03320137083811139,,508,508,508.0,,,"1,2,4",none,
lstm_autoencoder,1,all_fit_engines_refit,433,0.03326259942406575,,508,508,508.0,,,"1,2,4",none,
lstm_autoencoder,1,all_fit_engines_refit,434,0.033179071926434336,,508,508,508.0,,,"1,2,4",none,
lstm_autoencoder,1,all_fit_engines_refit,435,0.03313434918222472,,508,508,508.0,,,"1,2,4",none,
lstm_autoencoder,1,all_fit_engines_refit,436,0.03299163542886731,,508,508,508.0,,,"1,2,4",none,
lstm_autoencoder,1,all_fit_engines_refit,437,0.0328731274567369,,508,508,508.0,,,"1,2,4",none,
lstm_autoencoder,1,all_fit_engines_refit,438,0.03289492237324617,,508,508,508.0,,,"1,2,4",none,
lstm_autoencoder,1,all_fit_engines_refit,439,0.032794803757121085,,508,508,508.0,,,"1,2,4",none,
lstm_autoencoder,1,all_fit_engines_refit,440,0.03284721554167791,,508,508,508.0,,,"1,2,4",none,
lstm_autoencoder,1,all_fit_engines_refit,441,0.03271655934571845,,508,508,508.0,,,"1,2,4",none,
lstm_autoencoder,1,all_fit_engines_refit,442,0.03258188627952684,,508,508,508.0,,,"1,2,4",none,
lstm_autoencoder,1,all_fit_engines_refit,443,0.032523869584830625,,508,508,508.0,,,"1,2,4",none,
lstm_autoencoder,1,all_fit_engines_refit,444,0.032447768949451776,,508,508,508.0,,,"1,2,4",none,
lstm_autoencoder,1,all_fit_engines_refit,445,0.032453751257113424,,508,508,508.0,,,"1,2,4",none,
lstm_autoencoder,1,all_fit_engines_refit,446,0.03242038876520034,,508,508,508.0,,,"1,2,4",none,
lstm_autoencoder,1,all_fit_engines_refit,447,0.03229804561501208,,508,508,508.0,,,"1,2,4",none,
lstm_autoencoder,1,all_fit_engines_refit,448,0.03216289885564352,,508,508,508.0,,,"1,2,4",none,
lstm_autoencoder,1,all_fit_engines_refit,449,0.03213812116925346,,508,508,508.0,,,"1,2,4",none,
lstm_autoencoder,1,all_fit_engines_refit,450,0.03207963928510106,,508,508,508.0,,,"1,2,4",none,
lstm_autoencoder,1,all_fit_engines_refit,451,0.03204998956557533,,508,508,508.0,,,"1,2,4",none,
lstm_autoencoder,1,all_fit_engines_refit,452,0.03196749161700813,,508,508,508.0,,,"1,2,4",none,
lstm_autoencoder,1,all_fit_engines_refit,453,0.03186583083315959,,508,508,508.0,,,"1,2,4",none,
lstm_autoencoder,1,all_fit_engines_refit,454,0.031774946419373035,,508,508,508.0,,,"1,2,4",none,
lstm_autoencoder,1,all_fit_engines_refit,455,0.03169420335131874,,508,508,508.0,,,"1,2,4",none,
lstm_autoencoder,1,all_fit_engines_refit,456,0.031673324680777507,,508,508,508.0,,,"1,2,4",none,
lstm_autoencoder,1,all_fit_engines_refit,457,0.03157866030323262,,508,508,508.0,,,"1,2,4",none,
lstm_autoencoder,1,all_fit_engines_refit,458,0.03154648641589298,,508,508,508.0,,,"1,2,4",none,
lstm_autoencoder,1,all_fit_engines_refit,459,0.031454235178709405,,508,508,508.0,,,"1,2,4",none,
lstm_autoencoder,1,all_fit_engines_refit,460,0.03139095623788878,,508,508,508.0,,,"1,2,4",none,
lstm_autoencoder,1,all_fit_engines_refit,461,0.03143241990117862,,508,508,508.0,,,"1,2,4",none,
lstm_autoencoder,1,all_fit_engines_refit,462,0.0313728338508067,,508,508,508.0,,,"1,2,4",none,
lstm_autoencoder,1,all_fit_engines_refit,463,0.03126727153592432,,508,508,508.0,,,"1,2,4",none,
lstm_autoencoder,1,all_fit_engines_refit,464,0.03132942642858676,,508,508,508.0,,,"1,2,4",none,
lstm_autoencoder,1,all_fit_engines_refit,465,0.03111063551491059,,508,508,508.0,,,"1,2,4",none,
lstm_autoencoder,1,all_fit_engines_refit,466,0.03116783501401988,,508,508,508.0,,,"1,2,4",none,
lstm_autoencoder,1,all_fit_engines_refit,467,0.031221324615238973,,508,508,508.0,,,"1,2,4",none,
lstm_autoencoder,1,all_fit_engines_refit,468,0.03099503497688138,,508,508,508.0,,,"1,2,4",none,
lstm_autoencoder,1,all_fit_engines_refit,469,0.030868399483816963,,508,508,508.0,,,"1,2,4",none,
lstm_autoencoder,1,all_fit_engines_refit,470,0.030827811583993572,,508,508,508.0,,,"1,2,4",none,
lstm_autoencoder,1,all_fit_engines_refit,471,0.030781871729780405,,508,508,508.0,,,"1,2,4",none,
lstm_autoencoder,1,all_fit_engines_refit,472,0.030658531009308772,,508,508,508.0,,,"1,2,4",none,
lstm_autoencoder,1,all_fit_engines_refit,473,0.030620203781726783,,508,508,508.0,,,"1,2,4",none,
lstm_autoencoder,1,all_fit_engines_refit,474,0.030580792629176068,,508,508,508.0,,,"1,2,4",none,
lstm_autoencoder,1,all_fit_engines_refit,475,0.03050080747020488,,508,508,508.0,,,"1,2,4",none,
lstm_autoencoder,1,all_fit_engines_refit,476,0.030461808328912994,,508,508,508.0,,,"1,2,4",none,
lstm_autoencoder,1,all_fit_engines_refit,477,0.030511070622754058,,508,508,508.0,,,"1,2,4",none,
lstm_autoencoder,1,all_fit_engines_refit,478,0.03044808332362392,,508,508,508.0,,,"1,2,4",none,
lstm_autoencoder,1,all_fit_engines_refit,479,0.030392587083849464,,508,508,508.0,,,"1,2,4",none,
lstm_autoencoder,1,all_fit_engines_refit,480,0.030257487035059667,,508,508,508.0,,,"1,2,4",none,
lstm_autoencoder,1,all_fit_engines_refit,481,0.030321424115957982,,508,508,508.0,,,"1,2,4",none,
lstm_autoencoder,1,all_fit_engines_refit,482,0.03027878873576549,,508,508,508.0,,,"1,2,4",none,
lstm_autoencoder,1,all_fit_engines_refit,483,0.03008839941099637,,508,508,508.0,,,"1,2,4",none,
lstm_autoencoder,1,all_fit_engines_refit,484,0.030069354310327645,,508,508,508.0,,,"1,2,4",none,
lstm_autoencoder,1,all_fit_engines_refit,485,0.030044881440406693,,508,508,508.0,,,"1,2,4",none,
lstm_autoencoder,1,all_fit_engines_refit,486,0.029853851462084233,,508,508,508.0,,,"1,2,4",none,
lstm_autoencoder,1,all_fit_engines_refit,487,0.029779721174734167,,508,508,508.0,,,"1,2,4",none,
lstm_autoencoder,1,all_fit_engines_refit,488,0.029755948005328936,,508,508,508.0,,,"1,2,4",none,
lstm_autoencoder,1,all_fit_engines_refit,489,0.029705985172577144,,508,508,508.0,,,"1,2,4",none,
lstm_autoencoder,1,all_fit_engines_refit,490,0.029621459925006286,,508,508,508.0,,,"1,2,4",none,
lstm_autoencoder,1,all_fit_engines_refit,491,0.02974028810414265,,508,508,508.0,,,"1,2,4",none,
lstm_autoencoder,1,all_fit_engines_refit,492,0.02955557303675677,,508,508,508.0,,,"1,2,4",none,
lstm_autoencoder,1,all_fit_engines_refit,493,0.029435327071784242,,508,508,508.0,,,"1,2,4",none,
lstm_autoencoder,1,all_fit_engines_refit,494,0.029438465184282097,,508,508,508.0,,,"1,2,4",none,
lstm_autoencoder,1,all_fit_engines_refit,495,0.029384961809430805,,508,508,508.0,,,"1,2,4",none,
lstm_autoencoder,1,all_fit_engines_refit,496,0.029434376331850347,,508,508,508.0,,,"1,2,4",none,
lstm_autoencoder,1,all_fit_engines_refit,497,0.029247775115248172,,508,508,508.0,,,"1,2,4",none,
lstm_autoencoder,1,all_fit_engines_refit,498,0.02927600543203309,,508,508,508.0,,,"1,2,4",none,
lstm_autoencoder,1,all_fit_engines_refit,499,0.029553596939733674,,508,508,508.0,,,"1,2,4",none,
lstm_autoencoder,1,all_fit_engines_refit,500,0.029201561225639595,,508,508,508.0,,,"1,2,4",none,
lstm_autoencoder,1,all_fit_engines_refit,501,0.029080874743978122,,508,508,508.0,,,"1,2,4",none,
lstm_autoencoder,1,all_fit_engines_refit,502,0.02903697027329186,,508,508,508.0,,,"1,2,4",none,
lstm_autoencoder,1,all_fit_engines_refit,503,0.029054088263159833,,508,508,508.0,,,"1,2,4",none,
lstm_autoencoder,1,all_fit_engines_refit,504,0.028888693769086662,,508,508,508.0,,,"1,2,4",none,
lstm_autoencoder,1,all_fit_engines_refit,505,0.028816940211800614,,508,508,508.0,,,"1,2,4",none,
lstm_autoencoder,1,all_fit_engines_refit,506,0.02899668156071398,,508,508,508.0,,,"1,2,4",none,
lstm_autoencoder,1,all_fit_engines_refit,507,0.028850027231069712,,508,508,508.0,,,"1,2,4",none,
lstm_autoencoder,1,all_fit_engines_refit,508,0.02873670916355199,,508,508,508.0,,,"1,2,4",none,
lstm_autoencoder,2,all_fit_engines_refit,1,0.9653403711244113,,446,446,446.0,,,"1,2,4",none,
lstm_autoencoder,2,all_fit_engines_refit,2,0.8939925309065934,,446,446,446.0,,,"1,2,4",none,
lstm_autoencoder,2,all_fit_engines_refit,3,0.829578269108124,,446,446,446.0,,,"1,2,4",none,
lstm_autoencoder,2,all_fit_engines_refit,4,0.7683359957564757,,446,446,446.0,,,"1,2,4",none,
lstm_autoencoder,2,all_fit_engines_refit,5,0.706173469387755,,446,446,446.0,,,"1,2,4",none,
lstm_autoencoder,2,all_fit_engines_refit,6,0.6484971247363128,,446,446,446.0,,,"1,2,4",none,
lstm_autoencoder,2,all_fit_engines_refit,7,0.5973533354898449,,446,446,446.0,,,"1,2,4",none,
lstm_autoencoder,2,all_fit_engines_refit,8,0.5537868932128139,,446,446,446.0,,,"1,2,4",none,
lstm_autoencoder,2,all_fit_engines_refit,9,0.5154000801793073,,446,446,446.0,,,"1,2,4",none,
lstm_autoencoder,2,all_fit_engines_refit,10,0.4820817031740581,,446,446,446.0,,,"1,2,4",none,
lstm_autoencoder,2,all_fit_engines_refit,11,0.4532329277864992,,446,446,446.0,,,"1,2,4",none,
lstm_autoencoder,2,all_fit_engines_refit,12,0.4278973398253532,,446,446,446.0,,,"1,2,4",none,
lstm_autoencoder,2,all_fit_engines_refit,13,0.4061098893433575,,446,446,446.0,,,"1,2,4",none,
lstm_autoencoder,2,all_fit_engines_refit,14,0.386581473597552,,446,446,446.0,,,"1,2,4",none,
lstm_autoencoder,2,all_fit_engines_refit,15,0.3692889758818191,,446,446,446.0,,,"1,2,4",none,
lstm_autoencoder,2,all_fit_engines_refit,16,0.3532178615887461,,446,446,446.0,,,"1,2,4",none,
lstm_autoencoder,2,all_fit_engines_refit,17,0.3390081835017661,,446,446,446.0,,,"1,2,4",none,
lstm_autoencoder,2,all_fit_engines_refit,18,0.3262730726304945,,446,446,446.0,,,"1,2,4",none,
lstm_autoencoder,2,all_fit_engines_refit,19,0.31443128457061914,,446,446,446.0,,,"1,2,4",none,
lstm_autoencoder,2,all_fit_engines_refit,20,0.304042485834478,,446,446,446.0,,,"1,2,4",none,
lstm_autoencoder,2,all_fit_engines_refit,21,0.29426700705823194,,446,446,446.0,,,"1,2,4",none,
lstm_autoencoder,2,all_fit_engines_refit,22,0.28521339308710264,,446,446,446.0,,,"1,2,4",none,
lstm_autoencoder,2,all_fit_engines_refit,23,0.27676727151197017,,446,446,446.0,,,"1,2,4",none,
lstm_autoencoder,2,all_fit_engines_refit,24,0.2688962410009076,,446,446,446.0,,,"1,2,4",none,
lstm_autoencoder,2,all_fit_engines_refit,25,0.2613327146137902,,446,446,446.0,,,"1,2,4",none,
lstm_autoencoder,2,all_fit_engines_refit,26,0.254160050851771,,446,446,446.0,,,"1,2,4",none,
lstm_autoencoder,2,all_fit_engines_refit,27,0.24721625263687205,,446,446,446.0,,,"1,2,4",none,
lstm_autoencoder,2,all_fit_engines_refit,28,0.2404173329112294,,446,446,446.0,,,"1,2,4",none,
lstm_autoencoder,2,all_fit_engines_refit,29,0.23402770133744605,,446,446,446.0,,,"1,2,4",none,
lstm_autoencoder,2,all_fit_engines_refit,30,0.22761917856836245,,446,446,446.0,,,"1,2,4",none,
lstm_autoencoder,2,all_fit_engines_refit,31,0.22158253716149923,,446,446,446.0,,,"1,2,4",none,
lstm_autoencoder,2,all_fit_engines_refit,32,0.2157956244021046,,446,446,446.0,,,"1,2,4",none,
lstm_autoencoder,2,all_fit_engines_refit,33,0.21025721383805926,,446,446,446.0,,,"1,2,4",none,
lstm_autoencoder,2,all_fit_engines_refit,34,0.20504616250797195,,446,446,446.0,,,"1,2,4",none,
lstm_autoencoder,2,all_fit_engines_refit,35,0.20022213443294987,,446,446,446.0,,,"1,2,4",none,
lstm_autoencoder,2,all_fit_engines_refit,36,0.19556769402472526,,446,446,446.0,,,"1,2,4",none,
lstm_autoencoder,2,all_fit_engines_refit,37,0.19126019488324175,,446,446,446.0,,,"1,2,4",none,
lstm_autoencoder,2,all_fit_engines_refit,38,0.1873315793790473,,446,446,446.0,,,"1,2,4",none,
lstm_autoencoder,2,all_fit_engines_refit,39,0.18353583271499704,,446,446,446.0,,,"1,2,4",none,
lstm_autoencoder,2,all_fit_engines_refit,40,0.1800188624503287,,446,446,446.0,,,"1,2,4",none,
lstm_autoencoder,2,all_fit_engines_refit,41,0.17670968671047144,,446,446,446.0,,,"1,2,4",none,
lstm_autoencoder,2,all_fit_engines_refit,42,0.17359223322366807,,446,446,446.0,,,"1,2,4",none,
lstm_autoencoder,2,all_fit_engines_refit,43,0.17061388048684017,,446,446,446.0,,,"1,2,4",none,
lstm_autoencoder,2,all_fit_engines_refit,44,0.16773309297426903,,446,446,446.0,,,"1,2,4",none,
lstm_autoencoder,2,all_fit_engines_refit,45,0.16504739566725127,,446,446,446.0,,,"1,2,4",none,
lstm_autoencoder,2,all_fit_engines_refit,46,0.16246385511461195,,446,446,446.0,,,"1,2,4",none,
lstm_autoencoder,2,all_fit_engines_refit,47,0.15994983331749166,,446,446,446.0,,,"1,2,4",none,
lstm_autoencoder,2,all_fit_engines_refit,48,0.1576471320950255,,446,446,446.0,,,"1,2,4",none,
lstm_autoencoder,2,all_fit_engines_refit,49,0.15535257623932985,,446,446,446.0,,,"1,2,4",none,
lstm_autoencoder,2,all_fit_engines_refit,50,0.15316690250318876,,446,446,446.0,,,"1,2,4",none,
lstm_autoencoder,2,all_fit_engines_refit,51,0.15109042229046066,,446,446,446.0,,,"1,2,4",none,
lstm_autoencoder,2,all_fit_engines_refit,52,0.1490633633073121,,446,446,446.0,,,"1,2,4",none,
lstm_autoencoder,2,all_fit_engines_refit,53,0.1470809462231407,,446,446,446.0,,,"1,2,4",none,
lstm_autoencoder,2,all_fit_engines_refit,54,0.14520177820226648,,446,446,446.0,,,"1,2,4",none,
lstm_autoencoder,2,all_fit_engines_refit,55,0.1433908861959748,,446,446,446.0,,,"1,2,4",none,
lstm_autoencoder,2,all_fit_engines_refit,56,0.14162527039436568,,446,446,446.0,,,"1,2,4",none,
lstm_autoencoder,2,all_fit_engines_refit,57,0.13989102972919937,,446,446,446.0,,,"1,2,4",none,
lstm_autoencoder,2,all_fit_engines_refit,58,0.13824427342676854,,446,446,446.0,,,"1,2,4",none,
lstm_autoencoder,2,all_fit_engines_refit,59,0.13658777066265207,,446,446,446.0,,,"1,2,4",none,
lstm_autoencoder,2,all_fit_engines_refit,60,0.13496170403257457,,446,446,446.0,,,"1,2,4",none,
lstm_autoencoder,2,all_fit_engines_refit,61,0.13340084057962126,,446,446,446.0,,,"1,2,4",none,
lstm_autoencoder,2,all_fit_engines_refit,62,0.1318653876815149,,446,446,446.0,,,"1,2,4",none,
lstm_autoencoder,2,all_fit_engines_refit,63,0.13033306990163854,,446,446,446.0,,,"1,2,4",none,
lstm_autoencoder,2,all_fit_engines_refit,64,0.1287883199215684,,446,446,446.0,,,"1,2,4",none,
lstm_autoencoder,2,all_fit_engines_refit,65,0.12730555847263786,,446,446,446.0,,,"1,2,4",none,
lstm_autoencoder,2,all_fit_engines_refit,66,0.12578249274093653,,446,446,446.0,,,"1,2,4",none,
lstm_autoencoder,2,all_fit_engines_refit,67,0.12432315509023621,,446,446,446.0,,,"1,2,4",none,
lstm_autoencoder,2,all_fit_engines_refit,68,0.12288499481823979,,446,446,446.0,,,"1,2,4",none,
lstm_autoencoder,2,all_fit_engines_refit,69,0.1214196988140208,,446,446,446.0,,,"1,2,4",none,
lstm_autoencoder,2,all_fit_engines_refit,70,0.11991203751257114,,446,446,446.0,,,"1,2,4",none,
lstm_autoencoder,2,all_fit_engines_refit,71,0.11849907939437794,,446,446,446.0,,,"1,2,4",none,
lstm_autoencoder,2,all_fit_engines_refit,72,0.11709088144347282,,446,446,446.0,,,"1,2,4",none,
lstm_autoencoder,2,all_fit_engines_refit,73,0.11576118505169496,,446,446,446.0,,,"1,2,4",none,
lstm_autoencoder,2,all_fit_engines_refit,74,0.11451698866145016,,446,446,446.0,,,"1,2,4",none,
lstm_autoencoder,2,all_fit_engines_refit,75,0.11333449143629808,,446,446,446.0,,,"1,2,4",none,
lstm_autoencoder,2,all_fit_engines_refit,76,0.11218993182459282,,446,446,446.0,,,"1,2,4",none,
lstm_autoencoder,2,all_fit_engines_refit,77,0.11111158194309875,,446,446,446.0,,,"1,2,4",none,
lstm_autoencoder,2,all_fit_engines_refit,78,0.11000804380120438,,446,446,446.0,,,"1,2,4",none,
lstm_autoencoder,2,all_fit_engines_refit,79,0.10900970315259517,,446,446,446.0,,,"1,2,4",none,
lstm_autoencoder,2,all_fit_engines_refit,80,0.10803323072017268,,446,446,446.0,,,"1,2,4",none,
lstm_autoencoder,2,all_fit_engines_refit,81,0.10703808411698514,,446,446,446.0,,,"1,2,4",none,
lstm_autoencoder,2,all_fit_engines_refit,82,0.1061887305722319,,446,446,446.0,,,"1,2,4",none,
lstm_autoencoder,2,all_fit_engines_refit,83,0.1052541112974637,,446,446,446.0,,,"1,2,4",none,
lstm_autoencoder,2,all_fit_engines_refit,84,0.10438487677222331,,446,446,446.0,,,"1,2,4",none,
lstm_autoencoder,2,all_fit_engines_refit,85,0.10347883814358075,,446,446,446.0,,,"1,2,4",none,
lstm_autoencoder,2,all_fit_engines_refit,86,0.10264441856971154,,446,446,446.0,,,"1,2,4",none,
lstm_autoencoder,2,all_fit_engines_refit,87,0.10175157340392588,,446,446,446.0,,,"1,2,4",none,
lstm_autoencoder,2,all_fit_engines_refit,88,0.10095620435298519,,446,446,446.0,,,"1,2,4",none,
lstm_autoencoder,2,all_fit_engines_refit,89,0.1002264064148045,,446,446,446.0,,,"1,2,4",none,
lstm_autoencoder,2,all_fit_engines_refit,90,0.0993716085724404,,446,446,446.0,,,"1,2,4",none,
lstm_autoencoder,2,all_fit_engines_refit,91,0.09860490209079426,,446,446,446.0,,,"1,2,4",none,
lstm_autoencoder,2,all_fit_engines_refit,92,0.09785295663112,,446,446,446.0,,,"1,2,4",none,
lstm_autoencoder,2,all_fit_engines_refit,93,0.09709152772624975,,446,446,446.0,,,"1,2,4",none,
lstm_autoencoder,2,all_fit_engines_refit,94,0.09638086914829033,,446,446,446.0,,,"1,2,4",none,
lstm_autoencoder,2,all_fit_engines_refit,95,0.09569766968348337,,446,446,446.0,,,"1,2,4",none,
lstm_autoencoder,2,all_fit_engines_refit,96,0.09502776380985087,,446,446,446.0,,,"1,2,4",none,
lstm_autoencoder,2,all_fit_engines_refit,97,0.09435133522309164,,446,446,446.0,,,"1,2,4",none,
lstm_autoencoder,2,all_fit_engines_refit,98,0.0936922508730806,,446,446,446.0,,,"1,2,4",none,
lstm_autoencoder,2,all_fit_engines_refit,99,0.09305643605661916,,446,446,446.0,,,"1,2,4",none,
lstm_autoencoder,2,all_fit_engines_refit,100,0.09247786733007506,,446,446,446.0,,,"1,2,4",none,
lstm_autoencoder,2,all_fit_engines_refit,101,0.0918253823464482,,446,446,446.0,,,"1,2,4",none,
lstm_autoencoder,2,all_fit_engines_refit,102,0.0912269906084429,,446,446,446.0,,,"1,2,4",none,
lstm_autoencoder,2,all_fit_engines_refit,103,0.0906701636202107,,446,446,446.0,,,"1,2,4",none,
lstm_autoencoder,2,all_fit_engines_refit,104,0.09007785623451604,,446,446,446.0,,,"1,2,4",none,
lstm_autoencoder,2,all_fit_engines_refit,105,0.08954749761608369,,446,446,446.0,,,"1,2,4",none,
lstm_autoencoder,2,all_fit_engines_refit,106,0.08896080867461918,,446,446,446.0,,,"1,2,4",none,
lstm_autoencoder,2,all_fit_engines_refit,107,0.08838020073188531,,446,446,446.0,,,"1,2,4",none,
lstm_autoencoder,2,all_fit_engines_refit,108,0.08783203604082859,,446,446,446.0,,,"1,2,4",none,
lstm_autoencoder,2,all_fit_engines_refit,109,0.08726781872041184,,446,446,446.0,,,"1,2,4",none,
lstm_autoencoder,2,all_fit_engines_refit,110,0.08674207606532697,,446,446,446.0,,,"1,2,4",none,
lstm_autoencoder,2,all_fit_engines_refit,111,0.08624705651491366,,446,446,446.0,,,"1,2,4",none,
lstm_autoencoder,2,all_fit_engines_refit,112,0.08575880736346522,,446,446,446.0,,,"1,2,4",none,
lstm_autoencoder,2,all_fit_engines_refit,113,0.08529069166917068,,446,446,446.0,,,"1,2,4",none,
lstm_autoencoder,2,all_fit_engines_refit,114,0.08483965192522322,,446,446,446.0,,,"1,2,4",none,
lstm_autoencoder,2,all_fit_engines_refit,115,0.08433159078121934,,446,446,446.0,,,"1,2,4",none,
lstm_autoencoder,2,all_fit_engines_refit,116,0.08383848372957957,,446,446,446.0,,,"1,2,4",none,
lstm_autoencoder,2,all_fit_engines_refit,117,0.0834001689054528,,446,446,446.0,,,"1,2,4",none,
lstm_autoencoder,2,all_fit_engines_refit,118,0.0828918691781851,,446,446,446.0,,,"1,2,4",none,
lstm_autoencoder,2,all_fit_engines_refit,119,0.08244988457935759,,446,446,446.0,,,"1,2,4",none,
lstm_autoencoder,2,all_fit_engines_refit,120,0.08198522498880863,,446,446,446.0,,,"1,2,4",none,
lstm_autoencoder,2,all_fit_engines_refit,121,0.08155961304669103,,446,446,446.0,,,"1,2,4",none,
lstm_autoencoder,2,all_fit_engines_refit,122,0.08117504365403012,,446,446,446.0,,,"1,2,4",none,
lstm_autoencoder,2,all_fit_engines_refit,123,0.08071171783016091,,446,446,446.0,,,"1,2,4",none,
lstm_autoencoder,2,all_fit_engines_refit,124,0.08028391168854862,,446,446,446.0,,,"1,2,4",none,
lstm_autoencoder,2,all_fit_engines_refit,125,0.07985103397578984,,446,446,446.0,,,"1,2,4",none,
lstm_autoencoder,2,all_fit_engines_refit,126,0.07946789512454622,,446,446,446.0,,,"1,2,4",none,
lstm_autoencoder,2,all_fit_engines_refit,127,0.07906482019828664,,446,446,446.0,,,"1,2,4",none,
lstm_autoencoder,2,all_fit_engines_refit,128,0.07867627202248087,,446,446,446.0,,,"1,2,4",none,
lstm_autoencoder,2,all_fit_engines_refit,129,0.0782822623020813,,446,446,446.0,,,"1,2,4",none,
lstm_autoencoder,2,all_fit_engines_refit,130,0.07781684480244923,,446,446,446.0,,,"1,2,4",none,
lstm_autoencoder,2,all_fit_engines_refit,131,0.07746692076582737,,446,446,446.0,,,"1,2,4",none,
lstm_autoencoder,2,all_fit_engines_refit,132,0.0770901963549843,,446,446,446.0,,,"1,2,4",none,
lstm_autoencoder,2,all_fit_engines_refit,133,0.07674539994220345,,446,446,446.0,,,"1,2,4",none,
lstm_autoencoder,2,all_fit_engines_refit,134,0.07643431251801351,,446,446,446.0,,,"1,2,4",none,
lstm_autoencoder,2,all_fit_engines_refit,135,0.07600266341324691,,446,446,446.0,,,"1,2,4",none,
lstm_autoencoder,2,all_fit_engines_refit,136,0.07566141389041343,,446,446,446.0,,,"1,2,4",none,
lstm_autoencoder,2,all_fit_engines_refit,137,0.07524206523805435,,446,446,446.0,,,"1,2,4",none,
lstm_autoencoder,2,all_fit_engines_refit,138,0.07487149273020506,,446,446,446.0,,,"1,2,4",none,
lstm_autoencoder,2,all_fit_engines_refit,139,0.0745562403991795,,446,446,446.0,,,"1,2,4",none,
lstm_autoencoder,2,all_fit_engines_refit,140,0.07419228163020015,,446,446,446.0,,,"1,2,4",none,
lstm_autoencoder,2,all_fit_engines_refit,141,0.0738677053885707,,446,446,446.0,,,"1,2,4",none,
lstm_autoencoder,2,all_fit_engines_refit,142,0.07349071939848656,,446,446,446.0,,,"1,2,4",none,
lstm_autoencoder,2,all_fit_engines_refit,143,0.07321861279066916,,446,446,446.0,,,"1,2,4",none,
lstm_autoencoder,2,all_fit_engines_refit,144,0.0729246758142109,,446,446,446.0,,,"1,2,4",none,
lstm_autoencoder,2,all_fit_engines_refit,145,0.07253058656605671,,446,446,446.0,,,"1,2,4",none,
lstm_autoencoder,2,all_fit_engines_refit,146,0.07218452154186494,,446,446,446.0,,,"1,2,4",none,
lstm_autoencoder,2,all_fit_engines_refit,147,0.07184147953051413,,446,446,446.0,,,"1,2,4",none,
lstm_autoencoder,2,all_fit_engines_refit,148,0.07151533716701824,,446,446,446.0,,,"1,2,4",none,
lstm_autoencoder,2,all_fit_engines_refit,149,0.07117316181655955,,446,446,446.0,,,"1,2,4",none,
lstm_autoencoder,2,all_fit_engines_refit,150,0.07091328882909083,,446,446,446.0,,,"1,2,4",none,
lstm_autoencoder,2,all_fit_engines_refit,151,0.07054011178727801,,446,446,446.0,,,"1,2,4",none,
lstm_autoencoder,2,all_fit_engines_refit,152,0.07023781194043122,,446,446,446.0,,,"1,2,4",none,
lstm_autoencoder,2,all_fit_engines_refit,153,0.06995519856643077,,446,446,446.0,,,"1,2,4",none,
lstm_autoencoder,2,all_fit_engines_refit,154,0.06967205820128532,,446,446,446.0,,,"1,2,4",none,
lstm_autoencoder,2,all_fit_engines_refit,155,0.06936189468838917,,446,446,446.0,,,"1,2,4",none,
lstm_autoencoder,2,all_fit_engines_refit,156,0.06906335851648351,,446,446,446.0,,,"1,2,4",none,
lstm_autoencoder,2,all_fit_engines_refit,157,0.0687611767635615,,446,446,446.0,,,"1,2,4",none,
lstm_autoencoder,2,all_fit_engines_refit,158,0.06843936171599048,,446,446,446.0,,,"1,2,4",none,
lstm_autoencoder,2,all_fit_engines_refit,159,0.06813623497212888,,446,446,446.0,,,"1,2,4",none,
lstm_autoencoder,2,all_fit_engines_refit,160,0.06785245311503507,,446,446,446.0,,,"1,2,4",none,
lstm_autoencoder,2,all_fit_engines_refit,161,0.06756103036542141,,446,446,446.0,,,"1,2,4",none,
lstm_autoencoder,2,all_fit_engines_refit,162,0.06730830649191769,,446,446,446.0,,,"1,2,4",none,
lstm_autoencoder,2,all_fit_engines_refit,163,0.06702829094472074,,446,446,446.0,,,"1,2,4",none,
lstm_autoencoder,2,all_fit_engines_refit,164,0.06676214484629489,,446,446,446.0,,,"1,2,4",none,
lstm_autoencoder,2,all_fit_engines_refit,165,0.06656373148248933,,446,446,446.0,,,"1,2,4",none,
lstm_autoencoder,2,all_fit_engines_refit,166,0.06630859183366856,,446,446,446.0,,,"1,2,4",none,
lstm_autoencoder,2,all_fit_engines_refit,167,0.06596536968716273,,446,446,446.0,,,"1,2,4",none,
lstm_autoencoder,2,all_fit_engines_refit,168,0.06566451379605327,,446,446,446.0,,,"1,2,4",none,
lstm_autoencoder,2,all_fit_engines_refit,169,0.06540655785864526,,446,446,446.0,,,"1,2,4",none,
lstm_autoencoder,2,all_fit_engines_refit,170,0.06511392829930951,,446,446,446.0,,,"1,2,4",none,
lstm_autoencoder,2,all_fit_engines_refit,171,0.0649116611929853,,446,446,446.0,,,"1,2,4",none,
lstm_autoencoder,2,all_fit_engines_refit,172,0.06462528677899947,,446,446,446.0,,,"1,2,4",none,
lstm_autoencoder,2,all_fit_engines_refit,173,0.06434209131932521,,446,446,446.0,,,"1,2,4",none,
lstm_autoencoder,2,all_fit_engines_refit,174,0.06408922324188089,,446,446,446.0,,,"1,2,4",none,
lstm_autoencoder,2,all_fit_engines_refit,175,0.06381093862105389,,446,446,446.0,,,"1,2,4",none,
lstm_autoencoder,2,all_fit_engines_refit,176,0.06355810815161402,,446,446,446.0,,,"1,2,4",none,
lstm_autoencoder,2,all_fit_engines_refit,177,0.06328237728196748,,446,446,446.0,,,"1,2,4",none,
lstm_autoencoder,2,all_fit_engines_refit,178,0.06302999212004513,,446,446,446.0,,,"1,2,4",none,
lstm_autoencoder,2,all_fit_engines_refit,179,0.06283478453919128,,446,446,446.0,,,"1,2,4",none,
lstm_autoencoder,2,all_fit_engines_refit,180,0.06263196193629195,,446,446,446.0,,,"1,2,4",none,
lstm_autoencoder,2,all_fit_engines_refit,181,0.06241693373939119,,446,446,446.0,,,"1,2,4",none,
lstm_autoencoder,2,all_fit_engines_refit,182,0.06211664604055264,,446,446,446.0,,,"1,2,4",none,
lstm_autoencoder,2,all_fit_engines_refit,183,0.06186946539527019,,446,446,446.0,,,"1,2,4",none,
lstm_autoencoder,2,all_fit_engines_refit,184,0.06162978694801989,,446,446,446.0,,,"1,2,4",none,
lstm_autoencoder,2,all_fit_engines_refit,185,0.06140340712231407,,446,446,446.0,,,"1,2,4",none,
lstm_autoencoder,2,all_fit_engines_refit,186,0.06118201119559152,,446,446,446.0,,,"1,2,4",none,
lstm_autoencoder,2,all_fit_engines_refit,187,0.06094898984420992,,446,446,446.0,,,"1,2,4",none,
lstm_autoencoder,2,all_fit_engines_refit,188,0.06073990275384493,,446,446,446.0,,,"1,2,4",none,
lstm_autoencoder,2,all_fit_engines_refit,189,0.060508117196698394,,446,446,446.0,,,"1,2,4",none,
lstm_autoencoder,2,all_fit_engines_refit,190,0.060277368135317526,,446,446,446.0,,,"1,2,4",none,
lstm_autoencoder,2,all_fit_engines_refit,191,0.0600592778803228,,446,446,446.0,,,"1,2,4",none,
lstm_autoencoder,2,all_fit_engines_refit,192,0.05986608699876435,,446,446,446.0,,,"1,2,4",none,
lstm_autoencoder,2,all_fit_engines_refit,193,0.059646470864863375,,446,446,446.0,,,"1,2,4",none,
lstm_autoencoder,2,all_fit_engines_refit,194,0.05959100552593333,,446,446,446.0,,,"1,2,4",none,
lstm_autoencoder,2,all_fit_engines_refit,195,0.05950844110461943,,446,446,446.0,,,"1,2,4",none,
lstm_autoencoder,2,all_fit_engines_refit,196,0.0592617680476262,,446,446,446.0,,,"1,2,4",none,
lstm_autoencoder,2,all_fit_engines_refit,197,0.058994017979788066,,446,446,446.0,,,"1,2,4",none,
lstm_autoencoder,2,all_fit_engines_refit,198,0.05868805650264914,,446,446,446.0,,,"1,2,4",none,
lstm_autoencoder,2,all_fit_engines_refit,199,0.058502310568721176,,446,446,446.0,,,"1,2,4",none,
lstm_autoencoder,2,all_fit_engines_refit,200,0.05831249362819797,,446,446,446.0,,,"1,2,4",none,
lstm_autoencoder,2,all_fit_engines_refit,201,0.05802386848294005,,446,446,446.0,,,"1,2,4",none,
lstm_autoencoder,2,all_fit_engines_refit,202,0.05781385484632555,,446,446,446.0,,,"1,2,4",none,
lstm_autoencoder,2,all_fit_engines_refit,203,0.057605418350483224,,446,446,446.0,,,"1,2,4",none,
lstm_autoencoder,2,all_fit_engines_refit,204,0.05740865135492298,,446,446,446.0,,,"1,2,4",none,
lstm_autoencoder,2,all_fit_engines_refit,205,0.05719382389374019,,446,446,446.0,,,"1,2,4",none,
lstm_autoencoder,2,all_fit_engines_refit,206,0.056988282974698296,,446,446,446.0,,,"1,2,4",none,
lstm_autoencoder,2,all_fit_engines_refit,207,0.05680849970603476,,446,446,446.0,,,"1,2,4",none,
lstm_autoencoder,2,all_fit_engines_refit,208,0.05660082495193841,,446,446,446.0,,,"1,2,4",none,
lstm_autoencoder,2,all_fit_engines_refit,209,0.056446599556100985,,446,446,446.0,,,"1,2,4",none,
lstm_autoencoder,2,all_fit_engines_refit,210,0.05624521300407182,,446,446,446.0,,,"1,2,4",none,
lstm_autoencoder,2,all_fit_engines_refit,211,0.05607466669247326,,446,446,446.0,,,"1,2,4",none,
lstm_autoencoder,2,all_fit_engines_refit,212,0.055888933933323934,,446,446,446.0,,,"1,2,4",none,
lstm_autoencoder,2,all_fit_engines_refit,213,0.055717192549533334,,446,446,446.0,,,"1,2,4",none,
lstm_autoencoder,2,all_fit_engines_refit,214,0.055555223976985625,,446,446,446.0,,,"1,2,4",none,
lstm_autoencoder,2,all_fit_engines_refit,215,0.05535760708843333,,446,446,446.0,,,"1,2,4",none,
lstm_autoencoder,2,all_fit_engines_refit,216,0.05521696944064585,,446,446,446.0,,,"1,2,4",none,
lstm_autoencoder,2,all_fit_engines_refit,217,0.055044155150792286,,446,446,446.0,,,"1,2,4",none,
lstm_autoencoder,2,all_fit_engines_refit,218,0.05483267408338035,,446,446,446.0,,,"1,2,4",none,
lstm_autoencoder,2,all_fit_engines_refit,219,0.05469795047394709,,446,446,446.0,,,"1,2,4",none,
lstm_autoencoder,2,all_fit_engines_refit,220,0.05452074634785555,,446,446,446.0,,,"1,2,4",none,
lstm_autoencoder,2,all_fit_engines_refit,221,0.05435520669167607,,446,446,446.0,,,"1,2,4",none,
lstm_autoencoder,2,all_fit_engines_refit,222,0.05423612082584686,,446,446,446.0,,,"1,2,4",none,
lstm_autoencoder,2,all_fit_engines_refit,223,0.054071231644419335,,446,446,446.0,,,"1,2,4",none,
lstm_autoencoder,2,all_fit_engines_refit,224,0.05388114893268004,,446,446,446.0,,,"1,2,4",none,
lstm_autoencoder,2,all_fit_engines_refit,225,0.0536943818336379,,446,446,446.0,,,"1,2,4",none,
lstm_autoencoder,2,all_fit_engines_refit,226,0.053476767667234415,,446,446,446.0,,,"1,2,4",none,
lstm_autoencoder,2,all_fit_engines_refit,227,0.05334600571373381,,446,446,446.0,,,"1,2,4",none,
lstm_autoencoder,2,all_fit_engines_refit,228,0.05317153451581203,,446,446,446.0,,,"1,2,4",none,
lstm_autoencoder,2,all_fit_engines_refit,229,0.05305655007833963,,446,446,446.0,,,"1,2,4",none,
lstm_autoencoder,2,all_fit_engines_refit,230,0.05287537699030183,,446,446,446.0,,,"1,2,4",none,
lstm_autoencoder,2,all_fit_engines_refit,231,0.05269452249236534,,446,446,446.0,,,"1,2,4",none,
lstm_autoencoder,2,all_fit_engines_refit,232,0.052561310628893985,,446,446,446.0,,,"1,2,4",none,
lstm_autoencoder,2,all_fit_engines_refit,233,0.05239318129031961,,446,446,446.0,,,"1,2,4",none,
lstm_autoencoder,2,all_fit_engines_refit,234,0.052246005838295355,,446,446,446.0,,,"1,2,4",none,
lstm_autoencoder,2,all_fit_engines_refit,235,0.05212312587576347,,446,446,446.0,,,"1,2,4",none,
lstm_autoencoder,2,all_fit_engines_refit,236,0.051923568222548934,,446,446,446.0,,,"1,2,4",none,
lstm_autoencoder,2,all_fit_engines_refit,237,0.05174348480847417,,446,446,446.0,,,"1,2,4",none,
lstm_autoencoder,2,all_fit_engines_refit,238,0.051593678952011994,,446,446,446.0,,,"1,2,4",none,
lstm_autoencoder,2,all_fit_engines_refit,239,0.05144723817355217,,446,446,446.0,,,"1,2,4",none,
lstm_autoencoder,2,all_fit_engines_refit,240,0.051315201979417066,,446,446,446.0,,,"1,2,4",none,
lstm_autoencoder,2,all_fit_engines_refit,241,0.05117630915140245,,446,446,446.0,,,"1,2,4",none,
lstm_autoencoder,2,all_fit_engines_refit,242,0.05106860222210128,,446,446,446.0,,,"1,2,4",none,
lstm_autoencoder,2,all_fit_engines_refit,243,0.050892952001263245,,446,446,446.0,,,"1,2,4",none,
lstm_autoencoder,2,all_fit_engines_refit,244,0.050735095157353804,,446,446,446.0,,,"1,2,4",none,
lstm_autoencoder,2,all_fit_engines_refit,245,0.050634295405173786,,446,446,446.0,,,"1,2,4",none,
lstm_autoencoder,2,all_fit_engines_refit,246,0.05049474767089077,,446,446,446.0,,,"1,2,4",none,
lstm_autoencoder,2,all_fit_engines_refit,247,0.0503464641002134,,446,446,446.0,,,"1,2,4",none,
lstm_autoencoder,2,all_fit_engines_refit,248,0.05016775541440284,,446,446,446.0,,,"1,2,4",none,
lstm_autoencoder,2,all_fit_engines_refit,249,0.049961666185028696,,446,446,446.0,,,"1,2,4",none,
lstm_autoencoder,2,all_fit_engines_refit,250,0.04986865823646917,,446,446,446.0,,,"1,2,4",none,
lstm_autoencoder,2,all_fit_engines_refit,251,0.04973411212723521,,446,446,446.0,,,"1,2,4",none,
lstm_autoencoder,2,all_fit_engines_refit,252,0.049559748004332445,,446,446,446.0,,,"1,2,4",none,
lstm_autoencoder,2,all_fit_engines_refit,253,0.04943464401939787,,446,446,446.0,,,"1,2,4",none,
lstm_autoencoder,2,all_fit_engines_refit,254,0.04929442017942994,,446,446,446.0,,,"1,2,4",none,
lstm_autoencoder,2,all_fit_engines_refit,255,0.049156918128955306,,446,446,446.0,,,"1,2,4",none,
lstm_autoencoder,2,all_fit_engines_refit,256,0.04904802786499215,,446,446,446.0,,,"1,2,4",none,
lstm_autoencoder,2,all_fit_engines_refit,257,0.04889489238265919,,446,446,446.0,,,"1,2,4",none,
lstm_autoencoder,2,all_fit_engines_refit,258,0.04878035205499718,,446,446,446.0,,,"1,2,4",none,
lstm_autoencoder,2,all_fit_engines_refit,259,0.048633925888564564,,446,446,446.0,,,"1,2,4",none,
lstm_autoencoder,2,all_fit_engines_refit,260,0.04850487030843738,,446,446,446.0,,,"1,2,4",none,
lstm_autoencoder,2,all_fit_engines_refit,261,0.04837014454313125,,446,446,446.0,,,"1,2,4",none,
lstm_autoencoder,2,all_fit_engines_refit,262,0.04823991688678927,,446,446,446.0,,,"1,2,4",none,
lstm_autoencoder,2,all_fit_engines_refit,263,0.04808661204866562,,446,446,446.0,,,"1,2,4",none,
lstm_autoencoder,2,all_fit_engines_refit,264,0.04795890221228966,,446,446,446.0,,,"1,2,4",none,
lstm_autoencoder,2,all_fit_engines_refit,265,0.04787831233097957,,446,446,446.0,,,"1,2,4",none,
lstm_autoencoder,2,all_fit_engines_refit,266,0.047711847326257724,,446,446,446.0,,,"1,2,4",none,
lstm_autoencoder,2,all_fit_engines_refit,267,0.04759861645182036,,446,446,446.0,,,"1,2,4",none,
lstm_autoencoder,2,all_fit_engines_refit,268,0.04745615026453039,,446,446,446.0,,,"1,2,4",none,
lstm_autoencoder,2,all_fit_engines_refit,269,0.047318618750459916,,446,446,446.0,,,"1,2,4",none,
lstm_autoencoder,2,all_fit_engines_refit,270,0.04725917965875503,,446,446,446.0,,,"1,2,4",none,
lstm_autoencoder,2,all_fit_engines_refit,271,0.047246706257435364,,446,446,446.0,,,"1,2,4",none,
lstm_autoencoder,2,all_fit_engines_refit,272,0.047045532657737074,,446,446,446.0,,,"1,2,4",none,
lstm_autoencoder,2,all_fit_engines_refit,273,0.046854586518914956,,446,446,446.0,,,"1,2,4",none,
lstm_autoencoder,2,all_fit_engines_refit,274,0.046697352243180924,,446,446,446.0,,,"1,2,4",none,
lstm_autoencoder,2,all_fit_engines_refit,275,0.04655595680608106,,446,446,446.0,,,"1,2,4",none,
lstm_autoencoder,2,all_fit_engines_refit,276,0.04645654627442173,,446,446,446.0,,,"1,2,4",none,
lstm_autoencoder,2,all_fit_engines_refit,277,0.046330495501986854,,446,446,446.0,,,"1,2,4",none,
lstm_autoencoder,2,all_fit_engines_refit,278,0.0462564074936991,,446,446,446.0,,,"1,2,4",none,
lstm_autoencoder,2,all_fit_engines_refit,279,0.04613740043700022,,446,446,446.0,,,"1,2,4",none,
lstm_autoencoder,2,all_fit_engines_refit,280,0.04600400592318884,,446,446,446.0,,,"1,2,4",none,
lstm_autoencoder,2,all_fit_engines_refit,281,0.045879469172359445,,446,446,446.0,,,"1,2,4",none,
lstm_autoencoder,2,all_fit_engines_refit,282,0.045746453732860334,,446,446,446.0,,,"1,2,4",none,
lstm_autoencoder,2,all_fit_engines_refit,283,0.04564609521599355,,446,446,446.0,,,"1,2,4",none,
lstm_autoencoder,2,all_fit_engines_refit,284,0.04553591166785224,,446,446,446.0,,,"1,2,4",none,
lstm_autoencoder,2,all_fit_engines_refit,285,0.045384438363498945,,446,446,446.0,,,"1,2,4",none,
lstm_autoencoder,2,all_fit_engines_refit,286,0.045282483303004196,,446,446,446.0,,,"1,2,4",none,
lstm_autoencoder,2,all_fit_engines_refit,287,0.04516077972843284,,446,446,446.0,,,"1,2,4",none,
lstm_autoencoder,2,all_fit_engines_refit,288,0.04503655018948685,,446,446,446.0,,,"1,2,4",none,
lstm_autoencoder,2,all_fit_engines_refit,289,0.044950403186552565,,446,446,446.0,,,"1,2,4",none,
lstm_autoencoder,2,all_fit_engines_refit,290,0.044882144418952975,,446,446,446.0,,,"1,2,4",none,
lstm_autoencoder,2,all_fit_engines_refit,291,0.04471675591341555,,446,446,446.0,,,"1,2,4",none,
lstm_autoencoder,2,all_fit_engines_refit,292,0.0446147855222693,,446,446,446.0,,,"1,2,4",none,
lstm_autoencoder,2,all_fit_engines_refit,293,0.04453628060956204,,446,446,446.0,,,"1,2,4",none,
lstm_autoencoder,2,all_fit_engines_refit,294,0.04437275142460079,,446,446,446.0,,,"1,2,4",none,
lstm_autoencoder,2,all_fit_engines_refit,295,0.044258226427590266,,446,446,446.0,,,"1,2,4",none,
lstm_autoencoder,2,all_fit_engines_refit,296,0.04418174827491844,,446,446,446.0,,,"1,2,4",none,
lstm_autoencoder,2,all_fit_engines_refit,297,0.04407479206845749,,446,446,446.0,,,"1,2,4",none,
lstm_autoencoder,2,all_fit_engines_refit,298,0.044006115780146196,,446,446,446.0,,,"1,2,4",none,
lstm_autoencoder,2,all_fit_engines_refit,299,0.043907349734703074,,446,446,446.0,,,"1,2,4",none,
lstm_autoencoder,2,all_fit_engines_refit,300,0.04378654372186826,,446,446,446.0,,,"1,2,4",none,
lstm_autoencoder,2,all_fit_engines_refit,301,0.04369851775596056,,446,446,446.0,,,"1,2,4",none,
lstm_autoencoder,2,all_fit_engines_refit,302,0.043593526627616945,,446,446,446.0,,,"1,2,4",none,
lstm_autoencoder,2,all_fit_engines_refit,303,0.043458547786790494,,446,446,446.0,,,"1,2,4",none,
lstm_autoencoder,2,all_fit_engines_refit,304,0.04333948994730855,,446,446,446.0,,,"1,2,4",none,
lstm_autoencoder,2,all_fit_engines_refit,305,0.04322439508123712,,446,446,446.0,,,"1,2,4",none,
lstm_autoencoder,2,all_fit_engines_refit,306,0.043136212455234496,,446,446,446.0,,,"1,2,4",none,
lstm_autoencoder,2,all_fit_engines_refit,307,0.043073554405799276,,446,446,446.0,,,"1,2,4",none,
lstm_autoencoder,2,all_fit_engines_refit,308,0.042914217195855205,,446,446,446.0,,,"1,2,4",none,
lstm_autoencoder,2,all_fit_engines_refit,309,0.04281051731558759,,446,446,446.0,,,"1,2,4",none,
lstm_autoencoder,2,all_fit_engines_refit,310,0.04274465971127784,,446,446,446.0,,,"1,2,4",none,
lstm_autoencoder,2,all_fit_engines_refit,311,0.042671997932661646,,446,446,446.0,,,"1,2,4",none,
lstm_autoencoder,2,all_fit_engines_refit,312,0.04257847832360859,,446,446,446.0,,,"1,2,4",none,
lstm_autoencoder,2,all_fit_engines_refit,313,0.04250164996136676,,446,446,446.0,,,"1,2,4",none,
lstm_autoencoder,2,all_fit_engines_refit,314,0.04238513844728096,,446,446,446.0,,,"1,2,4",none,
lstm_autoencoder,2,all_fit_engines_refit,315,0.042273731800600345,,446,446,446.0,,,"1,2,4",none,
lstm_autoencoder,2,all_fit_engines_refit,316,0.04215925806545575,,446,446,446.0,,,"1,2,4",none,
lstm_autoencoder,2,all_fit_engines_refit,317,0.04206878614201089,,446,446,446.0,,,"1,2,4",none,
lstm_autoencoder,2,all_fit_engines_refit,318,0.04196295673843456,,446,446,446.0,,,"1,2,4",none,
lstm_autoencoder,2,all_fit_engines_refit,319,0.04189051533793355,,446,446,446.0,,,"1,2,4",none,
lstm_autoencoder,2,all_fit_engines_refit,320,0.041781044904628015,,446,446,446.0,,,"1,2,4",none,
lstm_autoencoder,2,all_fit_engines_refit,321,0.04171085327723337,,446,446,446.0,,,"1,2,4",none,
lstm_autoencoder,2,all_fit_engines_refit,322,0.04158449948489011,,446,446,446.0,,,"1,2,4",none,
lstm_autoencoder,2,all_fit_engines_refit,323,0.04149469564249227,,446,446,446.0,,,"1,2,4",none,
lstm_autoencoder,2,all_fit_engines_refit,324,0.041391818587035174,,446,446,446.0,,,"1,2,4",none,
lstm_autoencoder,2,all_fit_engines_refit,325,0.041467340729861656,,446,446,446.0,,,"1,2,4",none,
lstm_autoencoder,2,all_fit_engines_refit,326,0.041299976965696136,,446,446,446.0,,,"1,2,4",none,
lstm_autoencoder,2,all_fit_engines_refit,327,0.04115540425107468,,446,446,446.0,,,"1,2,4",none,
lstm_autoencoder,2,all_fit_engines_refit,328,0.04103977772280036,,446,446,446.0,,,"1,2,4",none,
lstm_autoencoder,2,all_fit_engines_refit,329,0.04094830343824354,,446,446,446.0,,,"1,2,4",none,
lstm_autoencoder,2,all_fit_engines_refit,330,0.040875645372519503,,446,446,446.0,,,"1,2,4",none,
lstm_autoencoder,2,all_fit_engines_refit,331,0.040812160426069465,,446,446,446.0,,,"1,2,4",none,
lstm_autoencoder,2,all_fit_engines_refit,332,0.04069061830242163,,446,446,446.0,,,"1,2,4",none,
lstm_autoencoder,2,all_fit_engines_refit,333,0.04061050199451776,,446,446,446.0,,,"1,2,4",none,
lstm_autoencoder,2,all_fit_engines_refit,334,0.04052109555135155,,446,446,446.0,,,"1,2,4",none,
lstm_autoencoder,2,all_fit_engines_refit,335,0.04044866397204916,,446,446,446.0,,,"1,2,4",none,
lstm_autoencoder,2,all_fit_engines_refit,336,0.04034775810301584,,446,446,446.0,,,"1,2,4",none,
lstm_autoencoder,2,all_fit_engines_refit,337,0.04025051805624969,,446,446,446.0,,,"1,2,4",none,
lstm_autoencoder,2,all_fit_engines_refit,338,0.04017981009730365,,446,446,446.0,,,"1,2,4",none,
lstm_autoencoder,2,all_fit_engines_refit,339,0.04014638831888675,,446,446,446.0,,,"1,2,4",none,
lstm_autoencoder,2,all_fit_engines_refit,340,0.040041147229061394,,446,446,446.0,,,"1,2,4",none,
lstm_autoencoder,2,all_fit_engines_refit,341,0.039996591085916036,,446,446,446.0,,,"1,2,4",none,
lstm_autoencoder,2,all_fit_engines_refit,342,0.039919521265913215,,446,446,446.0,,,"1,2,4",none,
lstm_autoencoder,2,all_fit_engines_refit,343,0.03979000241266128,,446,446,446.0,,,"1,2,4",none,
lstm_autoencoder,2,all_fit_engines_refit,344,0.039730457683185956,,446,446,446.0,,,"1,2,4",none,
lstm_autoencoder,2,all_fit_engines_refit,345,0.03962292537958693,,446,446,446.0,,,"1,2,4",none,
lstm_autoencoder,2,all_fit_engines_refit,346,0.03965467563790841,,446,446,446.0,,,"1,2,4",none,
lstm_autoencoder,2,all_fit_engines_refit,347,0.039620067650332366,,446,446,446.0,,,"1,2,4",none,
lstm_autoencoder,2,all_fit_engines_refit,348,0.03941516343241022,,446,446,446.0,,,"1,2,4",none,
lstm_autoencoder,2,all_fit_engines_refit,349,0.03929474631508628,,446,446,446.0,,,"1,2,4",none,
lstm_autoencoder,2,all_fit_engines_refit,350,0.039212858478540155,,446,446,446.0,,,"1,2,4",none,
lstm_autoencoder,2,all_fit_engines_refit,351,0.03915430281562745,,446,446,446.0,,,"1,2,4",none,
lstm_autoencoder,2,all_fit_engines_refit,352,0.03906742521133303,,446,446,446.0,,,"1,2,4",none,
lstm_autoencoder,2,all_fit_engines_refit,353,0.038959840448160935,,446,446,446.0,,,"1,2,4",none,
lstm_autoencoder,2,all_fit_engines_refit,354,0.038917933393684996,,446,446,446.0,,,"1,2,4",none,
lstm_autoencoder,2,all_fit_engines_refit,355,0.038904021306539444,,446,446,446.0,,,"1,2,4",none,
lstm_autoencoder,2,all_fit_engines_refit,356,0.038853080066818646,,446,446,446.0,,,"1,2,4",none,
lstm_autoencoder,2,all_fit_engines_refit,357,0.03873300070291037,,446,446,446.0,,,"1,2,4",none,
lstm_autoencoder,2,all_fit_engines_refit,358,0.03860187979657759,,446,446,446.0,,,"1,2,4",none,
lstm_autoencoder,2,all_fit_engines_refit,359,0.03851135553333037,,446,446,446.0,,,"1,2,4",none,
lstm_autoencoder,2,all_fit_engines_refit,360,0.03841806097345038,,446,446,446.0,,,"1,2,4",none,
lstm_autoencoder,2,all_fit_engines_refit,361,0.03839662824358259,,446,446,446.0,,,"1,2,4",none,
lstm_autoencoder,2,all_fit_engines_refit,362,0.03834784299649848,,446,446,446.0,,,"1,2,4",none,
lstm_autoencoder,2,all_fit_engines_refit,363,0.03825721153846154,,446,446,446.0,,,"1,2,4",none,
lstm_autoencoder,2,all_fit_engines_refit,364,0.03816300324779852,,446,446,446.0,,,"1,2,4",none,
lstm_autoencoder,2,all_fit_engines_refit,365,0.038051297892955256,,446,446,446.0,,,"1,2,4",none,
lstm_autoencoder,2,all_fit_engines_refit,366,0.03793564345810439,,446,446,446.0,,,"1,2,4",none,
lstm_autoencoder,2,all_fit_engines_refit,367,0.03785002536264656,,446,446,446.0,,,"1,2,4",none,
lstm_autoencoder,2,all_fit_engines_refit,368,0.037804634776931356,,446,446,446.0,,,"1,2,4",none,
lstm_autoencoder,2,all_fit_engines_refit,369,0.03771186098011921,,446,446,446.0,,,"1,2,4",none,
lstm_autoencoder,2,all_fit_engines_refit,370,0.03763253108672856,,446,446,446.0,,,"1,2,4",none,
lstm_autoencoder,2,all_fit_engines_refit,371,0.0375565641154674,,446,446,446.0,,,"1,2,4",none,
lstm_autoencoder,2,all_fit_engines_refit,372,0.03755226207116335,,446,446,446.0,,,"1,2,4",none,
lstm_autoencoder,2,all_fit_engines_refit,373,0.03740145792579352,,446,446,446.0,,,"1,2,4",none,
lstm_autoencoder,2,all_fit_engines_refit,374,0.037383635564351946,,446,446,446.0,,,"1,2,4",none,
lstm_autoencoder,2,all_fit_engines_refit,375,0.03735173475424199,,446,446,446.0,,,"1,2,4",none,
lstm_autoencoder,2,all_fit_engines_refit,376,0.03725042082638344,,446,446,446.0,,,"1,2,4",none,
lstm_autoencoder,2,all_fit_engines_refit,377,0.037128341171767686,,446,446,446.0,,,"1,2,4",none,
lstm_autoencoder,2,all_fit_engines_refit,378,0.037008794907310884,,446,446,446.0,,,"1,2,4",none,
lstm_autoencoder,2,all_fit_engines_refit,379,0.03694683188733351,,446,446,446.0,,,"1,2,4",none,
lstm_autoencoder,2,all_fit_engines_refit,380,0.03688997852558992,,446,446,446.0,,,"1,2,4",none,
lstm_autoencoder,2,all_fit_engines_refit,381,0.036894275659294665,,446,446,446.0,,,"1,2,4",none,
lstm_autoencoder,2,all_fit_engines_refit,382,0.03678938717445362,,446,446,446.0,,,"1,2,4",none,
lstm_autoencoder,2,all_fit_engines_refit,383,0.03668892325935783,,446,446,446.0,,,"1,2,4",none,
lstm_autoencoder,2,all_fit_engines_refit,384,0.036634754558185954,,446,446,446.0,,,"1,2,4",none,
lstm_autoencoder,2,all_fit_engines_refit,385,0.0365285967433097,,446,446,446.0,,,"1,2,4",none,
lstm_autoencoder,2,all_fit_engines_refit,386,0.03651037554538793,,446,446,446.0,,,"1,2,4",none,
lstm_autoencoder,2,all_fit_engines_refit,387,0.03649485110488005,,446,446,446.0,,,"1,2,4",none,
lstm_autoencoder,2,all_fit_engines_refit,388,0.036596709390637264,,446,446,446.0,,,"1,2,4",none,
lstm_autoencoder,2,all_fit_engines_refit,389,0.03640240152739281,,446,446,446.0,,,"1,2,4",none,
lstm_autoencoder,2,all_fit_engines_refit,390,0.03632423748213979,,446,446,446.0,,,"1,2,4",none,
lstm_autoencoder,2,all_fit_engines_refit,391,0.036141746916239455,,446,446,446.0,,,"1,2,4",none,
lstm_autoencoder,2,all_fit_engines_refit,392,0.03605152722991991,,446,446,446.0,,,"1,2,4",none,
lstm_autoencoder,2,all_fit_engines_refit,393,0.03603178171011118,,446,446,446.0,,,"1,2,4",none,
lstm_autoencoder,2,all_fit_engines_refit,394,0.035969092400519403,,446,446,446.0,,,"1,2,4",none,
lstm_autoencoder,2,all_fit_engines_refit,395,0.035904151641031265,,446,446,446.0,,,"1,2,4",none,
lstm_autoencoder,2,all_fit_engines_refit,396,0.035767194906621,,446,446,446.0,,,"1,2,4",none,
lstm_autoencoder,2,all_fit_engines_refit,397,0.03571359846992433,,446,446,446.0,,,"1,2,4",none,
lstm_autoencoder,2,all_fit_engines_refit,398,0.035701936994280134,,446,446,446.0,,,"1,2,4",none,
lstm_autoencoder,2,all_fit_engines_refit,399,0.03565186804467505,,446,446,446.0,,,"1,2,4",none,
lstm_autoencoder,2,all_fit_engines_refit,400,0.03557276739243248,,446,446,446.0,,,"1,2,4",none,
lstm_autoencoder,2,all_fit_engines_refit,401,0.035538433320481136,,446,446,446.0,,,"1,2,4",none,
lstm_autoencoder,2,all_fit_engines_refit,402,0.035422014149616425,,446,446,446.0,,,"1,2,4",none,
lstm_autoencoder,2,all_fit_engines_refit,403,0.03533433204543085,,446,446,446.0,,,"1,2,4",none,
lstm_autoencoder,2,all_fit_engines_refit,404,0.035291148115364684,,446,446,446.0,,,"1,2,4",none,
lstm_autoencoder,2,all_fit_engines_refit,405,0.0352194858233633,,446,446,446.0,,,"1,2,4",none,
lstm_autoencoder,2,all_fit_engines_refit,406,0.035146473715406384,,446,446,446.0,,,"1,2,4",none,
lstm_autoencoder,2,all_fit_engines_refit,407,0.03503406722279882,,446,446,446.0,,,"1,2,4",none,
lstm_autoencoder,2,all_fit_engines_refit,408,0.03495310269869291,,446,446,446.0,,,"1,2,4",none,
lstm_autoencoder,2,all_fit_engines_refit,409,0.03491450263342266,,446,446,446.0,,,"1,2,4",none,
lstm_autoencoder,2,all_fit_engines_refit,410,0.034913605550768986,,446,446,446.0,,,"1,2,4",none,
lstm_autoencoder,2,all_fit_engines_refit,411,0.03488285968966162,,446,446,446.0,,,"1,2,4",none,
lstm_autoencoder,2,all_fit_engines_refit,412,0.03504076899314413,,446,446,446.0,,,"1,2,4",none,
lstm_autoencoder,2,all_fit_engines_refit,413,0.03492092833227041,,446,446,446.0,,,"1,2,4",none,
lstm_autoencoder,2,all_fit_engines_refit,414,0.03464759443393869,,446,446,446.0,,,"1,2,4",none,
lstm_autoencoder,2,all_fit_engines_refit,415,0.03452322679935856,,446,446,446.0,,,"1,2,4",none,
lstm_autoencoder,2,all_fit_engines_refit,416,0.034479038591849,,446,446,446.0,,,"1,2,4",none,
lstm_autoencoder,2,all_fit_engines_refit,417,0.03442162470316026,,446,446,446.0,,,"1,2,4",none,
lstm_autoencoder,2,all_fit_engines_refit,418,0.03434388476600827,,446,446,446.0,,,"1,2,4",none,
lstm_autoencoder,2,all_fit_engines_refit,419,0.03427771000884579,,446,446,446.0,,,"1,2,4",none,
lstm_autoencoder,2,all_fit_engines_refit,420,0.03418797898704253,,446,446,446.0,,,"1,2,4",none,
lstm_autoencoder,2,all_fit_engines_refit,421,0.034131882935528476,,446,446,446.0,,,"1,2,4",none,
lstm_autoencoder,2,all_fit_engines_refit,422,0.03408314260246241,,446,446,446.0,,,"1,2,4",none,
lstm_autoencoder,2,all_fit_engines_refit,423,0.03405156708961379,,446,446,446.0,,,"1,2,4",none,
lstm_autoencoder,2,all_fit_engines_refit,424,0.034003366323617785,,446,446,446.0,,,"1,2,4",none,
lstm_autoencoder,2,all_fit_engines_refit,425,0.03398826179923592,,446,446,446.0,,,"1,2,4",none,
lstm_autoencoder,2,all_fit_engines_refit,426,0.03404999641646021,,446,446,446.0,,,"1,2,4",none,
lstm_autoencoder,2,all_fit_engines_refit,427,0.03388475810339911,,446,446,446.0,,,"1,2,4",none,
lstm_autoencoder,2,all_fit_engines_refit,428,0.033764689399084453,,446,446,446.0,,,"1,2,4",none,
lstm_autoencoder,2,all_fit_engines_refit,429,0.03371974963033966,,446,446,446.0,,,"1,2,4",none,
lstm_autoencoder,2,all_fit_engines_refit,430,0.033682458060128345,,446,446,446.0,,,"1,2,4",none,
lstm_autoencoder,2,all_fit_engines_refit,431,0.03377452473064045,,446,446,446.0,,,"1,2,4",none,
lstm_autoencoder,2,all_fit_engines_refit,432,0.03366684055777509,,446,446,446.0,,,"1,2,4",none,
lstm_autoencoder,2,all_fit_engines_refit,433,0.03344375682213992,,446,446,446.0,,,"1,2,4",none,
lstm_autoencoder,2,all_fit_engines_refit,434,0.03337200278577101,,446,446,446.0,,,"1,2,4",none,
lstm_autoencoder,2,all_fit_engines_refit,435,0.033321162632533485,,446,446,446.0,,,"1,2,4",none,
lstm_autoencoder,2,all_fit_engines_refit,436,0.03324655122622216,,446,446,446.0,,,"1,2,4",none,
lstm_autoencoder,2,all_fit_engines_refit,437,0.033226423757604005,,446,446,446.0,,,"1,2,4",none,
lstm_autoencoder,2,all_fit_engines_refit,438,0.03322332205540344,,446,446,446.0,,,"1,2,4",none,
lstm_autoencoder,2,all_fit_engines_refit,439,0.03316679686541834,,446,446,446.0,,,"1,2,4",none,
lstm_autoencoder,2,all_fit_engines_refit,440,0.03301923718894108,,446,446,446.0,,,"1,2,4",none,
lstm_autoencoder,2,all_fit_engines_refit,441,0.03293255708655533,,446,446,446.0,,,"1,2,4",none,
lstm_autoencoder,2,all_fit_engines_refit,442,0.03291634791687108,,446,446,446.0,,,"1,2,4",none,
lstm_autoencoder,2,all_fit_engines_refit,443,0.03286030324699366,,446,446,446.0,,,"1,2,4",none,
lstm_autoencoder,2,all_fit_engines_refit,444,0.032805811883516174,,446,446,446.0,,,"1,2,4",none,
lstm_autoencoder,2,all_fit_engines_refit,445,0.03270262486144924,,446,446,446.0,,,"1,2,4",none,
lstm_autoencoder,2,all_fit_engines_refit,446,0.03265114932456982,,446,446,446.0,,,"1,2,4",none,
cvae,0,engine_disjoint_epoch_selection,1,56.24748009903032,3.075544553279867,14,20,600.0,6.0,0.0001,"1,2",4,0.478
cvae,0,engine_disjoint_epoch_selection,2,1.840051071044274,-5.31155200439164,14,20,600.0,6.0,0.0001,"1,2",4,0.245
cvae,0,engine_disjoint_epoch_selection,3,-5.29454009590838,-12.21102376893745,14,20,600.0,6.0,0.0001,"1,2",4,0.237
cvae,0,engine_disjoint_epoch_selection,4,1.6337218586798867,-14.750278649202796,14,20,600.0,6.0,0.0001,"1,2",4,0.242
cvae,0,engine_disjoint_epoch_selection,5,0.44169181470889857,-17.619272983371328,14,20,600.0,6.0,0.0001,"1,2",4,0.235
cvae,0,engine_disjoint_epoch_selection,6,-1.8200640848612215,-15.307861908087052,14,20,600.0,6.0,0.0001,"1,2",4,0.297
cvae,0,engine_disjoint_epoch_selection,7,-2.0597755812514316,-18.745026245438925,14,20,600.0,6.0,0.0001,"1,2",4,0.282
cvae,0,engine_disjoint_epoch_selection,8,-5.662017881329342,-21.571467690812128,14,20,600.0,6.0,0.0001,"1,2",4,0.283
cvae,0,engine_disjoint_epoch_selection,9,-13.128734295925332,-21.214202616157674,14,20,600.0,6.0,0.0001,"1,2",4,0.28
cvae,0,engine_disjoint_epoch_selection,10,-12.447387657489795,-17.54239297303403,14,20,600.0,6.0,0.0001,"1,2",4,0.307
cvae,0,engine_disjoint_epoch_selection,11,-10.32706727107217,-25.08545470415477,14,20,600.0,6.0,0.0001,"1,2",4,0.273
cvae,0,engine_disjoint_epoch_selection,12,-18.436921656860566,-24.938238928480963,14,20,600.0,6.0,0.0001,"1,2",4,0.267
cvae,0,engine_disjoint_epoch_selection,13,-16.50584527206457,-23.16706715135583,14,20,600.0,6.0,0.0001,"1,2",4,0.264
cvae,0,engine_disjoint_epoch_selection,14,-16.392613592830152,-27.303563115702424,14,20,600.0,6.0,0.0001,"1,2",4,0.259
cvae,0,engine_disjoint_epoch_selection,15,-21.025804811023473,-23.605227352077385,14,20,600.0,6.0,0.0001,"1,2",4,0.245
cvae,0,engine_disjoint_epoch_selection,16,-19.976801757110863,-7.303908405386348,14,20,600.0,6.0,0.0001,"1,2",4,0.243
cvae,0,engine_disjoint_epoch_selection,17,-8.13253340571437,-25.053323723412266,14,20,600.0,6.0,0.0001,"1,2",4,0.296
cvae,0,engine_disjoint_epoch_selection,18,-25.132495096247975,-25.31430945486161,14,20,600.0,6.0,0.0001,"1,2",4,0.3
cvae,0,engine_disjoint_epoch_selection,19,-16.47392725951478,-22.564571096301165,14,20,600.0,6.0,0.0001,"1,2",4,0.31
cvae,0,engine_disjoint_epoch_selection,20,-23.787793937449763,-26.833236207238848,14,20,600.0,6.0,0.0001,"1,2",4,0.278
cvae,0,all_fit_engines_refit,1,30.856498295152477,,14,14,,,,"1,2,4",none,0.435
cvae,0,all_fit_engines_refit,2,-5.168165058448155,,14,14,,,,"1,2,4",none,0.435
cvae,0,all_fit_engines_refit,3,-12.69319105117599,,14,14,,,,"1,2,4",none,0.424
cvae,0,all_fit_engines_refit,4,-0.604186586455327,,14,14,,,,"1,2,4",none,0.393
cvae,0,all_fit_engines_refit,5,-7.6533352566756525,,14,14,,,,"1,2,4",none,0.396
cvae,0,all_fit_engines_refit,6,-17.343746123199157,,14,14,,,,"1,2,4",none,0.4
cvae,0,all_fit_engines_refit,7,-10.399321423801142,,14,14,,,,"1,2,4",none,0.427
cvae,0,all_fit_engines_refit,8,-13.337303269858943,,14,14,,,,"1,2,4",none,0.424
cvae,0,all_fit_engines_refit,9,-12.281114226112884,,14,14,,,,"1,2,4",none,0.452
cvae,0,all_fit_engines_refit,10,-12.5944070219787,,14,14,,,,"1,2,4",none,0.418
cvae,0,all_fit_engines_refit,11,-16.532160400551195,,14,14,,,,"1,2,4",none,0.434
cvae,0,all_fit_engines_refit,12,-21.68748028247203,,14,14,,,,"1,2,4",none,0.478
cvae,0,all_fit_engines_refit,13,-26.95974155647306,,14,14,,,,"1,2,4",none,0.469
cvae,0,all_fit_engines_refit,14,-19.735243026936356,,14,14,,,,"1,2,4",none,0.471
cvae,1,engine_disjoint_epoch_selection,1,29.0167410866203,-0.27466168456867457,39,45,600.0,6.0,0.0001,"1,2",4,0.27
cvae,1,engine_disjoint_epoch_selection,2,2.2429186161694576,-8.86852164671089,39,45,600.0,6.0,0.0001,"1,2",4,0.266
cvae,1,engine_disjoint_epoch_selection,3,-10.184142869892632,-13.235902168778624,39,45,600.0,6.0,0.0001,"1,2",4,0.275
cvae,1,engine_disjoint_epoch_selection,4,-10.204716667115715,-7.816035903281236,39,45,600.0,6.0,0.0001,"1,2",4,0.269
cvae,1,engine_disjoint_epoch_selection,5,-5.045913763917703,-9.165448846638325,39,45,600.0,6.0,0.0001,"1,2",4,0.265
cvae,1,engine_disjoint_epoch_selection,6,-11.051301006318115,-13.090626347785012,39,45,600.0,6.0,0.0001,"1,2",4,0.281
cvae,1,engine_disjoint_epoch_selection,7,-5.532734342724625,-22.0884925687841,39,45,600.0,6.0,0.0001,"1,2",4,0.289
cvae,1,engine_disjoint_epoch_selection,8,-12.887828970263996,-22.42398920402812,39,45,600.0,6.0,0.0001,"1,2",4,0.294
cvae,1,engine_disjoint_epoch_selection,9,-11.204810195538252,-22.992417104803764,39,45,600.0,6.0,0.0001,"1,2",4,0.329
cvae,1,engine_disjoint_epoch_selection,10,-11.628643126762515,-23.57791053103585,39,45,600.0,6.0,0.0001,"1,2",4,0.255
cvae,1,engine_disjoint_epoch_selection,11,-17.24553140422016,-21.4658689490871,39,45,600.0,6.0,0.0001,"1,2",4,0.249
cvae,1,engine_disjoint_epoch_selection,12,-17.25623283090398,-17.32306556482033,39,45,600.0,6.0,0.0001,"1,2",4,-1.897
cvae,1,engine_disjoint_epoch_selection,13,-17.294480145277074,-12.276861569215392,39,45,600.0,6.0,0.0001,"1,2",4,0.258
cvae,1,engine_disjoint_epoch_selection,14,-10.818692556849564,-26.108162742259008,39,45,600.0,6.0,0.0001,"1,2",4,0.301
cvae,1,engine_disjoint_epoch_selection,15,-15.903449944612651,-22.390344211455915,39,45,600.0,6.0,0.0001,"1,2",4,0.307
cvae,1,engine_disjoint_epoch_selection,16,-18.59823127789715,-21.77249945232863,39,45,600.0,6.0,0.0001,"1,2",4,0.313
cvae,1,engine_disjoint_epoch_selection,17,-20.390301263959802,-25.39399906211278,39,45,600.0,6.0,0.0001,"1,2",4,0.339
cvae,1,engine_disjoint_epoch_selection,18,-19.264158207010322,-26.598860244535267,39,45,600.0,6.0,0.0001,"1,2",4,0.273
cvae,1,engine_disjoint_epoch_selection,19,-19.37772419948651,-24.818964447570735,39,45,600.0,6.0,0.0001,"1,2",4,0.281
cvae,1,engine_disjoint_epoch_selection,20,-22.180647937968413,-21.41053082191781,39,45,600.0,6.0,0.0001,"1,2",4,0.266
cvae,1,engine_disjoint_epoch_selection,21,-21.551422933562122,-26.95736421172975,39,45,600.0,6.0,0.0001,"1,2",4,0.25
cvae,1,engine_disjoint_epoch_selection,22,-22.899311890767223,-9.245390147392058,39,45,600.0,6.0,0.0001,"1,2",4,0.234
cvae,1,engine_disjoint_epoch_selection,23,-17.981659807250587,-28.594304945130176,39,45,600.0,6.0,0.0001,"1,2",4,0.321
cvae,1,engine_disjoint_epoch_selection,24,-26.929964138550606,-26.432853778590157,39,45,600.0,6.0,0.0001,"1,2",4,0.292
cvae,1,engine_disjoint_epoch_selection,25,-28.16429151483208,-29.213274783840955,39,45,600.0,6.0,0.0001,"1,2",4,0.235
cvae,1,engine_disjoint_epoch_selection,26,-29.819089035269407,-26.253437921450235,39,45,600.0,6.0,0.0001,"1,2",4,0.319
cvae,1,engine_disjoint_epoch_selection,27,-24.76395390739718,-28.976225500263567,39,45,600.0,6.0,0.0001,"1,2",4,0.328
cvae,1,engine_disjoint_epoch_selection,28,-26.987096024571944,-31.178520970679045,39,45,600.0,6.0,0.0001,"1,2",4,0.341
cvae,1,engine_disjoint_epoch_selection,29,-27.16763259495696,-22.535237946095446,39,45,600.0,6.0,0.0001,"1,2",4,0.327
cvae,1,engine_disjoint_epoch_selection,30,-26.0284507602675,-29.20228605731381,39,45,600.0,6.0,0.0001,"1,2",4,0.32
cvae,1,engine_disjoint_epoch_selection,31,-30.747920746695,-27.312210761057827,39,45,600.0,6.0,0.0001,"1,2",4,0.298
cvae,1,engine_disjoint_epoch_selection,32,-32.70220890558976,-23.57816425691264,39,45,600.0,6.0,0.0001,"1,2",4,0.255
cvae,1,engine_disjoint_epoch_selection,33,-29.72743172495319,-32.41954172742396,39,45,600.0,6.0,0.0001,"1,2",4,0.23
cvae,1,engine_disjoint_epoch_selection,34,-33.66943174537087,-32.75961591122247,39,45,600.0,6.0,0.0001,"1,2",4,0.231
cvae,1,engine_disjoint_epoch_selection,35,-32.483915321485185,-32.667377141908496,39,45,600.0,6.0,0.0001,"1,2",4,0.237
cvae,1,engine_disjoint_epoch_selection,36,-34.10696003017607,-32.13050388333231,39,45,600.0,6.0,0.0001,"1,2",4,0.232
cvae,1,engine_disjoint_epoch_selection,37,-30.44686455961795,-30.056997400272465,39,45,600.0,6.0,0.0001,"1,2",4,0.228
cvae,1,engine_disjoint_epoch_selection,38,-34.03994884493451,-29.583868596523654,39,45,600.0,6.0,0.0001,"1,2",4,0.231
cvae,1,engine_disjoint_epoch_selection,39,-38.12802429030661,-36.21166129264135,39,45,600.0,6.0,0.0001,"1,2",4,0.255
cvae,1,engine_disjoint_epoch_selection,40,-33.14144664508707,-32.68041428771915,39,45,600.0,6.0,0.0001,"1,2",4,0.266
cvae,1,engine_disjoint_epoch_selection,41,-33.91447019586662,-32.02425157284372,39,45,600.0,6.0,0.0001,"1,2",4,0.333
cvae,1,engine_disjoint_epoch_selection,42,-31.106113038395346,-33.540650907423,39,45,600.0,6.0,0.0001,"1,2",4,0.31
cvae,1,engine_disjoint_epoch_selection,43,-33.76207370895695,-31.284279521198304,39,45,600.0,6.0,0.0001,"1,2",4,0.319
cvae,1,engine_disjoint_epoch_selection,44,-34.38567330851778,-33.418856924277584,39,45,600.0,6.0,0.0001,"1,2",4,0.293
cvae,1,engine_disjoint_epoch_selection,45,-34.38210551142717,-34.890813155066304,39,45,600.0,6.0,0.0001,"1,2",4,0.269
cvae,1,all_fit_engines_refit,1,29.26910460717972,,39,39,,,,"1,2,4",none,0.36
cvae,1,all_fit_engines_refit,2,-1.6610573684365695,,39,39,,,,"1,2,4",none,0.336
cvae,1,all_fit_engines_refit,3,1.5849765767919881,,39,39,,,,"1,2,4",none,0.353
cvae,1,all_fit_engines_refit,4,-6.205048855814076,,39,39,,,,"1,2,4",none,0.326
cvae,1,all_fit_engines_refit,5,-10.94618816826272,,39,39,,,,"1,2,4",none,0.331
cvae,1,all_fit_engines_refit,6,-17.18775139765605,,39,39,,,,"1,2,4",none,0.34
cvae,1,all_fit_engines_refit,7,-19.13635555254041,,39,39,,,,"1,2,4",none,0.345
cvae,1,all_fit_engines_refit,8,-4.984235083483703,,39,39,,,,"1,2,4",none,0.382
cvae,1,all_fit_engines_refit,9,-5.832247353578185,,39,39,,,,"1,2,4",none,0.449
cvae,1,all_fit_engines_refit,10,-19.752330723420812,,39,39,,,,"1,2,4",none,0.451
cvae,1,all_fit_engines_refit,11,-19.534204956052005,,39,39,,,,"1,2,4",none,0.385
cvae,1,all_fit_engines_refit,12,-16.665379956796983,,39,39,,,,"1,2,4",none,0.361
cvae,1,all_fit_engines_refit,13,-22.275799554840233,,39,39,,,,"1,2,4",none,0.491
cvae,1,all_fit_engines_refit,14,-24.79095124831138,,39,39,,,,"1,2,4",none,0.527
cvae,1,all_fit_engines_refit,15,-26.34725463456681,,39,39,,,,"1,2,4",none,0.51
cvae,1,all_fit_engines_refit,16,-23.26621278773127,,39,39,,,,"1,2,4",none,0.61
cvae,1,all_fit_engines_refit,17,-25.748035578121222,,39,39,,,,"1,2,4",none,0.442
cvae,1,all_fit_engines_refit,18,-25.062899100796187,,39,39,,,,"1,2,4",none,0.335
cvae,1,all_fit_engines_refit,19,-22.828353089794422,,39,39,,,,"1,2,4",none,0.35
cvae,1,all_fit_engines_refit,20,-27.64627738883845,,39,39,,,,"1,2,4",none,0.48
cvae,1,all_fit_engines_refit,21,-28.896569568854307,,39,39,,,,"1,2,4",none,0.405
cvae,1,all_fit_engines_refit,22,-29.51679652034207,,39,39,,,,"1,2,4",none,0.408
cvae,1,all_fit_engines_refit,23,-31.087714527761012,,39,39,,,,"1,2,4",none,0.687
cvae,1,all_fit_engines_refit,24,-31.69282739801068,,39,39,,,,"1,2,4",none,0.441
cvae,1,all_fit_engines_refit,25,-30.72513386916929,,39,39,,,,"1,2,4",none,0.463
cvae,1,all_fit_engines_refit,26,-36.01099226922322,,39,39,,,,"1,2,4",none,0.468
cvae,1,all_fit_engines_refit,27,-34.741224996681936,,39,39,,,,"1,2,4",none,0.417
cvae,1,all_fit_engines_refit,28,-36.30329222154452,,39,39,,,,"1,2,4",none,0.446
cvae,1,all_fit_engines_refit,29,-38.18234922428055,,39,39,,,,"1,2,4",none,0.378
cvae,1,all_fit_engines_refit,30,-37.81615881500239,,39,39,,,,"1,2,4",none,0.4
cvae,1,all_fit_engines_refit,31,-34.718369878686644,,39,39,,,,"1,2,4",none,0.496
cvae,1,all_fit_engines_refit,32,-37.195107954175604,,39,39,,,,"1,2,4",none,0.474
cvae,1,all_fit_engines_refit,33,-38.744115135199564,,39,39,,,,"1,2,4",none,0.518
cvae,1,all_fit_engines_refit,34,-36.60735094011166,,39,39,,,,"1,2,4",none,0.414
cvae,1,all_fit_engines_refit,35,-37.75720507729614,,39,39,,,,"1,2,4",none,0.368
cvae,1,all_fit_engines_refit,36,-39.057750879340325,,39,39,,,,"1,2,4",none,0.404
cvae,1,all_fit_engines_refit,37,-37.79187240128859,,39,39,,,,"1,2,4",none,0.404
cvae,1,all_fit_engines_refit,38,-36.99401567907708,,39,39,,,,"1,2,4",none,0.39
cvae,1,all_fit_engines_refit,39,-38.379909449820275,,39,39,,,,"1,2,4",none,0.409
cvae,2,engine_disjoint_epoch_selection,1,38.55831294163325,4.120342627273692,40,46,600.0,6.0,0.0001,"1,2",4,0.345
cvae,2,engine_disjoint_epoch_selection,2,3.850990283042406,3.5356416397965402,40,46,600.0,6.0,0.0001,"1,2",4,0.359
cvae,2,engine_disjoint_epoch_selection,3,30.172289031991877,0.5899982371827784,40,46,600.0,6.0,0.0001,"1,2",4,0.301
cvae,2,engine_disjoint_epoch_selection,4,-2.8176756457460495,-6.737799336633054,40,46,600.0,6.0,0.0001,"1,2",4,0.269
cvae,2,engine_disjoint_epoch_selection,5,6.435780132552859,-8.175736404058245,40,46,600.0,6.0,0.0001,"1,2",4,0.266
cvae,2,engine_disjoint_epoch_selection,6,-16.551752537054938,-15.025043984856886,40,46,600.0,6.0,0.0001,"1,2",4,0.258
cvae,2,engine_disjoint_epoch_selection,7,-12.86753358651786,-17.70517267051406,40,46,600.0,6.0,0.0001,"1,2",4,0.296
cvae,2,engine_disjoint_epoch_selection,8,-9.208376387630617,-15.851346159112225,40,46,600.0,6.0,0.0001,"1,2",4,0.274
cvae,2,engine_disjoint_epoch_selection,9,-15.173735219281701,-15.510587172167341,40,46,600.0,6.0,0.0001,"1,2",4,0.251
cvae,2,engine_disjoint_epoch_selection,10,-9.580656661090043,-21.54541992702279,40,46,600.0,6.0,0.0001,"1,2",4,0.271
cvae,2,engine_disjoint_epoch_selection,11,-8.080716230205372,-12.826418982289677,40,46,600.0,6.0,0.0001,"1,2",4,0.297
cvae,2,engine_disjoint_epoch_selection,12,-22.376347461808408,-20.137793688772053,40,46,600.0,6.0,0.0001,"1,2",4,0.26
cvae,2,engine_disjoint_epoch_selection,13,-10.956288350687663,-23.265618047140812,40,46,600.0,6.0,0.0001,"1,2",4,0.256
cvae,2,engine_disjoint_epoch_selection,14,-12.797164192399613,-24.687220174159496,40,46,600.0,6.0,0.0001,"1,2",4,0.251
cvae,2,engine_disjoint_epoch_selection,15,-22.654538493015046,-23.835625851457834,40,46,600.0,6.0,0.0001,"1,2",4,0.276
cvae,2,engine_disjoint_epoch_selection,16,-23.466914022331192,-20.77706609024255,40,46,600.0,6.0,0.0001,"1,2",4,0.304
cvae,2,engine_disjoint_epoch_selection,17,-19.982134379140543,-24.33627535547295,40,46,600.0,6.0,0.0001,"1,2",4,0.306
cvae,2,engine_disjoint_epoch_selection,18,-24.252216182458866,-26.34402148240948,40,46,600.0,6.0,0.0001,"1,2",4,0.352
cvae,2,engine_disjoint_epoch_selection,19,-24.75529951126663,-24.471538631369246,40,46,600.0,6.0,0.0001,"1,2",4,0.344
cvae,2,engine_disjoint_epoch_selection,20,-23.692706649400744,-29.05328072265237,40,46,600.0,6.0,0.0001,"1,2",4,-1.901
cvae,2,engine_disjoint_epoch_selection,21,-26.64311106335291,-29.179750877985665,40,46,600.0,6.0,0.0001,"1,2",4,0.338
cvae,2,engine_disjoint_epoch_selection,22,-24.257309475569365,-27.203771829838505,40,46,600.0,6.0,0.0001,"1,2",4,0.376
cvae,2,engine_disjoint_epoch_selection,23,-29.204440432007292,-25.852518090269932,40,46,600.0,6.0,0.0001,"1,2",4,0.371
cvae,2,engine_disjoint_epoch_selection,24,-27.933643846994517,-29.133370600658576,40,46,600.0,6.0,0.0001,"1,2",4,0.339
cvae,2,engine_disjoint_epoch_selection,25,-28.54298586998132,-29.941716213810903,40,46,600.0,6.0,0.0001,"1,2",4,0.336
cvae,2,engine_disjoint_epoch_selection,26,-28.42302210671965,-28.057490946307666,40,46,600.0,6.0,0.0001,"1,2",4,0.351
cvae,2,engine_disjoint_epoch_selection,27,-31.739118879290942,12.162839652519631,40,46,600.0,6.0,0.0001,"1,2",4,0.357
cvae,2,engine_disjoint_epoch_selection,28,-30.04602322611384,-32.57485918855641,40,46,600.0,6.0,0.0001,"1,2",4,0.313
cvae,2,engine_disjoint_epoch_selection,29,-34.32927538907263,-30.163250352563445,40,46,600.0,6.0,0.0001,"1,2",4,0.338
cvae,2,engine_disjoint_epoch_selection,30,-27.33237171134982,-31.266048910476268,40,46,600.0,6.0,0.0001,"1,2",4,0.34
cvae,2,engine_disjoint_epoch_selection,31,-32.77299080179889,-31.616447769266053,40,46,600.0,6.0,0.0001,"1,2",4,0.299
cvae,2,engine_disjoint_epoch_selection,32,-32.51922493652276,-32.56693250121515,40,46,600.0,6.0,0.0001,"1,2",4,0.317
cvae,2,engine_disjoint_epoch_selection,33,-32.791102654495205,-30.050247778508005,40,46,600.0,6.0,0.0001,"1,2",4,0.281
cvae,2,engine_disjoint_epoch_selection,34,-36.39198998523191,-33.49043628870496,40,46,600.0,6.0,0.0001,"1,2",4,0.326
cvae,2,engine_disjoint_epoch_selection,35,-35.40564357377645,-33.468960511182765,40,46,600.0,6.0,0.0001,"1,2",4,0.348
cvae,2,engine_disjoint_epoch_selection,36,-33.72499386417063,-33.74154446749228,40,46,600.0,6.0,0.0001,"1,2",4,0.331
cvae,2,engine_disjoint_epoch_selection,37,-33.99190219621295,-33.78121855168306,40,46,600.0,6.0,0.0001,"1,2",4,0.366
cvae,2,engine_disjoint_epoch_selection,38,-35.72332996336324,-33.149406461152985,40,46,600.0,6.0,0.0001,"1,2",4,0.322
cvae,2,engine_disjoint_epoch_selection,39,-38.01032975118773,-34.09292442819686,40,46,600.0,6.0,0.0001,"1,2",4,0.279
cvae,2,engine_disjoint_epoch_selection,40,-36.57548577771585,-35.35164309968304,40,46,600.0,6.0,0.0001,"1,2",4,0.275
cvae,2,engine_disjoint_epoch_selection,41,-32.51094209748679,-32.352961147850735,40,46,600.0,6.0,0.0001,"1,2",4,0.272
cvae,2,engine_disjoint_epoch_selection,42,-34.4635130661241,-35.076736888405115,40,46,600.0,6.0,0.0001,"1,2",4,0.283
cvae,2,engine_disjoint_epoch_selection,43,-38.45259478926706,-33.475753133707116,40,46,600.0,6.0,0.0001,"1,2",4,0.354
cvae,2,engine_disjoint_epoch_selection,44,-33.67707465055592,-33.224781017025734,40,46,600.0,6.0,0.0001,"1,2",4,0.343
cvae,2,engine_disjoint_epoch_selection,45,-37.138198111090716,-17.040647912345197,40,46,600.0,6.0,0.0001,"1,2",4,0.272
cvae,2,engine_disjoint_epoch_selection,46,-36.22515094350743,-26.335366563293697,40,46,600.0,6.0,0.0001,"1,2",4,0.312
cvae,2,all_fit_engines_refit,1,7.262200135398755,,40,40,,,,"1,2,4",none,0.372
cvae,2,all_fit_engines_refit,2,-10.278324029143398,,40,40,,,,"1,2,4",none,0.342
cvae,2,all_fit_engines_refit,3,7.696326511273393,,40,40,,,,"1,2,4",none,0.314
cvae,2,all_fit_engines_refit,4,-3.786209342992287,,40,40,,,,"1,2,4",none,0.302
cvae,2,all_fit_engines_refit,5,-6.073329982674465,,40,40,,,,"1,2,4",none,0.311
cvae,2,all_fit_engines_refit,6,-15.614090963115153,,40,40,,,,"1,2,4",none,0.377
cvae,2,all_fit_engines_refit,7,-8.977103990671797,,40,40,,,,"1,2,4",none,0.356
cvae,2,all_fit_engines_refit,8,-26.19577870016138,,40,40,,,,"1,2,4",none,0.368
cvae,2,all_fit_engines_refit,9,-21.443804295685542,,40,40,,,,"1,2,4",none,0.36
cvae,2,all_fit_engines_refit,10,-22.14532253345118,,40,40,,,,"1,2,4",none,0.353
cvae,2,all_fit_engines_refit,11,-24.54585109528936,,40,40,,,,"1,2,4",none,0.366
cvae,2,all_fit_engines_refit,12,-23.480027395707058,,40,40,,,,"1,2,4",none,0.431
cvae,2,all_fit_engines_refit,13,-20.901175148816318,,40,40,,,,"1,2,4",none,0.462
cvae,2,all_fit_engines_refit,14,-29.361088638434786,,40,40,,,,"1,2,4",none,0.346
cvae,2,all_fit_engines_refit,15,-23.907030907890487,,40,40,,,,"1,2,4",none,0.353
cvae,2,all_fit_engines_refit,16,-30.21032073202665,,40,40,,,,"1,2,4",none,0.318
cvae,2,all_fit_engines_refit,17,-23.67272876054041,,40,40,,,,"1,2,4",none,0.396
cvae,2,all_fit_engines_refit,18,-27.30387516162363,,40,40,,,,"1,2,4",none,0.391
cvae,2,all_fit_engines_refit,19,-29.33393040028979,,40,40,,,,"1,2,4",none,0.366
cvae,2,all_fit_engines_refit,20,-32.66609982158526,,40,40,,,,"1,2,4",none,0.366
cvae,2,all_fit_engines_refit,21,-33.98429396363484,,40,40,,,,"1,2,4",none,0.346
cvae,2,all_fit_engines_refit,22,-33.01652874369779,,40,40,,,,"1,2,4",none,0.363
cvae,2,all_fit_engines_refit,23,-31.348052898901276,,40,40,,,,"1,2,4",none,0.375
cvae,2,all_fit_engines_refit,24,-33.82406015780468,,40,40,,,,"1,2,4",none,0.36
cvae,2,all_fit_engines_refit,25,-31.227634319855646,,40,40,,,,"1,2,4",none,0.356
cvae,2,all_fit_engines_refit,26,-34.58779499614513,,40,40,,,,"1,2,4",none,0.353
cvae,2,all_fit_engines_refit,27,-33.49376517343195,,40,40,,,,"1,2,4",none,0.323
cvae,2,all_fit_engines_refit,28,-34.78176820344901,,40,40,,,,"1,2,4",none,0.402
cvae,2,all_fit_engines_refit,29,-36.28810481791637,,40,40,,,,"1,2,4",none,0.436
cvae,2,all_fit_engines_refit,30,-36.66027837913321,,40,40,,,,"1,2,4",none,0.417
cvae,2,all_fit_engines_refit,31,-37.20185356782972,,40,40,,,,"1,2,4",none,0.431
cvae,2,all_fit_engines_refit,32,-39.08556853687238,,40,40,,,,"1,2,4",none,0.435
cvae,2,all_fit_engines_refit,33,-36.530783469617084,,40,40,,,,"1,2,4",none,0.422
cvae,2,all_fit_engines_refit,34,-39.054406805089194,,40,40,,,,"1,2,4",none,0.449
cvae,2,all_fit_engines_refit,35,-38.24528681404797,,40,40,,,,"1,2,4",none,0.439
cvae,2,all_fit_engines_refit,36,-38.42254384390972,,40,40,,,,"1,2,4",none,0.418
cvae,2,all_fit_engines_refit,37,-37.490639183675455,,40,40,,,,"1,2,4",none,0.434
cvae,2,all_fit_engines_refit,38,-39.18770185782108,,40,40,,,,"1,2,4",none,0.458
cvae,2,all_fit_engines_refit,39,-39.75707152249775,,40,40,,,,"1,2,4",none,0.466
cvae,2,all_fit_engines_refit,40,-40.64081058450375,,40,40,,,,"1,2,4",none,0.425
