subset,detector,seed,nominal_fpr,arm,rule,unit,post_onset_flights,delay_flights,censored,two_flight_persistence_delay,healthy_flights,healthy_flagged,detected_within_0,detected_within_1,detected_within_3,detected_within_5,detected_within_10,kappa
DS03,pca,-1,0.005,pooled,R0,10,49,10.0,False,26.0,17,3,False,False,False,False,True,0.01477115117891817
DS03,pca,-1,0.005,pooled,R0,11,41,2.0,False,24.0,18,0,False,False,True,True,True,0.01477115117891817
DS03,pca,-1,0.005,pooled,R0,12,57,22.0,False,23.0,36,0,False,False,False,False,False,0.01477115117891817
DS03,pca,-1,0.005,pooled,R0,13,59,2.0,False,21.0,18,3,False,False,True,True,True,0.01477115117891817
DS03,pca,-1,0.005,pooled,R0,14,41,7.0,False,21.0,35,0,False,False,False,False,True,0.01477115117891817
DS03,pca,-1,0.005,pooled,R0,15,43,1.0,False,22.0,24,3,False,True,True,True,True,0.01477115117891817
DS03,pca,-1,0.005,pooled,R1,10,49,10.0,False,26.0,17,4,False,False,False,False,True,0.00877813960073623
DS03,pca,-1,0.005,pooled,R1,11,41,2.0,False,21.0,18,0,False,False,True,True,True,0.00877813960073623
DS03,pca,-1,0.005,pooled,R1,12,57,22.0,False,23.0,36,0,False,False,False,False,False,0.00877813960073623
DS03,pca,-1,0.005,pooled,R1,13,59,20.0,False,21.0,18,4,False,False,False,False,False,0.00877813960073623
DS03,pca,-1,0.005,pooled,R1,14,41,17.0,False,22.0,35,0,False,False,False,False,False,0.00877813960073623
DS03,pca,-1,0.005,pooled,R1,15,43,1.0,False,22.0,24,3,False,True,True,True,True,0.00877813960073623
DS03,pca,-1,0.005,pooled,R2,10,49,10.0,False,26.0,17,3,False,False,False,False,True,0.012742460710746141
DS03,pca,-1,0.005,pooled,R2,11,41,2.0,False,24.0,18,1,False,False,True,True,True,0.012742460710746141
DS03,pca,-1,0.005,pooled,R2,12,57,22.0,False,23.0,36,0,False,False,False,False,False,0.012742460710746141
DS03,pca,-1,0.005,pooled,R2,13,59,7.0,False,21.0,18,3,False,False,False,False,True,0.012742460710746141
DS03,pca,-1,0.005,pooled,R2,14,41,17.0,False,22.0,35,0,False,False,False,False,False,0.012742460710746141
DS03,pca,-1,0.005,pooled,R2,15,43,1.0,False,22.0,24,3,False,True,True,True,True,0.012742460710746141
DS03,pca,-1,0.005,phase_conditioned,R0,10,49,19.0,False,20.0,17,3,False,False,False,False,False,0.01755627920147246
DS03,pca,-1,0.005,phase_conditioned,R0,11,41,13.0,False,21.0,18,0,False,False,False,False,False,0.01755627920147246
DS03,pca,-1,0.005,phase_conditioned,R0,12,57,19.0,False,20.0,36,1,False,False,False,False,False,0.01755627920147246
DS03,pca,-1,0.005,phase_conditioned,R0,13,59,2.0,False,23.0,18,4,False,False,True,True,True,0.01755627920147246
DS03,pca,-1,0.005,phase_conditioned,R0,14,41,4.0,False,18.0,35,0,False,False,False,True,True,0.01755627920147246
DS03,pca,-1,0.005,phase_conditioned,R0,15,43,1.0,False,19.0,24,2,False,True,True,True,True,0.01755627920147246
DS03,pca,-1,0.005,phase_conditioned,R1,10,49,11.0,False,20.0,17,4,False,False,False,False,False,0.008599931200550396
DS03,pca,-1,0.005,phase_conditioned,R1,11,41,2.0,False,21.0,18,0,False,False,True,True,True,0.008599931200550396
DS03,pca,-1,0.005,phase_conditioned,R1,12,57,19.0,False,20.0,36,5,False,False,False,False,False,0.008599931200550396
DS03,pca,-1,0.005,phase_conditioned,R1,13,59,2.0,False,8.0,18,3,False,False,True,True,True,0.008599931200550396
DS03,pca,-1,0.005,phase_conditioned,R1,14,41,4.0,False,18.0,35,4,False,False,False,True,True,0.008599931200550396
DS03,pca,-1,0.005,phase_conditioned,R1,15,43,1.0,False,13.0,24,3,False,True,True,True,True,0.008599931200550396
DS03,pca,-1,0.005,phase_conditioned,R2,10,49,10.0,False,11.0,17,4,False,False,False,False,True,0.012678288431061807
DS03,pca,-1,0.005,phase_conditioned,R2,11,41,2.0,False,21.0,18,0,False,False,True,True,True,0.012678288431061807
DS03,pca,-1,0.005,phase_conditioned,R2,12,57,19.0,False,20.0,36,5,False,False,False,False,False,0.012678288431061807
DS03,pca,-1,0.005,phase_conditioned,R2,13,59,2.0,False,8.0,18,6,False,False,True,True,True,0.012678288431061807
DS03,pca,-1,0.005,phase_conditioned,R2,14,41,4.0,False,18.0,35,1,False,False,False,True,True,0.012678288431061807
DS03,pca,-1,0.005,phase_conditioned,R2,15,43,1.0,False,13.0,24,3,False,True,True,True,True,0.012678288431061807
DS03,pca,-1,0.005,quantile_regression_W,R0,10,49,2.0,False,21.0,17,5,False,False,True,True,True,0.016939252336448597
DS03,pca,-1,0.005,quantile_regression_W,R0,11,41,7.0,False,19.0,18,0,False,False,False,False,True,0.016939252336448597
DS03,pca,-1,0.005,quantile_regression_W,R0,12,57,28.0,False,31.0,36,0,False,False,False,False,False,0.016939252336448597
DS03,pca,-1,0.005,quantile_regression_W,R0,13,59,15.0,False,16.0,18,2,False,False,False,False,False,0.016939252336448597
DS03,pca,-1,0.005,quantile_regression_W,R0,14,41,24.0,False,25.0,35,0,False,False,False,False,False,0.016939252336448597
DS03,pca,-1,0.005,quantile_regression_W,R0,15,43,9.0,False,19.0,24,4,False,False,False,False,True,0.016939252336448597
DS03,pca,-1,0.005,quantile_regression_W,R1,10,49,2.0,False,21.0,17,5,False,False,True,True,True,0.012189292543021032
DS03,pca,-1,0.005,quantile_regression_W,R1,11,41,7.0,False,19.0,18,0,False,False,False,False,True,0.012189292543021032
DS03,pca,-1,0.005,quantile_regression_W,R1,12,57,31.0,False,32.0,36,0,False,False,False,False,False,0.012189292543021032
DS03,pca,-1,0.005,quantile_regression_W,R1,13,59,15.0,False,16.0,18,0,False,False,False,False,False,0.012189292543021032
DS03,pca,-1,0.005,quantile_regression_W,R1,14,41,24.0,False,25.0,35,0,False,False,False,False,False,0.012189292543021032
DS03,pca,-1,0.005,quantile_regression_W,R1,15,43,14.0,False,19.0,24,2,False,False,False,False,False,0.012189292543021032
DS03,pca,-1,0.005,quantile_regression_W,R2,10,49,2.0,False,21.0,17,5,False,False,True,True,True,0.014937858508604206
DS03,pca,-1,0.005,quantile_regression_W,R2,11,41,7.0,False,19.0,18,0,False,False,False,False,True,0.014937858508604206
DS03,pca,-1,0.005,quantile_regression_W,R2,12,57,31.0,False,32.0,36,0,False,False,False,False,False,0.014937858508604206
DS03,pca,-1,0.005,quantile_regression_W,R2,13,59,15.0,False,16.0,18,2,False,False,False,False,False,0.014937858508604206
DS03,pca,-1,0.005,quantile_regression_W,R2,14,41,24.0,False,25.0,35,0,False,False,False,False,False,0.014937858508604206
DS03,pca,-1,0.005,quantile_regression_W,R2,15,43,9.0,False,19.0,24,2,False,False,False,False,True,0.014937858508604206
DS03,pca,-1,0.01,pooled,R0,10,49,23.0,False,24.0,17,1,False,False,False,False,False,0.027808564231738036
DS03,pca,-1,0.01,pooled,R0,11,41,8.0,False,21.0,18,0,False,False,False,False,True,0.027808564231738036
DS03,pca,-1,0.01,pooled,R0,12,57,15.0,False,23.0,36,0,False,False,False,False,False,0.027808564231738036
DS03,pca,-1,0.01,pooled,R0,13,59,2.0,False,21.0,18,1,False,False,True,True,True,0.027808564231738036
DS03,pca,-1,0.01,pooled,R0,14,41,14.0,False,17.0,35,0,False,False,False,False,False,0.027808564231738036
DS03,pca,-1,0.01,pooled,R0,15,43,1.0,False,19.0,24,2,False,True,True,True,True,0.027808564231738036
DS03,pca,-1,0.01,pooled,R1,10,49,20.0,False,24.0,17,3,False,False,False,False,False,0.01834479883260371
DS03,pca,-1,0.01,pooled,R1,11,41,8.0,False,21.0,18,0,False,False,False,False,True,0.01834479883260371
DS03,pca,-1,0.01,pooled,R1,12,57,20.0,False,23.0,36,0,False,False,False,False,False,0.01834479883260371
DS03,pca,-1,0.01,pooled,R1,13,59,7.0,False,21.0,18,1,False,False,False,False,True,0.01834479883260371
DS03,pca,-1,0.01,pooled,R1,14,41,14.0,False,17.0,35,0,False,False,False,False,False,0.01834479883260371
DS03,pca,-1,0.01,pooled,R1,15,43,1.0,False,21.0,24,2,False,True,True,True,True,0.01834479883260371
DS03,pca,-1,0.01,pooled,R2,10,49,23.0,False,24.0,17,3,False,False,False,False,False,0.02297229219143577
DS03,pca,-1,0.01,pooled,R2,11,41,2.0,False,15.0,18,0,False,False,True,True,True,0.02297229219143577
DS03,pca,-1,0.01,pooled,R2,12,57,20.0,False,23.0,36,0,False,False,False,False,False,0.02297229219143577
DS03,pca,-1,0.01,pooled,R2,13,59,2.0,False,21.0,18,2,False,False,True,True,True,0.02297229219143577
DS03,pca,-1,0.01,pooled,R2,14,41,14.0,False,17.0,35,0,False,False,False,False,False,0.02297229219143577
DS03,pca,-1,0.01,pooled,R2,15,43,1.0,False,19.0,24,2,False,True,True,True,True,0.02297229219143577
DS03,pca,-1,0.01,phase_conditioned,R0,10,49,17.0,False,20.0,17,2,False,False,False,False,False,0.028781103084508656
DS03,pca,-1,0.01,phase_conditioned,R0,11,41,2.0,False,21.0,18,0,False,False,True,True,True,0.028781103084508656
DS03,pca,-1,0.01,phase_conditioned,R0,12,57,10.0,False,16.0,36,5,False,False,False,False,True,0.028781103084508656
DS03,pca,-1,0.01,phase_conditioned,R0,13,59,2.0,False,8.0,18,2,False,False,True,True,True,0.028781103084508656
DS03,pca,-1,0.01,phase_conditioned,R0,14,41,4.0,False,10.0,35,0,False,False,False,True,True,0.028781103084508656
DS03,pca,-1,0.01,phase_conditioned,R0,15,43,12.0,False,18.0,24,3,False,False,False,False,False,0.028781103084508656
DS03,pca,-1,0.01,phase_conditioned,R1,10,49,17.0,False,20.0,17,2,False,False,False,False,False,0.023162481366815733
DS03,pca,-1,0.01,phase_conditioned,R1,11,41,17.0,False,21.0,18,0,False,False,False,False,False,0.023162481366815733
DS03,pca,-1,0.01,phase_conditioned,R1,12,57,10.0,False,16.0,36,5,False,False,False,False,True,0.023162481366815733
DS03,pca,-1,0.01,phase_conditioned,R1,13,59,5.0,False,8.0,18,2,False,False,False,True,True,0.023162481366815733
DS03,pca,-1,0.01,phase_conditioned,R1,14,41,4.0,False,13.0,35,0,False,False,False,True,True,0.023162481366815733
DS03,pca,-1,0.01,phase_conditioned,R1,15,43,15.0,False,18.0,24,2,False,False,False,False,False,0.023162481366815733
DS03,pca,-1,0.01,phase_conditioned,R2,10,49,17.0,False,20.0,17,2,False,False,False,False,False,0.02763444559110194
DS03,pca,-1,0.01,phase_conditioned,R2,11,41,2.0,False,21.0,18,0,False,False,True,True,True,0.02763444559110194
DS03,pca,-1,0.01,phase_conditioned,R2,12,57,10.0,False,16.0,36,5,False,False,False,False,True,0.02763444559110194
DS03,pca,-1,0.01,phase_conditioned,R2,13,59,5.0,False,8.0,18,2,False,False,False,True,True,0.02763444559110194
DS03,pca,-1,0.01,phase_conditioned,R2,14,41,4.0,False,13.0,35,0,False,False,False,True,True,0.02763444559110194
DS03,pca,-1,0.01,phase_conditioned,R2,15,43,15.0,False,18.0,24,2,False,False,False,False,False,0.02763444559110194
DS03,pca,-1,0.01,quantile_regression_W,R0,10,49,2.0,False,21.0,17,5,False,False,True,True,True,0.0393547489917953
DS03,pca,-1,0.01,quantile_regression_W,R0,11,41,7.0,False,17.0,18,0,False,False,False,False,True,0.0393547489917953
DS03,pca,-1,0.01,quantile_regression_W,R0,12,57,23.0,False,24.0,36,0,False,False,False,False,False,0.0393547489917953
DS03,pca,-1,0.01,quantile_regression_W,R0,13,59,7.0,False,16.0,18,1,False,False,False,False,True,0.0393547489917953
DS03,pca,-1,0.01,quantile_regression_W,R0,14,41,22.0,False,23.0,35,0,False,False,False,False,False,0.0393547489917953
DS03,pca,-1,0.01,quantile_regression_W,R0,15,43,9.0,False,14.0,24,3,False,False,False,False,True,0.0393547489917953
DS03,pca,-1,0.01,quantile_regression_W,R1,10,49,2.0,False,21.0,17,5,False,False,True,True,True,0.016491395793499043
DS03,pca,-1,0.01,quantile_regression_W,R1,11,41,0.0,False,17.0,18,0,True,True,True,True,True,0.016491395793499043
DS03,pca,-1,0.01,quantile_regression_W,R1,12,57,21.0,False,24.0,36,0,False,False,False,False,False,0.016491395793499043
DS03,pca,-1,0.01,quantile_regression_W,R1,13,59,7.0,False,16.0,18,1,False,False,False,False,True,0.016491395793499043
DS03,pca,-1,0.01,quantile_regression_W,R1,14,41,21.0,False,22.0,35,0,False,False,False,False,False,0.016491395793499043
DS03,pca,-1,0.01,quantile_regression_W,R1,15,43,9.0,False,14.0,24,3,False,False,False,False,True,0.016491395793499043
DS03,pca,-1,0.01,quantile_regression_W,R2,10,49,2.0,False,21.0,17,5,False,False,True,True,True,0.028785982478097622
DS03,pca,-1,0.01,quantile_regression_W,R2,11,41,0.0,False,17.0,18,0,True,True,True,True,True,0.028785982478097622
DS03,pca,-1,0.01,quantile_regression_W,R2,12,57,23.0,False,24.0,36,0,False,False,False,False,False,0.028785982478097622
DS03,pca,-1,0.01,quantile_regression_W,R2,13,59,7.0,False,16.0,18,2,False,False,False,False,True,0.028785982478097622
DS03,pca,-1,0.01,quantile_regression_W,R2,14,41,22.0,False,23.0,35,0,False,False,False,False,False,0.028785982478097622
DS03,pca,-1,0.01,quantile_regression_W,R2,15,43,9.0,False,14.0,24,3,False,False,False,False,True,0.028785982478097622
DS03,pca,-1,0.02,pooled,R0,10,49,20.0,False,23.0,17,3,False,False,False,False,False,0.045585460323766015
DS03,pca,-1,0.02,pooled,R0,11,41,2.0,False,21.0,18,0,False,False,True,True,True,0.045585460323766015
DS03,pca,-1,0.02,pooled,R0,12,57,4.0,False,15.0,36,0,False,False,False,True,True,0.045585460323766015
DS03,pca,-1,0.02,pooled,R0,13,59,2.0,False,21.0,18,1,False,False,True,True,True,0.045585460323766015
DS03,pca,-1,0.02,pooled,R0,14,41,14.0,False,15.0,35,4,False,False,False,False,False,0.045585460323766015
DS03,pca,-1,0.02,pooled,R0,15,43,1.0,False,12.0,24,3,False,True,True,True,True,0.045585460323766015
DS03,pca,-1,0.02,pooled,R1,10,49,20.0,False,23.0,17,2,False,False,False,False,False,0.03812104787714544
DS03,pca,-1,0.02,pooled,R1,11,41,8.0,False,21.0,18,0,False,False,False,False,True,0.03812104787714544
DS03,pca,-1,0.02,pooled,R1,12,57,6.0,False,19.0,36,0,False,False,False,False,True,0.03812104787714544
DS03,pca,-1,0.02,pooled,R1,13,59,5.0,False,21.0,18,1,False,False,False,True,True,0.03812104787714544
DS03,pca,-1,0.02,pooled,R1,14,41,14.0,False,17.0,35,3,False,False,False,False,False,0.03812104787714544
DS03,pca,-1,0.02,pooled,R1,15,43,12.0,False,19.0,24,2,False,False,False,False,False,0.03812104787714544
DS03,pca,-1,0.02,pooled,R2,10,49,20.0,False,23.0,17,2,False,False,False,False,False,0.04356889722743381
DS03,pca,-1,0.02,pooled,R2,11,41,2.0,False,21.0,18,0,False,False,True,True,True,0.04356889722743381
DS03,pca,-1,0.02,pooled,R2,12,57,4.0,False,15.0,36,0,False,False,False,True,True,0.04356889722743381
DS03,pca,-1,0.02,pooled,R2,13,59,5.0,False,21.0,18,1,False,False,False,True,True,0.04356889722743381
DS03,pca,-1,0.02,pooled,R2,14,41,14.0,False,15.0,35,4,False,False,False,False,False,0.04356889722743381
DS03,pca,-1,0.02,pooled,R2,15,43,1.0,False,19.0,24,3,False,True,True,True,True,0.04356889722743381
DS03,pca,-1,0.02,phase_conditioned,R0,10,49,17.0,False,20.0,17,5,False,False,False,False,False,0.04450698353137378
DS03,pca,-1,0.02,phase_conditioned,R0,11,41,2.0,False,18.0,18,1,False,False,True,True,True,0.04450698353137378
DS03,pca,-1,0.02,phase_conditioned,R0,12,57,6.0,False,9.0,36,2,False,False,False,False,True,0.04450698353137378
DS03,pca,-1,0.02,phase_conditioned,R0,13,59,1.0,False,2.0,18,2,False,True,True,True,True,0.04450698353137378
DS03,pca,-1,0.02,phase_conditioned,R0,14,41,7.0,False,8.0,35,0,False,False,False,False,True,0.04450698353137378
DS03,pca,-1,0.02,phase_conditioned,R0,15,43,4.0,False,11.0,24,3,False,False,False,True,True,0.04450698353137378
DS03,pca,-1,0.02,phase_conditioned,R1,10,49,17.0,False,20.0,17,2,False,False,False,False,False,0.041380029184907234
DS03,pca,-1,0.02,phase_conditioned,R1,11,41,17.0,False,18.0,18,0,False,False,False,False,False,0.041380029184907234
DS03,pca,-1,0.02,phase_conditioned,R1,12,57,8.0,False,9.0,36,0,False,False,False,False,True,0.041380029184907234
DS03,pca,-1,0.02,phase_conditioned,R1,13,59,5.0,False,17.0,18,2,False,False,False,True,True,0.041380029184907234
DS03,pca,-1,0.02,phase_conditioned,R1,14,41,8.0,False,9.0,35,0,False,False,False,False,True,0.041380029184907234
DS03,pca,-1,0.02,phase_conditioned,R1,15,43,10.0,False,18.0,24,2,False,False,False,False,True,0.041380029184907234
DS03,pca,-1,0.02,phase_conditioned,R2,10,49,17.0,False,20.0,17,3,False,False,False,False,False,0.04336043360433604
DS03,pca,-1,0.02,phase_conditioned,R2,11,41,2.0,False,18.0,18,0,False,False,True,True,True,0.04336043360433604
DS03,pca,-1,0.02,phase_conditioned,R2,12,57,6.0,False,9.0,36,1,False,False,False,False,True,0.04336043360433604
DS03,pca,-1,0.02,phase_conditioned,R2,13,59,5.0,False,15.0,18,2,False,False,False,True,True,0.04336043360433604
DS03,pca,-1,0.02,phase_conditioned,R2,14,41,7.0,False,8.0,35,0,False,False,False,False,True,0.04336043360433604
DS03,pca,-1,0.02,phase_conditioned,R2,15,43,4.0,False,13.0,24,3,False,False,False,True,True,0.04336043360433604
DS03,pca,-1,0.02,quantile_regression_W,R0,10,49,2.0,False,21.0,17,3,False,False,True,True,True,0.11292084616148575
DS03,pca,-1,0.02,quantile_regression_W,R0,11,41,7.0,False,18.0,18,0,False,False,False,False,True,0.11292084616148575
DS03,pca,-1,0.02,quantile_regression_W,R0,12,57,19.0,False,23.0,36,0,False,False,False,False,False,0.11292084616148575
DS03,pca,-1,0.02,quantile_regression_W,R0,13,59,15.0,False,16.0,18,0,False,False,False,False,False,0.11292084616148575
DS03,pca,-1,0.02,quantile_regression_W,R0,14,41,17.0,False,22.0,35,0,False,False,False,False,False,0.11292084616148575
DS03,pca,-1,0.02,quantile_regression_W,R0,15,43,13.0,False,14.0,24,0,False,False,False,False,False,0.11292084616148575
DS03,pca,-1,0.02,quantile_regression_W,R1,10,49,2.0,False,21.0,17,5,False,False,True,True,True,0.08183533618035554
DS03,pca,-1,0.02,quantile_regression_W,R1,11,41,7.0,False,18.0,18,0,False,False,False,False,True,0.08183533618035554
DS03,pca,-1,0.02,quantile_regression_W,R1,12,57,19.0,False,22.0,36,0,False,False,False,False,False,0.08183533618035554
DS03,pca,-1,0.02,quantile_regression_W,R1,13,59,15.0,False,16.0,18,0,False,False,False,False,False,0.08183533618035554
DS03,pca,-1,0.02,quantile_regression_W,R1,14,41,17.0,False,22.0,35,0,False,False,False,False,False,0.08183533618035554
DS03,pca,-1,0.02,quantile_regression_W,R1,15,43,13.0,False,14.0,24,0,False,False,False,False,False,0.08183533618035554
DS03,pca,-1,0.02,quantile_regression_W,R2,10,49,2.0,False,21.0,17,3,False,False,True,True,True,0.11421193763035058
DS03,pca,-1,0.02,quantile_regression_W,R2,11,41,7.0,False,18.0,18,0,False,False,False,False,True,0.11421193763035058
DS03,pca,-1,0.02,quantile_regression_W,R2,12,57,22.0,False,23.0,36,0,False,False,False,False,False,0.11421193763035058
DS03,pca,-1,0.02,quantile_regression_W,R2,13,59,15.0,False,16.0,18,0,False,False,False,False,False,0.11421193763035058
DS03,pca,-1,0.02,quantile_regression_W,R2,14,41,17.0,False,22.0,35,0,False,False,False,False,False,0.11421193763035058
DS03,pca,-1,0.02,quantile_regression_W,R2,15,43,13.0,False,14.0,24,0,False,False,False,False,False,0.11421193763035058
DS03,isolation_forest,0,0.005,pooled,R0,10,49,19.0,False,20.0,17,3,False,False,False,False,False,0.01595351294241944
DS03,isolation_forest,0,0.005,pooled,R0,11,41,5.0,False,6.0,18,1,False,False,False,True,True,0.01595351294241944
DS03,isolation_forest,0,0.005,pooled,R0,12,57,12.0,False,13.0,36,2,False,False,False,False,False,0.01595351294241944
DS03,isolation_forest,0,0.005,pooled,R0,13,59,2.0,False,21.0,18,3,False,False,True,True,True,0.01595351294241944
DS03,isolation_forest,0,0.005,pooled,R0,14,41,6.0,False,7.0,35,4,False,False,False,False,True,0.01595351294241944
DS03,isolation_forest,0,0.005,pooled,R0,15,43,1.0,False,8.0,24,1,False,True,True,True,True,0.01595351294241944
DS03,isolation_forest,0,0.005,pooled,R1,10,49,19.0,False,25.0,17,1,False,False,False,False,False,0.012067578439259855
DS03,isolation_forest,0,0.005,pooled,R1,11,41,11.0,False,14.0,18,0,False,False,False,False,False,0.012067578439259855
DS03,isolation_forest,0,0.005,pooled,R1,12,57,12.0,False,13.0,36,2,False,False,False,False,False,0.012067578439259855
DS03,isolation_forest,0,0.005,pooled,R1,13,59,2.0,False,22.0,18,2,False,False,True,True,True,0.012067578439259855
DS03,isolation_forest,0,0.005,pooled,R1,14,41,6.0,False,9.0,35,3,False,False,False,False,True,0.012067578439259855
DS03,isolation_forest,0,0.005,pooled,R1,15,43,8.0,False,12.0,24,0,False,False,False,False,True,0.012067578439259855
DS03,isolation_forest,0,0.005,pooled,R2,10,49,19.0,False,24.0,17,1,False,False,False,False,False,0.01658742736397253
DS03,isolation_forest,0,0.005,pooled,R2,11,41,6.0,False,14.0,18,0,False,False,False,False,True,0.01658742736397253
DS03,isolation_forest,0,0.005,pooled,R2,12,57,12.0,False,13.0,36,2,False,False,False,False,False,0.01658742736397253
DS03,isolation_forest,0,0.005,pooled,R2,13,59,20.0,False,21.0,18,2,False,False,False,False,False,0.01658742736397253
DS03,isolation_forest,0,0.005,pooled,R2,14,41,6.0,False,9.0,35,3,False,False,False,False,True,0.01658742736397253
DS03,isolation_forest,0,0.005,pooled,R2,15,43,1.0,False,12.0,24,1,False,True,True,True,True,0.01658742736397253
DS03,isolation_forest,0,0.005,phase_conditioned,R0,10,49,21.0,False,22.0,17,1,False,False,False,False,False,0.02322865299766416
DS03,isolation_forest,0,0.005,phase_conditioned,R0,11,41,12.0,False,13.0,18,0,False,False,False,False,False,0.02322865299766416
DS03,isolation_forest,0,0.005,phase_conditioned,R0,12,57,6.0,False,11.0,36,1,False,False,False,False,True,0.02322865299766416
DS03,isolation_forest,0,0.005,phase_conditioned,R0,13,59,22.0,False,23.0,18,0,False,False,False,False,False,0.02322865299766416
DS03,isolation_forest,0,0.005,phase_conditioned,R0,14,41,10.0,False,13.0,35,2,False,False,False,False,True,0.02322865299766416
DS03,isolation_forest,0,0.005,phase_conditioned,R0,15,43,11.0,False,12.0,24,0,False,False,False,False,False,0.02322865299766416
DS03,isolation_forest,0,0.005,phase_conditioned,R1,10,49,21.0,False,22.0,17,1,False,False,False,False,False,0.019660005190760447
DS03,isolation_forest,0,0.005,phase_conditioned,R1,11,41,12.0,False,13.0,18,0,False,False,False,False,False,0.019660005190760447
DS03,isolation_forest,0,0.005,phase_conditioned,R1,12,57,6.0,False,11.0,36,1,False,False,False,False,True,0.019660005190760447
DS03,isolation_forest,0,0.005,phase_conditioned,R1,13,59,22.0,False,23.0,18,0,False,False,False,False,False,0.019660005190760447
DS03,isolation_forest,0,0.005,phase_conditioned,R1,14,41,10.0,False,13.0,35,0,False,False,False,False,True,0.019660005190760447
DS03,isolation_forest,0,0.005,phase_conditioned,R1,15,43,12.0,False,13.0,24,0,False,False,False,False,False,0.019660005190760447
DS03,isolation_forest,0,0.005,phase_conditioned,R2,10,49,21.0,False,22.0,17,1,False,False,False,False,False,0.02309888398650402
DS03,isolation_forest,0,0.005,phase_conditioned,R2,11,41,12.0,False,13.0,18,0,False,False,False,False,False,0.02309888398650402
DS03,isolation_forest,0,0.005,phase_conditioned,R2,12,57,6.0,False,11.0,36,0,False,False,False,False,True,0.02309888398650402
DS03,isolation_forest,0,0.005,phase_conditioned,R2,13,59,22.0,False,23.0,18,0,False,False,False,False,False,0.02309888398650402
DS03,isolation_forest,0,0.005,phase_conditioned,R2,14,41,10.0,False,13.0,35,0,False,False,False,False,True,0.02309888398650402
DS03,isolation_forest,0,0.005,phase_conditioned,R2,15,43,11.0,False,12.0,24,0,False,False,False,False,False,0.02309888398650402
DS03,isolation_forest,0,0.005,quantile_regression_W,R0,10,49,8.0,False,19.0,17,6,False,False,False,False,True,0.014879710749548046
DS03,isolation_forest,0,0.005,quantile_regression_W,R0,11,41,3.0,False,6.0,18,0,False,False,True,True,True,0.014879710749548046
DS03,isolation_forest,0,0.005,quantile_regression_W,R0,12,57,3.0,False,4.0,36,2,False,False,True,True,True,0.014879710749548046
DS03,isolation_forest,0,0.005,quantile_regression_W,R0,13,59,8.0,False,16.0,18,3,False,False,False,False,True,0.014879710749548046
DS03,isolation_forest,0,0.005,quantile_regression_W,R0,14,41,6.0,False,9.0,35,3,False,False,False,False,True,0.014879710749548046
DS03,isolation_forest,0,0.005,quantile_regression_W,R0,15,43,1.0,False,7.0,24,3,False,True,True,True,True,0.014879710749548046
DS03,isolation_forest,0,0.005,quantile_regression_W,R1,10,49,16.0,False,20.0,17,4,False,False,False,False,False,0.01182033096926714
DS03,isolation_forest,0,0.005,quantile_regression_W,R1,11,41,3.0,False,11.0,18,0,False,False,True,True,True,0.01182033096926714
DS03,isolation_forest,0,0.005,quantile_regression_W,R1,12,57,3.0,False,11.0,36,1,False,False,True,True,True,0.01182033096926714
DS03,isolation_forest,0,0.005,quantile_regression_W,R1,13,59,8.0,False,16.0,18,2,False,False,False,False,True,0.01182033096926714
DS03,isolation_forest,0,0.005,quantile_regression_W,R1,14,41,6.0,False,11.0,35,3,False,False,False,False,True,0.01182033096926714
DS03,isolation_forest,0,0.005,quantile_regression_W,R1,15,43,4.0,False,7.0,24,2,False,False,False,True,True,0.01182033096926714
DS03,isolation_forest,0,0.005,quantile_regression_W,R2,10,49,16.0,False,19.0,17,5,False,False,False,False,False,0.01446252259769156
DS03,isolation_forest,0,0.005,quantile_regression_W,R2,11,41,3.0,False,7.0,18,0,False,False,True,True,True,0.01446252259769156
DS03,isolation_forest,0,0.005,quantile_regression_W,R2,12,57,3.0,False,11.0,36,1,False,False,True,True,True,0.01446252259769156
DS03,isolation_forest,0,0.005,quantile_regression_W,R2,13,59,8.0,False,16.0,18,3,False,False,False,False,True,0.01446252259769156
DS03,isolation_forest,0,0.005,quantile_regression_W,R2,14,41,6.0,False,9.0,35,3,False,False,False,False,True,0.01446252259769156
DS03,isolation_forest,0,0.005,quantile_regression_W,R2,15,43,1.0,False,7.0,24,2,False,True,True,True,True,0.01446252259769156
DS03,isolation_forest,0,0.01,pooled,R0,10,49,18.0,False,19.0,17,1,False,False,False,False,False,0.0298739912218604
DS03,isolation_forest,0,0.01,pooled,R0,11,41,3.0,False,12.0,18,2,False,False,True,True,True,0.0298739912218604
DS03,isolation_forest,0,0.01,pooled,R0,12,57,0.0,False,4.0,36,3,True,True,True,True,True,0.0298739912218604
DS03,isolation_forest,0,0.01,pooled,R0,13,59,18.0,False,22.0,18,2,False,False,False,False,False,0.0298739912218604
DS03,isolation_forest,0,0.01,pooled,R0,14,41,5.0,False,6.0,35,4,False,False,False,True,True,0.0298739912218604
DS03,isolation_forest,0,0.01,pooled,R0,15,43,1.0,False,7.0,24,1,False,True,True,True,True,0.0298739912218604
DS03,isolation_forest,0,0.01,pooled,R1,10,49,18.0,False,19.0,17,1,False,False,False,False,False,0.021415658461966348
DS03,isolation_forest,0,0.01,pooled,R1,11,41,3.0,False,12.0,18,1,False,False,True,True,True,0.021415658461966348
DS03,isolation_forest,0,0.01,pooled,R1,12,57,0.0,False,4.0,36,4,True,True,True,True,True,0.021415658461966348
DS03,isolation_forest,0,0.01,pooled,R1,13,59,18.0,False,22.0,18,2,False,False,False,False,False,0.021415658461966348
DS03,isolation_forest,0,0.01,pooled,R1,14,41,6.0,False,7.0,35,2,False,False,False,False,True,0.021415658461966348
DS03,isolation_forest,0,0.01,pooled,R1,15,43,1.0,False,7.0,24,1,False,True,True,True,True,0.021415658461966348
DS03,isolation_forest,0,0.01,pooled,R2,10,49,18.0,False,19.0,17,2,False,False,False,False,False,0.02656097900152969
DS03,isolation_forest,0,0.01,pooled,R2,11,41,3.0,False,12.0,18,1,False,False,True,True,True,0.02656097900152969
DS03,isolation_forest,0,0.01,pooled,R2,12,57,0.0,False,4.0,36,3,True,True,True,True,True,0.02656097900152969
DS03,isolation_forest,0,0.01,pooled,R2,13,59,18.0,False,22.0,18,2,False,False,False,False,False,0.02656097900152969
DS03,isolation_forest,0,0.01,pooled,R2,14,41,5.0,False,6.0,35,4,False,False,False,True,True,0.02656097900152969
DS03,isolation_forest,0,0.01,pooled,R2,15,43,1.0,False,7.0,24,1,False,True,True,True,True,0.02656097900152969
DS03,isolation_forest,0,0.01,phase_conditioned,R0,10,49,19.0,False,20.0,17,1,False,False,False,False,False,0.037762782247599276
DS03,isolation_forest,0,0.01,phase_conditioned,R0,11,41,7.0,False,12.0,18,0,False,False,False,False,True,0.037762782247599276
DS03,isolation_forest,0,0.01,phase_conditioned,R0,12,57,1.0,False,10.0,36,1,False,True,True,True,True,0.037762782247599276
DS03,isolation_forest,0,0.01,phase_conditioned,R0,13,59,18.0,False,21.0,18,2,False,False,False,False,False,0.037762782247599276
DS03,isolation_forest,0,0.01,phase_conditioned,R0,14,41,6.0,False,7.0,35,2,False,False,False,False,True,0.037762782247599276
DS03,isolation_forest,0,0.01,phase_conditioned,R0,15,43,8.0,False,11.0,24,0,False,False,False,False,True,0.037762782247599276
DS03,isolation_forest,0,0.01,phase_conditioned,R1,10,49,19.0,False,20.0,17,1,False,False,False,False,False,0.035621593563457045
DS03,isolation_forest,0,0.01,phase_conditioned,R1,11,41,11.0,False,12.0,18,0,False,False,False,False,False,0.035621593563457045
DS03,isolation_forest,0,0.01,phase_conditioned,R1,12,57,4.0,False,10.0,36,0,False,False,False,True,True,0.035621593563457045
DS03,isolation_forest,0,0.01,phase_conditioned,R1,13,59,18.0,False,21.0,18,1,False,False,False,False,False,0.035621593563457045
DS03,isolation_forest,0,0.01,phase_conditioned,R1,14,41,6.0,False,9.0,35,0,False,False,False,False,True,0.035621593563457045
DS03,isolation_forest,0,0.01,phase_conditioned,R1,15,43,8.0,False,11.0,24,0,False,False,False,False,True,0.035621593563457045
DS03,isolation_forest,0,0.01,phase_conditioned,R2,10,49,19.0,False,20.0,17,1,False,False,False,False,False,0.037892551258759406
DS03,isolation_forest,0,0.01,phase_conditioned,R2,11,41,7.0,False,12.0,18,0,False,False,False,False,True,0.037892551258759406
DS03,isolation_forest,0,0.01,phase_conditioned,R2,12,57,1.0,False,10.0,36,0,False,True,True,True,True,0.037892551258759406
DS03,isolation_forest,0,0.01,phase_conditioned,R2,13,59,18.0,False,21.0,18,2,False,False,False,False,False,0.037892551258759406
DS03,isolation_forest,0,0.01,phase_conditioned,R2,14,41,6.0,False,9.0,35,0,False,False,False,False,True,0.037892551258759406
DS03,isolation_forest,0,0.01,phase_conditioned,R2,15,43,8.0,False,11.0,24,0,False,False,False,False,True,0.037892551258759406
DS03,isolation_forest,0,0.01,quantile_regression_W,R0,10,49,14.0,False,20.0,17,5,False,False,False,False,False,0.035878181059657906
DS03,isolation_forest,0,0.01,quantile_regression_W,R0,11,41,3.0,False,10.0,18,0,False,False,True,True,True,0.035878181059657906
DS03,isolation_forest,0,0.01,quantile_regression_W,R0,12,57,3.0,False,4.0,36,3,False,False,True,True,True,0.035878181059657906
DS03,isolation_forest,0,0.01,quantile_regression_W,R0,13,59,5.0,False,14.0,18,3,False,False,False,True,True,0.035878181059657906
DS03,isolation_forest,0,0.01,quantile_regression_W,R0,14,41,0.0,False,9.0,35,4,True,True,True,True,True,0.035878181059657906
DS03,isolation_forest,0,0.01,quantile_regression_W,R0,15,43,1.0,False,7.0,24,1,False,True,True,True,True,0.035878181059657906
DS03,isolation_forest,0,0.01,quantile_regression_W,R1,10,49,2.0,False,20.0,17,4,False,False,True,True,True,0.025587539980531218
DS03,isolation_forest,0,0.01,quantile_regression_W,R1,11,41,3.0,False,11.0,18,0,False,False,True,True,True,0.025587539980531218
DS03,isolation_forest,0,0.01,quantile_regression_W,R1,12,57,3.0,False,4.0,36,2,False,False,True,True,True,0.025587539980531218
DS03,isolation_forest,0,0.01,quantile_regression_W,R1,13,59,5.0,False,14.0,18,3,False,False,False,True,True,0.025587539980531218
DS03,isolation_forest,0,0.01,quantile_regression_W,R1,14,41,0.0,False,9.0,35,2,True,True,True,True,True,0.025587539980531218
DS03,isolation_forest,0,0.01,quantile_regression_W,R1,15,43,4.0,False,7.0,24,2,False,False,False,True,True,0.025587539980531218
DS03,isolation_forest,0,0.01,quantile_regression_W,R2,10,49,14.0,False,20.0,17,4,False,False,False,False,False,0.03448755388680295
DS03,isolation_forest,0,0.01,quantile_regression_W,R2,11,41,3.0,False,10.0,18,0,False,False,True,True,True,0.03448755388680295
DS03,isolation_forest,0,0.01,quantile_regression_W,R2,12,57,3.0,False,4.0,36,3,False,False,True,True,True,0.03448755388680295
DS03,isolation_forest,0,0.01,quantile_regression_W,R2,13,59,5.0,False,14.0,18,3,False,False,False,True,True,0.03448755388680295
DS03,isolation_forest,0,0.01,quantile_regression_W,R2,14,41,0.0,False,9.0,35,3,True,True,True,True,True,0.03448755388680295
DS03,isolation_forest,0,0.01,quantile_regression_W,R2,15,43,1.0,False,7.0,24,1,False,True,True,True,True,0.03448755388680295
DS03,isolation_forest,0,0.02,pooled,R0,10,49,18.0,False,19.0,17,1,False,False,False,False,False,0.04962480532351692
DS03,isolation_forest,0,0.02,pooled,R0,11,41,6.0,False,12.0,18,2,False,False,False,False,True,0.04962480532351692
DS03,isolation_forest,0,0.02,pooled,R0,12,57,0.0,False,3.0,36,8,True,True,True,True,True,0.04962480532351692
DS03,isolation_forest,0,0.02,pooled,R0,13,59,8.0,False,19.0,18,2,False,False,False,False,True,0.04962480532351692
DS03,isolation_forest,0,0.02,pooled,R0,14,41,0.0,False,3.0,35,6,True,True,True,True,True,0.04962480532351692
DS03,isolation_forest,0,0.02,pooled,R0,15,43,6.0,False,7.0,24,1,False,False,False,False,True,0.04962480532351692
DS03,isolation_forest,0,0.02,pooled,R1,10,49,18.0,False,19.0,17,1,False,False,False,False,False,0.043861925772125616
DS03,isolation_forest,0,0.02,pooled,R1,11,41,6.0,False,12.0,18,1,False,False,False,False,True,0.043861925772125616
DS03,isolation_forest,0,0.02,pooled,R1,12,57,0.0,False,3.0,36,3,True,True,True,True,True,0.043861925772125616
DS03,isolation_forest,0,0.02,pooled,R1,13,59,15.0,False,22.0,18,1,False,False,False,False,False,0.043861925772125616
DS03,isolation_forest,0,0.02,pooled,R1,14,41,0.0,False,3.0,35,3,True,True,True,True,True,0.043861925772125616
DS03,isolation_forest,0,0.02,pooled,R1,15,43,6.0,False,7.0,24,1,False,False,False,False,True,0.043861925772125616
DS03,isolation_forest,0,0.02,pooled,R2,10,49,18.0,False,19.0,17,1,False,False,False,False,False,0.04879321591650359
DS03,isolation_forest,0,0.02,pooled,R2,11,41,6.0,False,12.0,18,1,False,False,False,False,True,0.04879321591650359
DS03,isolation_forest,0,0.02,pooled,R2,12,57,0.0,False,3.0,36,6,True,True,True,True,True,0.04879321591650359
DS03,isolation_forest,0,0.02,pooled,R2,13,59,8.0,False,22.0,18,2,False,False,False,False,True,0.04879321591650359
DS03,isolation_forest,0,0.02,pooled,R2,14,41,0.0,False,3.0,35,5,True,True,True,True,True,0.04879321591650359
DS03,isolation_forest,0,0.02,pooled,R2,15,43,6.0,False,7.0,24,1,False,False,False,False,True,0.04879321591650359
DS03,isolation_forest,0,0.02,phase_conditioned,R0,10,49,2.0,False,19.0,17,3,False,False,True,True,True,0.05965790571547768
DS03,isolation_forest,0,0.02,phase_conditioned,R0,11,41,3.0,False,11.0,18,0,False,False,True,True,True,0.05965790571547768
DS03,isolation_forest,0,0.02,phase_conditioned,R0,12,57,0.0,False,1.0,36,4,True,True,True,True,True,0.05965790571547768
DS03,isolation_forest,0,0.02,phase_conditioned,R0,13,59,13.0,False,16.0,18,2,False,False,False,False,False,0.05965790571547768
DS03,isolation_forest,0,0.02,phase_conditioned,R0,14,41,4.0,False,5.0,35,0,False,False,False,True,True,0.05965790571547768
DS03,isolation_forest,0,0.02,phase_conditioned,R0,15,43,6.0,False,7.0,24,1,False,False,False,False,True,0.05965790571547768
DS03,isolation_forest,0,0.02,phase_conditioned,R1,10,49,2.0,False,20.0,17,3,False,False,True,True,True,0.05590321234876929
DS03,isolation_forest,0,0.02,phase_conditioned,R1,11,41,8.0,False,11.0,18,0,False,False,False,False,True,0.05590321234876929
DS03,isolation_forest,0,0.02,phase_conditioned,R1,12,57,0.0,False,4.0,36,2,True,True,True,True,True,0.05590321234876929
DS03,isolation_forest,0,0.02,phase_conditioned,R1,13,59,15.0,False,16.0,18,2,False,False,False,False,False,0.05590321234876929
DS03,isolation_forest,0,0.02,phase_conditioned,R1,14,41,6.0,False,7.0,35,0,False,False,False,False,True,0.05590321234876929
DS03,isolation_forest,0,0.02,phase_conditioned,R1,15,43,6.0,False,7.0,24,1,False,False,False,False,True,0.05590321234876929
DS03,isolation_forest,0,0.02,phase_conditioned,R2,10,49,2.0,False,19.0,17,3,False,False,True,True,True,0.05868446669447921
DS03,isolation_forest,0,0.02,phase_conditioned,R2,11,41,3.0,False,11.0,18,0,False,False,True,True,True,0.05868446669447921
DS03,isolation_forest,0,0.02,phase_conditioned,R2,12,57,0.0,False,1.0,36,4,True,True,True,True,True,0.05868446669447921
DS03,isolation_forest,0,0.02,phase_conditioned,R2,13,59,13.0,False,16.0,18,2,False,False,False,False,False,0.05868446669447921
DS03,isolation_forest,0,0.02,phase_conditioned,R2,14,41,4.0,False,5.0,35,0,False,False,False,True,True,0.05868446669447921
DS03,isolation_forest,0,0.02,phase_conditioned,R2,15,43,6.0,False,7.0,24,1,False,False,False,False,True,0.05868446669447921
DS03,isolation_forest,0,0.02,quantile_regression_W,R0,10,49,16.0,False,20.0,17,4,False,False,False,False,False,0.1079126686135447
DS03,isolation_forest,0,0.02,quantile_regression_W,R0,11,41,3.0,False,11.0,18,0,False,False,True,True,True,0.1079126686135447
DS03,isolation_forest,0,0.02,quantile_regression_W,R0,12,57,0.0,False,4.0,36,3,True,True,True,True,True,0.1079126686135447
DS03,isolation_forest,0,0.02,quantile_regression_W,R0,13,59,5.0,False,14.0,18,1,False,False,False,True,True,0.1079126686135447
DS03,isolation_forest,0,0.02,quantile_regression_W,R0,14,41,2.0,False,11.0,35,0,False,False,True,True,True,0.1079126686135447
DS03,isolation_forest,0,0.02,quantile_regression_W,R0,15,43,2.0,False,8.0,24,0,False,False,True,True,True,0.1079126686135447
DS03,isolation_forest,0,0.02,quantile_regression_W,R1,10,49,16.0,False,20.0,17,3,False,False,False,False,False,0.09553608677513559
DS03,isolation_forest,0,0.02,quantile_regression_W,R1,11,41,3.0,False,11.0,18,0,False,False,True,True,True,0.09553608677513559
DS03,isolation_forest,0,0.02,quantile_regression_W,R1,12,57,0.0,False,4.0,36,2,True,True,True,True,True,0.09553608677513559
DS03,isolation_forest,0,0.02,quantile_regression_W,R1,13,59,5.0,False,15.0,18,1,False,False,False,True,True,0.09553608677513559
DS03,isolation_forest,0,0.02,quantile_regression_W,R1,14,41,4.0,False,11.0,35,0,False,False,False,True,True,0.09553608677513559
DS03,isolation_forest,0,0.02,quantile_regression_W,R1,15,43,2.0,False,8.0,24,0,False,False,True,True,True,0.09553608677513559
DS03,isolation_forest,0,0.02,quantile_regression_W,R2,10,49,16.0,False,20.0,17,3,False,False,False,False,False,0.10930329578639966
DS03,isolation_forest,0,0.02,quantile_regression_W,R2,11,41,3.0,False,11.0,18,0,False,False,True,True,True,0.10930329578639966
DS03,isolation_forest,0,0.02,quantile_regression_W,R2,12,57,0.0,False,4.0,36,2,True,True,True,True,True,0.10930329578639966
DS03,isolation_forest,0,0.02,quantile_regression_W,R2,13,59,5.0,False,15.0,18,1,False,False,False,True,True,0.10930329578639966
DS03,isolation_forest,0,0.02,quantile_regression_W,R2,14,41,4.0,False,11.0,35,0,False,False,False,True,True,0.10930329578639966
DS03,isolation_forest,0,0.02,quantile_regression_W,R2,15,43,2.0,False,8.0,24,0,False,False,True,True,True,0.10930329578639966
DS03,isolation_forest,1,0.005,pooled,R0,10,49,21.0,False,22.0,17,3,False,False,False,False,False,0.01658742736397253
DS03,isolation_forest,1,0.005,pooled,R0,11,41,5.0,False,6.0,18,1,False,False,False,True,True,0.01658742736397253
DS03,isolation_forest,1,0.005,pooled,R0,12,57,13.0,False,16.0,36,2,False,False,False,False,False,0.01658742736397253
DS03,isolation_forest,1,0.005,pooled,R0,13,59,2.0,False,23.0,18,3,False,False,True,True,True,0.01658742736397253
DS03,isolation_forest,1,0.005,pooled,R0,14,41,6.0,False,9.0,35,4,False,False,False,False,True,0.01658742736397253
DS03,isolation_forest,1,0.005,pooled,R0,15,43,1.0,False,12.0,24,1,False,True,True,True,True,0.01658742736397253
DS03,isolation_forest,1,0.005,pooled,R1,10,49,21.0,False,25.0,17,1,False,False,False,False,False,0.012600877813960073
DS03,isolation_forest,1,0.005,pooled,R1,11,41,11.0,False,14.0,18,0,False,False,False,False,False,0.012600877813960073
DS03,isolation_forest,1,0.005,pooled,R1,12,57,13.0,False,19.0,36,1,False,False,False,False,False,0.012600877813960073
DS03,isolation_forest,1,0.005,pooled,R1,13,59,2.0,False,23.0,18,1,False,False,True,True,True,0.012600877813960073
DS03,isolation_forest,1,0.005,pooled,R1,14,41,6.0,False,9.0,35,4,False,False,False,False,True,0.012600877813960073
DS03,isolation_forest,1,0.005,pooled,R1,15,43,8.0,False,12.0,24,0,False,False,False,False,True,0.012600877813960073
DS03,isolation_forest,1,0.005,pooled,R2,10,49,21.0,False,25.0,17,1,False,False,False,False,False,0.01684836471754212
DS03,isolation_forest,1,0.005,pooled,R2,11,41,6.0,False,14.0,18,0,False,False,False,False,True,0.01684836471754212
DS03,isolation_forest,1,0.005,pooled,R2,12,57,13.0,False,16.0,36,2,False,False,False,False,False,0.01684836471754212
DS03,isolation_forest,1,0.005,pooled,R2,13,59,22.0,False,23.0,18,1,False,False,False,False,False,0.01684836471754212
DS03,isolation_forest,1,0.005,pooled,R2,14,41,6.0,False,9.0,35,3,False,False,False,False,True,0.01684836471754212
DS03,isolation_forest,1,0.005,pooled,R2,15,43,1.0,False,12.0,24,0,False,True,True,True,True,0.01684836471754212
DS03,isolation_forest,1,0.005,phase_conditioned,R0,10,49,22.0,False,23.0,17,1,False,False,False,False,False,0.02549961069296652
DS03,isolation_forest,1,0.005,phase_conditioned,R0,11,41,12.0,False,13.0,18,0,False,False,False,False,False,0.02549961069296652
DS03,isolation_forest,1,0.005,phase_conditioned,R0,12,57,10.0,False,11.0,36,0,False,False,False,False,True,0.02549961069296652
DS03,isolation_forest,1,0.005,phase_conditioned,R0,13,59,22.0,False,23.0,18,0,False,False,False,False,False,0.02549961069296652
DS03,isolation_forest,1,0.005,phase_conditioned,R0,14,41,10.0,False,13.0,35,0,False,False,False,False,True,0.02549961069296652
DS03,isolation_forest,1,0.005,phase_conditioned,R0,15,43,12.0,False,13.0,24,0,False,False,False,False,False,0.02549961069296652
DS03,isolation_forest,1,0.005,phase_conditioned,R1,10,49,22.0,False,23.0,17,0,False,False,False,False,False,0.022709576953023617
DS03,isolation_forest,1,0.005,phase_conditioned,R1,11,41,12.0,False,13.0,18,0,False,False,False,False,False,0.022709576953023617
DS03,isolation_forest,1,0.005,phase_conditioned,R1,12,57,10.0,False,11.0,36,0,False,False,False,False,True,0.022709576953023617
DS03,isolation_forest,1,0.005,phase_conditioned,R1,13,59,22.0,False,23.0,18,0,False,False,False,False,False,0.022709576953023617
DS03,isolation_forest,1,0.005,phase_conditioned,R1,14,41,10.0,False,14.0,35,0,False,False,False,False,True,0.022709576953023617
DS03,isolation_forest,1,0.005,phase_conditioned,R1,15,43,12.0,False,13.0,24,0,False,False,False,False,False,0.022709576953023617
DS03,isolation_forest,1,0.005,phase_conditioned,R2,10,49,22.0,False,23.0,17,1,False,False,False,False,False,0.025110303659486116
DS03,isolation_forest,1,0.005,phase_conditioned,R2,11,41,12.0,False,13.0,18,0,False,False,False,False,False,0.025110303659486116
DS03,isolation_forest,1,0.005,phase_conditioned,R2,12,57,10.0,False,11.0,36,0,False,False,False,False,True,0.025110303659486116
DS03,isolation_forest,1,0.005,phase_conditioned,R2,13,59,22.0,False,23.0,18,0,False,False,False,False,False,0.025110303659486116
DS03,isolation_forest,1,0.005,phase_conditioned,R2,14,41,10.0,False,13.0,35,0,False,False,False,False,True,0.025110303659486116
DS03,isolation_forest,1,0.005,phase_conditioned,R2,15,43,12.0,False,13.0,24,0,False,False,False,False,False,0.025110303659486116
DS03,isolation_forest,1,0.005,quantile_regression_W,R0,10,49,8.0,False,19.0,17,7,False,False,False,False,True,0.014323459880406062
DS03,isolation_forest,1,0.005,quantile_regression_W,R0,11,41,3.0,False,7.0,18,0,False,False,True,True,True,0.014323459880406062
DS03,isolation_forest,1,0.005,quantile_regression_W,R0,12,57,3.0,False,13.0,36,1,False,False,True,True,True,0.014323459880406062
DS03,isolation_forest,1,0.005,quantile_regression_W,R0,13,59,8.0,False,16.0,18,3,False,False,False,False,True,0.014323459880406062
DS03,isolation_forest,1,0.005,quantile_regression_W,R0,14,41,6.0,False,9.0,35,3,False,False,False,False,True,0.014323459880406062
DS03,isolation_forest,1,0.005,quantile_regression_W,R0,15,43,1.0,False,7.0,24,3,False,True,True,True,True,0.014323459880406062
DS03,isolation_forest,1,0.005,quantile_regression_W,R1,10,49,16.0,False,20.0,17,4,False,False,False,False,False,0.011681268251981644
DS03,isolation_forest,1,0.005,quantile_regression_W,R1,11,41,3.0,False,11.0,18,0,False,False,True,True,True,0.011681268251981644
DS03,isolation_forest,1,0.005,quantile_regression_W,R1,12,57,3.0,False,13.0,36,1,False,False,True,True,True,0.011681268251981644
DS03,isolation_forest,1,0.005,quantile_regression_W,R1,13,59,8.0,False,16.0,18,2,False,False,False,False,True,0.011681268251981644
DS03,isolation_forest,1,0.005,quantile_regression_W,R1,14,41,6.0,False,11.0,35,3,False,False,False,False,True,0.011681268251981644
DS03,isolation_forest,1,0.005,quantile_regression_W,R1,15,43,6.0,False,9.0,24,2,False,False,False,False,True,0.011681268251981644
DS03,isolation_forest,1,0.005,quantile_regression_W,R2,10,49,16.0,False,20.0,17,6,False,False,False,False,False,0.014045334445835072
DS03,isolation_forest,1,0.005,quantile_regression_W,R2,11,41,3.0,False,7.0,18,0,False,False,True,True,True,0.014045334445835072
DS03,isolation_forest,1,0.005,quantile_regression_W,R2,12,57,3.0,False,13.0,36,1,False,False,True,True,True,0.014045334445835072
DS03,isolation_forest,1,0.005,quantile_regression_W,R2,13,59,8.0,False,16.0,18,3,False,False,False,False,True,0.014045334445835072
DS03,isolation_forest,1,0.005,quantile_regression_W,R2,14,41,6.0,False,11.0,35,3,False,False,False,False,True,0.014045334445835072
DS03,isolation_forest,1,0.005,quantile_regression_W,R2,15,43,1.0,False,7.0,24,2,False,True,True,True,True,0.014045334445835072
DS03,isolation_forest,1,0.01,pooled,R0,10,49,19.0,False,20.0,17,2,False,False,False,False,False,0.03036953136061164
DS03,isolation_forest,1,0.01,pooled,R0,11,41,6.0,False,12.0,18,2,False,False,False,False,True,0.03036953136061164
DS03,isolation_forest,1,0.01,pooled,R0,12,57,0.0,False,4.0,36,2,True,True,True,True,True,0.03036953136061164
DS03,isolation_forest,1,0.01,pooled,R0,13,59,18.0,False,22.0,18,2,False,False,False,False,False,0.03036953136061164
DS03,isolation_forest,1,0.01,pooled,R0,14,41,6.0,False,7.0,35,4,False,False,False,False,True,0.03036953136061164
DS03,isolation_forest,1,0.01,pooled,R0,15,43,1.0,False,7.0,24,1,False,True,True,True,True,0.03036953136061164
DS03,isolation_forest,1,0.01,pooled,R1,10,49,19.0,False,20.0,17,2,False,False,False,False,False,0.020442219440967878
DS03,isolation_forest,1,0.01,pooled,R1,11,41,6.0,False,11.0,18,2,False,False,False,False,True,0.020442219440967878
DS03,isolation_forest,1,0.01,pooled,R1,12,57,0.0,False,4.0,36,4,True,True,True,True,True,0.020442219440967878
DS03,isolation_forest,1,0.01,pooled,R1,13,59,18.0,False,22.0,18,2,False,False,False,False,False,0.020442219440967878
DS03,isolation_forest,1,0.01,pooled,R1,14,41,6.0,False,9.0,35,2,False,False,False,False,True,0.020442219440967878
DS03,isolation_forest,1,0.01,pooled,R1,15,43,1.0,False,7.0,24,1,False,True,True,True,True,0.020442219440967878
DS03,isolation_forest,1,0.01,pooled,R2,10,49,19.0,False,20.0,17,2,False,False,False,False,False,0.026421916284244194
DS03,isolation_forest,1,0.01,pooled,R2,11,41,6.0,False,12.0,18,2,False,False,False,False,True,0.026421916284244194
DS03,isolation_forest,1,0.01,pooled,R2,12,57,0.0,False,4.0,36,3,True,True,True,True,True,0.026421916284244194
DS03,isolation_forest,1,0.01,pooled,R2,13,59,18.0,False,22.0,18,2,False,False,False,False,False,0.026421916284244194
DS03,isolation_forest,1,0.01,pooled,R2,14,41,6.0,False,7.0,35,4,False,False,False,False,True,0.026421916284244194
DS03,isolation_forest,1,0.01,pooled,R2,15,43,1.0,False,7.0,24,1,False,True,True,True,True,0.026421916284244194
DS03,isolation_forest,1,0.01,phase_conditioned,R0,10,49,19.0,False,20.0,17,1,False,False,False,False,False,0.037762782247599276
DS03,isolation_forest,1,0.01,phase_conditioned,R0,11,41,7.0,False,11.0,18,0,False,False,False,False,True,0.037762782247599276
DS03,isolation_forest,1,0.01,phase_conditioned,R0,12,57,0.0,False,10.0,36,1,True,True,True,True,True,0.037762782247599276
DS03,isolation_forest,1,0.01,phase_conditioned,R0,13,59,18.0,False,21.0,18,2,False,False,False,False,False,0.037762782247599276
DS03,isolation_forest,1,0.01,phase_conditioned,R0,14,41,6.0,False,7.0,35,2,False,False,False,False,True,0.037762782247599276
DS03,isolation_forest,1,0.01,phase_conditioned,R0,15,43,8.0,False,11.0,24,0,False,False,False,False,True,0.037762782247599276
DS03,isolation_forest,1,0.01,phase_conditioned,R1,10,49,19.0,False,22.0,17,1,False,False,False,False,False,0.036270438619257724
DS03,isolation_forest,1,0.01,phase_conditioned,R1,11,41,7.0,False,12.0,18,0,False,False,False,False,True,0.036270438619257724
DS03,isolation_forest,1,0.01,phase_conditioned,R1,12,57,4.0,False,10.0,36,0,False,False,False,True,True,0.036270438619257724
DS03,isolation_forest,1,0.01,phase_conditioned,R1,13,59,18.0,False,21.0,18,1,False,False,False,False,False,0.036270438619257724
DS03,isolation_forest,1,0.01,phase_conditioned,R1,14,41,6.0,False,9.0,35,0,False,False,False,False,True,0.036270438619257724
DS03,isolation_forest,1,0.01,phase_conditioned,R1,15,43,8.0,False,11.0,24,0,False,False,False,False,True,0.036270438619257724
DS03,isolation_forest,1,0.01,phase_conditioned,R2,10,49,19.0,False,20.0,17,1,False,False,False,False,False,0.03782766675317934
DS03,isolation_forest,1,0.01,phase_conditioned,R2,11,41,7.0,False,11.0,18,0,False,False,False,False,True,0.03782766675317934
DS03,isolation_forest,1,0.01,phase_conditioned,R2,12,57,4.0,False,10.0,36,0,False,False,False,True,True,0.03782766675317934
DS03,isolation_forest,1,0.01,phase_conditioned,R2,13,59,18.0,False,21.0,18,2,False,False,False,False,False,0.03782766675317934
DS03,isolation_forest,1,0.01,phase_conditioned,R2,14,41,6.0,False,9.0,35,0,False,False,False,False,True,0.03782766675317934
DS03,isolation_forest,1,0.01,phase_conditioned,R2,15,43,8.0,False,11.0,24,0,False,False,False,False,True,0.03782766675317934
DS03,isolation_forest,1,0.01,quantile_regression_W,R0,10,49,14.0,False,20.0,17,4,False,False,False,False,False,0.044778194965929635
DS03,isolation_forest,1,0.01,quantile_regression_W,R0,11,41,3.0,False,11.0,18,0,False,False,True,True,True,0.044778194965929635
DS03,isolation_forest,1,0.01,quantile_regression_W,R0,12,57,3.0,False,4.0,36,1,False,False,True,True,True,0.044778194965929635
DS03,isolation_forest,1,0.01,quantile_regression_W,R0,13,59,5.0,False,16.0,18,3,False,False,False,True,True,0.044778194965929635
DS03,isolation_forest,1,0.01,quantile_regression_W,R0,14,41,4.0,False,11.0,35,0,False,False,False,True,True,0.044778194965929635
DS03,isolation_forest,1,0.01,quantile_regression_W,R0,15,43,4.0,False,7.0,24,0,False,False,False,True,True,0.044778194965929635
DS03,isolation_forest,1,0.01,quantile_regression_W,R1,10,49,14.0,False,20.0,17,4,False,False,False,False,False,0.032679738562091505
DS03,isolation_forest,1,0.01,quantile_regression_W,R1,11,41,3.0,False,11.0,18,0,False,False,True,True,True,0.032679738562091505
DS03,isolation_forest,1,0.01,quantile_regression_W,R1,12,57,3.0,False,13.0,36,1,False,False,True,True,True,0.032679738562091505
DS03,isolation_forest,1,0.01,quantile_regression_W,R1,13,59,5.0,False,16.0,18,3,False,False,False,True,True,0.032679738562091505
DS03,isolation_forest,1,0.01,quantile_regression_W,R1,14,41,4.0,False,11.0,35,0,False,False,False,True,True,0.032679738562091505
DS03,isolation_forest,1,0.01,quantile_regression_W,R1,15,43,4.0,False,7.0,24,1,False,False,False,True,True,0.032679738562091505
DS03,isolation_forest,1,0.01,quantile_regression_W,R2,10,49,14.0,False,20.0,17,4,False,False,False,False,False,0.04310944235850368
DS03,isolation_forest,1,0.01,quantile_regression_W,R2,11,41,3.0,False,11.0,18,0,False,False,True,True,True,0.04310944235850368
DS03,isolation_forest,1,0.01,quantile_regression_W,R2,12,57,3.0,False,13.0,36,1,False,False,True,True,True,0.04310944235850368
DS03,isolation_forest,1,0.01,quantile_regression_W,R2,13,59,5.0,False,16.0,18,3,False,False,False,True,True,0.04310944235850368
DS03,isolation_forest,1,0.01,quantile_regression_W,R2,14,41,4.0,False,11.0,35,0,False,False,False,True,True,0.04310944235850368
DS03,isolation_forest,1,0.01,quantile_regression_W,R2,15,43,4.0,False,7.0,24,0,False,False,False,True,True,0.04310944235850368
DS03,isolation_forest,1,0.02,pooled,R0,10,49,18.0,False,19.0,17,1,False,False,False,False,False,0.052054794520547946
DS03,isolation_forest,1,0.02,pooled,R0,11,41,6.0,False,12.0,18,2,False,False,False,False,True,0.052054794520547946
DS03,isolation_forest,1,0.02,pooled,R0,12,57,0.0,False,4.0,36,4,True,True,True,True,True,0.052054794520547946
DS03,isolation_forest,1,0.02,pooled,R0,13,59,15.0,False,22.0,18,1,False,False,False,False,False,0.052054794520547946
DS03,isolation_forest,1,0.02,pooled,R0,14,41,0.0,False,3.0,35,3,True,True,True,True,True,0.052054794520547946
DS03,isolation_forest,1,0.02,pooled,R0,15,43,6.0,False,7.0,24,1,False,False,False,False,True,0.052054794520547946
DS03,isolation_forest,1,0.02,pooled,R1,10,49,18.0,False,19.0,17,1,False,False,False,False,False,0.04403131115459882
DS03,isolation_forest,1,0.02,pooled,R1,11,41,11.0,False,12.0,18,1,False,False,False,False,False,0.04403131115459882
DS03,isolation_forest,1,0.02,pooled,R1,12,57,0.0,False,4.0,36,2,True,True,True,True,True,0.04403131115459882
DS03,isolation_forest,1,0.02,pooled,R1,13,59,18.0,False,22.0,18,1,False,False,False,False,False,0.04403131115459882
DS03,isolation_forest,1,0.02,pooled,R1,14,41,2.0,False,7.0,35,1,False,False,True,True,True,0.04403131115459882
DS03,isolation_forest,1,0.02,pooled,R1,15,43,6.0,False,7.0,24,1,False,False,False,False,True,0.04403131115459882
DS03,isolation_forest,1,0.02,pooled,R2,10,49,18.0,False,19.0,17,1,False,False,False,False,False,0.05042400521852577
DS03,isolation_forest,1,0.02,pooled,R2,11,41,6.0,False,12.0,18,1,False,False,False,False,True,0.05042400521852577
DS03,isolation_forest,1,0.02,pooled,R2,12,57,0.0,False,4.0,36,3,True,True,True,True,True,0.05042400521852577
DS03,isolation_forest,1,0.02,pooled,R2,13,59,15.0,False,22.0,18,1,False,False,False,False,False,0.05042400521852577
DS03,isolation_forest,1,0.02,pooled,R2,14,41,0.0,False,3.0,35,2,True,True,True,True,True,0.05042400521852577
DS03,isolation_forest,1,0.02,pooled,R2,15,43,6.0,False,7.0,24,1,False,False,False,False,True,0.05042400521852577
DS03,isolation_forest,1,0.02,phase_conditioned,R0,10,49,2.0,False,20.0,17,2,False,False,True,True,True,0.05937978028090669
DS03,isolation_forest,1,0.02,phase_conditioned,R0,11,41,3.0,False,11.0,18,0,False,False,True,True,True,0.05937978028090669
DS03,isolation_forest,1,0.02,phase_conditioned,R0,12,57,0.0,False,4.0,36,4,True,True,True,True,True,0.05937978028090669
DS03,isolation_forest,1,0.02,phase_conditioned,R0,13,59,15.0,False,16.0,18,2,False,False,False,False,False,0.05937978028090669
DS03,isolation_forest,1,0.02,phase_conditioned,R0,14,41,3.0,False,4.0,35,0,False,False,True,True,True,0.05937978028090669
DS03,isolation_forest,1,0.02,phase_conditioned,R0,15,43,6.0,False,7.0,24,1,False,False,False,False,True,0.05937978028090669
DS03,isolation_forest,1,0.02,phase_conditioned,R1,10,49,2.0,False,20.0,17,2,False,False,True,True,True,0.054929773327770826
DS03,isolation_forest,1,0.02,phase_conditioned,R1,11,41,8.0,False,11.0,18,0,False,False,False,False,True,0.054929773327770826
DS03,isolation_forest,1,0.02,phase_conditioned,R1,12,57,0.0,False,4.0,36,1,True,True,True,True,True,0.054929773327770826
DS03,isolation_forest,1,0.02,phase_conditioned,R1,13,59,17.0,False,18.0,18,2,False,False,False,False,False,0.054929773327770826
DS03,isolation_forest,1,0.02,phase_conditioned,R1,14,41,6.0,False,7.0,35,0,False,False,False,False,True,0.054929773327770826
DS03,isolation_forest,1,0.02,phase_conditioned,R1,15,43,8.0,False,9.0,24,1,False,False,False,False,True,0.054929773327770826
DS03,isolation_forest,1,0.02,phase_conditioned,R2,10,49,2.0,False,20.0,17,2,False,False,True,True,True,0.05937978028090669
DS03,isolation_forest,1,0.02,phase_conditioned,R2,11,41,3.0,False,11.0,18,0,False,False,True,True,True,0.05937978028090669
DS03,isolation_forest,1,0.02,phase_conditioned,R2,12,57,0.0,False,4.0,36,4,True,True,True,True,True,0.05937978028090669
DS03,isolation_forest,1,0.02,phase_conditioned,R2,13,59,15.0,False,16.0,18,2,False,False,False,False,False,0.05937978028090669
DS03,isolation_forest,1,0.02,phase_conditioned,R2,14,41,3.0,False,4.0,35,0,False,False,True,True,True,0.05937978028090669
DS03,isolation_forest,1,0.02,phase_conditioned,R2,15,43,6.0,False,7.0,24,1,False,False,False,False,True,0.05937978028090669
DS03,isolation_forest,1,0.02,quantile_regression_W,R0,10,49,16.0,False,20.0,17,3,False,False,False,False,False,0.11695174523710193
DS03,isolation_forest,1,0.02,quantile_regression_W,R0,11,41,3.0,False,11.0,18,0,False,False,True,True,True,0.11695174523710193
DS03,isolation_forest,1,0.02,quantile_regression_W,R0,12,57,0.0,False,4.0,36,2,True,True,True,True,True,0.11695174523710193
DS03,isolation_forest,1,0.02,quantile_regression_W,R0,13,59,5.0,False,15.0,18,1,False,False,False,True,True,0.11695174523710193
DS03,isolation_forest,1,0.02,quantile_regression_W,R0,14,41,4.0,False,11.0,35,0,False,False,False,True,True,0.11695174523710193
DS03,isolation_forest,1,0.02,quantile_regression_W,R0,15,43,4.0,False,8.0,24,0,False,False,False,True,True,0.11695174523710193
DS03,isolation_forest,1,0.02,quantile_regression_W,R1,10,49,16.0,False,20.0,17,3,False,False,False,False,False,0.10596579057154777
DS03,isolation_forest,1,0.02,quantile_regression_W,R1,11,41,3.0,False,11.0,18,0,False,False,True,True,True,0.10596579057154777
DS03,isolation_forest,1,0.02,quantile_regression_W,R1,12,57,0.0,False,4.0,36,2,True,True,True,True,True,0.10596579057154777
DS03,isolation_forest,1,0.02,quantile_regression_W,R1,13,59,5.0,False,16.0,18,1,False,False,False,True,True,0.10596579057154777
DS03,isolation_forest,1,0.02,quantile_regression_W,R1,14,41,4.0,False,11.0,35,0,False,False,False,True,True,0.10596579057154777
DS03,isolation_forest,1,0.02,quantile_regression_W,R1,15,43,4.0,False,8.0,24,0,False,False,False,True,True,0.10596579057154777
DS03,isolation_forest,1,0.02,quantile_regression_W,R2,10,49,16.0,False,20.0,17,3,False,False,False,False,False,0.1184814351272424
DS03,isolation_forest,1,0.02,quantile_regression_W,R2,11,41,3.0,False,11.0,18,0,False,False,True,True,True,0.1184814351272424
DS03,isolation_forest,1,0.02,quantile_regression_W,R2,12,57,0.0,False,4.0,36,2,True,True,True,True,True,0.1184814351272424
DS03,isolation_forest,1,0.02,quantile_regression_W,R2,13,59,5.0,False,15.0,18,1,False,False,False,True,True,0.1184814351272424
DS03,isolation_forest,1,0.02,quantile_regression_W,R2,14,41,4.0,False,11.0,35,0,False,False,False,True,True,0.1184814351272424
DS03,isolation_forest,1,0.02,quantile_regression_W,R2,15,43,4.0,False,8.0,24,0,False,False,False,True,True,0.1184814351272424
DS03,isolation_forest,2,0.005,pooled,R0,10,49,21.0,False,25.0,17,1,False,False,False,False,False,0.018102777056838826
DS03,isolation_forest,2,0.005,pooled,R0,11,41,5.0,False,6.0,18,1,False,False,False,True,True,0.018102777056838826
DS03,isolation_forest,2,0.005,pooled,R0,12,57,13.0,False,16.0,36,2,False,False,False,False,False,0.018102777056838826
DS03,isolation_forest,2,0.005,pooled,R0,13,59,2.0,False,22.0,18,3,False,False,True,True,True,0.018102777056838826
DS03,isolation_forest,2,0.005,pooled,R0,14,41,6.0,False,7.0,35,3,False,False,False,False,True,0.018102777056838826
DS03,isolation_forest,2,0.005,pooled,R0,15,43,1.0,False,8.0,24,1,False,True,True,True,True,0.018102777056838826
DS03,isolation_forest,2,0.005,pooled,R1,10,49,21.0,False,25.0,17,1,False,False,False,False,False,0.01327433628318584
DS03,isolation_forest,2,0.005,pooled,R1,11,41,11.0,False,14.0,18,0,False,False,False,False,False,0.01327433628318584
DS03,isolation_forest,2,0.005,pooled,R1,12,57,13.0,False,17.0,36,1,False,False,False,False,False,0.01327433628318584
DS03,isolation_forest,2,0.005,pooled,R1,13,59,2.0,False,23.0,18,1,False,False,True,True,True,0.01327433628318584
DS03,isolation_forest,2,0.005,pooled,R1,14,41,6.0,False,9.0,35,3,False,False,False,False,True,0.01327433628318584
DS03,isolation_forest,2,0.005,pooled,R1,15,43,8.0,False,12.0,24,0,False,False,False,False,True,0.01327433628318584
DS03,isolation_forest,2,0.005,pooled,R2,10,49,21.0,False,25.0,17,2,False,False,False,False,False,0.016919156165935156
DS03,isolation_forest,2,0.005,pooled,R2,11,41,5.0,False,6.0,18,0,False,False,False,True,True,0.016919156165935156
DS03,isolation_forest,2,0.005,pooled,R2,12,57,13.0,False,16.0,36,2,False,False,False,False,False,0.016919156165935156
DS03,isolation_forest,2,0.005,pooled,R2,13,59,21.0,False,22.0,18,1,False,False,False,False,False,0.016919156165935156
DS03,isolation_forest,2,0.005,pooled,R2,14,41,6.0,False,9.0,35,3,False,False,False,False,True,0.016919156165935156
DS03,isolation_forest,2,0.005,pooled,R2,15,43,1.0,False,12.0,24,1,False,True,True,True,True,0.016919156165935156
DS03,isolation_forest,2,0.005,phase_conditioned,R0,10,49,22.0,False,23.0,17,1,False,False,False,False,False,0.024591227614845574
DS03,isolation_forest,2,0.005,phase_conditioned,R0,11,41,12.0,False,13.0,18,0,False,False,False,False,False,0.024591227614845574
DS03,isolation_forest,2,0.005,phase_conditioned,R0,12,57,14.0,False,15.0,36,0,False,False,False,False,False,0.024591227614845574
DS03,isolation_forest,2,0.005,phase_conditioned,R0,13,59,22.0,False,23.0,18,0,False,False,False,False,False,0.024591227614845574
DS03,isolation_forest,2,0.005,phase_conditioned,R0,14,41,10.0,False,13.0,35,0,False,False,False,False,True,0.024591227614845574
DS03,isolation_forest,2,0.005,phase_conditioned,R0,15,43,12.0,False,13.0,24,0,False,False,False,False,False,0.024591227614845574
DS03,isolation_forest,2,0.005,phase_conditioned,R1,10,49,24.0,False,25.0,17,0,False,False,False,False,False,0.021476771347002335
DS03,isolation_forest,2,0.005,phase_conditioned,R1,11,41,12.0,False,13.0,18,0,False,False,False,False,False,0.021476771347002335
DS03,isolation_forest,2,0.005,phase_conditioned,R1,12,57,14.0,False,19.0,36,1,False,False,False,False,False,0.021476771347002335
DS03,isolation_forest,2,0.005,phase_conditioned,R1,13,59,22.0,False,25.0,18,0,False,False,False,False,False,0.021476771347002335
DS03,isolation_forest,2,0.005,phase_conditioned,R1,14,41,10.0,False,14.0,35,0,False,False,False,False,True,0.021476771347002335
DS03,isolation_forest,2,0.005,phase_conditioned,R1,15,43,12.0,False,16.0,24,0,False,False,False,False,False,0.021476771347002335
DS03,isolation_forest,2,0.005,phase_conditioned,R2,10,49,23.0,False,24.0,17,1,False,False,False,False,False,0.024266805086945238
DS03,isolation_forest,2,0.005,phase_conditioned,R2,11,41,12.0,False,13.0,18,0,False,False,False,False,False,0.024266805086945238
DS03,isolation_forest,2,0.005,phase_conditioned,R2,12,57,14.0,False,15.0,36,0,False,False,False,False,False,0.024266805086945238
DS03,isolation_forest,2,0.005,phase_conditioned,R2,13,59,22.0,False,23.0,18,0,False,False,False,False,False,0.024266805086945238
DS03,isolation_forest,2,0.005,phase_conditioned,R2,14,41,10.0,False,14.0,35,0,False,False,False,False,True,0.024266805086945238
DS03,isolation_forest,2,0.005,phase_conditioned,R2,15,43,12.0,False,13.0,24,0,False,False,False,False,False,0.024266805086945238
DS03,isolation_forest,2,0.005,quantile_regression_W,R0,10,49,8.0,False,19.0,17,7,False,False,False,False,True,0.014879710749548046
DS03,isolation_forest,2,0.005,quantile_regression_W,R0,11,41,3.0,False,7.0,18,0,False,False,True,True,True,0.014879710749548046
DS03,isolation_forest,2,0.005,quantile_regression_W,R0,12,57,3.0,False,13.0,36,1,False,False,True,True,True,0.014879710749548046
DS03,isolation_forest,2,0.005,quantile_regression_W,R0,13,59,8.0,False,16.0,18,2,False,False,False,False,True,0.014879710749548046
DS03,isolation_forest,2,0.005,quantile_regression_W,R0,14,41,6.0,False,9.0,35,3,False,False,False,False,True,0.014879710749548046
DS03,isolation_forest,2,0.005,quantile_regression_W,R0,15,43,1.0,False,7.0,24,2,False,True,True,True,True,0.014879710749548046
DS03,isolation_forest,2,0.005,quantile_regression_W,R1,10,49,16.0,False,20.0,17,3,False,False,False,False,False,0.011681268251981644
DS03,isolation_forest,2,0.005,quantile_regression_W,R1,11,41,3.0,False,11.0,18,0,False,False,True,True,True,0.011681268251981644
DS03,isolation_forest,2,0.005,quantile_regression_W,R1,12,57,3.0,False,13.0,36,1,False,False,True,True,True,0.011681268251981644
DS03,isolation_forest,2,0.005,quantile_regression_W,R1,13,59,8.0,False,16.0,18,1,False,False,False,False,True,0.011681268251981644
DS03,isolation_forest,2,0.005,quantile_regression_W,R1,14,41,6.0,False,9.0,35,3,False,False,False,False,True,0.011681268251981644
DS03,isolation_forest,2,0.005,quantile_regression_W,R1,15,43,6.0,False,9.0,24,2,False,False,False,False,True,0.011681268251981644
DS03,isolation_forest,2,0.005,quantile_regression_W,R2,10,49,16.0,False,20.0,17,5,False,False,False,False,False,0.014184397163120567
DS03,isolation_forest,2,0.005,quantile_regression_W,R2,11,41,3.0,False,7.0,18,0,False,False,True,True,True,0.014184397163120567
DS03,isolation_forest,2,0.005,quantile_regression_W,R2,12,57,3.0,False,13.0,36,1,False,False,True,True,True,0.014184397163120567
DS03,isolation_forest,2,0.005,quantile_regression_W,R2,13,59,8.0,False,16.0,18,3,False,False,False,False,True,0.014184397163120567
DS03,isolation_forest,2,0.005,quantile_regression_W,R2,14,41,6.0,False,9.0,35,3,False,False,False,False,True,0.014184397163120567
DS03,isolation_forest,2,0.005,quantile_regression_W,R2,15,43,1.0,False,7.0,24,2,False,True,True,True,True,0.014184397163120567
DS03,isolation_forest,2,0.01,pooled,R0,10,49,19.0,False,20.0,17,1,False,False,False,False,False,0.03328575136257462
DS03,isolation_forest,2,0.01,pooled,R0,11,41,6.0,False,12.0,18,1,False,False,False,False,True,0.03328575136257462
DS03,isolation_forest,2,0.01,pooled,R0,12,57,3.0,False,4.0,36,2,False,False,True,True,True,0.03328575136257462
DS03,isolation_forest,2,0.01,pooled,R0,13,59,18.0,False,22.0,18,2,False,False,False,False,False,0.03328575136257462
DS03,isolation_forest,2,0.01,pooled,R0,14,41,6.0,False,7.0,35,3,False,False,False,False,True,0.03328575136257462
DS03,isolation_forest,2,0.01,pooled,R0,15,43,6.0,False,7.0,24,1,False,False,False,False,True,0.03328575136257462
DS03,isolation_forest,2,0.01,pooled,R1,10,49,19.0,False,20.0,17,1,False,False,False,False,False,0.029003373994290163
DS03,isolation_forest,2,0.01,pooled,R1,11,41,11.0,False,12.0,18,0,False,False,False,False,False,0.029003373994290163
DS03,isolation_forest,2,0.01,pooled,R1,12,57,3.0,False,4.0,36,1,False,False,True,True,True,0.029003373994290163
DS03,isolation_forest,2,0.01,pooled,R1,13,59,18.0,False,22.0,18,2,False,False,False,False,False,0.029003373994290163
DS03,isolation_forest,2,0.01,pooled,R1,14,41,6.0,False,9.0,35,1,False,False,False,False,True,0.029003373994290163
DS03,isolation_forest,2,0.01,pooled,R1,15,43,6.0,False,7.0,24,0,False,False,False,False,True,0.029003373994290163
DS03,isolation_forest,2,0.01,pooled,R2,10,49,19.0,False,20.0,17,1,False,False,False,False,False,0.032247599273293535
DS03,isolation_forest,2,0.01,pooled,R2,11,41,6.0,False,12.0,18,0,False,False,False,False,True,0.032247599273293535
DS03,isolation_forest,2,0.01,pooled,R2,12,57,3.0,False,4.0,36,1,False,False,True,True,True,0.032247599273293535
DS03,isolation_forest,2,0.01,pooled,R2,13,59,18.0,False,22.0,18,2,False,False,False,False,False,0.032247599273293535
DS03,isolation_forest,2,0.01,pooled,R2,14,41,6.0,False,9.0,35,1,False,False,False,False,True,0.032247599273293535
DS03,isolation_forest,2,0.01,pooled,R2,15,43,1.0,False,7.0,24,1,False,True,True,True,True,0.032247599273293535
DS03,isolation_forest,2,0.01,phase_conditioned,R0,10,49,19.0,False,20.0,17,1,False,False,False,False,False,0.03795743576433948
DS03,isolation_forest,2,0.01,phase_conditioned,R0,11,41,7.0,False,12.0,18,0,False,False,False,False,True,0.03795743576433948
DS03,isolation_forest,2,0.01,phase_conditioned,R0,12,57,4.0,False,10.0,36,1,False,False,False,True,True,0.03795743576433948
DS03,isolation_forest,2,0.01,phase_conditioned,R0,13,59,18.0,False,21.0,18,2,False,False,False,False,False,0.03795743576433948
DS03,isolation_forest,2,0.01,phase_conditioned,R0,14,41,6.0,False,7.0,35,0,False,False,False,False,True,0.03795743576433948
DS03,isolation_forest,2,0.01,phase_conditioned,R0,15,43,8.0,False,11.0,24,0,False,False,False,False,True,0.03795743576433948
DS03,isolation_forest,2,0.01,phase_conditioned,R1,10,49,19.0,False,20.0,17,1,False,False,False,False,False,0.03620555411367765
DS03,isolation_forest,2,0.01,phase_conditioned,R1,11,41,7.0,False,12.0,18,0,False,False,False,False,True,0.03620555411367765
DS03,isolation_forest,2,0.01,phase_conditioned,R1,12,57,6.0,False,10.0,36,0,False,False,False,False,True,0.03620555411367765
DS03,isolation_forest,2,0.01,phase_conditioned,R1,13,59,18.0,False,22.0,18,1,False,False,False,False,False,0.03620555411367765
DS03,isolation_forest,2,0.01,phase_conditioned,R1,14,41,6.0,False,9.0,35,0,False,False,False,False,True,0.03620555411367765
DS03,isolation_forest,2,0.01,phase_conditioned,R1,15,43,8.0,False,11.0,24,0,False,False,False,False,True,0.03620555411367765
DS03,isolation_forest,2,0.01,phase_conditioned,R2,10,49,19.0,False,20.0,17,1,False,False,False,False,False,0.03795743576433948
DS03,isolation_forest,2,0.01,phase_conditioned,R2,11,41,7.0,False,12.0,18,0,False,False,False,False,True,0.03795743576433948
DS03,isolation_forest,2,0.01,phase_conditioned,R2,12,57,4.0,False,10.0,36,0,False,False,False,True,True,0.03795743576433948
DS03,isolation_forest,2,0.01,phase_conditioned,R2,13,59,18.0,False,21.0,18,2,False,False,False,False,False,0.03795743576433948
DS03,isolation_forest,2,0.01,phase_conditioned,R2,14,41,6.0,False,7.0,35,0,False,False,False,False,True,0.03795743576433948
DS03,isolation_forest,2,0.01,phase_conditioned,R2,15,43,8.0,False,11.0,24,0,False,False,False,False,True,0.03795743576433948
DS03,isolation_forest,2,0.01,quantile_regression_W,R0,10,49,14.0,False,20.0,17,4,False,False,False,False,False,0.04491725768321513
DS03,isolation_forest,2,0.01,quantile_regression_W,R0,11,41,3.0,False,11.0,18,0,False,False,True,True,True,0.04491725768321513
DS03,isolation_forest,2,0.01,quantile_regression_W,R0,12,57,3.0,False,4.0,36,2,False,False,True,True,True,0.04491725768321513
DS03,isolation_forest,2,0.01,quantile_regression_W,R0,13,59,5.0,False,14.0,18,2,False,False,False,True,True,0.04491725768321513
DS03,isolation_forest,2,0.01,quantile_regression_W,R0,14,41,2.0,False,9.0,35,0,False,False,True,True,True,0.04491725768321513
DS03,isolation_forest,2,0.01,quantile_regression_W,R0,15,43,4.0,False,5.0,24,0,False,False,False,True,True,0.04491725768321513
DS03,isolation_forest,2,0.01,quantile_regression_W,R1,10,49,14.0,False,20.0,17,4,False,False,False,False,False,0.032818801279377
DS03,isolation_forest,2,0.01,quantile_regression_W,R1,11,41,3.0,False,11.0,18,0,False,False,True,True,True,0.032818801279377
DS03,isolation_forest,2,0.01,quantile_regression_W,R1,12,57,3.0,False,4.0,36,0,False,False,True,True,True,0.032818801279377
DS03,isolation_forest,2,0.01,quantile_regression_W,R1,13,59,5.0,False,14.0,18,2,False,False,False,True,True,0.032818801279377
DS03,isolation_forest,2,0.01,quantile_regression_W,R1,14,41,0.0,False,11.0,35,1,True,True,True,True,True,0.032818801279377
DS03,isolation_forest,2,0.01,quantile_regression_W,R1,15,43,4.0,False,7.0,24,0,False,False,False,True,True,0.032818801279377
DS03,isolation_forest,2,0.01,quantile_regression_W,R2,10,49,14.0,False,20.0,17,4,False,False,False,False,False,0.042831316923932695
DS03,isolation_forest,2,0.01,quantile_regression_W,R2,11,41,3.0,False,11.0,18,0,False,False,True,True,True,0.042831316923932695
DS03,isolation_forest,2,0.01,quantile_regression_W,R2,12,57,3.0,False,4.0,36,2,False,False,True,True,True,0.042831316923932695
DS03,isolation_forest,2,0.01,quantile_regression_W,R2,13,59,5.0,False,14.0,18,3,False,False,False,True,True,0.042831316923932695
DS03,isolation_forest,2,0.01,quantile_regression_W,R2,14,41,2.0,False,9.0,35,0,False,False,True,True,True,0.042831316923932695
DS03,isolation_forest,2,0.01,quantile_regression_W,R2,15,43,4.0,False,5.0,24,0,False,False,False,True,True,0.042831316923932695
DS03,isolation_forest,2,0.02,pooled,R0,10,49,18.0,False,19.0,17,2,False,False,False,False,False,0.051907604464053986
DS03,isolation_forest,2,0.02,pooled,R0,11,41,6.0,False,12.0,18,2,False,False,False,False,True,0.051907604464053986
DS03,isolation_forest,2,0.02,pooled,R0,12,57,0.0,False,4.0,36,5,True,True,True,True,True,0.051907604464053986
DS03,isolation_forest,2,0.02,pooled,R0,13,59,8.0,False,19.0,18,1,False,False,False,False,True,0.051907604464053986
DS03,isolation_forest,2,0.02,pooled,R0,14,41,0.0,False,3.0,35,5,True,True,True,True,True,0.051907604464053986
DS03,isolation_forest,2,0.02,pooled,R0,15,43,2.0,False,7.0,24,1,False,False,True,True,True,0.051907604464053986
DS03,isolation_forest,2,0.02,pooled,R1,10,49,18.0,False,19.0,17,1,False,False,False,False,False,0.04652219050090838
DS03,isolation_forest,2,0.02,pooled,R1,11,41,11.0,False,12.0,18,1,False,False,False,False,False,0.04652219050090838
DS03,isolation_forest,2,0.02,pooled,R1,12,57,0.0,False,4.0,36,1,True,True,True,True,True,0.04652219050090838
DS03,isolation_forest,2,0.02,pooled,R1,13,59,8.0,False,22.0,18,1,False,False,False,False,True,0.04652219050090838
DS03,isolation_forest,2,0.02,pooled,R1,14,41,2.0,False,7.0,35,1,False,False,True,True,True,0.04652219050090838
DS03,isolation_forest,2,0.02,pooled,R1,15,43,6.0,False,7.0,24,1,False,False,False,False,True,0.04652219050090838
DS03,isolation_forest,2,0.02,pooled,R2,10,49,18.0,False,19.0,17,1,False,False,False,False,False,0.051842719958473914
DS03,isolation_forest,2,0.02,pooled,R2,11,41,6.0,False,12.0,18,1,False,False,False,False,True,0.051842719958473914
DS03,isolation_forest,2,0.02,pooled,R2,12,57,0.0,False,4.0,36,4,True,True,True,True,True,0.051842719958473914
DS03,isolation_forest,2,0.02,pooled,R2,13,59,8.0,False,22.0,18,0,False,False,False,False,True,0.051842719958473914
DS03,isolation_forest,2,0.02,pooled,R2,14,41,0.0,False,6.0,35,3,True,True,True,True,True,0.051842719958473914
DS03,isolation_forest,2,0.02,pooled,R2,15,43,6.0,False,7.0,24,1,False,False,False,False,True,0.051842719958473914
DS03,isolation_forest,2,0.02,phase_conditioned,R0,10,49,2.0,False,20.0,17,3,False,False,True,True,True,0.0589625921290502
DS03,isolation_forest,2,0.02,phase_conditioned,R0,11,41,3.0,False,11.0,18,0,False,False,True,True,True,0.0589625921290502
DS03,isolation_forest,2,0.02,phase_conditioned,R0,12,57,0.0,False,1.0,36,5,True,True,True,True,True,0.0589625921290502
DS03,isolation_forest,2,0.02,phase_conditioned,R0,13,59,7.0,False,8.0,18,2,False,False,False,False,True,0.0589625921290502
DS03,isolation_forest,2,0.02,phase_conditioned,R0,14,41,3.0,False,6.0,35,0,False,False,True,True,True,0.0589625921290502
DS03,isolation_forest,2,0.02,phase_conditioned,R0,15,43,6.0,False,7.0,24,1,False,False,False,False,True,0.0589625921290502
DS03,isolation_forest,2,0.02,phase_conditioned,R1,10,49,2.0,False,20.0,17,2,False,False,True,True,True,0.055625086914198305
DS03,isolation_forest,2,0.02,phase_conditioned,R1,11,41,3.0,False,11.0,18,0,False,False,True,True,True,0.055625086914198305
DS03,isolation_forest,2,0.02,phase_conditioned,R1,12,57,0.0,False,4.0,36,2,True,True,True,True,True,0.055625086914198305
DS03,isolation_forest,2,0.02,phase_conditioned,R1,13,59,8.0,False,16.0,18,2,False,False,False,False,True,0.055625086914198305
DS03,isolation_forest,2,0.02,phase_conditioned,R1,14,41,6.0,False,7.0,35,0,False,False,False,False,True,0.055625086914198305
DS03,isolation_forest,2,0.02,phase_conditioned,R1,15,43,6.0,False,7.0,24,1,False,False,False,False,True,0.055625086914198305
DS03,isolation_forest,2,0.02,phase_conditioned,R2,10,49,2.0,False,20.0,17,3,False,False,True,True,True,0.05840634125990822
DS03,isolation_forest,2,0.02,phase_conditioned,R2,11,41,3.0,False,11.0,18,0,False,False,True,True,True,0.05840634125990822
DS03,isolation_forest,2,0.02,phase_conditioned,R2,12,57,0.0,False,1.0,36,4,True,True,True,True,True,0.05840634125990822
DS03,isolation_forest,2,0.02,phase_conditioned,R2,13,59,7.0,False,8.0,18,2,False,False,False,False,True,0.05840634125990822
DS03,isolation_forest,2,0.02,phase_conditioned,R2,14,41,5.0,False,6.0,35,0,False,False,False,True,True,0.05840634125990822
DS03,isolation_forest,2,0.02,phase_conditioned,R2,15,43,6.0,False,7.0,24,1,False,False,False,False,True,0.05840634125990822
DS03,isolation_forest,2,0.02,quantile_regression_W,R0,10,49,16.0,False,20.0,17,2,False,False,False,False,False,0.1248783201223752
DS03,isolation_forest,2,0.02,quantile_regression_W,R0,11,41,3.0,False,11.0,18,0,False,False,True,True,True,0.1248783201223752
DS03,isolation_forest,2,0.02,quantile_regression_W,R0,12,57,0.0,False,4.0,36,2,True,True,True,True,True,0.1248783201223752
DS03,isolation_forest,2,0.02,quantile_regression_W,R0,13,59,5.0,False,15.0,18,1,False,False,False,True,True,0.1248783201223752
DS03,isolation_forest,2,0.02,quantile_regression_W,R0,14,41,4.0,False,11.0,35,0,False,False,False,True,True,0.1248783201223752
DS03,isolation_forest,2,0.02,quantile_regression_W,R0,15,43,4.0,False,7.0,24,0,False,False,False,True,True,0.1248783201223752
DS03,isolation_forest,2,0.02,quantile_regression_W,R1,10,49,16.0,False,20.0,17,3,False,False,False,False,False,0.11103386632237561
DS03,isolation_forest,2,0.02,quantile_regression_W,R1,11,41,3.0,False,11.0,18,0,False,False,True,True,True,0.11103386632237561
DS03,isolation_forest,2,0.02,quantile_regression_W,R1,12,57,0.0,False,4.0,36,2,True,True,True,True,True,0.11103386632237561
DS03,isolation_forest,2,0.02,quantile_regression_W,R1,13,59,5.0,False,15.0,18,1,False,False,False,True,True,0.11103386632237561
DS03,isolation_forest,2,0.02,quantile_regression_W,R1,14,41,4.0,False,11.0,35,0,False,False,False,True,True,0.11103386632237561
DS03,isolation_forest,2,0.02,quantile_regression_W,R1,15,43,4.0,False,7.0,24,0,False,False,False,True,True,0.11103386632237561
DS03,isolation_forest,2,0.02,quantile_regression_W,R2,10,49,16.0,False,20.0,17,2,False,False,False,False,False,0.12599082186065916
DS03,isolation_forest,2,0.02,quantile_regression_W,R2,11,41,3.0,False,11.0,18,0,False,False,True,True,True,0.12599082186065916
DS03,isolation_forest,2,0.02,quantile_regression_W,R2,12,57,0.0,False,4.0,36,2,True,True,True,True,True,0.12599082186065916
DS03,isolation_forest,2,0.02,quantile_regression_W,R2,13,59,5.0,False,15.0,18,1,False,False,False,True,True,0.12599082186065916
DS03,isolation_forest,2,0.02,quantile_regression_W,R2,14,41,4.0,False,11.0,35,0,False,False,False,True,True,0.12599082186065916
DS03,isolation_forest,2,0.02,quantile_regression_W,R2,15,43,4.0,False,7.0,24,0,False,False,False,True,True,0.12599082186065916
DS03,lstm_autoencoder,0,0.005,pooled,R0,10,49,8.0,False,23.0,17,1,False,False,False,False,True,0.01608876560332871
DS03,lstm_autoencoder,0,0.005,pooled,R0,11,41,2.0,False,16.0,18,1,False,False,True,True,True,0.01608876560332871
DS03,lstm_autoencoder,0,0.005,pooled,R0,12,57,15.0,False,16.0,36,0,False,False,False,False,False,0.01608876560332871
DS03,lstm_autoencoder,0,0.005,pooled,R0,13,59,2.0,False,8.0,18,5,False,False,True,True,True,0.01608876560332871
DS03,lstm_autoencoder,0,0.005,pooled,R0,14,41,7.0,False,10.0,35,0,False,False,False,False,True,0.01608876560332871
DS03,lstm_autoencoder,0,0.005,pooled,R0,15,43,1.0,False,12.0,24,3,False,True,True,True,True,0.01608876560332871
DS03,lstm_autoencoder,0,0.005,pooled,R1,10,49,10.0,False,25.0,17,1,False,False,False,False,True,0.0130374479889043
DS03,lstm_autoencoder,0,0.005,pooled,R1,11,41,2.0,False,16.0,18,0,False,False,True,True,True,0.0130374479889043
DS03,lstm_autoencoder,0,0.005,pooled,R1,12,57,18.0,False,19.0,36,0,False,False,False,False,False,0.0130374479889043
DS03,lstm_autoencoder,0,0.005,pooled,R1,13,59,2.0,False,8.0,18,4,False,False,True,True,True,0.0130374479889043
DS03,lstm_autoencoder,0,0.005,pooled,R1,14,41,10.0,False,16.0,35,0,False,False,False,False,True,0.0130374479889043
DS03,lstm_autoencoder,0,0.005,pooled,R1,15,43,1.0,False,13.0,24,1,False,True,True,True,True,0.0130374479889043
DS03,lstm_autoencoder,0,0.005,pooled,R2,10,49,10.0,False,25.0,17,1,False,False,False,False,True,0.015672676837725382
DS03,lstm_autoencoder,0,0.005,pooled,R2,11,41,2.0,False,16.0,18,0,False,False,True,True,True,0.015672676837725382
DS03,lstm_autoencoder,0,0.005,pooled,R2,12,57,15.0,False,16.0,36,0,False,False,False,False,False,0.015672676837725382
DS03,lstm_autoencoder,0,0.005,pooled,R2,13,59,2.0,False,8.0,18,4,False,False,True,True,True,0.015672676837725382
DS03,lstm_autoencoder,0,0.005,pooled,R2,14,41,9.0,False,10.0,35,0,False,False,False,False,True,0.015672676837725382
DS03,lstm_autoencoder,0,0.005,pooled,R2,15,43,1.0,False,13.0,24,1,False,True,True,True,True,0.015672676837725382
DS03,lstm_autoencoder,0,0.005,phase_conditioned,R0,10,49,8.0,False,20.0,17,3,False,False,False,False,True,0.014791336502905442
DS03,lstm_autoencoder,0,0.005,phase_conditioned,R0,11,41,5.0,False,12.0,18,1,False,False,False,True,True,0.014791336502905442
DS03,lstm_autoencoder,0,0.005,phase_conditioned,R0,12,57,9.0,False,10.0,36,1,False,False,False,False,True,0.014791336502905442
DS03,lstm_autoencoder,0,0.005,phase_conditioned,R0,13,59,2.0,False,8.0,18,5,False,False,True,True,True,0.014791336502905442
DS03,lstm_autoencoder,0,0.005,phase_conditioned,R0,14,41,7.0,False,10.0,35,0,False,False,False,False,True,0.014791336502905442
DS03,lstm_autoencoder,0,0.005,phase_conditioned,R0,15,43,1.0,False,9.0,24,4,False,True,True,True,True,0.014791336502905442
DS03,lstm_autoencoder,0,0.005,phase_conditioned,R1,10,49,6.0,False,20.0,17,3,False,False,False,False,True,0.009297411516111992
DS03,lstm_autoencoder,0,0.005,phase_conditioned,R1,11,41,5.0,False,12.0,18,1,False,False,False,True,True,0.009297411516111992
DS03,lstm_autoencoder,0,0.005,phase_conditioned,R1,12,57,9.0,False,10.0,36,0,False,False,False,False,True,0.009297411516111992
DS03,lstm_autoencoder,0,0.005,phase_conditioned,R1,13,59,2.0,False,8.0,18,4,False,False,True,True,True,0.009297411516111992
DS03,lstm_autoencoder,0,0.005,phase_conditioned,R1,14,41,9.0,False,10.0,35,0,False,False,False,False,True,0.009297411516111992
DS03,lstm_autoencoder,0,0.005,phase_conditioned,R1,15,43,1.0,False,9.0,24,3,False,True,True,True,True,0.009297411516111992
DS03,lstm_autoencoder,0,0.005,phase_conditioned,R2,10,49,19.0,False,20.0,17,2,False,False,False,False,False,0.01531959852086635
DS03,lstm_autoencoder,0,0.005,phase_conditioned,R2,11,41,5.0,False,12.0,18,0,False,False,False,True,True,0.01531959852086635
DS03,lstm_autoencoder,0,0.005,phase_conditioned,R2,12,57,9.0,False,10.0,36,0,False,False,False,False,True,0.01531959852086635
DS03,lstm_autoencoder,0,0.005,phase_conditioned,R2,13,59,2.0,False,8.0,18,5,False,False,True,True,True,0.01531959852086635
DS03,lstm_autoencoder,0,0.005,phase_conditioned,R2,14,41,9.0,False,10.0,35,0,False,False,False,False,True,0.01531959852086635
DS03,lstm_autoencoder,0,0.005,phase_conditioned,R2,15,43,1.0,False,9.0,24,2,False,True,True,True,True,0.01531959852086635
DS03,lstm_autoencoder,0,0.005,quantile_regression_W,R0,10,49,19.0,False,22.0,17,2,False,False,False,False,False,0.015771028037383176
DS03,lstm_autoencoder,0,0.005,quantile_regression_W,R0,11,41,5.0,False,11.0,18,0,False,False,False,True,True,0.015771028037383176
DS03,lstm_autoencoder,0,0.005,quantile_regression_W,R0,12,57,3.0,False,4.0,36,1,False,False,True,True,True,0.015771028037383176
DS03,lstm_autoencoder,0,0.005,quantile_regression_W,R0,13,59,2.0,False,23.0,18,2,False,False,True,True,True,0.015771028037383176
DS03,lstm_autoencoder,0,0.005,quantile_regression_W,R0,14,41,7.0,False,10.0,35,1,False,False,False,False,True,0.015771028037383176
DS03,lstm_autoencoder,0,0.005,quantile_regression_W,R0,15,43,1.0,False,13.0,24,2,False,True,True,True,True,0.015771028037383176
DS03,lstm_autoencoder,0,0.005,quantile_regression_W,R1,10,49,19.0,False,22.0,17,2,False,False,False,False,False,0.008859034267912772
DS03,lstm_autoencoder,0,0.005,quantile_regression_W,R1,11,41,10.0,False,11.0,18,0,False,False,False,False,True,0.008859034267912772
DS03,lstm_autoencoder,0,0.005,quantile_regression_W,R1,12,57,3.0,False,4.0,36,0,False,False,True,True,True,0.008859034267912772
DS03,lstm_autoencoder,0,0.005,quantile_regression_W,R1,13,59,22.0,False,23.0,18,0,False,False,False,False,False,0.008859034267912772
DS03,lstm_autoencoder,0,0.005,quantile_regression_W,R1,14,41,7.0,False,10.0,35,0,False,False,False,False,True,0.008859034267912772
DS03,lstm_autoencoder,0,0.005,quantile_regression_W,R1,15,43,9.0,False,15.0,24,1,False,False,False,False,True,0.008859034267912772
DS03,lstm_autoencoder,0,0.005,quantile_regression_W,R2,10,49,19.0,False,22.0,17,2,False,False,False,False,False,0.012655763239875389
DS03,lstm_autoencoder,0,0.005,quantile_regression_W,R2,11,41,10.0,False,11.0,18,0,False,False,False,False,True,0.012655763239875389
DS03,lstm_autoencoder,0,0.005,quantile_regression_W,R2,12,57,3.0,False,4.0,36,0,False,False,True,True,True,0.012655763239875389
DS03,lstm_autoencoder,0,0.005,quantile_regression_W,R2,13,59,18.0,False,23.0,18,1,False,False,False,False,False,0.012655763239875389
DS03,lstm_autoencoder,0,0.005,quantile_regression_W,R2,14,41,7.0,False,10.0,35,0,False,False,False,False,True,0.012655763239875389
DS03,lstm_autoencoder,0,0.005,quantile_regression_W,R2,15,43,9.0,False,13.0,24,2,False,False,False,False,True,0.012655763239875389
DS03,lstm_autoencoder,0,0.01,pooled,R0,10,49,6.0,False,20.0,17,6,False,False,False,False,True,0.02376219732562342
DS03,lstm_autoencoder,0,0.01,pooled,R0,11,41,5.0,False,12.0,18,2,False,False,False,True,True,0.02376219732562342
DS03,lstm_autoencoder,0,0.01,pooled,R0,12,57,4.0,False,11.0,36,2,False,False,False,True,True,0.02376219732562342
DS03,lstm_autoencoder,0,0.01,pooled,R0,13,59,1.0,False,2.0,18,7,False,True,True,True,True,0.02376219732562342
DS03,lstm_autoencoder,0,0.01,pooled,R0,14,41,5.0,False,6.0,35,3,False,False,False,True,True,0.02376219732562342
DS03,lstm_autoencoder,0,0.01,pooled,R0,15,43,1.0,False,8.0,24,4,False,True,True,True,True,0.02376219732562342
DS03,lstm_autoencoder,0,0.01,pooled,R1,10,49,16.0,False,20.0,17,4,False,False,False,False,False,0.018341163715215034
DS03,lstm_autoencoder,0,0.01,pooled,R1,11,41,5.0,False,12.0,18,2,False,False,False,True,True,0.018341163715215034
DS03,lstm_autoencoder,0,0.01,pooled,R1,12,57,10.0,False,11.0,36,0,False,False,False,False,True,0.018341163715215034
DS03,lstm_autoencoder,0,0.01,pooled,R1,13,59,2.0,False,8.0,18,4,False,False,True,True,True,0.018341163715215034
DS03,lstm_autoencoder,0,0.01,pooled,R1,14,41,6.0,False,9.0,35,0,False,False,False,False,True,0.018341163715215034
DS03,lstm_autoencoder,0,0.01,pooled,R1,15,43,1.0,False,12.0,24,3,False,True,True,True,True,0.018341163715215034
DS03,lstm_autoencoder,0,0.01,pooled,R2,10,49,6.0,False,20.0,17,5,False,False,False,False,True,0.021232381640766174
DS03,lstm_autoencoder,0,0.01,pooled,R2,11,41,5.0,False,12.0,18,2,False,False,False,True,True,0.021232381640766174
DS03,lstm_autoencoder,0,0.01,pooled,R2,12,57,4.0,False,11.0,36,0,False,False,False,True,True,0.021232381640766174
DS03,lstm_autoencoder,0,0.01,pooled,R2,13,59,2.0,False,8.0,18,5,False,False,True,True,True,0.021232381640766174
DS03,lstm_autoencoder,0,0.01,pooled,R2,14,41,6.0,False,7.0,35,0,False,False,False,False,True,0.021232381640766174
DS03,lstm_autoencoder,0,0.01,pooled,R2,15,43,1.0,False,8.0,24,4,False,True,True,True,True,0.021232381640766174
DS03,lstm_autoencoder,0,0.01,phase_conditioned,R0,10,49,6.0,False,17.0,17,7,False,False,False,False,True,0.022497289483194797
DS03,lstm_autoencoder,0,0.01,phase_conditioned,R0,11,41,2.0,False,8.0,18,4,False,False,True,True,True,0.022497289483194797
DS03,lstm_autoencoder,0,0.01,phase_conditioned,R0,12,57,1.0,False,5.0,36,4,False,True,True,True,True,0.022497289483194797
DS03,lstm_autoencoder,0,0.01,phase_conditioned,R0,13,59,1.0,False,2.0,18,6,False,True,True,True,True,0.022497289483194797
DS03,lstm_autoencoder,0,0.01,phase_conditioned,R0,14,41,5.0,False,6.0,35,3,False,False,False,True,True,0.022497289483194797
DS03,lstm_autoencoder,0,0.01,phase_conditioned,R0,15,43,1.0,False,4.0,24,5,False,True,True,True,True,0.022497289483194797
DS03,lstm_autoencoder,0,0.01,phase_conditioned,R1,10,49,8.0,False,19.0,17,5,False,False,False,False,True,0.018702565955908926
DS03,lstm_autoencoder,0,0.01,phase_conditioned,R1,11,41,5.0,False,8.0,18,1,False,False,False,True,True,0.018702565955908926
DS03,lstm_autoencoder,0,0.01,phase_conditioned,R1,12,57,1.0,False,6.0,36,2,False,True,True,True,True,0.018702565955908926
DS03,lstm_autoencoder,0,0.01,phase_conditioned,R1,13,59,2.0,False,8.0,18,4,False,False,True,True,True,0.018702565955908926
DS03,lstm_autoencoder,0,0.01,phase_conditioned,R1,14,41,5.0,False,6.0,35,0,False,False,False,True,True,0.018702565955908926
DS03,lstm_autoencoder,0,0.01,phase_conditioned,R1,15,43,1.0,False,4.0,24,2,False,True,True,True,True,0.018702565955908926
DS03,lstm_autoencoder,0,0.01,phase_conditioned,R2,10,49,8.0,False,19.0,17,6,False,False,False,False,True,0.02141308276111312
DS03,lstm_autoencoder,0,0.01,phase_conditioned,R2,11,41,5.0,False,8.0,18,2,False,False,False,True,True,0.02141308276111312
DS03,lstm_autoencoder,0,0.01,phase_conditioned,R2,12,57,1.0,False,5.0,36,2,False,True,True,True,True,0.02141308276111312
DS03,lstm_autoencoder,0,0.01,phase_conditioned,R2,13,59,2.0,False,8.0,18,5,False,False,True,True,True,0.02141308276111312
DS03,lstm_autoencoder,0,0.01,phase_conditioned,R2,14,41,5.0,False,6.0,35,1,False,False,False,True,True,0.02141308276111312
DS03,lstm_autoencoder,0,0.01,phase_conditioned,R2,15,43,1.0,False,4.0,24,4,False,True,True,True,True,0.02141308276111312
DS03,lstm_autoencoder,0,0.01,quantile_regression_W,R0,10,49,19.0,False,20.0,17,4,False,False,False,False,False,0.030511114257397706
DS03,lstm_autoencoder,0,0.01,quantile_regression_W,R0,11,41,5.0,False,11.0,18,1,False,False,False,True,True,0.030511114257397706
DS03,lstm_autoencoder,0,0.01,quantile_regression_W,R0,12,57,4.0,False,13.0,36,1,False,False,False,True,True,0.030511114257397706
DS03,lstm_autoencoder,0,0.01,quantile_regression_W,R0,13,59,2.0,False,21.0,18,1,False,False,True,True,True,0.030511114257397706
DS03,lstm_autoencoder,0,0.01,quantile_regression_W,R0,14,41,8.0,False,9.0,35,3,False,False,False,False,True,0.030511114257397706
DS03,lstm_autoencoder,0,0.01,quantile_regression_W,R0,15,43,9.0,False,13.0,24,1,False,False,False,False,True,0.030511114257397706
DS03,lstm_autoencoder,0,0.01,quantile_regression_W,R1,10,49,19.0,False,20.0,17,6,False,False,False,False,False,0.013383236928660542
DS03,lstm_autoencoder,0,0.01,quantile_regression_W,R1,11,41,10.0,False,11.0,18,0,False,False,False,False,True,0.013383236928660542
DS03,lstm_autoencoder,0,0.01,quantile_regression_W,R1,12,57,4.0,False,14.0,36,1,False,False,False,True,True,0.013383236928660542
DS03,lstm_autoencoder,0,0.01,quantile_regression_W,R1,13,59,13.0,False,22.0,18,1,False,False,False,False,False,0.013383236928660542
DS03,lstm_autoencoder,0,0.01,quantile_regression_W,R1,14,41,6.0,False,9.0,35,3,False,False,False,False,True,0.013383236928660542
DS03,lstm_autoencoder,0,0.01,quantile_regression_W,R1,15,43,1.0,False,13.0,24,1,False,True,True,True,True,0.013383236928660542
DS03,lstm_autoencoder,0,0.01,quantile_regression_W,R2,10,49,19.0,False,20.0,17,4,False,False,False,False,False,0.024706215489168907
DS03,lstm_autoencoder,0,0.01,quantile_regression_W,R2,11,41,10.0,False,11.0,18,0,False,False,False,False,True,0.024706215489168907
DS03,lstm_autoencoder,0,0.01,quantile_regression_W,R2,12,57,4.0,False,14.0,36,1,False,False,False,True,True,0.024706215489168907
DS03,lstm_autoencoder,0,0.01,quantile_regression_W,R2,13,59,18.0,False,22.0,18,1,False,False,False,False,False,0.024706215489168907
DS03,lstm_autoencoder,0,0.01,quantile_regression_W,R2,14,41,6.0,False,9.0,35,3,False,False,False,False,True,0.024706215489168907
DS03,lstm_autoencoder,0,0.01,quantile_regression_W,R2,15,43,1.0,False,13.0,24,1,False,True,True,True,True,0.024706215489168907
DS03,lstm_autoencoder,0,0.02,pooled,R0,10,49,5.0,False,6.0,17,11,False,False,False,True,True,0.041109504878930246
DS03,lstm_autoencoder,0,0.02,pooled,R0,11,41,2.0,False,6.0,18,6,False,False,True,True,True,0.041109504878930246
DS03,lstm_autoencoder,0,0.02,pooled,R0,12,57,0.0,False,1.0,36,6,True,True,True,True,True,0.041109504878930246
DS03,lstm_autoencoder,0,0.02,pooled,R0,13,59,0.0,False,1.0,18,8,True,True,True,True,True,0.041109504878930246
DS03,lstm_autoencoder,0,0.02,pooled,R0,14,41,3.0,False,6.0,35,4,False,False,True,True,True,0.041109504878930246
DS03,lstm_autoencoder,0,0.02,pooled,R0,15,43,0.0,False,1.0,24,4,True,True,True,True,True,0.041109504878930246
DS03,lstm_autoencoder,0,0.02,pooled,R1,10,49,5.0,False,6.0,17,7,False,False,False,True,True,0.03198409830140947
DS03,lstm_autoencoder,0,0.02,pooled,R1,11,41,2.0,False,8.0,18,4,False,False,True,True,True,0.03198409830140947
DS03,lstm_autoencoder,0,0.02,pooled,R1,12,57,0.0,False,1.0,36,3,True,True,True,True,True,0.03198409830140947
DS03,lstm_autoencoder,0,0.02,pooled,R1,13,59,1.0,False,2.0,18,7,False,True,True,True,True,0.03198409830140947
DS03,lstm_autoencoder,0,0.02,pooled,R1,14,41,5.0,False,6.0,35,0,False,False,False,True,True,0.03198409830140947
DS03,lstm_autoencoder,0,0.02,pooled,R1,15,43,0.0,False,1.0,24,4,True,True,True,True,True,0.03198409830140947
DS03,lstm_autoencoder,0,0.02,pooled,R2,10,49,5.0,False,6.0,17,10,False,False,False,True,True,0.03704372967112396
DS03,lstm_autoencoder,0,0.02,pooled,R2,11,41,2.0,False,8.0,18,6,False,False,True,True,True,0.03704372967112396
DS03,lstm_autoencoder,0,0.02,pooled,R2,12,57,0.0,False,1.0,36,5,True,True,True,True,True,0.03704372967112396
DS03,lstm_autoencoder,0,0.02,pooled,R2,13,59,0.0,False,1.0,18,8,True,True,True,True,True,0.03704372967112396
DS03,lstm_autoencoder,0,0.02,pooled,R2,14,41,3.0,False,6.0,35,4,False,False,True,True,True,0.03704372967112396
DS03,lstm_autoencoder,0,0.02,pooled,R2,15,43,0.0,False,1.0,24,4,True,True,True,True,True,0.03704372967112396
DS03,lstm_autoencoder,0,0.02,phase_conditioned,R0,10,49,5.0,False,6.0,17,6,False,False,False,True,True,0.05200945626477541
DS03,lstm_autoencoder,0,0.02,phase_conditioned,R0,11,41,5.0,False,8.0,18,2,False,False,False,True,True,0.05200945626477541
DS03,lstm_autoencoder,0,0.02,phase_conditioned,R0,12,57,0.0,False,1.0,36,6,True,True,True,True,True,0.05200945626477541
DS03,lstm_autoencoder,0,0.02,phase_conditioned,R0,13,59,1.0,False,2.0,18,5,False,True,True,True,True,0.05200945626477541
DS03,lstm_autoencoder,0,0.02,phase_conditioned,R0,14,41,1.0,False,6.0,35,1,False,True,True,True,True,0.05200945626477541
DS03,lstm_autoencoder,0,0.02,phase_conditioned,R0,15,43,1.0,False,2.0,24,3,False,True,True,True,True,0.05200945626477541
DS03,lstm_autoencoder,0,0.02,phase_conditioned,R1,10,49,5.0,False,17.0,17,5,False,False,False,True,True,0.03796412181894034
DS03,lstm_autoencoder,0,0.02,phase_conditioned,R1,11,41,5.0,False,8.0,18,1,False,False,False,True,True,0.03796412181894034
DS03,lstm_autoencoder,0,0.02,phase_conditioned,R1,12,57,0.0,False,1.0,36,4,True,True,True,True,True,0.03796412181894034
DS03,lstm_autoencoder,0,0.02,phase_conditioned,R1,13,59,1.0,False,16.0,18,4,False,True,True,True,True,0.03796412181894034
DS03,lstm_autoencoder,0,0.02,phase_conditioned,R1,14,41,5.0,False,6.0,35,1,False,False,False,True,True,0.03796412181894034
DS03,lstm_autoencoder,0,0.02,phase_conditioned,R1,15,43,1.0,False,2.0,24,2,False,True,True,True,True,0.03796412181894034
DS03,lstm_autoencoder,0,0.02,phase_conditioned,R2,10,49,5.0,False,17.0,17,5,False,False,False,True,True,0.04422194409678765
DS03,lstm_autoencoder,0,0.02,phase_conditioned,R2,11,41,5.0,False,8.0,18,1,False,False,False,True,True,0.04422194409678765
DS03,lstm_autoencoder,0,0.02,phase_conditioned,R2,12,57,0.0,False,1.0,36,7,True,True,True,True,True,0.04422194409678765
DS03,lstm_autoencoder,0,0.02,phase_conditioned,R2,13,59,1.0,False,2.0,18,6,False,True,True,True,True,0.04422194409678765
DS03,lstm_autoencoder,0,0.02,phase_conditioned,R2,14,41,1.0,False,6.0,35,2,False,True,True,True,True,0.04422194409678765
DS03,lstm_autoencoder,0,0.02,phase_conditioned,R2,15,43,1.0,False,2.0,24,4,False,True,True,True,True,0.04422194409678765
DS03,lstm_autoencoder,0,0.02,quantile_regression_W,R0,10,49,16.0,False,20.0,17,6,False,False,False,False,False,0.05472241533419406
DS03,lstm_autoencoder,0,0.02,quantile_regression_W,R0,11,41,5.0,False,11.0,18,1,False,False,False,True,True,0.05472241533419406
DS03,lstm_autoencoder,0,0.02,quantile_regression_W,R0,12,57,0.0,False,13.0,36,4,True,True,True,True,True,0.05472241533419406
DS03,lstm_autoencoder,0,0.02,quantile_regression_W,R0,13,59,0.0,False,16.0,18,1,True,True,True,True,True,0.05472241533419406
DS03,lstm_autoencoder,0,0.02,quantile_regression_W,R0,14,41,3.0,False,7.0,35,3,False,False,True,True,True,0.05472241533419406
DS03,lstm_autoencoder,0,0.02,quantile_regression_W,R0,15,43,9.0,False,12.0,24,1,False,False,False,False,True,0.05472241533419406
DS03,lstm_autoencoder,0,0.02,quantile_regression_W,R1,10,49,16.0,False,20.0,17,6,False,False,False,False,False,0.027962622115248477
DS03,lstm_autoencoder,0,0.02,quantile_regression_W,R1,11,41,5.0,False,11.0,18,1,False,False,False,True,True,0.027962622115248477
DS03,lstm_autoencoder,0,0.02,quantile_regression_W,R1,12,57,0.0,False,13.0,36,4,True,True,True,True,True,0.027962622115248477
DS03,lstm_autoencoder,0,0.02,quantile_regression_W,R1,13,59,0.0,False,16.0,18,0,True,True,True,True,True,0.027962622115248477
DS03,lstm_autoencoder,0,0.02,quantile_regression_W,R1,14,41,3.0,False,7.0,35,4,False,False,True,True,True,0.027962622115248477
DS03,lstm_autoencoder,0,0.02,quantile_regression_W,R1,15,43,1.0,False,12.0,24,3,False,True,True,True,True,0.027962622115248477
DS03,lstm_autoencoder,0,0.02,quantile_regression_W,R2,10,49,16.0,False,20.0,17,6,False,False,False,False,False,0.04679314738779555
DS03,lstm_autoencoder,0,0.02,quantile_regression_W,R2,11,41,5.0,False,11.0,18,1,False,False,False,True,True,0.04679314738779555
DS03,lstm_autoencoder,0,0.02,quantile_regression_W,R2,12,57,0.0,False,13.0,36,4,True,True,True,True,True,0.04679314738779555
DS03,lstm_autoencoder,0,0.02,quantile_regression_W,R2,13,59,0.0,False,19.0,18,0,True,True,True,True,True,0.04679314738779555
DS03,lstm_autoencoder,0,0.02,quantile_regression_W,R2,14,41,3.0,False,7.0,35,4,False,False,True,True,True,0.04679314738779555
DS03,lstm_autoencoder,0,0.02,quantile_regression_W,R2,15,43,1.0,False,12.0,24,1,False,True,True,True,True,0.04679314738779555
DS03,lstm_autoencoder,1,0.005,pooled,R0,10,49,10.0,False,23.0,17,1,False,False,False,False,True,0.01726768377253814
DS03,lstm_autoencoder,1,0.005,pooled,R0,11,41,2.0,False,14.0,18,1,False,False,True,True,True,0.01726768377253814
DS03,lstm_autoencoder,1,0.005,pooled,R0,12,57,13.0,False,16.0,36,0,False,False,False,False,False,0.01726768377253814
DS03,lstm_autoencoder,1,0.005,pooled,R0,13,59,2.0,False,8.0,18,4,False,False,True,True,True,0.01726768377253814
DS03,lstm_autoencoder,1,0.005,pooled,R0,14,41,9.0,False,10.0,35,0,False,False,False,False,True,0.01726768377253814
DS03,lstm_autoencoder,1,0.005,pooled,R0,15,43,1.0,False,13.0,24,2,False,True,True,True,True,0.01726768377253814
DS03,lstm_autoencoder,1,0.005,pooled,R1,10,49,10.0,False,25.0,17,1,False,False,False,False,True,0.013733540988248619
DS03,lstm_autoencoder,1,0.005,pooled,R1,11,41,2.0,False,16.0,18,0,False,False,True,True,True,0.013733540988248619
DS03,lstm_autoencoder,1,0.005,pooled,R1,12,57,18.0,False,19.0,36,0,False,False,False,False,False,0.013733540988248619
DS03,lstm_autoencoder,1,0.005,pooled,R1,13,59,2.0,False,23.0,18,2,False,False,True,True,True,0.013733540988248619
DS03,lstm_autoencoder,1,0.005,pooled,R1,14,41,10.0,False,16.0,35,0,False,False,False,False,True,0.013733540988248619
DS03,lstm_autoencoder,1,0.005,pooled,R1,15,43,1.0,False,16.0,24,1,False,True,True,True,True,0.013733540988248619
DS03,lstm_autoencoder,1,0.005,pooled,R2,10,49,10.0,False,25.0,17,1,False,False,False,False,True,0.016574202496532593
DS03,lstm_autoencoder,1,0.005,pooled,R2,11,41,2.0,False,16.0,18,0,False,False,True,True,True,0.016574202496532593
DS03,lstm_autoencoder,1,0.005,pooled,R2,12,57,18.0,False,19.0,36,0,False,False,False,False,False,0.016574202496532593
DS03,lstm_autoencoder,1,0.005,pooled,R2,13,59,2.0,False,8.0,18,4,False,False,True,True,True,0.016574202496532593
DS03,lstm_autoencoder,1,0.005,pooled,R2,14,41,10.0,False,15.0,35,0,False,False,False,False,True,0.016574202496532593
DS03,lstm_autoencoder,1,0.005,pooled,R2,15,43,1.0,False,13.0,24,1,False,True,True,True,True,0.016574202496532593
DS03,lstm_autoencoder,1,0.005,phase_conditioned,R0,10,49,8.0,False,20.0,17,3,False,False,False,False,True,0.014263074484944533
DS03,lstm_autoencoder,1,0.005,phase_conditioned,R0,11,41,2.0,False,12.0,18,1,False,False,True,True,True,0.014263074484944533
DS03,lstm_autoencoder,1,0.005,phase_conditioned,R0,12,57,10.0,False,11.0,36,0,False,False,False,False,True,0.014263074484944533
DS03,lstm_autoencoder,1,0.005,phase_conditioned,R0,13,59,2.0,False,8.0,18,5,False,False,True,True,True,0.014263074484944533
DS03,lstm_autoencoder,1,0.005,phase_conditioned,R0,14,41,7.0,False,10.0,35,0,False,False,False,False,True,0.014263074484944533
DS03,lstm_autoencoder,1,0.005,phase_conditioned,R0,15,43,1.0,False,12.0,24,4,False,True,True,True,True,0.014263074484944533
DS03,lstm_autoencoder,1,0.005,phase_conditioned,R1,10,49,19.0,False,20.0,17,1,False,False,False,False,False,0.010332871012482663
DS03,lstm_autoencoder,1,0.005,phase_conditioned,R1,11,41,5.0,False,12.0,18,0,False,False,False,True,True,0.010332871012482663
DS03,lstm_autoencoder,1,0.005,phase_conditioned,R1,12,57,10.0,False,11.0,36,0,False,False,False,False,True,0.010332871012482663
DS03,lstm_autoencoder,1,0.005,phase_conditioned,R1,13,59,2.0,False,8.0,18,4,False,False,True,True,True,0.010332871012482663
DS03,lstm_autoencoder,1,0.005,phase_conditioned,R1,14,41,9.0,False,10.0,35,0,False,False,False,False,True,0.010332871012482663
DS03,lstm_autoencoder,1,0.005,phase_conditioned,R1,15,43,1.0,False,12.0,24,3,False,True,True,True,True,0.010332871012482663
DS03,lstm_autoencoder,1,0.005,phase_conditioned,R2,10,49,19.0,False,20.0,17,1,False,False,False,False,False,0.015108293713681987
DS03,lstm_autoencoder,1,0.005,phase_conditioned,R2,11,41,5.0,False,12.0,18,0,False,False,False,True,True,0.015108293713681987
DS03,lstm_autoencoder,1,0.005,phase_conditioned,R2,12,57,10.0,False,11.0,36,0,False,False,False,False,True,0.015108293713681987
DS03,lstm_autoencoder,1,0.005,phase_conditioned,R2,13,59,2.0,False,8.0,18,5,False,False,True,True,True,0.015108293713681987
DS03,lstm_autoencoder,1,0.005,phase_conditioned,R2,14,41,9.0,False,10.0,35,0,False,False,False,False,True,0.015108293713681987
DS03,lstm_autoencoder,1,0.005,phase_conditioned,R2,15,43,1.0,False,12.0,24,2,False,True,True,True,True,0.015108293713681987
DS03,lstm_autoencoder,1,0.005,quantile_regression_W,R0,10,49,19.0,False,20.0,17,3,False,False,False,False,False,0.01732866043613707
DS03,lstm_autoencoder,1,0.005,quantile_regression_W,R0,11,41,10.0,False,11.0,18,0,False,False,False,False,True,0.01732866043613707
DS03,lstm_autoencoder,1,0.005,quantile_regression_W,R0,12,57,3.0,False,4.0,36,0,False,False,True,True,True,0.01732866043613707
DS03,lstm_autoencoder,1,0.005,quantile_regression_W,R0,13,59,2.0,False,19.0,18,1,False,False,True,True,True,0.01732866043613707
DS03,lstm_autoencoder,1,0.005,quantile_regression_W,R0,14,41,2.0,False,9.0,35,0,False,False,True,True,True,0.01732866043613707
DS03,lstm_autoencoder,1,0.005,quantile_regression_W,R0,15,43,9.0,False,15.0,24,1,False,False,False,False,True,0.01732866043613707
DS03,lstm_autoencoder,1,0.005,quantile_regression_W,R1,10,49,19.0,False,20.0,17,2,False,False,False,False,False,0.009929906542056074
DS03,lstm_autoencoder,1,0.005,quantile_regression_W,R1,11,41,10.0,False,11.0,18,0,False,False,False,False,True,0.009929906542056074
DS03,lstm_autoencoder,1,0.005,quantile_regression_W,R1,12,57,3.0,False,4.0,36,0,False,False,True,True,True,0.009929906542056074
DS03,lstm_autoencoder,1,0.005,quantile_regression_W,R1,13,59,12.0,False,23.0,18,0,False,False,False,False,False,0.009929906542056074
DS03,lstm_autoencoder,1,0.005,quantile_regression_W,R1,14,41,2.0,False,9.0,35,0,False,False,True,True,True,0.009929906542056074
DS03,lstm_autoencoder,1,0.005,quantile_regression_W,R1,15,43,9.0,False,15.0,24,0,False,False,False,False,True,0.009929906542056074
DS03,lstm_autoencoder,1,0.005,quantile_regression_W,R2,10,49,19.0,False,20.0,17,2,False,False,False,False,False,0.01440809968847352
DS03,lstm_autoencoder,1,0.005,quantile_regression_W,R2,11,41,10.0,False,11.0,18,0,False,False,False,False,True,0.01440809968847352
DS03,lstm_autoencoder,1,0.005,quantile_regression_W,R2,12,57,3.0,False,4.0,36,0,False,False,True,True,True,0.01440809968847352
DS03,lstm_autoencoder,1,0.005,quantile_regression_W,R2,13,59,12.0,False,23.0,18,1,False,False,False,False,False,0.01440809968847352
DS03,lstm_autoencoder,1,0.005,quantile_regression_W,R2,14,41,2.0,False,9.0,35,0,False,False,True,True,True,0.01440809968847352
DS03,lstm_autoencoder,1,0.005,quantile_regression_W,R2,15,43,9.0,False,15.0,24,1,False,False,False,False,True,0.01440809968847352
DS03,lstm_autoencoder,1,0.01,pooled,R0,10,49,5.0,False,6.0,17,7,False,False,False,True,True,0.025027105168052042
DS03,lstm_autoencoder,1,0.01,pooled,R0,11,41,2.0,False,12.0,18,2,False,False,True,True,True,0.025027105168052042
DS03,lstm_autoencoder,1,0.01,pooled,R0,12,57,0.0,False,11.0,36,0,True,True,True,True,True,0.025027105168052042
DS03,lstm_autoencoder,1,0.01,pooled,R0,13,59,1.0,False,2.0,18,5,False,True,True,True,True,0.025027105168052042
DS03,lstm_autoencoder,1,0.01,pooled,R0,14,41,6.0,False,7.0,35,0,False,False,False,False,True,0.025027105168052042
DS03,lstm_autoencoder,1,0.01,pooled,R0,15,43,0.0,False,1.0,24,4,True,True,True,True,True,0.025027105168052042
DS03,lstm_autoencoder,1,0.01,pooled,R1,10,49,5.0,False,20.0,17,5,False,False,False,True,True,0.02005782435851102
DS03,lstm_autoencoder,1,0.01,pooled,R1,11,41,5.0,False,12.0,18,0,False,False,False,True,True,0.02005782435851102
DS03,lstm_autoencoder,1,0.01,pooled,R1,12,57,4.0,False,11.0,36,0,False,False,False,True,True,0.02005782435851102
DS03,lstm_autoencoder,1,0.01,pooled,R1,13,59,2.0,False,16.0,18,4,False,False,True,True,True,0.02005782435851102
DS03,lstm_autoencoder,1,0.01,pooled,R1,14,41,6.0,False,9.0,35,0,False,False,False,False,True,0.02005782435851102
DS03,lstm_autoencoder,1,0.01,pooled,R1,15,43,1.0,False,12.0,24,2,False,True,True,True,True,0.02005782435851102
DS03,lstm_autoencoder,1,0.01,pooled,R2,10,49,5.0,False,6.0,17,7,False,False,False,True,True,0.023039392844235635
DS03,lstm_autoencoder,1,0.01,pooled,R2,11,41,5.0,False,12.0,18,2,False,False,False,True,True,0.023039392844235635
DS03,lstm_autoencoder,1,0.01,pooled,R2,12,57,4.0,False,11.0,36,0,False,False,False,True,True,0.023039392844235635
DS03,lstm_autoencoder,1,0.01,pooled,R2,13,59,1.0,False,2.0,18,4,False,True,True,True,True,0.023039392844235635
DS03,lstm_autoencoder,1,0.01,pooled,R2,14,41,6.0,False,7.0,35,0,False,False,False,False,True,0.023039392844235635
DS03,lstm_autoencoder,1,0.01,pooled,R2,15,43,1.0,False,12.0,24,3,False,True,True,True,True,0.023039392844235635
DS03,lstm_autoencoder,1,0.01,phase_conditioned,R0,10,49,6.0,False,17.0,17,8,False,False,False,False,True,0.022768341163715216
DS03,lstm_autoencoder,1,0.01,phase_conditioned,R0,11,41,2.0,False,8.0,18,3,False,False,True,True,True,0.022768341163715216
DS03,lstm_autoencoder,1,0.01,phase_conditioned,R0,12,57,0.0,False,1.0,36,4,True,True,True,True,True,0.022768341163715216
DS03,lstm_autoencoder,1,0.01,phase_conditioned,R0,13,59,1.0,False,2.0,18,5,False,True,True,True,True,0.022768341163715216
DS03,lstm_autoencoder,1,0.01,phase_conditioned,R0,14,41,5.0,False,6.0,35,3,False,False,False,True,True,0.022768341163715216
DS03,lstm_autoencoder,1,0.01,phase_conditioned,R0,15,43,1.0,False,4.0,24,5,False,True,True,True,True,0.022768341163715216
DS03,lstm_autoencoder,1,0.01,phase_conditioned,R1,10,49,16.0,False,20.0,17,6,False,False,False,False,False,0.01915431875677629
DS03,lstm_autoencoder,1,0.01,phase_conditioned,R1,11,41,5.0,False,8.0,18,1,False,False,False,True,True,0.01915431875677629
DS03,lstm_autoencoder,1,0.01,phase_conditioned,R1,12,57,1.0,False,5.0,36,2,False,True,True,True,True,0.01915431875677629
DS03,lstm_autoencoder,1,0.01,phase_conditioned,R1,13,59,2.0,False,8.0,18,5,False,False,True,True,True,0.01915431875677629
DS03,lstm_autoencoder,1,0.01,phase_conditioned,R1,14,41,5.0,False,6.0,35,0,False,False,False,True,True,0.01915431875677629
DS03,lstm_autoencoder,1,0.01,phase_conditioned,R1,15,43,1.0,False,4.0,24,3,False,True,True,True,True,0.01915431875677629
DS03,lstm_autoencoder,1,0.01,phase_conditioned,R2,10,49,8.0,False,19.0,17,8,False,False,False,False,True,0.02059992771955186
DS03,lstm_autoencoder,1,0.01,phase_conditioned,R2,11,41,2.0,False,8.0,18,2,False,False,True,True,True,0.02059992771955186
DS03,lstm_autoencoder,1,0.01,phase_conditioned,R2,12,57,1.0,False,5.0,36,2,False,True,True,True,True,0.02059992771955186
DS03,lstm_autoencoder,1,0.01,phase_conditioned,R2,13,59,2.0,False,8.0,18,5,False,False,True,True,True,0.02059992771955186
DS03,lstm_autoencoder,1,0.01,phase_conditioned,R2,14,41,5.0,False,6.0,35,0,False,False,False,True,True,0.02059992771955186
DS03,lstm_autoencoder,1,0.01,phase_conditioned,R2,15,43,1.0,False,4.0,24,4,False,True,True,True,True,0.02059992771955186
DS03,lstm_autoencoder,1,0.01,quantile_regression_W,R0,10,49,19.0,False,20.0,17,4,False,False,False,False,False,0.029166076737930056
DS03,lstm_autoencoder,1,0.01,quantile_regression_W,R0,11,41,5.0,False,11.0,18,1,False,False,False,True,True,0.029166076737930056
DS03,lstm_autoencoder,1,0.01,quantile_regression_W,R0,12,57,0.0,False,4.0,36,1,True,True,True,True,True,0.029166076737930056
DS03,lstm_autoencoder,1,0.01,quantile_regression_W,R0,13,59,2.0,False,16.0,18,1,False,False,True,True,True,0.029166076737930056
DS03,lstm_autoencoder,1,0.01,quantile_regression_W,R0,14,41,6.0,False,7.0,35,3,False,False,False,False,True,0.029166076737930056
DS03,lstm_autoencoder,1,0.01,quantile_regression_W,R0,15,43,9.0,False,13.0,24,1,False,False,False,False,True,0.029166076737930056
DS03,lstm_autoencoder,1,0.01,quantile_regression_W,R1,10,49,19.0,False,20.0,17,5,False,False,False,False,False,0.015176864244741874
DS03,lstm_autoencoder,1,0.01,quantile_regression_W,R1,11,41,10.0,False,11.0,18,0,False,False,False,False,True,0.015176864244741874
DS03,lstm_autoencoder,1,0.01,quantile_regression_W,R1,12,57,0.0,False,4.0,36,0,True,True,True,True,True,0.015176864244741874
DS03,lstm_autoencoder,1,0.01,quantile_regression_W,R1,13,59,15.0,False,21.0,18,1,False,False,False,False,False,0.015176864244741874
DS03,lstm_autoencoder,1,0.01,quantile_regression_W,R1,14,41,6.0,False,7.0,35,1,False,False,False,False,True,0.015176864244741874
DS03,lstm_autoencoder,1,0.01,quantile_regression_W,R1,15,43,9.0,False,15.0,24,1,False,False,False,False,True,0.015176864244741874
DS03,lstm_autoencoder,1,0.01,quantile_regression_W,R2,10,49,19.0,False,20.0,17,4,False,False,False,False,False,0.023998301005238566
DS03,lstm_autoencoder,1,0.01,quantile_regression_W,R2,11,41,10.0,False,11.0,18,0,False,False,False,False,True,0.023998301005238566
DS03,lstm_autoencoder,1,0.01,quantile_regression_W,R2,12,57,0.0,False,4.0,36,1,True,True,True,True,True,0.023998301005238566
DS03,lstm_autoencoder,1,0.01,quantile_regression_W,R2,13,59,15.0,False,21.0,18,1,False,False,False,False,False,0.023998301005238566
DS03,lstm_autoencoder,1,0.01,quantile_regression_W,R2,14,41,6.0,False,7.0,35,3,False,False,False,False,True,0.023998301005238566
DS03,lstm_autoencoder,1,0.01,quantile_regression_W,R2,15,43,1.0,False,13.0,24,1,False,True,True,True,True,0.023998301005238566
DS03,lstm_autoencoder,1,0.02,pooled,R0,10,49,5.0,False,6.0,17,6,False,False,False,True,True,0.05671761866452132
DS03,lstm_autoencoder,1,0.02,pooled,R0,11,41,2.0,False,11.0,18,2,False,False,True,True,True,0.05671761866452132
DS03,lstm_autoencoder,1,0.02,pooled,R0,12,57,0.0,False,10.0,36,2,True,True,True,True,True,0.05671761866452132
DS03,lstm_autoencoder,1,0.02,pooled,R0,13,59,0.0,False,1.0,18,5,True,True,True,True,True,0.05671761866452132
DS03,lstm_autoencoder,1,0.02,pooled,R0,14,41,5.0,False,6.0,35,0,False,False,False,True,True,0.05671761866452132
DS03,lstm_autoencoder,1,0.02,pooled,R0,15,43,1.0,False,8.0,24,3,False,True,True,True,True,0.05671761866452132
DS03,lstm_autoencoder,1,0.02,pooled,R1,10,49,5.0,False,6.0,17,8,False,False,False,True,True,0.03638680447401954
DS03,lstm_autoencoder,1,0.02,pooled,R1,11,41,2.0,False,12.0,18,3,False,False,True,True,True,0.03638680447401954
DS03,lstm_autoencoder,1,0.02,pooled,R1,12,57,0.0,False,1.0,36,2,True,True,True,True,True,0.03638680447401954
DS03,lstm_autoencoder,1,0.02,pooled,R1,13,59,1.0,False,8.0,18,4,False,True,True,True,True,0.03638680447401954
DS03,lstm_autoencoder,1,0.02,pooled,R1,14,41,5.0,False,6.0,35,0,False,False,False,True,True,0.03638680447401954
DS03,lstm_autoencoder,1,0.02,pooled,R1,15,43,0.0,False,1.0,24,3,True,True,True,True,True,0.03638680447401954
DS03,lstm_autoencoder,1,0.02,pooled,R2,10,49,5.0,False,6.0,17,6,False,False,False,True,True,0.05014749262536873
DS03,lstm_autoencoder,1,0.02,pooled,R2,11,41,5.0,False,11.0,18,2,False,False,False,True,True,0.05014749262536873
DS03,lstm_autoencoder,1,0.02,pooled,R2,12,57,0.0,False,10.0,36,2,True,True,True,True,True,0.05014749262536873
DS03,lstm_autoencoder,1,0.02,pooled,R2,13,59,1.0,False,8.0,18,5,False,True,True,True,True,0.05014749262536873
DS03,lstm_autoencoder,1,0.02,pooled,R2,14,41,5.0,False,6.0,35,0,False,False,False,True,True,0.05014749262536873
DS03,lstm_autoencoder,1,0.02,pooled,R2,15,43,0.0,False,1.0,24,3,True,True,True,True,True,0.05014749262536873
DS03,lstm_autoencoder,1,0.02,phase_conditioned,R0,10,49,5.0,False,6.0,17,10,False,False,False,True,True,0.04344328238133548
DS03,lstm_autoencoder,1,0.02,phase_conditioned,R0,11,41,2.0,False,5.0,18,4,False,False,True,True,True,0.04344328238133548
DS03,lstm_autoencoder,1,0.02,phase_conditioned,R0,12,57,0.0,False,1.0,36,11,True,True,True,True,True,0.04344328238133548
DS03,lstm_autoencoder,1,0.02,phase_conditioned,R0,13,59,0.0,False,1.0,18,7,True,True,True,True,True,0.04344328238133548
DS03,lstm_autoencoder,1,0.02,phase_conditioned,R0,14,41,1.0,False,4.0,35,5,False,True,True,True,True,0.04344328238133548
DS03,lstm_autoencoder,1,0.02,phase_conditioned,R0,15,43,0.0,False,1.0,24,5,True,True,True,True,True,0.04344328238133548
DS03,lstm_autoencoder,1,0.02,phase_conditioned,R1,10,49,5.0,False,6.0,17,9,False,False,False,True,True,0.03198409830140947
DS03,lstm_autoencoder,1,0.02,phase_conditioned,R1,11,41,2.0,False,8.0,18,3,False,False,True,True,True,0.03198409830140947
DS03,lstm_autoencoder,1,0.02,phase_conditioned,R1,12,57,0.0,False,1.0,36,7,True,True,True,True,True,0.03198409830140947
DS03,lstm_autoencoder,1,0.02,phase_conditioned,R1,13,59,0.0,False,1.0,18,5,True,True,True,True,True,0.03198409830140947
DS03,lstm_autoencoder,1,0.02,phase_conditioned,R1,14,41,1.0,False,5.0,35,2,False,True,True,True,True,0.03198409830140947
DS03,lstm_autoencoder,1,0.02,phase_conditioned,R1,15,43,0.0,False,1.0,24,5,True,True,True,True,True,0.03198409830140947
DS03,lstm_autoencoder,1,0.02,phase_conditioned,R2,10,49,5.0,False,6.0,17,10,False,False,False,True,True,0.03901850362027353
DS03,lstm_autoencoder,1,0.02,phase_conditioned,R2,11,41,2.0,False,5.0,18,3,False,False,True,True,True,0.03901850362027353
DS03,lstm_autoencoder,1,0.02,phase_conditioned,R2,12,57,0.0,False,1.0,36,9,True,True,True,True,True,0.03901850362027353
DS03,lstm_autoencoder,1,0.02,phase_conditioned,R2,13,59,0.0,False,1.0,18,6,True,True,True,True,True,0.03901850362027353
DS03,lstm_autoencoder,1,0.02,phase_conditioned,R2,14,41,1.0,False,4.0,35,3,False,True,True,True,True,0.03901850362027353
DS03,lstm_autoencoder,1,0.02,phase_conditioned,R2,15,43,0.0,False,1.0,24,5,True,True,True,True,True,0.03901850362027353
DS03,lstm_autoencoder,1,0.02,quantile_regression_W,R0,10,49,16.0,False,20.0,17,6,False,False,False,False,False,0.061305394308367546
DS03,lstm_autoencoder,1,0.02,quantile_regression_W,R0,11,41,5.0,False,11.0,18,0,False,False,False,True,True,0.061305394308367546
DS03,lstm_autoencoder,1,0.02,quantile_regression_W,R0,12,57,0.0,False,4.0,36,4,True,True,True,True,True,0.061305394308367546
DS03,lstm_autoencoder,1,0.02,quantile_regression_W,R0,13,59,2.0,False,16.0,18,0,False,False,True,True,True,0.061305394308367546
DS03,lstm_autoencoder,1,0.02,quantile_regression_W,R0,14,41,3.0,False,9.0,35,3,False,False,True,True,True,0.061305394308367546
DS03,lstm_autoencoder,1,0.02,quantile_regression_W,R0,15,43,9.0,False,12.0,24,1,False,False,False,False,True,0.061305394308367546
DS03,lstm_autoencoder,1,0.02,quantile_regression_W,R1,10,49,16.0,False,20.0,17,6,False,False,False,False,False,0.03213931757043749
DS03,lstm_autoencoder,1,0.02,quantile_regression_W,R1,11,41,10.0,False,11.0,18,0,False,False,False,False,True,0.03213931757043749
DS03,lstm_autoencoder,1,0.02,quantile_regression_W,R1,12,57,0.0,False,4.0,36,5,True,True,True,True,True,0.03213931757043749
DS03,lstm_autoencoder,1,0.02,quantile_regression_W,R1,13,59,15.0,False,16.0,18,0,False,False,False,False,False,0.03213931757043749
DS03,lstm_autoencoder,1,0.02,quantile_regression_W,R1,14,41,3.0,False,9.0,35,4,False,False,True,True,True,0.03213931757043749
DS03,lstm_autoencoder,1,0.02,quantile_regression_W,R1,15,43,1.0,False,12.0,24,1,False,True,True,True,True,0.03213931757043749
DS03,lstm_autoencoder,1,0.02,quantile_regression_W,R2,10,49,16.0,False,20.0,17,6,False,False,False,False,False,0.05139459153334277
DS03,lstm_autoencoder,1,0.02,quantile_regression_W,R2,11,41,5.0,False,11.0,18,0,False,False,False,True,True,0.05139459153334277
DS03,lstm_autoencoder,1,0.02,quantile_regression_W,R2,12,57,0.0,False,4.0,36,4,True,True,True,True,True,0.05139459153334277
DS03,lstm_autoencoder,1,0.02,quantile_regression_W,R2,13,59,2.0,False,16.0,18,0,False,False,True,True,True,0.05139459153334277
DS03,lstm_autoencoder,1,0.02,quantile_regression_W,R2,14,41,3.0,False,9.0,35,4,False,False,True,True,True,0.05139459153334277
DS03,lstm_autoencoder,1,0.02,quantile_regression_W,R2,15,43,1.0,False,12.0,24,1,False,True,True,True,True,0.05139459153334277
DS03,lstm_autoencoder,2,0.005,pooled,R0,10,49,22.0,False,23.0,17,1,False,False,False,False,False,0.01740638002773925
DS03,lstm_autoencoder,2,0.005,pooled,R0,11,41,5.0,False,14.0,18,1,False,False,False,True,True,0.01740638002773925
DS03,lstm_autoencoder,2,0.005,pooled,R0,12,57,15.0,False,16.0,36,0,False,False,False,False,False,0.01740638002773925
DS03,lstm_autoencoder,2,0.005,pooled,R0,13,59,2.0,False,8.0,18,4,False,False,True,True,True,0.01740638002773925
DS03,lstm_autoencoder,2,0.005,pooled,R0,14,41,9.0,False,10.0,35,0,False,False,False,False,True,0.01740638002773925
DS03,lstm_autoencoder,2,0.005,pooled,R0,15,43,1.0,False,13.0,24,2,False,True,True,True,True,0.01740638002773925
DS03,lstm_autoencoder,2,0.005,pooled,R1,10,49,10.0,False,25.0,17,1,False,False,False,False,True,0.013800277392510402
DS03,lstm_autoencoder,2,0.005,pooled,R1,11,41,2.0,False,15.0,18,0,False,False,True,True,True,0.013800277392510402
DS03,lstm_autoencoder,2,0.005,pooled,R1,12,57,18.0,False,19.0,36,0,False,False,False,False,False,0.013800277392510402
DS03,lstm_autoencoder,2,0.005,pooled,R1,13,59,2.0,False,8.0,18,2,False,False,True,True,True,0.013800277392510402
DS03,lstm_autoencoder,2,0.005,pooled,R1,14,41,13.0,False,14.0,35,0,False,False,False,False,False,0.013800277392510402
DS03,lstm_autoencoder,2,0.005,pooled,R1,15,43,1.0,False,13.0,24,1,False,True,True,True,True,0.013800277392510402
DS03,lstm_autoencoder,2,0.005,pooled,R2,10,49,10.0,False,25.0,17,1,False,False,False,False,True,0.016920943134535366
DS03,lstm_autoencoder,2,0.005,pooled,R2,11,41,5.0,False,15.0,18,0,False,False,False,True,True,0.016920943134535366
DS03,lstm_autoencoder,2,0.005,pooled,R2,12,57,18.0,False,19.0,36,0,False,False,False,False,False,0.016920943134535366
DS03,lstm_autoencoder,2,0.005,pooled,R2,13,59,2.0,False,23.0,18,4,False,False,True,True,True,0.016920943134535366
DS03,lstm_autoencoder,2,0.005,pooled,R2,14,41,13.0,False,14.0,35,0,False,False,False,False,False,0.016920943134535366
DS03,lstm_autoencoder,2,0.005,pooled,R2,15,43,1.0,False,13.0,24,1,False,True,True,True,True,0.016920943134535366
DS03,lstm_autoencoder,2,0.005,phase_conditioned,R0,10,49,19.0,False,20.0,17,3,False,False,False,False,False,0.014263074484944533
DS03,lstm_autoencoder,2,0.005,phase_conditioned,R0,11,41,5.0,False,11.0,18,1,False,False,False,True,True,0.014263074484944533
DS03,lstm_autoencoder,2,0.005,phase_conditioned,R0,12,57,9.0,False,10.0,36,0,False,False,False,False,True,0.014263074484944533
DS03,lstm_autoencoder,2,0.005,phase_conditioned,R0,13,59,2.0,False,8.0,18,5,False,False,True,True,True,0.014263074484944533
DS03,lstm_autoencoder,2,0.005,phase_conditioned,R0,14,41,7.0,False,10.0,35,0,False,False,False,False,True,0.014263074484944533
DS03,lstm_autoencoder,2,0.005,phase_conditioned,R0,15,43,1.0,False,9.0,24,5,False,True,True,True,True,0.014263074484944533
DS03,lstm_autoencoder,2,0.005,phase_conditioned,R1,10,49,19.0,False,20.0,17,1,False,False,False,False,False,0.011203469461510662
DS03,lstm_autoencoder,2,0.005,phase_conditioned,R1,11,41,5.0,False,12.0,18,0,False,False,False,True,True,0.011203469461510662
DS03,lstm_autoencoder,2,0.005,phase_conditioned,R1,12,57,9.0,False,10.0,36,0,False,False,False,False,True,0.011203469461510662
DS03,lstm_autoencoder,2,0.005,phase_conditioned,R1,13,59,2.0,False,20.0,18,4,False,False,True,True,True,0.011203469461510662
DS03,lstm_autoencoder,2,0.005,phase_conditioned,R1,14,41,9.0,False,10.0,35,0,False,False,False,False,True,0.011203469461510662
DS03,lstm_autoencoder,2,0.005,phase_conditioned,R1,15,43,1.0,False,9.0,24,2,False,True,True,True,True,0.011203469461510662
DS03,lstm_autoencoder,2,0.005,phase_conditioned,R2,10,49,10.0,False,20.0,17,2,False,False,False,False,True,0.01468568409931326
DS03,lstm_autoencoder,2,0.005,phase_conditioned,R2,11,41,5.0,False,12.0,18,0,False,False,False,True,True,0.01468568409931326
DS03,lstm_autoencoder,2,0.005,phase_conditioned,R2,12,57,9.0,False,10.0,36,0,False,False,False,False,True,0.01468568409931326
DS03,lstm_autoencoder,2,0.005,phase_conditioned,R2,13,59,2.0,False,8.0,18,5,False,False,True,True,True,0.01468568409931326
DS03,lstm_autoencoder,2,0.005,phase_conditioned,R2,14,41,9.0,False,10.0,35,0,False,False,False,False,True,0.01468568409931326
DS03,lstm_autoencoder,2,0.005,phase_conditioned,R2,15,43,1.0,False,9.0,24,2,False,True,True,True,True,0.01468568409931326
DS03,lstm_autoencoder,2,0.005,quantile_regression_W,R0,10,49,19.0,False,20.0,17,3,False,False,False,False,False,0.016706781820756054
DS03,lstm_autoencoder,2,0.005,quantile_regression_W,R0,11,41,5.0,False,11.0,18,0,False,False,False,True,True,0.016706781820756054
DS03,lstm_autoencoder,2,0.005,quantile_regression_W,R0,12,57,4.0,False,13.0,36,0,False,False,False,True,True,0.016706781820756054
DS03,lstm_autoencoder,2,0.005,quantile_regression_W,R0,13,59,2.0,False,19.0,18,1,False,False,True,True,True,0.016706781820756054
DS03,lstm_autoencoder,2,0.005,quantile_regression_W,R0,14,41,7.0,False,10.0,35,0,False,False,False,False,True,0.016706781820756054
DS03,lstm_autoencoder,2,0.005,quantile_regression_W,R0,15,43,1.0,False,14.0,24,1,False,True,True,True,True,0.016706781820756054
DS03,lstm_autoencoder,2,0.005,quantile_regression_W,R1,10,49,19.0,False,20.0,17,2,False,False,False,False,False,0.0063278816199376945
DS03,lstm_autoencoder,2,0.005,quantile_regression_W,R1,11,41,10.0,False,11.0,18,0,False,False,False,False,True,0.0063278816199376945
DS03,lstm_autoencoder,2,0.005,quantile_regression_W,R1,12,57,4.0,False,13.0,36,0,False,False,False,True,True,0.0063278816199376945
DS03,lstm_autoencoder,2,0.005,quantile_regression_W,R1,13,59,2.0,False,19.0,18,0,False,False,True,True,True,0.0063278816199376945
DS03,lstm_autoencoder,2,0.005,quantile_regression_W,R1,14,41,7.0,False,10.0,35,0,False,False,False,False,True,0.0063278816199376945
DS03,lstm_autoencoder,2,0.005,quantile_regression_W,R1,15,43,1.0,False,13.0,24,3,False,True,True,True,True,0.0063278816199376945
DS03,lstm_autoencoder,2,0.005,quantile_regression_W,R2,10,49,19.0,False,20.0,17,3,False,False,False,False,False,0.010611370716510903
DS03,lstm_autoencoder,2,0.005,quantile_regression_W,R2,11,41,5.0,False,11.0,18,1,False,False,False,True,True,0.010611370716510903
DS03,lstm_autoencoder,2,0.005,quantile_regression_W,R2,12,57,4.0,False,13.0,36,0,False,False,False,True,True,0.010611370716510903
DS03,lstm_autoencoder,2,0.005,quantile_regression_W,R2,13,59,2.0,False,16.0,18,2,False,False,True,True,True,0.010611370716510903
DS03,lstm_autoencoder,2,0.005,quantile_regression_W,R2,14,41,7.0,False,10.0,35,0,False,False,False,False,True,0.010611370716510903
DS03,lstm_autoencoder,2,0.005,quantile_regression_W,R2,15,43,1.0,False,13.0,24,2,False,True,True,True,True,0.010611370716510903
DS03,lstm_autoencoder,2,0.01,pooled,R0,10,49,5.0,False,6.0,17,7,False,False,False,True,True,0.025388507408745934
DS03,lstm_autoencoder,2,0.01,pooled,R0,11,41,5.0,False,12.0,18,4,False,False,False,True,True,0.025388507408745934
DS03,lstm_autoencoder,2,0.01,pooled,R0,12,57,9.0,False,10.0,36,1,False,False,False,False,True,0.025388507408745934
DS03,lstm_autoencoder,2,0.01,pooled,R0,13,59,1.0,False,2.0,18,6,False,True,True,True,True,0.025388507408745934
DS03,lstm_autoencoder,2,0.01,pooled,R0,14,41,7.0,False,10.0,35,0,False,False,False,False,True,0.025388507408745934
DS03,lstm_autoencoder,2,0.01,pooled,R0,15,43,1.0,False,12.0,24,4,False,True,True,True,True,0.025388507408745934
DS03,lstm_autoencoder,2,0.01,pooled,R1,10,49,5.0,False,20.0,17,6,False,False,False,True,True,0.021051680520419228
DS03,lstm_autoencoder,2,0.01,pooled,R1,11,41,5.0,False,12.0,18,3,False,False,False,True,True,0.021051680520419228
DS03,lstm_autoencoder,2,0.01,pooled,R1,12,57,10.0,False,11.0,36,0,False,False,False,False,True,0.021051680520419228
DS03,lstm_autoencoder,2,0.01,pooled,R1,13,59,1.0,False,2.0,18,5,False,True,True,True,True,0.021051680520419228
DS03,lstm_autoencoder,2,0.01,pooled,R1,14,41,9.0,False,10.0,35,0,False,False,False,False,True,0.021051680520419228
DS03,lstm_autoencoder,2,0.01,pooled,R1,15,43,1.0,False,12.0,24,3,False,True,True,True,True,0.021051680520419228
DS03,lstm_autoencoder,2,0.01,pooled,R2,10,49,5.0,False,6.0,17,7,False,False,False,True,True,0.023129743404409108
DS03,lstm_autoencoder,2,0.01,pooled,R2,11,41,5.0,False,12.0,18,3,False,False,False,True,True,0.023129743404409108
DS03,lstm_autoencoder,2,0.01,pooled,R2,12,57,10.0,False,11.0,36,0,False,False,False,False,True,0.023129743404409108
DS03,lstm_autoencoder,2,0.01,pooled,R2,13,59,1.0,False,2.0,18,5,False,True,True,True,True,0.023129743404409108
DS03,lstm_autoencoder,2,0.01,pooled,R2,14,41,7.0,False,10.0,35,0,False,False,False,False,True,0.023129743404409108
DS03,lstm_autoencoder,2,0.01,pooled,R2,15,43,1.0,False,12.0,24,4,False,True,True,True,True,0.023129743404409108
DS03,lstm_autoencoder,2,0.01,phase_conditioned,R0,10,49,8.0,False,19.0,17,6,False,False,False,False,True,0.024362477231329692
DS03,lstm_autoencoder,2,0.01,phase_conditioned,R0,11,41,5.0,False,8.0,18,2,False,False,False,True,True,0.024362477231329692
DS03,lstm_autoencoder,2,0.01,phase_conditioned,R0,12,57,1.0,False,5.0,36,3,False,True,True,True,True,0.024362477231329692
DS03,lstm_autoencoder,2,0.01,phase_conditioned,R0,13,59,1.0,False,2.0,18,5,False,True,True,True,True,0.024362477231329692
DS03,lstm_autoencoder,2,0.01,phase_conditioned,R0,14,41,5.0,False,6.0,35,0,False,False,False,True,True,0.024362477231329692
DS03,lstm_autoencoder,2,0.01,phase_conditioned,R0,15,43,1.0,False,4.0,24,5,False,True,True,True,True,0.024362477231329692
DS03,lstm_autoencoder,2,0.01,phase_conditioned,R1,10,49,16.0,False,19.0,17,4,False,False,False,False,False,0.019877123238164075
DS03,lstm_autoencoder,2,0.01,phase_conditioned,R1,11,41,5.0,False,8.0,18,0,False,False,False,True,True,0.019877123238164075
DS03,lstm_autoencoder,2,0.01,phase_conditioned,R1,12,57,1.0,False,5.0,36,2,False,True,True,True,True,0.019877123238164075
DS03,lstm_autoencoder,2,0.01,phase_conditioned,R1,13,59,2.0,False,8.0,18,4,False,False,True,True,True,0.019877123238164075
DS03,lstm_autoencoder,2,0.01,phase_conditioned,R1,14,41,5.0,False,6.0,35,0,False,False,False,True,True,0.019877123238164075
DS03,lstm_autoencoder,2,0.01,phase_conditioned,R1,15,43,1.0,False,4.0,24,3,False,True,True,True,True,0.019877123238164075
DS03,lstm_autoencoder,2,0.01,phase_conditioned,R2,10,49,16.0,False,19.0,17,5,False,False,False,False,False,0.02481785063752277
DS03,lstm_autoencoder,2,0.01,phase_conditioned,R2,11,41,5.0,False,8.0,18,1,False,False,False,True,True,0.02481785063752277
DS03,lstm_autoencoder,2,0.01,phase_conditioned,R2,12,57,1.0,False,5.0,36,2,False,True,True,True,True,0.02481785063752277
DS03,lstm_autoencoder,2,0.01,phase_conditioned,R2,13,59,2.0,False,8.0,18,4,False,False,True,True,True,0.02481785063752277
DS03,lstm_autoencoder,2,0.01,phase_conditioned,R2,14,41,5.0,False,6.0,35,0,False,False,False,True,True,0.02481785063752277
DS03,lstm_autoencoder,2,0.01,phase_conditioned,R2,15,43,1.0,False,4.0,24,3,False,True,True,True,True,0.02481785063752277
DS03,lstm_autoencoder,2,0.01,quantile_regression_W,R0,10,49,19.0,False,20.0,17,3,False,False,False,False,False,0.03397989522865638
DS03,lstm_autoencoder,2,0.01,quantile_regression_W,R0,11,41,10.0,False,11.0,18,0,False,False,False,False,True,0.03397989522865638
DS03,lstm_autoencoder,2,0.01,quantile_regression_W,R0,12,57,4.0,False,13.0,36,1,False,False,False,True,True,0.03397989522865638
DS03,lstm_autoencoder,2,0.01,quantile_regression_W,R0,13,59,2.0,False,16.0,18,0,False,False,True,True,True,0.03397989522865638
DS03,lstm_autoencoder,2,0.01,quantile_regression_W,R0,14,41,9.0,False,10.0,35,1,False,False,False,False,True,0.03397989522865638
DS03,lstm_autoencoder,2,0.01,quantile_regression_W,R0,15,43,9.0,False,14.0,24,1,False,False,False,False,True,0.03397989522865638
DS03,lstm_autoencoder,2,0.01,quantile_regression_W,R1,10,49,19.0,False,20.0,17,5,False,False,False,False,False,0.014370664023785926
DS03,lstm_autoencoder,2,0.01,quantile_regression_W,R1,11,41,10.0,False,11.0,18,1,False,False,False,False,True,0.014370664023785926
DS03,lstm_autoencoder,2,0.01,quantile_regression_W,R1,12,57,6.0,False,13.0,36,0,False,False,False,False,True,0.014370664023785926
DS03,lstm_autoencoder,2,0.01,quantile_regression_W,R1,13,59,2.0,False,16.0,18,0,False,False,True,True,True,0.014370664023785926
DS03,lstm_autoencoder,2,0.01,quantile_regression_W,R1,14,41,7.0,False,10.0,35,0,False,False,False,False,True,0.014370664023785926
DS03,lstm_autoencoder,2,0.01,quantile_regression_W,R1,15,43,1.0,False,13.0,24,1,False,True,True,True,True,0.014370664023785926
DS03,lstm_autoencoder,2,0.01,quantile_regression_W,R2,10,49,19.0,False,20.0,17,3,False,False,False,False,False,0.027891830666855445
DS03,lstm_autoencoder,2,0.01,quantile_regression_W,R2,11,41,10.0,False,11.0,18,0,False,False,False,False,True,0.027891830666855445
DS03,lstm_autoencoder,2,0.01,quantile_regression_W,R2,12,57,6.0,False,13.0,36,1,False,False,False,False,True,0.027891830666855445
DS03,lstm_autoencoder,2,0.01,quantile_regression_W,R2,13,59,2.0,False,16.0,18,0,False,False,True,True,True,0.027891830666855445
DS03,lstm_autoencoder,2,0.01,quantile_regression_W,R2,14,41,9.0,False,10.0,35,0,False,False,False,False,True,0.027891830666855445
DS03,lstm_autoencoder,2,0.01,quantile_regression_W,R2,15,43,1.0,False,14.0,24,1,False,True,True,True,True,0.027891830666855445
DS03,lstm_autoencoder,2,0.02,pooled,R0,10,49,5.0,False,6.0,17,10,False,False,False,True,True,0.046393897364771154
DS03,lstm_autoencoder,2,0.02,pooled,R0,11,41,2.0,False,8.0,18,3,False,False,True,True,True,0.046393897364771154
DS03,lstm_autoencoder,2,0.02,pooled,R0,12,57,0.0,False,1.0,36,1,True,True,True,True,True,0.046393897364771154
DS03,lstm_autoencoder,2,0.02,pooled,R0,13,59,0.0,False,1.0,18,6,True,True,True,True,True,0.046393897364771154
DS03,lstm_autoencoder,2,0.02,pooled,R0,14,41,5.0,False,6.0,35,0,False,False,False,True,True,0.046393897364771154
DS03,lstm_autoencoder,2,0.02,pooled,R0,15,43,0.0,False,1.0,24,3,True,True,True,True,True,0.046393897364771154
DS03,lstm_autoencoder,2,0.02,pooled,R1,10,49,5.0,False,6.0,17,8,False,False,False,True,True,0.03356449375866852
DS03,lstm_autoencoder,2,0.02,pooled,R1,11,41,2.0,False,8.0,18,4,False,False,True,True,True,0.03356449375866852
DS03,lstm_autoencoder,2,0.02,pooled,R1,12,57,1.0,False,9.0,36,0,False,True,True,True,True,0.03356449375866852
DS03,lstm_autoencoder,2,0.02,pooled,R1,13,59,1.0,False,8.0,18,6,False,True,True,True,True,0.03356449375866852
DS03,lstm_autoencoder,2,0.02,pooled,R1,14,41,5.0,False,6.0,35,0,False,False,False,True,True,0.03356449375866852
DS03,lstm_autoencoder,2,0.02,pooled,R1,15,43,0.0,False,1.0,24,3,True,True,True,True,True,0.03356449375866852
DS03,lstm_autoencoder,2,0.02,pooled,R2,10,49,5.0,False,6.0,17,8,False,False,False,True,True,0.04306518723994452
DS03,lstm_autoencoder,2,0.02,pooled,R2,11,41,2.0,False,8.0,18,4,False,False,True,True,True,0.04306518723994452
DS03,lstm_autoencoder,2,0.02,pooled,R2,12,57,1.0,False,7.0,36,0,False,True,True,True,True,0.04306518723994452
DS03,lstm_autoencoder,2,0.02,pooled,R2,13,59,1.0,False,8.0,18,6,False,True,True,True,True,0.04306518723994452
DS03,lstm_autoencoder,2,0.02,pooled,R2,14,41,5.0,False,6.0,35,0,False,False,False,True,True,0.04306518723994452
DS03,lstm_autoencoder,2,0.02,pooled,R2,15,43,0.0,False,1.0,24,3,True,True,True,True,True,0.04306518723994452
DS03,lstm_autoencoder,2,0.02,phase_conditioned,R0,10,49,5.0,False,6.0,17,9,False,False,False,True,True,0.04505632040050062
DS03,lstm_autoencoder,2,0.02,phase_conditioned,R0,11,41,2.0,False,5.0,18,3,False,False,True,True,True,0.04505632040050062
DS03,lstm_autoencoder,2,0.02,phase_conditioned,R0,12,57,0.0,False,1.0,36,10,True,True,True,True,True,0.04505632040050062
DS03,lstm_autoencoder,2,0.02,phase_conditioned,R0,13,59,0.0,False,1.0,18,6,True,True,True,True,True,0.04505632040050062
DS03,lstm_autoencoder,2,0.02,phase_conditioned,R0,14,41,1.0,False,4.0,35,4,False,True,True,True,True,0.04505632040050062
DS03,lstm_autoencoder,2,0.02,phase_conditioned,R0,15,43,0.0,False,1.0,24,5,True,True,True,True,True,0.04505632040050062
DS03,lstm_autoencoder,2,0.02,phase_conditioned,R1,10,49,5.0,False,17.0,17,8,False,False,False,True,True,0.0361563064942289
DS03,lstm_autoencoder,2,0.02,phase_conditioned,R1,11,41,2.0,False,8.0,18,3,False,False,True,True,True,0.0361563064942289
DS03,lstm_autoencoder,2,0.02,phase_conditioned,R1,12,57,0.0,False,1.0,36,8,True,True,True,True,True,0.0361563064942289
DS03,lstm_autoencoder,2,0.02,phase_conditioned,R1,13,59,1.0,False,8.0,18,6,False,True,True,True,True,0.0361563064942289
DS03,lstm_autoencoder,2,0.02,phase_conditioned,R1,14,41,1.0,False,5.0,35,2,False,True,True,True,True,0.0361563064942289
DS03,lstm_autoencoder,2,0.02,phase_conditioned,R1,15,43,0.0,False,1.0,24,4,True,True,True,True,True,0.0361563064942289
DS03,lstm_autoencoder,2,0.02,phase_conditioned,R2,10,49,5.0,False,6.0,17,9,False,False,False,True,True,0.04018912529550828
DS03,lstm_autoencoder,2,0.02,phase_conditioned,R2,11,41,2.0,False,5.0,18,3,False,False,True,True,True,0.04018912529550828
DS03,lstm_autoencoder,2,0.02,phase_conditioned,R2,12,57,0.0,False,1.0,36,9,True,True,True,True,True,0.04018912529550828
DS03,lstm_autoencoder,2,0.02,phase_conditioned,R2,13,59,0.0,False,1.0,18,6,True,True,True,True,True,0.04018912529550828
DS03,lstm_autoencoder,2,0.02,phase_conditioned,R2,14,41,1.0,False,4.0,35,3,False,True,True,True,True,0.04018912529550828
DS03,lstm_autoencoder,2,0.02,phase_conditioned,R2,15,43,0.0,False,1.0,24,4,True,True,True,True,True,0.04018912529550828
DS03,lstm_autoencoder,2,0.02,quantile_regression_W,R0,10,49,16.0,False,20.0,17,4,False,False,False,False,False,0.06335834631176554
DS03,lstm_autoencoder,2,0.02,quantile_regression_W,R0,11,41,5.0,False,11.0,18,0,False,False,False,True,True,0.06335834631176554
DS03,lstm_autoencoder,2,0.02,quantile_regression_W,R0,12,57,0.0,False,4.0,36,3,True,True,True,True,True,0.06335834631176554
DS03,lstm_autoencoder,2,0.02,quantile_regression_W,R0,13,59,0.0,False,8.0,18,0,True,True,True,True,True,0.06335834631176554
DS03,lstm_autoencoder,2,0.02,quantile_regression_W,R0,14,41,6.0,False,9.0,35,3,False,False,False,False,True,0.06335834631176554
DS03,lstm_autoencoder,2,0.02,quantile_regression_W,R0,15,43,9.0,False,12.0,24,1,False,False,False,False,True,0.06335834631176554
DS03,lstm_autoencoder,2,0.02,quantile_regression_W,R1,10,49,16.0,False,20.0,17,5,False,False,False,False,False,0.03504176695455189
DS03,lstm_autoencoder,2,0.02,quantile_regression_W,R1,11,41,8.0,False,11.0,18,0,False,False,False,False,True,0.03504176695455189
DS03,lstm_autoencoder,2,0.02,quantile_regression_W,R1,12,57,0.0,False,4.0,36,4,True,True,True,True,True,0.03504176695455189
DS03,lstm_autoencoder,2,0.02,quantile_regression_W,R1,13,59,0.0,False,8.0,18,0,True,True,True,True,True,0.03504176695455189
DS03,lstm_autoencoder,2,0.02,quantile_regression_W,R1,14,41,6.0,False,9.0,35,3,False,False,False,False,True,0.03504176695455189
DS03,lstm_autoencoder,2,0.02,quantile_regression_W,R1,15,43,1.0,False,12.0,24,1,False,True,True,True,True,0.03504176695455189
DS03,lstm_autoencoder,2,0.02,quantile_regression_W,R2,10,49,16.0,False,20.0,17,4,False,False,False,False,False,0.053801500778705935
DS03,lstm_autoencoder,2,0.02,quantile_regression_W,R2,11,41,5.0,False,11.0,18,0,False,False,False,True,True,0.053801500778705935
DS03,lstm_autoencoder,2,0.02,quantile_regression_W,R2,12,57,0.0,False,4.0,36,3,True,True,True,True,True,0.053801500778705935
DS03,lstm_autoencoder,2,0.02,quantile_regression_W,R2,13,59,0.0,False,8.0,18,1,True,True,True,True,True,0.053801500778705935
DS03,lstm_autoencoder,2,0.02,quantile_regression_W,R2,14,41,3.0,False,9.0,35,3,False,False,True,True,True,0.053801500778705935
DS03,lstm_autoencoder,2,0.02,quantile_regression_W,R2,15,43,9.0,False,12.0,24,1,False,False,False,False,True,0.053801500778705935
DS03,cvae,0,0.005,pooled,R0,10,49,5.0,False,22.0,17,1,False,False,False,True,True,0.03080954101915432
DS03,cvae,0,0.005,pooled,R0,11,41,15.0,False,18.0,18,1,False,False,False,False,False,0.03080954101915432
DS03,cvae,0,0.005,pooled,R0,12,57,16.0,False,19.0,36,0,False,False,False,False,False,0.03080954101915432
DS03,cvae,0,0.005,pooled,R0,13,59,8.0,False,16.0,18,1,False,False,False,False,True,0.03080954101915432
DS03,cvae,0,0.005,pooled,R0,14,41,13.0,False,14.0,35,0,False,False,False,False,False,0.03080954101915432
DS03,cvae,0,0.005,pooled,R0,15,43,12.0,False,13.0,24,1,False,False,False,False,False,0.03080954101915432
DS03,cvae,0,0.005,pooled,R1,10,49,5.0,False,23.0,17,1,False,False,False,True,True,0.028099024213950125
DS03,cvae,0,0.005,pooled,R1,11,41,17.0,False,18.0,18,1,False,False,False,False,False,0.028099024213950125
DS03,cvae,0,0.005,pooled,R1,12,57,18.0,False,19.0,36,0,False,False,False,False,False,0.028099024213950125
DS03,cvae,0,0.005,pooled,R1,13,59,8.0,False,16.0,18,1,False,False,False,False,True,0.028099024213950125
DS03,cvae,0,0.005,pooled,R1,14,41,14.0,False,15.0,35,0,False,False,False,False,False,0.028099024213950125
DS03,cvae,0,0.005,pooled,R1,15,43,15.0,False,16.0,24,0,False,False,False,False,False,0.028099024213950125
DS03,cvae,0,0.005,pooled,R2,10,49,5.0,False,23.0,17,1,False,False,False,True,True,0.031170943259848212
DS03,cvae,0,0.005,pooled,R2,11,41,15.0,False,18.0,18,1,False,False,False,False,False,0.031170943259848212
DS03,cvae,0,0.005,pooled,R2,12,57,16.0,False,19.0,36,0,False,False,False,False,False,0.031170943259848212
DS03,cvae,0,0.005,pooled,R2,13,59,8.0,False,16.0,18,1,False,False,False,False,True,0.031170943259848212
DS03,cvae,0,0.005,pooled,R2,14,41,13.0,False,14.0,35,0,False,False,False,False,False,0.031170943259848212
DS03,cvae,0,0.005,pooled,R2,15,43,12.0,False,15.0,24,1,False,False,False,False,False,0.031170943259848212
DS03,cvae,0,0.005,phase_conditioned,R0,10,49,19.0,False,20.0,17,1,False,False,False,False,False,0.026829958940959932
DS03,cvae,0,0.005,phase_conditioned,R0,11,41,13.0,False,14.0,18,1,False,False,False,False,False,0.026829958940959932
DS03,cvae,0,0.005,phase_conditioned,R0,12,57,13.0,False,14.0,36,0,False,False,False,False,False,0.026829958940959932
DS03,cvae,0,0.005,phase_conditioned,R0,13,59,8.0,False,16.0,18,1,False,False,False,False,True,0.026829958940959932
DS03,cvae,0,0.005,phase_conditioned,R0,14,41,11.0,False,12.0,35,0,False,False,False,False,False,0.026829958940959932
DS03,cvae,0,0.005,phase_conditioned,R0,15,43,9.0,False,13.0,24,0,False,False,False,False,True,0.026829958940959932
DS03,cvae,0,0.005,phase_conditioned,R1,10,49,5.0,False,20.0,17,1,False,False,False,True,True,0.01788941091434767
DS03,cvae,0,0.005,phase_conditioned,R1,11,41,13.0,False,14.0,18,1,False,False,False,False,False,0.01788941091434767
DS03,cvae,0,0.005,phase_conditioned,R1,12,57,13.0,False,14.0,36,1,False,False,False,False,False,0.01788941091434767
DS03,cvae,0,0.005,phase_conditioned,R1,13,59,8.0,False,16.0,18,1,False,False,False,False,True,0.01788941091434767
DS03,cvae,0,0.005,phase_conditioned,R1,14,41,11.0,False,12.0,35,0,False,False,False,False,False,0.01788941091434767
DS03,cvae,0,0.005,phase_conditioned,R1,15,43,12.0,False,13.0,24,0,False,False,False,False,False,0.01788941091434767
DS03,cvae,0,0.005,phase_conditioned,R2,10,49,5.0,False,20.0,17,3,False,False,False,True,True,0.020741894379158996
DS03,cvae,0,0.005,phase_conditioned,R2,11,41,13.0,False,14.0,18,1,False,False,False,False,False,0.020741894379158996
DS03,cvae,0,0.005,phase_conditioned,R2,12,57,13.0,False,14.0,36,1,False,False,False,False,False,0.020741894379158996
DS03,cvae,0,0.005,phase_conditioned,R2,13,59,8.0,False,16.0,18,1,False,False,False,False,True,0.020741894379158996
DS03,cvae,0,0.005,phase_conditioned,R2,14,41,11.0,False,12.0,35,0,False,False,False,False,False,0.020741894379158996
DS03,cvae,0,0.005,phase_conditioned,R2,15,43,9.0,False,13.0,24,0,False,False,False,False,True,0.020741894379158996
DS03,cvae,0,0.005,quantile_regression_W,R0,10,49,16.0,False,17.0,17,8,False,False,False,False,False,0.02144980886308934
DS03,cvae,0,0.005,quantile_regression_W,R0,11,41,5.0,False,11.0,18,2,False,False,False,True,True,0.02144980886308934
DS03,cvae,0,0.005,quantile_regression_W,R0,12,57,0.0,False,10.0,36,0,True,True,True,True,True,0.02144980886308934
DS03,cvae,0,0.005,quantile_regression_W,R0,13,59,7.0,False,14.0,18,1,False,False,False,False,True,0.02144980886308934
DS03,cvae,0,0.005,quantile_regression_W,R0,14,41,6.0,False,7.0,35,0,False,False,False,False,True,0.02144980886308934
DS03,cvae,0,0.005,quantile_regression_W,R0,15,43,1.0,False,8.0,24,1,False,True,True,True,True,0.02144980886308934
DS03,cvae,0,0.005,quantile_regression_W,R1,10,49,2.0,False,17.0,17,10,False,False,True,True,True,0.007338607957803004
DS03,cvae,0,0.005,quantile_regression_W,R1,11,41,3.0,False,4.0,18,10,False,False,True,True,True,0.007338607957803004
DS03,cvae,0,0.005,quantile_regression_W,R1,12,57,0.0,False,4.0,36,0,True,True,True,True,True,0.007338607957803004
DS03,cvae,0,0.005,quantile_regression_W,R1,13,59,5.0,False,14.0,18,2,False,False,False,True,True,0.007338607957803004
DS03,cvae,0,0.005,quantile_regression_W,R1,14,41,6.0,False,7.0,35,0,False,False,False,False,True,0.007338607957803004
DS03,cvae,0,0.005,quantile_regression_W,R1,15,43,1.0,False,2.0,24,3,False,True,True,True,True,0.007338607957803004
DS03,cvae,0,0.005,quantile_regression_W,R2,10,49,16.0,False,17.0,17,10,False,False,False,False,False,0.015715701543253576
DS03,cvae,0,0.005,quantile_regression_W,R2,11,41,10.0,False,11.0,18,3,False,False,False,False,True,0.015715701543253576
DS03,cvae,0,0.005,quantile_regression_W,R2,12,57,0.0,False,5.0,36,0,True,True,True,True,True,0.015715701543253576
DS03,cvae,0,0.005,quantile_regression_W,R2,13,59,7.0,False,14.0,18,0,False,False,False,False,True,0.015715701543253576
DS03,cvae,0,0.005,quantile_regression_W,R2,14,41,6.0,False,7.0,35,0,False,False,False,False,True,0.015715701543253576
DS03,cvae,0,0.005,quantile_regression_W,R2,15,43,1.0,False,2.0,24,2,False,True,True,True,True,0.015715701543253576
DS03,cvae,0,0.01,pooled,R0,10,49,5.0,False,21.0,17,3,False,False,False,True,True,0.047811090474927036
DS03,cvae,0,0.01,pooled,R0,11,41,13.0,False,16.0,18,1,False,False,False,False,False,0.047811090474927036
DS03,cvae,0,0.01,pooled,R0,12,57,13.0,False,14.0,36,0,False,False,False,False,False,0.047811090474927036
DS03,cvae,0,0.01,pooled,R0,13,59,1.0,False,16.0,18,2,False,True,True,True,True,0.047811090474927036
DS03,cvae,0,0.01,pooled,R0,14,41,11.0,False,12.0,35,0,False,False,False,False,False,0.047811090474927036
DS03,cvae,0,0.01,pooled,R0,15,43,12.0,False,13.0,24,1,False,False,False,False,False,0.047811090474927036
DS03,cvae,0,0.01,pooled,R1,10,49,5.0,False,21.0,17,1,False,False,False,True,True,0.039573545355981204
DS03,cvae,0,0.01,pooled,R1,11,41,15.0,False,16.0,18,2,False,False,False,False,False,0.039573545355981204
DS03,cvae,0,0.01,pooled,R1,12,57,15.0,False,16.0,36,0,False,False,False,False,False,0.039573545355981204
DS03,cvae,0,0.01,pooled,R1,13,59,5.0,False,16.0,18,1,False,False,False,True,True,0.039573545355981204
DS03,cvae,0,0.01,pooled,R1,14,41,13.0,False,14.0,35,0,False,False,False,False,False,0.039573545355981204
DS03,cvae,0,0.01,pooled,R1,15,43,12.0,False,13.0,24,1,False,False,False,False,False,0.039573545355981204
DS03,cvae,0,0.01,pooled,R2,10,49,5.0,False,21.0,17,3,False,False,False,True,True,0.04563544706818785
DS03,cvae,0,0.01,pooled,R2,11,41,13.0,False,16.0,18,1,False,False,False,False,False,0.04563544706818785
DS03,cvae,0,0.01,pooled,R2,12,57,13.0,False,14.0,36,0,False,False,False,False,False,0.04563544706818785
DS03,cvae,0,0.01,pooled,R2,13,59,1.0,False,16.0,18,2,False,True,True,True,True,0.04563544706818785
DS03,cvae,0,0.01,pooled,R2,14,41,11.0,False,12.0,35,0,False,False,False,False,False,0.04563544706818785
DS03,cvae,0,0.01,pooled,R2,15,43,12.0,False,13.0,24,1,False,False,False,False,False,0.04563544706818785
DS03,cvae,0,0.01,phase_conditioned,R0,10,49,5.0,False,20.0,17,3,False,False,False,True,True,0.04289961772617868
DS03,cvae,0,0.01,phase_conditioned,R0,11,41,12.0,False,13.0,18,1,False,False,False,False,False,0.04289961772617868
DS03,cvae,0,0.01,phase_conditioned,R0,12,57,12.0,False,13.0,36,0,False,False,False,False,False,0.04289961772617868
DS03,cvae,0,0.01,phase_conditioned,R0,13,59,5.0,False,16.0,18,2,False,False,False,True,True,0.04289961772617868
DS03,cvae,0,0.01,phase_conditioned,R0,14,41,10.0,False,11.0,35,0,False,False,False,False,True,0.04289961772617868
DS03,cvae,0,0.01,phase_conditioned,R0,15,43,9.0,False,12.0,24,1,False,False,False,False,True,0.04289961772617868
DS03,cvae,0,0.01,phase_conditioned,R1,10,49,5.0,False,20.0,17,1,False,False,False,True,True,0.03342970726418504
DS03,cvae,0,0.01,phase_conditioned,R1,11,41,12.0,False,13.0,18,2,False,False,False,False,False,0.03342970726418504
DS03,cvae,0,0.01,phase_conditioned,R1,12,57,12.0,False,13.0,36,0,False,False,False,False,False,0.03342970726418504
DS03,cvae,0,0.01,phase_conditioned,R1,13,59,5.0,False,16.0,18,1,False,False,False,True,True,0.03342970726418504
DS03,cvae,0,0.01,phase_conditioned,R1,14,41,10.0,False,11.0,35,0,False,False,False,False,True,0.03342970726418504
DS03,cvae,0,0.01,phase_conditioned,R1,15,43,9.0,False,13.0,24,0,False,False,False,False,True,0.03342970726418504
DS03,cvae,0,0.01,phase_conditioned,R2,10,49,5.0,False,20.0,17,5,False,False,False,True,True,0.03751946764830808
DS03,cvae,0,0.01,phase_conditioned,R2,11,41,12.0,False,13.0,18,1,False,False,False,False,False,0.03751946764830808
DS03,cvae,0,0.01,phase_conditioned,R2,12,57,12.0,False,13.0,36,0,False,False,False,False,False,0.03751946764830808
DS03,cvae,0,0.01,phase_conditioned,R2,13,59,1.0,False,16.0,18,1,False,True,True,True,True,0.03751946764830808
DS03,cvae,0,0.01,phase_conditioned,R2,14,41,10.0,False,11.0,35,0,False,False,False,False,True,0.03751946764830808
DS03,cvae,0,0.01,phase_conditioned,R2,15,43,9.0,False,13.0,24,1,False,False,False,False,True,0.03751946764830808
DS03,cvae,0,0.01,quantile_regression_W,R0,10,49,16.0,False,17.0,17,9,False,False,False,False,False,0.037731841993487183
DS03,cvae,0,0.01,quantile_regression_W,R0,11,41,5.0,False,11.0,18,2,False,False,False,True,True,0.037731841993487183
DS03,cvae,0,0.01,quantile_regression_W,R0,12,57,0.0,False,4.0,36,1,True,True,True,True,True,0.037731841993487183
DS03,cvae,0,0.01,quantile_regression_W,R0,13,59,7.0,False,14.0,18,1,False,False,False,False,True,0.037731841993487183
DS03,cvae,0,0.01,quantile_regression_W,R0,14,41,7.0,False,8.0,35,0,False,False,False,False,True,0.037731841993487183
DS03,cvae,0,0.01,quantile_regression_W,R0,15,43,2.0,False,8.0,24,1,False,False,True,True,True,0.037731841993487183
DS03,cvae,0,0.01,quantile_regression_W,R1,10,49,16.0,False,17.0,17,10,False,False,False,False,False,0.020041608876560334
DS03,cvae,0,0.01,quantile_regression_W,R1,11,41,7.0,False,11.0,18,2,False,False,False,False,True,0.020041608876560334
DS03,cvae,0,0.01,quantile_regression_W,R1,12,57,0.0,False,5.0,36,1,True,True,True,True,True,0.020041608876560334
DS03,cvae,0,0.01,quantile_regression_W,R1,13,59,7.0,False,14.0,18,0,False,False,False,False,True,0.020041608876560334
DS03,cvae,0,0.01,quantile_regression_W,R1,14,41,6.0,False,7.0,35,0,False,False,False,False,True,0.020041608876560334
DS03,cvae,0,0.01,quantile_regression_W,R1,15,43,1.0,False,2.0,24,3,False,True,True,True,True,0.020041608876560334
DS03,cvae,0,0.01,quantile_regression_W,R2,10,49,16.0,False,17.0,17,9,False,False,False,False,False,0.03217753120665742
DS03,cvae,0,0.01,quantile_regression_W,R2,11,41,5.0,False,11.0,18,2,False,False,False,True,True,0.03217753120665742
DS03,cvae,0,0.01,quantile_regression_W,R2,12,57,0.0,False,4.0,36,1,True,True,True,True,True,0.03217753120665742
DS03,cvae,0,0.01,quantile_regression_W,R2,13,59,7.0,False,14.0,18,0,False,False,False,False,True,0.03217753120665742
DS03,cvae,0,0.01,quantile_regression_W,R2,14,41,6.0,False,7.0,35,0,False,False,False,False,True,0.03217753120665742
DS03,cvae,0,0.01,quantile_regression_W,R2,15,43,1.0,False,2.0,24,1,False,True,True,True,True,0.03217753120665742
DS03,cvae,0,0.02,pooled,R0,10,49,5.0,False,20.0,17,3,False,False,False,True,True,0.10866851595006935
DS03,cvae,0,0.02,pooled,R0,11,41,13.0,False,14.0,18,1,False,False,False,False,False,0.10866851595006935
DS03,cvae,0,0.02,pooled,R0,12,57,12.0,False,13.0,36,0,False,False,False,False,False,0.10866851595006935
DS03,cvae,0,0.02,pooled,R0,13,59,5.0,False,16.0,18,2,False,False,False,True,True,0.10866851595006935
DS03,cvae,0,0.02,pooled,R0,14,41,10.0,False,11.0,35,0,False,False,False,False,True,0.10866851595006935
DS03,cvae,0,0.02,pooled,R0,15,43,12.0,False,13.0,24,0,False,False,False,False,False,0.10866851595006935
DS03,cvae,0,0.02,pooled,R1,10,49,5.0,False,20.0,17,3,False,False,False,True,True,0.07947295423023579
DS03,cvae,0,0.02,pooled,R1,11,41,13.0,False,14.0,18,1,False,False,False,False,False,0.07947295423023579
DS03,cvae,0,0.02,pooled,R1,12,57,13.0,False,14.0,36,0,False,False,False,False,False,0.07947295423023579
DS03,cvae,0,0.02,pooled,R1,13,59,5.0,False,16.0,18,1,False,False,False,True,True,0.07947295423023579
DS03,cvae,0,0.02,pooled,R1,14,41,11.0,False,12.0,35,0,False,False,False,False,False,0.07947295423023579
DS03,cvae,0,0.02,pooled,R1,15,43,13.0,False,14.0,24,0,False,False,False,False,False,0.07947295423023579
DS03,cvae,0,0.02,pooled,R2,10,49,5.0,False,20.0,17,3,False,False,False,True,True,0.10360610263522885
DS03,cvae,0,0.02,pooled,R2,11,41,13.0,False,14.0,18,1,False,False,False,False,False,0.10360610263522885
DS03,cvae,0,0.02,pooled,R2,12,57,12.0,False,13.0,36,0,False,False,False,False,False,0.10360610263522885
DS03,cvae,0,0.02,pooled,R2,13,59,5.0,False,16.0,18,2,False,False,False,True,True,0.10360610263522885
DS03,cvae,0,0.02,pooled,R2,14,41,11.0,False,12.0,35,0,False,False,False,False,False,0.10360610263522885
DS03,cvae,0,0.02,pooled,R2,15,43,12.0,False,13.0,24,0,False,False,False,False,False,0.10360610263522885
DS03,cvae,0,0.02,phase_conditioned,R0,10,49,5.0,False,17.0,17,5,False,False,False,True,True,0.08578363384188627
DS03,cvae,0,0.02,phase_conditioned,R0,11,41,12.0,False,13.0,18,1,False,False,False,False,False,0.08578363384188627
DS03,cvae,0,0.02,phase_conditioned,R0,12,57,6.0,False,13.0,36,0,False,False,False,False,True,0.08578363384188627
DS03,cvae,0,0.02,phase_conditioned,R0,13,59,5.0,False,8.0,18,1,False,False,False,True,True,0.08578363384188627
DS03,cvae,0,0.02,phase_conditioned,R0,14,41,9.0,False,10.0,35,0,False,False,False,False,True,0.08578363384188627
DS03,cvae,0,0.02,phase_conditioned,R0,15,43,7.0,False,12.0,24,0,False,False,False,False,True,0.08578363384188627
DS03,cvae,0,0.02,phase_conditioned,R1,10,49,5.0,False,17.0,17,5,False,False,False,True,True,0.05460334306182011
DS03,cvae,0,0.02,phase_conditioned,R1,11,41,12.0,False,13.0,18,1,False,False,False,False,False,0.05460334306182011
DS03,cvae,0,0.02,phase_conditioned,R1,12,57,6.0,False,13.0,36,0,False,False,False,False,True,0.05460334306182011
DS03,cvae,0,0.02,phase_conditioned,R1,13,59,5.0,False,8.0,18,1,False,False,False,True,True,0.05460334306182011
DS03,cvae,0,0.02,phase_conditioned,R1,14,41,9.0,False,10.0,35,0,False,False,False,False,True,0.05460334306182011
DS03,cvae,0,0.02,phase_conditioned,R1,15,43,7.0,False,12.0,24,1,False,False,False,False,True,0.05460334306182011
DS03,cvae,0,0.02,phase_conditioned,R2,10,49,5.0,False,17.0,17,5,False,False,False,True,True,0.07954230235783634
DS03,cvae,0,0.02,phase_conditioned,R2,11,41,12.0,False,13.0,18,1,False,False,False,False,False,0.07954230235783634
DS03,cvae,0,0.02,phase_conditioned,R2,12,57,6.0,False,13.0,36,0,False,False,False,False,True,0.07954230235783634
DS03,cvae,0,0.02,phase_conditioned,R2,13,59,5.0,False,8.0,18,2,False,False,False,True,True,0.07954230235783634
DS03,cvae,0,0.02,phase_conditioned,R2,14,41,9.0,False,10.0,35,0,False,False,False,False,True,0.07954230235783634
DS03,cvae,0,0.02,phase_conditioned,R2,15,43,7.0,False,12.0,24,0,False,False,False,False,True,0.07954230235783634
DS03,cvae,0,0.02,quantile_regression_W,R0,10,49,16.0,False,17.0,17,10,False,False,False,False,False,0.08460471567267684
DS03,cvae,0,0.02,quantile_regression_W,R0,11,41,7.0,False,11.0,18,2,False,False,False,False,True,0.08460471567267684
DS03,cvae,0,0.02,quantile_regression_W,R0,12,57,0.0,False,4.0,36,1,True,True,True,True,True,0.08460471567267684
DS03,cvae,0,0.02,quantile_regression_W,R0,13,59,10.0,False,14.0,18,1,False,False,False,False,True,0.08460471567267684
DS03,cvae,0,0.02,quantile_regression_W,R0,14,41,7.0,False,8.0,35,0,False,False,False,False,True,0.08460471567267684
DS03,cvae,0,0.02,quantile_regression_W,R0,15,43,2.0,False,5.0,24,1,False,False,True,True,True,0.08460471567267684
DS03,cvae,0,0.02,quantile_regression_W,R1,10,49,16.0,False,17.0,17,10,False,False,False,False,False,0.05402219140083218
DS03,cvae,0,0.02,quantile_regression_W,R1,11,41,7.0,False,11.0,18,2,False,False,False,False,True,0.05402219140083218
DS03,cvae,0,0.02,quantile_regression_W,R1,12,57,0.0,False,4.0,36,1,True,True,True,True,True,0.05402219140083218
DS03,cvae,0,0.02,quantile_regression_W,R1,13,59,10.0,False,14.0,18,0,False,False,False,False,True,0.05402219140083218
DS03,cvae,0,0.02,quantile_regression_W,R1,14,41,7.0,False,8.0,35,0,False,False,False,False,True,0.05402219140083218
DS03,cvae,0,0.02,quantile_regression_W,R1,15,43,2.0,False,7.0,24,1,False,False,True,True,True,0.05402219140083218
DS03,cvae,0,0.02,quantile_regression_W,R2,10,49,16.0,False,17.0,17,10,False,False,False,False,False,0.07753120665742025
DS03,cvae,0,0.02,quantile_regression_W,R2,11,41,7.0,False,11.0,18,2,False,False,False,False,True,0.07753120665742025
DS03,cvae,0,0.02,quantile_regression_W,R2,12,57,0.0,False,4.0,36,1,True,True,True,True,True,0.07753120665742025
DS03,cvae,0,0.02,quantile_regression_W,R2,13,59,10.0,False,14.0,18,1,False,False,False,False,True,0.07753120665742025
DS03,cvae,0,0.02,quantile_regression_W,R2,14,41,7.0,False,8.0,35,0,False,False,False,False,True,0.07753120665742025
DS03,cvae,0,0.02,quantile_regression_W,R2,15,43,2.0,False,5.0,24,1,False,False,True,True,True,0.07753120665742025
DS03,cvae,1,0.005,pooled,R0,10,49,19.0,False,22.0,17,1,False,False,False,False,False,0.020529520033979894
DS03,cvae,1,0.005,pooled,R0,11,41,15.0,False,18.0,18,1,False,False,False,False,False,0.020529520033979894
DS03,cvae,1,0.005,pooled,R0,12,57,13.0,False,16.0,36,0,False,False,False,False,False,0.020529520033979894
DS03,cvae,1,0.005,pooled,R0,13,59,5.0,False,19.0,18,1,False,False,False,True,True,0.020529520033979894
DS03,cvae,1,0.005,pooled,R0,14,41,12.0,False,13.0,35,0,False,False,False,False,False,0.020529520033979894
DS03,cvae,1,0.005,pooled,R0,15,43,11.0,False,12.0,24,1,False,False,False,False,False,0.020529520033979894
DS03,cvae,1,0.005,pooled,R1,10,49,19.0,False,20.0,17,1,False,False,False,False,False,0.011564871702204554
DS03,cvae,1,0.005,pooled,R1,11,41,15.0,False,18.0,18,2,False,False,False,False,False,0.011564871702204554
DS03,cvae,1,0.005,pooled,R1,12,57,13.0,False,16.0,36,0,False,False,False,False,False,0.011564871702204554
DS03,cvae,1,0.005,pooled,R1,13,59,2.0,False,20.0,18,1,False,False,True,True,True,0.011564871702204554
DS03,cvae,1,0.005,pooled,R1,14,41,12.0,False,13.0,35,0,False,False,False,False,False,0.011564871702204554
DS03,cvae,1,0.005,pooled,R1,15,43,11.0,False,12.0,24,1,False,False,False,False,False,0.011564871702204554
DS03,cvae,1,0.005,pooled,R2,10,49,19.0,False,20.0,17,1,False,False,False,False,False,0.016565198923969984
DS03,cvae,1,0.005,pooled,R2,11,41,15.0,False,18.0,18,2,False,False,False,False,False,0.016565198923969984
DS03,cvae,1,0.005,pooled,R2,12,57,13.0,False,16.0,36,0,False,False,False,False,False,0.016565198923969984
DS03,cvae,1,0.005,pooled,R2,13,59,5.0,False,19.0,18,1,False,False,False,True,True,0.016565198923969984
DS03,cvae,1,0.005,pooled,R2,14,41,12.0,False,13.0,35,0,False,False,False,False,False,0.016565198923969984
DS03,cvae,1,0.005,pooled,R2,15,43,11.0,False,12.0,24,1,False,False,False,False,False,0.016565198923969984
DS03,cvae,1,0.005,phase_conditioned,R0,10,49,19.0,False,20.0,17,1,False,False,False,False,False,0.016920943134535366
DS03,cvae,1,0.005,phase_conditioned,R0,11,41,5.0,False,16.0,18,1,False,False,False,True,True,0.016920943134535366
DS03,cvae,1,0.005,phase_conditioned,R0,12,57,4.0,False,11.0,36,0,False,False,False,True,True,0.016920943134535366
DS03,cvae,1,0.005,phase_conditioned,R0,13,59,2.0,False,16.0,18,3,False,False,True,True,True,0.016920943134535366
DS03,cvae,1,0.005,phase_conditioned,R0,14,41,7.0,False,10.0,35,0,False,False,False,False,True,0.016920943134535366
DS03,cvae,1,0.005,phase_conditioned,R0,15,43,9.0,False,12.0,24,2,False,False,False,False,True,0.016920943134535366
DS03,cvae,1,0.005,phase_conditioned,R1,10,49,19.0,False,20.0,17,1,False,False,False,False,False,0.011022768341163716
DS03,cvae,1,0.005,phase_conditioned,R1,11,41,12.0,False,16.0,18,2,False,False,False,False,False,0.011022768341163716
DS03,cvae,1,0.005,phase_conditioned,R1,12,57,8.0,False,11.0,36,0,False,False,False,False,True,0.011022768341163716
DS03,cvae,1,0.005,phase_conditioned,R1,13,59,2.0,False,16.0,18,1,False,False,True,True,True,0.011022768341163716
DS03,cvae,1,0.005,phase_conditioned,R1,14,41,9.0,False,10.0,35,0,False,False,False,False,True,0.011022768341163716
DS03,cvae,1,0.005,phase_conditioned,R1,15,43,4.0,False,12.0,24,2,False,False,False,True,True,0.011022768341163716
DS03,cvae,1,0.005,phase_conditioned,R2,10,49,19.0,False,20.0,17,1,False,False,False,False,False,0.014909847434119279
DS03,cvae,1,0.005,phase_conditioned,R2,11,41,5.0,False,16.0,18,2,False,False,False,True,True,0.014909847434119279
DS03,cvae,1,0.005,phase_conditioned,R2,12,57,8.0,False,11.0,36,0,False,False,False,False,True,0.014909847434119279
DS03,cvae,1,0.005,phase_conditioned,R2,13,59,2.0,False,16.0,18,3,False,False,True,True,True,0.014909847434119279
DS03,cvae,1,0.005,phase_conditioned,R2,14,41,9.0,False,10.0,35,0,False,False,False,False,True,0.014909847434119279
DS03,cvae,1,0.005,phase_conditioned,R2,15,43,4.0,False,12.0,24,2,False,False,False,True,True,0.014909847434119279
DS03,cvae,1,0.005,quantile_regression_W,R0,10,49,16.0,False,17.0,17,1,False,False,False,False,False,0.018618150927367974
DS03,cvae,1,0.005,quantile_regression_W,R0,11,41,10.0,False,11.0,18,2,False,False,False,False,True,0.018618150927367974
DS03,cvae,1,0.005,quantile_regression_W,R0,12,57,4.0,False,13.0,36,0,False,False,False,True,True,0.018618150927367974
DS03,cvae,1,0.005,quantile_regression_W,R0,13,59,2.0,False,12.0,18,0,False,False,True,True,True,0.018618150927367974
DS03,cvae,1,0.005,quantile_regression_W,R0,14,41,9.0,False,10.0,35,0,False,False,False,False,True,0.018618150927367974
DS03,cvae,1,0.005,quantile_regression_W,R0,15,43,1.0,False,8.0,24,3,False,True,True,True,True,0.018618150927367974
DS03,cvae,1,0.005,quantile_regression_W,R1,10,49,16.0,False,17.0,17,1,False,False,False,False,False,0.011087363077745124
DS03,cvae,1,0.005,quantile_regression_W,R1,11,41,10.0,False,11.0,18,2,False,False,False,False,True,0.011087363077745124
DS03,cvae,1,0.005,quantile_regression_W,R1,12,57,4.0,False,13.0,36,0,False,False,False,True,True,0.011087363077745124
DS03,cvae,1,0.005,quantile_regression_W,R1,13,59,5.0,False,12.0,18,0,False,False,False,True,True,0.011087363077745124
DS03,cvae,1,0.005,quantile_regression_W,R1,14,41,10.0,False,11.0,35,0,False,False,False,False,True,0.011087363077745124
DS03,cvae,1,0.005,quantile_regression_W,R1,15,43,1.0,False,8.0,24,3,False,True,True,True,True,0.011087363077745124
DS03,cvae,1,0.005,quantile_regression_W,R2,10,49,14.0,False,17.0,17,2,False,False,False,False,False,0.014026182206786
DS03,cvae,1,0.005,quantile_regression_W,R2,11,41,4.0,False,11.0,18,4,False,False,False,True,True,0.014026182206786
DS03,cvae,1,0.005,quantile_regression_W,R2,12,57,4.0,False,13.0,36,0,False,False,False,True,True,0.014026182206786
DS03,cvae,1,0.005,quantile_regression_W,R2,13,59,2.0,False,12.0,18,0,False,False,True,True,True,0.014026182206786
DS03,cvae,1,0.005,quantile_regression_W,R2,14,41,9.0,False,10.0,35,0,False,False,False,False,True,0.014026182206786
DS03,cvae,1,0.005,quantile_regression_W,R2,15,43,1.0,False,8.0,24,3,False,True,True,True,True,0.014026182206786
DS03,cvae,1,0.01,pooled,R0,10,49,16.0,False,20.0,17,2,False,False,False,False,False,0.03772884054125763
DS03,cvae,1,0.01,pooled,R0,11,41,13.0,False,16.0,18,1,False,False,False,False,False,0.03772884054125763
DS03,cvae,1,0.01,pooled,R0,12,57,10.0,False,11.0,36,0,False,False,False,False,True,0.03772884054125763
DS03,cvae,1,0.01,pooled,R0,13,59,5.0,False,16.0,18,1,False,False,False,True,True,0.03772884054125763
DS03,cvae,1,0.01,pooled,R0,14,41,7.0,False,10.0,35,0,False,False,False,False,True,0.03772884054125763
DS03,cvae,1,0.01,pooled,R0,15,43,11.0,False,12.0,24,1,False,False,False,False,False,0.03772884054125763
DS03,cvae,1,0.01,pooled,R1,10,49,19.0,False,20.0,17,1,False,False,False,False,False,0.03245492371705964
DS03,cvae,1,0.01,pooled,R1,11,41,15.0,False,16.0,18,1,False,False,False,False,False,0.03245492371705964
DS03,cvae,1,0.01,pooled,R1,12,57,10.0,False,11.0,36,0,False,False,False,False,True,0.03245492371705964
DS03,cvae,1,0.01,pooled,R1,13,59,5.0,False,16.0,18,1,False,False,False,True,True,0.03245492371705964
DS03,cvae,1,0.01,pooled,R1,14,41,9.0,False,10.0,35,0,False,False,False,False,True,0.03245492371705964
DS03,cvae,1,0.01,pooled,R1,15,43,11.0,False,12.0,24,1,False,False,False,False,False,0.03245492371705964
DS03,cvae,1,0.01,pooled,R2,10,49,16.0,False,20.0,17,2,False,False,False,False,False,0.03714513133457151
DS03,cvae,1,0.01,pooled,R2,11,41,15.0,False,16.0,18,1,False,False,False,False,False,0.03714513133457151
DS03,cvae,1,0.01,pooled,R2,12,57,10.0,False,11.0,36,0,False,False,False,False,True,0.03714513133457151
DS03,cvae,1,0.01,pooled,R2,13,59,5.0,False,16.0,18,1,False,False,False,True,True,0.03714513133457151
DS03,cvae,1,0.01,pooled,R2,14,41,9.0,False,10.0,35,0,False,False,False,False,True,0.03714513133457151
DS03,cvae,1,0.01,pooled,R2,15,43,11.0,False,12.0,24,1,False,False,False,False,False,0.03714513133457151
DS03,cvae,1,0.01,phase_conditioned,R0,10,49,19.0,False,20.0,17,2,False,False,False,False,False,0.035447068187848235
DS03,cvae,1,0.01,phase_conditioned,R0,11,41,12.0,False,13.0,18,1,False,False,False,False,False,0.035447068187848235
DS03,cvae,1,0.01,phase_conditioned,R0,12,57,1.0,False,9.0,36,0,False,True,True,True,True,0.035447068187848235
DS03,cvae,1,0.01,phase_conditioned,R0,13,59,5.0,False,16.0,18,3,False,False,False,True,True,0.035447068187848235
DS03,cvae,1,0.01,phase_conditioned,R0,14,41,7.0,False,8.0,35,0,False,False,False,False,True,0.035447068187848235
DS03,cvae,1,0.01,phase_conditioned,R0,15,43,7.0,False,10.0,24,1,False,False,False,False,True,0.035447068187848235
DS03,cvae,1,0.01,phase_conditioned,R1,10,49,19.0,False,20.0,17,1,False,False,False,False,False,0.028294036061026352
DS03,cvae,1,0.01,phase_conditioned,R1,11,41,12.0,False,13.0,18,0,False,False,False,False,False,0.028294036061026352
DS03,cvae,1,0.01,phase_conditioned,R1,12,57,4.0,False,9.0,36,0,False,False,False,True,True,0.028294036061026352
DS03,cvae,1,0.01,phase_conditioned,R1,13,59,5.0,False,16.0,18,1,False,False,False,True,True,0.028294036061026352
DS03,cvae,1,0.01,phase_conditioned,R1,14,41,7.0,False,10.0,35,0,False,False,False,False,True,0.028294036061026352
DS03,cvae,1,0.01,phase_conditioned,R1,15,43,7.0,False,12.0,24,1,False,False,False,False,True,0.028294036061026352
DS03,cvae,1,0.01,phase_conditioned,R2,10,49,19.0,False,20.0,17,1,False,False,False,False,False,0.03518174582117273
DS03,cvae,1,0.01,phase_conditioned,R2,11,41,12.0,False,13.0,18,1,False,False,False,False,False,0.03518174582117273
DS03,cvae,1,0.01,phase_conditioned,R2,12,57,1.0,False,9.0,36,0,False,True,True,True,True,0.03518174582117273
DS03,cvae,1,0.01,phase_conditioned,R2,13,59,5.0,False,16.0,18,1,False,False,False,True,True,0.03518174582117273
DS03,cvae,1,0.01,phase_conditioned,R2,14,41,7.0,False,8.0,35,0,False,False,False,False,True,0.03518174582117273
DS03,cvae,1,0.01,phase_conditioned,R2,15,43,7.0,False,10.0,24,1,False,False,False,False,True,0.03518174582117273
DS03,cvae,1,0.01,quantile_regression_W,R0,10,49,11.0,False,14.0,17,5,False,False,False,False,False,0.030627871362940276
DS03,cvae,1,0.01,quantile_regression_W,R0,11,41,5.0,False,10.0,18,2,False,False,False,True,True,0.030627871362940276
DS03,cvae,1,0.01,quantile_regression_W,R0,12,57,0.0,False,9.0,36,3,True,True,True,True,True,0.030627871362940276
DS03,cvae,1,0.01,quantile_regression_W,R0,13,59,2.0,False,12.0,18,2,False,False,True,True,True,0.030627871362940276
DS03,cvae,1,0.01,quantile_regression_W,R0,14,41,7.0,False,10.0,35,0,False,False,False,False,True,0.030627871362940276
DS03,cvae,1,0.01,quantile_regression_W,R0,15,43,1.0,False,2.0,24,2,False,True,True,True,True,0.030627871362940276
DS03,cvae,1,0.01,quantile_regression_W,R1,10,49,11.0,False,17.0,17,4,False,False,False,False,False,0.018167245524979964
DS03,cvae,1,0.01,quantile_regression_W,R1,11,41,4.0,False,10.0,18,2,False,False,False,True,True,0.018167245524979964
DS03,cvae,1,0.01,quantile_regression_W,R1,12,57,0.0,False,9.0,36,0,True,True,True,True,True,0.018167245524979964
DS03,cvae,1,0.01,quantile_regression_W,R1,13,59,2.0,False,12.0,18,0,False,False,True,True,True,0.018167245524979964
DS03,cvae,1,0.01,quantile_regression_W,R1,14,41,9.0,False,10.0,35,0,False,False,False,False,True,0.018167245524979964
DS03,cvae,1,0.01,quantile_regression_W,R1,15,43,1.0,False,2.0,24,3,False,True,True,True,True,0.018167245524979964
DS03,cvae,1,0.01,quantile_regression_W,R2,10,49,11.0,False,14.0,17,4,False,False,False,False,False,0.02590967011185049
DS03,cvae,1,0.01,quantile_regression_W,R2,11,41,7.0,False,10.0,18,2,False,False,False,False,True,0.02590967011185049
DS03,cvae,1,0.01,quantile_regression_W,R2,12,57,0.0,False,9.0,36,3,True,True,True,True,True,0.02590967011185049
DS03,cvae,1,0.01,quantile_regression_W,R2,13,59,2.0,False,12.0,18,0,False,False,True,True,True,0.02590967011185049
DS03,cvae,1,0.01,quantile_regression_W,R2,14,41,7.0,False,10.0,35,0,False,False,False,False,True,0.02590967011185049
DS03,cvae,1,0.01,quantile_regression_W,R2,15,43,1.0,False,2.0,24,3,False,True,True,True,True,0.02590967011185049
DS03,cvae,1,0.02,pooled,R0,10,49,16.0,False,17.0,17,2,False,False,False,False,False,0.06814444047193421
DS03,cvae,1,0.02,pooled,R0,11,41,11.0,False,12.0,18,1,False,False,False,False,False,0.06814444047193421
DS03,cvae,1,0.02,pooled,R0,12,57,0.0,False,1.0,36,1,True,True,True,True,True,0.06814444047193421
DS03,cvae,1,0.02,pooled,R0,13,59,5.0,False,8.0,18,2,False,False,False,True,True,0.06814444047193421
DS03,cvae,1,0.02,pooled,R0,14,41,5.0,False,6.0,35,0,False,False,False,True,True,0.06814444047193421
DS03,cvae,1,0.02,pooled,R0,15,43,1.0,False,10.0,24,1,False,True,True,True,True,0.06814444047193421
DS03,cvae,1,0.02,pooled,R1,10,49,16.0,False,19.0,17,2,False,False,False,False,False,0.04854368932038835
DS03,cvae,1,0.02,pooled,R1,11,41,11.0,False,12.0,18,1,False,False,False,False,False,0.04854368932038835
DS03,cvae,1,0.02,pooled,R1,12,57,1.0,False,4.0,36,0,False,True,True,True,True,0.04854368932038835
DS03,cvae,1,0.02,pooled,R1,13,59,5.0,False,8.0,18,2,False,False,False,True,True,0.04854368932038835
DS03,cvae,1,0.02,pooled,R1,14,41,5.0,False,6.0,35,0,False,False,False,True,True,0.04854368932038835
DS03,cvae,1,0.02,pooled,R1,15,43,1.0,False,10.0,24,1,False,True,True,True,True,0.04854368932038835
DS03,cvae,1,0.02,pooled,R2,10,49,16.0,False,19.0,17,2,False,False,False,False,False,0.061065427243475155
DS03,cvae,1,0.02,pooled,R2,11,41,11.0,False,12.0,18,2,False,False,False,False,False,0.061065427243475155
DS03,cvae,1,0.02,pooled,R2,12,57,0.0,False,1.0,36,2,True,True,True,True,True,0.061065427243475155
DS03,cvae,1,0.02,pooled,R2,13,59,5.0,False,8.0,18,2,False,False,False,True,True,0.061065427243475155
DS03,cvae,1,0.02,pooled,R2,14,41,5.0,False,6.0,35,0,False,False,False,True,True,0.061065427243475155
DS03,cvae,1,0.02,pooled,R2,15,43,1.0,False,10.0,24,1,False,True,True,True,True,0.061065427243475155
DS03,cvae,1,0.02,phase_conditioned,R0,10,49,16.0,False,17.0,17,2,False,False,False,False,False,0.06685734715766893
DS03,cvae,1,0.02,phase_conditioned,R0,11,41,11.0,False,12.0,18,1,False,False,False,False,False,0.06685734715766893
DS03,cvae,1,0.02,phase_conditioned,R0,12,57,0.0,False,1.0,36,3,True,True,True,True,True,0.06685734715766893
DS03,cvae,1,0.02,phase_conditioned,R0,13,59,5.0,False,8.0,18,2,False,False,False,True,True,0.06685734715766893
DS03,cvae,1,0.02,phase_conditioned,R0,14,41,5.0,False,6.0,35,0,False,False,False,True,True,0.06685734715766893
DS03,cvae,1,0.02,phase_conditioned,R0,15,43,1.0,False,10.0,24,1,False,True,True,True,True,0.06685734715766893
DS03,cvae,1,0.02,phase_conditioned,R1,10,49,16.0,False,17.0,17,2,False,False,False,False,False,0.046978905970682876
DS03,cvae,1,0.02,phase_conditioned,R1,11,41,11.0,False,12.0,18,1,False,False,False,False,False,0.046978905970682876
DS03,cvae,1,0.02,phase_conditioned,R1,12,57,0.0,False,1.0,36,3,True,True,True,True,True,0.046978905970682876
DS03,cvae,1,0.02,phase_conditioned,R1,13,59,5.0,False,8.0,18,2,False,False,False,True,True,0.046978905970682876
DS03,cvae,1,0.02,phase_conditioned,R1,14,41,5.0,False,6.0,35,0,False,False,False,True,True,0.046978905970682876
DS03,cvae,1,0.02,phase_conditioned,R1,15,43,1.0,False,10.0,24,1,False,True,True,True,True,0.046978905970682876
DS03,cvae,1,0.02,phase_conditioned,R2,10,49,16.0,False,17.0,17,2,False,False,False,False,False,0.060421880586342507
DS03,cvae,1,0.02,phase_conditioned,R2,11,41,11.0,False,12.0,18,2,False,False,False,False,False,0.060421880586342507
DS03,cvae,1,0.02,phase_conditioned,R2,12,57,0.0,False,1.0,36,3,True,True,True,True,True,0.060421880586342507
DS03,cvae,1,0.02,phase_conditioned,R2,13,59,5.0,False,8.0,18,2,False,False,False,True,True,0.060421880586342507
DS03,cvae,1,0.02,phase_conditioned,R2,14,41,5.0,False,6.0,35,0,False,False,False,True,True,0.060421880586342507
DS03,cvae,1,0.02,phase_conditioned,R2,15,43,1.0,False,10.0,24,1,False,True,True,True,True,0.060421880586342507
DS03,cvae,1,0.02,quantile_regression_W,R0,10,49,11.0,False,14.0,17,5,False,False,False,False,False,0.050757468497805464
DS03,cvae,1,0.02,quantile_regression_W,R0,11,41,5.0,False,10.0,18,2,False,False,False,True,True,0.050757468497805464
DS03,cvae,1,0.02,quantile_regression_W,R0,12,57,0.0,False,1.0,36,6,True,True,True,True,True,0.050757468497805464
DS03,cvae,1,0.02,quantile_regression_W,R0,13,59,0.0,False,12.0,18,0,True,True,True,True,True,0.050757468497805464
DS03,cvae,1,0.02,quantile_regression_W,R0,14,41,3.0,False,7.0,35,1,False,False,True,True,True,0.050757468497805464
DS03,cvae,1,0.02,quantile_regression_W,R0,15,43,1.0,False,2.0,24,2,False,True,True,True,True,0.050757468497805464
DS03,cvae,1,0.02,quantile_regression_W,R1,10,49,11.0,False,14.0,17,5,False,False,False,False,False,0.03029099215413646
DS03,cvae,1,0.02,quantile_regression_W,R1,11,41,7.0,False,10.0,18,2,False,False,False,False,True,0.03029099215413646
DS03,cvae,1,0.02,quantile_regression_W,R1,12,57,0.0,False,4.0,36,4,True,True,True,True,True,0.03029099215413646
DS03,cvae,1,0.02,quantile_regression_W,R1,13,59,2.0,False,12.0,18,0,False,False,True,True,True,0.03029099215413646
DS03,cvae,1,0.02,quantile_regression_W,R1,14,41,3.0,False,7.0,35,0,False,False,True,True,True,0.03029099215413646
DS03,cvae,1,0.02,quantile_regression_W,R1,15,43,1.0,False,2.0,24,2,False,True,True,True,True,0.03029099215413646
DS03,cvae,1,0.02,quantile_regression_W,R2,10,49,11.0,False,14.0,17,6,False,False,False,False,False,0.04360753221010902
DS03,cvae,1,0.02,quantile_regression_W,R2,11,41,7.0,False,10.0,18,2,False,False,False,False,True,0.04360753221010902
DS03,cvae,1,0.02,quantile_regression_W,R2,12,57,0.0,False,4.0,36,5,True,True,True,True,True,0.04360753221010902
DS03,cvae,1,0.02,quantile_regression_W,R2,13,59,0.0,False,12.0,18,0,True,True,True,True,True,0.04360753221010902
DS03,cvae,1,0.02,quantile_regression_W,R2,14,41,3.0,False,7.0,35,0,False,False,True,True,True,0.04360753221010902
DS03,cvae,1,0.02,quantile_regression_W,R2,15,43,1.0,False,2.0,24,2,False,True,True,True,True,0.04360753221010902
DS03,cvae,2,0.005,pooled,R0,10,49,23.0,False,24.0,17,1,False,False,False,False,False,0.021774485001807013
DS03,cvae,2,0.005,pooled,R0,11,41,17.0,False,20.0,18,1,False,False,False,False,False,0.021774485001807013
DS03,cvae,2,0.005,pooled,R0,12,57,21.0,False,22.0,36,0,False,False,False,False,False,0.021774485001807013
DS03,cvae,2,0.005,pooled,R0,13,59,22.0,False,25.0,18,0,False,False,False,False,False,0.021774485001807013
DS03,cvae,2,0.005,pooled,R0,14,41,7.0,False,17.0,35,0,False,False,False,False,True,0.021774485001807013
DS03,cvae,2,0.005,pooled,R0,15,43,12.0,False,16.0,24,1,False,False,False,False,False,0.021774485001807013
DS03,cvae,2,0.005,pooled,R1,10,49,23.0,False,24.0,17,0,False,False,False,False,False,0.013642934586194434
DS03,cvae,2,0.005,pooled,R1,11,41,17.0,False,20.0,18,0,False,False,False,False,False,0.013642934586194434
DS03,cvae,2,0.005,pooled,R1,12,57,22.0,False,23.0,36,0,False,False,False,False,False,0.013642934586194434
DS03,cvae,2,0.005,pooled,R1,13,59,22.0,False,25.0,18,0,False,False,False,False,False,0.013642934586194434
DS03,cvae,2,0.005,pooled,R1,14,41,7.0,False,17.0,35,0,False,False,False,False,True,0.013642934586194434
DS03,cvae,2,0.005,pooled,R1,15,43,12.0,False,17.0,24,1,False,False,False,False,False,0.013642934586194434
DS03,cvae,2,0.005,pooled,R2,10,49,23.0,False,24.0,17,0,False,False,False,False,False,0.020780628839898806
DS03,cvae,2,0.005,pooled,R2,11,41,17.0,False,20.0,18,1,False,False,False,False,False,0.020780628839898806
DS03,cvae,2,0.005,pooled,R2,12,57,22.0,False,23.0,36,0,False,False,False,False,False,0.020780628839898806
DS03,cvae,2,0.005,pooled,R2,13,59,22.0,False,25.0,18,0,False,False,False,False,False,0.020780628839898806
DS03,cvae,2,0.005,pooled,R2,14,41,16.0,False,17.0,35,0,False,False,False,False,False,0.020780628839898806
DS03,cvae,2,0.005,pooled,R2,15,43,12.0,False,17.0,24,1,False,False,False,False,False,0.020780628839898806
DS03,cvae,2,0.005,phase_conditioned,R0,10,49,22.0,False,23.0,17,1,False,False,False,False,False,0.022677990603541743
DS03,cvae,2,0.005,phase_conditioned,R0,11,41,17.0,False,18.0,18,1,False,False,False,False,False,0.022677990603541743
DS03,cvae,2,0.005,phase_conditioned,R0,12,57,19.0,False,20.0,36,0,False,False,False,False,False,0.022677990603541743
DS03,cvae,2,0.005,phase_conditioned,R0,13,59,22.0,False,23.0,18,0,False,False,False,False,False,0.022677990603541743
DS03,cvae,2,0.005,phase_conditioned,R0,14,41,16.0,False,17.0,35,3,False,False,False,False,False,0.022677990603541743
DS03,cvae,2,0.005,phase_conditioned,R0,15,43,12.0,False,16.0,24,1,False,False,False,False,False,0.022677990603541743
DS03,cvae,2,0.005,phase_conditioned,R1,10,49,22.0,False,23.0,17,0,False,False,False,False,False,0.014907842428623058
DS03,cvae,2,0.005,phase_conditioned,R1,11,41,17.0,False,18.0,18,1,False,False,False,False,False,0.014907842428623058
DS03,cvae,2,0.005,phase_conditioned,R1,12,57,19.0,False,20.0,36,0,False,False,False,False,False,0.014907842428623058
DS03,cvae,2,0.005,phase_conditioned,R1,13,59,8.0,False,23.0,18,1,False,False,False,False,True,0.014907842428623058
DS03,cvae,2,0.005,phase_conditioned,R1,14,41,16.0,False,17.0,35,0,False,False,False,False,False,0.014907842428623058
DS03,cvae,2,0.005,phase_conditioned,R1,15,43,12.0,False,16.0,24,0,False,False,False,False,False,0.014907842428623058
DS03,cvae,2,0.005,phase_conditioned,R2,10,49,22.0,False,23.0,17,1,False,False,False,False,False,0.020148174918684494
DS03,cvae,2,0.005,phase_conditioned,R2,11,41,17.0,False,18.0,18,1,False,False,False,False,False,0.020148174918684494
DS03,cvae,2,0.005,phase_conditioned,R2,12,57,19.0,False,20.0,36,0,False,False,False,False,False,0.020148174918684494
DS03,cvae,2,0.005,phase_conditioned,R2,13,59,22.0,False,23.0,18,1,False,False,False,False,False,0.020148174918684494
DS03,cvae,2,0.005,phase_conditioned,R2,14,41,16.0,False,17.0,35,0,False,False,False,False,False,0.020148174918684494
DS03,cvae,2,0.005,phase_conditioned,R2,15,43,12.0,False,16.0,24,0,False,False,False,False,False,0.020148174918684494
DS03,cvae,2,0.005,quantile_regression_W,R0,10,49,19.0,False,20.0,17,2,False,False,False,False,False,0.020061575131592017
DS03,cvae,2,0.005,quantile_regression_W,R0,11,41,11.0,False,18.0,18,1,False,False,False,False,False,0.020061575131592017
DS03,cvae,2,0.005,quantile_regression_W,R0,12,57,19.0,False,20.0,36,0,False,False,False,False,False,0.020061575131592017
DS03,cvae,2,0.005,quantile_regression_W,R0,13,59,15.0,False,16.0,18,0,False,False,False,False,False,0.020061575131592017
DS03,cvae,2,0.005,quantile_regression_W,R0,14,41,13.0,False,14.0,35,0,False,False,False,False,False,0.020061575131592017
DS03,cvae,2,0.005,quantile_regression_W,R0,15,43,12.0,False,15.0,24,0,False,False,False,False,False,0.020061575131592017
DS03,cvae,2,0.005,quantile_regression_W,R1,10,49,8.0,False,21.0,17,2,False,False,False,False,True,0.010030787565796008
DS03,cvae,2,0.005,quantile_regression_W,R1,11,41,11.0,False,18.0,18,1,False,False,False,False,False,0.010030787565796008
DS03,cvae,2,0.005,quantile_regression_W,R1,12,57,19.0,False,20.0,36,0,False,False,False,False,False,0.010030787565796008
DS03,cvae,2,0.005,quantile_regression_W,R1,13,59,15.0,False,22.0,18,0,False,False,False,False,False,0.010030787565796008
DS03,cvae,2,0.005,quantile_regression_W,R1,14,41,13.0,False,14.0,35,0,False,False,False,False,False,0.010030787565796008
DS03,cvae,2,0.005,quantile_regression_W,R1,15,43,12.0,False,15.0,24,0,False,False,False,False,False,0.010030787565796008
DS03,cvae,2,0.005,quantile_regression_W,R2,10,49,20.0,False,21.0,17,1,False,False,False,False,False,0.017678021650610786
DS03,cvae,2,0.005,quantile_regression_W,R2,11,41,11.0,False,18.0,18,1,False,False,False,False,False,0.017678021650610786
DS03,cvae,2,0.005,quantile_regression_W,R2,12,57,19.0,False,20.0,36,0,False,False,False,False,False,0.017678021650610786
DS03,cvae,2,0.005,quantile_regression_W,R2,13,59,15.0,False,22.0,18,0,False,False,False,False,False,0.017678021650610786
DS03,cvae,2,0.005,quantile_regression_W,R2,14,41,13.0,False,14.0,35,0,False,False,False,False,False,0.017678021650610786
DS03,cvae,2,0.005,quantile_regression_W,R2,15,43,12.0,False,15.0,24,0,False,False,False,False,False,0.017678021650610786
DS03,cvae,2,0.01,pooled,R0,10,49,22.0,False,23.0,17,1,False,False,False,False,False,0.039430836754920005
DS03,cvae,2,0.01,pooled,R0,11,41,5.0,False,18.0,18,1,False,False,False,True,True,0.039430836754920005
DS03,cvae,2,0.01,pooled,R0,12,57,18.0,False,19.0,36,1,False,False,False,False,False,0.039430836754920005
DS03,cvae,2,0.01,pooled,R0,13,59,21.0,False,22.0,18,0,False,False,False,False,False,0.039430836754920005
DS03,cvae,2,0.01,pooled,R0,14,41,7.0,False,15.0,35,3,False,False,False,False,True,0.039430836754920005
DS03,cvae,2,0.01,pooled,R0,15,43,12.0,False,16.0,24,1,False,False,False,False,False,0.039430836754920005
DS03,cvae,2,0.01,pooled,R1,10,49,22.0,False,23.0,17,1,False,False,False,False,False,0.02602912510033253
DS03,cvae,2,0.01,pooled,R1,11,41,17.0,False,18.0,18,1,False,False,False,False,False,0.02602912510033253
DS03,cvae,2,0.01,pooled,R1,12,57,14.0,False,19.0,36,0,False,False,False,False,False,0.02602912510033253
DS03,cvae,2,0.01,pooled,R1,13,59,21.0,False,22.0,18,0,False,False,False,False,False,0.02602912510033253
DS03,cvae,2,0.01,pooled,R1,14,41,7.0,False,15.0,35,0,False,False,False,False,True,0.02602912510033253
DS03,cvae,2,0.01,pooled,R1,15,43,12.0,False,16.0,24,1,False,False,False,False,False,0.02602912510033253
DS03,cvae,2,0.01,pooled,R2,10,49,22.0,False,23.0,17,2,False,False,False,False,False,0.031572985983293216
DS03,cvae,2,0.01,pooled,R2,11,41,5.0,False,18.0,18,1,False,False,False,True,True,0.031572985983293216
DS03,cvae,2,0.01,pooled,R2,12,57,14.0,False,19.0,36,1,False,False,False,False,False,0.031572985983293216
DS03,cvae,2,0.01,pooled,R2,13,59,21.0,False,22.0,18,1,False,False,False,False,False,0.031572985983293216
DS03,cvae,2,0.01,pooled,R2,14,41,7.0,False,15.0,35,3,False,False,False,False,True,0.031572985983293216
DS03,cvae,2,0.01,pooled,R2,15,43,12.0,False,16.0,24,1,False,False,False,False,False,0.031572985983293216
DS03,cvae,2,0.01,phase_conditioned,R0,10,49,21.0,False,22.0,17,2,False,False,False,False,False,0.04038670039754246
DS03,cvae,2,0.01,phase_conditioned,R0,11,41,5.0,False,18.0,18,1,False,False,False,True,True,0.04038670039754246
DS03,cvae,2,0.01,phase_conditioned,R0,12,57,16.0,False,19.0,36,1,False,False,False,False,False,0.04038670039754246
DS03,cvae,2,0.01,phase_conditioned,R0,13,59,18.0,False,22.0,18,3,False,False,False,False,False,0.04038670039754246
DS03,cvae,2,0.01,phase_conditioned,R0,14,41,7.0,False,14.0,35,3,False,False,False,False,True,0.04038670039754246
DS03,cvae,2,0.01,phase_conditioned,R0,15,43,12.0,False,16.0,24,1,False,False,False,False,False,0.04038670039754246
DS03,cvae,2,0.01,phase_conditioned,R1,10,49,21.0,False,22.0,17,2,False,False,False,False,False,0.0282077743378053
DS03,cvae,2,0.01,phase_conditioned,R1,11,41,17.0,False,18.0,18,1,False,False,False,False,False,0.0282077743378053
DS03,cvae,2,0.01,phase_conditioned,R1,12,57,18.0,False,19.0,36,1,False,False,False,False,False,0.0282077743378053
DS03,cvae,2,0.01,phase_conditioned,R1,13,59,8.0,False,22.0,18,1,False,False,False,False,True,0.0282077743378053
DS03,cvae,2,0.01,phase_conditioned,R1,14,41,13.0,False,14.0,35,3,False,False,False,False,False,0.0282077743378053
DS03,cvae,2,0.01,phase_conditioned,R1,15,43,12.0,False,16.0,24,0,False,False,False,False,False,0.0282077743378053
DS03,cvae,2,0.01,phase_conditioned,R2,10,49,21.0,False,22.0,17,2,False,False,False,False,False,0.03744867619991505
DS03,cvae,2,0.01,phase_conditioned,R2,11,41,5.0,False,18.0,18,1,False,False,False,True,True,0.03744867619991505
DS03,cvae,2,0.01,phase_conditioned,R2,12,57,16.0,False,19.0,36,1,False,False,False,False,False,0.03744867619991505
DS03,cvae,2,0.01,phase_conditioned,R2,13,59,8.0,False,22.0,18,2,False,False,False,False,True,0.03744867619991505
DS03,cvae,2,0.01,phase_conditioned,R2,14,41,7.0,False,14.0,35,3,False,False,False,False,True,0.03744867619991505
DS03,cvae,2,0.01,phase_conditioned,R2,15,43,12.0,False,16.0,24,1,False,False,False,False,False,0.03744867619991505
DS03,cvae,2,0.01,quantile_regression_W,R0,10,49,17.0,False,18.0,17,0,False,False,False,False,False,0.03611971104231166
DS03,cvae,2,0.01,quantile_regression_W,R0,11,41,11.0,False,16.0,18,1,False,False,False,False,False,0.03611971104231166
DS03,cvae,2,0.01,quantile_regression_W,R0,12,57,16.0,False,20.0,36,1,False,False,False,False,False,0.03611971104231166
DS03,cvae,2,0.01,quantile_regression_W,R0,13,59,15.0,False,16.0,18,0,False,False,False,False,False,0.03611971104231166
DS03,cvae,2,0.01,quantile_regression_W,R0,14,41,13.0,False,14.0,35,3,False,False,False,False,False,0.03611971104231166
DS03,cvae,2,0.01,quantile_regression_W,R0,15,43,7.0,False,13.0,24,1,False,False,False,False,True,0.03611971104231166
DS03,cvae,2,0.01,quantile_regression_W,R1,10,49,16.0,False,19.0,17,0,False,False,False,False,False,0.022544443340947462
DS03,cvae,2,0.01,quantile_regression_W,R1,11,41,11.0,False,16.0,18,0,False,False,False,False,False,0.022544443340947462
DS03,cvae,2,0.01,quantile_regression_W,R1,12,57,16.0,False,20.0,36,1,False,False,False,False,False,0.022544443340947462
DS03,cvae,2,0.01,quantile_regression_W,R1,13,59,15.0,False,16.0,18,0,False,False,False,False,False,0.022544443340947462
DS03,cvae,2,0.01,quantile_regression_W,R1,14,41,13.0,False,14.0,35,3,False,False,False,False,False,0.022544443340947462
DS03,cvae,2,0.01,quantile_regression_W,R1,15,43,9.0,False,14.0,24,0,False,False,False,False,True,0.022544443340947462
DS03,cvae,2,0.01,quantile_regression_W,R2,10,49,17.0,False,18.0,17,0,False,False,False,False,False,0.034064951832356735
DS03,cvae,2,0.01,quantile_regression_W,R2,11,41,11.0,False,16.0,18,0,False,False,False,False,False,0.034064951832356735
DS03,cvae,2,0.01,quantile_regression_W,R2,12,57,16.0,False,20.0,36,1,False,False,False,False,False,0.034064951832356735
DS03,cvae,2,0.01,quantile_regression_W,R2,13,59,15.0,False,16.0,18,0,False,False,False,False,False,0.034064951832356735
DS03,cvae,2,0.01,quantile_regression_W,R2,14,41,13.0,False,14.0,35,3,False,False,False,False,False,0.034064951832356735
DS03,cvae,2,0.01,quantile_regression_W,R2,15,43,9.0,False,13.0,24,0,False,False,False,False,True,0.034064951832356735
DS03,cvae,2,0.02,pooled,R0,10,49,21.0,False,22.0,17,3,False,False,False,False,False,0.0694795807734008
DS03,cvae,2,0.02,pooled,R0,11,41,5.0,False,18.0,18,2,False,False,False,True,True,0.0694795807734008
DS03,cvae,2,0.02,pooled,R0,12,57,12.0,False,13.0,36,1,False,False,False,False,False,0.0694795807734008
DS03,cvae,2,0.02,pooled,R0,13,59,1.0,False,22.0,18,2,False,True,True,True,True,0.0694795807734008
DS03,cvae,2,0.02,pooled,R0,14,41,7.0,False,13.0,35,3,False,False,False,False,True,0.0694795807734008
DS03,cvae,2,0.02,pooled,R0,15,43,12.0,False,15.0,24,1,False,False,False,False,False,0.0694795807734008
DS03,cvae,2,0.02,pooled,R1,10,49,21.0,False,22.0,17,2,False,False,False,False,False,0.04346594931332295
DS03,cvae,2,0.02,pooled,R1,11,41,5.0,False,18.0,18,2,False,False,False,True,True,0.04346594931332295
DS03,cvae,2,0.02,pooled,R1,12,57,6.0,False,13.0,36,1,False,False,False,False,True,0.04346594931332295
DS03,cvae,2,0.02,pooled,R1,13,59,1.0,False,22.0,18,2,False,True,True,True,True,0.04346594931332295
DS03,cvae,2,0.02,pooled,R1,14,41,7.0,False,13.0,35,3,False,False,False,False,True,0.04346594931332295
DS03,cvae,2,0.02,pooled,R1,15,43,12.0,False,15.0,24,2,False,False,False,False,False,0.04346594931332295
DS03,cvae,2,0.02,pooled,R2,10,49,21.0,False,22.0,17,3,False,False,False,False,False,0.0657652555571287
DS03,cvae,2,0.02,pooled,R2,11,41,5.0,False,18.0,18,2,False,False,False,True,True,0.0657652555571287
DS03,cvae,2,0.02,pooled,R2,12,57,12.0,False,13.0,36,1,False,False,False,False,False,0.0657652555571287
DS03,cvae,2,0.02,pooled,R2,13,59,1.0,False,22.0,18,1,False,True,True,True,True,0.0657652555571287
DS03,cvae,2,0.02,pooled,R2,14,41,7.0,False,13.0,35,3,False,False,False,False,True,0.0657652555571287
DS03,cvae,2,0.02,pooled,R2,15,43,12.0,False,15.0,24,1,False,False,False,False,False,0.0657652555571287
DS03,cvae,2,0.02,phase_conditioned,R0,10,49,19.0,False,20.0,17,3,False,False,False,False,False,0.06396819660281894
DS03,cvae,2,0.02,phase_conditioned,R0,11,41,5.0,False,16.0,18,1,False,False,False,True,True,0.06396819660281894
DS03,cvae,2,0.02,phase_conditioned,R0,12,57,12.0,False,13.0,36,1,False,False,False,False,False,0.06396819660281894
DS03,cvae,2,0.02,phase_conditioned,R0,13,59,1.0,False,19.0,18,3,False,True,True,True,True,0.06396819660281894
DS03,cvae,2,0.02,phase_conditioned,R0,14,41,7.0,False,12.0,35,3,False,False,False,False,True,0.06396819660281894
DS03,cvae,2,0.02,phase_conditioned,R0,15,43,12.0,False,13.0,24,1,False,False,False,False,False,0.06396819660281894
DS03,cvae,2,0.02,phase_conditioned,R1,10,49,19.0,False,20.0,17,3,False,False,False,False,False,0.04558969276511397
DS03,cvae,2,0.02,phase_conditioned,R1,11,41,5.0,False,18.0,18,1,False,False,False,True,True,0.04558969276511397
DS03,cvae,2,0.02,phase_conditioned,R1,12,57,12.0,False,13.0,36,1,False,False,False,False,False,0.04558969276511397
DS03,cvae,2,0.02,phase_conditioned,R1,13,59,1.0,False,19.0,18,3,False,True,True,True,True,0.04558969276511397
DS03,cvae,2,0.02,phase_conditioned,R1,14,41,7.0,False,14.0,35,3,False,False,False,False,True,0.04558969276511397
DS03,cvae,2,0.02,phase_conditioned,R1,15,43,12.0,False,13.0,24,0,False,False,False,False,False,0.04558969276511397
DS03,cvae,2,0.02,phase_conditioned,R2,10,49,19.0,False,20.0,17,3,False,False,False,False,False,0.06333574268160462
DS03,cvae,2,0.02,phase_conditioned,R2,11,41,5.0,False,16.0,18,1,False,False,False,True,True,0.06333574268160462
DS03,cvae,2,0.02,phase_conditioned,R2,12,57,12.0,False,13.0,36,1,False,False,False,False,False,0.06333574268160462
DS03,cvae,2,0.02,phase_conditioned,R2,13,59,1.0,False,19.0,18,3,False,True,True,True,True,0.06333574268160462
DS03,cvae,2,0.02,phase_conditioned,R2,14,41,7.0,False,13.0,35,3,False,False,False,False,True,0.06333574268160462
DS03,cvae,2,0.02,phase_conditioned,R2,15,43,12.0,False,13.0,24,1,False,False,False,False,False,0.06333574268160462
DS03,cvae,2,0.02,quantile_regression_W,R0,10,49,6.0,False,17.0,17,3,False,False,False,False,True,0.049306272216488936
DS03,cvae,2,0.02,quantile_regression_W,R0,11,41,5.0,False,11.0,18,2,False,False,False,True,True,0.049306272216488936
DS03,cvae,2,0.02,quantile_regression_W,R0,12,57,8.0,False,14.0,36,1,False,False,False,False,True,0.049306272216488936
DS03,cvae,2,0.02,quantile_regression_W,R0,13,59,0.0,False,13.0,18,0,True,True,True,True,True,0.049306272216488936
DS03,cvae,2,0.02,quantile_regression_W,R0,14,41,7.0,False,12.0,35,3,False,False,False,False,True,0.049306272216488936
DS03,cvae,2,0.02,quantile_regression_W,R0,15,43,4.0,False,10.0,24,4,False,False,False,True,True,0.049306272216488936
DS03,cvae,2,0.02,quantile_regression_W,R1,10,49,16.0,False,17.0,17,0,False,False,False,False,False,0.04091766809017777
DS03,cvae,2,0.02,quantile_regression_W,R1,11,41,11.0,False,12.0,18,0,False,False,False,False,False,0.04091766809017777
DS03,cvae,2,0.02,quantile_regression_W,R1,12,57,13.0,False,14.0,36,1,False,False,False,False,False,0.04091766809017777
DS03,cvae,2,0.02,quantile_regression_W,R1,13,59,13.0,False,16.0,18,0,False,False,False,False,False,0.04091766809017777
DS03,cvae,2,0.02,quantile_regression_W,R1,14,41,12.0,False,13.0,35,3,False,False,False,False,False,0.04091766809017777
DS03,cvae,2,0.02,quantile_regression_W,R1,15,43,4.0,False,13.0,24,0,False,False,False,True,True,0.04091766809017777
DS03,cvae,2,0.02,quantile_regression_W,R2,10,49,6.0,False,17.0,17,2,False,False,False,False,True,0.04724228872835684
DS03,cvae,2,0.02,quantile_regression_W,R2,11,41,10.0,False,11.0,18,2,False,False,False,False,True,0.04724228872835684
DS03,cvae,2,0.02,quantile_regression_W,R2,12,57,8.0,False,14.0,36,1,False,False,False,False,True,0.04724228872835684
DS03,cvae,2,0.02,quantile_regression_W,R2,13,59,12.0,False,13.0,18,0,False,False,False,False,False,0.04724228872835684
DS03,cvae,2,0.02,quantile_regression_W,R2,14,41,12.0,False,13.0,35,3,False,False,False,False,False,0.04724228872835684
DS03,cvae,2,0.02,quantile_regression_W,R2,15,43,4.0,False,10.0,24,3,False,False,False,True,True,0.04724228872835684
