dataset,detector,seed,nominal_fpr,arm,rule,anchor_ffr,healthy_flights,supported,pooled_ffr,arm_ffr,ffr_mismatch_arm_minus_pooled,pooled_kappa_low,pooled_kappa_high,arm_kappa_low,arm_kappa_high,earlier,same,later,paired_lower_median_difference,difference_of_median_delays,arm_median_delay,pooled_median_delay,pooled_delay_engine_11,pooled_delay_engine_14,pooled_delay_engine_15,arm_delay_engine_11,arm_delay_engine_14,arm_delay_engine_15,pooled_ffr_engine_11,pooled_ffr_engine_14,pooled_ffr_engine_15,arm_ffr_engine_11,arm_ffr_engine_14,arm_ffr_engine_15,pooled_detected_within_0,pooled_detected_within_1,pooled_detected_within_3,pooled_detected_within_5,pooled_detected_within_10,arm_detected_within_0,arm_detected_within_1,arm_detected_within_3,arm_detected_within_5,arm_detected_within_10,pooled_engines_censored,arm_engines_censored,source,pooled_delay_engine_10,pooled_delay_engine_12,pooled_delay_engine_13,arm_delay_engine_10,arm_delay_engine_12,arm_delay_engine_13,pooled_ffr_engine_10,pooled_ffr_engine_12,pooled_ffr_engine_13,arm_ffr_engine_10,arm_ffr_engine_12,arm_ffr_engine_13
ds02,pca,-1,0.005,phase_conditioned,nearest,0.025,76,True,0.013157894736842105,0.02631578947368421,0.013157894736842105,0.018435892216414878,0.018435892216414878,0.05455594781168514,0.05455594781168514,1,0,2,5.0,5.0,7.0,2.0,2.0,4.0,2.0,11.0,1.0,7.0,0.0,0.02857142857142857,0.0,0.0,0.05714285714285714,0.0,0.0,0.0,0.6666666666666666,1.0,1.0,0.0,0.3333333333333333,0.3333333333333333,0.3333333333333333,0.6666666666666666,0,0,results/mssp_adversarial/ds02/matched_delay/matched_false_flag_comparisons.csv,,,,,,,,,,,,
ds02,pca,-1,0.005,phase_conditioned,nearest,0.05,76,False,0.06578947368421052,0.05263157894736842,-0.013157894736842105,0.018015200408020238,0.018015200408020238,0.05209451270253212,0.05209451270253212,0,0,3,5.0,5.0,7.0,2.0,2.0,0.0,2.0,11.0,1.0,7.0,0.0,0.14285714285714285,0.0,0.0,0.11428571428571428,0.0,0.3333333333333333,0.3333333333333333,1.0,1.0,1.0,0.0,0.3333333333333333,0.3333333333333333,0.3333333333333333,0.6666666666666666,0,0,results/mssp_adversarial/ds02/matched_delay/matched_false_flag_comparisons.csv,,,,,,,,,,,,
ds02,pca,-1,0.005,phase_conditioned,nearest,0.1,76,True,0.10526315789473684,0.09210526315789473,-0.013157894736842105,0.012806359019651136,0.013356164383561644,0.02166903639411181,0.022175052752539316,0,0,3,3.0,3.0,5.0,2.0,2.0,0.0,2.0,11.0,1.0,5.0,0.0,0.17142857142857143,0.08695652173913043,0.0,0.2,0.0,0.3333333333333333,0.3333333333333333,1.0,1.0,1.0,0.0,0.3333333333333333,0.3333333333333333,0.6666666666666666,0.6666666666666666,0,0,results/mssp_adversarial/ds02/matched_delay/matched_false_flag_comparisons.csv,,,,,,,,,,,,
ds02,pca,-1,0.005,phase_conditioned,nearest,0.15,76,True,0.14473684210526316,0.14473684210526316,0.0,0.011353711240885177,0.011353711240885177,0.018866408039732583,0.019034670292318152,0,1,2,1.0,0.0,2.0,2.0,2.0,0.0,2.0,11.0,1.0,2.0,0.0,0.2,0.17391304347826086,0.05555555555555555,0.2571428571428571,0.043478260869565216,0.3333333333333333,0.3333333333333333,1.0,1.0,1.0,0.0,0.3333333333333333,0.6666666666666666,0.6666666666666666,0.6666666666666666,0,0,results/mssp_adversarial/ds02/matched_delay/matched_false_flag_comparisons.csv,,,,,,,,,,,,
ds02,pca,-1,0.005,phase_conditioned,nearest,0.2,76,True,0.19736842105263158,0.19736842105263158,0.0,0.009885245709128281,0.009885245709128281,0.01216782717410923,0.01216782717410923,0,1,2,1.0,0.0,2.0,2.0,2.0,0.0,2.0,10.0,1.0,2.0,0.16666666666666666,0.2,0.21739130434782608,0.05555555555555555,0.34285714285714286,0.08695652173913043,0.3333333333333333,0.3333333333333333,1.0,1.0,1.0,0.0,0.3333333333333333,0.6666666666666666,0.6666666666666666,1.0,0,0,results/mssp_adversarial/ds02/matched_delay/matched_false_flag_comparisons.csv,,,,,,,,,,,,
ds02,pca,-1,0.005,phase_conditioned,not_exceeding,0.025,76,False,0.013157894736842105,0.0,-0.013157894736842105,0.018435892216414878,0.018435892216414878,1.0,1.0,0,0,3,inf,inf,inf,2.0,2.0,4.0,2.0,inf,inf,inf,0.0,0.02857142857142857,0.0,0.0,0.0,0.0,0.0,0.0,0.6666666666666666,1.0,1.0,0.0,0.0,0.0,0.0,0.0,0,3,results/mssp_adversarial/ds02/matched_delay/matched_false_flag_comparisons.csv,,,,,,,,,,,,
ds02,pca,-1,0.005,phase_conditioned,not_exceeding,0.05,76,False,0.013157894736842105,0.039473684210526314,0.02631578947368421,0.018435892216414878,0.018435892216414878,0.053311026216670325,0.053311026216670325,1,0,2,5.0,5.0,7.0,2.0,2.0,4.0,2.0,11.0,1.0,7.0,0.0,0.02857142857142857,0.0,0.0,0.08571428571428572,0.0,0.0,0.0,0.6666666666666666,1.0,1.0,0.0,0.3333333333333333,0.3333333333333333,0.3333333333333333,0.6666666666666666,0,0,results/mssp_adversarial/ds02/matched_delay/matched_false_flag_comparisons.csv,,,,,,,,,,,,
ds02,pca,-1,0.005,phase_conditioned,not_exceeding,0.1,76,True,0.09210526315789473,0.09210526315789473,0.0,0.013656466567946095,0.013656466567946095,0.02166903639411181,0.022175052752539316,0,0,3,3.0,3.0,5.0,2.0,2.0,0.0,2.0,11.0,1.0,5.0,0.0,0.17142857142857143,0.043478260869565216,0.0,0.2,0.0,0.3333333333333333,0.3333333333333333,1.0,1.0,1.0,0.0,0.3333333333333333,0.3333333333333333,0.6666666666666666,0.6666666666666666,0,0,results/mssp_adversarial/ds02/matched_delay/matched_false_flag_comparisons.csv,,,,,,,,,,,,
ds02,pca,-1,0.005,phase_conditioned,not_exceeding,0.15,76,True,0.14473684210526316,0.14473684210526316,0.0,0.011353711240885177,0.011353711240885177,0.018866408039732583,0.019034670292318152,0,1,2,1.0,0.0,2.0,2.0,2.0,0.0,2.0,11.0,1.0,2.0,0.0,0.2,0.17391304347826086,0.05555555555555555,0.2571428571428571,0.043478260869565216,0.3333333333333333,0.3333333333333333,1.0,1.0,1.0,0.0,0.3333333333333333,0.6666666666666666,0.6666666666666666,0.6666666666666666,0,0,results/mssp_adversarial/ds02/matched_delay/matched_false_flag_comparisons.csv,,,,,,,,,,,,
ds02,pca,-1,0.005,phase_conditioned,not_exceeding,0.2,76,True,0.19736842105263158,0.19736842105263158,0.0,0.009885245709128281,0.009885245709128281,0.01216782717410923,0.01216782717410923,0,1,2,1.0,0.0,2.0,2.0,2.0,0.0,2.0,10.0,1.0,2.0,0.16666666666666666,0.2,0.21739130434782608,0.05555555555555555,0.34285714285714286,0.08695652173913043,0.3333333333333333,0.3333333333333333,1.0,1.0,1.0,0.0,0.3333333333333333,0.6666666666666666,0.6666666666666666,1.0,0,0,results/mssp_adversarial/ds02/matched_delay/matched_false_flag_comparisons.csv,,,,,,,,,,,,
ds02,pca,-1,0.005,causal_regime,nearest,0.025,76,True,0.013157894736842105,0.02631578947368421,0.013157894736842105,0.018435892216414878,0.018435892216414878,0.07364918067322965,0.07364918067322965,1,0,2,5.0,5.0,7.0,2.0,2.0,4.0,2.0,13.0,1.0,7.0,0.0,0.02857142857142857,0.0,0.0,0.05714285714285714,0.0,0.0,0.0,0.6666666666666666,1.0,1.0,0.0,0.3333333333333333,0.3333333333333333,0.3333333333333333,0.6666666666666666,0,0,results/mssp_adversarial/ds02/matched_delay/matched_false_flag_comparisons.csv,,,,,,,,,,,,
ds02,pca,-1,0.005,causal_regime,nearest,0.05,76,False,0.06578947368421052,0.06578947368421052,0.0,0.018015200408020238,0.018015200408020238,0.07196856730011514,0.07196856730011514,0,0,3,5.0,5.0,7.0,2.0,2.0,0.0,2.0,11.0,1.0,7.0,0.0,0.14285714285714285,0.0,0.0,0.14285714285714285,0.0,0.3333333333333333,0.3333333333333333,1.0,1.0,1.0,0.0,0.3333333333333333,0.3333333333333333,0.3333333333333333,0.6666666666666666,0,0,results/mssp_adversarial/ds02/matched_delay/matched_false_flag_comparisons.csv,,,,,,,,,,,,
ds02,pca,-1,0.005,causal_regime,nearest,0.1,76,True,0.10526315789473684,0.10526315789473684,0.0,0.012806359019651136,0.013356164383561644,0.040412553329506,0.05455594781168514,0,0,3,3.0,3.0,5.0,2.0,2.0,0.0,2.0,11.0,1.0,5.0,0.0,0.17142857142857143,0.08695652173913043,0.0,0.22857142857142856,0.0,0.3333333333333333,0.3333333333333333,1.0,1.0,1.0,0.0,0.3333333333333333,0.3333333333333333,0.6666666666666666,0.6666666666666666,0,0,results/mssp_adversarial/ds02/matched_delay/matched_false_flag_comparisons.csv,,,,,,,,,,,,
ds02,pca,-1,0.005,causal_regime,nearest,0.15,76,False,0.14473684210526316,0.13157894736842105,-0.013157894736842118,0.011353711240885177,0.011353711240885177,0.026672588383874055,0.028585141796844713,0,0,3,3.0,3.0,5.0,2.0,2.0,0.0,2.0,11.0,1.0,5.0,0.0,0.2,0.17391304347826086,0.0,0.2857142857142857,0.0,0.3333333333333333,0.3333333333333333,1.0,1.0,1.0,0.0,0.3333333333333333,0.3333333333333333,0.6666666666666666,0.6666666666666666,0,0,results/mssp_adversarial/ds02/matched_delay/matched_false_flag_comparisons.csv,,,,,,,,,,,,
ds02,pca,-1,0.005,causal_regime,nearest,0.2,76,True,0.19736842105263158,0.19736842105263158,0.0,0.009885245709128281,0.009885245709128281,0.019306977288832496,0.0254691843897454,0,1,2,3.0,3.0,5.0,2.0,2.0,0.0,2.0,11.0,0.0,5.0,0.16666666666666666,0.2,0.21739130434782608,0.0,0.42857142857142855,0.0,0.3333333333333333,0.3333333333333333,1.0,1.0,1.0,0.3333333333333333,0.3333333333333333,0.3333333333333333,0.6666666666666666,0.6666666666666666,0,0,results/mssp_adversarial/ds02/matched_delay/matched_false_flag_comparisons.csv,,,,,,,,,,,,
ds02,pca,-1,0.005,causal_regime,not_exceeding,0.025,76,True,0.013157894736842105,0.013157894736842105,0.0,0.018435892216414878,0.018435892216414878,0.07536903980898542,0.07712906117627992,1,0,2,5.0,5.0,7.0,2.0,2.0,4.0,2.0,13.0,1.0,7.0,0.0,0.02857142857142857,0.0,0.0,0.02857142857142857,0.0,0.0,0.0,0.6666666666666666,1.0,1.0,0.0,0.3333333333333333,0.3333333333333333,0.3333333333333333,0.6666666666666666,0,0,results/mssp_adversarial/ds02/matched_delay/matched_false_flag_comparisons.csv,,,,,,,,,,,,
ds02,pca,-1,0.005,causal_regime,not_exceeding,0.05,76,False,0.013157894736842105,0.02631578947368421,0.013157894736842105,0.018435892216414878,0.018435892216414878,0.07364918067322965,0.07364918067322965,1,0,2,5.0,5.0,7.0,2.0,2.0,4.0,2.0,13.0,1.0,7.0,0.0,0.02857142857142857,0.0,0.0,0.05714285714285714,0.0,0.0,0.0,0.6666666666666666,1.0,1.0,0.0,0.3333333333333333,0.3333333333333333,0.3333333333333333,0.6666666666666666,0,0,results/mssp_adversarial/ds02/matched_delay/matched_false_flag_comparisons.csv,,,,,,,,,,,,
ds02,pca,-1,0.005,causal_regime,not_exceeding,0.1,76,True,0.09210526315789473,0.09210526315789473,0.0,0.013656466567946095,0.013656466567946095,0.0558299408744192,0.0558299408744192,0,0,3,3.0,3.0,5.0,2.0,2.0,0.0,2.0,11.0,1.0,5.0,0.0,0.17142857142857143,0.043478260869565216,0.0,0.2,0.0,0.3333333333333333,0.3333333333333333,1.0,1.0,1.0,0.0,0.3333333333333333,0.3333333333333333,0.6666666666666666,0.6666666666666666,0,0,results/mssp_adversarial/ds02/matched_delay/matched_false_flag_comparisons.csv,,,,,,,,,,,,
ds02,pca,-1,0.005,causal_regime,not_exceeding,0.15,76,False,0.14473684210526316,0.13157894736842105,-0.013157894736842118,0.011353711240885177,0.011353711240885177,0.026672588383874055,0.028585141796844713,0,0,3,3.0,3.0,5.0,2.0,2.0,0.0,2.0,11.0,1.0,5.0,0.0,0.2,0.17391304347826086,0.0,0.2857142857142857,0.0,0.3333333333333333,0.3333333333333333,1.0,1.0,1.0,0.0,0.3333333333333333,0.3333333333333333,0.6666666666666666,0.6666666666666666,0,0,results/mssp_adversarial/ds02/matched_delay/matched_false_flag_comparisons.csv,,,,,,,,,,,,
ds02,pca,-1,0.005,causal_regime,not_exceeding,0.2,76,True,0.19736842105263158,0.19736842105263158,0.0,0.009885245709128281,0.009885245709128281,0.019306977288832496,0.0254691843897454,0,1,2,3.0,3.0,5.0,2.0,2.0,0.0,2.0,11.0,0.0,5.0,0.16666666666666666,0.2,0.21739130434782608,0.0,0.42857142857142855,0.0,0.3333333333333333,0.3333333333333333,1.0,1.0,1.0,0.3333333333333333,0.3333333333333333,0.3333333333333333,0.6666666666666666,0.6666666666666666,0,0,results/mssp_adversarial/ds02/matched_delay/matched_false_flag_comparisons.csv,,,,,,,,,,,,
ds02,pca,-1,0.01,phase_conditioned,nearest,0.025,76,True,0.02631578947368421,0.02631578947368421,0.0,0.08265958738801812,0.08265958738801812,0.09065535934216358,0.09065535934216358,3,0,0,-13.0,-17.0,2.0,19.0,20.0,14.0,19.0,11.0,1.0,2.0,0.0,0.05714285714285714,0.0,0.0,0.05714285714285714,0.0,0.0,0.0,0.0,0.0,0.0,0.0,0.3333333333333333,0.6666666666666666,0.6666666666666666,0.6666666666666666,0,0,results/mssp_adversarial/ds02/matched_delay/matched_false_flag_comparisons.csv,,,,,,,,,,,,
ds02,pca,-1,0.01,phase_conditioned,nearest,0.05,76,True,0.05263157894736842,0.05263157894736842,0.0,0.07536903980898542,0.07536903980898542,0.08656520431290936,0.08656520431290936,3,0,0,-13.0,-17.0,2.0,19.0,20.0,14.0,19.0,11.0,1.0,2.0,0.0,0.11428571428571428,0.0,0.0,0.11428571428571428,0.0,0.0,0.0,0.0,0.0,0.0,0.0,0.3333333333333333,0.6666666666666666,0.6666666666666666,0.6666666666666666,0,0,results/mssp_adversarial/ds02/matched_delay/matched_false_flag_comparisons.csv,,,,,,,,,,,,
ds02,pca,-1,0.01,phase_conditioned,nearest,0.1,76,False,0.10526315789473684,0.11842105263157894,0.013157894736842105,0.03518567725739263,0.0360073348498562,0.053311026216670325,0.084589857965743,1,1,1,0.0,-2.0,2.0,4.0,8.0,4.0,2.0,11.0,1.0,2.0,0.0,0.14285714285714285,0.13043478260869565,0.0,0.2571428571428571,0.0,0.0,0.0,0.3333333333333333,0.6666666666666666,1.0,0.0,0.3333333333333333,0.6666666666666666,0.6666666666666666,0.6666666666666666,0,0,results/mssp_adversarial/ds02/matched_delay/matched_false_flag_comparisons.csv,,,,,,,,,,,,
ds02,pca,-1,0.01,phase_conditioned,nearest,0.15,76,True,0.14473684210526316,0.14473684210526316,0.0,0.02793285250948253,0.028585141796844713,0.029935772947204904,0.046415888336127774,1,1,1,0.0,0.0,2.0,2.0,2.0,4.0,2.0,10.0,1.0,2.0,0.0,0.17142857142857143,0.21739130434782608,0.0,0.2857142857142857,0.043478260869565216,0.0,0.0,0.6666666666666666,1.0,1.0,0.0,0.3333333333333333,0.6666666666666666,0.6666666666666666,1.0,0,0,results/mssp_adversarial/ds02/matched_delay/matched_false_flag_comparisons.csv,,,,,,,,,,,,
ds02,pca,-1,0.01,phase_conditioned,nearest,0.2,76,True,0.19736842105263158,0.19736842105263158,0.0,0.02269288562880081,0.02269288562880081,0.024887998672586672,0.02583276682528892,1,1,1,0.0,0.0,2.0,2.0,2.0,2.0,2.0,10.0,1.0,2.0,0.05555555555555555,0.22857142857142856,0.2608695652173913,0.05555555555555555,0.2857142857142857,0.17391304347826086,0.0,0.0,1.0,1.0,1.0,0.0,0.3333333333333333,0.6666666666666666,0.6666666666666666,1.0,0,0,results/mssp_adversarial/ds02/matched_delay/matched_false_flag_comparisons.csv,,,,,,,,,,,,
ds02,pca,-1,0.01,phase_conditioned,not_exceeding,0.025,76,True,0.013157894736842105,0.013157894736842105,0.0,0.0949387717927582,0.10655379505623053,0.09942457296427418,0.10174634027476064,3,0,0,-12.0,-12.0,7.0,19.0,20.0,15.0,19.0,11.0,1.0,7.0,0.0,0.02857142857142857,0.0,0.0,0.02857142857142857,0.0,0.0,0.0,0.0,0.0,0.0,0.0,0.3333333333333333,0.3333333333333333,0.3333333333333333,0.6666666666666666,0,0,results/mssp_adversarial/ds02/matched_delay/matched_false_flag_comparisons.csv,,,,,,,,,,,,
ds02,pca,-1,0.01,phase_conditioned,not_exceeding,0.05,76,False,0.039473684210526314,0.02631578947368421,-0.013157894736842105,0.07712906117627992,0.08077336398796711,0.09065535934216358,0.09065535934216358,3,0,0,-13.0,-17.0,2.0,19.0,20.0,14.0,19.0,11.0,1.0,2.0,0.0,0.08571428571428572,0.0,0.0,0.05714285714285714,0.0,0.0,0.0,0.0,0.0,0.0,0.0,0.3333333333333333,0.6666666666666666,0.6666666666666666,0.6666666666666666,0,0,results/mssp_adversarial/ds02/matched_delay/matched_false_flag_comparisons.csv,,,,,,,,,,,,
ds02,pca,-1,0.01,phase_conditioned,not_exceeding,0.1,76,False,0.09210526315789473,0.05263157894736842,-0.039473684210526314,0.03684817982911676,0.03684817982911676,0.08656520431290936,0.08656520431290936,1,1,1,0.0,-2.0,2.0,4.0,8.0,4.0,2.0,11.0,1.0,2.0,0.0,0.14285714285714285,0.08695652173913043,0.0,0.11428571428571428,0.0,0.0,0.0,0.3333333333333333,0.6666666666666666,1.0,0.0,0.3333333333333333,0.6666666666666666,0.6666666666666666,0.6666666666666666,0,0,results/mssp_adversarial/ds02/matched_delay/matched_false_flag_comparisons.csv,,,,,,,,,,,,
ds02,pca,-1,0.01,phase_conditioned,not_exceeding,0.15,76,True,0.14473684210526316,0.14473684210526316,0.0,0.02793285250948253,0.028585141796844713,0.029935772947204904,0.046415888336127774,1,1,1,0.0,0.0,2.0,2.0,2.0,4.0,2.0,10.0,1.0,2.0,0.0,0.17142857142857143,0.21739130434782608,0.0,0.2857142857142857,0.043478260869565216,0.0,0.0,0.6666666666666666,1.0,1.0,0.0,0.3333333333333333,0.6666666666666666,0.6666666666666666,1.0,0,0,results/mssp_adversarial/ds02/matched_delay/matched_false_flag_comparisons.csv,,,,,,,,,,,,
ds02,pca,-1,0.01,phase_conditioned,not_exceeding,0.2,76,True,0.19736842105263158,0.19736842105263158,0.0,0.02269288562880081,0.02269288562880081,0.024887998672586672,0.02583276682528892,1,1,1,0.0,0.0,2.0,2.0,2.0,2.0,2.0,10.0,1.0,2.0,0.05555555555555555,0.22857142857142856,0.2608695652173913,0.05555555555555555,0.2857142857142857,0.17391304347826086,0.0,0.0,1.0,1.0,1.0,0.0,0.3333333333333333,0.6666666666666666,0.6666666666666666,1.0,0,0,results/mssp_adversarial/ds02/matched_delay/matched_false_flag_comparisons.csv,,,,,,,,,,,,
ds02,pca,-1,0.01,causal_regime,nearest,0.025,76,True,0.02631578947368421,0.013157894736842105,-0.013157894736842105,0.08265958738801812,0.08265958738801812,0.11158839925077481,0.11958982643749794,3,0,0,-13.0,-17.0,2.0,19.0,20.0,14.0,19.0,11.0,1.0,2.0,0.0,0.05714285714285714,0.0,0.0,0.02857142857142857,0.0,0.0,0.0,0.0,0.0,0.0,0.0,0.3333333333333333,0.6666666666666666,0.6666666666666666,0.6666666666666666,0,0,results/mssp_adversarial/ds02/matched_delay/matched_false_flag_comparisons.csv,,,,,,,,,,,,
ds02,pca,-1,0.01,causal_regime,nearest,0.05,76,True,0.05263157894736842,0.05263157894736842,0.0,0.07536903980898542,0.07536903980898542,0.09715578646301858,0.09942457296427418,3,0,0,-13.0,-17.0,2.0,19.0,20.0,14.0,19.0,10.0,1.0,2.0,0.0,0.11428571428571428,0.0,0.0,0.11428571428571428,0.0,0.0,0.0,0.0,0.0,0.0,0.0,0.3333333333333333,0.6666666666666666,0.6666666666666666,1.0,0,0,results/mssp_adversarial/ds02/matched_delay/matched_false_flag_comparisons.csv,,,,,,,,,,,,
ds02,pca,-1,0.01,causal_regime,nearest,0.1,76,True,0.10526315789473684,0.10526315789473684,0.0,0.03518567725739263,0.0360073348498562,0.08656520431290936,0.08656520431290936,1,1,1,0.0,-2.0,2.0,4.0,8.0,4.0,2.0,10.0,1.0,2.0,0.0,0.14285714285714285,0.13043478260869565,0.0,0.22857142857142856,0.0,0.0,0.0,0.3333333333333333,0.6666666666666666,1.0,0.0,0.3333333333333333,0.6666666666666666,0.6666666666666666,1.0,0,0,results/mssp_adversarial/ds02/matched_delay/matched_false_flag_comparisons.csv,,,,,,,,,,,,
ds02,pca,-1,0.01,causal_regime,nearest,0.15,76,True,0.14473684210526316,0.14473684210526316,0.0,0.02793285250948253,0.028585141796844713,0.03359818286283781,0.03438276921143307,2,0,1,-2.0,-1.0,1.0,2.0,2.0,4.0,2.0,10.0,1.0,0.0,0.0,0.17142857142857143,0.21739130434782608,0.0,0.2857142857142857,0.043478260869565216,0.0,0.0,0.6666666666666666,1.0,1.0,0.3333333333333333,0.6666666666666666,0.6666666666666666,0.6666666666666666,1.0,0,0,results/mssp_adversarial/ds02/matched_delay/matched_false_flag_comparisons.csv,,,,,,,,,,,,
ds02,pca,-1,0.01,causal_regime,nearest,0.2,76,False,0.19736842105263158,0.18421052631578946,-0.013157894736842118,0.02269288562880081,0.02269288562880081,0.032082312454210775,0.032082312454210775,2,0,1,-2.0,-2.0,0.0,2.0,2.0,2.0,2.0,10.0,0.0,0.0,0.05555555555555555,0.22857142857142856,0.2608695652173913,0.0,0.37142857142857144,0.043478260869565216,0.0,0.0,1.0,1.0,1.0,0.6666666666666666,0.6666666666666666,0.6666666666666666,0.6666666666666666,1.0,0,0,results/mssp_adversarial/ds02/matched_delay/matched_false_flag_comparisons.csv,,,,,,,,,,,,
ds02,pca,-1,0.01,causal_regime,not_exceeding,0.025,76,True,0.013157894736842105,0.013157894736842105,0.0,0.0949387717927582,0.10655379505623053,0.11158839925077481,0.11958982643749794,3,0,0,-14.0,-17.0,2.0,19.0,20.0,15.0,19.0,11.0,1.0,2.0,0.0,0.02857142857142857,0.0,0.0,0.02857142857142857,0.0,0.0,0.0,0.0,0.0,0.0,0.0,0.3333333333333333,0.6666666666666666,0.6666666666666666,0.6666666666666666,0,0,results/mssp_adversarial/ds02/matched_delay/matched_false_flag_comparisons.csv,,,,,,,,,,,,
ds02,pca,-1,0.01,causal_regime,not_exceeding,0.05,76,True,0.039473684210526314,0.039473684210526314,0.0,0.07712906117627992,0.08077336398796711,0.10412232560483044,0.10412232560483044,3,0,0,-13.0,-17.0,2.0,19.0,20.0,14.0,19.0,10.0,1.0,2.0,0.0,0.08571428571428572,0.0,0.0,0.08571428571428572,0.0,0.0,0.0,0.0,0.0,0.0,0.0,0.3333333333333333,0.6666666666666666,0.6666666666666666,1.0,0,0,results/mssp_adversarial/ds02/matched_delay/matched_false_flag_comparisons.csv,,,,,,,,,,,,
ds02,pca,-1,0.01,causal_regime,not_exceeding,0.1,76,True,0.09210526315789473,0.09210526315789473,0.0,0.03684817982911676,0.03684817982911676,0.08858667904100823,0.08858667904100823,1,1,1,0.0,-2.0,2.0,4.0,8.0,4.0,2.0,10.0,1.0,2.0,0.0,0.14285714285714285,0.08695652173913043,0.0,0.2,0.0,0.0,0.0,0.3333333333333333,0.6666666666666666,1.0,0.0,0.3333333333333333,0.6666666666666666,0.6666666666666666,1.0,0,0,results/mssp_adversarial/ds02/matched_delay/matched_false_flag_comparisons.csv,,,,,,,,,,,,
ds02,pca,-1,0.01,causal_regime,not_exceeding,0.15,76,True,0.14473684210526316,0.14473684210526316,0.0,0.02793285250948253,0.028585141796844713,0.03359818286283781,0.03438276921143307,2,0,1,-2.0,-1.0,1.0,2.0,2.0,4.0,2.0,10.0,1.0,0.0,0.0,0.17142857142857143,0.21739130434782608,0.0,0.2857142857142857,0.043478260869565216,0.0,0.0,0.6666666666666666,1.0,1.0,0.3333333333333333,0.6666666666666666,0.6666666666666666,0.6666666666666666,1.0,0,0,results/mssp_adversarial/ds02/matched_delay/matched_false_flag_comparisons.csv,,,,,,,,,,,,
ds02,pca,-1,0.01,causal_regime,not_exceeding,0.2,76,False,0.19736842105263158,0.18421052631578946,-0.013157894736842118,0.02269288562880081,0.02269288562880081,0.032082312454210775,0.032082312454210775,2,0,1,-2.0,-2.0,0.0,2.0,2.0,2.0,2.0,10.0,0.0,0.0,0.05555555555555555,0.22857142857142856,0.2608695652173913,0.0,0.37142857142857144,0.043478260869565216,0.0,0.0,1.0,1.0,1.0,0.6666666666666666,0.6666666666666666,0.6666666666666666,0.6666666666666666,1.0,0,0,results/mssp_adversarial/ds02/matched_delay/matched_false_flag_comparisons.csv,,,,,,,,,,,,
ds02,pca,-1,0.02,phase_conditioned,nearest,0.025,76,True,0.02631578947368421,0.02631578947368421,0.0,0.10412232560483044,0.10904204429677526,0.20336240846866724,0.20336240846866724,3,0,0,-8.0,-13.0,2.0,15.0,16.0,9.0,15.0,10.0,1.0,2.0,0.0,0.05714285714285714,0.0,0.0,0.05714285714285714,0.0,0.0,0.0,0.0,0.0,0.3333333333333333,0.0,0.3333333333333333,0.6666666666666666,0.6666666666666666,1.0,0,0,results/mssp_adversarial/ds02/matched_delay/matched_false_flag_comparisons.csv,,,,,,,,,,,,
ds02,pca,-1,0.02,phase_conditioned,nearest,0.05,76,True,0.05263157894736842,0.039473684210526314,-0.013157894736842105,0.09715578646301858,0.09715578646301858,0.18542591299878522,0.19872184654880534,3,0,0,-8.0,-12.0,2.0,14.0,14.0,9.0,15.0,10.0,1.0,2.0,0.0,0.11428571428571428,0.0,0.0,0.08571428571428572,0.0,0.0,0.0,0.0,0.0,0.3333333333333333,0.0,0.3333333333333333,0.6666666666666666,0.6666666666666666,1.0,0,0,results/mssp_adversarial/ds02/matched_delay/matched_false_flag_comparisons.csv,,,,,,,,,,,,
ds02,pca,-1,0.02,phase_conditioned,nearest,0.1,76,True,0.10526315789473684,0.10526315789473684,0.0,0.084589857965743,0.084589857965743,0.10904204429677526,0.11958982643749794,2,1,0,-4.0,-7.0,2.0,9.0,14.0,9.0,2.0,10.0,1.0,2.0,0.0,0.17142857142857143,0.08695652173913043,0.0,0.22857142857142856,0.0,0.0,0.0,0.3333333333333333,0.3333333333333333,0.6666666666666666,0.0,0.3333333333333333,0.6666666666666666,0.6666666666666666,1.0,0,0,results/mssp_adversarial/ds02/matched_delay/matched_false_flag_comparisons.csv,,,,,,,,,,,,
ds02,pca,-1,0.02,phase_conditioned,nearest,0.15,76,False,0.13157894736842105,0.14473684210526316,0.013157894736842118,0.07893018264543566,0.07893018264543566,0.084589857965743,0.0927723475631406,2,1,0,-4.0,-7.0,2.0,9.0,14.0,9.0,2.0,10.0,1.0,2.0,0.0,0.2,0.13043478260869565,0.0,0.3142857142857143,0.0,0.0,0.0,0.3333333333333333,0.3333333333333333,0.6666666666666666,0.0,0.3333333333333333,0.6666666666666666,0.6666666666666666,1.0,0,0,results/mssp_adversarial/ds02/matched_delay/matched_false_flag_comparisons.csv,,,,,,,,,,,,
ds02,pca,-1,0.02,phase_conditioned,nearest,0.2,76,True,0.19736842105263158,0.19736842105263158,0.0,0.07536903980898542,0.07536903980898542,0.06266030164072656,0.06412354795576918,3,0,0,-4.0,-4.0,1.0,5.0,14.0,5.0,2.0,10.0,1.0,0.0,0.0,0.3142857142857143,0.17391304347826086,0.05555555555555555,0.37142857142857144,0.043478260869565216,0.0,0.0,0.3333333333333333,0.6666666666666666,0.6666666666666666,0.3333333333333333,0.6666666666666666,0.6666666666666666,0.6666666666666666,1.0,0,0,results/mssp_adversarial/ds02/matched_delay/matched_false_flag_comparisons.csv,,,,,,,,,,,,
ds02,pca,-1,0.02,phase_conditioned,not_exceeding,0.025,76,True,0.013157894736842105,0.013157894736842105,0.0,0.20336240846866724,0.23357214690901212,0.2081113370090395,0.21794447537529835,3,0,0,-12.0,-14.0,2.0,16.0,17.0,13.0,16.0,10.0,1.0,2.0,0.0,0.02857142857142857,0.0,0.0,0.02857142857142857,0.0,0.0,0.0,0.0,0.0,0.0,0.0,0.3333333333333333,0.6666666666666666,0.6666666666666666,1.0,0,0,results/mssp_adversarial/ds02/matched_delay/matched_false_flag_comparisons.csv,,,,,,,,,,,,
ds02,pca,-1,0.02,phase_conditioned,not_exceeding,0.05,76,False,0.02631578947368421,0.039473684210526314,0.013157894736842105,0.10412232560483044,0.10904204429677526,0.18542591299878522,0.19872184654880534,3,0,0,-8.0,-13.0,2.0,15.0,16.0,9.0,15.0,10.0,1.0,2.0,0.0,0.05714285714285714,0.0,0.0,0.08571428571428572,0.0,0.0,0.0,0.0,0.0,0.3333333333333333,0.0,0.3333333333333333,0.6666666666666666,0.6666666666666666,1.0,0,0,results/mssp_adversarial/ds02/matched_delay/matched_false_flag_comparisons.csv,,,,,,,,,,,,
ds02,pca,-1,0.02,phase_conditioned,not_exceeding,0.1,76,True,0.09210526315789473,0.09210526315789473,0.0,0.08656520431290936,0.08656520431290936,0.12238249369681924,0.1541593692842272,2,1,0,-4.0,-7.0,2.0,9.0,14.0,9.0,2.0,10.0,1.0,2.0,0.0,0.17142857142857143,0.043478260869565216,0.0,0.2,0.0,0.0,0.0,0.3333333333333333,0.3333333333333333,0.6666666666666666,0.0,0.3333333333333333,0.6666666666666666,0.6666666666666666,1.0,0,0,results/mssp_adversarial/ds02/matched_delay/matched_false_flag_comparisons.csv,,,,,,,,,,,,
ds02,pca,-1,0.02,phase_conditioned,not_exceeding,0.15,76,False,0.13157894736842105,0.14473684210526316,0.013157894736842118,0.07893018264543566,0.07893018264543566,0.084589857965743,0.0927723475631406,2,1,0,-4.0,-7.0,2.0,9.0,14.0,9.0,2.0,10.0,1.0,2.0,0.0,0.2,0.13043478260869565,0.0,0.3142857142857143,0.0,0.0,0.0,0.3333333333333333,0.3333333333333333,0.6666666666666666,0.0,0.3333333333333333,0.6666666666666666,0.6666666666666666,1.0,0,0,results/mssp_adversarial/ds02/matched_delay/matched_false_flag_comparisons.csv,,,,,,,,,,,,
ds02,pca,-1,0.02,phase_conditioned,not_exceeding,0.2,76,True,0.19736842105263158,0.19736842105263158,0.0,0.07536903980898542,0.07536903980898542,0.06266030164072656,0.06412354795576918,3,0,0,-4.0,-4.0,1.0,5.0,14.0,5.0,2.0,10.0,1.0,0.0,0.0,0.3142857142857143,0.17391304347826086,0.05555555555555555,0.37142857142857144,0.043478260869565216,0.0,0.0,0.3333333333333333,0.6666666666666666,0.6666666666666666,0.3333333333333333,0.6666666666666666,0.6666666666666666,0.6666666666666666,1.0,0,0,results/mssp_adversarial/ds02/matched_delay/matched_false_flag_comparisons.csv,,,,,,,,,,,,
ds02,pca,-1,0.02,causal_regime,nearest,0.025,76,True,0.02631578947368421,0.02631578947368421,0.0,0.10412232560483044,0.10904204429677526,0.15775930613623615,0.16521334063573684,3,0,0,-8.0,-13.0,2.0,15.0,16.0,9.0,15.0,10.0,1.0,2.0,0.0,0.05714285714285714,0.0,0.0,0.05714285714285714,0.0,0.0,0.0,0.0,0.0,0.3333333333333333,0.0,0.3333333333333333,0.6666666666666666,0.6666666666666666,1.0,0,0,results/mssp_adversarial/ds02/matched_delay/matched_false_flag_comparisons.csv,,,,,,,,,,,,
ds02,pca,-1,0.02,causal_regime,nearest,0.05,76,True,0.05263157894736842,0.05263157894736842,0.0,0.09715578646301858,0.09715578646301858,0.13735504373605123,0.14720406378260012,3,0,0,-8.0,-12.0,2.0,14.0,14.0,9.0,15.0,10.0,1.0,2.0,0.0,0.11428571428571428,0.0,0.0,0.11428571428571428,0.0,0.0,0.0,0.0,0.0,0.3333333333333333,0.0,0.3333333333333333,0.6666666666666666,0.6666666666666666,1.0,0,0,results/mssp_adversarial/ds02/matched_delay/matched_false_flag_comparisons.csv,,,,,,,,,,,,
ds02,pca,-1,0.02,causal_regime,nearest,0.1,76,True,0.10526315789473684,0.10526315789473684,0.0,0.084589857965743,0.084589857965743,0.11158839925077481,0.12238249369681924,2,1,0,-6.0,-7.0,2.0,9.0,14.0,9.0,2.0,8.0,1.0,2.0,0.0,0.17142857142857143,0.08695652173913043,0.0,0.22857142857142856,0.0,0.0,0.0,0.3333333333333333,0.3333333333333333,0.6666666666666666,0.0,0.3333333333333333,0.6666666666666666,0.6666666666666666,1.0,0,0,results/mssp_adversarial/ds02/matched_delay/matched_false_flag_comparisons.csv,,,,,,,,,,,,
ds02,pca,-1,0.02,causal_regime,nearest,0.15,76,False,0.13157894736842105,0.14473684210526316,0.013157894736842118,0.07893018264543566,0.07893018264543566,0.09065535934216358,0.0949387717927582,2,1,0,-7.0,-7.0,2.0,9.0,14.0,9.0,2.0,7.0,1.0,2.0,0.0,0.2,0.13043478260869565,0.0,0.3142857142857143,0.0,0.0,0.0,0.3333333333333333,0.3333333333333333,0.6666666666666666,0.0,0.3333333333333333,0.6666666666666666,0.6666666666666666,1.0,0,0,results/mssp_adversarial/ds02/matched_delay/matched_false_flag_comparisons.csv,,,,,,,,,,,,
ds02,pca,-1,0.02,causal_regime,nearest,0.2,76,True,0.19736842105263158,0.19736842105263158,0.0,0.07536903980898542,0.07536903980898542,0.050905759020366814,0.05983321728796282,3,0,0,-4.0,-4.0,1.0,5.0,14.0,5.0,2.0,7.0,1.0,0.0,0.0,0.3142857142857143,0.17391304347826086,0.1111111111111111,0.37142857142857144,0.0,0.0,0.0,0.3333333333333333,0.6666666666666666,0.6666666666666666,0.3333333333333333,0.6666666666666666,0.6666666666666666,0.6666666666666666,1.0,0,0,results/mssp_adversarial/ds02/matched_delay/matched_false_flag_comparisons.csv,,,,,,,,,,,,
ds02,pca,-1,0.02,causal_regime,not_exceeding,0.025,76,True,0.013157894736842105,0.013157894736842105,0.0,0.20336240846866724,0.23357214690901212,0.17301957388458944,0.18975598765218504,3,0,0,-12.0,-14.0,2.0,16.0,17.0,13.0,16.0,10.0,1.0,2.0,0.0,0.02857142857142857,0.0,0.0,0.02857142857142857,0.0,0.0,0.0,0.0,0.0,0.0,0.0,0.3333333333333333,0.6666666666666666,0.6666666666666666,1.0,0,0,results/mssp_adversarial/ds02/matched_delay/matched_false_flag_comparisons.csv,,,,,,,,,,,,
ds02,pca,-1,0.02,causal_regime,not_exceeding,0.05,76,False,0.02631578947368421,0.039473684210526314,0.013157894736842105,0.10412232560483044,0.10904204429677526,0.1506415800129591,0.1541593692842272,3,0,0,-8.0,-13.0,2.0,15.0,16.0,9.0,15.0,10.0,1.0,2.0,0.0,0.05714285714285714,0.0,0.0,0.08571428571428572,0.0,0.0,0.0,0.0,0.0,0.3333333333333333,0.0,0.3333333333333333,0.6666666666666666,0.6666666666666666,1.0,0,0,results/mssp_adversarial/ds02/matched_delay/matched_false_flag_comparisons.csv,,,,,,,,,,,,
ds02,pca,-1,0.02,causal_regime,not_exceeding,0.1,76,True,0.09210526315789473,0.09210526315789473,0.0,0.08656520431290936,0.08656520431290936,0.1252403754535072,0.12816499459957584,2,1,0,-4.0,-7.0,2.0,9.0,14.0,9.0,2.0,10.0,1.0,2.0,0.0,0.17142857142857143,0.043478260869565216,0.0,0.2,0.0,0.0,0.0,0.3333333333333333,0.3333333333333333,0.6666666666666666,0.0,0.3333333333333333,0.6666666666666666,0.6666666666666666,1.0,0,0,results/mssp_adversarial/ds02/matched_delay/matched_false_flag_comparisons.csv,,,,,,,,,,,,
ds02,pca,-1,0.02,causal_regime,not_exceeding,0.15,76,False,0.13157894736842105,0.14473684210526316,0.013157894736842118,0.07893018264543566,0.07893018264543566,0.09065535934216358,0.0949387717927582,2,1,0,-7.0,-7.0,2.0,9.0,14.0,9.0,2.0,7.0,1.0,2.0,0.0,0.2,0.13043478260869565,0.0,0.3142857142857143,0.0,0.0,0.0,0.3333333333333333,0.3333333333333333,0.6666666666666666,0.0,0.3333333333333333,0.6666666666666666,0.6666666666666666,1.0,0,0,results/mssp_adversarial/ds02/matched_delay/matched_false_flag_comparisons.csv,,,,,,,,,,,,
ds02,pca,-1,0.02,causal_regime,not_exceeding,0.2,76,True,0.19736842105263158,0.19736842105263158,0.0,0.07536903980898542,0.07536903980898542,0.050905759020366814,0.05983321728796282,3,0,0,-4.0,-4.0,1.0,5.0,14.0,5.0,2.0,7.0,1.0,0.0,0.0,0.3142857142857143,0.17391304347826086,0.1111111111111111,0.37142857142857144,0.0,0.0,0.0,0.3333333333333333,0.6666666666666666,0.6666666666666666,0.3333333333333333,0.6666666666666666,0.6666666666666666,0.6666666666666666,1.0,0,0,results/mssp_adversarial/ds02/matched_delay/matched_false_flag_comparisons.csv,,,,,,,,,,,,
ds02,isolation_forest,0,0.005,phase_conditioned,nearest,0.025,76,True,0.02631578947368421,0.02631578947368421,0.0,0.037708660259934516,0.03949037229576702,0.12238249369681924,0.12238249369681924,3,0,0,-8.0,-8.0,10.0,18.0,18.0,11.0,20.0,10.0,9.0,12.0,0.0,0.05714285714285714,0.0,0.0,0.05714285714285714,0.0,0.0,0.0,0.0,0.0,0.0,0.0,0.0,0.0,0.0,0.6666666666666666,0,0,results/mssp_adversarial/ds02/matched_delay/matched_false_flag_comparisons.csv,,,,,,,,,,,,
ds02,isolation_forest,0,0.005,phase_conditioned,nearest,0.05,76,True,0.05263157894736842,0.05263157894736842,0.0,0.03438276921143307,0.0360073348498562,0.06715334791115142,0.06872151605431122,3,0,0,-8.0,-6.0,10.0,16.0,18.0,11.0,16.0,10.0,1.0,10.0,0.05555555555555555,0.08571428571428572,0.0,0.0,0.11428571428571428,0.0,0.0,0.0,0.0,0.0,0.0,0.0,0.3333333333333333,0.3333333333333333,0.3333333333333333,1.0,0,0,results/mssp_adversarial/ds02/matched_delay/matched_false_flag_comparisons.csv,,,,,,,,,,,,
ds02,isolation_forest,0,0.005,phase_conditioned,nearest,0.1,76,False,0.11842105263157894,0.10526315789473684,-0.013157894736842105,0.017604108438655525,0.018015200408020238,0.022175052752539316,0.037708660259934516,2,0,1,-4.0,-5.0,7.0,12.0,14.0,0.0,12.0,10.0,1.0,7.0,0.05555555555555555,0.22857142857142856,0.0,0.0,0.22857142857142856,0.0,0.3333333333333333,0.3333333333333333,0.3333333333333333,0.3333333333333333,0.3333333333333333,0.0,0.3333333333333333,0.3333333333333333,0.3333333333333333,1.0,0,0,results/mssp_adversarial/ds02/matched_delay/matched_false_flag_comparisons.csv,,,,,,,,,,,,
ds02,isolation_forest,0,0.005,phase_conditioned,nearest,0.15,76,True,0.14473684210526316,0.15789473684210525,0.01315789473684209,0.011353711240885177,0.011618843640511002,0.019306977288832496,0.019306977288832496,0,1,2,5.0,5.0,7.0,2.0,2.0,0.0,2.0,10.0,0.0,7.0,0.05555555555555555,0.22857142857142856,0.08695652173913043,0.0,0.34285714285714286,0.0,0.3333333333333333,0.3333333333333333,1.0,1.0,1.0,0.3333333333333333,0.3333333333333333,0.3333333333333333,0.3333333333333333,1.0,0,0,results/mssp_adversarial/ds02/matched_delay/matched_false_flag_comparisons.csv,,,,,,,,,,,,
ds02,isolation_forest,0,0.005,phase_conditioned,nearest,0.2,76,True,0.19736842105263158,0.19736842105263158,0.0,0.009223851039358476,0.010116086432495808,0.015685151643735476,0.016051432043647614,0,2,1,0.0,0.0,2.0,2.0,2.0,0.0,2.0,5.0,0.0,2.0,0.16666666666666666,0.2571428571428571,0.13043478260869565,0.0,0.42857142857142855,0.0,0.3333333333333333,0.3333333333333333,1.0,1.0,1.0,0.3333333333333333,0.3333333333333333,0.6666666666666666,1.0,1.0,0,0,results/mssp_adversarial/ds02/matched_delay/matched_false_flag_comparisons.csv,,,,,,,,,,,,
ds02,isolation_forest,0,0.005,phase_conditioned,not_exceeding,0.025,76,True,0.013157894736842105,0.013157894736842105,0.0,0.04331032859169001,0.04331032859169001,0.1252403754535072,0.131157909589685,3,0,0,-7.0,-9.0,10.0,19.0,19.0,11.0,20.0,10.0,9.0,13.0,0.0,0.02857142857142857,0.0,0.0,0.02857142857142857,0.0,0.0,0.0,0.0,0.0,0.0,0.0,0.0,0.0,0.0,0.6666666666666666,0,0,results/mssp_adversarial/ds02/matched_delay/matched_false_flag_comparisons.csv,,,,,,,,,,,,
ds02,isolation_forest,0,0.005,phase_conditioned,not_exceeding,0.05,76,True,0.039473684210526314,0.039473684210526314,0.0,0.03684817982911676,0.03684817982911676,0.11419421680558647,0.11958982643749794,3,0,0,-8.0,-8.0,10.0,18.0,18.0,11.0,20.0,10.0,9.0,12.0,0.0,0.08571428571428572,0.0,0.0,0.08571428571428572,0.0,0.0,0.0,0.0,0.0,0.0,0.0,0.0,0.0,0.0,0.6666666666666666,0,0,results/mssp_adversarial/ds02/matched_delay/matched_false_flag_comparisons.csv,,,,,,,,,,,,
ds02,isolation_forest,0,0.005,phase_conditioned,not_exceeding,0.1,76,False,0.05263157894736842,0.09210526315789473,0.039473684210526314,0.03438276921143307,0.0360073348498562,0.03858923467029903,0.040412553329506,3,0,0,-9.0,-9.0,7.0,16.0,18.0,11.0,16.0,10.0,1.0,7.0,0.05555555555555555,0.08571428571428572,0.0,0.0,0.2,0.0,0.0,0.0,0.0,0.0,0.0,0.0,0.3333333333333333,0.3333333333333333,0.3333333333333333,1.0,0,0,results/mssp_adversarial/ds02/matched_delay/matched_false_flag_comparisons.csv,,,,,,,,,,,,
ds02,isolation_forest,0,0.005,phase_conditioned,not_exceeding,0.15,76,False,0.14473684210526316,0.13157894736842105,-0.013157894736842118,0.011353711240885177,0.011618843640511002,0.019757834731786994,0.0206913808111479,0,1,2,5.0,5.0,7.0,2.0,2.0,0.0,2.0,10.0,0.0,7.0,0.05555555555555555,0.22857142857142856,0.08695652173913043,0.0,0.2857142857142857,0.0,0.3333333333333333,0.3333333333333333,1.0,1.0,1.0,0.3333333333333333,0.3333333333333333,0.3333333333333333,0.3333333333333333,1.0,0,0,results/mssp_adversarial/ds02/matched_delay/matched_false_flag_comparisons.csv,,,,,,,,,,,,
ds02,isolation_forest,0,0.005,phase_conditioned,not_exceeding,0.2,76,True,0.19736842105263158,0.19736842105263158,0.0,0.009223851039358476,0.010116086432495808,0.015685151643735476,0.016051432043647614,0,2,1,0.0,0.0,2.0,2.0,2.0,0.0,2.0,5.0,0.0,2.0,0.16666666666666666,0.2571428571428571,0.13043478260869565,0.0,0.42857142857142855,0.0,0.3333333333333333,0.3333333333333333,1.0,1.0,1.0,0.3333333333333333,0.3333333333333333,0.6666666666666666,1.0,1.0,0,0,results/mssp_adversarial/ds02/matched_delay/matched_false_flag_comparisons.csv,,,,,,,,,,,,
ds02,isolation_forest,0,0.005,causal_regime,nearest,0.025,76,True,0.02631578947368421,0.013157894736842105,-0.013157894736842105,0.037708660259934516,0.03949037229576702,0.14720406378260012,0.1541593692842272,3,0,0,-7.0,-7.0,11.0,18.0,18.0,11.0,20.0,11.0,9.0,12.0,0.0,0.05714285714285714,0.0,0.0,0.02857142857142857,0.0,0.0,0.0,0.0,0.0,0.0,0.0,0.0,0.0,0.0,0.3333333333333333,0,0,results/mssp_adversarial/ds02/matched_delay/matched_false_flag_comparisons.csv,,,,,,,,,,,,
ds02,isolation_forest,0,0.005,causal_regime,nearest,0.05,76,True,0.05263157894736842,0.039473684210526314,-0.013157894736842105,0.03438276921143307,0.0360073348498562,0.1252403754535072,0.14384498882876628,3,0,0,-4.0,-5.0,11.0,16.0,18.0,11.0,16.0,11.0,9.0,12.0,0.05555555555555555,0.08571428571428572,0.0,0.0,0.08571428571428572,0.0,0.0,0.0,0.0,0.0,0.0,0.0,0.0,0.0,0.0,0.3333333333333333,0,0,results/mssp_adversarial/ds02/matched_delay/matched_false_flag_comparisons.csv,,,,,,,,,,,,
ds02,isolation_forest,0,0.005,causal_regime,nearest,0.1,76,False,0.11842105263157894,0.10526315789473684,-0.013157894736842105,0.017604108438655525,0.018015200408020238,0.05455594781168514,0.06715334791115142,2,0,1,-4.0,-5.0,7.0,12.0,14.0,0.0,12.0,10.0,1.0,7.0,0.05555555555555555,0.22857142857142856,0.0,0.05555555555555555,0.2,0.0,0.3333333333333333,0.3333333333333333,0.3333333333333333,0.3333333333333333,0.3333333333333333,0.0,0.3333333333333333,0.3333333333333333,0.3333333333333333,1.0,0,0,results/mssp_adversarial/ds02/matched_delay/matched_false_flag_comparisons.csv,,,,,,,,,,,,
ds02,isolation_forest,0,0.005,causal_regime,nearest,0.15,76,True,0.14473684210526316,0.14473684210526316,0.0,0.011353711240885177,0.011618843640511002,0.02793285250948253,0.028585141796844713,1,1,1,0.0,-2.0,0.0,2.0,2.0,0.0,2.0,10.0,0.0,0.0,0.05555555555555555,0.22857142857142856,0.08695652173913043,0.05555555555555555,0.2857142857142857,0.0,0.3333333333333333,0.3333333333333333,1.0,1.0,1.0,0.6666666666666666,0.6666666666666666,0.6666666666666666,0.6666666666666666,1.0,0,0,results/mssp_adversarial/ds02/matched_delay/matched_false_flag_comparisons.csv,,,,,,,,,,,,
ds02,isolation_forest,0,0.005,causal_regime,nearest,0.2,76,True,0.19736842105263158,0.19736842105263158,0.0,0.009223851039358476,0.010116086432495808,0.024320075132679475,0.026672588383874055,1,1,1,0.0,-2.0,0.0,2.0,2.0,0.0,2.0,10.0,0.0,0.0,0.16666666666666666,0.2571428571428571,0.13043478260869565,0.05555555555555555,0.4,0.0,0.3333333333333333,0.3333333333333333,1.0,1.0,1.0,0.6666666666666666,0.6666666666666666,0.6666666666666666,0.6666666666666666,1.0,0,0,results/mssp_adversarial/ds02/matched_delay/matched_false_flag_comparisons.csv,,,,,,,,,,,,
ds02,isolation_forest,0,0.005,causal_regime,not_exceeding,0.025,76,True,0.013157894736842105,0.013157894736842105,0.0,0.04331032859169001,0.04331032859169001,0.14720406378260012,0.1541593692842272,3,0,0,-8.0,-8.0,11.0,19.0,19.0,11.0,20.0,11.0,9.0,12.0,0.0,0.02857142857142857,0.0,0.0,0.02857142857142857,0.0,0.0,0.0,0.0,0.0,0.0,0.0,0.0,0.0,0.0,0.3333333333333333,0,0,results/mssp_adversarial/ds02/matched_delay/matched_false_flag_comparisons.csv,,,,,,,,,,,,
ds02,isolation_forest,0,0.005,causal_regime,not_exceeding,0.05,76,True,0.039473684210526314,0.039473684210526314,0.0,0.03684817982911676,0.03684817982911676,0.1252403754535072,0.14384498882876628,3,0,0,-7.0,-7.0,11.0,18.0,18.0,11.0,20.0,11.0,9.0,12.0,0.0,0.08571428571428572,0.0,0.0,0.08571428571428572,0.0,0.0,0.0,0.0,0.0,0.0,0.0,0.0,0.0,0.0,0.3333333333333333,0,0,results/mssp_adversarial/ds02/matched_delay/matched_false_flag_comparisons.csv,,,,,,,,,,,,
ds02,isolation_forest,0,0.005,causal_regime,not_exceeding,0.1,76,False,0.05263157894736842,0.06578947368421052,0.013157894736842105,0.03438276921143307,0.0360073348498562,0.07536903980898542,0.07712906117627992,3,0,0,-7.0,-5.0,11.0,16.0,18.0,11.0,16.0,11.0,1.0,12.0,0.05555555555555555,0.08571428571428572,0.0,0.0,0.14285714285714285,0.0,0.0,0.0,0.0,0.0,0.0,0.0,0.3333333333333333,0.3333333333333333,0.3333333333333333,0.3333333333333333,0,0,results/mssp_adversarial/ds02/matched_delay/matched_false_flag_comparisons.csv,,,,,,,,,,,,
ds02,isolation_forest,0,0.005,causal_regime,not_exceeding,0.15,76,True,0.14473684210526316,0.14473684210526316,0.0,0.011353711240885177,0.011618843640511002,0.02793285250948253,0.028585141796844713,1,1,1,0.0,-2.0,0.0,2.0,2.0,0.0,2.0,10.0,0.0,0.0,0.05555555555555555,0.22857142857142856,0.08695652173913043,0.05555555555555555,0.2857142857142857,0.0,0.3333333333333333,0.3333333333333333,1.0,1.0,1.0,0.6666666666666666,0.6666666666666666,0.6666666666666666,0.6666666666666666,1.0,0,0,results/mssp_adversarial/ds02/matched_delay/matched_false_flag_comparisons.csv,,,,,,,,,,,,
ds02,isolation_forest,0,0.005,causal_regime,not_exceeding,0.2,76,True,0.19736842105263158,0.19736842105263158,0.0,0.009223851039358476,0.010116086432495808,0.024320075132679475,0.026672588383874055,1,1,1,0.0,-2.0,0.0,2.0,2.0,0.0,2.0,10.0,0.0,0.0,0.16666666666666666,0.2571428571428571,0.13043478260869565,0.05555555555555555,0.4,0.0,0.3333333333333333,0.3333333333333333,1.0,1.0,1.0,0.6666666666666666,0.6666666666666666,0.6666666666666666,0.6666666666666666,1.0,0,0,results/mssp_adversarial/ds02/matched_delay/matched_false_flag_comparisons.csv,,,,,,,,,,,,
ds02,isolation_forest,0,0.01,phase_conditioned,nearest,0.025,76,True,0.02631578947368421,0.013157894736842105,-0.013157894736842105,0.08858667904100823,0.08858667904100823,0.18975598765218504,0.20336240846866724,3,0,0,-7.0,-7.0,5.0,12.0,13.0,11.0,12.0,8.0,4.0,5.0,0.0,0.05714285714285714,0.0,0.0,0.02857142857142857,0.0,0.0,0.0,0.0,0.0,0.0,0.0,0.0,0.0,0.6666666666666666,1.0,0,0,results/mssp_adversarial/ds02/matched_delay/matched_false_flag_comparisons.csv,,,,,,,,,,,,
ds02,isolation_forest,0,0.01,phase_conditioned,nearest,0.05,76,True,0.05263157894736842,0.05263157894736842,0.0,0.0558299408744192,0.06872151605431122,0.11958982643749794,0.1506415800129591,3,0,0,-6.0,-6.0,5.0,11.0,11.0,10.0,12.0,7.0,4.0,5.0,0.0,0.11428571428571428,0.0,0.0,0.11428571428571428,0.0,0.0,0.0,0.0,0.0,0.3333333333333333,0.0,0.0,0.0,0.6666666666666666,1.0,0,0,results/mssp_adversarial/ds02/matched_delay/matched_false_flag_comparisons.csv,,,,,,,,,,,,
ds02,isolation_forest,0,0.01,phase_conditioned,nearest,0.1,76,True,0.10526315789473684,0.10526315789473684,0.0,0.03518567725739263,0.03518567725739263,0.07536903980898542,0.07893018264543566,2,1,0,-3.0,-1.0,3.0,4.0,3.0,4.0,12.0,3.0,1.0,3.0,0.05555555555555555,0.17142857142857143,0.043478260869565216,0.0,0.22857142857142856,0.0,0.0,0.0,0.3333333333333333,0.6666666666666666,0.6666666666666666,0.0,0.3333333333333333,1.0,1.0,1.0,0,0,results/mssp_adversarial/ds02/matched_delay/matched_false_flag_comparisons.csv,,,,,,,,,,,,
ds02,isolation_forest,0,0.01,phase_conditioned,nearest,0.15,76,True,0.15789473684210525,0.14473684210526316,-0.01315789473684209,0.02289826627412496,0.023222810962777247,0.0360073348498562,0.03858923467029903,1,2,0,0.0,-1.0,1.0,2.0,3.0,1.0,2.0,3.0,1.0,0.0,0.05555555555555555,0.2,0.17391304347826086,0.05555555555555555,0.2571428571428571,0.043478260869565216,0.0,0.3333333333333333,1.0,1.0,1.0,0.3333333333333333,0.6666666666666666,1.0,1.0,1.0,0,0,results/mssp_adversarial/ds02/matched_delay/matched_false_flag_comparisons.csv,,,,,,,,,,,,
ds02,isolation_forest,0,0.01,phase_conditioned,nearest,0.2,76,False,0.18421052631578946,0.19736842105263158,0.013157894736842118,0.020219220618983534,0.022175052752539316,0.028585141796844713,0.029252663374366446,1,0,2,1.0,-1.0,1.0,2.0,2.0,0.0,2.0,3.0,1.0,0.0,0.05555555555555555,0.2571428571428571,0.17391304347826086,0.05555555555555555,0.37142857142857144,0.043478260869565216,0.3333333333333333,0.3333333333333333,1.0,1.0,1.0,0.3333333333333333,0.6666666666666666,1.0,1.0,1.0,0,0,results/mssp_adversarial/ds02/matched_delay/matched_false_flag_comparisons.csv,,,,,,,,,,,,
ds02,isolation_forest,0,0.01,phase_conditioned,not_exceeding,0.025,76,True,0.013157894736842105,0.013157894736842105,0.0,0.09065535934216358,0.09942457296427418,0.18975598765218504,0.20336240846866724,3,0,0,-7.0,-7.0,5.0,12.0,13.0,11.0,12.0,8.0,4.0,5.0,0.0,0.02857142857142857,0.0,0.0,0.02857142857142857,0.0,0.0,0.0,0.0,0.0,0.0,0.0,0.0,0.0,0.6666666666666666,1.0,0,0,results/mssp_adversarial/ds02/matched_delay/matched_false_flag_comparisons.csv,,,,,,,,,,,,
ds02,isolation_forest,0,0.01,phase_conditioned,not_exceeding,0.05,76,True,0.039473684210526314,0.039473684210526314,0.0,0.07712906117627992,0.08656520431290936,0.18119464706671223,0.18542591299878522,3,0,0,-7.0,-7.0,5.0,12.0,13.0,11.0,12.0,8.0,4.0,5.0,0.0,0.08571428571428572,0.0,0.0,0.08571428571428572,0.0,0.0,0.0,0.0,0.0,0.0,0.0,0.0,0.0,0.6666666666666666,1.0,0,0,results/mssp_adversarial/ds02/matched_delay/matched_false_flag_comparisons.csv,,,,,,,,,,,,
ds02,isolation_forest,0,0.01,phase_conditioned,not_exceeding,0.1,76,True,0.09210526315789473,0.09210526315789473,0.0,0.0360073348498562,0.0360073348498562,0.08077336398796711,0.08656520431290936,2,1,0,-3.0,-1.0,3.0,4.0,3.0,4.0,12.0,3.0,1.0,3.0,0.05555555555555555,0.14285714285714285,0.043478260869565216,0.0,0.2,0.0,0.0,0.0,0.3333333333333333,0.6666666666666666,0.6666666666666666,0.0,0.3333333333333333,1.0,1.0,1.0,0,0,results/mssp_adversarial/ds02/matched_delay/matched_false_flag_comparisons.csv,,,,,,,,,,,,
ds02,isolation_forest,0,0.01,phase_conditioned,not_exceeding,0.15,76,False,0.11842105263157894,0.14473684210526316,0.026315789473684223,0.0254691843897454,0.0254691843897454,0.0360073348498562,0.03858923467029903,2,1,0,-2.0,-2.0,1.0,3.0,3.0,4.0,2.0,3.0,1.0,0.0,0.05555555555555555,0.17142857142857143,0.08695652173913043,0.05555555555555555,0.2571428571428571,0.043478260869565216,0.0,0.0,0.6666666666666666,1.0,1.0,0.3333333333333333,0.6666666666666666,1.0,1.0,1.0,0,0,results/mssp_adversarial/ds02/matched_delay/matched_false_flag_comparisons.csv,,,,,,,,,,,,
ds02,isolation_forest,0,0.01,phase_conditioned,not_exceeding,0.2,76,False,0.18421052631578946,0.19736842105263158,0.013157894736842118,0.020219220618983534,0.022175052752539316,0.028585141796844713,0.029252663374366446,1,0,2,1.0,-1.0,1.0,2.0,2.0,0.0,2.0,3.0,1.0,0.0,0.05555555555555555,0.2571428571428571,0.17391304347826086,0.05555555555555555,0.37142857142857144,0.043478260869565216,0.3333333333333333,0.3333333333333333,1.0,1.0,1.0,0.3333333333333333,0.6666666666666666,1.0,1.0,1.0,0,0,results/mssp_adversarial/ds02/matched_delay/matched_false_flag_comparisons.csv,,,,,,,,,,,,
ds02,isolation_forest,0,0.01,causal_regime,nearest,0.025,76,True,0.02631578947368421,0.013157894736842105,-0.013157894736842105,0.08858667904100823,0.08858667904100823,0.20336240846866724,0.21794447537529835,3,0,0,-7.0,-7.0,5.0,12.0,13.0,11.0,12.0,8.0,4.0,5.0,0.0,0.05714285714285714,0.0,0.0,0.02857142857142857,0.0,0.0,0.0,0.0,0.0,0.0,0.0,0.0,0.0,0.6666666666666666,1.0,0,0,results/mssp_adversarial/ds02/matched_delay/matched_false_flag_comparisons.csv,,,,,,,,,,,,
ds02,isolation_forest,0,0.01,causal_regime,nearest,0.05,76,True,0.05263157894736842,0.05263157894736842,0.0,0.0558299408744192,0.06872151605431122,0.12238249369681924,0.14720406378260012,3,0,0,-6.0,-6.0,5.0,11.0,11.0,10.0,12.0,7.0,4.0,5.0,0.0,0.11428571428571428,0.0,0.0,0.11428571428571428,0.0,0.0,0.0,0.0,0.0,0.3333333333333333,0.0,0.0,0.0,0.6666666666666666,1.0,0,0,results/mssp_adversarial/ds02/matched_delay/matched_false_flag_comparisons.csv,,,,,,,,,,,,
ds02,isolation_forest,0,0.01,causal_regime,nearest,0.1,76,True,0.10526315789473684,0.10526315789473684,0.0,0.03518567725739263,0.03518567725739263,0.07893018264543566,0.08265958738801812,2,1,0,-3.0,-1.0,3.0,4.0,3.0,4.0,12.0,3.0,1.0,3.0,0.05555555555555555,0.17142857142857143,0.043478260869565216,0.0,0.22857142857142856,0.0,0.0,0.0,0.3333333333333333,0.6666666666666666,0.6666666666666666,0.0,0.3333333333333333,1.0,1.0,1.0,0,0,results/mssp_adversarial/ds02/matched_delay/matched_false_flag_comparisons.csv,,,,,,,,,,,,
ds02,isolation_forest,0,0.01,causal_regime,nearest,0.15,76,True,0.15789473684210525,0.14473684210526316,-0.01315789473684209,0.02289826627412496,0.023222810962777247,0.0558299408744192,0.0558299408744192,2,1,0,-1.0,-2.0,0.0,2.0,3.0,1.0,2.0,3.0,0.0,0.0,0.05555555555555555,0.2,0.17391304347826086,0.05555555555555555,0.2857142857142857,0.0,0.0,0.3333333333333333,1.0,1.0,1.0,0.6666666666666666,0.6666666666666666,1.0,1.0,1.0,0,0,results/mssp_adversarial/ds02/matched_delay/matched_false_flag_comparisons.csv,,,,,,,,,,,,
ds02,isolation_forest,0,0.01,causal_regime,nearest,0.2,76,False,0.18421052631578946,0.19736842105263158,0.013157894736842118,0.020219220618983534,0.022175052752539316,0.046415888336127774,0.050905759020366814,1,1,1,0.0,-2.0,0.0,2.0,2.0,0.0,2.0,3.0,0.0,0.0,0.05555555555555555,0.2571428571428571,0.17391304347826086,0.05555555555555555,0.4,0.0,0.3333333333333333,0.3333333333333333,1.0,1.0,1.0,0.6666666666666666,0.6666666666666666,1.0,1.0,1.0,0,0,results/mssp_adversarial/ds02/matched_delay/matched_false_flag_comparisons.csv,,,,,,,,,,,,
ds02,isolation_forest,0,0.01,causal_regime,not_exceeding,0.025,76,True,0.013157894736842105,0.013157894736842105,0.0,0.09065535934216358,0.09942457296427418,0.20336240846866724,0.21794447537529835,3,0,0,-7.0,-7.0,5.0,12.0,13.0,11.0,12.0,8.0,4.0,5.0,0.0,0.02857142857142857,0.0,0.0,0.02857142857142857,0.0,0.0,0.0,0.0,0.0,0.0,0.0,0.0,0.0,0.6666666666666666,1.0,0,0,results/mssp_adversarial/ds02/matched_delay/matched_false_flag_comparisons.csv,,,,,,,,,,,,
ds02,isolation_forest,0,0.01,causal_regime,not_exceeding,0.05,76,True,0.039473684210526314,0.039473684210526314,0.0,0.07712906117627992,0.08656520431290936,0.18542591299878522,0.19872184654880534,3,0,0,-7.0,-7.0,5.0,12.0,13.0,11.0,12.0,8.0,4.0,5.0,0.0,0.08571428571428572,0.0,0.0,0.08571428571428572,0.0,0.0,0.0,0.0,0.0,0.0,0.0,0.0,0.0,0.6666666666666666,1.0,0,0,results/mssp_adversarial/ds02/matched_delay/matched_false_flag_comparisons.csv,,,,,,,,,,,,
ds02,isolation_forest,0,0.01,causal_regime,not_exceeding,0.1,76,True,0.09210526315789473,0.09210526315789473,0.0,0.0360073348498562,0.0360073348498562,0.08656520431290936,0.08656520431290936,2,1,0,-3.0,-1.0,3.0,4.0,3.0,4.0,12.0,3.0,1.0,5.0,0.05555555555555555,0.14285714285714285,0.043478260869565216,0.0,0.2,0.0,0.0,0.0,0.3333333333333333,0.6666666666666666,0.6666666666666666,0.0,0.3333333333333333,0.6666666666666666,1.0,1.0,0,0,results/mssp_adversarial/ds02/matched_delay/matched_false_flag_comparisons.csv,,,,,,,,,,,,
ds02,isolation_forest,0,0.01,causal_regime,not_exceeding,0.15,76,False,0.11842105263157894,0.14473684210526316,0.026315789473684223,0.0254691843897454,0.0254691843897454,0.0558299408744192,0.0558299408744192,2,1,0,-2.0,-3.0,0.0,3.0,3.0,4.0,2.0,3.0,0.0,0.0,0.05555555555555555,0.17142857142857143,0.08695652173913043,0.05555555555555555,0.2857142857142857,0.0,0.0,0.0,0.6666666666666666,1.0,1.0,0.6666666666666666,0.6666666666666666,1.0,1.0,1.0,0,0,results/mssp_adversarial/ds02/matched_delay/matched_false_flag_comparisons.csv,,,,,,,,,,,,
ds02,isolation_forest,0,0.01,causal_regime,not_exceeding,0.2,76,False,0.18421052631578946,0.19736842105263158,0.013157894736842118,0.020219220618983534,0.022175052752539316,0.046415888336127774,0.050905759020366814,1,1,1,0.0,-2.0,0.0,2.0,2.0,0.0,2.0,3.0,0.0,0.0,0.05555555555555555,0.2571428571428571,0.17391304347826086,0.05555555555555555,0.4,0.0,0.3333333333333333,0.3333333333333333,1.0,1.0,1.0,0.6666666666666666,0.6666666666666666,1.0,1.0,1.0,0,0,results/mssp_adversarial/ds02/matched_delay/matched_false_flag_comparisons.csv,,,,,,,,,,,,
ds02,isolation_forest,0,0.02,phase_conditioned,nearest,0.025,76,True,0.02631578947368421,0.013157894736842105,-0.013157894736842105,0.169071410347358,0.19872184654880534,0.23902653468423893,0.2446082935796798,3,0,0,-7.0,-7.0,4.0,11.0,11.0,11.0,12.0,7.0,4.0,3.0,0.0,0.05714285714285714,0.0,0.0,0.02857142857142857,0.0,0.0,0.0,0.0,0.0,0.0,0.0,0.0,0.3333333333333333,0.6666666666666666,1.0,0,0,results/mssp_adversarial/ds02/matched_delay/matched_false_flag_comparisons.csv,,,,,,,,,,,,
ds02,isolation_forest,0,0.02,phase_conditioned,nearest,0.05,76,True,0.039473684210526314,0.05263157894736842,0.013157894736842105,0.1614433088831602,0.1614433088831602,0.18542591299878522,0.19872184654880534,3,0,0,-8.0,-8.0,3.0,11.0,11.0,5.0,12.0,3.0,1.0,3.0,0.0,0.08571428571428572,0.0,0.0,0.11428571428571428,0.0,0.0,0.0,0.0,0.3333333333333333,0.3333333333333333,0.0,0.3333333333333333,1.0,1.0,1.0,0,0,results/mssp_adversarial/ds02/matched_delay/matched_false_flag_comparisons.csv,,,,,,,,,,,,
ds02,isolation_forest,0,0.02,phase_conditioned,nearest,0.1,76,True,0.10526315789473684,0.09210526315789473,-0.013157894736842105,0.11958982643749794,0.12238249369681924,0.10655379505623053,0.11958982643749794,3,0,0,-8.0,-8.0,1.0,9.0,11.0,5.0,9.0,3.0,1.0,0.0,0.0,0.22857142857142856,0.0,0.0,0.2,0.0,0.0,0.0,0.0,0.3333333333333333,0.6666666666666666,0.3333333333333333,0.6666666666666666,1.0,1.0,1.0,0,0,results/mssp_adversarial/ds02/matched_delay/matched_false_flag_comparisons.csv,,,,,,,,,,,,
ds02,isolation_forest,0,0.02,phase_conditioned,nearest,0.15,76,True,0.14473684210526316,0.14473684210526316,0.0,0.09942457296427418,0.10174634027476064,0.07032630413380643,0.07712906117627992,2,1,0,-2.0,-1.0,1.0,2.0,11.0,1.0,2.0,3.0,1.0,0.0,0.0,0.3142857142857143,0.0,0.0,0.2857142857142857,0.043478260869565216,0.0,0.3333333333333333,0.6666666666666666,0.6666666666666666,0.6666666666666666,0.3333333333333333,0.6666666666666666,1.0,1.0,1.0,0,0,results/mssp_adversarial/ds02/matched_delay/matched_false_flag_comparisons.csv,,,,,,,,,,,,
ds02,isolation_forest,0,0.02,phase_conditioned,nearest,0.2,76,True,0.19736842105263158,0.19736842105263158,0.0,0.07712906117627992,0.07893018264543566,0.050905759020366814,0.0558299408744192,2,1,0,-2.0,-1.0,1.0,2.0,8.0,1.0,2.0,3.0,1.0,0.0,0.05555555555555555,0.37142857142857144,0.043478260869565216,0.05555555555555555,0.37142857142857144,0.043478260869565216,0.0,0.3333333333333333,0.6666666666666666,0.6666666666666666,1.0,0.3333333333333333,0.6666666666666666,1.0,1.0,1.0,0,0,results/mssp_adversarial/ds02/matched_delay/matched_false_flag_comparisons.csv,,,,,,,,,,,,
ds02,isolation_forest,0,0.02,phase_conditioned,not_exceeding,0.025,76,True,0.013157894736842105,0.013157894736842105,0.0,0.20336240846866724,0.21794447537529835,0.23902653468423893,0.2446082935796798,3,0,0,-7.0,-7.0,4.0,11.0,11.0,11.0,12.0,7.0,4.0,3.0,0.0,0.02857142857142857,0.0,0.0,0.02857142857142857,0.0,0.0,0.0,0.0,0.0,0.0,0.0,0.0,0.3333333333333333,0.6666666666666666,1.0,0,0,results/mssp_adversarial/ds02/matched_delay/matched_false_flag_comparisons.csv,,,,,,,,,,,,
ds02,isolation_forest,0,0.02,phase_conditioned,not_exceeding,0.05,76,True,0.039473684210526314,0.039473684210526314,0.0,0.1614433088831602,0.1614433088831602,0.2081113370090395,0.22824222375040976,3,0,0,-4.0,-8.0,3.0,11.0,11.0,5.0,12.0,7.0,3.0,3.0,0.0,0.08571428571428572,0.0,0.0,0.08571428571428572,0.0,0.0,0.0,0.0,0.3333333333333333,0.3333333333333333,0.0,0.0,0.6666666666666666,0.6666666666666666,1.0,0,0,results/mssp_adversarial/ds02/matched_delay/matched_false_flag_comparisons.csv,,,,,,,,,,,,
ds02,isolation_forest,0,0.02,phase_conditioned,not_exceeding,0.1,76,True,0.09210526315789473,0.09210526315789473,0.0,0.1252403754535072,0.12816499459957584,0.10655379505623053,0.11958982643749794,3,0,0,-8.0,-8.0,1.0,9.0,11.0,5.0,9.0,3.0,1.0,0.0,0.0,0.2,0.0,0.0,0.2,0.0,0.0,0.0,0.0,0.3333333333333333,0.6666666666666666,0.3333333333333333,0.6666666666666666,1.0,1.0,1.0,0,0,results/mssp_adversarial/ds02/matched_delay/matched_false_flag_comparisons.csv,,,,,,,,,,,,
ds02,isolation_forest,0,0.02,phase_conditioned,not_exceeding,0.15,76,True,0.14473684210526316,0.14473684210526316,0.0,0.09942457296427418,0.10174634027476064,0.07032630413380643,0.07712906117627992,2,1,0,-2.0,-1.0,1.0,2.0,11.0,1.0,2.0,3.0,1.0,0.0,0.0,0.3142857142857143,0.0,0.0,0.2857142857142857,0.043478260869565216,0.0,0.3333333333333333,0.6666666666666666,0.6666666666666666,0.6666666666666666,0.3333333333333333,0.6666666666666666,1.0,1.0,1.0,0,0,results/mssp_adversarial/ds02/matched_delay/matched_false_flag_comparisons.csv,,,,,,,,,,,,
ds02,isolation_forest,0,0.02,phase_conditioned,not_exceeding,0.2,76,True,0.19736842105263158,0.19736842105263158,0.0,0.07712906117627992,0.07893018264543566,0.050905759020366814,0.0558299408744192,2,1,0,-2.0,-1.0,1.0,2.0,8.0,1.0,2.0,3.0,1.0,0.0,0.05555555555555555,0.37142857142857144,0.043478260869565216,0.05555555555555555,0.37142857142857144,0.043478260869565216,0.0,0.3333333333333333,0.6666666666666666,0.6666666666666666,1.0,0.3333333333333333,0.6666666666666666,1.0,1.0,1.0,0,0,results/mssp_adversarial/ds02/matched_delay/matched_false_flag_comparisons.csv,,,,,,,,,,,,
ds02,isolation_forest,0,0.02,causal_regime,nearest,0.025,76,True,0.02631578947368421,0.02631578947368421,0.0,0.169071410347358,0.19872184654880534,0.2745342233838714,0.2745342233838714,3,0,0,-7.0,-6.0,5.0,11.0,11.0,11.0,12.0,7.0,4.0,5.0,0.0,0.05714285714285714,0.0,0.0,0.05714285714285714,0.0,0.0,0.0,0.0,0.0,0.0,0.0,0.0,0.0,0.6666666666666666,1.0,0,0,results/mssp_adversarial/ds02/matched_delay/matched_false_flag_comparisons.csv,,,,,,,,,,,,
ds02,isolation_forest,0,0.02,causal_regime,nearest,0.05,76,True,0.039473684210526314,0.05263157894736842,0.013157894736842105,0.1614433088831602,0.1614433088831602,0.1770599351226898,0.18542591299878522,3,0,0,-8.0,-8.0,3.0,11.0,11.0,5.0,12.0,3.0,1.0,3.0,0.0,0.08571428571428572,0.0,0.0,0.11428571428571428,0.0,0.0,0.0,0.0,0.3333333333333333,0.3333333333333333,0.0,0.3333333333333333,1.0,1.0,1.0,0,0,results/mssp_adversarial/ds02/matched_delay/matched_false_flag_comparisons.csv,,,,,,,,,,,,
ds02,isolation_forest,0,0.02,causal_regime,nearest,0.1,76,True,0.10526315789473684,0.10526315789473684,0.0,0.11958982643749794,0.12238249369681924,0.11158839925077481,0.131157909589685,3,0,0,-8.0,-8.0,1.0,9.0,11.0,5.0,9.0,3.0,1.0,0.0,0.0,0.22857142857142856,0.0,0.0,0.22857142857142856,0.0,0.0,0.0,0.0,0.3333333333333333,0.6666666666666666,0.3333333333333333,0.6666666666666666,1.0,1.0,1.0,0,0,results/mssp_adversarial/ds02/matched_delay/matched_false_flag_comparisons.csv,,,,,,,,,,,,
ds02,isolation_forest,0,0.02,causal_regime,nearest,0.15,76,True,0.14473684210526316,0.14473684210526316,0.0,0.09942457296427418,0.10174634027476064,0.07364918067322965,0.084589857965743,3,0,0,-2.0,-2.0,0.0,2.0,11.0,1.0,2.0,3.0,0.0,0.0,0.0,0.3142857142857143,0.0,0.05555555555555555,0.2857142857142857,0.0,0.0,0.3333333333333333,0.6666666666666666,0.6666666666666666,0.6666666666666666,0.6666666666666666,0.6666666666666666,1.0,1.0,1.0,0,0,results/mssp_adversarial/ds02/matched_delay/matched_false_flag_comparisons.csv,,,,,,,,,,,,
ds02,isolation_forest,0,0.02,causal_regime,nearest,0.2,76,True,0.19736842105263158,0.21052631578947367,0.01315789473684209,0.07712906117627992,0.07893018264543566,0.06562096406767555,0.06872151605431122,3,0,0,-2.0,-2.0,0.0,2.0,8.0,1.0,2.0,3.0,0.0,0.0,0.05555555555555555,0.37142857142857144,0.043478260869565216,0.05555555555555555,0.42857142857142855,0.0,0.0,0.3333333333333333,0.6666666666666666,0.6666666666666666,1.0,0.6666666666666666,0.6666666666666666,1.0,1.0,1.0,0,0,results/mssp_adversarial/ds02/matched_delay/matched_false_flag_comparisons.csv,,,,,,,,,,,,
ds02,isolation_forest,0,0.02,causal_regime,not_exceeding,0.025,76,True,0.013157894736842105,0.013157894736842105,0.0,0.20336240846866724,0.21794447537529835,0.28094515949814064,0.2875058040944877,3,0,0,-7.0,-6.0,5.0,11.0,11.0,11.0,12.0,7.0,4.0,5.0,0.0,0.02857142857142857,0.0,0.0,0.02857142857142857,0.0,0.0,0.0,0.0,0.0,0.0,0.0,0.0,0.0,0.6666666666666666,1.0,0,0,results/mssp_adversarial/ds02/matched_delay/matched_false_flag_comparisons.csv,,,,,,,,,,,,
ds02,isolation_forest,0,0.02,causal_regime,not_exceeding,0.05,76,True,0.039473684210526314,0.039473684210526314,0.0,0.1614433088831602,0.1614433088831602,0.2446082935796798,0.2682695795279725,3,0,0,-4.0,-7.0,4.0,11.0,11.0,5.0,12.0,7.0,4.0,3.0,0.0,0.08571428571428572,0.0,0.0,0.08571428571428572,0.0,0.0,0.0,0.0,0.3333333333333333,0.3333333333333333,0.0,0.0,0.3333333333333333,0.6666666666666666,1.0,0,0,results/mssp_adversarial/ds02/matched_delay/matched_false_flag_comparisons.csv,,,,,,,,,,,,
ds02,isolation_forest,0,0.02,causal_regime,not_exceeding,0.1,76,True,0.09210526315789473,0.09210526315789473,0.0,0.1252403754535072,0.12816499459957584,0.1342207152716012,0.13735504373605123,3,0,0,-8.0,-8.0,1.0,9.0,11.0,5.0,9.0,3.0,1.0,0.0,0.0,0.2,0.0,0.0,0.2,0.0,0.0,0.0,0.0,0.3333333333333333,0.6666666666666666,0.3333333333333333,0.6666666666666666,1.0,1.0,1.0,0,0,results/mssp_adversarial/ds02/matched_delay/matched_false_flag_comparisons.csv,,,,,,,,,,,,
ds02,isolation_forest,0,0.02,causal_regime,not_exceeding,0.15,76,True,0.14473684210526316,0.14473684210526316,0.0,0.09942457296427418,0.10174634027476064,0.07364918067322965,0.084589857965743,3,0,0,-2.0,-2.0,0.0,2.0,11.0,1.0,2.0,3.0,0.0,0.0,0.0,0.3142857142857143,0.0,0.05555555555555555,0.2857142857142857,0.0,0.0,0.3333333333333333,0.6666666666666666,0.6666666666666666,0.6666666666666666,0.6666666666666666,0.6666666666666666,1.0,1.0,1.0,0,0,results/mssp_adversarial/ds02/matched_delay/matched_false_flag_comparisons.csv,,,,,,,,,,,,
ds02,isolation_forest,0,0.02,causal_regime,not_exceeding,0.2,76,False,0.19736842105263158,0.17105263157894737,-0.02631578947368421,0.07712906117627992,0.07893018264543566,0.07196856730011514,0.07196856730011514,3,0,0,-2.0,-2.0,0.0,2.0,8.0,1.0,2.0,3.0,0.0,0.0,0.05555555555555555,0.37142857142857144,0.043478260869565216,0.05555555555555555,0.34285714285714286,0.0,0.0,0.3333333333333333,0.6666666666666666,0.6666666666666666,1.0,0.6666666666666666,0.6666666666666666,1.0,1.0,1.0,0,0,results/mssp_adversarial/ds02/matched_delay/matched_false_flag_comparisons.csv,,,,,,,,,,,,
ds02,isolation_forest,1,0.005,phase_conditioned,nearest,0.025,76,True,0.013157894736842105,0.02631578947368421,0.013157894736842105,0.05209451270253212,0.0558299408744192,0.12816499459957584,0.12816499459957584,3,0,0,-7.0,-9.0,10.0,19.0,19.0,13.0,20.0,10.0,9.0,13.0,0.0,0.02857142857142857,0.0,0.0,0.05714285714285714,0.0,0.0,0.0,0.0,0.0,0.0,0.0,0.0,0.0,0.0,0.6666666666666666,0,0,results/mssp_adversarial/ds02/matched_delay/matched_false_flag_comparisons.csv,,,,,,,,,,,,
ds02,isolation_forest,1,0.005,phase_conditioned,nearest,0.05,76,True,0.05263157894736842,0.05263157894736842,0.0,0.037708660259934516,0.040412553329506,0.06715334791115142,0.06715334791115142,3,0,0,-9.0,-9.0,10.0,19.0,19.0,13.0,20.0,10.0,5.0,11.0,0.05555555555555555,0.08571428571428572,0.0,0.0,0.11428571428571428,0.0,0.0,0.0,0.0,0.0,0.0,0.0,0.0,0.0,0.3333333333333333,0.6666666666666666,0,0,results/mssp_adversarial/ds02/matched_delay/matched_false_flag_comparisons.csv,,,,,,,,,,,,
ds02,isolation_forest,1,0.005,phase_conditioned,nearest,0.1,76,False,0.11842105263157894,0.10526315789473684,-0.013157894736842105,0.017604108438655525,0.018015200408020238,0.030634834526960843,0.03518567725739263,2,0,1,-4.0,-5.0,7.0,12.0,14.0,0.0,12.0,10.0,1.0,7.0,0.05555555555555555,0.22857142857142856,0.0,0.0,0.22857142857142856,0.0,0.3333333333333333,0.3333333333333333,0.3333333333333333,0.3333333333333333,0.3333333333333333,0.0,0.3333333333333333,0.3333333333333333,0.3333333333333333,1.0,0,0,results/mssp_adversarial/ds02/matched_delay/matched_false_flag_comparisons.csv,,,,,,,,,,,,
ds02,isolation_forest,1,0.005,phase_conditioned,nearest,0.15,76,True,0.14473684210526316,0.15789473684210525,0.01315789473684209,0.011890167424419899,0.01216782717410923,0.018435892216414878,0.019306977288832496,0,1,2,3.0,3.0,5.0,2.0,2.0,0.0,2.0,5.0,0.0,7.0,0.05555555555555555,0.2571428571428571,0.043478260869565216,0.05555555555555555,0.3142857142857143,0.0,0.3333333333333333,0.3333333333333333,1.0,1.0,1.0,0.3333333333333333,0.3333333333333333,0.3333333333333333,0.6666666666666666,1.0,0,0,results/mssp_adversarial/ds02/matched_delay/matched_false_flag_comparisons.csv,,,,,,,,,,,,
ds02,isolation_forest,1,0.005,phase_conditioned,nearest,0.2,76,False,0.18421052631578946,0.21052631578947367,0.02631578947368421,0.010116086432495808,0.01059406557118851,0.014635701180190797,0.017202397247935992,0,2,1,0.0,0.0,2.0,2.0,2.0,0.0,2.0,5.0,0.0,2.0,0.1111111111111111,0.2571428571428571,0.13043478260869565,0.05555555555555555,0.42857142857142855,0.0,0.3333333333333333,0.3333333333333333,1.0,1.0,1.0,0.3333333333333333,0.3333333333333333,0.6666666666666666,1.0,1.0,0,0,results/mssp_adversarial/ds02/matched_delay/matched_false_flag_comparisons.csv,,,,,,,,,,,,
ds02,isolation_forest,1,0.005,phase_conditioned,not_exceeding,0.025,76,True,0.013157894736842105,0.013157894736842105,0.0,0.05209451270253212,0.0558299408744192,0.131157909589685,0.131157909589685,3,0,0,-7.0,-9.0,10.0,19.0,19.0,13.0,20.0,10.0,9.0,13.0,0.0,0.02857142857142857,0.0,0.0,0.02857142857142857,0.0,0.0,0.0,0.0,0.0,0.0,0.0,0.0,0.0,0.0,0.6666666666666666,0,0,results/mssp_adversarial/ds02/matched_delay/matched_false_flag_comparisons.csv,,,,,,,,,,,,
ds02,isolation_forest,1,0.005,phase_conditioned,not_exceeding,0.05,76,True,0.039473684210526314,0.039473684210526314,0.0,0.04135626917817706,0.050905759020366814,0.11158839925077481,0.1252403754535072,3,0,0,-8.0,-9.0,10.0,19.0,19.0,13.0,20.0,10.0,9.0,12.0,0.0,0.08571428571428572,0.0,0.0,0.08571428571428572,0.0,0.0,0.0,0.0,0.0,0.0,0.0,0.0,0.0,0.0,0.6666666666666666,0,0,results/mssp_adversarial/ds02/matched_delay/matched_false_flag_comparisons.csv,,,,,,,,,,,,
ds02,isolation_forest,1,0.005,phase_conditioned,not_exceeding,0.1,76,False,0.05263157894736842,0.09210526315789473,0.039473684210526314,0.037708660259934516,0.040412553329506,0.040412553329506,0.046415888336127774,3,0,0,-11.0,-10.0,9.0,19.0,19.0,13.0,20.0,10.0,1.0,9.0,0.05555555555555555,0.08571428571428572,0.0,0.0,0.2,0.0,0.0,0.0,0.0,0.0,0.0,0.0,0.3333333333333333,0.3333333333333333,0.3333333333333333,1.0,0,0,results/mssp_adversarial/ds02/matched_delay/matched_false_flag_comparisons.csv,,,,,,,,,,,,
ds02,isolation_forest,1,0.005,phase_conditioned,not_exceeding,0.15,76,False,0.14473684210526316,0.13157894736842105,-0.013157894736842118,0.011890167424419899,0.01216782717410923,0.020219220618983534,0.020219220618983534,0,1,2,5.0,5.0,7.0,2.0,2.0,0.0,2.0,10.0,0.0,7.0,0.05555555555555555,0.2571428571428571,0.043478260869565216,0.05555555555555555,0.2571428571428571,0.0,0.3333333333333333,0.3333333333333333,1.0,1.0,1.0,0.3333333333333333,0.3333333333333333,0.3333333333333333,0.3333333333333333,1.0,0,0,results/mssp_adversarial/ds02/matched_delay/matched_false_flag_comparisons.csv,,,,,,,,,,,,
ds02,isolation_forest,1,0.005,phase_conditioned,not_exceeding,0.2,76,False,0.18421052631578946,0.18421052631578946,0.0,0.010116086432495808,0.01059406557118851,0.017604108438655525,0.017604108438655525,0,1,2,3.0,3.0,5.0,2.0,2.0,0.0,2.0,5.0,0.0,7.0,0.1111111111111111,0.2571428571428571,0.13043478260869565,0.05555555555555555,0.37142857142857144,0.0,0.3333333333333333,0.3333333333333333,1.0,1.0,1.0,0.3333333333333333,0.3333333333333333,0.3333333333333333,0.6666666666666666,1.0,0,0,results/mssp_adversarial/ds02/matched_delay/matched_false_flag_comparisons.csv,,,,,,,,,,,,
ds02,isolation_forest,1,0.005,causal_regime,nearest,0.025,76,True,0.013157894736842105,0.013157894736842105,0.0,0.05209451270253212,0.0558299408744192,0.1506415800129591,0.1541593692842272,3,0,0,-7.0,-7.0,12.0,19.0,19.0,13.0,20.0,12.0,9.0,12.0,0.0,0.02857142857142857,0.0,0.0,0.02857142857142857,0.0,0.0,0.0,0.0,0.0,0.0,0.0,0.0,0.0,0.0,0.3333333333333333,0,0,results/mssp_adversarial/ds02/matched_delay/matched_false_flag_comparisons.csv,,,,,,,,,,,,
ds02,isolation_forest,1,0.005,causal_regime,nearest,0.05,76,True,0.05263157894736842,0.05263157894736842,0.0,0.037708660259934516,0.040412553329506,0.07536903980898542,0.07712906117627992,3,0,0,-8.0,-8.0,11.0,19.0,19.0,13.0,20.0,11.0,5.0,12.0,0.05555555555555555,0.08571428571428572,0.0,0.0,0.11428571428571428,0.0,0.0,0.0,0.0,0.0,0.0,0.0,0.0,0.0,0.3333333333333333,0.3333333333333333,0,0,results/mssp_adversarial/ds02/matched_delay/matched_false_flag_comparisons.csv,,,,,,,,,,,,
ds02,isolation_forest,1,0.005,causal_regime,nearest,0.1,76,False,0.11842105263157894,0.10526315789473684,-0.013157894736842105,0.017604108438655525,0.018015200408020238,0.06412354795576918,0.06562096406767555,1,1,1,0.0,-2.0,10.0,12.0,14.0,0.0,12.0,10.0,1.0,12.0,0.05555555555555555,0.22857142857142856,0.0,0.05555555555555555,0.2,0.0,0.3333333333333333,0.3333333333333333,0.3333333333333333,0.3333333333333333,0.3333333333333333,0.0,0.3333333333333333,0.3333333333333333,0.3333333333333333,0.6666666666666666,0,0,results/mssp_adversarial/ds02/matched_delay/matched_false_flag_comparisons.csv,,,,,,,,,,,,
ds02,isolation_forest,1,0.005,causal_regime,nearest,0.15,76,True,0.14473684210526316,0.14473684210526316,0.0,0.011890167424419899,0.01216782717410923,0.03283150012563047,0.03518567725739263,0,0,3,5.0,5.0,7.0,2.0,2.0,0.0,2.0,10.0,1.0,7.0,0.05555555555555555,0.2571428571428571,0.043478260869565216,0.05555555555555555,0.2857142857142857,0.0,0.3333333333333333,0.3333333333333333,1.0,1.0,1.0,0.0,0.3333333333333333,0.3333333333333333,0.3333333333333333,1.0,0,0,results/mssp_adversarial/ds02/matched_delay/matched_false_flag_comparisons.csv,,,,,,,,,,,,
ds02,isolation_forest,1,0.005,causal_regime,nearest,0.2,76,False,0.18421052631578946,0.21052631578947367,0.02631578947368421,0.010116086432495808,0.01059406557118851,0.02606394198314347,0.02606394198314347,1,1,1,0.0,-2.0,0.0,2.0,2.0,0.0,2.0,10.0,0.0,0.0,0.1111111111111111,0.2571428571428571,0.13043478260869565,0.05555555555555555,0.42857142857142855,0.0,0.3333333333333333,0.3333333333333333,1.0,1.0,1.0,0.6666666666666666,0.6666666666666666,0.6666666666666666,0.6666666666666666,1.0,0,0,results/mssp_adversarial/ds02/matched_delay/matched_false_flag_comparisons.csv,,,,,,,,,,,,
ds02,isolation_forest,1,0.005,causal_regime,not_exceeding,0.025,76,True,0.013157894736842105,0.013157894736842105,0.0,0.05209451270253212,0.0558299408744192,0.1506415800129591,0.1541593692842272,3,0,0,-7.0,-7.0,12.0,19.0,19.0,13.0,20.0,12.0,9.0,12.0,0.0,0.02857142857142857,0.0,0.0,0.02857142857142857,0.0,0.0,0.0,0.0,0.0,0.0,0.0,0.0,0.0,0.0,0.3333333333333333,0,0,results/mssp_adversarial/ds02/matched_delay/matched_false_flag_comparisons.csv,,,,,,,,,,,,
ds02,isolation_forest,1,0.005,causal_regime,not_exceeding,0.05,76,True,0.039473684210526314,0.039473684210526314,0.0,0.04135626917817706,0.050905759020366814,0.11686088553466509,0.14384498882876628,3,0,0,-8.0,-8.0,11.0,19.0,19.0,13.0,20.0,11.0,9.0,12.0,0.0,0.08571428571428572,0.0,0.0,0.08571428571428572,0.0,0.0,0.0,0.0,0.0,0.0,0.0,0.0,0.0,0.0,0.3333333333333333,0,0,results/mssp_adversarial/ds02/matched_delay/matched_false_flag_comparisons.csv,,,,,,,,,,,,
ds02,isolation_forest,1,0.005,causal_regime,not_exceeding,0.1,76,False,0.05263157894736842,0.09210526315789473,0.039473684210526314,0.037708660259934516,0.040412553329506,0.06715334791115142,0.06872151605431122,3,0,0,-9.0,-9.0,10.0,19.0,19.0,13.0,20.0,10.0,1.0,12.0,0.05555555555555555,0.08571428571428572,0.0,0.0,0.2,0.0,0.0,0.0,0.0,0.0,0.0,0.0,0.3333333333333333,0.3333333333333333,0.3333333333333333,0.6666666666666666,0,0,results/mssp_adversarial/ds02/matched_delay/matched_false_flag_comparisons.csv,,,,,,,,,,,,
ds02,isolation_forest,1,0.005,causal_regime,not_exceeding,0.15,76,True,0.14473684210526316,0.14473684210526316,0.0,0.011890167424419899,0.01216782717410923,0.03283150012563047,0.03518567725739263,0,0,3,5.0,5.0,7.0,2.0,2.0,0.0,2.0,10.0,1.0,7.0,0.05555555555555555,0.2571428571428571,0.043478260869565216,0.05555555555555555,0.2857142857142857,0.0,0.3333333333333333,0.3333333333333333,1.0,1.0,1.0,0.0,0.3333333333333333,0.3333333333333333,0.3333333333333333,1.0,0,0,results/mssp_adversarial/ds02/matched_delay/matched_false_flag_comparisons.csv,,,,,,,,,,,,
ds02,isolation_forest,1,0.005,causal_regime,not_exceeding,0.2,76,False,0.18421052631578946,0.18421052631578946,0.0,0.010116086432495808,0.01059406557118851,0.026672588383874055,0.027295447924020073,1,1,1,0.0,-2.0,0.0,2.0,2.0,0.0,2.0,10.0,0.0,0.0,0.1111111111111111,0.2571428571428571,0.13043478260869565,0.05555555555555555,0.37142857142857144,0.0,0.3333333333333333,0.3333333333333333,1.0,1.0,1.0,0.6666666666666666,0.6666666666666666,0.6666666666666666,0.6666666666666666,1.0,0,0,results/mssp_adversarial/ds02/matched_delay/matched_false_flag_comparisons.csv,,,,,,,,,,,,
ds02,isolation_forest,1,0.01,phase_conditioned,nearest,0.025,76,True,0.013157894736842105,0.013157894736842105,0.0,0.10655379505623053,0.11419421680558647,0.18119464706671223,0.18542591299878522,3,0,0,-7.0,-10.0,5.0,15.0,15.0,11.0,16.0,8.0,4.0,5.0,0.0,0.02857142857142857,0.0,0.0,0.02857142857142857,0.0,0.0,0.0,0.0,0.0,0.0,0.0,0.0,0.0,0.6666666666666666,1.0,0,0,results/mssp_adversarial/ds02/matched_delay/matched_false_flag_comparisons.csv,,,,,,,,,,,,
ds02,isolation_forest,1,0.01,phase_conditioned,nearest,0.05,76,True,0.05263157894736842,0.05263157894736842,0.0,0.09065535934216358,0.0927723475631406,0.12238249369681924,0.1342207152716012,3,0,0,-7.0,-7.0,5.0,12.0,13.0,11.0,12.0,8.0,4.0,5.0,0.0,0.11428571428571428,0.0,0.0,0.11428571428571428,0.0,0.0,0.0,0.0,0.0,0.0,0.0,0.0,0.0,0.6666666666666666,1.0,0,0,results/mssp_adversarial/ds02/matched_delay/matched_false_flag_comparisons.csv,,,,,,,,,,,,
ds02,isolation_forest,1,0.01,phase_conditioned,nearest,0.1,76,True,0.10526315789473684,0.10526315789473684,0.0,0.032082312454210775,0.03438276921143307,0.042322022723792756,0.07712906117627992,2,1,0,-5.0,-3.0,3.0,6.0,3.0,6.0,12.0,3.0,1.0,3.0,0.05555555555555555,0.17142857142857143,0.043478260869565216,0.0,0.22857142857142856,0.0,0.0,0.0,0.3333333333333333,0.3333333333333333,0.6666666666666666,0.0,0.3333333333333333,1.0,1.0,1.0,0,0,results/mssp_adversarial/ds02/matched_delay/matched_false_flag_comparisons.csv,,,,,,,,,,,,
ds02,isolation_forest,1,0.01,phase_conditioned,nearest,0.15,76,True,0.14473684210526316,0.14473684210526316,0.0,0.024320075132679475,0.0254691843897454,0.030634834526960843,0.030634834526960843,2,1,0,-2.0,-2.0,1.0,3.0,3.0,5.0,2.0,3.0,1.0,0.0,0.05555555555555555,0.2,0.13043478260869565,0.05555555555555555,0.2571428571428571,0.043478260869565216,0.0,0.0,0.6666666666666666,1.0,1.0,0.3333333333333333,0.6666666666666666,1.0,1.0,1.0,0,0,results/mssp_adversarial/ds02/matched_delay/matched_false_flag_comparisons.csv,,,,,,,,,,,,
ds02,isolation_forest,1,0.01,phase_conditioned,nearest,0.2,76,True,0.19736842105263158,0.19736842105263158,0.0,0.02166903639411181,0.02269288562880081,0.024887998672586672,0.0254691843897454,2,1,0,-2.0,-2.0,1.0,3.0,3.0,4.0,2.0,3.0,1.0,0.0,0.05555555555555555,0.2571428571428571,0.21739130434782608,0.05555555555555555,0.37142857142857144,0.043478260869565216,0.0,0.0,0.6666666666666666,1.0,1.0,0.3333333333333333,0.6666666666666666,1.0,1.0,1.0,0,0,results/mssp_adversarial/ds02/matched_delay/matched_false_flag_comparisons.csv,,,,,,,,,,,,
ds02,isolation_forest,1,0.01,phase_conditioned,not_exceeding,0.025,76,True,0.013157894736842105,0.013157894736842105,0.0,0.10655379505623053,0.11419421680558647,0.18119464706671223,0.18542591299878522,3,0,0,-7.0,-10.0,5.0,15.0,15.0,11.0,16.0,8.0,4.0,5.0,0.0,0.02857142857142857,0.0,0.0,0.02857142857142857,0.0,0.0,0.0,0.0,0.0,0.0,0.0,0.0,0.0,0.6666666666666666,1.0,0,0,results/mssp_adversarial/ds02/matched_delay/matched_false_flag_comparisons.csv,,,,,,,,,,,,
ds02,isolation_forest,1,0.01,phase_conditioned,not_exceeding,0.05,76,True,0.039473684210526314,0.039473684210526314,0.0,0.09942457296427418,0.10412232560483044,0.14720406378260012,0.1770599351226898,3,0,0,-7.0,-8.0,5.0,13.0,13.0,11.0,16.0,8.0,4.0,5.0,0.0,0.08571428571428572,0.0,0.0,0.08571428571428572,0.0,0.0,0.0,0.0,0.0,0.0,0.0,0.0,0.0,0.6666666666666666,1.0,0,0,results/mssp_adversarial/ds02/matched_delay/matched_false_flag_comparisons.csv,,,,,,,,,,,,
ds02,isolation_forest,1,0.01,phase_conditioned,not_exceeding,0.1,76,True,0.09210526315789473,0.09210526315789473,0.0,0.04331032859169001,0.046415888336127774,0.07893018264543566,0.08265958738801812,3,0,0,-9.0,-9.0,3.0,12.0,13.0,10.0,12.0,3.0,1.0,3.0,0.05555555555555555,0.14285714285714285,0.043478260869565216,0.0,0.2,0.0,0.0,0.0,0.0,0.0,0.3333333333333333,0.0,0.3333333333333333,1.0,1.0,1.0,0,0,results/mssp_adversarial/ds02/matched_delay/matched_false_flag_comparisons.csv,,,,,,,,,,,,
ds02,isolation_forest,1,0.01,phase_conditioned,not_exceeding,0.15,76,True,0.14473684210526316,0.14473684210526316,0.0,0.024320075132679475,0.0254691843897454,0.030634834526960843,0.030634834526960843,2,1,0,-2.0,-2.0,1.0,3.0,3.0,5.0,2.0,3.0,1.0,0.0,0.05555555555555555,0.2,0.13043478260869565,0.05555555555555555,0.2571428571428571,0.043478260869565216,0.0,0.0,0.6666666666666666,1.0,1.0,0.3333333333333333,0.6666666666666666,1.0,1.0,1.0,0,0,results/mssp_adversarial/ds02/matched_delay/matched_false_flag_comparisons.csv,,,,,,,,,,,,
ds02,isolation_forest,1,0.01,phase_conditioned,not_exceeding,0.2,76,True,0.19736842105263158,0.19736842105263158,0.0,0.02166903639411181,0.02269288562880081,0.024887998672586672,0.0254691843897454,2,1,0,-2.0,-2.0,1.0,3.0,3.0,4.0,2.0,3.0,1.0,0.0,0.05555555555555555,0.2571428571428571,0.21739130434782608,0.05555555555555555,0.37142857142857144,0.043478260869565216,0.0,0.0,0.6666666666666666,1.0,1.0,0.3333333333333333,0.6666666666666666,1.0,1.0,1.0,0,0,results/mssp_adversarial/ds02/matched_delay/matched_false_flag_comparisons.csv,,,,,,,,,,,,
ds02,isolation_forest,1,0.01,causal_regime,nearest,0.025,76,True,0.013157894736842105,0.013157894736842105,0.0,0.10655379505623053,0.11419421680558647,0.20336240846866724,0.21297116275234781,3,0,0,-8.0,-10.0,5.0,15.0,15.0,11.0,16.0,7.0,4.0,5.0,0.0,0.02857142857142857,0.0,0.0,0.02857142857142857,0.0,0.0,0.0,0.0,0.0,0.0,0.0,0.0,0.0,0.6666666666666666,1.0,0,0,results/mssp_adversarial/ds02/matched_delay/matched_false_flag_comparisons.csv,,,,,,,,,,,,
ds02,isolation_forest,1,0.01,causal_regime,nearest,0.05,76,True,0.05263157894736842,0.05263157894736842,0.0,0.09065535934216358,0.0927723475631406,0.10655379505623053,0.1405625651864215,3,0,0,-7.0,-7.0,5.0,12.0,13.0,11.0,12.0,7.0,4.0,5.0,0.0,0.11428571428571428,0.0,0.0,0.11428571428571428,0.0,0.0,0.0,0.0,0.0,0.0,0.0,0.0,0.0,0.6666666666666666,1.0,0,0,results/mssp_adversarial/ds02/matched_delay/matched_false_flag_comparisons.csv,,,,,,,,,,,,
ds02,isolation_forest,1,0.01,causal_regime,nearest,0.1,76,True,0.10526315789473684,0.10526315789473684,0.0,0.032082312454210775,0.03438276921143307,0.07712906117627992,0.08265958738801812,2,1,0,-5.0,-3.0,3.0,6.0,3.0,6.0,12.0,3.0,1.0,3.0,0.05555555555555555,0.17142857142857143,0.043478260869565216,0.0,0.22857142857142856,0.0,0.0,0.0,0.3333333333333333,0.3333333333333333,0.6666666666666666,0.0,0.3333333333333333,1.0,1.0,1.0,0,0,results/mssp_adversarial/ds02/matched_delay/matched_false_flag_comparisons.csv,,,,,,,,,,,,
ds02,isolation_forest,1,0.01,causal_regime,nearest,0.15,76,True,0.14473684210526316,0.15789473684210525,0.01315789473684209,0.024320075132679475,0.0254691843897454,0.057133684283155795,0.057133684283155795,2,1,0,-2.0,-3.0,0.0,3.0,3.0,5.0,2.0,3.0,0.0,0.0,0.05555555555555555,0.2,0.13043478260869565,0.05555555555555555,0.3142857142857143,0.0,0.0,0.0,0.6666666666666666,1.0,1.0,0.6666666666666666,0.6666666666666666,1.0,1.0,1.0,0,0,results/mssp_adversarial/ds02/matched_delay/matched_false_flag_comparisons.csv,,,,,,,,,,,,
ds02,isolation_forest,1,0.01,causal_regime,nearest,0.2,76,True,0.19736842105263158,0.19736842105263158,0.0,0.02166903639411181,0.02269288562880081,0.03858923467029903,0.04331032859169001,2,1,0,-2.0,-3.0,0.0,3.0,3.0,4.0,2.0,3.0,0.0,0.0,0.05555555555555555,0.2571428571428571,0.21739130434782608,0.05555555555555555,0.4,0.0,0.0,0.0,0.6666666666666666,1.0,1.0,0.6666666666666666,0.6666666666666666,1.0,1.0,1.0,0,0,results/mssp_adversarial/ds02/matched_delay/matched_false_flag_comparisons.csv,,,,,,,,,,,,
ds02,isolation_forest,1,0.01,causal_regime,not_exceeding,0.025,76,True,0.013157894736842105,0.013157894736842105,0.0,0.10655379505623053,0.11419421680558647,0.20336240846866724,0.21297116275234781,3,0,0,-8.0,-10.0,5.0,15.0,15.0,11.0,16.0,7.0,4.0,5.0,0.0,0.02857142857142857,0.0,0.0,0.02857142857142857,0.0,0.0,0.0,0.0,0.0,0.0,0.0,0.0,0.0,0.6666666666666666,1.0,0,0,results/mssp_adversarial/ds02/matched_delay/matched_false_flag_comparisons.csv,,,,,,,,,,,,
ds02,isolation_forest,1,0.01,causal_regime,not_exceeding,0.05,76,True,0.039473684210526314,0.039473684210526314,0.0,0.09942457296427418,0.10412232560483044,0.15775930613623615,0.19872184654880534,3,0,0,-7.0,-8.0,5.0,13.0,13.0,11.0,16.0,7.0,4.0,5.0,0.0,0.08571428571428572,0.0,0.0,0.08571428571428572,0.0,0.0,0.0,0.0,0.0,0.0,0.0,0.0,0.0,0.6666666666666666,1.0,0,0,results/mssp_adversarial/ds02/matched_delay/matched_false_flag_comparisons.csv,,,,,,,,,,,,
ds02,isolation_forest,1,0.01,causal_regime,not_exceeding,0.1,76,True,0.09210526315789473,0.09210526315789473,0.0,0.04331032859169001,0.046415888336127774,0.084589857965743,0.084589857965743,3,0,0,-9.0,-9.0,3.0,12.0,13.0,10.0,12.0,3.0,1.0,3.0,0.05555555555555555,0.14285714285714285,0.043478260869565216,0.0,0.2,0.0,0.0,0.0,0.0,0.0,0.3333333333333333,0.0,0.3333333333333333,1.0,1.0,1.0,0,0,results/mssp_adversarial/ds02/matched_delay/matched_false_flag_comparisons.csv,,,,,,,,,,,,
ds02,isolation_forest,1,0.01,causal_regime,not_exceeding,0.15,76,False,0.14473684210526316,0.13157894736842105,-0.013157894736842118,0.024320075132679475,0.0254691843897454,0.05846787276937589,0.05846787276937589,2,1,0,-2.0,-3.0,0.0,3.0,3.0,5.0,2.0,3.0,0.0,0.0,0.05555555555555555,0.2,0.13043478260869565,0.05555555555555555,0.2571428571428571,0.0,0.0,0.0,0.6666666666666666,1.0,1.0,0.6666666666666666,0.6666666666666666,1.0,1.0,1.0,0,0,results/mssp_adversarial/ds02/matched_delay/matched_false_flag_comparisons.csv,,,,,,,,,,,,
ds02,isolation_forest,1,0.01,causal_regime,not_exceeding,0.2,76,True,0.19736842105263158,0.19736842105263158,0.0,0.02166903639411181,0.02269288562880081,0.03858923467029903,0.04331032859169001,2,1,0,-2.0,-3.0,0.0,3.0,3.0,4.0,2.0,3.0,0.0,0.0,0.05555555555555555,0.2571428571428571,0.21739130434782608,0.05555555555555555,0.4,0.0,0.0,0.0,0.6666666666666666,1.0,1.0,0.6666666666666666,0.6666666666666666,1.0,1.0,1.0,0,0,results/mssp_adversarial/ds02/matched_delay/matched_false_flag_comparisons.csv,,,,,,,,,,,,
ds02,isolation_forest,1,0.02,phase_conditioned,nearest,0.025,76,True,0.02631578947368421,0.013157894736842105,-0.013157894736842105,0.16521334063573684,0.18975598765218504,0.21794447537529835,0.23902653468423893,3,0,0,-7.0,-6.0,5.0,11.0,11.0,11.0,12.0,7.0,4.0,5.0,0.0,0.05714285714285714,0.0,0.0,0.02857142857142857,0.0,0.0,0.0,0.0,0.0,0.0,0.0,0.0,0.0,0.6666666666666666,1.0,0,0,results/mssp_adversarial/ds02/matched_delay/matched_false_flag_comparisons.csv,,,,,,,,,,,,
ds02,isolation_forest,1,0.02,phase_conditioned,nearest,0.05,76,True,0.05263157894736842,0.05263157894736842,0.0,0.1506415800129591,0.1506415800129591,0.1614433088831602,0.18975598765218504,3,0,0,-7.0,-7.0,4.0,11.0,11.0,11.0,12.0,3.0,4.0,5.0,0.0,0.11428571428571428,0.0,0.0,0.11428571428571428,0.0,0.0,0.0,0.0,0.0,0.0,0.0,0.0,0.3333333333333333,1.0,1.0,0,0,results/mssp_adversarial/ds02/matched_delay/matched_false_flag_comparisons.csv,,,,,,,,,,,,
ds02,isolation_forest,1,0.02,phase_conditioned,nearest,0.1,76,True,0.10526315789473684,0.09210526315789473,-0.013157894736842105,0.10412232560483044,0.10904204429677526,0.0949387717927582,0.10174634027476064,3,0,0,-8.0,-10.0,1.0,11.0,11.0,5.0,12.0,3.0,1.0,0.0,0.0,0.22857142857142856,0.0,0.0,0.2,0.0,0.0,0.0,0.0,0.3333333333333333,0.3333333333333333,0.3333333333333333,0.6666666666666666,1.0,1.0,1.0,0,0,results/mssp_adversarial/ds02/matched_delay/matched_false_flag_comparisons.csv,,,,,,,,,,,,
ds02,isolation_forest,1,0.02,phase_conditioned,nearest,0.15,76,True,0.14473684210526316,0.14473684210526316,0.0,0.08077336398796711,0.08077336398796711,0.07032630413380643,0.08656520431290936,2,1,0,-3.0,-2.0,1.0,3.0,11.0,1.0,3.0,3.0,1.0,0.0,0.0,0.2857142857142857,0.043478260869565216,0.0,0.3142857142857143,0.0,0.0,0.3333333333333333,0.6666666666666666,0.6666666666666666,0.6666666666666666,0.3333333333333333,0.6666666666666666,1.0,1.0,1.0,0,0,results/mssp_adversarial/ds02/matched_delay/matched_false_flag_comparisons.csv,,,,,,,,,,,,
ds02,isolation_forest,1,0.02,phase_conditioned,nearest,0.2,76,True,0.21052631578947367,0.19736842105263158,-0.01315789473684209,0.06715334791115142,0.07032630413380643,0.049744131713774516,0.05455594781168514,2,1,0,-2.0,-1.0,1.0,2.0,8.0,1.0,2.0,3.0,1.0,0.0,0.05555555555555555,0.4,0.043478260869565216,0.05555555555555555,0.34285714285714286,0.08695652173913043,0.0,0.3333333333333333,0.6666666666666666,0.6666666666666666,1.0,0.3333333333333333,0.6666666666666666,1.0,1.0,1.0,0,0,results/mssp_adversarial/ds02/matched_delay/matched_false_flag_comparisons.csv,,,,,,,,,,,,
ds02,isolation_forest,1,0.02,phase_conditioned,not_exceeding,0.025,76,True,0.013157894736842105,0.013157894736842105,0.0,0.19872184654880534,0.19872184654880534,0.21794447537529835,0.23902653468423893,3,0,0,-7.0,-7.0,5.0,12.0,12.0,11.0,12.0,7.0,4.0,5.0,0.0,0.02857142857142857,0.0,0.0,0.02857142857142857,0.0,0.0,0.0,0.0,0.0,0.0,0.0,0.0,0.0,0.6666666666666666,1.0,0,0,results/mssp_adversarial/ds02/matched_delay/matched_false_flag_comparisons.csv,,,,,,,,,,,,
ds02,isolation_forest,1,0.02,phase_conditioned,not_exceeding,0.05,76,True,0.039473684210526314,0.039473684210526314,0.0,0.1541593692842272,0.1614433088831602,0.20336240846866724,0.21297116275234781,3,0,0,-7.0,-6.0,5.0,11.0,11.0,11.0,12.0,7.0,4.0,5.0,0.0,0.08571428571428572,0.0,0.0,0.08571428571428572,0.0,0.0,0.0,0.0,0.0,0.0,0.0,0.0,0.0,0.6666666666666666,1.0,0,0,results/mssp_adversarial/ds02/matched_delay/matched_false_flag_comparisons.csv,,,,,,,,,,,,
ds02,isolation_forest,1,0.02,phase_conditioned,not_exceeding,0.1,76,True,0.09210526315789473,0.09210526315789473,0.0,0.13735504373605123,0.13735504373605123,0.0949387717927582,0.10174634027476064,3,0,0,-10.0,-10.0,1.0,11.0,11.0,11.0,12.0,3.0,1.0,0.0,0.0,0.2,0.0,0.0,0.2,0.0,0.0,0.0,0.0,0.0,0.0,0.3333333333333333,0.6666666666666666,1.0,1.0,1.0,0,0,results/mssp_adversarial/ds02/matched_delay/matched_false_flag_comparisons.csv,,,,,,,,,,,,
ds02,isolation_forest,1,0.02,phase_conditioned,not_exceeding,0.15,76,True,0.14473684210526316,0.14473684210526316,0.0,0.08077336398796711,0.08077336398796711,0.07032630413380643,0.08656520431290936,2,1,0,-3.0,-2.0,1.0,3.0,11.0,1.0,3.0,3.0,1.0,0.0,0.0,0.2857142857142857,0.043478260869565216,0.0,0.3142857142857143,0.0,0.0,0.3333333333333333,0.6666666666666666,0.6666666666666666,0.6666666666666666,0.3333333333333333,0.6666666666666666,1.0,1.0,1.0,0,0,results/mssp_adversarial/ds02/matched_delay/matched_false_flag_comparisons.csv,,,,,,,,,,,,
ds02,isolation_forest,1,0.02,phase_conditioned,not_exceeding,0.2,76,False,0.18421052631578946,0.19736842105263158,0.013157894736842118,0.07196856730011514,0.07196856730011514,0.049744131713774516,0.05455594781168514,2,1,0,-2.0,-1.0,1.0,2.0,8.0,1.0,2.0,3.0,1.0,0.0,0.05555555555555555,0.34285714285714286,0.043478260869565216,0.05555555555555555,0.34285714285714286,0.08695652173913043,0.0,0.3333333333333333,0.6666666666666666,0.6666666666666666,1.0,0.3333333333333333,0.6666666666666666,1.0,1.0,1.0,0,0,results/mssp_adversarial/ds02/matched_delay/matched_false_flag_comparisons.csv,,,,,,,,,,,,
ds02,isolation_forest,1,0.02,causal_regime,nearest,0.025,76,True,0.02631578947368421,0.02631578947368421,0.0,0.16521334063573684,0.18975598765218504,0.2682695795279725,0.2682695795279725,3,0,0,-7.0,-6.0,5.0,11.0,11.0,11.0,12.0,7.0,4.0,5.0,0.0,0.05714285714285714,0.0,0.0,0.05714285714285714,0.0,0.0,0.0,0.0,0.0,0.0,0.0,0.0,0.0,0.6666666666666666,1.0,0,0,results/mssp_adversarial/ds02/matched_delay/matched_false_flag_comparisons.csv,,,,,,,,,,,,
ds02,isolation_forest,1,0.02,causal_regime,nearest,0.05,76,True,0.05263157894736842,0.05263157894736842,0.0,0.1506415800129591,0.1506415800129591,0.1770599351226898,0.1770599351226898,3,0,0,-7.0,-7.0,4.0,11.0,11.0,11.0,12.0,3.0,4.0,5.0,0.0,0.11428571428571428,0.0,0.0,0.11428571428571428,0.0,0.0,0.0,0.0,0.0,0.0,0.0,0.0,0.3333333333333333,1.0,1.0,0,0,results/mssp_adversarial/ds02/matched_delay/matched_false_flag_comparisons.csv,,,,,,,,,,,,
ds02,isolation_forest,1,0.02,causal_regime,nearest,0.1,76,True,0.10526315789473684,0.10526315789473684,0.0,0.10412232560483044,0.10904204429677526,0.10412232560483044,0.11158839925077481,3,0,0,-8.0,-10.0,1.0,11.0,11.0,5.0,12.0,3.0,1.0,0.0,0.0,0.22857142857142856,0.0,0.0,0.22857142857142856,0.0,0.0,0.0,0.0,0.3333333333333333,0.3333333333333333,0.3333333333333333,0.6666666666666666,1.0,1.0,1.0,0,0,results/mssp_adversarial/ds02/matched_delay/matched_false_flag_comparisons.csv,,,,,,,,,,,,
ds02,isolation_forest,1,0.02,causal_regime,nearest,0.15,76,True,0.14473684210526316,0.14473684210526316,0.0,0.08077336398796711,0.08077336398796711,0.07032630413380643,0.07196856730011514,3,0,0,-3.0,-3.0,0.0,3.0,11.0,1.0,3.0,3.0,0.0,0.0,0.0,0.2857142857142857,0.043478260869565216,0.05555555555555555,0.2857142857142857,0.0,0.0,0.3333333333333333,0.6666666666666666,0.6666666666666666,0.6666666666666666,0.6666666666666666,0.6666666666666666,1.0,1.0,1.0,0,0,results/mssp_adversarial/ds02/matched_delay/matched_false_flag_comparisons.csv,,,,,,,,,,,,
ds02,isolation_forest,1,0.02,causal_regime,nearest,0.2,76,True,0.21052631578947367,0.19736842105263158,-0.01315789473684209,0.06715334791115142,0.07032630413380643,0.06715334791115142,0.06715334791115142,3,0,0,-2.0,-2.0,0.0,2.0,8.0,1.0,2.0,3.0,0.0,0.0,0.05555555555555555,0.4,0.043478260869565216,0.05555555555555555,0.4,0.0,0.0,0.3333333333333333,0.6666666666666666,0.6666666666666666,1.0,0.6666666666666666,0.6666666666666666,1.0,1.0,1.0,0,0,results/mssp_adversarial/ds02/matched_delay/matched_false_flag_comparisons.csv,,,,,,,,,,,,
ds02,isolation_forest,1,0.02,causal_regime,not_exceeding,0.025,76,True,0.013157894736842105,0.013157894736842105,0.0,0.19872184654880534,0.19872184654880534,0.2745342233838714,0.2745342233838714,3,0,0,-7.0,-7.0,5.0,12.0,12.0,11.0,12.0,7.0,4.0,5.0,0.0,0.02857142857142857,0.0,0.0,0.02857142857142857,0.0,0.0,0.0,0.0,0.0,0.0,0.0,0.0,0.0,0.6666666666666666,1.0,0,0,results/mssp_adversarial/ds02/matched_delay/matched_false_flag_comparisons.csv,,,,,,,,,,,,
ds02,isolation_forest,1,0.02,causal_regime,not_exceeding,0.05,76,True,0.039473684210526314,0.039473684210526314,0.0,0.1541593692842272,0.1614433088831602,0.19418717841282548,0.2621478896621353,3,0,0,-7.0,-6.0,5.0,11.0,11.0,11.0,12.0,7.0,4.0,5.0,0.0,0.08571428571428572,0.0,0.0,0.08571428571428572,0.0,0.0,0.0,0.0,0.0,0.0,0.0,0.0,0.0,0.6666666666666666,1.0,0,0,results/mssp_adversarial/ds02/matched_delay/matched_false_flag_comparisons.csv,,,,,,,,,,,,
ds02,isolation_forest,1,0.02,causal_regime,not_exceeding,0.1,76,True,0.09210526315789473,0.09210526315789473,0.0,0.13735504373605123,0.13735504373605123,0.11419421680558647,0.11419421680558647,3,0,0,-10.0,-10.0,1.0,11.0,11.0,11.0,12.0,3.0,1.0,0.0,0.0,0.2,0.0,0.0,0.2,0.0,0.0,0.0,0.0,0.0,0.0,0.3333333333333333,0.6666666666666666,1.0,1.0,1.0,0,0,results/mssp_adversarial/ds02/matched_delay/matched_false_flag_comparisons.csv,,,,,,,,,,,,
ds02,isolation_forest,1,0.02,causal_regime,not_exceeding,0.15,76,True,0.14473684210526316,0.14473684210526316,0.0,0.08077336398796711,0.08077336398796711,0.07032630413380643,0.07196856730011514,3,0,0,-3.0,-3.0,0.0,3.0,11.0,1.0,3.0,3.0,0.0,0.0,0.0,0.2857142857142857,0.043478260869565216,0.05555555555555555,0.2857142857142857,0.0,0.0,0.3333333333333333,0.6666666666666666,0.6666666666666666,0.6666666666666666,0.6666666666666666,0.6666666666666666,1.0,1.0,1.0,0,0,results/mssp_adversarial/ds02/matched_delay/matched_false_flag_comparisons.csv,,,,,,,,,,,,
ds02,isolation_forest,1,0.02,causal_regime,not_exceeding,0.2,76,False,0.18421052631578946,0.19736842105263158,0.013157894736842118,0.07196856730011514,0.07196856730011514,0.06715334791115142,0.06715334791115142,3,0,0,-2.0,-2.0,0.0,2.0,8.0,1.0,2.0,3.0,0.0,0.0,0.05555555555555555,0.34285714285714286,0.043478260869565216,0.05555555555555555,0.4,0.0,0.0,0.3333333333333333,0.6666666666666666,0.6666666666666666,1.0,0.6666666666666666,0.6666666666666666,1.0,1.0,1.0,0,0,results/mssp_adversarial/ds02/matched_delay/matched_false_flag_comparisons.csv,,,,,,,,,,,,
ds02,isolation_forest,2,0.005,phase_conditioned,nearest,0.025,76,True,0.013157894736842105,0.02631578947368421,0.013157894736842105,0.040412553329506,0.049744131713774516,0.12238249369681924,0.12238249369681924,3,0,0,-7.0,-6.0,10.0,16.0,17.0,13.0,16.0,10.0,4.0,11.0,0.0,0.02857142857142857,0.0,0.0,0.05714285714285714,0.0,0.0,0.0,0.0,0.0,0.0,0.0,0.0,0.0,0.3333333333333333,0.6666666666666666,0,0,results/mssp_adversarial/ds02/matched_delay/matched_false_flag_comparisons.csv,,,,,,,,,,,,
ds02,isolation_forest,2,0.005,phase_conditioned,nearest,0.05,76,True,0.05263157894736842,0.05263157894736842,0.0,0.03684817982911676,0.03684817982911676,0.06715334791115142,0.06872151605431122,3,0,0,-7.0,-7.0,9.0,16.0,17.0,11.0,16.0,10.0,4.0,9.0,0.05555555555555555,0.08571428571428572,0.0,0.0,0.11428571428571428,0.0,0.0,0.0,0.0,0.0,0.0,0.0,0.0,0.0,0.3333333333333333,1.0,0,0,results/mssp_adversarial/ds02/matched_delay/matched_false_flag_comparisons.csv,,,,,,,,,,,,
ds02,isolation_forest,2,0.005,phase_conditioned,nearest,0.1,76,False,0.11842105263157894,0.10526315789473684,-0.013157894736842105,0.017604108438655525,0.018015200408020238,0.03858923467029903,0.03858923467029903,1,0,2,1.0,5.0,7.0,2.0,14.0,0.0,2.0,10.0,1.0,7.0,0.05555555555555555,0.22857142857142856,0.0,0.0,0.22857142857142856,0.0,0.3333333333333333,0.3333333333333333,0.6666666666666666,0.6666666666666666,0.6666666666666666,0.0,0.3333333333333333,0.3333333333333333,0.3333333333333333,1.0,0,0,results/mssp_adversarial/ds02/matched_delay/matched_false_flag_comparisons.csv,,,,,,,,,,,,
ds02,isolation_forest,2,0.005,phase_conditioned,nearest,0.15,76,True,0.14473684210526316,0.14473684210526316,0.0,0.011353711240885177,0.011618843640511002,0.018435892216414878,0.019306977288832496,0,1,2,1.0,1.0,3.0,2.0,2.0,0.0,2.0,3.0,0.0,7.0,0.05555555555555555,0.22857142857142856,0.08695652173913043,0.0,0.3142857142857143,0.0,0.3333333333333333,0.3333333333333333,1.0,1.0,1.0,0.3333333333333333,0.3333333333333333,0.6666666666666666,0.6666666666666666,1.0,0,0,results/mssp_adversarial/ds02/matched_delay/matched_false_flag_comparisons.csv,,,,,,,,,,,,
ds02,isolation_forest,2,0.005,phase_conditioned,nearest,0.2,76,True,0.19736842105263158,0.19736842105263158,0.0,0.009608423823626193,0.009885245709128281,0.017202397247935992,0.017202397247935992,0,1,2,1.0,1.0,3.0,2.0,2.0,0.0,2.0,3.0,0.0,7.0,0.16666666666666666,0.2571428571428571,0.13043478260869565,0.0,0.42857142857142855,0.0,0.3333333333333333,0.3333333333333333,1.0,1.0,1.0,0.3333333333333333,0.3333333333333333,0.6666666666666666,0.6666666666666666,1.0,0,0,results/mssp_adversarial/ds02/matched_delay/matched_false_flag_comparisons.csv,,,,,,,,,,,,
ds02,isolation_forest,2,0.005,phase_conditioned,not_exceeding,0.025,76,True,0.013157894736842105,0.013157894736842105,0.0,0.040412553329506,0.049744131713774516,0.1252403754535072,0.131157909589685,3,0,0,-7.0,-6.0,10.0,16.0,17.0,13.0,16.0,10.0,4.0,11.0,0.0,0.02857142857142857,0.0,0.0,0.02857142857142857,0.0,0.0,0.0,0.0,0.0,0.0,0.0,0.0,0.0,0.3333333333333333,0.6666666666666666,0,0,results/mssp_adversarial/ds02/matched_delay/matched_false_flag_comparisons.csv,,,,,,,,,,,,
ds02,isolation_forest,2,0.005,phase_conditioned,not_exceeding,0.05,76,True,0.039473684210526314,0.039473684210526314,0.0,0.037708660259934516,0.03858923467029903,0.11686088553466509,0.11958982643749794,3,0,0,-7.0,-6.0,10.0,16.0,17.0,11.0,16.0,10.0,4.0,11.0,0.0,0.08571428571428572,0.0,0.0,0.08571428571428572,0.0,0.0,0.0,0.0,0.0,0.0,0.0,0.0,0.0,0.3333333333333333,0.6666666666666666,0,0,results/mssp_adversarial/ds02/matched_delay/matched_false_flag_comparisons.csv,,,,,,,,,,,,
ds02,isolation_forest,2,0.005,phase_conditioned,not_exceeding,0.1,76,False,0.05263157894736842,0.07894736842105263,0.02631578947368421,0.03684817982911676,0.03684817982911676,0.04535671616408702,0.05846787276937589,3,0,0,-7.0,-7.0,9.0,16.0,17.0,11.0,16.0,10.0,1.0,9.0,0.05555555555555555,0.08571428571428572,0.0,0.0,0.17142857142857143,0.0,0.0,0.0,0.0,0.0,0.0,0.0,0.3333333333333333,0.3333333333333333,0.3333333333333333,1.0,0,0,results/mssp_adversarial/ds02/matched_delay/matched_false_flag_comparisons.csv,,,,,,,,,,,,
ds02,isolation_forest,2,0.005,phase_conditioned,not_exceeding,0.15,76,True,0.14473684210526316,0.14473684210526316,0.0,0.011353711240885177,0.011618843640511002,0.018435892216414878,0.019306977288832496,0,1,2,1.0,1.0,3.0,2.0,2.0,0.0,2.0,3.0,0.0,7.0,0.05555555555555555,0.22857142857142856,0.08695652173913043,0.0,0.3142857142857143,0.0,0.3333333333333333,0.3333333333333333,1.0,1.0,1.0,0.3333333333333333,0.3333333333333333,0.6666666666666666,0.6666666666666666,1.0,0,0,results/mssp_adversarial/ds02/matched_delay/matched_false_flag_comparisons.csv,,,,,,,,,,,,
ds02,isolation_forest,2,0.005,phase_conditioned,not_exceeding,0.2,76,True,0.19736842105263158,0.19736842105263158,0.0,0.009608423823626193,0.009885245709128281,0.017202397247935992,0.017202397247935992,0,1,2,1.0,1.0,3.0,2.0,2.0,0.0,2.0,3.0,0.0,7.0,0.16666666666666666,0.2571428571428571,0.13043478260869565,0.0,0.42857142857142855,0.0,0.3333333333333333,0.3333333333333333,1.0,1.0,1.0,0.3333333333333333,0.3333333333333333,0.6666666666666666,0.6666666666666666,1.0,0,0,results/mssp_adversarial/ds02/matched_delay/matched_false_flag_comparisons.csv,,,,,,,,,,,,
ds02,isolation_forest,2,0.005,causal_regime,nearest,0.025,76,True,0.013157894736842105,0.02631578947368421,0.013157894736842105,0.040412553329506,0.049744131713774516,0.1405625651864215,0.1405625651864215,3,0,0,-4.0,-6.0,10.0,16.0,17.0,13.0,16.0,10.0,9.0,12.0,0.0,0.02857142857142857,0.0,0.0,0.05714285714285714,0.0,0.0,0.0,0.0,0.0,0.0,0.0,0.0,0.0,0.0,0.6666666666666666,0,0,results/mssp_adversarial/ds02/matched_delay/matched_false_flag_comparisons.csv,,,,,,,,,,,,
ds02,isolation_forest,2,0.005,causal_regime,nearest,0.05,76,True,0.05263157894736842,0.05263157894736842,0.0,0.03684817982911676,0.03684817982911676,0.08077336398796711,0.08077336398796711,3,0,0,-6.0,-6.0,10.0,16.0,17.0,11.0,16.0,10.0,5.0,10.0,0.05555555555555555,0.08571428571428572,0.0,0.0,0.11428571428571428,0.0,0.0,0.0,0.0,0.0,0.0,0.0,0.0,0.0,0.3333333333333333,1.0,0,0,results/mssp_adversarial/ds02/matched_delay/matched_false_flag_comparisons.csv,,,,,,,,,,,,
ds02,isolation_forest,2,0.005,causal_regime,nearest,0.1,76,False,0.11842105263157894,0.10526315789473684,-0.013157894736842105,0.017604108438655525,0.018015200408020238,0.06715334791115142,0.06715334791115142,1,0,2,1.0,5.0,7.0,2.0,14.0,0.0,2.0,10.0,1.0,7.0,0.05555555555555555,0.22857142857142856,0.0,0.05555555555555555,0.2,0.0,0.3333333333333333,0.3333333333333333,0.6666666666666666,0.6666666666666666,0.6666666666666666,0.0,0.3333333333333333,0.3333333333333333,0.3333333333333333,1.0,0,0,results/mssp_adversarial/ds02/matched_delay/matched_false_flag_comparisons.csv,,,,,,,,,,,,
ds02,isolation_forest,2,0.005,causal_regime,nearest,0.15,76,True,0.14473684210526316,0.15789473684210525,0.01315789473684209,0.011353711240885177,0.011618843640511002,0.026672588383874055,0.02793285250948253,1,1,1,0.0,-2.0,0.0,2.0,2.0,0.0,2.0,8.0,0.0,0.0,0.05555555555555555,0.22857142857142856,0.08695652173913043,0.05555555555555555,0.3142857142857143,0.0,0.3333333333333333,0.3333333333333333,1.0,1.0,1.0,0.6666666666666666,0.6666666666666666,0.6666666666666666,0.6666666666666666,1.0,0,0,results/mssp_adversarial/ds02/matched_delay/matched_false_flag_comparisons.csv,,,,,,,,,,,,
ds02,isolation_forest,2,0.005,causal_regime,nearest,0.2,76,True,0.19736842105263158,0.19736842105263158,0.0,0.009608423823626193,0.009885245709128281,0.024320075132679475,0.024320075132679475,1,1,1,0.0,-2.0,0.0,2.0,2.0,0.0,2.0,8.0,0.0,0.0,0.16666666666666666,0.2571428571428571,0.13043478260869565,0.05555555555555555,0.4,0.0,0.3333333333333333,0.3333333333333333,1.0,1.0,1.0,0.6666666666666666,0.6666666666666666,0.6666666666666666,0.6666666666666666,1.0,0,0,results/mssp_adversarial/ds02/matched_delay/matched_false_flag_comparisons.csv,,,,,,,,,,,,
ds02,isolation_forest,2,0.005,causal_regime,not_exceeding,0.025,76,True,0.013157894736842105,0.013157894736842105,0.0,0.040412553329506,0.049744131713774516,0.14384498882876628,0.1506415800129591,3,0,0,-4.0,-6.0,10.0,16.0,17.0,13.0,16.0,10.0,9.0,12.0,0.0,0.02857142857142857,0.0,0.0,0.02857142857142857,0.0,0.0,0.0,0.0,0.0,0.0,0.0,0.0,0.0,0.0,0.6666666666666666,0,0,results/mssp_adversarial/ds02/matched_delay/matched_false_flag_comparisons.csv,,,,,,,,,,,,
ds02,isolation_forest,2,0.005,causal_regime,not_exceeding,0.05,76,True,0.039473684210526314,0.039473684210526314,0.0,0.037708660259934516,0.03858923467029903,0.10655379505623053,0.13735504373605123,3,0,0,-4.0,-6.0,10.0,16.0,17.0,11.0,16.0,10.0,9.0,12.0,0.0,0.08571428571428572,0.0,0.0,0.08571428571428572,0.0,0.0,0.0,0.0,0.0,0.0,0.0,0.0,0.0,0.0,0.6666666666666666,0,0,results/mssp_adversarial/ds02/matched_delay/matched_false_flag_comparisons.csv,,,,,,,,,,,,
ds02,isolation_forest,2,0.005,causal_regime,not_exceeding,0.1,76,False,0.05263157894736842,0.09210526315789473,0.039473684210526314,0.03684817982911676,0.03684817982911676,0.06872151605431122,0.06872151605431122,3,0,0,-9.0,-9.0,7.0,16.0,17.0,11.0,16.0,10.0,1.0,7.0,0.05555555555555555,0.08571428571428572,0.0,0.0,0.2,0.0,0.0,0.0,0.0,0.0,0.0,0.0,0.3333333333333333,0.3333333333333333,0.3333333333333333,1.0,0,0,results/mssp_adversarial/ds02/matched_delay/matched_false_flag_comparisons.csv,,,,,,,,,,,,
ds02,isolation_forest,2,0.005,causal_regime,not_exceeding,0.15,76,False,0.14473684210526316,0.13157894736842105,-0.013157894736842118,0.011353711240885177,0.011618843640511002,0.028585141796844713,0.029935772947204904,0,0,3,5.0,5.0,7.0,2.0,2.0,0.0,2.0,10.0,1.0,7.0,0.05555555555555555,0.22857142857142856,0.08695652173913043,0.05555555555555555,0.2571428571428571,0.0,0.3333333333333333,0.3333333333333333,1.0,1.0,1.0,0.0,0.3333333333333333,0.3333333333333333,0.3333333333333333,1.0,0,0,results/mssp_adversarial/ds02/matched_delay/matched_false_flag_comparisons.csv,,,,,,,,,,,,
ds02,isolation_forest,2,0.005,causal_regime,not_exceeding,0.2,76,True,0.19736842105263158,0.19736842105263158,0.0,0.009608423823626193,0.009885245709128281,0.024320075132679475,0.024320075132679475,1,1,1,0.0,-2.0,0.0,2.0,2.0,0.0,2.0,8.0,0.0,0.0,0.16666666666666666,0.2571428571428571,0.13043478260869565,0.05555555555555555,0.4,0.0,0.3333333333333333,0.3333333333333333,1.0,1.0,1.0,0.6666666666666666,0.6666666666666666,0.6666666666666666,0.6666666666666666,1.0,0,0,results/mssp_adversarial/ds02/matched_delay/matched_false_flag_comparisons.csv,,,,,,,,,,,,
ds02,isolation_forest,2,0.01,phase_conditioned,nearest,0.025,76,True,0.02631578947368421,0.013157894736842105,-0.013157894736842105,0.0927723475631406,0.0949387717927582,0.18975598765218504,0.20336240846866724,3,0,0,-7.0,-8.0,5.0,13.0,13.0,11.0,13.0,7.0,4.0,5.0,0.0,0.05714285714285714,0.0,0.0,0.02857142857142857,0.0,0.0,0.0,0.0,0.0,0.0,0.0,0.0,0.0,0.6666666666666666,1.0,0,0,results/mssp_adversarial/ds02/matched_delay/matched_false_flag_comparisons.csv,,,,,,,,,,,,
ds02,isolation_forest,2,0.01,phase_conditioned,nearest,0.05,76,True,0.05263157894736842,0.05263157894736842,0.0,0.08077336398796711,0.084589857965743,0.11419421680558647,0.14384498882876628,3,0,0,-7.0,-8.0,4.0,12.0,13.0,11.0,12.0,3.0,4.0,5.0,0.0,0.11428571428571428,0.0,0.0,0.11428571428571428,0.0,0.0,0.0,0.0,0.0,0.0,0.0,0.0,0.3333333333333333,1.0,1.0,0,0,results/mssp_adversarial/ds02/matched_delay/matched_false_flag_comparisons.csv,,,,,,,,,,,,
ds02,isolation_forest,2,0.01,phase_conditioned,nearest,0.1,76,True,0.10526315789473684,0.10526315789473684,0.0,0.02606394198314347,0.02606394198314347,0.05455594781168514,0.07536903980898542,1,1,1,0.0,0.0,3.0,3.0,3.0,4.0,2.0,3.0,1.0,3.0,0.05555555555555555,0.17142857142857143,0.043478260869565216,0.0,0.22857142857142856,0.0,0.0,0.0,0.6666666666666666,1.0,1.0,0.0,0.3333333333333333,1.0,1.0,1.0,0,0,results/mssp_adversarial/ds02/matched_delay/matched_false_flag_comparisons.csv,,,,,,,,,,,,
ds02,isolation_forest,2,0.01,phase_conditioned,nearest,0.15,76,True,0.14473684210526316,0.14473684210526316,0.0,0.023222810962777247,0.023222810962777247,0.03438276921143307,0.0360073348498562,2,0,1,-1.0,-1.0,1.0,2.0,2.0,2.0,2.0,3.0,1.0,0.0,0.05555555555555555,0.2,0.13043478260869565,0.05555555555555555,0.2571428571428571,0.043478260869565216,0.0,0.0,1.0,1.0,1.0,0.3333333333333333,0.6666666666666666,1.0,1.0,1.0,0,0,results/mssp_adversarial/ds02/matched_delay/matched_false_flag_comparisons.csv,,,,,,,,,,,,
ds02,isolation_forest,2,0.01,phase_conditioned,nearest,0.2,76,True,0.19736842105263158,0.19736842105263158,0.0,0.020219220618983534,0.020219220618983534,0.02606394198314347,0.0300513698630137,1,1,1,0.0,1.0,1.0,0.0,2.0,0.0,0.0,1.0,1.0,0.0,0.05555555555555555,0.2857142857142857,0.17391304347826086,0.05555555555555555,0.37142857142857144,0.043478260869565216,0.6666666666666666,0.6666666666666666,1.0,1.0,1.0,0.3333333333333333,1.0,1.0,1.0,1.0,0,0,results/mssp_adversarial/ds02/matched_delay/matched_false_flag_comparisons.csv,,,,,,,,,,,,
ds02,isolation_forest,2,0.01,phase_conditioned,not_exceeding,0.025,76,True,0.013157894736842105,0.013157894736842105,0.0,0.10174634027476064,0.10174634027476064,0.18975598765218504,0.20336240846866724,3,0,0,-7.0,-8.0,5.0,13.0,13.0,11.0,16.0,7.0,4.0,5.0,0.0,0.02857142857142857,0.0,0.0,0.02857142857142857,0.0,0.0,0.0,0.0,0.0,0.0,0.0,0.0,0.0,0.6666666666666666,1.0,0,0,results/mssp_adversarial/ds02/matched_delay/matched_false_flag_comparisons.csv,,,,,,,,,,,,
ds02,isolation_forest,2,0.01,phase_conditioned,not_exceeding,0.05,76,True,0.039473684210526314,0.039473684210526314,0.0,0.09065535934216358,0.09065535934216358,0.1506415800129591,0.18542591299878522,3,0,0,-7.0,-8.0,5.0,13.0,13.0,11.0,13.0,7.0,4.0,5.0,0.0,0.08571428571428572,0.0,0.0,0.08571428571428572,0.0,0.0,0.0,0.0,0.0,0.0,0.0,0.0,0.0,0.6666666666666666,1.0,0,0,results/mssp_adversarial/ds02/matched_delay/matched_false_flag_comparisons.csv,,,,,,,,,,,,
ds02,isolation_forest,2,0.01,phase_conditioned,not_exceeding,0.1,76,True,0.09210526315789473,0.09210526315789473,0.0,0.030634834526960843,0.030634834526960843,0.07712906117627992,0.08656520431290936,1,1,1,0.0,0.0,3.0,3.0,3.0,4.0,2.0,3.0,1.0,3.0,0.05555555555555555,0.17142857142857143,0.0,0.0,0.2,0.0,0.0,0.0,0.6666666666666666,1.0,1.0,0.0,0.3333333333333333,1.0,1.0,1.0,0,0,results/mssp_adversarial/ds02/matched_delay/matched_false_flag_comparisons.csv,,,,,,,,,,,,
ds02,isolation_forest,2,0.01,phase_conditioned,not_exceeding,0.15,76,True,0.14473684210526316,0.14473684210526316,0.0,0.023222810962777247,0.023222810962777247,0.03438276921143307,0.0360073348498562,2,0,1,-1.0,-1.0,1.0,2.0,2.0,2.0,2.0,3.0,1.0,0.0,0.05555555555555555,0.2,0.13043478260869565,0.05555555555555555,0.2571428571428571,0.043478260869565216,0.0,0.0,1.0,1.0,1.0,0.3333333333333333,0.6666666666666666,1.0,1.0,1.0,0,0,results/mssp_adversarial/ds02/matched_delay/matched_false_flag_comparisons.csv,,,,,,,,,,,,
ds02,isolation_forest,2,0.01,phase_conditioned,not_exceeding,0.2,76,True,0.19736842105263158,0.19736842105263158,0.0,0.020219220618983534,0.020219220618983534,0.02606394198314347,0.0300513698630137,1,1,1,0.0,1.0,1.0,0.0,2.0,0.0,0.0,1.0,1.0,0.0,0.05555555555555555,0.2857142857142857,0.17391304347826086,0.05555555555555555,0.37142857142857144,0.043478260869565216,0.6666666666666666,0.6666666666666666,1.0,1.0,1.0,0.3333333333333333,1.0,1.0,1.0,1.0,0,0,results/mssp_adversarial/ds02/matched_delay/matched_false_flag_comparisons.csv,,,,,,,,,,,,
ds02,isolation_forest,2,0.01,causal_regime,nearest,0.025,76,True,0.02631578947368421,0.013157894736842105,-0.013157894736842105,0.0927723475631406,0.0949387717927582,0.22303392502884964,0.22303392502884964,3,0,0,-7.0,-8.0,5.0,13.0,13.0,11.0,13.0,7.0,4.0,5.0,0.0,0.05714285714285714,0.0,0.0,0.02857142857142857,0.0,0.0,0.0,0.0,0.0,0.0,0.0,0.0,0.0,0.6666666666666666,1.0,0,0,results/mssp_adversarial/ds02/matched_delay/matched_false_flag_comparisons.csv,,,,,,,,,,,,
ds02,isolation_forest,2,0.01,causal_regime,nearest,0.05,76,True,0.05263157894736842,0.05263157894736842,0.0,0.08077336398796711,0.084589857965743,0.13735504373605123,0.14384498882876628,3,0,0,-7.0,-7.0,5.0,12.0,13.0,11.0,12.0,7.0,4.0,5.0,0.0,0.11428571428571428,0.0,0.0,0.11428571428571428,0.0,0.0,0.0,0.0,0.0,0.0,0.0,0.0,0.0,0.6666666666666666,1.0,0,0,results/mssp_adversarial/ds02/matched_delay/matched_false_flag_comparisons.csv,,,,,,,,,,,,
ds02,isolation_forest,2,0.01,causal_regime,nearest,0.1,76,True,0.10526315789473684,0.10526315789473684,0.0,0.02606394198314347,0.02606394198314347,0.07893018264543566,0.07893018264543566,2,1,0,-2.0,-2.0,1.0,3.0,3.0,4.0,2.0,3.0,1.0,0.0,0.05555555555555555,0.17142857142857143,0.043478260869565216,0.0,0.22857142857142856,0.0,0.0,0.0,0.6666666666666666,1.0,1.0,0.3333333333333333,0.6666666666666666,1.0,1.0,1.0,0,0,results/mssp_adversarial/ds02/matched_delay/matched_false_flag_comparisons.csv,,,,,,,,,,,,
ds02,isolation_forest,2,0.01,causal_regime,nearest,0.15,76,True,0.14473684210526316,0.14473684210526316,0.0,0.023222810962777247,0.023222810962777247,0.0558299408744192,0.0558299408744192,2,0,1,-2.0,-2.0,0.0,2.0,2.0,2.0,2.0,3.0,0.0,0.0,0.05555555555555555,0.2,0.13043478260869565,0.05555555555555555,0.2857142857142857,0.0,0.0,0.0,1.0,1.0,1.0,0.6666666666666666,0.6666666666666666,1.0,1.0,1.0,0,0,results/mssp_adversarial/ds02/matched_delay/matched_false_flag_comparisons.csv,,,,,,,,,,,,
ds02,isolation_forest,2,0.01,causal_regime,nearest,0.2,76,True,0.19736842105263158,0.19736842105263158,0.0,0.020219220618983534,0.020219220618983534,0.03949037229576702,0.053311026216670325,0,2,1,0.0,0.0,0.0,0.0,2.0,0.0,0.0,3.0,0.0,0.0,0.05555555555555555,0.2857142857142857,0.17391304347826086,0.05555555555555555,0.4,0.0,0.6666666666666666,0.6666666666666666,1.0,1.0,1.0,0.6666666666666666,0.6666666666666666,1.0,1.0,1.0,0,0,results/mssp_adversarial/ds02/matched_delay/matched_false_flag_comparisons.csv,,,,,,,,,,,,
ds02,isolation_forest,2,0.01,causal_regime,not_exceeding,0.025,76,True,0.013157894736842105,0.013157894736842105,0.0,0.10174634027476064,0.10174634027476064,0.22303392502884964,0.22303392502884964,3,0,0,-7.0,-8.0,5.0,13.0,13.0,11.0,16.0,7.0,4.0,5.0,0.0,0.02857142857142857,0.0,0.0,0.02857142857142857,0.0,0.0,0.0,0.0,0.0,0.0,0.0,0.0,0.0,0.6666666666666666,1.0,0,0,results/mssp_adversarial/ds02/matched_delay/matched_false_flag_comparisons.csv,,,,,,,,,,,,
ds02,isolation_forest,2,0.01,causal_regime,not_exceeding,0.05,76,True,0.039473684210526314,0.039473684210526314,0.0,0.09065535934216358,0.09065535934216358,0.14720406378260012,0.19872184654880534,3,0,0,-7.0,-8.0,5.0,13.0,13.0,11.0,13.0,7.0,4.0,5.0,0.0,0.08571428571428572,0.0,0.0,0.08571428571428572,0.0,0.0,0.0,0.0,0.0,0.0,0.0,0.0,0.0,0.6666666666666666,1.0,0,0,results/mssp_adversarial/ds02/matched_delay/matched_false_flag_comparisons.csv,,,,,,,,,,,,
ds02,isolation_forest,2,0.01,causal_regime,not_exceeding,0.1,76,True,0.09210526315789473,0.09210526315789473,0.0,0.030634834526960843,0.030634834526960843,0.08077336398796711,0.08656520431290936,2,1,0,-2.0,-2.0,1.0,3.0,3.0,4.0,2.0,3.0,1.0,0.0,0.05555555555555555,0.17142857142857143,0.0,0.0,0.2,0.0,0.0,0.0,0.6666666666666666,1.0,1.0,0.3333333333333333,0.6666666666666666,1.0,1.0,1.0,0,0,results/mssp_adversarial/ds02/matched_delay/matched_false_flag_comparisons.csv,,,,,,,,,,,,
ds02,isolation_forest,2,0.01,causal_regime,not_exceeding,0.15,76,True,0.14473684210526316,0.14473684210526316,0.0,0.023222810962777247,0.023222810962777247,0.0558299408744192,0.0558299408744192,2,0,1,-2.0,-2.0,0.0,2.0,2.0,2.0,2.0,3.0,0.0,0.0,0.05555555555555555,0.2,0.13043478260869565,0.05555555555555555,0.2857142857142857,0.0,0.0,0.0,1.0,1.0,1.0,0.6666666666666666,0.6666666666666666,1.0,1.0,1.0,0,0,results/mssp_adversarial/ds02/matched_delay/matched_false_flag_comparisons.csv,,,,,,,,,,,,
ds02,isolation_forest,2,0.01,causal_regime,not_exceeding,0.2,76,True,0.19736842105263158,0.19736842105263158,0.0,0.020219220618983534,0.020219220618983534,0.03949037229576702,0.053311026216670325,0,2,1,0.0,0.0,0.0,0.0,2.0,0.0,0.0,3.0,0.0,0.0,0.05555555555555555,0.2857142857142857,0.17391304347826086,0.05555555555555555,0.4,0.0,0.6666666666666666,0.6666666666666666,1.0,1.0,1.0,0.6666666666666666,0.6666666666666666,1.0,1.0,1.0,0,0,results/mssp_adversarial/ds02/matched_delay/matched_false_flag_comparisons.csv,,,,,,,,,,,,
ds02,isolation_forest,2,0.02,phase_conditioned,nearest,0.025,76,True,0.02631578947368421,0.013157894736842105,-0.013157894736842105,0.18119464706671223,0.19872184654880534,0.23357214690901212,0.2446082935796798,3,0,0,-8.0,-8.0,3.0,11.0,11.0,10.0,12.0,3.0,4.0,3.0,0.0,0.05714285714285714,0.0,0.0,0.02857142857142857,0.0,0.0,0.0,0.0,0.0,0.3333333333333333,0.0,0.0,0.6666666666666666,1.0,1.0,0,0,results/mssp_adversarial/ds02/matched_delay/matched_false_flag_comparisons.csv,,,,,,,,,,,,
ds02,isolation_forest,2,0.02,phase_conditioned,nearest,0.05,76,True,0.05263157894736842,0.039473684210526314,-0.013157894736842105,0.1506415800129591,0.1614433088831602,0.20336240846866724,0.22824222375040976,3,0,0,-8.0,-8.0,3.0,11.0,11.0,5.0,12.0,3.0,4.0,3.0,0.0,0.11428571428571428,0.0,0.0,0.08571428571428572,0.0,0.0,0.0,0.0,0.3333333333333333,0.3333333333333333,0.0,0.0,0.6666666666666666,1.0,1.0,0,0,results/mssp_adversarial/ds02/matched_delay/matched_false_flag_comparisons.csv,,,,,,,,,,,,
ds02,isolation_forest,2,0.02,phase_conditioned,nearest,0.1,76,True,0.10526315789473684,0.10526315789473684,0.0,0.11158839925077481,0.11686088553466509,0.10412232560483044,0.11158839925077481,3,0,0,-8.0,-8.0,1.0,9.0,11.0,5.0,9.0,3.0,1.0,0.0,0.0,0.22857142857142856,0.0,0.0,0.22857142857142856,0.0,0.0,0.0,0.0,0.3333333333333333,0.6666666666666666,0.3333333333333333,0.6666666666666666,1.0,1.0,1.0,0,0,results/mssp_adversarial/ds02/matched_delay/matched_false_flag_comparisons.csv,,,,,,,,,,,,
ds02,isolation_forest,2,0.02,phase_conditioned,nearest,0.15,76,True,0.14473684210526316,0.15789473684210525,0.01315789473684209,0.09715578646301858,0.09715578646301858,0.07712906117627992,0.09065535934216358,2,1,0,-2.0,-1.0,1.0,2.0,10.0,1.0,2.0,3.0,1.0,0.0,0.0,0.3142857142857143,0.0,0.0,0.3142857142857143,0.043478260869565216,0.0,0.3333333333333333,0.6666666666666666,0.6666666666666666,1.0,0.3333333333333333,0.6666666666666666,1.0,1.0,1.0,0,0,results/mssp_adversarial/ds02/matched_delay/matched_false_flag_comparisons.csv,,,,,,,,,,,,
ds02,isolation_forest,2,0.02,phase_conditioned,nearest,0.2,76,True,0.19736842105263158,0.19736842105263158,0.0,0.07196856730011514,0.07364918067322965,0.049744131713774516,0.05983321728796282,1,2,0,0.0,0.0,1.0,1.0,8.0,1.0,0.0,1.0,1.0,0.0,0.05555555555555555,0.37142857142857144,0.043478260869565216,0.05555555555555555,0.37142857142857144,0.043478260869565216,0.3333333333333333,0.6666666666666666,0.6666666666666666,0.6666666666666666,1.0,0.3333333333333333,1.0,1.0,1.0,1.0,0,0,results/mssp_adversarial/ds02/matched_delay/matched_false_flag_comparisons.csv,,,,,,,,,,,,
ds02,isolation_forest,2,0.02,phase_conditioned,not_exceeding,0.025,76,True,0.013157894736842105,0.013157894736842105,0.0,0.20336240846866724,0.2081113370090395,0.23357214690901212,0.2446082935796798,3,0,0,-8.0,-8.0,3.0,11.0,11.0,10.0,12.0,3.0,4.0,3.0,0.0,0.02857142857142857,0.0,0.0,0.02857142857142857,0.0,0.0,0.0,0.0,0.0,0.3333333333333333,0.0,0.0,0.6666666666666666,1.0,1.0,0,0,results/mssp_adversarial/ds02/matched_delay/matched_false_flag_comparisons.csv,,,,,,,,,,,,
ds02,isolation_forest,2,0.02,phase_conditioned,not_exceeding,0.05,76,True,0.039473684210526314,0.039473684210526314,0.0,0.169071410347358,0.1770599351226898,0.20336240846866724,0.22824222375040976,3,0,0,-8.0,-8.0,3.0,11.0,11.0,10.0,12.0,3.0,4.0,3.0,0.0,0.08571428571428572,0.0,0.0,0.08571428571428572,0.0,0.0,0.0,0.0,0.0,0.3333333333333333,0.0,0.0,0.6666666666666666,1.0,1.0,0,0,results/mssp_adversarial/ds02/matched_delay/matched_false_flag_comparisons.csv,,,,,,,,,,,,
ds02,isolation_forest,2,0.02,phase_conditioned,not_exceeding,0.1,76,True,0.09210526315789473,0.09210526315789473,0.0,0.12816499459957584,0.14384498882876628,0.12816499459957584,0.1342207152716012,3,0,0,-8.0,-10.0,1.0,11.0,11.0,5.0,12.0,3.0,1.0,0.0,0.0,0.2,0.0,0.0,0.2,0.0,0.0,0.0,0.0,0.3333333333333333,0.3333333333333333,0.3333333333333333,0.6666666666666666,1.0,1.0,1.0,0,0,results/mssp_adversarial/ds02/matched_delay/matched_false_flag_comparisons.csv,,,,,,,,,,,,
ds02,isolation_forest,2,0.02,phase_conditioned,not_exceeding,0.15,76,False,0.14473684210526316,0.13157894736842105,-0.013157894736842118,0.09715578646301858,0.09715578646301858,0.0927723475631406,0.09942457296427418,2,1,0,-2.0,-1.0,1.0,2.0,10.0,1.0,2.0,3.0,1.0,0.0,0.0,0.3142857142857143,0.0,0.0,0.2857142857142857,0.0,0.0,0.3333333333333333,0.6666666666666666,0.6666666666666666,1.0,0.3333333333333333,0.6666666666666666,1.0,1.0,1.0,0,0,results/mssp_adversarial/ds02/matched_delay/matched_false_flag_comparisons.csv,,,,,,,,,,,,
ds02,isolation_forest,2,0.02,phase_conditioned,not_exceeding,0.2,76,True,0.19736842105263158,0.19736842105263158,0.0,0.07196856730011514,0.07364918067322965,0.049744131713774516,0.05983321728796282,1,2,0,0.0,0.0,1.0,1.0,8.0,1.0,0.0,1.0,1.0,0.0,0.05555555555555555,0.37142857142857144,0.043478260869565216,0.05555555555555555,0.37142857142857144,0.043478260869565216,0.3333333333333333,0.6666666666666666,0.6666666666666666,0.6666666666666666,1.0,0.3333333333333333,1.0,1.0,1.0,1.0,0,0,results/mssp_adversarial/ds02/matched_delay/matched_false_flag_comparisons.csv,,,,,,,,,,,,
ds02,isolation_forest,2,0.02,causal_regime,nearest,0.025,76,True,0.02631578947368421,0.02631578947368421,0.0,0.18119464706671223,0.19872184654880534,0.2745342233838714,0.2745342233838714,3,0,0,-7.0,-7.0,4.0,11.0,11.0,10.0,12.0,3.0,4.0,5.0,0.0,0.05714285714285714,0.0,0.0,0.05714285714285714,0.0,0.0,0.0,0.0,0.0,0.3333333333333333,0.0,0.0,0.3333333333333333,1.0,1.0,0,0,results/mssp_adversarial/ds02/matched_delay/matched_false_flag_comparisons.csv,,,,,,,,,,,,
ds02,isolation_forest,2,0.02,causal_regime,nearest,0.05,76,True,0.05263157894736842,0.05263157894736842,0.0,0.1506415800129591,0.1614433088831602,0.18119464706671223,0.20336240846866724,3,0,0,-8.0,-8.0,3.0,11.0,11.0,5.0,12.0,3.0,1.0,3.0,0.0,0.11428571428571428,0.0,0.0,0.11428571428571428,0.0,0.0,0.0,0.0,0.3333333333333333,0.3333333333333333,0.0,0.3333333333333333,1.0,1.0,1.0,0,0,results/mssp_adversarial/ds02/matched_delay/matched_false_flag_comparisons.csv,,,,,,,,,,,,
ds02,isolation_forest,2,0.02,causal_regime,nearest,0.1,76,True,0.10526315789473684,0.10526315789473684,0.0,0.11158839925077481,0.11686088553466509,0.10904204429677526,0.11958982643749794,3,0,0,-8.0,-8.0,1.0,9.0,11.0,5.0,9.0,3.0,1.0,0.0,0.0,0.22857142857142856,0.0,0.0,0.22857142857142856,0.0,0.0,0.0,0.0,0.3333333333333333,0.6666666666666666,0.3333333333333333,0.6666666666666666,1.0,1.0,1.0,0,0,results/mssp_adversarial/ds02/matched_delay/matched_false_flag_comparisons.csv,,,,,,,,,,,,
ds02,isolation_forest,2,0.02,causal_regime,nearest,0.15,76,True,0.14473684210526316,0.14473684210526316,0.0,0.09715578646301858,0.09715578646301858,0.08265958738801812,0.08656520431290936,2,1,0,-2.0,-1.0,1.0,2.0,10.0,1.0,2.0,3.0,1.0,0.0,0.0,0.3142857142857143,0.0,0.05555555555555555,0.2857142857142857,0.0,0.0,0.3333333333333333,0.6666666666666666,0.6666666666666666,1.0,0.3333333333333333,0.6666666666666666,1.0,1.0,1.0,0,0,results/mssp_adversarial/ds02/matched_delay/matched_false_flag_comparisons.csv,,,,,,,,,,,,
ds02,isolation_forest,2,0.02,causal_regime,nearest,0.2,76,True,0.19736842105263158,0.19736842105263158,0.0,0.07196856730011514,0.07364918067322965,0.06872151605431122,0.06872151605431122,2,1,0,-1.0,-1.0,0.0,1.0,8.0,1.0,0.0,1.0,0.0,0.0,0.05555555555555555,0.37142857142857144,0.043478260869565216,0.05555555555555555,0.37142857142857144,0.043478260869565216,0.3333333333333333,0.6666666666666666,0.6666666666666666,0.6666666666666666,1.0,0.6666666666666666,1.0,1.0,1.0,1.0,0,0,results/mssp_adversarial/ds02/matched_delay/matched_false_flag_comparisons.csv,,,,,,,,,,,,
ds02,isolation_forest,2,0.02,causal_regime,not_exceeding,0.025,76,True,0.013157894736842105,0.013157894736842105,0.0,0.20336240846866724,0.2081113370090395,0.28094515949814064,0.28094515949814064,3,0,0,-7.0,-7.0,4.0,11.0,11.0,10.0,12.0,3.0,4.0,5.0,0.0,0.02857142857142857,0.0,0.0,0.02857142857142857,0.0,0.0,0.0,0.0,0.0,0.3333333333333333,0.0,0.0,0.3333333333333333,1.0,1.0,0,0,results/mssp_adversarial/ds02/matched_delay/matched_false_flag_comparisons.csv,,,,,,,,,,,,
ds02,isolation_forest,2,0.02,causal_regime,not_exceeding,0.05,76,True,0.039473684210526314,0.039473684210526314,0.0,0.169071410347358,0.1770599351226898,0.2682695795279725,0.2682695795279725,3,0,0,-7.0,-7.0,4.0,11.0,11.0,10.0,12.0,3.0,4.0,5.0,0.0,0.08571428571428572,0.0,0.0,0.08571428571428572,0.0,0.0,0.0,0.0,0.0,0.3333333333333333,0.0,0.0,0.3333333333333333,1.0,1.0,0,0,results/mssp_adversarial/ds02/matched_delay/matched_false_flag_comparisons.csv,,,,,,,,,,,,
ds02,isolation_forest,2,0.02,causal_regime,not_exceeding,0.1,76,True,0.09210526315789473,0.09210526315789473,0.0,0.12816499459957584,0.14384498882876628,0.12238249369681924,0.131157909589685,3,0,0,-8.0,-10.0,1.0,11.0,11.0,5.0,12.0,3.0,1.0,0.0,0.0,0.2,0.0,0.0,0.2,0.0,0.0,0.0,0.0,0.3333333333333333,0.3333333333333333,0.3333333333333333,0.6666666666666666,1.0,1.0,1.0,0,0,results/mssp_adversarial/ds02/matched_delay/matched_false_flag_comparisons.csv,,,,,,,,,,,,
ds02,isolation_forest,2,0.02,causal_regime,not_exceeding,0.15,76,True,0.14473684210526316,0.14473684210526316,0.0,0.09715578646301858,0.09715578646301858,0.08265958738801812,0.08656520431290936,2,1,0,-2.0,-1.0,1.0,2.0,10.0,1.0,2.0,3.0,1.0,0.0,0.0,0.3142857142857143,0.0,0.05555555555555555,0.2857142857142857,0.0,0.0,0.3333333333333333,0.6666666666666666,0.6666666666666666,1.0,0.3333333333333333,0.6666666666666666,1.0,1.0,1.0,0,0,results/mssp_adversarial/ds02/matched_delay/matched_false_flag_comparisons.csv,,,,,,,,,,,,
ds02,isolation_forest,2,0.02,causal_regime,not_exceeding,0.2,76,True,0.19736842105263158,0.19736842105263158,0.0,0.07196856730011514,0.07364918067322965,0.06872151605431122,0.06872151605431122,2,1,0,-1.0,-1.0,0.0,1.0,8.0,1.0,0.0,1.0,0.0,0.0,0.05555555555555555,0.37142857142857144,0.043478260869565216,0.05555555555555555,0.37142857142857144,0.043478260869565216,0.3333333333333333,0.6666666666666666,0.6666666666666666,0.6666666666666666,1.0,0.6666666666666666,1.0,1.0,1.0,1.0,0,0,results/mssp_adversarial/ds02/matched_delay/matched_false_flag_comparisons.csv,,,,,,,,,,,,
ds02,lstm_autoencoder,0,0.005,phase_conditioned,nearest,0.025,76,True,0.013157894736842105,0.013157894736842105,0.0,0.042322022723792756,0.04331032859169001,0.06266030164072656,0.06266030164072656,3,0,0,-6.0,-5.0,11.0,16.0,17.0,15.0,16.0,11.0,7.0,13.0,0.0,0.02857142857142857,0.0,0.0,0.02857142857142857,0.0,0.0,0.0,0.0,0.0,0.0,0.0,0.0,0.0,0.0,0.3333333333333333,0,0,results/mssp_adversarial/ds02/matched_delay/matched_false_flag_comparisons.csv,,,,,,,,,,,,
ds02,lstm_autoencoder,0,0.005,phase_conditioned,nearest,0.05,76,True,0.05263157894736842,0.05263157894736842,0.0,0.027295447924020073,0.02793285250948253,0.024320075132679475,0.024320075132679475,3,0,0,-8.0,-7.0,8.0,15.0,15.0,15.0,16.0,10.0,5.0,8.0,0.0,0.11428571428571428,0.0,0.0,0.11428571428571428,0.0,0.0,0.0,0.0,0.0,0.0,0.0,0.0,0.0,0.3333333333333333,1.0,0,0,results/mssp_adversarial/ds02/matched_delay/matched_false_flag_comparisons.csv,,,,,,,,,,,,
ds02,lstm_autoencoder,0,0.005,phase_conditioned,nearest,0.1,76,True,0.10526315789473684,0.09210526315789473,-0.013157894736842105,0.024320075132679475,0.02606394198314347,0.02376511113811073,0.02376511113811073,2,1,0,-5.0,-7.0,8.0,15.0,15.0,0.0,16.0,10.0,0.0,8.0,0.0,0.22857142857142856,0.0,0.0,0.2,0.0,0.3333333333333333,0.3333333333333333,0.3333333333333333,0.3333333333333333,0.3333333333333333,0.3333333333333333,0.3333333333333333,0.3333333333333333,0.3333333333333333,1.0,0,0,results/mssp_adversarial/ds02/matched_delay/matched_false_flag_comparisons.csv,,,,,,,,,,,,
ds02,lstm_autoencoder,0,0.005,phase_conditioned,nearest,0.15,76,True,0.14473684210526316,0.14473684210526316,0.0,0.013344837298838383,0.01397537301842291,0.015685151643735476,0.016426265840709303,0,2,1,0.0,0.0,2.0,2.0,2.0,0.0,2.0,5.0,0.0,2.0,0.05555555555555555,0.22857142857142856,0.08695652173913043,0.0,0.2571428571428571,0.08695652173913043,0.3333333333333333,0.3333333333333333,1.0,1.0,1.0,0.3333333333333333,0.3333333333333333,0.6666666666666666,1.0,1.0,0,0,results/mssp_adversarial/ds02/matched_delay/matched_false_flag_comparisons.csv,,,,,,,,,,,,
ds02,lstm_autoencoder,0,0.005,phase_conditioned,nearest,0.2,76,True,0.19736842105263158,0.19736842105263158,0.0,0.01059406557118851,0.01059406557118851,0.01059406557118851,0.01059406557118851,0,2,1,0.0,0.0,2.0,2.0,2.0,0.0,2.0,5.0,0.0,2.0,0.16666666666666666,0.22857142857142856,0.17391304347826086,0.0,0.34285714285714286,0.13043478260869565,0.3333333333333333,0.3333333333333333,1.0,1.0,1.0,0.3333333333333333,0.3333333333333333,0.6666666666666666,1.0,1.0,0,0,results/mssp_adversarial/ds02/matched_delay/matched_false_flag_comparisons.csv,,,,,,,,,,,,
ds02,lstm_autoencoder,0,0.005,phase_conditioned,not_exceeding,0.025,76,True,0.013157894736842105,0.013157894736842105,0.0,0.042322022723792756,0.04331032859169001,0.06266030164072656,0.06266030164072656,3,0,0,-6.0,-5.0,11.0,16.0,17.0,15.0,16.0,11.0,7.0,13.0,0.0,0.02857142857142857,0.0,0.0,0.02857142857142857,0.0,0.0,0.0,0.0,0.0,0.0,0.0,0.0,0.0,0.0,0.3333333333333333,0,0,results/mssp_adversarial/ds02/matched_delay/matched_false_flag_comparisons.csv,,,,,,,,,,,,
ds02,lstm_autoencoder,0,0.005,phase_conditioned,not_exceeding,0.05,76,True,0.039473684210526314,0.039473684210526314,0.0,0.03858923467029903,0.04135626917817706,0.04535671616408702,0.06123044539605184,3,0,0,-6.0,-5.0,11.0,16.0,17.0,15.0,16.0,11.0,7.0,13.0,0.0,0.08571428571428572,0.0,0.0,0.08571428571428572,0.0,0.0,0.0,0.0,0.0,0.0,0.0,0.0,0.0,0.0,0.3333333333333333,0,0,results/mssp_adversarial/ds02/matched_delay/matched_false_flag_comparisons.csv,,,,,,,,,,,,
ds02,lstm_autoencoder,0,0.005,phase_conditioned,not_exceeding,0.1,76,False,0.06578947368421052,0.09210526315789473,0.02631578947368421,0.026672588383874055,0.026672588383874055,0.02376511113811073,0.02376511113811073,2,1,0,-5.0,-7.0,8.0,15.0,15.0,0.0,16.0,10.0,0.0,8.0,0.0,0.14285714285714285,0.0,0.0,0.2,0.0,0.3333333333333333,0.3333333333333333,0.3333333333333333,0.3333333333333333,0.3333333333333333,0.3333333333333333,0.3333333333333333,0.3333333333333333,0.3333333333333333,1.0,0,0,results/mssp_adversarial/ds02/matched_delay/matched_false_flag_comparisons.csv,,,,,,,,,,,,
ds02,lstm_autoencoder,0,0.005,phase_conditioned,not_exceeding,0.15,76,True,0.14473684210526316,0.14473684210526316,0.0,0.013344837298838383,0.01397537301842291,0.015685151643735476,0.016426265840709303,0,2,1,0.0,0.0,2.0,2.0,2.0,0.0,2.0,5.0,0.0,2.0,0.05555555555555555,0.22857142857142856,0.08695652173913043,0.0,0.2571428571428571,0.08695652173913043,0.3333333333333333,0.3333333333333333,1.0,1.0,1.0,0.3333333333333333,0.3333333333333333,0.6666666666666666,1.0,1.0,0,0,results/mssp_adversarial/ds02/matched_delay/matched_false_flag_comparisons.csv,,,,,,,,,,,,
ds02,lstm_autoencoder,0,0.005,phase_conditioned,not_exceeding,0.2,76,True,0.19736842105263158,0.19736842105263158,0.0,0.01059406557118851,0.01059406557118851,0.01059406557118851,0.01059406557118851,0,2,1,0.0,0.0,2.0,2.0,2.0,0.0,2.0,5.0,0.0,2.0,0.16666666666666666,0.22857142857142856,0.17391304347826086,0.0,0.34285714285714286,0.13043478260869565,0.3333333333333333,0.3333333333333333,1.0,1.0,1.0,0.3333333333333333,0.3333333333333333,0.6666666666666666,1.0,1.0,0,0,results/mssp_adversarial/ds02/matched_delay/matched_false_flag_comparisons.csv,,,,,,,,,,,,
ds02,lstm_autoencoder,0,0.005,causal_regime,nearest,0.025,76,True,0.013157894736842105,0.013157894736842105,0.0,0.042322022723792756,0.04331032859169001,0.131157909589685,0.131157909589685,3,0,0,-4.0,-3.0,13.0,16.0,17.0,15.0,16.0,13.0,9.0,13.0,0.0,0.02857142857142857,0.0,0.0,0.02857142857142857,0.0,0.0,0.0,0.0,0.0,0.0,0.0,0.0,0.0,0.0,0.3333333333333333,0,0,results/mssp_adversarial/ds02/matched_delay/matched_false_flag_comparisons.csv,,,,,,,,,,,,
ds02,lstm_autoencoder,0,0.005,causal_regime,nearest,0.05,76,True,0.05263157894736842,0.05263157894736842,0.0,0.027295447924020073,0.02793285250948253,0.053311026216670325,0.06123044539605184,3,0,0,-4.0,-4.0,11.0,15.0,15.0,15.0,16.0,11.0,7.0,12.0,0.0,0.11428571428571428,0.0,0.05555555555555555,0.08571428571428572,0.0,0.0,0.0,0.0,0.0,0.0,0.0,0.0,0.0,0.0,0.3333333333333333,0,0,results/mssp_adversarial/ds02/matched_delay/matched_false_flag_comparisons.csv,,,,,,,,,,,,
ds02,lstm_autoencoder,0,0.005,causal_regime,nearest,0.1,76,False,0.10526315789473684,0.11842105263157894,0.013157894736842105,0.024320075132679475,0.02606394198314347,0.037708660259934516,0.042322022723792756,2,1,0,-4.0,-7.0,8.0,15.0,15.0,0.0,16.0,11.0,0.0,8.0,0.0,0.22857142857142856,0.0,0.05555555555555555,0.22857142857142856,0.0,0.3333333333333333,0.3333333333333333,0.3333333333333333,0.3333333333333333,0.3333333333333333,0.3333333333333333,0.3333333333333333,0.3333333333333333,0.3333333333333333,0.6666666666666666,0,0,results/mssp_adversarial/ds02/matched_delay/matched_false_flag_comparisons.csv,,,,,,,,,,,,
ds02,lstm_autoencoder,0,0.005,causal_regime,nearest,0.15,76,True,0.14473684210526316,0.14473684210526316,0.0,0.013344837298838383,0.01397537301842291,0.02793285250948253,0.02793285250948253,0,1,2,5.0,5.0,7.0,2.0,2.0,0.0,2.0,10.0,0.0,7.0,0.05555555555555555,0.22857142857142856,0.08695652173913043,0.05555555555555555,0.2857142857142857,0.0,0.3333333333333333,0.3333333333333333,1.0,1.0,1.0,0.3333333333333333,0.3333333333333333,0.3333333333333333,0.3333333333333333,1.0,0,0,results/mssp_adversarial/ds02/matched_delay/matched_false_flag_comparisons.csv,,,,,,,,,,,,
ds02,lstm_autoencoder,0,0.005,causal_regime,nearest,0.2,76,True,0.19736842105263158,0.19736842105263158,0.0,0.01059406557118851,0.01059406557118851,0.018015200408020238,0.019757834731786994,0,1,2,3.0,3.0,5.0,2.0,2.0,0.0,2.0,10.0,0.0,5.0,0.16666666666666666,0.22857142857142856,0.17391304347826086,0.05555555555555555,0.4,0.0,0.3333333333333333,0.3333333333333333,1.0,1.0,1.0,0.3333333333333333,0.3333333333333333,0.3333333333333333,0.6666666666666666,1.0,0,0,results/mssp_adversarial/ds02/matched_delay/matched_false_flag_comparisons.csv,,,,,,,,,,,,
ds02,lstm_autoencoder,0,0.005,causal_regime,not_exceeding,0.025,76,True,0.013157894736842105,0.013157894736842105,0.0,0.042322022723792756,0.04331032859169001,0.131157909589685,0.131157909589685,3,0,0,-4.0,-3.0,13.0,16.0,17.0,15.0,16.0,13.0,9.0,13.0,0.0,0.02857142857142857,0.0,0.0,0.02857142857142857,0.0,0.0,0.0,0.0,0.0,0.0,0.0,0.0,0.0,0.0,0.3333333333333333,0,0,results/mssp_adversarial/ds02/matched_delay/matched_false_flag_comparisons.csv,,,,,,,,,,,,
ds02,lstm_autoencoder,0,0.005,causal_regime,not_exceeding,0.05,76,True,0.039473684210526314,0.039473684210526314,0.0,0.03858923467029903,0.04135626917817706,0.1252403754535072,0.12816499459957584,3,0,0,-4.0,-3.0,13.0,16.0,17.0,15.0,16.0,13.0,9.0,13.0,0.0,0.08571428571428572,0.0,0.0,0.08571428571428572,0.0,0.0,0.0,0.0,0.0,0.0,0.0,0.0,0.0,0.0,0.3333333333333333,0,0,results/mssp_adversarial/ds02/matched_delay/matched_false_flag_comparisons.csv,,,,,,,,,,,,
ds02,lstm_autoencoder,0,0.005,causal_regime,not_exceeding,0.1,76,False,0.06578947368421052,0.07894736842105263,0.013157894736842105,0.026672588383874055,0.026672588383874055,0.04331032859169001,0.04331032859169001,2,0,1,-4.0,-7.0,8.0,15.0,15.0,0.0,16.0,11.0,2.0,8.0,0.0,0.14285714285714285,0.0,0.05555555555555555,0.14285714285714285,0.0,0.3333333333333333,0.3333333333333333,0.3333333333333333,0.3333333333333333,0.3333333333333333,0.0,0.0,0.3333333333333333,0.3333333333333333,0.6666666666666666,0,0,results/mssp_adversarial/ds02/matched_delay/matched_false_flag_comparisons.csv,,,,,,,,,,,,
ds02,lstm_autoencoder,0,0.005,causal_regime,not_exceeding,0.15,76,True,0.14473684210526316,0.14473684210526316,0.0,0.013344837298838383,0.01397537301842291,0.02793285250948253,0.02793285250948253,0,1,2,5.0,5.0,7.0,2.0,2.0,0.0,2.0,10.0,0.0,7.0,0.05555555555555555,0.22857142857142856,0.08695652173913043,0.05555555555555555,0.2857142857142857,0.0,0.3333333333333333,0.3333333333333333,1.0,1.0,1.0,0.3333333333333333,0.3333333333333333,0.3333333333333333,0.3333333333333333,1.0,0,0,results/mssp_adversarial/ds02/matched_delay/matched_false_flag_comparisons.csv,,,,,,,,,,,,
ds02,lstm_autoencoder,0,0.005,causal_regime,not_exceeding,0.2,76,True,0.19736842105263158,0.19736842105263158,0.0,0.01059406557118851,0.01059406557118851,0.018015200408020238,0.019757834731786994,0,1,2,3.0,3.0,5.0,2.0,2.0,0.0,2.0,10.0,0.0,5.0,0.16666666666666666,0.22857142857142856,0.17391304347826086,0.05555555555555555,0.4,0.0,0.3333333333333333,0.3333333333333333,1.0,1.0,1.0,0.3333333333333333,0.3333333333333333,0.3333333333333333,0.6666666666666666,1.0,0,0,results/mssp_adversarial/ds02/matched_delay/matched_false_flag_comparisons.csv,,,,,,,,,,,,
ds02,lstm_autoencoder,0,0.01,phase_conditioned,nearest,0.025,76,False,0.039473684210526314,0.013157894736842105,-0.02631578947368421,0.08265958738801812,0.08858667904100823,0.1342207152716012,0.1342207152716012,3,0,0,-4.0,-4.0,10.0,14.0,14.0,12.0,15.0,10.0,5.0,13.0,0.0,0.08571428571428572,0.0,0.0,0.02857142857142857,0.0,0.0,0.0,0.0,0.0,0.0,0.0,0.0,0.0,0.3333333333333333,0.6666666666666666,0,0,results/mssp_adversarial/ds02/matched_delay/matched_false_flag_comparisons.csv,,,,,,,,,,,,
ds02,lstm_autoencoder,0,0.01,phase_conditioned,nearest,0.05,76,True,0.05263157894736842,0.05263157894736842,0.0,0.037708660259934516,0.049744131713774516,0.053311026216670325,0.05983321728796282,3,0,0,-8.0,-8.0,5.0,13.0,13.0,9.0,13.0,10.0,1.0,5.0,0.05555555555555555,0.08571428571428572,0.0,0.0,0.11428571428571428,0.0,0.0,0.0,0.0,0.0,0.3333333333333333,0.0,0.3333333333333333,0.3333333333333333,0.6666666666666666,1.0,0,0,results/mssp_adversarial/ds02/matched_delay/matched_false_flag_comparisons.csv,,,,,,,,,,,,
ds02,lstm_autoencoder,0,0.01,phase_conditioned,nearest,0.1,76,False,0.11842105263157894,0.10526315789473684,-0.013157894736842105,0.03359818286283781,0.03684817982911676,0.042322022723792756,0.04331032859169001,2,0,1,-4.0,-9.0,2.0,11.0,11.0,0.0,13.0,7.0,1.0,2.0,0.05555555555555555,0.22857142857142856,0.0,0.0,0.2,0.043478260869565216,0.3333333333333333,0.3333333333333333,0.3333333333333333,0.3333333333333333,0.3333333333333333,0.0,0.3333333333333333,0.6666666666666666,0.6666666666666666,1.0,0,0,results/mssp_adversarial/ds02/matched_delay/matched_false_flag_comparisons.csv,,,,,,,,,,,,
ds02,lstm_autoencoder,0,0.01,phase_conditioned,nearest,0.15,76,True,0.14473684210526316,0.14473684210526316,0.0,0.024887998672586672,0.02606394198314347,0.032082312454210775,0.032082312454210775,0,2,1,0.0,0.0,2.0,2.0,5.0,0.0,2.0,5.0,1.0,2.0,0.05555555555555555,0.22857142857142856,0.08695652173913043,0.0,0.2571428571428571,0.08695652173913043,0.3333333333333333,0.3333333333333333,0.6666666666666666,1.0,1.0,0.0,0.3333333333333333,0.6666666666666666,1.0,1.0,0,0,results/mssp_adversarial/ds02/matched_delay/matched_false_flag_comparisons.csv,,,,,,,,,,,,
ds02,lstm_autoencoder,0,0.01,phase_conditioned,nearest,0.2,76,True,0.19736842105263158,0.21052631578947367,0.01315789473684209,0.018435892216414878,0.018866408039732583,0.02793285250948253,0.02793285250948253,0,2,1,0.0,0.0,2.0,2.0,2.0,0.0,2.0,5.0,0.0,2.0,0.05555555555555555,0.2857142857142857,0.17391304347826086,0.0,0.4,0.08695652173913043,0.3333333333333333,0.3333333333333333,1.0,1.0,1.0,0.3333333333333333,0.3333333333333333,0.6666666666666666,1.0,1.0,0,0,results/mssp_adversarial/ds02/matched_delay/matched_false_flag_comparisons.csv,,,,,,,,,,,,
ds02,lstm_autoencoder,0,0.01,phase_conditioned,not_exceeding,0.025,76,False,0.0,0.013157894736842105,0.013157894736842105,1.0,1.0,0.1342207152716012,0.1342207152716012,3,0,0,-inf,-inf,10.0,inf,inf,inf,inf,10.0,5.0,13.0,0.0,0.0,0.0,0.0,0.02857142857142857,0.0,0.0,0.0,0.0,0.0,0.0,0.0,0.0,0.0,0.3333333333333333,0.6666666666666666,3,0,results/mssp_adversarial/ds02/matched_delay/matched_false_flag_comparisons.csv,,,,,,,,,,,,
ds02,lstm_autoencoder,0,0.01,phase_conditioned,not_exceeding,0.05,76,True,0.039473684210526314,0.039473684210526314,0.0,0.08265958738801812,0.08858667904100823,0.12238249369681924,0.131157909589685,3,0,0,-4.0,-4.0,10.0,14.0,14.0,12.0,15.0,10.0,5.0,13.0,0.0,0.08571428571428572,0.0,0.0,0.08571428571428572,0.0,0.0,0.0,0.0,0.0,0.0,0.0,0.0,0.0,0.3333333333333333,0.6666666666666666,0,0,results/mssp_adversarial/ds02/matched_delay/matched_false_flag_comparisons.csv,,,,,,,,,,,,
ds02,lstm_autoencoder,0,0.01,phase_conditioned,not_exceeding,0.1,76,False,0.05263157894736842,0.09210526315789473,0.039473684210526314,0.037708660259934516,0.049744131713774516,0.04432171342476086,0.04535671616408702,3,0,0,-8.0,-11.0,2.0,13.0,13.0,9.0,13.0,7.0,1.0,2.0,0.05555555555555555,0.08571428571428572,0.0,0.0,0.2,0.0,0.0,0.0,0.0,0.0,0.3333333333333333,0.0,0.3333333333333333,0.6666666666666666,0.6666666666666666,1.0,0,0,results/mssp_adversarial/ds02/matched_delay/matched_false_flag_comparisons.csv,,,,,,,,,,,,
ds02,lstm_autoencoder,0,0.01,phase_conditioned,not_exceeding,0.15,76,True,0.14473684210526316,0.14473684210526316,0.0,0.024887998672586672,0.02606394198314347,0.032082312454210775,0.032082312454210775,0,2,1,0.0,0.0,2.0,2.0,5.0,0.0,2.0,5.0,1.0,2.0,0.05555555555555555,0.22857142857142856,0.08695652173913043,0.0,0.2571428571428571,0.08695652173913043,0.3333333333333333,0.3333333333333333,0.6666666666666666,1.0,1.0,0.0,0.3333333333333333,0.6666666666666666,1.0,1.0,0,0,results/mssp_adversarial/ds02/matched_delay/matched_false_flag_comparisons.csv,,,,,,,,,,,,
ds02,lstm_autoencoder,0,0.01,phase_conditioned,not_exceeding,0.2,76,False,0.19736842105263158,0.18421052631578946,-0.013157894736842118,0.018435892216414878,0.018866408039732583,0.028585141796844713,0.028585141796844713,0,2,1,0.0,0.0,2.0,2.0,2.0,0.0,2.0,5.0,0.0,2.0,0.05555555555555555,0.2857142857142857,0.17391304347826086,0.0,0.34285714285714286,0.08695652173913043,0.3333333333333333,0.3333333333333333,1.0,1.0,1.0,0.3333333333333333,0.3333333333333333,0.6666666666666666,1.0,1.0,0,0,results/mssp_adversarial/ds02/matched_delay/matched_false_flag_comparisons.csv,,,,,,,,,,,,
ds02,lstm_autoencoder,0,0.01,causal_regime,nearest,0.025,76,False,0.039473684210526314,0.013157894736842105,-0.02631578947368421,0.08265958738801812,0.08858667904100823,0.23357214690901212,0.23357214690901212,3,0,0,-3.0,-3.0,11.0,14.0,14.0,12.0,15.0,11.0,9.0,13.0,0.0,0.08571428571428572,0.0,0.0,0.02857142857142857,0.0,0.0,0.0,0.0,0.0,0.0,0.0,0.0,0.0,0.0,0.3333333333333333,0,0,results/mssp_adversarial/ds02/matched_delay/matched_false_flag_comparisons.csv,,,,,,,,,,,,
ds02,lstm_autoencoder,0,0.01,causal_regime,nearest,0.05,76,True,0.05263157894736842,0.05263157894736842,0.0,0.037708660259934516,0.049744131713774516,0.08077336398796711,0.08077336398796711,3,0,0,-6.0,-6.0,7.0,13.0,13.0,9.0,13.0,8.0,1.0,7.0,0.05555555555555555,0.08571428571428572,0.0,0.0,0.11428571428571428,0.0,0.0,0.0,0.0,0.0,0.3333333333333333,0.0,0.3333333333333333,0.3333333333333333,0.3333333333333333,1.0,0,0,results/mssp_adversarial/ds02/matched_delay/matched_false_flag_comparisons.csv,,,,,,,,,,,,
ds02,lstm_autoencoder,0,0.01,causal_regime,nearest,0.1,76,False,0.11842105263157894,0.10526315789473684,-0.013157894736842105,0.03359818286283781,0.03684817982911676,0.06123044539605184,0.06872151605431122,2,0,1,-3.0,-6.0,5.0,11.0,11.0,0.0,13.0,8.0,1.0,5.0,0.05555555555555555,0.22857142857142856,0.0,0.05555555555555555,0.2,0.0,0.3333333333333333,0.3333333333333333,0.3333333333333333,0.3333333333333333,0.3333333333333333,0.0,0.3333333333333333,0.3333333333333333,0.6666666666666666,1.0,0,0,results/mssp_adversarial/ds02/matched_delay/matched_false_flag_comparisons.csv,,,,,,,,,,,,
ds02,lstm_autoencoder,0,0.01,causal_regime,nearest,0.15,76,True,0.14473684210526316,0.14473684210526316,0.0,0.024887998672586672,0.02606394198314347,0.057133684283155795,0.057133684283155795,0,1,2,3.0,3.0,5.0,2.0,5.0,0.0,2.0,8.0,0.0,5.0,0.05555555555555555,0.22857142857142856,0.08695652173913043,0.05555555555555555,0.2857142857142857,0.0,0.3333333333333333,0.3333333333333333,0.6666666666666666,1.0,1.0,0.3333333333333333,0.3333333333333333,0.3333333333333333,0.6666666666666666,1.0,0,0,results/mssp_adversarial/ds02/matched_delay/matched_false_flag_comparisons.csv,,,,,,,,,,,,
ds02,lstm_autoencoder,0,0.01,causal_regime,nearest,0.2,76,True,0.19736842105263158,0.19736842105263158,0.0,0.018435892216414878,0.018866408039732583,0.053311026216670325,0.053311026216670325,0,1,2,3.0,3.0,5.0,2.0,2.0,0.0,2.0,8.0,0.0,5.0,0.05555555555555555,0.2857142857142857,0.17391304347826086,0.05555555555555555,0.4,0.0,0.3333333333333333,0.3333333333333333,1.0,1.0,1.0,0.3333333333333333,0.3333333333333333,0.3333333333333333,0.6666666666666666,1.0,0,0,results/mssp_adversarial/ds02/matched_delay/matched_false_flag_comparisons.csv,,,,,,,,,,,,
ds02,lstm_autoencoder,0,0.01,causal_regime,not_exceeding,0.025,76,False,0.0,0.013157894736842105,0.013157894736842105,1.0,1.0,0.23357214690901212,0.23357214690901212,3,0,0,-inf,-inf,11.0,inf,inf,inf,inf,11.0,9.0,13.0,0.0,0.0,0.0,0.0,0.02857142857142857,0.0,0.0,0.0,0.0,0.0,0.0,0.0,0.0,0.0,0.0,0.3333333333333333,3,0,results/mssp_adversarial/ds02/matched_delay/matched_false_flag_comparisons.csv,,,,,,,,,,,,
ds02,lstm_autoencoder,0,0.01,causal_regime,not_exceeding,0.05,76,True,0.039473684210526314,0.039473684210526314,0.0,0.08265958738801812,0.08858667904100823,0.21794447537529835,0.21794447537529835,3,0,0,-3.0,-3.0,11.0,14.0,14.0,12.0,15.0,11.0,7.0,13.0,0.0,0.08571428571428572,0.0,0.0,0.08571428571428572,0.0,0.0,0.0,0.0,0.0,0.0,0.0,0.0,0.0,0.0,0.3333333333333333,0,0,results/mssp_adversarial/ds02/matched_delay/matched_false_flag_comparisons.csv,,,,,,,,,,,,
ds02,lstm_autoencoder,0,0.01,causal_regime,not_exceeding,0.1,76,False,0.05263157894736842,0.09210526315789473,0.039473684210526314,0.037708660259934516,0.049744131713774516,0.07032630413380643,0.07196856730011514,3,0,0,-8.0,-8.0,5.0,13.0,13.0,9.0,13.0,8.0,1.0,5.0,0.05555555555555555,0.08571428571428572,0.0,0.05555555555555555,0.17142857142857143,0.0,0.0,0.0,0.0,0.0,0.3333333333333333,0.0,0.3333333333333333,0.3333333333333333,0.6666666666666666,1.0,0,0,results/mssp_adversarial/ds02/matched_delay/matched_false_flag_comparisons.csv,,,,,,,,,,,,
ds02,lstm_autoencoder,0,0.01,causal_regime,not_exceeding,0.15,76,True,0.14473684210526316,0.14473684210526316,0.0,0.024887998672586672,0.02606394198314347,0.057133684283155795,0.057133684283155795,0,1,2,3.0,3.0,5.0,2.0,5.0,0.0,2.0,8.0,0.0,5.0,0.05555555555555555,0.22857142857142856,0.08695652173913043,0.05555555555555555,0.2857142857142857,0.0,0.3333333333333333,0.3333333333333333,0.6666666666666666,1.0,1.0,0.3333333333333333,0.3333333333333333,0.3333333333333333,0.6666666666666666,1.0,0,0,results/mssp_adversarial/ds02/matched_delay/matched_false_flag_comparisons.csv,,,,,,,,,,,,
ds02,lstm_autoencoder,0,0.01,causal_regime,not_exceeding,0.2,76,True,0.19736842105263158,0.19736842105263158,0.0,0.018435892216414878,0.018866408039732583,0.053311026216670325,0.053311026216670325,0,1,2,3.0,3.0,5.0,2.0,2.0,0.0,2.0,8.0,0.0,5.0,0.05555555555555555,0.2857142857142857,0.17391304347826086,0.05555555555555555,0.4,0.0,0.3333333333333333,0.3333333333333333,1.0,1.0,1.0,0.3333333333333333,0.3333333333333333,0.3333333333333333,0.6666666666666666,1.0,0,0,results/mssp_adversarial/ds02/matched_delay/matched_false_flag_comparisons.csv,,,,,,,,,,,,
ds02,lstm_autoencoder,0,0.02,phase_conditioned,nearest,0.025,76,True,0.02631578947368421,0.02631578947368421,0.0,0.169071410347358,0.169071410347358,0.2561658916945727,0.2621478896621353,1,0,2,1.0,-1.0,10.0,11.0,11.0,7.0,13.0,10.0,9.0,14.0,0.0,0.05714285714285714,0.0,0.0,0.05714285714285714,0.0,0.0,0.0,0.0,0.0,0.3333333333333333,0.0,0.0,0.0,0.0,0.6666666666666666,0,0,results/mssp_adversarial/ds02/matched_delay/matched_false_flag_comparisons.csv,,,,,,,,,,,,
ds02,lstm_autoencoder,0,0.02,phase_conditioned,nearest,0.05,76,True,0.05263157894736842,0.05263157894736842,0.0,0.09065535934216358,0.10174634027476064,0.22303392502884964,0.22824222375040976,2,0,1,-1.0,2.0,10.0,8.0,11.0,5.0,8.0,10.0,4.0,13.0,0.0,0.08571428571428572,0.043478260869565216,0.0,0.11428571428571428,0.0,0.0,0.0,0.0,0.3333333333333333,0.6666666666666666,0.0,0.0,0.0,0.3333333333333333,0.6666666666666666,0,0,results/mssp_adversarial/ds02/matched_delay/matched_false_flag_comparisons.csv,,,,,,,,,,,,
ds02,lstm_autoencoder,0,0.02,phase_conditioned,nearest,0.1,76,True,0.10526315789473684,0.10526315789473684,0.0,0.06123044539605184,0.06123044539605184,0.10412232560483044,0.10655379505623053,3,0,0,-2.0,-2.0,5.0,7.0,8.0,5.0,7.0,7.0,1.0,5.0,0.05555555555555555,0.17142857142857143,0.043478260869565216,0.0,0.22857142857142856,0.0,0.0,0.0,0.0,0.3333333333333333,1.0,0.0,0.3333333333333333,0.3333333333333333,0.6666666666666666,1.0,0,0,results/mssp_adversarial/ds02/matched_delay/matched_false_flag_comparisons.csv,,,,,,,,,,,,
ds02,lstm_autoencoder,0,0.02,phase_conditioned,nearest,0.15,76,False,0.13157894736842105,0.14473684210526316,0.013157894736842118,0.048609011781306305,0.049744131713774516,0.08858667904100823,0.08858667904100823,0,1,2,1.0,0.0,2.0,2.0,5.0,0.0,2.0,7.0,1.0,2.0,0.05555555555555555,0.22857142857142856,0.043478260869565216,0.0,0.3142857142857143,0.0,0.3333333333333333,0.3333333333333333,0.6666666666666666,1.0,1.0,0.0,0.3333333333333333,0.6666666666666666,0.6666666666666666,1.0,0,0,results/mssp_adversarial/ds02/matched_delay/matched_false_flag_comparisons.csv,,,,,,,,,,,,
ds02,lstm_autoencoder,0,0.02,phase_conditioned,nearest,0.2,76,True,0.19736842105263158,0.19736842105263158,0.0,0.04331032859169001,0.04535671616408702,0.06715334791115142,0.06715334791115142,0,2,1,0.0,0.0,2.0,2.0,5.0,0.0,2.0,5.0,1.0,2.0,0.05555555555555555,0.37142857142857144,0.043478260869565216,0.0,0.37142857142857144,0.08695652173913043,0.3333333333333333,0.3333333333333333,0.6666666666666666,1.0,1.0,0.0,0.3333333333333333,0.6666666666666666,1.0,1.0,0,0,results/mssp_adversarial/ds02/matched_delay/matched_false_flag_comparisons.csv,,,,,,,,,,,,
ds02,lstm_autoencoder,0,0.02,phase_conditioned,not_exceeding,0.025,76,False,0.0,0.013157894736842105,0.013157894736842105,1.0,1.0,0.2682695795279725,0.2745342233838714,3,0,0,-inf,-inf,10.0,inf,inf,inf,inf,10.0,9.0,14.0,0.0,0.0,0.0,0.0,0.02857142857142857,0.0,0.0,0.0,0.0,0.0,0.0,0.0,0.0,0.0,0.0,0.6666666666666666,3,0,results/mssp_adversarial/ds02/matched_delay/matched_false_flag_comparisons.csv,,,,,,,,,,,,
ds02,lstm_autoencoder,0,0.02,phase_conditioned,not_exceeding,0.05,76,True,0.039473684210526314,0.039473684210526314,0.0,0.16521334063573684,0.16521334063573684,0.2446082935796798,0.25032039797173256,1,1,1,0.0,-1.0,10.0,11.0,11.0,7.0,13.0,10.0,7.0,14.0,0.0,0.08571428571428572,0.0,0.0,0.08571428571428572,0.0,0.0,0.0,0.0,0.0,0.3333333333333333,0.0,0.0,0.0,0.0,0.6666666666666666,0,0,results/mssp_adversarial/ds02/matched_delay/matched_false_flag_comparisons.csv,,,,,,,,,,,,
ds02,lstm_autoencoder,0,0.02,phase_conditioned,not_exceeding,0.1,76,True,0.09210526315789473,0.09210526315789473,0.0,0.06266030164072656,0.07032630413380643,0.11158839925077481,0.11419421680558647,2,1,0,-2.0,-2.0,5.0,7.0,8.0,5.0,7.0,8.0,1.0,5.0,0.05555555555555555,0.14285714285714285,0.043478260869565216,0.0,0.2,0.0,0.0,0.0,0.0,0.3333333333333333,1.0,0.0,0.3333333333333333,0.3333333333333333,0.6666666666666666,1.0,0,0,results/mssp_adversarial/ds02/matched_delay/matched_false_flag_comparisons.csv,,,,,,,,,,,,
ds02,lstm_autoencoder,0,0.02,phase_conditioned,not_exceeding,0.15,76,False,0.13157894736842105,0.14473684210526316,0.013157894736842118,0.048609011781306305,0.049744131713774516,0.08858667904100823,0.08858667904100823,0,1,2,1.0,0.0,2.0,2.0,5.0,0.0,2.0,7.0,1.0,2.0,0.05555555555555555,0.22857142857142856,0.043478260869565216,0.0,0.3142857142857143,0.0,0.3333333333333333,0.3333333333333333,0.6666666666666666,1.0,1.0,0.0,0.3333333333333333,0.6666666666666666,0.6666666666666666,1.0,0,0,results/mssp_adversarial/ds02/matched_delay/matched_false_flag_comparisons.csv,,,,,,,,,,,,
ds02,lstm_autoencoder,0,0.02,phase_conditioned,not_exceeding,0.2,76,True,0.19736842105263158,0.19736842105263158,0.0,0.04331032859169001,0.04535671616408702,0.06715334791115142,0.06715334791115142,0,2,1,0.0,0.0,2.0,2.0,5.0,0.0,2.0,5.0,1.0,2.0,0.05555555555555555,0.37142857142857144,0.043478260869565216,0.0,0.37142857142857144,0.08695652173913043,0.3333333333333333,0.3333333333333333,0.6666666666666666,1.0,1.0,0.0,0.3333333333333333,0.6666666666666666,1.0,1.0,0,0,results/mssp_adversarial/ds02/matched_delay/matched_false_flag_comparisons.csv,,,,,,,,,,,,
ds02,lstm_autoencoder,0,0.02,causal_regime,nearest,0.025,76,True,0.02631578947368421,0.02631578947368421,0.0,0.169071410347358,0.169071410347358,0.30109028437025925,0.30109028437025925,1,1,1,0.0,-1.0,10.0,11.0,11.0,7.0,13.0,10.0,9.0,13.0,0.0,0.05714285714285714,0.0,0.0,0.05714285714285714,0.0,0.0,0.0,0.0,0.0,0.3333333333333333,0.0,0.0,0.0,0.0,0.6666666666666666,0,0,results/mssp_adversarial/ds02/matched_delay/matched_false_flag_comparisons.csv,,,,,,,,,,,,
ds02,lstm_autoencoder,0,0.02,causal_regime,nearest,0.05,76,True,0.05263157894736842,0.05263157894736842,0.0,0.09065535934216358,0.10174634027476064,0.23902653468423893,0.23902653468423893,1,1,1,0.0,2.0,10.0,8.0,11.0,5.0,8.0,10.0,5.0,12.0,0.0,0.08571428571428572,0.043478260869565216,0.0,0.11428571428571428,0.0,0.0,0.0,0.0,0.3333333333333333,0.6666666666666666,0.0,0.0,0.0,0.3333333333333333,0.6666666666666666,0,0,results/mssp_adversarial/ds02/matched_delay/matched_false_flag_comparisons.csv,,,,,,,,,,,,
ds02,lstm_autoencoder,0,0.02,causal_regime,nearest,0.1,76,True,0.10526315789473684,0.10526315789473684,0.0,0.06123044539605184,0.06123044539605184,0.11958982643749794,0.131157909589685,2,1,0,-2.0,-2.0,5.0,7.0,8.0,5.0,7.0,8.0,1.0,5.0,0.05555555555555555,0.17142857142857143,0.043478260869565216,0.0,0.22857142857142856,0.0,0.0,0.0,0.0,0.3333333333333333,1.0,0.0,0.3333333333333333,0.3333333333333333,0.6666666666666666,1.0,0,0,results/mssp_adversarial/ds02/matched_delay/matched_false_flag_comparisons.csv,,,,,,,,,,,,
ds02,lstm_autoencoder,0,0.02,causal_regime,nearest,0.15,76,False,0.13157894736842105,0.14473684210526316,0.013157894736842118,0.048609011781306305,0.049744131713774516,0.0949387717927582,0.0949387717927582,0,0,3,2.0,3.0,5.0,2.0,5.0,0.0,2.0,7.0,1.0,5.0,0.05555555555555555,0.22857142857142856,0.043478260869565216,0.0,0.3142857142857143,0.0,0.3333333333333333,0.3333333333333333,0.6666666666666666,1.0,1.0,0.0,0.3333333333333333,0.3333333333333333,0.6666666666666666,1.0,0,0,results/mssp_adversarial/ds02/matched_delay/matched_false_flag_comparisons.csv,,,,,,,,,,,,
ds02,lstm_autoencoder,0,0.02,causal_regime,nearest,0.2,76,True,0.19736842105263158,0.21052631578947367,0.01315789473684209,0.04331032859169001,0.04535671616408702,0.07196856730011514,0.07196856730011514,0,2,1,0.0,0.0,2.0,2.0,5.0,0.0,2.0,5.0,1.0,2.0,0.05555555555555555,0.37142857142857144,0.043478260869565216,0.05555555555555555,0.42857142857142855,0.0,0.3333333333333333,0.3333333333333333,0.6666666666666666,1.0,1.0,0.0,0.3333333333333333,0.6666666666666666,1.0,1.0,0,0,results/mssp_adversarial/ds02/matched_delay/matched_false_flag_comparisons.csv,,,,,,,,,,,,
ds02,lstm_autoencoder,0,0.02,causal_regime,not_exceeding,0.025,76,False,0.0,0.013157894736842105,0.013157894736842105,1.0,1.0,0.3081213588714002,0.3081213588714002,3,0,0,-inf,-inf,10.0,inf,inf,inf,inf,10.0,9.0,13.0,0.0,0.0,0.0,0.0,0.02857142857142857,0.0,0.0,0.0,0.0,0.0,0.0,0.0,0.0,0.0,0.0,0.6666666666666666,3,0,results/mssp_adversarial/ds02/matched_delay/matched_false_flag_comparisons.csv,,,,,,,,,,,,
ds02,lstm_autoencoder,0,0.02,causal_regime,not_exceeding,0.05,76,True,0.039473684210526314,0.039473684210526314,0.0,0.16521334063573684,0.16521334063573684,0.2942196531724374,0.2942196531724374,1,1,1,0.0,-1.0,10.0,11.0,11.0,7.0,13.0,10.0,9.0,13.0,0.0,0.08571428571428572,0.0,0.0,0.08571428571428572,0.0,0.0,0.0,0.0,0.0,0.3333333333333333,0.0,0.0,0.0,0.0,0.6666666666666666,0,0,results/mssp_adversarial/ds02/matched_delay/matched_false_flag_comparisons.csv,,,,,,,,,,,,
ds02,lstm_autoencoder,0,0.02,causal_regime,not_exceeding,0.1,76,False,0.09210526315789473,0.07894736842105263,-0.013157894736842105,0.06266030164072656,0.07032630413380643,0.14720406378260012,0.1541593692842272,1,2,0,0.0,0.0,7.0,7.0,8.0,5.0,7.0,8.0,1.0,7.0,0.05555555555555555,0.14285714285714285,0.043478260869565216,0.0,0.17142857142857143,0.0,0.0,0.0,0.0,0.3333333333333333,1.0,0.0,0.3333333333333333,0.3333333333333333,0.3333333333333333,1.0,0,0,results/mssp_adversarial/ds02/matched_delay/matched_false_flag_comparisons.csv,,,,,,,,,,,,
ds02,lstm_autoencoder,0,0.02,causal_regime,not_exceeding,0.15,76,False,0.13157894736842105,0.14473684210526316,0.013157894736842118,0.048609011781306305,0.049744131713774516,0.0949387717927582,0.0949387717927582,0,0,3,2.0,3.0,5.0,2.0,5.0,0.0,2.0,7.0,1.0,5.0,0.05555555555555555,0.22857142857142856,0.043478260869565216,0.0,0.3142857142857143,0.0,0.3333333333333333,0.3333333333333333,0.6666666666666666,1.0,1.0,0.0,0.3333333333333333,0.3333333333333333,0.6666666666666666,1.0,0,0,results/mssp_adversarial/ds02/matched_delay/matched_false_flag_comparisons.csv,,,,,,,,,,,,
ds02,lstm_autoencoder,0,0.02,causal_regime,not_exceeding,0.2,76,False,0.19736842105263158,0.18421052631578946,-0.013157894736842118,0.04331032859169001,0.04535671616408702,0.07893018264543566,0.08077336398796711,0,1,2,1.0,1.0,3.0,2.0,5.0,0.0,2.0,5.0,1.0,3.0,0.05555555555555555,0.37142857142857144,0.043478260869565216,0.05555555555555555,0.37142857142857144,0.0,0.3333333333333333,0.3333333333333333,0.6666666666666666,1.0,1.0,0.0,0.3333333333333333,0.6666666666666666,1.0,1.0,0,0,results/mssp_adversarial/ds02/matched_delay/matched_false_flag_comparisons.csv,,,,,,,,,,,,
ds02,lstm_autoencoder,1,0.005,phase_conditioned,nearest,0.025,76,True,0.013157894736842105,0.02631578947368421,0.013157894736842105,0.028585141796844713,0.029252663374366446,0.06123044539605184,0.06123044539605184,3,0,0,-5.0,-4.0,13.0,17.0,17.0,17.0,19.0,13.0,9.0,14.0,0.0,0.02857142857142857,0.0,0.0,0.05714285714285714,0.0,0.0,0.0,0.0,0.0,0.0,0.0,0.0,0.0,0.0,0.3333333333333333,0,0,results/mssp_adversarial/ds02/matched_delay/matched_false_flag_comparisons.csv,,,,,,,,,,,,
ds02,lstm_autoencoder,1,0.005,phase_conditioned,nearest,0.05,76,True,0.039473684210526314,0.039473684210526314,0.0,0.0254691843897454,0.02793285250948253,0.0558299408744192,0.05983321728796282,3,0,0,-5.0,-4.0,13.0,17.0,17.0,17.0,19.0,13.0,9.0,14.0,0.0,0.08571428571428572,0.0,0.0,0.08571428571428572,0.0,0.0,0.0,0.0,0.0,0.0,0.0,0.0,0.0,0.0,0.3333333333333333,0,0,results/mssp_adversarial/ds02/matched_delay/matched_false_flag_comparisons.csv,,,,,,,,,,,,
ds02,lstm_autoencoder,1,0.005,phase_conditioned,nearest,0.1,76,True,0.10526315789473684,0.10526315789473684,0.0,0.019757834731786994,0.02166903639411181,0.018866408039732583,0.019757834731786994,2,1,0,-5.0,-8.0,7.0,15.0,15.0,0.0,19.0,10.0,0.0,7.0,0.0,0.22857142857142856,0.0,0.0,0.22857142857142856,0.0,0.3333333333333333,0.3333333333333333,0.3333333333333333,0.3333333333333333,0.3333333333333333,0.3333333333333333,0.3333333333333333,0.3333333333333333,0.3333333333333333,1.0,0,0,results/mssp_adversarial/ds02/matched_delay/matched_false_flag_comparisons.csv,,,,,,,,,,,,
ds02,lstm_autoencoder,1,0.005,phase_conditioned,nearest,0.15,76,True,0.14473684210526316,0.14473684210526316,0.0,0.01216782717410923,0.013040319151841315,0.01397537301842291,0.01397537301842291,0,2,1,0.0,0.0,2.0,2.0,2.0,0.0,2.0,5.0,0.0,2.0,0.0,0.22857142857142856,0.13043478260869565,0.05555555555555555,0.2571428571428571,0.043478260869565216,0.3333333333333333,0.3333333333333333,1.0,1.0,1.0,0.3333333333333333,0.3333333333333333,0.6666666666666666,1.0,1.0,0,0,results/mssp_adversarial/ds02/matched_delay/matched_false_flag_comparisons.csv,,,,,,,,,,,,
ds02,lstm_autoencoder,1,0.005,phase_conditioned,nearest,0.2,76,True,0.19736842105263158,0.19736842105263158,0.0,0.009885245709128281,0.01059406557118851,0.011618843640511002,0.011618843640511002,0,2,1,0.0,0.0,2.0,2.0,2.0,0.0,2.0,5.0,0.0,2.0,0.2222222222222222,0.22857142857142856,0.13043478260869565,0.05555555555555555,0.34285714285714286,0.08695652173913043,0.3333333333333333,0.3333333333333333,1.0,1.0,1.0,0.3333333333333333,0.3333333333333333,0.6666666666666666,1.0,1.0,0,0,results/mssp_adversarial/ds02/matched_delay/matched_false_flag_comparisons.csv,,,,,,,,,,,,
ds02,lstm_autoencoder,1,0.005,phase_conditioned,not_exceeding,0.025,76,False,0.013157894736842105,0.0,-0.013157894736842105,0.028585141796844713,0.029252663374366446,1.0,1.0,0,0,3,inf,inf,inf,17.0,17.0,17.0,19.0,inf,inf,inf,0.0,0.02857142857142857,0.0,0.0,0.0,0.0,0.0,0.0,0.0,0.0,0.0,0.0,0.0,0.0,0.0,0.0,0,3,results/mssp_adversarial/ds02/matched_delay/matched_false_flag_comparisons.csv,,,,,,,,,,,,
ds02,lstm_autoencoder,1,0.005,phase_conditioned,not_exceeding,0.05,76,True,0.039473684210526314,0.039473684210526314,0.0,0.0254691843897454,0.02793285250948253,0.0558299408744192,0.05983321728796282,3,0,0,-5.0,-4.0,13.0,17.0,17.0,17.0,19.0,13.0,9.0,14.0,0.0,0.08571428571428572,0.0,0.0,0.08571428571428572,0.0,0.0,0.0,0.0,0.0,0.0,0.0,0.0,0.0,0.0,0.3333333333333333,0,0,results/mssp_adversarial/ds02/matched_delay/matched_false_flag_comparisons.csv,,,,,,,,,,,,
ds02,lstm_autoencoder,1,0.005,phase_conditioned,not_exceeding,0.1,76,False,0.039473684210526314,0.09210526315789473,0.05263157894736842,0.0254691843897454,0.02793285250948253,0.020219220618983534,0.020219220618983534,3,0,0,-12.0,-10.0,7.0,17.0,17.0,17.0,19.0,10.0,0.0,7.0,0.0,0.08571428571428572,0.0,0.0,0.2,0.0,0.0,0.0,0.0,0.0,0.0,0.3333333333333333,0.3333333333333333,0.3333333333333333,0.3333333333333333,1.0,0,0,results/mssp_adversarial/ds02/matched_delay/matched_false_flag_comparisons.csv,,,,,,,,,,,,
ds02,lstm_autoencoder,1,0.005,phase_conditioned,not_exceeding,0.15,76,True,0.14473684210526316,0.14473684210526316,0.0,0.01216782717410923,0.013040319151841315,0.01397537301842291,0.01397537301842291,0,2,1,0.0,0.0,2.0,2.0,2.0,0.0,2.0,5.0,0.0,2.0,0.0,0.22857142857142856,0.13043478260869565,0.05555555555555555,0.2571428571428571,0.043478260869565216,0.3333333333333333,0.3333333333333333,1.0,1.0,1.0,0.3333333333333333,0.3333333333333333,0.6666666666666666,1.0,1.0,0,0,results/mssp_adversarial/ds02/matched_delay/matched_false_flag_comparisons.csv,,,,,,,,,,,,
ds02,lstm_autoencoder,1,0.005,phase_conditioned,not_exceeding,0.2,76,True,0.19736842105263158,0.19736842105263158,0.0,0.009885245709128281,0.01059406557118851,0.011618843640511002,0.011618843640511002,0,2,1,0.0,0.0,2.0,2.0,2.0,0.0,2.0,5.0,0.0,2.0,0.2222222222222222,0.22857142857142856,0.13043478260869565,0.05555555555555555,0.34285714285714286,0.08695652173913043,0.3333333333333333,0.3333333333333333,1.0,1.0,1.0,0.3333333333333333,0.3333333333333333,0.6666666666666666,1.0,1.0,0,0,results/mssp_adversarial/ds02/matched_delay/matched_false_flag_comparisons.csv,,,,,,,,,,,,
ds02,lstm_autoencoder,1,0.005,causal_regime,nearest,0.025,76,False,0.013157894736842105,0.039473684210526314,0.02631578947368421,0.028585141796844713,0.029252663374366446,0.12238249369681924,0.131157909589685,3,0,0,-4.0,-4.0,13.0,17.0,17.0,17.0,19.0,13.0,12.0,16.0,0.0,0.02857142857142857,0.0,0.0,0.08571428571428572,0.0,0.0,0.0,0.0,0.0,0.0,0.0,0.0,0.0,0.0,0.0,0,0,results/mssp_adversarial/ds02/matched_delay/matched_false_flag_comparisons.csv,,,,,,,,,,,,
ds02,lstm_autoencoder,1,0.005,causal_regime,nearest,0.05,76,True,0.039473684210526314,0.05263157894736842,0.013157894736842105,0.0254691843897454,0.02793285250948253,0.05983321728796282,0.05983321728796282,3,0,0,-6.0,-4.0,13.0,17.0,17.0,17.0,19.0,13.0,9.0,13.0,0.0,0.08571428571428572,0.0,0.05555555555555555,0.08571428571428572,0.0,0.0,0.0,0.0,0.0,0.0,0.0,0.0,0.0,0.0,0.3333333333333333,0,0,results/mssp_adversarial/ds02/matched_delay/matched_false_flag_comparisons.csv,,,,,,,,,,,,
ds02,lstm_autoencoder,1,0.005,causal_regime,nearest,0.1,76,True,0.10526315789473684,0.09210526315789473,-0.013157894736842105,0.019757834731786994,0.02166903639411181,0.03858923467029903,0.03858923467029903,2,1,0,-4.0,-4.0,11.0,15.0,15.0,0.0,19.0,11.0,0.0,12.0,0.0,0.22857142857142856,0.0,0.05555555555555555,0.17142857142857143,0.0,0.3333333333333333,0.3333333333333333,0.3333333333333333,0.3333333333333333,0.3333333333333333,0.3333333333333333,0.3333333333333333,0.3333333333333333,0.3333333333333333,0.3333333333333333,0,0,results/mssp_adversarial/ds02/matched_delay/matched_false_flag_comparisons.csv,,,,,,,,,,,,
ds02,lstm_autoencoder,1,0.005,causal_regime,nearest,0.15,76,True,0.14473684210526316,0.15789473684210525,0.01315789473684209,0.01216782717410923,0.013040319151841315,0.030634834526960843,0.030634834526960843,0,1,2,5.0,5.0,7.0,2.0,2.0,0.0,2.0,11.0,0.0,7.0,0.0,0.22857142857142856,0.13043478260869565,0.05555555555555555,0.3142857142857143,0.0,0.3333333333333333,0.3333333333333333,1.0,1.0,1.0,0.3333333333333333,0.3333333333333333,0.3333333333333333,0.3333333333333333,0.6666666666666666,0,0,results/mssp_adversarial/ds02/matched_delay/matched_false_flag_comparisons.csv,,,,,,,,,,,,
ds02,lstm_autoencoder,1,0.005,causal_regime,nearest,0.2,76,True,0.19736842105263158,0.19736842105263158,0.0,0.009885245709128281,0.01059406557118851,0.015327229459526134,0.016051432043647614,0,1,2,3.0,3.0,5.0,2.0,2.0,0.0,2.0,5.0,0.0,7.0,0.2222222222222222,0.22857142857142856,0.13043478260869565,0.05555555555555555,0.4,0.0,0.3333333333333333,0.3333333333333333,1.0,1.0,1.0,0.3333333333333333,0.3333333333333333,0.3333333333333333,0.6666666666666666,1.0,0,0,results/mssp_adversarial/ds02/matched_delay/matched_false_flag_comparisons.csv,,,,,,,,,,,,
ds02,lstm_autoencoder,1,0.005,causal_regime,not_exceeding,0.025,76,False,0.013157894736842105,0.0,-0.013157894736842105,0.028585141796844713,0.029252663374366446,1.0,1.0,0,0,3,inf,inf,inf,17.0,17.0,17.0,19.0,inf,inf,inf,0.0,0.02857142857142857,0.0,0.0,0.0,0.0,0.0,0.0,0.0,0.0,0.0,0.0,0.0,0.0,0.0,0.0,0,3,results/mssp_adversarial/ds02/matched_delay/matched_false_flag_comparisons.csv,,,,,,,,,,,,
ds02,lstm_autoencoder,1,0.005,causal_regime,not_exceeding,0.05,76,True,0.039473684210526314,0.039473684210526314,0.0,0.0254691843897454,0.02793285250948253,0.12238249369681924,0.131157909589685,3,0,0,-4.0,-4.0,13.0,17.0,17.0,17.0,19.0,13.0,12.0,16.0,0.0,0.08571428571428572,0.0,0.0,0.08571428571428572,0.0,0.0,0.0,0.0,0.0,0.0,0.0,0.0,0.0,0.0,0.0,0,0,results/mssp_adversarial/ds02/matched_delay/matched_false_flag_comparisons.csv,,,,,,,,,,,,
ds02,lstm_autoencoder,1,0.005,causal_regime,not_exceeding,0.1,76,False,0.039473684210526314,0.09210526315789473,0.05263157894736842,0.0254691843897454,0.02793285250948253,0.03858923467029903,0.03858923467029903,3,0,0,-7.0,-6.0,11.0,17.0,17.0,17.0,19.0,11.0,0.0,12.0,0.0,0.08571428571428572,0.0,0.05555555555555555,0.17142857142857143,0.0,0.0,0.0,0.0,0.0,0.0,0.3333333333333333,0.3333333333333333,0.3333333333333333,0.3333333333333333,0.3333333333333333,0,0,results/mssp_adversarial/ds02/matched_delay/matched_false_flag_comparisons.csv,,,,,,,,,,,,
ds02,lstm_autoencoder,1,0.005,causal_regime,not_exceeding,0.15,76,False,0.14473684210526316,0.13157894736842105,-0.013157894736842118,0.01216782717410923,0.013040319151841315,0.03518567725739263,0.03518567725739263,0,1,2,5.0,5.0,7.0,2.0,2.0,0.0,2.0,11.0,0.0,7.0,0.0,0.22857142857142856,0.13043478260869565,0.05555555555555555,0.2571428571428571,0.0,0.3333333333333333,0.3333333333333333,1.0,1.0,1.0,0.3333333333333333,0.3333333333333333,0.3333333333333333,0.3333333333333333,0.6666666666666666,0,0,results/mssp_adversarial/ds02/matched_delay/matched_false_flag_comparisons.csv,,,,,,,,,,,,
ds02,lstm_autoencoder,1,0.005,causal_regime,not_exceeding,0.2,76,True,0.19736842105263158,0.19736842105263158,0.0,0.009885245709128281,0.01059406557118851,0.015327229459526134,0.016051432043647614,0,1,2,3.0,3.0,5.0,2.0,2.0,0.0,2.0,5.0,0.0,7.0,0.2222222222222222,0.22857142857142856,0.13043478260869565,0.05555555555555555,0.4,0.0,0.3333333333333333,0.3333333333333333,1.0,1.0,1.0,0.3333333333333333,0.3333333333333333,0.3333333333333333,0.6666666666666666,1.0,0,0,results/mssp_adversarial/ds02/matched_delay/matched_false_flag_comparisons.csv,,,,,,,,,,,,
ds02,lstm_autoencoder,1,0.01,phase_conditioned,nearest,0.025,76,True,0.013157894736842105,0.02631578947368421,0.013157894736842105,0.09065535934216358,0.09065535934216358,0.1506415800129591,0.1506415800129591,3,0,0,-6.0,-3.0,10.0,13.0,13.0,13.0,16.0,10.0,7.0,10.0,0.0,0.02857142857142857,0.0,0.0,0.05714285714285714,0.0,0.0,0.0,0.0,0.0,0.0,0.0,0.0,0.0,0.0,1.0,0,0,results/mssp_adversarial/ds02/matched_delay/matched_false_flag_comparisons.csv,,,,,,,,,,,,
ds02,lstm_autoencoder,1,0.01,phase_conditioned,nearest,0.05,76,True,0.05263157894736842,0.05263157894736842,0.0,0.050905759020366814,0.050905759020366814,0.06872151605431122,0.06872151605431122,3,0,0,-5.0,-6.0,7.0,13.0,13.0,10.0,13.0,10.0,5.0,7.0,0.05555555555555555,0.08571428571428572,0.0,0.0,0.11428571428571428,0.0,0.0,0.0,0.0,0.0,0.3333333333333333,0.0,0.0,0.0,0.3333333333333333,1.0,0,0,results/mssp_adversarial/ds02/matched_delay/matched_false_flag_comparisons.csv,,,,,,,,,,,,
ds02,lstm_autoencoder,1,0.01,phase_conditioned,nearest,0.1,76,True,0.10526315789473684,0.10526315789473684,0.0,0.03168469860896445,0.032082312454210775,0.03438276921143307,0.037708660259934516,1,0,2,1.0,3.0,5.0,2.0,13.0,0.0,2.0,5.0,1.0,7.0,0.05555555555555555,0.2,0.0,0.0,0.2,0.043478260869565216,0.3333333333333333,0.3333333333333333,0.6666666666666666,0.6666666666666666,0.6666666666666666,0.0,0.3333333333333333,0.3333333333333333,0.6666666666666666,1.0,0,0,results/mssp_adversarial/ds02/matched_delay/matched_false_flag_comparisons.csv,,,,,,,,,,,,
ds02,lstm_autoencoder,1,0.01,phase_conditioned,nearest,0.15,76,True,0.14473684210526316,0.14473684210526316,0.0,0.02269288562880081,0.024887998672586672,0.0254691843897454,0.0254691843897454,0,1,2,1.0,0.0,2.0,2.0,2.0,0.0,2.0,5.0,1.0,2.0,0.05555555555555555,0.22857142857142856,0.08695652173913043,0.0,0.22857142857142856,0.13043478260869565,0.3333333333333333,0.3333333333333333,1.0,1.0,1.0,0.0,0.3333333333333333,0.6666666666666666,1.0,1.0,0,0,results/mssp_adversarial/ds02/matched_delay/matched_false_flag_comparisons.csv,,,,,,,,,,,,
ds02,lstm_autoencoder,1,0.01,phase_conditioned,nearest,0.2,76,True,0.19736842105263158,0.21052631578947367,0.01315789473684209,0.019601178336732382,0.019601178336732382,0.023222810962777247,0.02322682982098346,0,2,1,0.0,0.0,2.0,2.0,2.0,0.0,2.0,5.0,0.0,2.0,0.05555555555555555,0.2857142857142857,0.17391304347826086,0.05555555555555555,0.34285714285714286,0.13043478260869565,0.3333333333333333,0.3333333333333333,1.0,1.0,1.0,0.3333333333333333,0.3333333333333333,0.6666666666666666,1.0,1.0,0,0,results/mssp_adversarial/ds02/matched_delay/matched_false_flag_comparisons.csv,,,,,,,,,,,,
ds02,lstm_autoencoder,1,0.01,phase_conditioned,not_exceeding,0.025,76,False,0.013157894736842105,0.0,-0.013157894736842105,0.09065535934216358,0.09065535934216358,1.0,1.0,0,0,3,inf,inf,inf,13.0,13.0,13.0,16.0,inf,inf,inf,0.0,0.02857142857142857,0.0,0.0,0.0,0.0,0.0,0.0,0.0,0.0,0.0,0.0,0.0,0.0,0.0,0.0,0,3,results/mssp_adversarial/ds02/matched_delay/matched_false_flag_comparisons.csv,,,,,,,,,,,,
ds02,lstm_autoencoder,1,0.01,phase_conditioned,not_exceeding,0.05,76,True,0.039473684210526314,0.039473684210526314,0.0,0.08265958738801812,0.08858667904100823,0.13735504373605123,0.14720406378260012,3,0,0,-6.0,-3.0,10.0,13.0,13.0,13.0,16.0,10.0,7.0,10.0,0.0,0.08571428571428572,0.0,0.0,0.08571428571428572,0.0,0.0,0.0,0.0,0.0,0.0,0.0,0.0,0.0,0.0,1.0,0,0,results/mssp_adversarial/ds02/matched_delay/matched_false_flag_comparisons.csv,,,,,,,,,,,,
ds02,lstm_autoencoder,1,0.01,phase_conditioned,not_exceeding,0.1,76,False,0.07894736842105263,0.09210526315789473,0.013157894736842105,0.03283150012563047,0.03283150012563047,0.046415888336127774,0.05209451270253212,1,0,2,1.0,5.0,7.0,2.0,13.0,0.0,2.0,10.0,1.0,7.0,0.05555555555555555,0.14285714285714285,0.0,0.0,0.2,0.0,0.3333333333333333,0.3333333333333333,0.6666666666666666,0.6666666666666666,0.6666666666666666,0.0,0.3333333333333333,0.3333333333333333,0.3333333333333333,1.0,0,0,results/mssp_adversarial/ds02/matched_delay/matched_false_flag_comparisons.csv,,,,,,,,,,,,
ds02,lstm_autoencoder,1,0.01,phase_conditioned,not_exceeding,0.15,76,True,0.14473684210526316,0.14473684210526316,0.0,0.02269288562880081,0.024887998672586672,0.0254691843897454,0.0254691843897454,0,1,2,1.0,0.0,2.0,2.0,2.0,0.0,2.0,5.0,1.0,2.0,0.05555555555555555,0.22857142857142856,0.08695652173913043,0.0,0.22857142857142856,0.13043478260869565,0.3333333333333333,0.3333333333333333,1.0,1.0,1.0,0.0,0.3333333333333333,0.6666666666666666,1.0,1.0,0,0,results/mssp_adversarial/ds02/matched_delay/matched_false_flag_comparisons.csv,,,,,,,,,,,,
ds02,lstm_autoencoder,1,0.01,phase_conditioned,not_exceeding,0.2,76,False,0.19736842105263158,0.17105263157894737,-0.02631578947368421,0.019601178336732382,0.019601178336732382,0.02376511113811073,0.02376511113811073,0,2,1,0.0,0.0,2.0,2.0,2.0,0.0,2.0,5.0,0.0,2.0,0.05555555555555555,0.2857142857142857,0.17391304347826086,0.0,0.2857142857142857,0.13043478260869565,0.3333333333333333,0.3333333333333333,1.0,1.0,1.0,0.3333333333333333,0.3333333333333333,0.6666666666666666,1.0,1.0,0,0,results/mssp_adversarial/ds02/matched_delay/matched_false_flag_comparisons.csv,,,,,,,,,,,,
ds02,lstm_autoencoder,1,0.01,causal_regime,nearest,0.025,76,True,0.013157894736842105,0.013157894736842105,0.0,0.09065535934216358,0.09065535934216358,0.21297116275234781,0.21297116275234781,3,0,0,-4.0,-3.0,10.0,13.0,13.0,13.0,16.0,10.0,9.0,12.0,0.0,0.02857142857142857,0.0,0.0,0.02857142857142857,0.0,0.0,0.0,0.0,0.0,0.0,0.0,0.0,0.0,0.0,0.6666666666666666,0,0,results/mssp_adversarial/ds02/matched_delay/matched_false_flag_comparisons.csv,,,,,,,,,,,,
ds02,lstm_autoencoder,1,0.01,causal_regime,nearest,0.05,76,True,0.05263157894736842,0.05263157894736842,0.0,0.050905759020366814,0.050905759020366814,0.08077336398796711,0.08265958738801812,3,0,0,-6.0,-6.0,7.0,13.0,13.0,10.0,13.0,8.0,1.0,7.0,0.05555555555555555,0.08571428571428572,0.0,0.0,0.11428571428571428,0.0,0.0,0.0,0.0,0.0,0.3333333333333333,0.0,0.3333333333333333,0.3333333333333333,0.3333333333333333,1.0,0,0,results/mssp_adversarial/ds02/matched_delay/matched_false_flag_comparisons.csv,,,,,,,,,,,,
ds02,lstm_autoencoder,1,0.01,causal_regime,nearest,0.1,76,True,0.10526315789473684,0.10526315789473684,0.0,0.03168469860896445,0.032082312454210775,0.06715334791115142,0.07196856730011514,1,0,2,1.0,5.0,7.0,2.0,13.0,0.0,2.0,8.0,1.0,7.0,0.05555555555555555,0.2,0.0,0.05555555555555555,0.2,0.0,0.3333333333333333,0.3333333333333333,0.6666666666666666,0.6666666666666666,0.6666666666666666,0.0,0.3333333333333333,0.3333333333333333,0.3333333333333333,1.0,0,0,results/mssp_adversarial/ds02/matched_delay/matched_false_flag_comparisons.csv,,,,,,,,,,,,
ds02,lstm_autoencoder,1,0.01,causal_regime,nearest,0.15,76,True,0.14473684210526316,0.14473684210526316,0.0,0.02269288562880081,0.024887998672586672,0.047499794346614124,0.047499794346614124,0,1,2,5.0,5.0,7.0,2.0,2.0,0.0,2.0,8.0,0.0,7.0,0.05555555555555555,0.22857142857142856,0.08695652173913043,0.05555555555555555,0.2857142857142857,0.0,0.3333333333333333,0.3333333333333333,1.0,1.0,1.0,0.3333333333333333,0.3333333333333333,0.3333333333333333,0.3333333333333333,1.0,0,0,results/mssp_adversarial/ds02/matched_delay/matched_false_flag_comparisons.csv,,,,,,,,,,,,
ds02,lstm_autoencoder,1,0.01,causal_regime,nearest,0.2,76,True,0.19736842105263158,0.19736842105263158,0.0,0.019601178336732382,0.019601178336732382,0.03858923467029903,0.04535671616408702,0,1,2,5.0,5.0,7.0,2.0,2.0,0.0,2.0,8.0,0.0,7.0,0.05555555555555555,0.2857142857142857,0.17391304347826086,0.05555555555555555,0.4,0.0,0.3333333333333333,0.3333333333333333,1.0,1.0,1.0,0.3333333333333333,0.3333333333333333,0.3333333333333333,0.3333333333333333,1.0,0,0,results/mssp_adversarial/ds02/matched_delay/matched_false_flag_comparisons.csv,,,,,,,,,,,,
ds02,lstm_autoencoder,1,0.01,causal_regime,not_exceeding,0.025,76,True,0.013157894736842105,0.013157894736842105,0.0,0.09065535934216358,0.09065535934216358,0.21297116275234781,0.21297116275234781,3,0,0,-4.0,-3.0,10.0,13.0,13.0,13.0,16.0,10.0,9.0,12.0,0.0,0.02857142857142857,0.0,0.0,0.02857142857142857,0.0,0.0,0.0,0.0,0.0,0.0,0.0,0.0,0.0,0.0,0.6666666666666666,0,0,results/mssp_adversarial/ds02/matched_delay/matched_false_flag_comparisons.csv,,,,,,,,,,,,
ds02,lstm_autoencoder,1,0.01,causal_regime,not_exceeding,0.05,76,True,0.039473684210526314,0.039473684210526314,0.0,0.08265958738801812,0.08858667904100823,0.1770599351226898,0.2081113370090395,3,0,0,-4.0,-3.0,10.0,13.0,13.0,13.0,16.0,10.0,9.0,12.0,0.0,0.08571428571428572,0.0,0.0,0.08571428571428572,0.0,0.0,0.0,0.0,0.0,0.0,0.0,0.0,0.0,0.0,0.6666666666666666,0,0,results/mssp_adversarial/ds02/matched_delay/matched_false_flag_comparisons.csv,,,,,,,,,,,,
ds02,lstm_autoencoder,1,0.01,causal_regime,not_exceeding,0.1,76,False,0.07894736842105263,0.09210526315789473,0.013157894736842105,0.03283150012563047,0.03283150012563047,0.07364918067322965,0.07536903980898542,1,0,2,1.0,5.0,7.0,2.0,13.0,0.0,2.0,8.0,1.0,7.0,0.05555555555555555,0.14285714285714285,0.0,0.05555555555555555,0.17142857142857143,0.0,0.3333333333333333,0.3333333333333333,0.6666666666666666,0.6666666666666666,0.6666666666666666,0.0,0.3333333333333333,0.3333333333333333,0.3333333333333333,1.0,0,0,results/mssp_adversarial/ds02/matched_delay/matched_false_flag_comparisons.csv,,,,,,,,,,,,
ds02,lstm_autoencoder,1,0.01,causal_regime,not_exceeding,0.15,76,True,0.14473684210526316,0.14473684210526316,0.0,0.02269288562880081,0.024887998672586672,0.047499794346614124,0.047499794346614124,0,1,2,5.0,5.0,7.0,2.0,2.0,0.0,2.0,8.0,0.0,7.0,0.05555555555555555,0.22857142857142856,0.08695652173913043,0.05555555555555555,0.2857142857142857,0.0,0.3333333333333333,0.3333333333333333,1.0,1.0,1.0,0.3333333333333333,0.3333333333333333,0.3333333333333333,0.3333333333333333,1.0,0,0,results/mssp_adversarial/ds02/matched_delay/matched_false_flag_comparisons.csv,,,,,,,,,,,,
ds02,lstm_autoencoder,1,0.01,causal_regime,not_exceeding,0.2,76,True,0.19736842105263158,0.19736842105263158,0.0,0.019601178336732382,0.019601178336732382,0.03858923467029903,0.04535671616408702,0,1,2,5.0,5.0,7.0,2.0,2.0,0.0,2.0,8.0,0.0,7.0,0.05555555555555555,0.2857142857142857,0.17391304347826086,0.05555555555555555,0.4,0.0,0.3333333333333333,0.3333333333333333,1.0,1.0,1.0,0.3333333333333333,0.3333333333333333,0.3333333333333333,0.3333333333333333,1.0,0,0,results/mssp_adversarial/ds02/matched_delay/matched_false_flag_comparisons.csv,,,,,,,,,,,,
ds02,lstm_autoencoder,1,0.02,phase_conditioned,nearest,0.025,76,True,0.02631578947368421,0.013157894736842105,-0.013157894736842105,0.18975598765218504,0.18975598765218504,0.25032039797173256,0.2561658916945727,3,0,0,-2.0,-2.0,8.0,10.0,10.0,9.0,12.0,8.0,5.0,10.0,0.0,0.05714285714285714,0.0,0.0,0.02857142857142857,0.0,0.0,0.0,0.0,0.0,0.6666666666666666,0.0,0.0,0.0,0.3333333333333333,1.0,0,0,results/mssp_adversarial/ds02/matched_delay/matched_false_flag_comparisons.csv,,,,,,,,,,,,
ds02,lstm_autoencoder,1,0.02,phase_conditioned,nearest,0.05,76,True,0.05263157894736842,0.05263157894736842,0.0,0.08858667904100823,0.08858667904100823,0.11419421680558647,0.1506415800129591,3,0,0,-3.0,-3.0,5.0,8.0,8.0,5.0,8.0,7.0,1.0,5.0,0.05555555555555555,0.08571428571428572,0.0,0.0,0.11428571428571428,0.0,0.0,0.0,0.0,0.3333333333333333,1.0,0.0,0.3333333333333333,0.3333333333333333,0.6666666666666666,1.0,0,0,results/mssp_adversarial/ds02/matched_delay/matched_false_flag_comparisons.csv,,,,,,,,,,,,
ds02,lstm_autoencoder,1,0.02,phase_conditioned,nearest,0.1,76,True,0.10526315789473684,0.10526315789473684,0.0,0.07893018264543566,0.07893018264543566,0.08858667904100823,0.10655379505623053,1,1,1,0.0,3.0,5.0,2.0,8.0,1.0,2.0,7.0,1.0,5.0,0.05555555555555555,0.17142857142857143,0.043478260869565216,0.0,0.22857142857142856,0.0,0.0,0.3333333333333333,0.6666666666666666,0.6666666666666666,1.0,0.0,0.3333333333333333,0.3333333333333333,0.6666666666666666,1.0,0,0,results/mssp_adversarial/ds02/matched_delay/matched_false_flag_comparisons.csv,,,,,,,,,,,,
ds02,lstm_autoencoder,1,0.02,phase_conditioned,nearest,0.15,76,True,0.14473684210526316,0.14473684210526316,0.0,0.06123044539605184,0.06266030164072656,0.057133684283155795,0.05846787276937589,1,2,0,0.0,0.0,2.0,2.0,5.0,1.0,2.0,3.0,1.0,2.0,0.05555555555555555,0.2571428571428571,0.043478260869565216,0.0,0.2571428571428571,0.08695652173913043,0.0,0.3333333333333333,0.6666666666666666,1.0,1.0,0.0,0.3333333333333333,1.0,1.0,1.0,0,0,results/mssp_adversarial/ds02/matched_delay/matched_false_flag_comparisons.csv,,,,,,,,,,,,
ds02,lstm_autoencoder,1,0.02,phase_conditioned,nearest,0.2,76,False,0.18421052631578946,0.19736842105263158,0.013157894736842118,0.047499794346614124,0.05455594781168514,0.03949037229576702,0.04135626917817706,1,2,0,0.0,0.0,2.0,2.0,5.0,1.0,2.0,3.0,1.0,2.0,0.05555555555555555,0.34285714285714286,0.043478260869565216,0.05555555555555555,0.2857142857142857,0.17391304347826086,0.0,0.3333333333333333,0.6666666666666666,1.0,1.0,0.0,0.3333333333333333,1.0,1.0,1.0,0,0,results/mssp_adversarial/ds02/matched_delay/matched_false_flag_comparisons.csv,,,,,,,,,,,,
ds02,lstm_autoencoder,1,0.02,phase_conditioned,not_exceeding,0.025,76,False,0.0,0.013157894736842105,0.013157894736842105,1.0,1.0,0.25032039797173256,0.2561658916945727,3,0,0,-inf,-inf,8.0,inf,inf,inf,inf,8.0,5.0,10.0,0.0,0.0,0.0,0.0,0.02857142857142857,0.0,0.0,0.0,0.0,0.0,0.0,0.0,0.0,0.0,0.3333333333333333,1.0,3,0,results/mssp_adversarial/ds02/matched_delay/matched_false_flag_comparisons.csv,,,,,,,,,,,,
ds02,lstm_autoencoder,1,0.02,phase_conditioned,not_exceeding,0.05,76,True,0.039473684210526314,0.039473684210526314,0.0,0.15775930613623615,0.18542591299878522,0.22303392502884964,0.2446082935796798,3,0,0,-2.0,-2.0,8.0,10.0,10.0,9.0,12.0,8.0,5.0,10.0,0.0,0.08571428571428572,0.0,0.0,0.08571428571428572,0.0,0.0,0.0,0.0,0.0,0.6666666666666666,0.0,0.0,0.0,0.3333333333333333,1.0,0,0,results/mssp_adversarial/ds02/matched_delay/matched_false_flag_comparisons.csv,,,,,,,,,,,,
ds02,lstm_autoencoder,1,0.02,phase_conditioned,not_exceeding,0.1,76,False,0.09210526315789473,0.07894736842105263,-0.013157894736842105,0.08077336398796711,0.08077336398796711,0.10904204429677526,0.10904204429677526,1,1,1,0.0,3.0,5.0,2.0,8.0,1.0,2.0,7.0,1.0,5.0,0.05555555555555555,0.14285714285714285,0.043478260869565216,0.0,0.17142857142857143,0.0,0.0,0.3333333333333333,0.6666666666666666,0.6666666666666666,1.0,0.0,0.3333333333333333,0.3333333333333333,0.6666666666666666,1.0,0,0,results/mssp_adversarial/ds02/matched_delay/matched_false_flag_comparisons.csv,,,,,,,,,,,,
ds02,lstm_autoencoder,1,0.02,phase_conditioned,not_exceeding,0.15,76,True,0.14473684210526316,0.14473684210526316,0.0,0.06123044539605184,0.06266030164072656,0.057133684283155795,0.05846787276937589,1,2,0,0.0,0.0,2.0,2.0,5.0,1.0,2.0,3.0,1.0,2.0,0.05555555555555555,0.2571428571428571,0.043478260869565216,0.0,0.2571428571428571,0.08695652173913043,0.0,0.3333333333333333,0.6666666666666666,1.0,1.0,0.0,0.3333333333333333,1.0,1.0,1.0,0,0,results/mssp_adversarial/ds02/matched_delay/matched_false_flag_comparisons.csv,,,,,,,,,,,,
ds02,lstm_autoencoder,1,0.02,phase_conditioned,not_exceeding,0.2,76,False,0.18421052631578946,0.19736842105263158,0.013157894736842118,0.047499794346614124,0.05455594781168514,0.03949037229576702,0.04135626917817706,1,2,0,0.0,0.0,2.0,2.0,5.0,1.0,2.0,3.0,1.0,2.0,0.05555555555555555,0.34285714285714286,0.043478260869565216,0.05555555555555555,0.2857142857142857,0.17391304347826086,0.0,0.3333333333333333,0.6666666666666666,1.0,1.0,0.0,0.3333333333333333,1.0,1.0,1.0,0,0,results/mssp_adversarial/ds02/matched_delay/matched_false_flag_comparisons.csv,,,,,,,,,,,,
ds02,lstm_autoencoder,1,0.02,causal_regime,nearest,0.025,76,True,0.02631578947368421,0.013157894736842105,-0.013157894736842105,0.18975598765218504,0.18975598765218504,0.2875058040944877,0.2942196531724374,2,1,0,-2.0,-1.0,9.0,10.0,10.0,9.0,12.0,7.0,9.0,10.0,0.0,0.05714285714285714,0.0,0.0,0.02857142857142857,0.0,0.0,0.0,0.0,0.0,0.6666666666666666,0.0,0.0,0.0,0.0,1.0,0,0,results/mssp_adversarial/ds02/matched_delay/matched_false_flag_comparisons.csv,,,,,,,,,,,,
ds02,lstm_autoencoder,1,0.02,causal_regime,nearest,0.05,76,True,0.05263157894736842,0.05263157894736842,0.0,0.08858667904100823,0.08858667904100823,0.12816499459957584,0.17301957388458944,3,0,0,-3.0,-3.0,5.0,8.0,8.0,5.0,8.0,7.0,1.0,5.0,0.05555555555555555,0.08571428571428572,0.0,0.0,0.11428571428571428,0.0,0.0,0.0,0.0,0.3333333333333333,1.0,0.0,0.3333333333333333,0.3333333333333333,0.6666666666666666,1.0,0,0,results/mssp_adversarial/ds02/matched_delay/matched_false_flag_comparisons.csv,,,,,,,,,,,,
ds02,lstm_autoencoder,1,0.02,causal_regime,nearest,0.1,76,True,0.10526315789473684,0.10526315789473684,0.0,0.07893018264543566,0.07893018264543566,0.10655379505623053,0.11686088553466509,1,1,1,0.0,3.0,5.0,2.0,8.0,1.0,2.0,7.0,1.0,5.0,0.05555555555555555,0.17142857142857143,0.043478260869565216,0.0,0.22857142857142856,0.0,0.0,0.3333333333333333,0.6666666666666666,0.6666666666666666,1.0,0.0,0.3333333333333333,0.3333333333333333,0.6666666666666666,1.0,0,0,results/mssp_adversarial/ds02/matched_delay/matched_false_flag_comparisons.csv,,,,,,,,,,,,
ds02,lstm_autoencoder,1,0.02,causal_regime,nearest,0.15,76,True,0.14473684210526316,0.14473684210526316,0.0,0.06123044539605184,0.06266030164072656,0.06412354795576918,0.07032630413380643,2,0,1,-1.0,1.0,3.0,2.0,5.0,1.0,2.0,3.0,0.0,5.0,0.05555555555555555,0.2571428571428571,0.043478260869565216,0.05555555555555555,0.2857142857142857,0.0,0.0,0.3333333333333333,0.6666666666666666,1.0,1.0,0.3333333333333333,0.3333333333333333,0.6666666666666666,1.0,1.0,0,0,results/mssp_adversarial/ds02/matched_delay/matched_false_flag_comparisons.csv,,,,,,,,,,,,
ds02,lstm_autoencoder,1,0.02,causal_regime,nearest,0.2,76,False,0.18421052631578946,0.19736842105263158,0.013157894736842118,0.047499794346614124,0.05455594781168514,0.05846787276937589,0.06123044539605184,2,0,1,-1.0,1.0,3.0,2.0,5.0,1.0,2.0,3.0,0.0,5.0,0.05555555555555555,0.34285714285714286,0.043478260869565216,0.05555555555555555,0.4,0.0,0.0,0.3333333333333333,0.6666666666666666,1.0,1.0,0.3333333333333333,0.3333333333333333,0.6666666666666666,1.0,1.0,0,0,results/mssp_adversarial/ds02/matched_delay/matched_false_flag_comparisons.csv,,,,,,,,,,,,
ds02,lstm_autoencoder,1,0.02,causal_regime,not_exceeding,0.025,76,False,0.0,0.013157894736842105,0.013157894736842105,1.0,1.0,0.2875058040944877,0.2942196531724374,3,0,0,-inf,-inf,9.0,inf,inf,inf,inf,7.0,9.0,10.0,0.0,0.0,0.0,0.0,0.02857142857142857,0.0,0.0,0.0,0.0,0.0,0.0,0.0,0.0,0.0,0.0,1.0,3,0,results/mssp_adversarial/ds02/matched_delay/matched_false_flag_comparisons.csv,,,,,,,,,,,,
ds02,lstm_autoencoder,1,0.02,causal_regime,not_exceeding,0.05,76,True,0.039473684210526314,0.039473684210526314,0.0,0.15775930613623615,0.18542591299878522,0.19872184654880534,0.2745342233838714,3,0,0,-4.0,-5.0,5.0,10.0,10.0,9.0,12.0,7.0,5.0,5.0,0.0,0.08571428571428572,0.0,0.0,0.08571428571428572,0.0,0.0,0.0,0.0,0.0,0.6666666666666666,0.0,0.0,0.0,0.6666666666666666,1.0,0,0,results/mssp_adversarial/ds02/matched_delay/matched_false_flag_comparisons.csv,,,,,,,,,,,,
ds02,lstm_autoencoder,1,0.02,causal_regime,not_exceeding,0.1,76,True,0.09210526315789473,0.09210526315789473,0.0,0.08077336398796711,0.08077336398796711,0.11958982643749794,0.12238249369681924,1,1,1,0.0,3.0,5.0,2.0,8.0,1.0,2.0,7.0,1.0,5.0,0.05555555555555555,0.14285714285714285,0.043478260869565216,0.0,0.2,0.0,0.0,0.3333333333333333,0.6666666666666666,0.6666666666666666,1.0,0.0,0.3333333333333333,0.3333333333333333,0.6666666666666666,1.0,0,0,results/mssp_adversarial/ds02/matched_delay/matched_false_flag_comparisons.csv,,,,,,,,,,,,
ds02,lstm_autoencoder,1,0.02,causal_regime,not_exceeding,0.15,76,True,0.14473684210526316,0.14473684210526316,0.0,0.06123044539605184,0.06266030164072656,0.06412354795576918,0.07032630413380643,2,0,1,-1.0,1.0,3.0,2.0,5.0,1.0,2.0,3.0,0.0,5.0,0.05555555555555555,0.2571428571428571,0.043478260869565216,0.05555555555555555,0.2857142857142857,0.0,0.0,0.3333333333333333,0.6666666666666666,1.0,1.0,0.3333333333333333,0.3333333333333333,0.6666666666666666,1.0,1.0,0,0,results/mssp_adversarial/ds02/matched_delay/matched_false_flag_comparisons.csv,,,,,,,,,,,,
ds02,lstm_autoencoder,1,0.02,causal_regime,not_exceeding,0.2,76,False,0.18421052631578946,0.19736842105263158,0.013157894736842118,0.047499794346614124,0.05455594781168514,0.05846787276937589,0.06123044539605184,2,0,1,-1.0,1.0,3.0,2.0,5.0,1.0,2.0,3.0,0.0,5.0,0.05555555555555555,0.34285714285714286,0.043478260869565216,0.05555555555555555,0.4,0.0,0.0,0.3333333333333333,0.6666666666666666,1.0,1.0,0.3333333333333333,0.3333333333333333,0.6666666666666666,1.0,1.0,0,0,results/mssp_adversarial/ds02/matched_delay/matched_false_flag_comparisons.csv,,,,,,,,,,,,
ds02,lstm_autoencoder,2,0.005,phase_conditioned,nearest,0.025,76,True,0.013157894736842105,0.013157894736842105,0.0,0.040412553329506,0.04135626917817706,0.07032630413380643,0.07032630413380643,3,0,0,-4.0,-3.0,13.0,16.0,17.0,15.0,16.0,13.0,7.0,13.0,0.0,0.02857142857142857,0.0,0.0,0.02857142857142857,0.0,0.0,0.0,0.0,0.0,0.0,0.0,0.0,0.0,0.0,0.3333333333333333,0,0,results/mssp_adversarial/ds02/matched_delay/matched_false_flag_comparisons.csv,,,,,,,,,,,,
ds02,lstm_autoencoder,2,0.005,phase_conditioned,nearest,0.05,76,True,0.05263157894736842,0.05263157894736842,0.0,0.0254691843897454,0.0254691843897454,0.0254691843897454,0.0254691843897454,2,0,1,-4.0,-7.0,7.0,14.0,15.0,0.0,14.0,11.0,5.0,7.0,0.0,0.11428571428571428,0.0,0.0,0.11428571428571428,0.0,0.3333333333333333,0.3333333333333333,0.3333333333333333,0.3333333333333333,0.3333333333333333,0.0,0.0,0.0,0.3333333333333333,0.6666666666666666,0,0,results/mssp_adversarial/ds02/matched_delay/matched_false_flag_comparisons.csv,,,,,,,,,,,,
ds02,lstm_autoencoder,2,0.005,phase_conditioned,nearest,0.1,76,True,0.10526315789473684,0.10526315789473684,0.0,0.02117456691035712,0.024320075132679475,0.0206913808111479,0.0206913808111479,2,1,0,-5.0,-9.0,5.0,14.0,15.0,0.0,14.0,10.0,0.0,5.0,0.0,0.22857142857142856,0.0,0.0,0.2,0.043478260869565216,0.3333333333333333,0.3333333333333333,0.3333333333333333,0.3333333333333333,0.3333333333333333,0.3333333333333333,0.3333333333333333,0.3333333333333333,0.6666666666666666,1.0,0,0,results/mssp_adversarial/ds02/matched_delay/matched_false_flag_comparisons.csv,,,,,,,,,,,,
ds02,lstm_autoencoder,2,0.005,phase_conditioned,nearest,0.15,76,True,0.14473684210526316,0.14473684210526316,0.0,0.013040319151841315,0.01397537301842291,0.018435892216414878,0.018866408039732583,0,2,1,0.0,0.0,2.0,2.0,2.0,0.0,2.0,5.0,0.0,2.0,0.05555555555555555,0.22857142857142856,0.08695652173913043,0.0,0.2857142857142857,0.043478260869565216,0.3333333333333333,0.3333333333333333,1.0,1.0,1.0,0.3333333333333333,0.3333333333333333,0.6666666666666666,1.0,1.0,0,0,results/mssp_adversarial/ds02/matched_delay/matched_false_flag_comparisons.csv,,,,,,,,,,,,
ds02,lstm_autoencoder,2,0.005,phase_conditioned,nearest,0.2,76,True,0.19736842105263158,0.19736842105263158,0.0,0.010116086432495808,0.010352317759307377,0.011353711240885177,0.011618843640511002,0,2,1,0.0,0.0,2.0,2.0,2.0,0.0,2.0,5.0,0.0,2.0,0.16666666666666666,0.22857142857142856,0.17391304347826086,0.05555555555555555,0.3142857142857143,0.13043478260869565,0.3333333333333333,0.3333333333333333,1.0,1.0,1.0,0.3333333333333333,0.3333333333333333,0.6666666666666666,1.0,1.0,0,0,results/mssp_adversarial/ds02/matched_delay/matched_false_flag_comparisons.csv,,,,,,,,,,,,
ds02,lstm_autoencoder,2,0.005,phase_conditioned,not_exceeding,0.025,76,True,0.013157894736842105,0.013157894736842105,0.0,0.040412553329506,0.04135626917817706,0.07032630413380643,0.07032630413380643,3,0,0,-4.0,-3.0,13.0,16.0,17.0,15.0,16.0,13.0,7.0,13.0,0.0,0.02857142857142857,0.0,0.0,0.02857142857142857,0.0,0.0,0.0,0.0,0.0,0.0,0.0,0.0,0.0,0.0,0.3333333333333333,0,0,results/mssp_adversarial/ds02/matched_delay/matched_false_flag_comparisons.csv,,,,,,,,,,,,
ds02,lstm_autoencoder,2,0.005,phase_conditioned,not_exceeding,0.05,76,True,0.039473684210526314,0.039473684210526314,0.0,0.03684817982911676,0.03949037229576702,0.06412354795576918,0.06872151605431122,3,0,0,-4.0,-3.0,13.0,16.0,17.0,14.0,16.0,13.0,7.0,13.0,0.0,0.08571428571428572,0.0,0.0,0.08571428571428572,0.0,0.0,0.0,0.0,0.0,0.0,0.0,0.0,0.0,0.0,0.3333333333333333,0,0,results/mssp_adversarial/ds02/matched_delay/matched_false_flag_comparisons.csv,,,,,,,,,,,,
ds02,lstm_autoencoder,2,0.005,phase_conditioned,not_exceeding,0.1,76,False,0.07894736842105263,0.09210526315789473,0.013157894736842105,0.024887998672586672,0.024887998672586672,0.020975932877014793,0.02166903639411181,2,1,0,-5.0,-9.0,5.0,14.0,15.0,0.0,14.0,10.0,0.0,5.0,0.0,0.17142857142857143,0.0,0.0,0.2,0.0,0.3333333333333333,0.3333333333333333,0.3333333333333333,0.3333333333333333,0.3333333333333333,0.3333333333333333,0.3333333333333333,0.3333333333333333,0.6666666666666666,1.0,0,0,results/mssp_adversarial/ds02/matched_delay/matched_false_flag_comparisons.csv,,,,,,,,,,,,
ds02,lstm_autoencoder,2,0.005,phase_conditioned,not_exceeding,0.15,76,True,0.14473684210526316,0.14473684210526316,0.0,0.013040319151841315,0.01397537301842291,0.018435892216414878,0.018866408039732583,0,2,1,0.0,0.0,2.0,2.0,2.0,0.0,2.0,5.0,0.0,2.0,0.05555555555555555,0.22857142857142856,0.08695652173913043,0.0,0.2857142857142857,0.043478260869565216,0.3333333333333333,0.3333333333333333,1.0,1.0,1.0,0.3333333333333333,0.3333333333333333,0.6666666666666666,1.0,1.0,0,0,results/mssp_adversarial/ds02/matched_delay/matched_false_flag_comparisons.csv,,,,,,,,,,,,
ds02,lstm_autoencoder,2,0.005,phase_conditioned,not_exceeding,0.2,76,True,0.19736842105263158,0.19736842105263158,0.0,0.010116086432495808,0.010352317759307377,0.011353711240885177,0.011618843640511002,0,2,1,0.0,0.0,2.0,2.0,2.0,0.0,2.0,5.0,0.0,2.0,0.16666666666666666,0.22857142857142856,0.17391304347826086,0.05555555555555555,0.3142857142857143,0.13043478260869565,0.3333333333333333,0.3333333333333333,1.0,1.0,1.0,0.3333333333333333,0.3333333333333333,0.6666666666666666,1.0,1.0,0,0,results/mssp_adversarial/ds02/matched_delay/matched_false_flag_comparisons.csv,,,,,,,,,,,,
ds02,lstm_autoencoder,2,0.005,causal_regime,nearest,0.025,76,True,0.013157894736842105,0.02631578947368421,0.013157894736842105,0.040412553329506,0.04135626917817706,0.1405625651864215,0.1405625651864215,3,0,0,-4.0,-3.0,13.0,16.0,17.0,15.0,16.0,13.0,7.0,13.0,0.0,0.02857142857142857,0.0,0.0,0.05714285714285714,0.0,0.0,0.0,0.0,0.0,0.0,0.0,0.0,0.0,0.0,0.3333333333333333,0,0,results/mssp_adversarial/ds02/matched_delay/matched_false_flag_comparisons.csv,,,,,,,,,,,,
ds02,lstm_autoencoder,2,0.005,causal_regime,nearest,0.05,76,True,0.05263157894736842,0.05263157894736842,0.0,0.0254691843897454,0.0254691843897454,0.05983321728796282,0.06266030164072656,2,0,1,-4.0,-7.0,7.0,14.0,15.0,0.0,14.0,11.0,5.0,7.0,0.0,0.11428571428571428,0.0,0.05555555555555555,0.08571428571428572,0.0,0.3333333333333333,0.3333333333333333,0.3333333333333333,0.3333333333333333,0.3333333333333333,0.0,0.0,0.0,0.3333333333333333,0.6666666666666666,0,0,results/mssp_adversarial/ds02/matched_delay/matched_false_flag_comparisons.csv,,,,,,,,,,,,
ds02,lstm_autoencoder,2,0.005,causal_regime,nearest,0.1,76,True,0.10526315789473684,0.09210526315789473,-0.013157894736842105,0.02117456691035712,0.024320075132679475,0.040412553329506,0.040412553329506,2,1,0,-4.0,-7.0,7.0,14.0,15.0,0.0,14.0,11.0,0.0,7.0,0.0,0.22857142857142856,0.0,0.05555555555555555,0.17142857142857143,0.0,0.3333333333333333,0.3333333333333333,0.3333333333333333,0.3333333333333333,0.3333333333333333,0.3333333333333333,0.3333333333333333,0.3333333333333333,0.3333333333333333,0.6666666666666666,0,0,results/mssp_adversarial/ds02/matched_delay/matched_false_flag_comparisons.csv,,,,,,,,,,,,
ds02,lstm_autoencoder,2,0.005,causal_regime,nearest,0.15,76,True,0.14473684210526316,0.14473684210526316,0.0,0.013040319151841315,0.01397537301842291,0.0360073348498562,0.0360073348498562,0,1,2,5.0,5.0,7.0,2.0,2.0,0.0,2.0,11.0,0.0,7.0,0.05555555555555555,0.22857142857142856,0.08695652173913043,0.05555555555555555,0.2857142857142857,0.0,0.3333333333333333,0.3333333333333333,1.0,1.0,1.0,0.3333333333333333,0.3333333333333333,0.3333333333333333,0.3333333333333333,0.6666666666666666,0,0,results/mssp_adversarial/ds02/matched_delay/matched_false_flag_comparisons.csv,,,,,,,,,,,,
ds02,lstm_autoencoder,2,0.005,causal_regime,nearest,0.2,76,True,0.19736842105263158,0.19736842105263158,0.0,0.010116086432495808,0.010352317759307377,0.019306977288832496,0.019757834731786994,0,1,2,3.0,3.0,5.0,2.0,2.0,0.0,2.0,5.0,0.0,5.0,0.16666666666666666,0.22857142857142856,0.17391304347826086,0.05555555555555555,0.4,0.0,0.3333333333333333,0.3333333333333333,1.0,1.0,1.0,0.3333333333333333,0.3333333333333333,0.3333333333333333,1.0,1.0,0,0,results/mssp_adversarial/ds02/matched_delay/matched_false_flag_comparisons.csv,,,,,,,,,,,,
ds02,lstm_autoencoder,2,0.005,causal_regime,not_exceeding,0.025,76,True,0.013157894736842105,0.013157894736842105,0.0,0.040412553329506,0.04135626917817706,0.14384498882876628,0.14384498882876628,3,0,0,-4.0,-3.0,13.0,16.0,17.0,15.0,16.0,13.0,7.0,13.0,0.0,0.02857142857142857,0.0,0.0,0.02857142857142857,0.0,0.0,0.0,0.0,0.0,0.0,0.0,0.0,0.0,0.0,0.3333333333333333,0,0,results/mssp_adversarial/ds02/matched_delay/matched_false_flag_comparisons.csv,,,,,,,,,,,,
ds02,lstm_autoencoder,2,0.005,causal_regime,not_exceeding,0.05,76,True,0.039473684210526314,0.039473684210526314,0.0,0.03684817982911676,0.03949037229576702,0.131157909589685,0.13735504373605123,3,0,0,-4.0,-3.0,13.0,16.0,17.0,14.0,16.0,13.0,7.0,13.0,0.0,0.08571428571428572,0.0,0.0,0.08571428571428572,0.0,0.0,0.0,0.0,0.0,0.0,0.0,0.0,0.0,0.0,0.3333333333333333,0,0,results/mssp_adversarial/ds02/matched_delay/matched_false_flag_comparisons.csv,,,,,,,,,,,,
ds02,lstm_autoencoder,2,0.005,causal_regime,not_exceeding,0.1,76,False,0.07894736842105263,0.09210526315789473,0.013157894736842105,0.024887998672586672,0.024887998672586672,0.040412553329506,0.040412553329506,2,1,0,-4.0,-7.0,7.0,14.0,15.0,0.0,14.0,11.0,0.0,7.0,0.0,0.17142857142857143,0.0,0.05555555555555555,0.17142857142857143,0.0,0.3333333333333333,0.3333333333333333,0.3333333333333333,0.3333333333333333,0.3333333333333333,0.3333333333333333,0.3333333333333333,0.3333333333333333,0.3333333333333333,0.6666666666666666,0,0,results/mssp_adversarial/ds02/matched_delay/matched_false_flag_comparisons.csv,,,,,,,,,,,,
ds02,lstm_autoencoder,2,0.005,causal_regime,not_exceeding,0.15,76,True,0.14473684210526316,0.14473684210526316,0.0,0.013040319151841315,0.01397537301842291,0.0360073348498562,0.0360073348498562,0,1,2,5.0,5.0,7.0,2.0,2.0,0.0,2.0,11.0,0.0,7.0,0.05555555555555555,0.22857142857142856,0.08695652173913043,0.05555555555555555,0.2857142857142857,0.0,0.3333333333333333,0.3333333333333333,1.0,1.0,1.0,0.3333333333333333,0.3333333333333333,0.3333333333333333,0.3333333333333333,0.6666666666666666,0,0,results/mssp_adversarial/ds02/matched_delay/matched_false_flag_comparisons.csv,,,,,,,,,,,,
ds02,lstm_autoencoder,2,0.005,causal_regime,not_exceeding,0.2,76,True,0.19736842105263158,0.19736842105263158,0.0,0.010116086432495808,0.010352317759307377,0.019306977288832496,0.019757834731786994,0,1,2,3.0,3.0,5.0,2.0,2.0,0.0,2.0,5.0,0.0,5.0,0.16666666666666666,0.22857142857142856,0.17391304347826086,0.05555555555555555,0.4,0.0,0.3333333333333333,0.3333333333333333,1.0,1.0,1.0,0.3333333333333333,0.3333333333333333,0.3333333333333333,1.0,1.0,0,0,results/mssp_adversarial/ds02/matched_delay/matched_false_flag_comparisons.csv,,,,,,,,,,,,
ds02,lstm_autoencoder,2,0.01,phase_conditioned,nearest,0.025,76,False,0.039473684210526314,0.02631578947368421,-0.013157894736842105,0.0949387717927582,0.09715578646301858,0.1342207152716012,0.1342207152716012,2,1,0,-4.0,-3.0,10.0,13.0,14.0,9.0,13.0,10.0,5.0,13.0,0.0,0.08571428571428572,0.0,0.0,0.05714285714285714,0.0,0.0,0.0,0.0,0.0,0.3333333333333333,0.0,0.0,0.0,0.3333333333333333,0.6666666666666666,0,0,results/mssp_adversarial/ds02/matched_delay/matched_false_flag_comparisons.csv,,,,,,,,,,,,
ds02,lstm_autoencoder,2,0.01,phase_conditioned,nearest,0.05,76,True,0.05263157894736842,0.05263157894736842,0.0,0.046415888336127774,0.049744131713774516,0.049744131713774516,0.0558299408744192,3,0,0,-8.0,-9.0,2.0,11.0,11.0,9.0,12.0,10.0,1.0,2.0,0.05555555555555555,0.08571428571428572,0.0,0.0,0.11428571428571428,0.0,0.0,0.0,0.0,0.0,0.3333333333333333,0.0,0.3333333333333333,0.6666666666666666,0.6666666666666666,1.0,0,0,results/mssp_adversarial/ds02/matched_delay/matched_false_flag_comparisons.csv,,,,,,,,,,,,
ds02,lstm_autoencoder,2,0.01,phase_conditioned,nearest,0.1,76,False,0.07894736842105263,0.09210526315789473,0.013157894736842105,0.03283150012563047,0.03283150012563047,0.037708660259934516,0.04007507175977037,1,1,1,0.0,0.0,2.0,2.0,11.0,0.0,2.0,5.0,1.0,2.0,0.05555555555555555,0.11428571428571428,0.043478260869565216,0.0,0.14285714285714285,0.08695652173913043,0.3333333333333333,0.3333333333333333,0.6666666666666666,0.6666666666666666,0.6666666666666666,0.0,0.3333333333333333,0.6666666666666666,1.0,1.0,0,0,results/mssp_adversarial/ds02/matched_delay/matched_false_flag_comparisons.csv,,,,,,,,,,,,
ds02,lstm_autoencoder,2,0.01,phase_conditioned,nearest,0.15,76,True,0.14473684210526316,0.14473684210526316,0.0,0.02606394198314347,0.02793285250948253,0.029935772947204904,0.03359818286283781,0,2,1,0.0,0.0,2.0,2.0,5.0,0.0,2.0,5.0,1.0,2.0,0.05555555555555555,0.22857142857142856,0.08695652173913043,0.0,0.2571428571428571,0.08695652173913043,0.3333333333333333,0.3333333333333333,0.6666666666666666,1.0,1.0,0.0,0.3333333333333333,0.6666666666666666,1.0,1.0,0,0,results/mssp_adversarial/ds02/matched_delay/matched_false_flag_comparisons.csv,,,,,,,,,,,,
ds02,lstm_autoencoder,2,0.01,phase_conditioned,nearest,0.2,76,True,0.21052631578947367,0.21052631578947367,0.0,0.019306977288832496,0.0206913808111479,0.02606394198314347,0.026672588383874055,0,2,1,0.0,0.0,2.0,2.0,2.0,0.0,2.0,5.0,0.0,2.0,0.05555555555555555,0.3142857142857143,0.17391304347826086,0.0,0.4,0.08695652173913043,0.3333333333333333,0.3333333333333333,1.0,1.0,1.0,0.3333333333333333,0.3333333333333333,0.6666666666666666,1.0,1.0,0,0,results/mssp_adversarial/ds02/matched_delay/matched_false_flag_comparisons.csv,,,,,,,,,,,,
ds02,lstm_autoencoder,2,0.01,phase_conditioned,not_exceeding,0.025,76,False,0.0,0.0,0.0,1.0,1.0,1.0,1.0,0,3,0,0.0,0.0,inf,inf,inf,inf,inf,inf,inf,inf,0.0,0.0,0.0,0.0,0.0,0.0,0.0,0.0,0.0,0.0,0.0,0.0,0.0,0.0,0.0,0.0,3,3,results/mssp_adversarial/ds02/matched_delay/matched_false_flag_comparisons.csv,,,,,,,,,,,,
ds02,lstm_autoencoder,2,0.01,phase_conditioned,not_exceeding,0.05,76,True,0.039473684210526314,0.039473684210526314,0.0,0.0949387717927582,0.09715578646301858,0.1252403754535072,0.131157909589685,2,1,0,-4.0,-3.0,10.0,13.0,14.0,9.0,13.0,10.0,5.0,13.0,0.0,0.08571428571428572,0.0,0.0,0.08571428571428572,0.0,0.0,0.0,0.0,0.0,0.3333333333333333,0.0,0.0,0.0,0.3333333333333333,0.6666666666666666,0,0,results/mssp_adversarial/ds02/matched_delay/matched_false_flag_comparisons.csv,,,,,,,,,,,,
ds02,lstm_autoencoder,2,0.01,phase_conditioned,not_exceeding,0.1,76,False,0.07894736842105263,0.09210526315789473,0.013157894736842105,0.03283150012563047,0.03283150012563047,0.037708660259934516,0.04007507175977037,1,1,1,0.0,0.0,2.0,2.0,11.0,0.0,2.0,5.0,1.0,2.0,0.05555555555555555,0.11428571428571428,0.043478260869565216,0.0,0.14285714285714285,0.08695652173913043,0.3333333333333333,0.3333333333333333,0.6666666666666666,0.6666666666666666,0.6666666666666666,0.0,0.3333333333333333,0.6666666666666666,1.0,1.0,0,0,results/mssp_adversarial/ds02/matched_delay/matched_false_flag_comparisons.csv,,,,,,,,,,,,
ds02,lstm_autoencoder,2,0.01,phase_conditioned,not_exceeding,0.15,76,True,0.14473684210526316,0.14473684210526316,0.0,0.02606394198314347,0.02793285250948253,0.029935772947204904,0.03359818286283781,0,2,1,0.0,0.0,2.0,2.0,5.0,0.0,2.0,5.0,1.0,2.0,0.05555555555555555,0.22857142857142856,0.08695652173913043,0.0,0.2571428571428571,0.08695652173913043,0.3333333333333333,0.3333333333333333,0.6666666666666666,1.0,1.0,0.0,0.3333333333333333,0.6666666666666666,1.0,1.0,0,0,results/mssp_adversarial/ds02/matched_delay/matched_false_flag_comparisons.csv,,,,,,,,,,,,
ds02,lstm_autoencoder,2,0.01,phase_conditioned,not_exceeding,0.2,76,False,0.18421052631578946,0.18421052631578946,0.0,0.02117456691035712,0.02117456691035712,0.027295447924020073,0.027295447924020073,0,2,1,0.0,0.0,2.0,2.0,2.0,0.0,2.0,5.0,0.0,2.0,0.05555555555555555,0.2857142857142857,0.13043478260869565,0.0,0.34285714285714286,0.08695652173913043,0.3333333333333333,0.3333333333333333,1.0,1.0,1.0,0.3333333333333333,0.3333333333333333,0.6666666666666666,1.0,1.0,0,0,results/mssp_adversarial/ds02/matched_delay/matched_false_flag_comparisons.csv,,,,,,,,,,,,
ds02,lstm_autoencoder,2,0.01,causal_regime,nearest,0.025,76,False,0.039473684210526314,0.02631578947368421,-0.013157894736842105,0.0949387717927582,0.09715578646301858,0.21297116275234781,0.21297116275234781,3,0,0,-2.0,-1.0,12.0,13.0,14.0,9.0,13.0,12.0,7.0,12.0,0.0,0.08571428571428572,0.0,0.0,0.05714285714285714,0.0,0.0,0.0,0.0,0.0,0.3333333333333333,0.0,0.0,0.0,0.0,0.3333333333333333,0,0,results/mssp_adversarial/ds02/matched_delay/matched_false_flag_comparisons.csv,,,,,,,,,,,,
ds02,lstm_autoencoder,2,0.01,causal_regime,nearest,0.05,76,True,0.05263157894736842,0.039473684210526314,-0.013157894736842105,0.046415888336127774,0.049744131713774516,0.19872184654880534,0.2081113370090395,1,1,1,0.0,1.0,12.0,11.0,11.0,9.0,12.0,12.0,7.0,12.0,0.05555555555555555,0.08571428571428572,0.0,0.0,0.08571428571428572,0.0,0.0,0.0,0.0,0.0,0.3333333333333333,0.0,0.0,0.0,0.0,0.3333333333333333,0,0,results/mssp_adversarial/ds02/matched_delay/matched_false_flag_comparisons.csv,,,,,,,,,,,,
ds02,lstm_autoencoder,2,0.01,causal_regime,nearest,0.1,76,False,0.07894736842105263,0.10526315789473684,0.02631578947368421,0.03283150012563047,0.03283150012563047,0.05983321728796282,0.06123044539605184,1,0,2,1.0,3.0,5.0,2.0,11.0,0.0,2.0,8.0,1.0,5.0,0.05555555555555555,0.11428571428571428,0.043478260869565216,0.05555555555555555,0.2,0.0,0.3333333333333333,0.3333333333333333,0.6666666666666666,0.6666666666666666,0.6666666666666666,0.0,0.3333333333333333,0.3333333333333333,0.6666666666666666,1.0,0,0,results/mssp_adversarial/ds02/matched_delay/matched_false_flag_comparisons.csv,,,,,,,,,,,,
ds02,lstm_autoencoder,2,0.01,causal_regime,nearest,0.15,76,True,0.14473684210526316,0.14473684210526316,0.0,0.02606394198314347,0.02793285250948253,0.05455594781168514,0.0558299408744192,0,1,2,3.0,3.0,5.0,2.0,5.0,0.0,2.0,8.0,0.0,5.0,0.05555555555555555,0.22857142857142856,0.08695652173913043,0.05555555555555555,0.2857142857142857,0.0,0.3333333333333333,0.3333333333333333,0.6666666666666666,1.0,1.0,0.3333333333333333,0.3333333333333333,0.3333333333333333,0.6666666666666666,1.0,0,0,results/mssp_adversarial/ds02/matched_delay/matched_false_flag_comparisons.csv,,,,,,,,,,,,
ds02,lstm_autoencoder,2,0.01,causal_regime,nearest,0.2,76,True,0.21052631578947367,0.19736842105263158,-0.01315789473684209,0.019306977288832496,0.0206913808111479,0.046415888336127774,0.046415888336127774,0,2,1,0.0,0.0,2.0,2.0,2.0,0.0,2.0,7.0,0.0,2.0,0.05555555555555555,0.3142857142857143,0.17391304347826086,0.05555555555555555,0.4,0.0,0.3333333333333333,0.3333333333333333,1.0,1.0,1.0,0.3333333333333333,0.3333333333333333,0.6666666666666666,0.6666666666666666,1.0,0,0,results/mssp_adversarial/ds02/matched_delay/matched_false_flag_comparisons.csv,,,,,,,,,,,,
ds02,lstm_autoencoder,2,0.01,causal_regime,not_exceeding,0.025,76,False,0.0,0.013157894736842105,0.013157894736842105,1.0,1.0,0.21794447537529835,0.22303392502884964,3,0,0,-inf,-inf,12.0,inf,inf,inf,inf,12.0,7.0,12.0,0.0,0.0,0.0,0.0,0.02857142857142857,0.0,0.0,0.0,0.0,0.0,0.0,0.0,0.0,0.0,0.0,0.3333333333333333,3,0,results/mssp_adversarial/ds02/matched_delay/matched_false_flag_comparisons.csv,,,,,,,,,,,,
ds02,lstm_autoencoder,2,0.01,causal_regime,not_exceeding,0.05,76,True,0.039473684210526314,0.039473684210526314,0.0,0.0949387717927582,0.09715578646301858,0.19872184654880534,0.2081113370090395,3,0,0,-2.0,-1.0,12.0,13.0,14.0,9.0,13.0,12.0,7.0,12.0,0.0,0.08571428571428572,0.0,0.0,0.08571428571428572,0.0,0.0,0.0,0.0,0.0,0.3333333333333333,0.0,0.0,0.0,0.0,0.3333333333333333,0,0,results/mssp_adversarial/ds02/matched_delay/matched_false_flag_comparisons.csv,,,,,,,,,,,,
ds02,lstm_autoencoder,2,0.01,causal_regime,not_exceeding,0.1,76,False,0.07894736842105263,0.09210526315789473,0.013157894736842105,0.03283150012563047,0.03283150012563047,0.06266030164072656,0.06562096406767555,1,0,2,1.0,3.0,5.0,2.0,11.0,0.0,2.0,8.0,1.0,5.0,0.05555555555555555,0.11428571428571428,0.043478260869565216,0.05555555555555555,0.17142857142857143,0.0,0.3333333333333333,0.3333333333333333,0.6666666666666666,0.6666666666666666,0.6666666666666666,0.0,0.3333333333333333,0.3333333333333333,0.6666666666666666,1.0,0,0,results/mssp_adversarial/ds02/matched_delay/matched_false_flag_comparisons.csv,,,,,,,,,,,,
ds02,lstm_autoencoder,2,0.01,causal_regime,not_exceeding,0.15,76,True,0.14473684210526316,0.14473684210526316,0.0,0.02606394198314347,0.02793285250948253,0.05455594781168514,0.0558299408744192,0,1,2,3.0,3.0,5.0,2.0,5.0,0.0,2.0,8.0,0.0,5.0,0.05555555555555555,0.22857142857142856,0.08695652173913043,0.05555555555555555,0.2857142857142857,0.0,0.3333333333333333,0.3333333333333333,0.6666666666666666,1.0,1.0,0.3333333333333333,0.3333333333333333,0.3333333333333333,0.6666666666666666,1.0,0,0,results/mssp_adversarial/ds02/matched_delay/matched_false_flag_comparisons.csv,,,,,,,,,,,,
ds02,lstm_autoencoder,2,0.01,causal_regime,not_exceeding,0.2,76,False,0.18421052631578946,0.19736842105263158,0.013157894736842118,0.02117456691035712,0.02117456691035712,0.046415888336127774,0.046415888336127774,0,2,1,0.0,0.0,2.0,2.0,2.0,0.0,2.0,7.0,0.0,2.0,0.05555555555555555,0.2857142857142857,0.13043478260869565,0.05555555555555555,0.4,0.0,0.3333333333333333,0.3333333333333333,1.0,1.0,1.0,0.3333333333333333,0.3333333333333333,0.6666666666666666,0.6666666666666666,1.0,0,0,results/mssp_adversarial/ds02/matched_delay/matched_false_flag_comparisons.csv,,,,,,,,,,,,
ds02,lstm_autoencoder,2,0.02,phase_conditioned,nearest,0.025,76,True,0.02631578947368421,0.02631578947368421,0.0,0.17301957388458944,0.17301957388458944,0.23902653468423893,0.23902653468423893,2,0,1,-2.0,-2.0,10.0,12.0,12.0,7.0,12.0,10.0,4.0,13.0,0.0,0.05714285714285714,0.0,0.0,0.05714285714285714,0.0,0.0,0.0,0.0,0.0,0.3333333333333333,0.0,0.0,0.0,0.3333333333333333,0.6666666666666666,0,0,results/mssp_adversarial/ds02/matched_delay/matched_false_flag_comparisons.csv,,,,,,,,,,,,
ds02,lstm_autoencoder,2,0.02,phase_conditioned,nearest,0.05,76,True,0.05263157894736842,0.05263157894736842,0.0,0.11686088553466509,0.11686088553466509,0.22303392502884964,0.22824222375040976,2,0,1,-1.0,2.0,10.0,8.0,11.0,5.0,8.0,10.0,4.0,13.0,0.0,0.08571428571428572,0.043478260869565216,0.0,0.11428571428571428,0.0,0.0,0.0,0.0,0.3333333333333333,0.6666666666666666,0.0,0.0,0.0,0.3333333333333333,0.6666666666666666,0,0,results/mssp_adversarial/ds02/matched_delay/matched_false_flag_comparisons.csv,,,,,,,,,,,,
ds02,lstm_autoencoder,2,0.02,phase_conditioned,nearest,0.1,76,True,0.10526315789473684,0.10526315789473684,0.0,0.06123044539605184,0.06123044539605184,0.08656520431290936,0.0927723475631406,1,2,0,0.0,-2.0,2.0,4.0,5.0,4.0,2.0,5.0,1.0,2.0,0.05555555555555555,0.17142857142857143,0.043478260869565216,0.0,0.22857142857142856,0.0,0.0,0.0,0.3333333333333333,1.0,1.0,0.0,0.3333333333333333,0.6666666666666666,1.0,1.0,0,0,results/mssp_adversarial/ds02/matched_delay/matched_false_flag_comparisons.csv,,,,,,,,,,,,
ds02,lstm_autoencoder,2,0.02,phase_conditioned,nearest,0.15,76,True,0.14473684210526316,0.14473684210526316,0.0,0.052771031132700374,0.05455594781168514,0.084589857965743,0.084589857965743,1,2,0,0.0,-2.0,2.0,4.0,5.0,4.0,2.0,5.0,1.0,2.0,0.05555555555555555,0.2571428571428571,0.043478260869565216,0.0,0.3142857142857143,0.0,0.0,0.0,0.3333333333333333,1.0,1.0,0.0,0.3333333333333333,0.6666666666666666,1.0,1.0,0,0,results/mssp_adversarial/ds02/matched_delay/matched_false_flag_comparisons.csv,,,,,,,,,,,,
ds02,lstm_autoencoder,2,0.02,phase_conditioned,nearest,0.2,76,True,0.21052631578947367,0.19736842105263158,-0.01315789473684209,0.04432171342476086,0.04432171342476086,0.07032630413380643,0.07032630413380643,0,2,1,0.0,0.0,2.0,2.0,5.0,0.0,2.0,5.0,1.0,2.0,0.05555555555555555,0.4,0.043478260869565216,0.0,0.37142857142857144,0.08695652173913043,0.3333333333333333,0.3333333333333333,0.6666666666666666,1.0,1.0,0.0,0.3333333333333333,0.6666666666666666,1.0,1.0,0,0,results/mssp_adversarial/ds02/matched_delay/matched_false_flag_comparisons.csv,,,,,,,,,,,,
ds02,lstm_autoencoder,2,0.02,phase_conditioned,not_exceeding,0.025,76,True,0.013157894736842105,0.013157894736842105,0.0,0.1770599351226898,0.1770599351226898,0.2446082935796798,0.2446082935796798,2,0,1,-2.0,-2.0,10.0,12.0,12.0,7.0,12.0,10.0,4.0,13.0,0.0,0.02857142857142857,0.0,0.0,0.02857142857142857,0.0,0.0,0.0,0.0,0.0,0.3333333333333333,0.0,0.0,0.0,0.3333333333333333,0.6666666666666666,0,0,results/mssp_adversarial/ds02/matched_delay/matched_false_flag_comparisons.csv,,,,,,,,,,,,
ds02,lstm_autoencoder,2,0.02,phase_conditioned,not_exceeding,0.05,76,True,0.039473684210526314,0.039473684210526314,0.0,0.1506415800129591,0.169071410347358,0.23357214690901212,0.23357214690901212,2,0,1,-1.0,2.0,10.0,8.0,11.0,7.0,8.0,10.0,4.0,13.0,0.0,0.08571428571428572,0.0,0.0,0.08571428571428572,0.0,0.0,0.0,0.0,0.0,0.6666666666666666,0.0,0.0,0.0,0.3333333333333333,0.6666666666666666,0,0,results/mssp_adversarial/ds02/matched_delay/matched_false_flag_comparisons.csv,,,,,,,,,,,,
ds02,lstm_autoencoder,2,0.02,phase_conditioned,not_exceeding,0.1,76,True,0.09210526315789473,0.09210526315789473,0.0,0.08265958738801812,0.084589857965743,0.0949387717927582,0.09715578646301858,3,0,0,-4.0,-5.0,2.0,7.0,8.0,5.0,7.0,5.0,1.0,2.0,0.05555555555555555,0.14285714285714285,0.043478260869565216,0.0,0.2,0.0,0.0,0.0,0.0,0.3333333333333333,1.0,0.0,0.3333333333333333,0.6666666666666666,1.0,1.0,0,0,results/mssp_adversarial/ds02/matched_delay/matched_false_flag_comparisons.csv,,,,,,,,,,,,
ds02,lstm_autoencoder,2,0.02,phase_conditioned,not_exceeding,0.15,76,True,0.14473684210526316,0.14473684210526316,0.0,0.052771031132700374,0.05455594781168514,0.084589857965743,0.084589857965743,1,2,0,0.0,-2.0,2.0,4.0,5.0,4.0,2.0,5.0,1.0,2.0,0.05555555555555555,0.2571428571428571,0.043478260869565216,0.0,0.3142857142857143,0.0,0.0,0.0,0.3333333333333333,1.0,1.0,0.0,0.3333333333333333,0.6666666666666666,1.0,1.0,0,0,results/mssp_adversarial/ds02/matched_delay/matched_false_flag_comparisons.csv,,,,,,,,,,,,
ds02,lstm_autoencoder,2,0.02,phase_conditioned,not_exceeding,0.2,76,False,0.18421052631578946,0.19736842105263158,0.013157894736842118,0.04535671616408702,0.04535671616408702,0.07032630413380643,0.07032630413380643,0,3,0,0.0,0.0,2.0,2.0,5.0,1.0,2.0,5.0,1.0,2.0,0.05555555555555555,0.34285714285714286,0.043478260869565216,0.0,0.37142857142857144,0.08695652173913043,0.0,0.3333333333333333,0.6666666666666666,1.0,1.0,0.0,0.3333333333333333,0.6666666666666666,1.0,1.0,0,0,results/mssp_adversarial/ds02/matched_delay/matched_false_flag_comparisons.csv,,,,,,,,,,,,
ds02,lstm_autoencoder,2,0.02,causal_regime,nearest,0.025,76,False,0.02631578947368421,0.039473684210526314,0.013157894736842105,0.17301957388458944,0.17301957388458944,0.28094515949814064,0.2942196531724374,1,1,1,0.0,-2.0,10.0,12.0,12.0,7.0,12.0,10.0,9.0,12.0,0.0,0.05714285714285714,0.0,0.0,0.08571428571428572,0.0,0.0,0.0,0.0,0.0,0.3333333333333333,0.0,0.0,0.0,0.0,0.6666666666666666,0,0,results/mssp_adversarial/ds02/matched_delay/matched_false_flag_comparisons.csv,,,,,,,,,,,,
ds02,lstm_autoencoder,2,0.02,causal_regime,nearest,0.05,76,True,0.05263157894736842,0.05263157894736842,0.0,0.11686088553466509,0.11686088553466509,0.22824222375040976,0.25032039797173256,2,0,1,-1.0,2.0,10.0,8.0,11.0,5.0,8.0,10.0,4.0,12.0,0.0,0.08571428571428572,0.043478260869565216,0.0,0.11428571428571428,0.0,0.0,0.0,0.0,0.3333333333333333,0.6666666666666666,0.0,0.0,0.0,0.3333333333333333,0.6666666666666666,0,0,results/mssp_adversarial/ds02/matched_delay/matched_false_flag_comparisons.csv,,,,,,,,,,,,
ds02,lstm_autoencoder,2,0.02,causal_regime,nearest,0.1,76,True,0.10526315789473684,0.10526315789473684,0.0,0.06123044539605184,0.06123044539605184,0.1252403754535072,0.12816499459957584,1,0,2,3.0,1.0,5.0,4.0,5.0,4.0,2.0,8.0,1.0,5.0,0.05555555555555555,0.17142857142857143,0.043478260869565216,0.0,0.22857142857142856,0.0,0.0,0.0,0.3333333333333333,1.0,1.0,0.0,0.3333333333333333,0.3333333333333333,0.6666666666666666,1.0,0,0,results/mssp_adversarial/ds02/matched_delay/matched_false_flag_comparisons.csv,,,,,,,,,,,,
ds02,lstm_autoencoder,2,0.02,causal_regime,nearest,0.15,76,True,0.14473684210526316,0.14473684210526316,0.0,0.052771031132700374,0.05455594781168514,0.08656520431290936,0.08858667904100823,1,2,0,0.0,-2.0,2.0,4.0,5.0,4.0,2.0,5.0,1.0,2.0,0.05555555555555555,0.2571428571428571,0.043478260869565216,0.05555555555555555,0.2857142857142857,0.0,0.0,0.0,0.3333333333333333,1.0,1.0,0.0,0.3333333333333333,0.6666666666666666,1.0,1.0,0,0,results/mssp_adversarial/ds02/matched_delay/matched_false_flag_comparisons.csv,,,,,,,,,,,,
ds02,lstm_autoencoder,2,0.02,causal_regime,nearest,0.2,76,True,0.21052631578947367,0.21052631578947367,0.0,0.04432171342476086,0.04432171342476086,0.08077336398796711,0.08077336398796711,0,3,0,0.0,0.0,2.0,2.0,5.0,0.0,2.0,5.0,0.0,2.0,0.05555555555555555,0.4,0.043478260869565216,0.05555555555555555,0.42857142857142855,0.0,0.3333333333333333,0.3333333333333333,0.6666666666666666,1.0,1.0,0.3333333333333333,0.3333333333333333,0.6666666666666666,1.0,1.0,0,0,results/mssp_adversarial/ds02/matched_delay/matched_false_flag_comparisons.csv,,,,,,,,,,,,
ds02,lstm_autoencoder,2,0.02,causal_regime,not_exceeding,0.025,76,False,0.013157894736842105,0.0,-0.013157894736842105,0.1770599351226898,0.1770599351226898,1.0,1.0,0,0,3,inf,inf,inf,12.0,12.0,7.0,12.0,inf,inf,inf,0.0,0.02857142857142857,0.0,0.0,0.0,0.0,0.0,0.0,0.0,0.0,0.3333333333333333,0.0,0.0,0.0,0.0,0.0,0,3,results/mssp_adversarial/ds02/matched_delay/matched_false_flag_comparisons.csv,,,,,,,,,,,,
ds02,lstm_autoencoder,2,0.02,causal_regime,not_exceeding,0.05,76,True,0.039473684210526314,0.039473684210526314,0.0,0.1506415800129591,0.169071410347358,0.28094515949814064,0.2942196531724374,1,0,2,2.0,2.0,10.0,8.0,11.0,7.0,8.0,10.0,9.0,12.0,0.0,0.08571428571428572,0.0,0.0,0.08571428571428572,0.0,0.0,0.0,0.0,0.0,0.6666666666666666,0.0,0.0,0.0,0.0,0.6666666666666666,0,0,results/mssp_adversarial/ds02/matched_delay/matched_false_flag_comparisons.csv,,,,,,,,,,,,
ds02,lstm_autoencoder,2,0.02,causal_regime,not_exceeding,0.1,76,True,0.09210526315789473,0.09210526315789473,0.0,0.08265958738801812,0.084589857965743,0.131157909589685,0.1342207152716012,2,1,0,-2.0,-2.0,5.0,7.0,8.0,5.0,7.0,8.0,1.0,5.0,0.05555555555555555,0.14285714285714285,0.043478260869565216,0.0,0.2,0.0,0.0,0.0,0.0,0.3333333333333333,1.0,0.0,0.3333333333333333,0.3333333333333333,0.6666666666666666,1.0,0,0,results/mssp_adversarial/ds02/matched_delay/matched_false_flag_comparisons.csv,,,,,,,,,,,,
ds02,lstm_autoencoder,2,0.02,causal_regime,not_exceeding,0.15,76,True,0.14473684210526316,0.14473684210526316,0.0,0.052771031132700374,0.05455594781168514,0.08656520431290936,0.08858667904100823,1,2,0,0.0,-2.0,2.0,4.0,5.0,4.0,2.0,5.0,1.0,2.0,0.05555555555555555,0.2571428571428571,0.043478260869565216,0.05555555555555555,0.2857142857142857,0.0,0.0,0.0,0.3333333333333333,1.0,1.0,0.0,0.3333333333333333,0.6666666666666666,1.0,1.0,0,0,results/mssp_adversarial/ds02/matched_delay/matched_false_flag_comparisons.csv,,,,,,,,,,,,
ds02,lstm_autoencoder,2,0.02,causal_regime,not_exceeding,0.2,76,False,0.18421052631578946,0.18421052631578946,0.0,0.04535671616408702,0.04535671616408702,0.08265958738801812,0.08265958738801812,0,3,0,0.0,0.0,2.0,2.0,5.0,1.0,2.0,5.0,1.0,2.0,0.05555555555555555,0.34285714285714286,0.043478260869565216,0.05555555555555555,0.37142857142857144,0.0,0.0,0.3333333333333333,0.6666666666666666,1.0,1.0,0.0,0.3333333333333333,0.6666666666666666,1.0,1.0,0,0,results/mssp_adversarial/ds02/matched_delay/matched_false_flag_comparisons.csv,,,,,,,,,,,,
ds03,pca,-1,0.005,phase_conditioned,nearest,0.025,148,True,0.02702702702702703,0.02702702702702703,0.0,0.0206913808111479,0.022175052752539316,0.02269288562880081,0.02269288562880081,3,3,0,-2.0,-3.0,17.0,20.0,20.0,17.0,12.0,20.0,17.0,12.0,0.0,0.0,0.08333333333333333,0.0,0.0,0.041666666666666664,0.0,0.0,0.0,0.0,0.0,0.0,0.0,0.16666666666666666,0.16666666666666666,0.16666666666666666,0,0,results/mssp_adversarial/ds03/matched_delay/matched_false_flag_comparisons.csv,25.0,22.0,20.0,23.0,19.0,2.0,0.058823529411764705,0.0,0.05555555555555555,0.11764705882352941,0.0,0.05555555555555555
ds03,pca,-1,0.005,phase_conditioned,nearest,0.05,148,True,0.0472972972972973,0.0472972972972973,0.0,0.019042899617726178,0.019042899617726178,0.018866408039732583,0.018866408039732583,3,3,0,-3.0,-4.0,13.0,17.0,20.0,17.0,1.0,13.0,17.0,1.0,0.0,0.0,0.08333333333333333,0.0,0.0,0.08333333333333333,0.0,0.16666666666666666,0.3333333333333333,0.3333333333333333,0.3333333333333333,0.0,0.16666666666666666,0.3333333333333333,0.3333333333333333,0.3333333333333333,0,0,results/mssp_adversarial/ds03/matched_delay/matched_false_flag_comparisons.csv,25.0,22.0,2.0,19.0,19.0,2.0,0.11764705882352941,0.0,0.16666666666666666,0.17647058823529413,0.0,0.1111111111111111
ds03,pca,-1,0.005,phase_conditioned,nearest,0.1,148,True,0.10135135135135136,0.10135135135135136,0.0,0.012742749857031334,0.013040319151841315,0.016051432043647614,0.016051432043647614,2,2,2,0.0,2.0,4.0,2.0,2.0,7.0,1.0,5.0,4.0,1.0,0.05555555555555555,0.0,0.16666666666666666,0.05555555555555555,0.0,0.16666666666666666,0.0,0.16666666666666666,0.5,0.5,0.8333333333333334,0.0,0.16666666666666666,0.3333333333333333,0.6666666666666666,0.6666666666666666,0,0,results/mssp_adversarial/ds03/matched_delay/matched_false_flag_comparisons.csv,6.0,22.0,2.0,19.0,19.0,2.0,0.35294117647058826,0.0,0.2222222222222222,0.17647058823529413,0.05555555555555555,0.2777777777777778
ds03,pca,-1,0.005,phase_conditioned,nearest,0.15,148,True,0.1554054054054054,0.1554054054054054,0.0,0.010429703796412181,0.010429703796412181,0.013656466567946095,0.013656466567946095,1,2,3,0.0,0.0,2.0,2.0,2.0,7.0,1.0,2.0,4.0,1.0,0.2777777777777778,0.0,0.16666666666666666,0.05555555555555555,0.05714285714285714,0.16666666666666666,0.16666666666666666,0.3333333333333333,0.5,0.5,0.8333333333333334,0.0,0.16666666666666666,0.5,0.6666666666666666,0.8333333333333334,0,0,results/mssp_adversarial/ds03/matched_delay/matched_false_flag_comparisons.csv,6.0,15.0,0.0,10.0,19.0,2.0,0.4117647058823529,0.027777777777777776,0.3333333333333333,0.29411764705882354,0.1388888888888889,0.3333333333333333
ds03,pca,-1,0.005,phase_conditioned,nearest,0.2,148,False,0.19594594594594594,0.20945945945945946,0.013513513513513514,0.009013370389517439,0.009013370389517439,0.012451970847350318,0.012451970847350318,1,2,3,0.0,0.0,2.0,2.0,2.0,7.0,1.0,2.0,4.0,1.0,0.3333333333333333,0.08571428571428572,0.20833333333333334,0.05555555555555555,0.2,0.16666666666666666,0.16666666666666666,0.3333333333333333,0.5,0.5,1.0,0.0,0.16666666666666666,0.5,0.6666666666666666,0.8333333333333334,0,0,results/mssp_adversarial/ds03/matched_delay/matched_false_flag_comparisons.csv,6.0,7.0,0.0,10.0,15.0,2.0,0.47058823529411764,0.027777777777777776,0.3333333333333333,0.35294117647058826,0.16666666666666666,0.3888888888888889
ds03,pca,-1,0.005,phase_conditioned,not_exceeding,0.025,148,True,0.02027027027027027,0.02027027027027027,0.0,0.029935772947204904,0.030634834526960843,0.024887998672586672,0.029252663374366446,5,1,0,-4.0,-3.0,18.0,21.0,20.0,21.0,21.0,20.0,17.0,18.0,0.0,0.0,0.08333333333333333,0.0,0.0,0.041666666666666664,0.0,0.0,0.0,0.0,0.0,0.0,0.0,0.0,0.0,0.16666666666666666,0,0,results/mssp_adversarial/ds03/matched_delay/matched_false_flag_comparisons.csv,25.0,23.0,26.0,23.0,19.0,7.0,0.058823529411764705,0.0,0.0,0.058823529411764705,0.0,0.05555555555555555
ds03,pca,-1,0.005,phase_conditioned,not_exceeding,0.05,148,True,0.0472972972972973,0.0472972972972973,0.0,0.019042899617726178,0.019042899617726178,0.018866408039732583,0.018866408039732583,3,3,0,-3.0,-4.0,13.0,17.0,20.0,17.0,1.0,13.0,17.0,1.0,0.0,0.0,0.08333333333333333,0.0,0.0,0.08333333333333333,0.0,0.16666666666666666,0.3333333333333333,0.3333333333333333,0.3333333333333333,0.0,0.16666666666666666,0.3333333333333333,0.3333333333333333,0.3333333333333333,0,0,results/mssp_adversarial/ds03/matched_delay/matched_false_flag_comparisons.csv,25.0,22.0,2.0,19.0,19.0,2.0,0.11764705882352941,0.0,0.16666666666666666,0.17647058823529413,0.0,0.1111111111111111
ds03,pca,-1,0.005,phase_conditioned,not_exceeding,0.1,148,False,0.08783783783783784,0.08783783783783784,0.0,0.013344837298838383,0.013344837298838383,0.016426265840709303,0.016426265840709303,2,2,2,0.0,2.0,4.0,2.0,2.0,7.0,1.0,5.0,4.0,1.0,0.05555555555555555,0.0,0.125,0.05555555555555555,0.0,0.125,0.0,0.16666666666666666,0.5,0.5,0.8333333333333334,0.0,0.16666666666666666,0.3333333333333333,0.6666666666666666,0.6666666666666666,0,0,results/mssp_adversarial/ds03/matched_delay/matched_false_flag_comparisons.csv,6.0,22.0,2.0,19.0,19.0,2.0,0.29411764705882354,0.0,0.2222222222222222,0.17647058823529413,0.027777777777777776,0.2777777777777778
ds03,pca,-1,0.005,phase_conditioned,not_exceeding,0.15,148,False,0.14189189189189189,0.14189189189189189,0.0,0.01084145868935835,0.01084145868935835,0.01397537301842291,0.01397537301842291,1,2,3,0.0,0.0,2.0,2.0,2.0,7.0,1.0,2.0,4.0,1.0,0.2222222222222222,0.0,0.16666666666666666,0.05555555555555555,0.02857142857142857,0.16666666666666666,0.16666666666666666,0.3333333333333333,0.5,0.5,0.8333333333333334,0.0,0.16666666666666666,0.5,0.6666666666666666,0.8333333333333334,0,0,results/mssp_adversarial/ds03/matched_delay/matched_false_flag_comparisons.csv,6.0,15.0,0.0,10.0,19.0,2.0,0.4117647058823529,0.0,0.3333333333333333,0.29411764705882354,0.1111111111111111,0.3333333333333333
ds03,pca,-1,0.005,phase_conditioned,not_exceeding,0.2,148,False,0.19594594594594594,0.1891891891891892,-0.006756756756756743,0.009013370389517439,0.009013370389517439,0.012742749857031334,0.012842563926155258,1,2,3,0.0,0.0,2.0,2.0,2.0,7.0,1.0,2.0,4.0,1.0,0.3333333333333333,0.08571428571428572,0.20833333333333334,0.05555555555555555,0.17142857142857143,0.16666666666666666,0.16666666666666666,0.3333333333333333,0.5,0.5,1.0,0.0,0.16666666666666666,0.5,0.6666666666666666,0.8333333333333334,0,0,results/mssp_adversarial/ds03/matched_delay/matched_false_flag_comparisons.csv,6.0,7.0,0.0,10.0,19.0,2.0,0.47058823529411764,0.027777777777777776,0.3333333333333333,0.29411764705882354,0.16666666666666666,0.3333333333333333
ds03,pca,-1,0.005,causal_regime,nearest,0.025,148,True,0.02702702702702703,0.02702702702702703,0.0,0.0206913808111479,0.022175052752539316,0.02117456691035712,0.02117456691035712,3,3,0,-6.0,-5.0,15.0,20.0,20.0,17.0,12.0,20.0,17.0,12.0,0.0,0.0,0.08333333333333333,0.05555555555555555,0.0,0.041666666666666664,0.0,0.0,0.0,0.0,0.0,0.0,0.0,0.16666666666666666,0.16666666666666666,0.16666666666666666,0,0,results/mssp_adversarial/ds03/matched_delay/matched_false_flag_comparisons.csv,25.0,22.0,20.0,19.0,15.0,2.0,0.058823529411764705,0.0,0.05555555555555555,0.058823529411764705,0.0,0.05555555555555555
ds03,pca,-1,0.005,causal_regime,nearest,0.05,148,False,0.0472972972972973,0.04054054054054054,-0.006756756756756757,0.019042899617726178,0.019042899617726178,0.017202397247935992,0.017604108438655525,3,2,1,-6.0,-6.0,11.0,17.0,20.0,17.0,1.0,20.0,7.0,11.0,0.0,0.0,0.08333333333333333,0.05555555555555555,0.0,0.041666666666666664,0.0,0.16666666666666666,0.3333333333333333,0.3333333333333333,0.3333333333333333,0.0,0.0,0.16666666666666666,0.16666666666666666,0.3333333333333333,0,0,results/mssp_adversarial/ds03/matched_delay/matched_false_flag_comparisons.csv,25.0,22.0,2.0,19.0,15.0,2.0,0.11764705882352941,0.0,0.16666666666666666,0.17647058823529413,0.0,0.05555555555555555
ds03,pca,-1,0.005,causal_regime,nearest,0.1,148,True,0.10135135135135136,0.10135135135135136,0.0,0.012742749857031334,0.013040319151841315,0.013040319151841315,0.013040319151841315,1,3,2,0.0,3.0,5.0,2.0,2.0,7.0,1.0,5.0,7.0,1.0,0.05555555555555555,0.0,0.16666666666666666,0.1111111111111111,0.08571428571428572,0.125,0.0,0.16666666666666666,0.5,0.5,0.8333333333333334,0.0,0.16666666666666666,0.3333333333333333,0.5,0.8333333333333334,0,0,results/mssp_adversarial/ds03/matched_delay/matched_false_flag_comparisons.csv,6.0,22.0,2.0,11.0,7.0,2.0,0.35294117647058826,0.0,0.2222222222222222,0.17647058823529413,0.0,0.2222222222222222
ds03,pca,-1,0.005,causal_regime,nearest,0.15,148,True,0.1554054054054054,0.1554054054054054,0.0,0.010429703796412181,0.010429703796412181,0.011890167424419899,0.011890167424419899,2,1,3,0.0,3.0,5.0,2.0,2.0,7.0,1.0,5.0,5.0,1.0,0.2777777777777778,0.0,0.16666666666666666,0.1111111111111111,0.14285714285714285,0.20833333333333334,0.16666666666666666,0.3333333333333333,0.5,0.5,0.8333333333333334,0.0,0.16666666666666666,0.3333333333333333,0.6666666666666666,0.8333333333333334,0,0,results/mssp_adversarial/ds03/matched_delay/matched_false_flag_comparisons.csv,6.0,15.0,0.0,11.0,7.0,2.0,0.4117647058823529,0.027777777777777776,0.3333333333333333,0.23529411764705882,0.05555555555555555,0.2777777777777778
ds03,pca,-1,0.005,causal_regime,nearest,0.2,148,True,0.19594594594594594,0.20270270270270271,0.006756756756756771,0.009013370389517439,0.009013370389517439,0.01084145868935835,0.011094628943275219,1,2,3,0.0,0.0,2.0,2.0,2.0,7.0,1.0,5.0,1.0,1.0,0.3333333333333333,0.08571428571428572,0.20833333333333334,0.1111111111111111,0.3142857142857143,0.25,0.16666666666666666,0.3333333333333333,0.5,0.5,1.0,0.0,0.3333333333333333,0.5,0.6666666666666666,0.8333333333333334,0,0,results/mssp_adversarial/ds03/matched_delay/matched_false_flag_comparisons.csv,6.0,7.0,0.0,11.0,7.0,2.0,0.47058823529411764,0.027777777777777776,0.3333333333333333,0.23529411764705882,0.05555555555555555,0.2777777777777778
ds03,pca,-1,0.005,causal_regime,not_exceeding,0.025,148,True,0.02027027027027027,0.02027027027027027,0.0,0.029935772947204904,0.030634834526960843,0.029935772947204904,0.029935772947204904,5,1,0,-4.0,-3.0,18.0,21.0,20.0,21.0,21.0,20.0,17.0,18.0,0.0,0.0,0.08333333333333333,0.0,0.0,0.041666666666666664,0.0,0.0,0.0,0.0,0.0,0.0,0.0,0.0,0.0,0.16666666666666666,0,0,results/mssp_adversarial/ds03/matched_delay/matched_false_flag_comparisons.csv,25.0,23.0,26.0,23.0,19.0,7.0,0.058823529411764705,0.0,0.0,0.058823529411764705,0.0,0.05555555555555555
ds03,pca,-1,0.005,causal_regime,not_exceeding,0.05,148,False,0.0472972972972973,0.04054054054054054,-0.006756756756756757,0.019042899617726178,0.019042899617726178,0.017202397247935992,0.017604108438655525,3,2,1,-6.0,-6.0,11.0,17.0,20.0,17.0,1.0,20.0,7.0,11.0,0.0,0.0,0.08333333333333333,0.05555555555555555,0.0,0.041666666666666664,0.0,0.16666666666666666,0.3333333333333333,0.3333333333333333,0.3333333333333333,0.0,0.0,0.16666666666666666,0.16666666666666666,0.3333333333333333,0,0,results/mssp_adversarial/ds03/matched_delay/matched_false_flag_comparisons.csv,25.0,22.0,2.0,19.0,15.0,2.0,0.11764705882352941,0.0,0.16666666666666666,0.17647058823529413,0.0,0.05555555555555555
ds03,pca,-1,0.005,causal_regime,not_exceeding,0.1,148,False,0.08783783783783784,0.0945945945945946,0.006756756756756757,0.013344837298838383,0.013344837298838383,0.013344837298838383,0.013344837298838383,1,3,2,0.0,3.0,5.0,2.0,2.0,7.0,1.0,5.0,7.0,1.0,0.05555555555555555,0.0,0.125,0.1111111111111111,0.05714285714285714,0.125,0.0,0.16666666666666666,0.5,0.5,0.8333333333333334,0.0,0.16666666666666666,0.3333333333333333,0.5,0.8333333333333334,0,0,results/mssp_adversarial/ds03/matched_delay/matched_false_flag_comparisons.csv,6.0,22.0,2.0,11.0,7.0,2.0,0.29411764705882354,0.0,0.2222222222222222,0.17647058823529413,0.0,0.2222222222222222
ds03,pca,-1,0.005,causal_regime,not_exceeding,0.15,148,False,0.14189189189189189,0.14189189189189189,0.0,0.01084145868935835,0.01084145868935835,0.01216782717410923,0.01216782717410923,2,1,3,0.0,3.0,5.0,2.0,2.0,7.0,1.0,5.0,5.0,1.0,0.2222222222222222,0.0,0.16666666666666666,0.1111111111111111,0.14285714285714285,0.20833333333333334,0.16666666666666666,0.3333333333333333,0.5,0.5,0.8333333333333334,0.0,0.16666666666666666,0.3333333333333333,0.6666666666666666,0.8333333333333334,0,0,results/mssp_adversarial/ds03/matched_delay/matched_false_flag_comparisons.csv,6.0,15.0,0.0,11.0,7.0,2.0,0.4117647058823529,0.0,0.3333333333333333,0.23529411764705882,0.027777777777777776,0.2222222222222222
ds03,pca,-1,0.005,causal_regime,not_exceeding,0.2,148,False,0.19594594594594594,0.17567567567567569,-0.020270270270270258,0.009013370389517439,0.009013370389517439,0.011353711240885177,0.011353711240885177,1,2,3,0.0,0.0,2.0,2.0,2.0,7.0,1.0,5.0,1.0,1.0,0.3333333333333333,0.08571428571428572,0.20833333333333334,0.1111111111111111,0.2,0.25,0.16666666666666666,0.3333333333333333,0.5,0.5,1.0,0.0,0.3333333333333333,0.5,0.6666666666666666,0.8333333333333334,0,0,results/mssp_adversarial/ds03/matched_delay/matched_false_flag_comparisons.csv,6.0,7.0,0.0,11.0,7.0,2.0,0.47058823529411764,0.027777777777777776,0.3333333333333333,0.23529411764705882,0.05555555555555555,0.2777777777777778
ds03,pca,-1,0.01,phase_conditioned,nearest,0.025,148,True,0.02702702702702703,0.02702702702702703,0.0,0.030634834526960843,0.03135022062565112,0.050905759020366814,0.050905759020366814,3,0,3,-4.0,-2.0,12.0,14.0,14.0,16.0,12.0,20.0,12.0,15.0,0.0,0.0,0.08333333333333333,0.0,0.0,0.041666666666666664,0.0,0.0,0.16666666666666666,0.16666666666666666,0.16666666666666666,0.0,0.0,0.0,0.0,0.3333333333333333,0,0,results/mssp_adversarial/ds03/matched_delay/matched_false_flag_comparisons.csv,23.0,20.0,2.0,19.0,10.0,7.0,0.058823529411764705,0.0,0.05555555555555555,0.11764705882352941,0.0,0.05555555555555555
ds03,pca,-1,0.01,phase_conditioned,nearest,0.05,148,False,0.04054054054054054,0.0472972972972973,0.006756756756756757,0.02541412997309925,0.0254691843897454,0.03359818286283781,0.03359818286283781,3,0,3,-5.0,8.0,10.0,2.0,2.0,14.0,1.0,17.0,7.0,12.0,0.0,0.0,0.08333333333333333,0.0,0.0,0.08333333333333333,0.0,0.16666666666666666,0.5,0.5,0.5,0.0,0.0,0.0,0.16666666666666666,0.5,0,0,results/mssp_adversarial/ds03/matched_delay/matched_false_flag_comparisons.csv,23.0,15.0,2.0,17.0,10.0,5.0,0.058823529411764705,0.0,0.16666666666666666,0.11764705882352941,0.05555555555555555,0.05555555555555555
ds03,pca,-1,0.01,phase_conditioned,nearest,0.1,148,True,0.10135135135135136,0.10135135135135136,0.0,0.0206913808111479,0.0206913808111479,0.026672588383874055,0.026672588383874055,1,2,3,0.0,2.0,4.0,2.0,2.0,4.0,1.0,2.0,4.0,12.0,0.1111111111111111,0.0,0.16666666666666666,0.05555555555555555,0.02857142857142857,0.125,0.0,0.16666666666666666,0.5,0.6666666666666666,1.0,0.0,0.16666666666666666,0.3333333333333333,0.5,0.6666666666666666,0,0,results/mssp_adversarial/ds03/matched_delay/matched_false_flag_comparisons.csv,10.0,6.0,2.0,17.0,10.0,1.0,0.29411764705882354,0.0,0.2222222222222222,0.11764705882352941,0.1388888888888889,0.16666666666666666
ds03,pca,-1,0.01,phase_conditioned,nearest,0.15,148,False,0.14189189189189189,0.1554054054054054,0.013513513513513514,0.018435892216414878,0.018435892216414878,0.024887998672586672,0.024887998672586672,1,4,1,0.0,0.0,2.0,2.0,2.0,4.0,1.0,2.0,4.0,1.0,0.16666666666666666,0.0,0.20833333333333334,0.05555555555555555,0.02857142857142857,0.16666666666666666,0.0,0.16666666666666666,0.5,0.6666666666666666,1.0,0.0,0.3333333333333333,0.5,0.6666666666666666,1.0,0,0,results/mssp_adversarial/ds03/matched_delay/matched_false_flag_comparisons.csv,10.0,6.0,2.0,10.0,10.0,1.0,0.35294117647058826,0.05555555555555555,0.2777777777777778,0.35294117647058826,0.16666666666666666,0.2777777777777778
ds03,pca,-1,0.01,phase_conditioned,nearest,0.2,148,True,0.19594594594594594,0.20270270270270271,0.006756756756756771,0.017202397247935992,0.017202397247935992,0.023295303794109844,0.023295303794109844,1,3,2,0.0,0.0,2.0,2.0,2.0,4.0,1.0,2.0,4.0,1.0,0.16666666666666666,0.05714285714285714,0.2916666666666667,0.16666666666666666,0.11428571428571428,0.16666666666666666,0.0,0.16666666666666666,0.5,0.6666666666666666,1.0,0.0,0.3333333333333333,0.5,0.6666666666666666,1.0,0,0,results/mssp_adversarial/ds03/matched_delay/matched_false_flag_comparisons.csv,6.0,6.0,2.0,10.0,10.0,1.0,0.47058823529411764,0.08333333333333333,0.3333333333333333,0.35294117647058826,0.16666666666666666,0.3888888888888889
ds03,pca,-1,0.01,phase_conditioned,not_exceeding,0.025,148,True,0.02027027027027027,0.02027027027027027,0.0,0.04331032859169001,0.04331032859169001,0.05455594781168514,0.05455594781168514,5,1,0,-6.0,-6.0,15.0,21.0,20.0,16.0,21.0,20.0,12.0,18.0,0.0,0.0,0.08333333333333333,0.0,0.0,0.0,0.0,0.0,0.0,0.0,0.0,0.0,0.0,0.0,0.0,0.16666666666666666,0,0,results/mssp_adversarial/ds03/matched_delay/matched_false_flag_comparisons.csv,25.0,22.0,23.0,19.0,15.0,7.0,0.058823529411764705,0.0,0.0,0.11764705882352941,0.0,0.05555555555555555
ds03,pca,-1,0.01,phase_conditioned,not_exceeding,0.05,148,False,0.04054054054054054,0.0472972972972973,0.006756756756756757,0.02541412997309925,0.0254691843897454,0.03359818286283781,0.03359818286283781,3,0,3,-5.0,8.0,10.0,2.0,2.0,14.0,1.0,17.0,7.0,12.0,0.0,0.0,0.08333333333333333,0.0,0.0,0.08333333333333333,0.0,0.16666666666666666,0.5,0.5,0.5,0.0,0.0,0.0,0.16666666666666666,0.5,0,0,results/mssp_adversarial/ds03/matched_delay/matched_false_flag_comparisons.csv,23.0,15.0,2.0,17.0,10.0,5.0,0.058823529411764705,0.0,0.16666666666666666,0.11764705882352941,0.05555555555555555,0.05555555555555555
ds03,pca,-1,0.01,phase_conditioned,not_exceeding,0.1,148,False,0.08783783783783784,0.0945945945945946,0.006756756756756757,0.02269288562880081,0.02269288562880081,0.027295447924020073,0.027295447924020073,2,2,2,0.0,2.0,4.0,2.0,2.0,9.0,1.0,2.0,4.0,12.0,0.05555555555555555,0.0,0.16666666666666666,0.05555555555555555,0.02857142857142857,0.125,0.0,0.16666666666666666,0.5,0.5,0.8333333333333334,0.0,0.0,0.3333333333333333,0.5,0.6666666666666666,0,0,results/mssp_adversarial/ds03/matched_delay/matched_false_flag_comparisons.csv,10.0,15.0,2.0,17.0,10.0,2.0,0.23529411764705882,0.0,0.2222222222222222,0.11764705882352941,0.1388888888888889,0.1111111111111111
ds03,pca,-1,0.01,phase_conditioned,not_exceeding,0.15,148,False,0.14189189189189189,0.13513513513513514,-0.006756756756756743,0.018435892216414878,0.018435892216414878,0.0254691843897454,0.0254691843897454,1,3,2,0.0,0.0,2.0,2.0,2.0,4.0,1.0,2.0,4.0,1.0,0.16666666666666666,0.0,0.20833333333333334,0.05555555555555555,0.02857142857142857,0.16666666666666666,0.0,0.16666666666666666,0.5,0.6666666666666666,1.0,0.0,0.3333333333333333,0.5,0.6666666666666666,0.8333333333333334,0,0,results/mssp_adversarial/ds03/matched_delay/matched_false_flag_comparisons.csv,10.0,6.0,2.0,16.0,10.0,1.0,0.35294117647058826,0.05555555555555555,0.2777777777777778,0.23529411764705882,0.16666666666666666,0.2222222222222222
ds03,pca,-1,0.01,phase_conditioned,not_exceeding,0.2,148,False,0.19594594594594594,0.18243243243243243,-0.013513513513513514,0.017202397247935992,0.017202397247935992,0.02376511113811073,0.02376511113811073,1,3,2,0.0,0.0,2.0,2.0,2.0,4.0,1.0,2.0,4.0,1.0,0.16666666666666666,0.05714285714285714,0.2916666666666667,0.1111111111111111,0.08571428571428572,0.16666666666666666,0.0,0.16666666666666666,0.5,0.6666666666666666,1.0,0.0,0.3333333333333333,0.5,0.6666666666666666,1.0,0,0,results/mssp_adversarial/ds03/matched_delay/matched_false_flag_comparisons.csv,6.0,6.0,2.0,10.0,10.0,1.0,0.47058823529411764,0.08333333333333333,0.3333333333333333,0.35294117647058826,0.16666666666666666,0.3333333333333333
ds03,pca,-1,0.01,causal_regime,nearest,0.025,148,True,0.02702702702702703,0.02702702702702703,0.0,0.030634834526960843,0.03135022062565112,0.05455594781168514,0.05455594781168514,3,0,3,-4.0,-4.0,10.0,14.0,14.0,16.0,12.0,20.0,9.0,15.0,0.0,0.0,0.08333333333333333,0.0,0.0,0.041666666666666664,0.0,0.0,0.16666666666666666,0.16666666666666666,0.16666666666666666,0.0,0.0,0.0,0.0,0.5,0,0,results/mssp_adversarial/ds03/matched_delay/matched_false_flag_comparisons.csv,23.0,20.0,2.0,19.0,10.0,7.0,0.058823529411764705,0.0,0.05555555555555555,0.11764705882352941,0.0,0.05555555555555555
ds03,pca,-1,0.01,causal_regime,nearest,0.05,148,False,0.04054054054054054,0.0472972972972973,0.006756756756756757,0.02541412997309925,0.0254691843897454,0.03359818286283781,0.03359818286283781,3,0,3,-4.0,8.0,10.0,2.0,2.0,14.0,1.0,18.0,7.0,11.0,0.0,0.0,0.08333333333333333,0.05555555555555555,0.02857142857142857,0.08333333333333333,0.0,0.16666666666666666,0.5,0.5,0.5,0.0,0.0,0.0,0.0,0.5,0,0,results/mssp_adversarial/ds03/matched_delay/matched_false_flag_comparisons.csv,23.0,15.0,2.0,19.0,10.0,7.0,0.058823529411764705,0.0,0.16666666666666666,0.11764705882352941,0.0,0.05555555555555555
ds03,pca,-1,0.01,causal_regime,nearest,0.1,148,True,0.10135135135135136,0.10135135135135136,0.0,0.0206913808111479,0.0206913808111479,0.027295447924020073,0.027295447924020073,1,0,5,1.0,3.0,5.0,2.0,2.0,4.0,1.0,5.0,5.0,11.0,0.1111111111111111,0.0,0.16666666666666666,0.05555555555555555,0.05714285714285714,0.16666666666666666,0.0,0.16666666666666666,0.5,0.6666666666666666,1.0,0.0,0.16666666666666666,0.16666666666666666,0.5,0.6666666666666666,0,0,results/mssp_adversarial/ds03/matched_delay/matched_false_flag_comparisons.csv,10.0,6.0,2.0,19.0,7.0,1.0,0.29411764705882354,0.0,0.2222222222222222,0.17647058823529413,0.05555555555555555,0.16666666666666666
ds03,pca,-1,0.01,causal_regime,nearest,0.15,148,False,0.14189189189189189,0.1554054054054054,0.013513513513513514,0.018435892216414878,0.018435892216414878,0.023222810962777247,0.023222810962777247,2,0,4,1.0,3.0,5.0,2.0,2.0,4.0,1.0,5.0,1.0,11.0,0.16666666666666666,0.0,0.20833333333333334,0.1111111111111111,0.17142857142857143,0.20833333333333334,0.0,0.16666666666666666,0.5,0.6666666666666666,1.0,0.0,0.3333333333333333,0.3333333333333333,0.5,0.6666666666666666,0,0,results/mssp_adversarial/ds03/matched_delay/matched_false_flag_comparisons.csv,10.0,6.0,2.0,11.0,7.0,1.0,0.35294117647058826,0.05555555555555555,0.2777777777777778,0.17647058823529413,0.1111111111111111,0.16666666666666666
ds03,pca,-1,0.01,causal_regime,nearest,0.2,148,True,0.19594594594594594,0.19594594594594594,0.0,0.017202397247935992,0.017202397247935992,0.02166903639411181,0.02166903639411181,2,1,3,0.0,-1.0,1.0,2.0,2.0,4.0,1.0,5.0,1.0,1.0,0.16666666666666666,0.05714285714285714,0.2916666666666667,0.1111111111111111,0.22857142857142856,0.20833333333333334,0.0,0.16666666666666666,0.5,0.6666666666666666,1.0,0.0,0.5,0.5,0.6666666666666666,0.8333333333333334,0,0,results/mssp_adversarial/ds03/matched_delay/matched_false_flag_comparisons.csv,6.0,6.0,2.0,11.0,7.0,1.0,0.47058823529411764,0.08333333333333333,0.3333333333333333,0.35294117647058826,0.1388888888888889,0.16666666666666666
ds03,pca,-1,0.01,causal_regime,not_exceeding,0.025,148,True,0.02027027027027027,0.02027027027027027,0.0,0.04331032859169001,0.04331032859169001,0.05983321728796282,0.05983321728796282,5,1,0,-6.0,-4.0,17.0,21.0,20.0,16.0,21.0,20.0,12.0,18.0,0.0,0.0,0.08333333333333333,0.0,0.0,0.0,0.0,0.0,0.0,0.0,0.0,0.0,0.0,0.0,0.0,0.16666666666666666,0,0,results/mssp_adversarial/ds03/matched_delay/matched_false_flag_comparisons.csv,25.0,22.0,23.0,19.0,10.0,17.0,0.058823529411764705,0.0,0.0,0.11764705882352941,0.0,0.05555555555555555
ds03,pca,-1,0.01,causal_regime,not_exceeding,0.05,148,False,0.04054054054054054,0.0472972972972973,0.006756756756756757,0.02541412997309925,0.0254691843897454,0.03359818286283781,0.03359818286283781,3,0,3,-4.0,8.0,10.0,2.0,2.0,14.0,1.0,18.0,7.0,11.0,0.0,0.0,0.08333333333333333,0.05555555555555555,0.02857142857142857,0.08333333333333333,0.0,0.16666666666666666,0.5,0.5,0.5,0.0,0.0,0.0,0.0,0.5,0,0,results/mssp_adversarial/ds03/matched_delay/matched_false_flag_comparisons.csv,23.0,15.0,2.0,19.0,10.0,7.0,0.058823529411764705,0.0,0.16666666666666666,0.11764705882352941,0.0,0.05555555555555555
ds03,pca,-1,0.01,causal_regime,not_exceeding,0.1,148,False,0.08783783783783784,0.08783783783783784,0.0,0.02269288562880081,0.02269288562880081,0.02793285250948253,0.02793285250948253,3,0,3,-1.0,3.0,5.0,2.0,2.0,9.0,1.0,5.0,5.0,11.0,0.05555555555555555,0.0,0.16666666666666666,0.05555555555555555,0.05714285714285714,0.16666666666666666,0.0,0.16666666666666666,0.5,0.5,0.8333333333333334,0.0,0.16666666666666666,0.16666666666666666,0.5,0.6666666666666666,0,0,results/mssp_adversarial/ds03/matched_delay/matched_false_flag_comparisons.csv,10.0,15.0,2.0,19.0,7.0,1.0,0.23529411764705882,0.0,0.2222222222222222,0.11764705882352941,0.027777777777777776,0.16666666666666666
ds03,pca,-1,0.01,causal_regime,not_exceeding,0.15,148,False,0.14189189189189189,0.14189189189189189,0.0,0.018435892216414878,0.018435892216414878,0.02376511113811073,0.024320075132679475,2,0,4,1.0,3.0,5.0,2.0,2.0,4.0,1.0,5.0,1.0,11.0,0.16666666666666666,0.0,0.20833333333333334,0.1111111111111111,0.14285714285714285,0.20833333333333334,0.0,0.16666666666666666,0.5,0.6666666666666666,1.0,0.0,0.3333333333333333,0.3333333333333333,0.5,0.6666666666666666,0,0,results/mssp_adversarial/ds03/matched_delay/matched_false_flag_comparisons.csv,10.0,6.0,2.0,19.0,7.0,1.0,0.35294117647058826,0.05555555555555555,0.2777777777777778,0.17647058823529413,0.08333333333333333,0.16666666666666666
ds03,pca,-1,0.01,causal_regime,not_exceeding,0.2,148,True,0.19594594594594594,0.19594594594594594,0.0,0.017202397247935992,0.017202397247935992,0.02166903639411181,0.02166903639411181,2,1,3,0.0,-1.0,1.0,2.0,2.0,4.0,1.0,5.0,1.0,1.0,0.16666666666666666,0.05714285714285714,0.2916666666666667,0.1111111111111111,0.22857142857142856,0.20833333333333334,0.0,0.16666666666666666,0.5,0.6666666666666666,1.0,0.0,0.5,0.5,0.6666666666666666,0.8333333333333334,0,0,results/mssp_adversarial/ds03/matched_delay/matched_false_flag_comparisons.csv,6.0,6.0,2.0,11.0,7.0,1.0,0.47058823529411764,0.08333333333333333,0.3333333333333333,0.35294117647058826,0.1388888888888889,0.16666666666666666
ds03,pca,-1,0.02,phase_conditioned,nearest,0.025,148,True,0.02702702702702703,0.02702702702702703,0.0,0.057133684283155795,0.057133684283155795,0.06123044539605184,0.06562096406767555,6,0,0,-6.0,-7.0,9.0,16.0,18.0,16.0,12.0,17.0,9.0,10.0,0.0,0.0,0.041666666666666664,0.0,0.0,0.041666666666666664,0.0,0.0,0.0,0.0,0.0,0.0,0.0,0.0,0.16666666666666666,0.6666666666666666,0,0,results/mssp_adversarial/ds03/matched_delay/matched_false_flag_comparisons.csv,22.0,15.0,20.0,19.0,9.0,5.0,0.11764705882352941,0.0,0.05555555555555555,0.11764705882352941,0.0,0.05555555555555555
ds03,pca,-1,0.02,phase_conditioned,nearest,0.05,148,True,0.0472972972972973,0.0472972972972973,0.0,0.050905759020366814,0.050905759020366814,0.053311026216670325,0.053311026216670325,3,1,2,-3.0,-1.0,7.0,8.0,8.0,14.0,12.0,17.0,7.0,7.0,0.0,0.0,0.125,0.0,0.0,0.125,0.0,0.0,0.0,0.16666666666666666,0.5,0.0,0.0,0.0,0.16666666666666666,0.6666666666666666,0,0,results/mssp_adversarial/ds03/matched_delay/matched_false_flag_comparisons.csv,22.0,6.0,5.0,19.0,8.0,5.0,0.17647058823529413,0.0,0.05555555555555555,0.11764705882352941,0.0,0.1111111111111111
ds03,pca,-1,0.02,phase_conditioned,nearest,0.1,148,True,0.0945945945945946,0.10135135135135136,0.006756756756756757,0.04380475594493116,0.04380475594493116,0.04331032859169001,0.04331032859169001,3,1,2,-1.0,2.0,4.0,2.0,2.0,14.0,1.0,2.0,7.0,4.0,0.05555555555555555,0.11428571428571428,0.125,0.05555555555555555,0.02857142857142857,0.125,0.16666666666666666,0.3333333333333333,0.6666666666666666,0.6666666666666666,0.6666666666666666,0.0,0.16666666666666666,0.3333333333333333,0.5,0.8333333333333334,0,0,results/mssp_adversarial/ds03/matched_delay/matched_false_flag_comparisons.csv,20.0,0.0,2.0,17.0,6.0,1.0,0.17647058823529413,0.05555555555555555,0.05555555555555555,0.29411764705882354,0.08333333333333333,0.1111111111111111
ds03,pca,-1,0.02,phase_conditioned,nearest,0.15,148,True,0.1554054054054054,0.14864864864864866,-0.006756756756756743,0.03949037229576702,0.03949037229576702,0.04024767801857585,0.04024767801857585,1,2,3,0.0,1.0,3.0,2.0,2.0,3.0,1.0,2.0,7.0,3.0,0.16666666666666666,0.11428571428571428,0.3333333333333333,0.1111111111111111,0.11428571428571428,0.20833333333333334,0.16666666666666666,0.3333333333333333,0.8333333333333334,0.8333333333333334,1.0,0.0,0.16666666666666666,0.5,0.5,1.0,0,0,results/mssp_adversarial/ds03/matched_delay/matched_false_flag_comparisons.csv,10.0,0.0,2.0,10.0,6.0,1.0,0.17647058823529413,0.1111111111111111,0.05555555555555555,0.35294117647058826,0.08333333333333333,0.1111111111111111
ds03,pca,-1,0.02,phase_conditioned,nearest,0.2,148,False,0.20945945945945946,0.20270270270270271,-0.006756756756756743,0.036740761715984706,0.03684817982911676,0.03709471895794988,0.03709471895794988,1,1,4,1.0,2.0,3.0,1.0,0.0,3.0,1.0,2.0,4.0,3.0,0.16666666666666666,0.14285714285714285,0.3333333333333333,0.16666666666666666,0.14285714285714285,0.25,0.3333333333333333,0.5,0.8333333333333334,0.8333333333333334,1.0,0.0,0.16666666666666666,0.6666666666666666,0.8333333333333334,1.0,0,0,results/mssp_adversarial/ds03/matched_delay/matched_false_flag_comparisons.csv,10.0,0.0,2.0,10.0,3.0,1.0,0.23529411764705882,0.16666666666666666,0.2777777777777778,0.4117647058823529,0.1111111111111111,0.2777777777777778
ds03,pca,-1,0.02,phase_conditioned,not_exceeding,0.025,148,True,0.02027027027027027,0.02027027027027027,0.0,0.05846787276937589,0.05846787276937589,0.06715334791115142,0.06872151605431122,5,0,1,-6.0,-7.0,9.0,16.0,18.0,16.0,12.0,20.0,9.0,10.0,0.0,0.0,0.041666666666666664,0.0,0.0,0.0,0.0,0.0,0.0,0.0,0.0,0.0,0.0,0.0,0.0,0.6666666666666666,0,0,results/mssp_adversarial/ds03/matched_delay/matched_false_flag_comparisons.csv,22.0,15.0,20.0,19.0,9.0,7.0,0.11764705882352941,0.0,0.0,0.11764705882352941,0.0,0.05555555555555555
ds03,pca,-1,0.02,phase_conditioned,not_exceeding,0.05,148,True,0.0472972972972973,0.0472972972972973,0.0,0.050905759020366814,0.050905759020366814,0.053311026216670325,0.053311026216670325,3,1,2,-3.0,-1.0,7.0,8.0,8.0,14.0,12.0,17.0,7.0,7.0,0.0,0.0,0.125,0.0,0.0,0.125,0.0,0.0,0.0,0.16666666666666666,0.5,0.0,0.0,0.0,0.16666666666666666,0.6666666666666666,0,0,results/mssp_adversarial/ds03/matched_delay/matched_false_flag_comparisons.csv,22.0,6.0,5.0,19.0,8.0,5.0,0.17647058823529413,0.0,0.05555555555555555,0.11764705882352941,0.0,0.1111111111111111
ds03,pca,-1,0.02,phase_conditioned,not_exceeding,0.1,148,False,0.0945945945945946,0.08783783783783784,-0.006756756756756757,0.04380475594493116,0.04380475594493116,0.04432171342476086,0.04535671616408702,3,1,2,-1.0,2.0,4.0,2.0,2.0,14.0,1.0,2.0,7.0,4.0,0.05555555555555555,0.11428571428571428,0.125,0.05555555555555555,0.0,0.125,0.16666666666666666,0.3333333333333333,0.6666666666666666,0.6666666666666666,0.6666666666666666,0.0,0.16666666666666666,0.3333333333333333,0.5,0.8333333333333334,0,0,results/mssp_adversarial/ds03/matched_delay/matched_false_flag_comparisons.csv,20.0,0.0,2.0,17.0,6.0,1.0,0.17647058823529413,0.05555555555555555,0.05555555555555555,0.29411764705882354,0.05555555555555555,0.1111111111111111
ds03,pca,-1,0.02,phase_conditioned,not_exceeding,0.15,148,False,0.14189189189189189,0.14864864864864866,0.006756756756756771,0.040412553329506,0.040412553329506,0.04024767801857585,0.04024767801857585,2,1,3,0.0,1.0,3.0,2.0,2.0,3.0,1.0,2.0,7.0,3.0,0.1111111111111111,0.11428571428571428,0.2916666666666667,0.1111111111111111,0.11428571428571428,0.20833333333333334,0.16666666666666666,0.3333333333333333,0.8333333333333334,0.8333333333333334,0.8333333333333334,0.0,0.16666666666666666,0.5,0.5,1.0,0,0,results/mssp_adversarial/ds03/matched_delay/matched_false_flag_comparisons.csv,20.0,0.0,2.0,10.0,6.0,1.0,0.17647058823529413,0.1111111111111111,0.05555555555555555,0.35294117647058826,0.08333333333333333,0.1111111111111111
ds03,pca,-1,0.02,phase_conditioned,not_exceeding,0.2,148,False,0.1891891891891892,0.19594594594594594,0.006756756756756743,0.037708660259934516,0.037708660259934516,0.037708660259934516,0.037708660259934516,1,2,3,0.0,1.0,3.0,2.0,2.0,3.0,1.0,2.0,4.0,3.0,0.16666666666666666,0.14285714285714285,0.3333333333333333,0.16666666666666666,0.14285714285714285,0.25,0.16666666666666666,0.3333333333333333,0.8333333333333334,0.8333333333333334,1.0,0.0,0.16666666666666666,0.5,0.6666666666666666,1.0,0,0,results/mssp_adversarial/ds03/matched_delay/matched_false_flag_comparisons.csv,10.0,0.0,2.0,10.0,6.0,1.0,0.23529411764705882,0.1388888888888889,0.16666666666666666,0.4117647058823529,0.08333333333333333,0.2777777777777778
ds03,pca,-1,0.02,causal_regime,nearest,0.025,148,True,0.02702702702702703,0.02702702702702703,0.0,0.057133684283155795,0.057133684283155795,0.084589857965743,0.084589857965743,6,0,0,-6.0,-6.0,10.0,16.0,18.0,16.0,12.0,17.0,8.0,10.0,0.0,0.0,0.041666666666666664,0.0,0.0,0.041666666666666664,0.0,0.0,0.0,0.0,0.0,0.0,0.0,0.0,0.0,0.5,0,0,results/mssp_adversarial/ds03/matched_delay/matched_false_flag_comparisons.csv,22.0,15.0,20.0,19.0,7.0,14.0,0.11764705882352941,0.0,0.05555555555555555,0.17647058823529413,0.0,0.0
ds03,pca,-1,0.02,causal_regime,nearest,0.05,148,True,0.0472972972972973,0.0472972972972973,0.0,0.050905759020366814,0.050905759020366814,0.06872151605431122,0.07032630413380643,4,0,2,-2.0,-1.0,7.0,8.0,8.0,14.0,12.0,15.0,7.0,10.0,0.0,0.0,0.125,0.0,0.0,0.08333333333333333,0.0,0.0,0.0,0.16666666666666666,0.5,0.0,0.0,0.0,0.16666666666666666,0.6666666666666666,0,0,results/mssp_adversarial/ds03/matched_delay/matched_false_flag_comparisons.csv,22.0,6.0,5.0,19.0,4.0,7.0,0.17647058823529413,0.0,0.05555555555555555,0.23529411764705882,0.0,0.05555555555555555
ds03,pca,-1,0.02,causal_regime,nearest,0.1,148,False,0.0945945945945946,0.10810810810810811,0.013513513513513514,0.04380475594493116,0.04380475594493116,0.05983321728796282,0.05983321728796282,3,0,3,-1.0,3.0,5.0,2.0,2.0,14.0,1.0,15.0,5.0,10.0,0.05555555555555555,0.11428571428571428,0.125,0.05555555555555555,0.02857142857142857,0.08333333333333333,0.16666666666666666,0.3333333333333333,0.6666666666666666,0.6666666666666666,0.6666666666666666,0.0,0.16666666666666666,0.16666666666666666,0.5,0.6666666666666666,0,0,results/mssp_adversarial/ds03/matched_delay/matched_false_flag_comparisons.csv,20.0,0.0,2.0,19.0,4.0,1.0,0.17647058823529413,0.05555555555555555,0.05555555555555555,0.35294117647058826,0.1388888888888889,0.05555555555555555
ds03,pca,-1,0.02,causal_regime,nearest,0.15,148,True,0.1554054054054054,0.14864864864864866,-0.006756756756756743,0.03949037229576702,0.03949037229576702,0.057133684283155795,0.057133684283155795,2,0,4,4.0,2.0,4.0,2.0,2.0,3.0,1.0,15.0,1.0,10.0,0.16666666666666666,0.11428571428571428,0.3333333333333333,0.05555555555555555,0.14285714285714285,0.125,0.16666666666666666,0.3333333333333333,0.8333333333333334,0.8333333333333334,1.0,0.0,0.3333333333333333,0.3333333333333333,0.5,0.6666666666666666,0,0,results/mssp_adversarial/ds03/matched_delay/matched_false_flag_comparisons.csv,10.0,0.0,2.0,19.0,4.0,1.0,0.17647058823529413,0.1111111111111111,0.05555555555555555,0.4117647058823529,0.1388888888888889,0.05555555555555555
ds03,pca,-1,0.02,causal_regime,nearest,0.2,148,False,0.20945945945945946,0.20945945945945946,0.0,0.036740761715984706,0.03684817982911676,0.047499794346614124,0.049744131713774516,3,1,2,-1.0,0.0,1.0,1.0,0.0,3.0,1.0,14.0,1.0,7.0,0.16666666666666666,0.14285714285714285,0.3333333333333333,0.05555555555555555,0.2,0.125,0.3333333333333333,0.5,0.8333333333333334,0.8333333333333334,1.0,0.16666666666666666,0.5,0.5,0.6666666666666666,0.8333333333333334,0,0,results/mssp_adversarial/ds03/matched_delay/matched_false_flag_comparisons.csv,10.0,0.0,2.0,5.0,0.0,1.0,0.23529411764705882,0.16666666666666666,0.2777777777777778,0.47058823529411764,0.25,0.16666666666666666
ds03,pca,-1,0.02,causal_regime,not_exceeding,0.025,148,True,0.02027027027027027,0.02027027027027027,0.0,0.05846787276937589,0.05846787276937589,0.09942457296427418,0.09942457296427418,5,1,0,-3.0,-4.0,12.0,16.0,18.0,16.0,12.0,17.0,8.0,12.0,0.0,0.0,0.041666666666666664,0.0,0.0,0.041666666666666664,0.0,0.0,0.0,0.0,0.0,0.0,0.0,0.0,0.0,0.16666666666666666,0,0,results/mssp_adversarial/ds03/matched_delay/matched_false_flag_comparisons.csv,22.0,15.0,20.0,19.0,12.0,16.0,0.11764705882352941,0.0,0.0,0.11764705882352941,0.0,0.0
ds03,pca,-1,0.02,causal_regime,not_exceeding,0.05,148,True,0.0472972972972973,0.0472972972972973,0.0,0.050905759020366814,0.050905759020366814,0.06872151605431122,0.07032630413380643,4,0,2,-2.0,-1.0,7.0,8.0,8.0,14.0,12.0,15.0,7.0,10.0,0.0,0.0,0.125,0.0,0.0,0.08333333333333333,0.0,0.0,0.0,0.16666666666666666,0.5,0.0,0.0,0.0,0.16666666666666666,0.6666666666666666,0,0,results/mssp_adversarial/ds03/matched_delay/matched_false_flag_comparisons.csv,22.0,6.0,5.0,19.0,4.0,7.0,0.17647058823529413,0.0,0.05555555555555555,0.23529411764705882,0.0,0.05555555555555555
ds03,pca,-1,0.02,causal_regime,not_exceeding,0.1,148,False,0.0945945945945946,0.07432432432432433,-0.02027027027027027,0.04380475594493116,0.04380475594493116,0.06123044539605184,0.06123044539605184,3,0,3,-1.0,3.0,5.0,2.0,2.0,14.0,1.0,15.0,5.0,10.0,0.05555555555555555,0.11428571428571428,0.125,0.0,0.02857142857142857,0.08333333333333333,0.16666666666666666,0.3333333333333333,0.6666666666666666,0.6666666666666666,0.6666666666666666,0.0,0.16666666666666666,0.16666666666666666,0.5,0.6666666666666666,0,0,results/mssp_adversarial/ds03/matched_delay/matched_false_flag_comparisons.csv,20.0,0.0,2.0,19.0,4.0,1.0,0.17647058823529413,0.05555555555555555,0.05555555555555555,0.29411764705882354,0.05555555555555555,0.05555555555555555
ds03,pca,-1,0.02,causal_regime,not_exceeding,0.15,148,False,0.14189189189189189,0.14864864864864866,0.006756756756756771,0.040412553329506,0.040412553329506,0.057133684283155795,0.057133684283155795,3,0,3,-1.0,2.0,4.0,2.0,2.0,3.0,1.0,15.0,1.0,10.0,0.1111111111111111,0.11428571428571428,0.2916666666666667,0.05555555555555555,0.14285714285714285,0.125,0.16666666666666666,0.3333333333333333,0.8333333333333334,0.8333333333333334,0.8333333333333334,0.0,0.3333333333333333,0.3333333333333333,0.5,0.6666666666666666,0,0,results/mssp_adversarial/ds03/matched_delay/matched_false_flag_comparisons.csv,20.0,0.0,2.0,19.0,4.0,1.0,0.17647058823529413,0.1111111111111111,0.05555555555555555,0.4117647058823529,0.1388888888888889,0.05555555555555555
ds03,pca,-1,0.02,causal_regime,not_exceeding,0.2,148,False,0.1891891891891892,0.18243243243243243,-0.006756756756756771,0.037708660259934516,0.037708660259934516,0.050905759020366814,0.05209451270253212,2,1,3,0.0,-1.0,1.0,2.0,2.0,3.0,1.0,15.0,1.0,7.0,0.16666666666666666,0.14285714285714285,0.3333333333333333,0.05555555555555555,0.2,0.125,0.16666666666666666,0.3333333333333333,0.8333333333333334,0.8333333333333334,1.0,0.16666666666666666,0.5,0.5,0.5,0.6666666666666666,0,0,results/mssp_adversarial/ds03/matched_delay/matched_false_flag_comparisons.csv,10.0,0.0,2.0,19.0,0.0,1.0,0.23529411764705882,0.1388888888888889,0.16666666666666666,0.47058823529411764,0.16666666666666666,0.1111111111111111
ds03,isolation_forest,0,0.005,phase_conditioned,nearest,0.025,148,True,0.02702702702702703,0.02702702702702703,0.0,0.02269288562880081,0.02269288562880081,0.023222810962777247,0.02322865299766416,1,1,4,1.0,0.0,11.0,11.0,11.0,6.0,8.0,12.0,10.0,11.0,0.0,0.05714285714285714,0.041666666666666664,0.0,0.05714285714285714,0.0,0.0,0.0,0.0,0.0,0.3333333333333333,0.0,0.0,0.0,0.0,0.3333333333333333,0,0,results/mssp_adversarial/ds03/matched_delay/matched_false_flag_comparisons.csv,21.0,12.0,21.0,21.0,6.0,22.0,0.058823529411764705,0.0,0.0,0.058823529411764705,0.027777777777777776,0.0
ds03,isolation_forest,0,0.005,phase_conditioned,nearest,0.05,148,True,0.0472972972972973,0.0472972972972973,0.0,0.02166903639411181,0.02166903639411181,0.020883477275945066,0.020883477275945066,3,1,2,-3.0,-2.0,9.0,11.0,11.0,6.0,8.0,5.0,9.0,11.0,0.0,0.08571428571428572,0.041666666666666664,0.0,0.08571428571428572,0.0,0.0,0.0,0.0,0.0,0.3333333333333333,0.0,0.0,0.0,0.16666666666666666,0.5,0,0,results/mssp_adversarial/ds03/matched_delay/matched_false_flag_comparisons.csv,21.0,12.0,21.0,21.0,6.0,18.0,0.058823529411764705,0.027777777777777776,0.05555555555555555,0.058823529411764705,0.05555555555555555,0.05555555555555555
ds03,isolation_forest,0,0.005,phase_conditioned,nearest,0.1,148,True,0.10135135135135136,0.10135135135135136,0.0,0.01407766990291262,0.01407766990291262,0.013344837298838383,0.013344837298838383,1,2,3,0.0,3.0,5.0,2.0,2.0,6.0,1.0,5.0,9.0,1.0,0.05555555555555555,0.11428571428571428,0.08333333333333333,0.1111111111111111,0.08571428571428572,0.125,0.0,0.16666666666666666,0.5,0.5,0.8333333333333334,0.0,0.16666666666666666,0.3333333333333333,0.5,1.0,0,0,results/mssp_adversarial/ds03/matched_delay/matched_false_flag_comparisons.csv,6.0,12.0,2.0,8.0,6.0,2.0,0.17647058823529413,0.05555555555555555,0.16666666666666666,0.11764705882352941,0.05555555555555555,0.16666666666666666
ds03,isolation_forest,0,0.005,phase_conditioned,nearest,0.15,148,True,0.14864864864864866,0.14864864864864866,0.0,0.011890167424419899,0.011890167424419899,0.01059406557118851,0.01059406557118851,2,4,0,0.0,0.0,2.0,2.0,2.0,6.0,1.0,2.0,6.0,1.0,0.16666666666666666,0.11428571428571428,0.20833333333333334,0.2222222222222222,0.08571428571428572,0.16666666666666666,0.0,0.16666666666666666,0.5,0.5,0.8333333333333334,0.0,0.16666666666666666,0.6666666666666666,0.6666666666666666,1.0,0,0,results/mssp_adversarial/ds03/matched_delay/matched_false_flag_comparisons.csv,6.0,12.0,2.0,2.0,6.0,2.0,0.23529411764705882,0.05555555555555555,0.2222222222222222,0.23529411764705882,0.05555555555555555,0.2777777777777778
ds03,isolation_forest,0,0.005,phase_conditioned,nearest,0.2,148,True,0.20270270270270271,0.19594594594594594,-0.006756756756756771,0.008606708472376158,0.008606708472376158,0.006832607387157405,0.006992162756659375,2,4,0,0.0,-1.0,1.0,2.0,2.0,5.0,1.0,2.0,5.0,1.0,0.3333333333333333,0.11428571428571428,0.20833333333333334,0.3888888888888889,0.08571428571428572,0.25,0.16666666666666666,0.3333333333333333,0.5,0.8333333333333334,1.0,0.3333333333333333,0.6666666666666666,0.8333333333333334,1.0,1.0,0,0,results/mssp_adversarial/ds03/matched_delay/matched_false_flag_comparisons.csv,6.0,4.0,0.0,0.0,1.0,0.0,0.4117647058823529,0.08333333333333333,0.2777777777777778,0.29411764705882354,0.08333333333333333,0.2777777777777778
ds03,isolation_forest,0,0.005,phase_conditioned,not_exceeding,0.025,148,False,0.013513513513513514,0.006756756756756757,-0.006756756756756757,0.023222810962777247,0.023222810962777247,0.03949037229576702,0.03949037229576702,0,1,5,1.0,1.0,12.0,11.0,11.0,6.0,8.0,13.0,10.0,12.0,0.0,0.02857142857142857,0.0,0.0,0.0,0.0,0.0,0.0,0.0,0.0,0.3333333333333333,0.0,0.0,0.0,0.0,0.16666666666666666,0,0,results/mssp_adversarial/ds03/matched_delay/matched_false_flag_comparisons.csv,21.0,12.0,21.0,22.0,12.0,22.0,0.058823529411764705,0.0,0.0,0.058823529411764705,0.0,0.0
ds03,isolation_forest,0,0.005,phase_conditioned,not_exceeding,0.05,148,True,0.0472972972972973,0.0472972972972973,0.0,0.02166903639411181,0.02166903639411181,0.020883477275945066,0.020883477275945066,3,1,2,-3.0,-2.0,9.0,11.0,11.0,6.0,8.0,5.0,9.0,11.0,0.0,0.08571428571428572,0.041666666666666664,0.0,0.08571428571428572,0.0,0.0,0.0,0.0,0.0,0.3333333333333333,0.0,0.0,0.0,0.16666666666666666,0.5,0,0,results/mssp_adversarial/ds03/matched_delay/matched_false_flag_comparisons.csv,21.0,12.0,21.0,21.0,6.0,18.0,0.058823529411764705,0.027777777777777776,0.05555555555555555,0.058823529411764705,0.05555555555555555,0.05555555555555555
ds03,isolation_forest,0,0.005,phase_conditioned,not_exceeding,0.1,148,True,0.0945945945945946,0.0945945945945946,0.0,0.015685151643735476,0.016426265840709303,0.013656466567946095,0.013656466567946095,2,3,1,0.0,0.0,5.0,5.0,5.0,6.0,1.0,5.0,9.0,1.0,0.05555555555555555,0.11428571428571428,0.041666666666666664,0.1111111111111111,0.08571428571428572,0.08333333333333333,0.0,0.16666666666666666,0.3333333333333333,0.5,0.6666666666666666,0.0,0.16666666666666666,0.3333333333333333,0.5,1.0,0,0,results/mssp_adversarial/ds03/matched_delay/matched_false_flag_comparisons.csv,19.0,12.0,2.0,8.0,6.0,2.0,0.17647058823529413,0.05555555555555555,0.16666666666666666,0.11764705882352941,0.05555555555555555,0.16666666666666666
ds03,isolation_forest,0,0.005,phase_conditioned,not_exceeding,0.15,148,True,0.14864864864864866,0.14864864864864866,0.0,0.011890167424419899,0.011890167424419899,0.01059406557118851,0.01059406557118851,2,4,0,0.0,0.0,2.0,2.0,2.0,6.0,1.0,2.0,6.0,1.0,0.16666666666666666,0.11428571428571428,0.20833333333333334,0.2222222222222222,0.08571428571428572,0.16666666666666666,0.0,0.16666666666666666,0.5,0.5,0.8333333333333334,0.0,0.16666666666666666,0.6666666666666666,0.6666666666666666,1.0,0,0,results/mssp_adversarial/ds03/matched_delay/matched_false_flag_comparisons.csv,6.0,12.0,2.0,2.0,6.0,2.0,0.23529411764705882,0.05555555555555555,0.2222222222222222,0.23529411764705882,0.05555555555555555,0.2777777777777778
ds03,isolation_forest,0,0.005,phase_conditioned,not_exceeding,0.2,148,True,0.19594594594594594,0.19594594594594594,0.0,0.009439246843247663,0.009659672580093832,0.006832607387157405,0.006992162756659375,3,3,0,-1.0,-1.0,1.0,2.0,2.0,6.0,1.0,2.0,5.0,1.0,0.3333333333333333,0.11428571428571428,0.20833333333333334,0.3888888888888889,0.08571428571428572,0.25,0.16666666666666666,0.3333333333333333,0.5,0.6666666666666666,1.0,0.3333333333333333,0.6666666666666666,0.8333333333333334,1.0,1.0,0,0,results/mssp_adversarial/ds03/matched_delay/matched_false_flag_comparisons.csv,6.0,4.0,0.0,0.0,1.0,0.0,0.35294117647058826,0.08333333333333333,0.2777777777777778,0.29411764705882354,0.08333333333333333,0.2777777777777778
ds03,isolation_forest,0,0.005,causal_regime,nearest,0.025,148,True,0.02702702702702703,0.02027027027027027,-0.006756756756756757,0.02269288562880081,0.02269288562880081,0.0254691843897454,0.02606394198314347,3,2,1,-2.0,-5.0,6.0,11.0,11.0,6.0,8.0,6.0,6.0,6.0,0.0,0.05714285714285714,0.041666666666666664,0.05555555555555555,0.02857142857142857,0.0,0.0,0.0,0.0,0.0,0.3333333333333333,0.0,0.0,0.16666666666666666,0.16666666666666666,0.6666666666666666,0,0,results/mssp_adversarial/ds03/matched_delay/matched_false_flag_comparisons.csv,21.0,12.0,21.0,22.0,3.0,21.0,0.058823529411764705,0.0,0.0,0.0,0.027777777777777776,0.0
ds03,isolation_forest,0,0.005,causal_regime,nearest,0.05,148,False,0.0472972972972973,0.060810810810810814,0.013513513513513514,0.02166903639411181,0.02166903639411181,0.02269288562880081,0.02269288562880081,5,1,0,-3.0,-5.0,6.0,11.0,11.0,6.0,8.0,6.0,6.0,6.0,0.0,0.08571428571428572,0.041666666666666664,0.05555555555555555,0.11428571428571428,0.041666666666666664,0.0,0.0,0.0,0.0,0.3333333333333333,0.0,0.0,0.16666666666666666,0.16666666666666666,0.6666666666666666,0,0,results/mssp_adversarial/ds03/matched_delay/matched_false_flag_comparisons.csv,21.0,12.0,21.0,19.0,3.0,18.0,0.058823529411764705,0.027777777777777776,0.05555555555555555,0.058823529411764705,0.05555555555555555,0.0
ds03,isolation_forest,0,0.005,causal_regime,nearest,0.1,148,True,0.10135135135135136,0.0945945945945946,-0.006756756756756757,0.01407766990291262,0.01407766990291262,0.018435892216414878,0.019306977288832496,2,0,4,3.0,3.0,5.0,2.0,2.0,6.0,1.0,5.0,5.0,6.0,0.05555555555555555,0.11428571428571428,0.08333333333333333,0.05555555555555555,0.11428571428571428,0.08333333333333333,0.0,0.16666666666666666,0.5,0.5,0.8333333333333334,0.0,0.0,0.16666666666666666,0.5,0.6666666666666666,0,0,results/mssp_adversarial/ds03/matched_delay/matched_false_flag_comparisons.csv,6.0,12.0,2.0,19.0,3.0,18.0,0.17647058823529413,0.05555555555555555,0.16666666666666666,0.11764705882352941,0.08333333333333333,0.1111111111111111
ds03,isolation_forest,0,0.005,causal_regime,nearest,0.15,148,True,0.14864864864864866,0.14864864864864866,0.0,0.011890167424419899,0.011890167424419899,0.011618843640511002,0.011890167424419899,2,3,1,0.0,0.0,2.0,2.0,2.0,6.0,1.0,5.0,5.0,1.0,0.16666666666666666,0.11428571428571428,0.20833333333333334,0.1111111111111111,0.11428571428571428,0.16666666666666666,0.0,0.16666666666666666,0.5,0.5,0.8333333333333334,0.16666666666666666,0.3333333333333333,0.5,0.8333333333333334,1.0,0,0,results/mssp_adversarial/ds03/matched_delay/matched_false_flag_comparisons.csv,6.0,12.0,2.0,6.0,0.0,2.0,0.23529411764705882,0.05555555555555555,0.2222222222222222,0.17647058823529413,0.1388888888888889,0.2222222222222222
ds03,isolation_forest,0,0.005,causal_regime,nearest,0.2,148,True,0.20270270270270271,0.20270270270270271,0.0,0.008606708472376158,0.008606708472376158,0.007847599703514606,0.0079750346740638,2,3,1,0.0,-1.0,1.0,2.0,2.0,5.0,1.0,2.0,1.0,1.0,0.3333333333333333,0.11428571428571428,0.20833333333333334,0.1111111111111111,0.11428571428571428,0.2916666666666667,0.16666666666666666,0.3333333333333333,0.5,0.8333333333333334,1.0,0.16666666666666666,0.6666666666666666,0.8333333333333334,0.8333333333333334,1.0,0,0,results/mssp_adversarial/ds03/matched_delay/matched_false_flag_comparisons.csv,6.0,4.0,0.0,6.0,0.0,1.0,0.4117647058823529,0.08333333333333333,0.2777777777777778,0.17647058823529413,0.2777777777777778,0.2222222222222222
ds03,isolation_forest,0,0.005,causal_regime,not_exceeding,0.025,148,False,0.013513513513513514,0.02027027027027027,0.006756756756756757,0.023222810962777247,0.023222810962777247,0.0254691843897454,0.02606394198314347,3,2,1,-2.0,-5.0,6.0,11.0,11.0,6.0,8.0,6.0,6.0,6.0,0.0,0.02857142857142857,0.0,0.05555555555555555,0.02857142857142857,0.0,0.0,0.0,0.0,0.0,0.3333333333333333,0.0,0.0,0.16666666666666666,0.16666666666666666,0.6666666666666666,0,0,results/mssp_adversarial/ds03/matched_delay/matched_false_flag_comparisons.csv,21.0,12.0,21.0,22.0,3.0,21.0,0.058823529411764705,0.0,0.0,0.0,0.027777777777777776,0.0
ds03,isolation_forest,0,0.005,causal_regime,not_exceeding,0.05,148,False,0.0472972972972973,0.033783783783783786,-0.013513513513513514,0.02166903639411181,0.02166903639411181,0.024320075132679475,0.024887998672586672,3,2,1,-2.0,-5.0,6.0,11.0,11.0,6.0,8.0,6.0,6.0,6.0,0.0,0.08571428571428572,0.041666666666666664,0.05555555555555555,0.08571428571428572,0.0,0.0,0.0,0.0,0.0,0.3333333333333333,0.0,0.0,0.16666666666666666,0.16666666666666666,0.6666666666666666,0,0,results/mssp_adversarial/ds03/matched_delay/matched_false_flag_comparisons.csv,21.0,12.0,21.0,22.0,3.0,21.0,0.058823529411764705,0.027777777777777776,0.05555555555555555,0.0,0.027777777777777776,0.0
ds03,isolation_forest,0,0.005,causal_regime,not_exceeding,0.1,148,True,0.0945945945945946,0.0945945945945946,0.0,0.015685151643735476,0.016426265840709303,0.018435892216414878,0.019306977288832496,2,2,2,0.0,0.0,5.0,5.0,5.0,6.0,1.0,5.0,5.0,6.0,0.05555555555555555,0.11428571428571428,0.041666666666666664,0.05555555555555555,0.11428571428571428,0.08333333333333333,0.0,0.16666666666666666,0.3333333333333333,0.5,0.6666666666666666,0.0,0.0,0.16666666666666666,0.5,0.6666666666666666,0,0,results/mssp_adversarial/ds03/matched_delay/matched_false_flag_comparisons.csv,19.0,12.0,2.0,19.0,3.0,18.0,0.17647058823529413,0.05555555555555555,0.16666666666666666,0.11764705882352941,0.08333333333333333,0.1111111111111111
ds03,isolation_forest,0,0.005,causal_regime,not_exceeding,0.15,148,True,0.14864864864864866,0.14864864864864866,0.0,0.011890167424419899,0.011890167424419899,0.011618843640511002,0.011890167424419899,2,3,1,0.0,0.0,2.0,2.0,2.0,6.0,1.0,5.0,5.0,1.0,0.16666666666666666,0.11428571428571428,0.20833333333333334,0.1111111111111111,0.11428571428571428,0.16666666666666666,0.0,0.16666666666666666,0.5,0.5,0.8333333333333334,0.16666666666666666,0.3333333333333333,0.5,0.8333333333333334,1.0,0,0,results/mssp_adversarial/ds03/matched_delay/matched_false_flag_comparisons.csv,6.0,12.0,2.0,6.0,0.0,2.0,0.23529411764705882,0.05555555555555555,0.2222222222222222,0.17647058823529413,0.1388888888888889,0.2222222222222222
ds03,isolation_forest,0,0.005,causal_regime,not_exceeding,0.2,148,True,0.19594594594594594,0.19594594594594594,0.0,0.009439246843247663,0.009659672580093832,0.008218394177456807,0.008218394177456807,2,3,1,0.0,-1.0,1.0,2.0,2.0,6.0,1.0,2.0,3.0,1.0,0.3333333333333333,0.11428571428571428,0.20833333333333334,0.1111111111111111,0.11428571428571428,0.25,0.16666666666666666,0.3333333333333333,0.5,0.6666666666666666,1.0,0.16666666666666666,0.5,0.8333333333333334,0.8333333333333334,1.0,0,0,results/mssp_adversarial/ds03/matched_delay/matched_false_flag_comparisons.csv,6.0,4.0,0.0,6.0,0.0,1.0,0.35294117647058826,0.08333333333333333,0.2777777777777778,0.17647058823529413,0.2777777777777778,0.2222222222222222
ds03,isolation_forest,0,0.01,phase_conditioned,nearest,0.025,148,True,0.02702702702702703,0.02027027027027027,-0.006756756756756757,0.037708660259934516,0.03858923467029903,0.03949037229576702,0.040412553329506,0,2,4,1.0,1.0,7.0,6.0,6.0,5.0,6.0,7.0,6.0,8.0,0.0,0.02857142857142857,0.041666666666666664,0.0,0.0,0.0,0.16666666666666666,0.16666666666666666,0.16666666666666666,0.3333333333333333,0.6666666666666666,0.0,0.0,0.0,0.16666666666666666,0.6666666666666666,0,0,results/mssp_adversarial/ds03/matched_delay/matched_false_flag_comparisons.csv,19.0,0.0,18.0,19.0,4.0,18.0,0.058823529411764705,0.027777777777777776,0.0,0.058823529411764705,0.027777777777777776,0.05555555555555555
ds03,isolation_forest,0,0.01,phase_conditioned,nearest,0.05,148,True,0.0472972972972973,0.0472972972972973,0.0,0.03518567725739263,0.03518567725739263,0.03684817982911676,0.03684817982911676,0,2,4,1.0,2.0,7.0,5.0,6.0,5.0,1.0,7.0,6.0,8.0,0.0,0.05714285714285714,0.041666666666666664,0.0,0.05714285714285714,0.041666666666666664,0.16666666666666666,0.3333333333333333,0.3333333333333333,0.5,0.6666666666666666,0.0,0.16666666666666666,0.16666666666666666,0.16666666666666666,0.6666666666666666,0,0,results/mssp_adversarial/ds03/matched_delay/matched_false_flag_comparisons.csv,19.0,0.0,18.0,19.0,1.0,18.0,0.058823529411764705,0.05555555555555555,0.05555555555555555,0.058823529411764705,0.027777777777777776,0.1111111111111111
ds03,isolation_forest,0,0.01,phase_conditioned,nearest,0.1,148,True,0.10135135135135136,0.10135135135135136,0.0,0.028585141796844713,0.028585141796844713,0.02793285250948253,0.02793285250948253,2,2,2,0.0,-1.0,2.0,3.0,3.0,5.0,1.0,5.0,6.0,1.0,0.1111111111111111,0.14285714285714285,0.041666666666666664,0.0,0.11428571428571428,0.125,0.16666666666666666,0.3333333333333333,0.5,0.6666666666666666,0.6666666666666666,0.16666666666666666,0.3333333333333333,0.5,0.6666666666666666,0.8333333333333334,0,0,results/mssp_adversarial/ds03/matched_delay/matched_false_flag_comparisons.csv,18.0,0.0,18.0,2.0,0.0,17.0,0.11764705882352941,0.08333333333333333,0.1111111111111111,0.11764705882352941,0.08333333333333333,0.16666666666666666
ds03,isolation_forest,0,0.01,phase_conditioned,nearest,0.15,148,True,0.1554054054054054,0.1554054054054054,0.0,0.02376511113811073,0.024320075132679475,0.02376511113811073,0.02376511113811073,1,3,2,0.0,0.0,2.0,2.0,3.0,5.0,1.0,5.0,6.0,1.0,0.16666666666666666,0.14285714285714285,0.08333333333333333,0.16666666666666666,0.11428571428571428,0.16666666666666666,0.16666666666666666,0.3333333333333333,0.6666666666666666,1.0,1.0,0.16666666666666666,0.3333333333333333,0.6666666666666666,0.8333333333333334,1.0,0,0,results/mssp_adversarial/ds03/matched_delay/matched_false_flag_comparisons.csv,5.0,0.0,2.0,2.0,0.0,2.0,0.17647058823529413,0.1388888888888889,0.2777777777777778,0.11764705882352941,0.1388888888888889,0.2777777777777778
ds03,isolation_forest,0,0.01,phase_conditioned,nearest,0.2,148,True,0.20270270270270271,0.20270270270270271,0.0,0.02166903639411181,0.02166903639411181,0.02117456691035712,0.02117456691035712,1,4,1,0.0,0.0,2.0,2.0,3.0,5.0,1.0,3.0,6.0,1.0,0.2222222222222222,0.17142857142857143,0.125,0.2222222222222222,0.14285714285714285,0.20833333333333334,0.16666666666666666,0.3333333333333333,0.6666666666666666,1.0,1.0,0.16666666666666666,0.3333333333333333,0.8333333333333334,0.8333333333333334,1.0,0,0,results/mssp_adversarial/ds03/matched_delay/matched_false_flag_comparisons.csv,5.0,0.0,2.0,2.0,0.0,2.0,0.29411764705882354,0.16666666666666666,0.3333333333333333,0.17647058823529413,0.1388888888888889,0.4444444444444444
ds03,isolation_forest,0,0.01,phase_conditioned,not_exceeding,0.025,148,True,0.02027027027027027,0.02027027027027027,0.0,0.042322022723792756,0.042322022723792756,0.03949037229576702,0.040412553329506,1,3,2,0.0,1.0,7.0,6.0,11.0,6.0,6.0,7.0,6.0,8.0,0.0,0.0,0.041666666666666664,0.0,0.0,0.0,0.0,0.0,0.16666666666666666,0.16666666666666666,0.5,0.0,0.0,0.0,0.16666666666666666,0.6666666666666666,0,0,results/mssp_adversarial/ds03/matched_delay/matched_false_flag_comparisons.csv,19.0,3.0,18.0,19.0,4.0,18.0,0.058823529411764705,0.027777777777777776,0.0,0.058823529411764705,0.027777777777777776,0.05555555555555555
ds03,isolation_forest,0,0.01,phase_conditioned,not_exceeding,0.05,148,True,0.0472972972972973,0.0472972972972973,0.0,0.03518567725739263,0.03518567725739263,0.03684817982911676,0.03684817982911676,0,2,4,1.0,2.0,7.0,5.0,6.0,5.0,1.0,7.0,6.0,8.0,0.0,0.05714285714285714,0.041666666666666664,0.0,0.05714285714285714,0.041666666666666664,0.16666666666666666,0.3333333333333333,0.3333333333333333,0.5,0.6666666666666666,0.0,0.16666666666666666,0.16666666666666666,0.16666666666666666,0.6666666666666666,0,0,results/mssp_adversarial/ds03/matched_delay/matched_false_flag_comparisons.csv,19.0,0.0,18.0,19.0,1.0,18.0,0.058823529411764705,0.05555555555555555,0.05555555555555555,0.058823529411764705,0.027777777777777776,0.1111111111111111
ds03,isolation_forest,0,0.01,phase_conditioned,not_exceeding,0.1,148,True,0.0945945945945946,0.0945945945945946,0.0,0.029252663374366446,0.029252663374366446,0.028585141796844713,0.028585141796844713,2,2,2,0.0,-1.0,2.0,3.0,3.0,5.0,1.0,5.0,6.0,1.0,0.1111111111111111,0.14285714285714285,0.041666666666666664,0.0,0.11428571428571428,0.125,0.16666666666666666,0.3333333333333333,0.5,0.6666666666666666,0.6666666666666666,0.16666666666666666,0.3333333333333333,0.5,0.6666666666666666,0.8333333333333334,0,0,results/mssp_adversarial/ds03/matched_delay/matched_false_flag_comparisons.csv,18.0,0.0,18.0,2.0,0.0,17.0,0.058823529411764705,0.08333333333333333,0.1111111111111111,0.11764705882352941,0.08333333333333333,0.1111111111111111
ds03,isolation_forest,0,0.01,phase_conditioned,not_exceeding,0.15,148,False,0.13513513513513514,0.14189189189189189,0.006756756756756743,0.024887998672586672,0.024887998672586672,0.024320075132679475,0.024320075132679475,1,3,2,0.0,0.0,2.0,2.0,3.0,5.0,1.0,5.0,6.0,1.0,0.1111111111111111,0.14285714285714285,0.08333333333333333,0.1111111111111111,0.11428571428571428,0.16666666666666666,0.16666666666666666,0.3333333333333333,0.6666666666666666,1.0,1.0,0.16666666666666666,0.3333333333333333,0.6666666666666666,0.8333333333333334,1.0,0,0,results/mssp_adversarial/ds03/matched_delay/matched_false_flag_comparisons.csv,5.0,0.0,2.0,2.0,0.0,2.0,0.17647058823529413,0.1111111111111111,0.2222222222222222,0.11764705882352941,0.1111111111111111,0.2777777777777778
ds03,isolation_forest,0,0.01,phase_conditioned,not_exceeding,0.2,148,False,0.19594594594594594,0.18243243243243243,-0.013513513513513514,0.022175052752539316,0.022175052752539316,0.02166903639411181,0.022175052752539316,1,4,1,0.0,0.0,2.0,2.0,3.0,5.0,1.0,3.0,6.0,1.0,0.2222222222222222,0.14285714285714285,0.125,0.16666666666666666,0.14285714285714285,0.16666666666666666,0.16666666666666666,0.3333333333333333,0.6666666666666666,1.0,1.0,0.16666666666666666,0.3333333333333333,0.8333333333333334,0.8333333333333334,1.0,0,0,results/mssp_adversarial/ds03/matched_delay/matched_false_flag_comparisons.csv,5.0,0.0,2.0,2.0,0.0,2.0,0.29411764705882354,0.16666666666666666,0.3333333333333333,0.17647058823529413,0.1388888888888889,0.3888888888888889
ds03,isolation_forest,0,0.01,causal_regime,nearest,0.025,148,True,0.02702702702702703,0.02702702702702703,0.0,0.037708660259934516,0.03858923467029903,0.03858923467029903,0.03858923467029903,2,4,0,0.0,0.0,6.0,6.0,6.0,5.0,6.0,6.0,2.0,6.0,0.0,0.02857142857142857,0.041666666666666664,0.0,0.0,0.08333333333333333,0.16666666666666666,0.16666666666666666,0.16666666666666666,0.3333333333333333,0.6666666666666666,0.16666666666666666,0.16666666666666666,0.3333333333333333,0.3333333333333333,0.6666666666666666,0,0,results/mssp_adversarial/ds03/matched_delay/matched_false_flag_comparisons.csv,19.0,0.0,18.0,18.0,0.0,18.0,0.058823529411764705,0.027777777777777776,0.0,0.058823529411764705,0.027777777777777776,0.0
ds03,isolation_forest,0,0.01,causal_regime,nearest,0.05,148,True,0.0472972972972973,0.05405405405405406,0.006756756756756757,0.03518567725739263,0.03518567725739263,0.03684817982911676,0.03684817982911676,2,3,1,0.0,1.0,6.0,5.0,6.0,5.0,1.0,6.0,2.0,6.0,0.0,0.05714285714285714,0.041666666666666664,0.05555555555555555,0.05714285714285714,0.08333333333333333,0.16666666666666666,0.3333333333333333,0.3333333333333333,0.5,0.6666666666666666,0.16666666666666666,0.16666666666666666,0.3333333333333333,0.3333333333333333,0.6666666666666666,0,0,results/mssp_adversarial/ds03/matched_delay/matched_false_flag_comparisons.csv,19.0,0.0,18.0,18.0,0.0,18.0,0.058823529411764705,0.05555555555555555,0.05555555555555555,0.058823529411764705,0.05555555555555555,0.0
ds03,isolation_forest,0,0.01,causal_regime,nearest,0.1,148,True,0.10135135135135136,0.10135135135135136,0.0,0.028585141796844713,0.028585141796844713,0.028585141796844713,0.028585141796844713,3,1,2,-3.0,2.0,5.0,3.0,3.0,5.0,1.0,5.0,2.0,6.0,0.1111111111111111,0.14285714285714285,0.041666666666666664,0.05555555555555555,0.11428571428571428,0.125,0.16666666666666666,0.3333333333333333,0.5,0.6666666666666666,0.6666666666666666,0.16666666666666666,0.16666666666666666,0.3333333333333333,0.5,1.0,0,0,results/mssp_adversarial/ds03/matched_delay/matched_false_flag_comparisons.csv,18.0,0.0,18.0,9.0,0.0,10.0,0.11764705882352941,0.08333333333333333,0.1111111111111111,0.11764705882352941,0.1388888888888889,0.0
ds03,isolation_forest,0,0.01,causal_regime,nearest,0.15,148,False,0.1554054054054054,0.16216216216216217,0.006756756756756771,0.02376511113811073,0.024320075132679475,0.02376511113811073,0.02376511113811073,1,3,2,0.0,-1.0,1.0,2.0,3.0,5.0,1.0,5.0,0.0,1.0,0.16666666666666666,0.14285714285714285,0.08333333333333333,0.05555555555555555,0.11428571428571428,0.20833333333333334,0.16666666666666666,0.3333333333333333,0.6666666666666666,1.0,1.0,0.3333333333333333,0.5,0.6666666666666666,0.8333333333333334,1.0,0,0,results/mssp_adversarial/ds03/matched_delay/matched_false_flag_comparisons.csv,5.0,0.0,2.0,9.0,0.0,2.0,0.17647058823529413,0.1388888888888889,0.2777777777777778,0.17647058823529413,0.25,0.1111111111111111
ds03,isolation_forest,0,0.01,causal_regime,nearest,0.2,148,True,0.20270270270270271,0.20270270270270271,0.0,0.02166903639411181,0.02166903639411181,0.019757834731786994,0.020219220618983534,1,3,2,0.0,-1.0,1.0,2.0,3.0,5.0,1.0,5.0,0.0,1.0,0.2222222222222222,0.17142857142857143,0.125,0.1111111111111111,0.14285714285714285,0.20833333333333334,0.16666666666666666,0.3333333333333333,0.6666666666666666,1.0,1.0,0.3333333333333333,0.5,0.6666666666666666,0.8333333333333334,1.0,0,0,results/mssp_adversarial/ds03/matched_delay/matched_false_flag_comparisons.csv,5.0,0.0,2.0,6.0,0.0,2.0,0.29411764705882354,0.16666666666666666,0.3333333333333333,0.23529411764705882,0.2777777777777778,0.2222222222222222
ds03,isolation_forest,0,0.01,causal_regime,not_exceeding,0.025,148,True,0.02027027027027027,0.02027027027027027,0.0,0.042322022723792756,0.042322022723792756,0.03949037229576702,0.03949037229576702,4,2,0,-1.0,0.0,6.0,6.0,11.0,6.0,6.0,6.0,5.0,6.0,0.0,0.0,0.041666666666666664,0.0,0.0,0.041666666666666664,0.0,0.0,0.16666666666666666,0.16666666666666666,0.5,0.16666666666666666,0.16666666666666666,0.16666666666666666,0.3333333333333333,0.6666666666666666,0,0,results/mssp_adversarial/ds03/matched_delay/matched_false_flag_comparisons.csv,19.0,3.0,18.0,18.0,0.0,18.0,0.058823529411764705,0.027777777777777776,0.0,0.058823529411764705,0.027777777777777776,0.0
ds03,isolation_forest,0,0.01,causal_regime,not_exceeding,0.05,148,False,0.0472972972972973,0.04054054054054054,-0.006756756756756757,0.03518567725739263,0.03518567725739263,0.037708660259934516,0.037708660259934516,2,3,1,0.0,1.0,6.0,5.0,6.0,5.0,1.0,6.0,2.0,6.0,0.0,0.05714285714285714,0.041666666666666664,0.05555555555555555,0.02857142857142857,0.08333333333333333,0.16666666666666666,0.3333333333333333,0.3333333333333333,0.5,0.6666666666666666,0.16666666666666666,0.16666666666666666,0.3333333333333333,0.3333333333333333,0.6666666666666666,0,0,results/mssp_adversarial/ds03/matched_delay/matched_false_flag_comparisons.csv,19.0,0.0,18.0,18.0,0.0,18.0,0.058823529411764705,0.05555555555555555,0.05555555555555555,0.058823529411764705,0.027777777777777776,0.0
ds03,isolation_forest,0,0.01,causal_regime,not_exceeding,0.1,148,True,0.0945945945945946,0.0945945945945946,0.0,0.029252663374366446,0.029252663374366446,0.029252663374366446,0.029935772947204904,1,3,2,0.0,3.0,6.0,3.0,3.0,5.0,1.0,6.0,2.0,6.0,0.1111111111111111,0.14285714285714285,0.041666666666666664,0.05555555555555555,0.11428571428571428,0.125,0.16666666666666666,0.3333333333333333,0.5,0.6666666666666666,0.6666666666666666,0.16666666666666666,0.16666666666666666,0.3333333333333333,0.3333333333333333,0.6666666666666666,0,0,results/mssp_adversarial/ds03/matched_delay/matched_false_flag_comparisons.csv,18.0,0.0,18.0,18.0,0.0,18.0,0.058823529411764705,0.08333333333333333,0.1111111111111111,0.11764705882352941,0.1111111111111111,0.0
ds03,isolation_forest,0,0.01,causal_regime,not_exceeding,0.15,148,False,0.13513513513513514,0.13513513513513514,0.0,0.024887998672586672,0.024887998672586672,0.024320075132679475,0.024320075132679475,1,2,3,0.0,0.0,2.0,2.0,3.0,5.0,1.0,5.0,0.0,6.0,0.1111111111111111,0.14285714285714285,0.08333333333333333,0.05555555555555555,0.11428571428571428,0.20833333333333334,0.16666666666666666,0.3333333333333333,0.6666666666666666,1.0,1.0,0.3333333333333333,0.3333333333333333,0.5,0.6666666666666666,1.0,0,0,results/mssp_adversarial/ds03/matched_delay/matched_false_flag_comparisons.csv,5.0,0.0,2.0,9.0,0.0,2.0,0.17647058823529413,0.1111111111111111,0.2222222222222222,0.17647058823529413,0.1388888888888889,0.1111111111111111
ds03,isolation_forest,0,0.01,causal_regime,not_exceeding,0.2,148,True,0.19594594594594594,0.19594594594594594,0.0,0.022175052752539316,0.022175052752539316,0.0206913808111479,0.02117456691035712,1,3,2,0.0,-1.0,1.0,2.0,3.0,5.0,1.0,5.0,0.0,1.0,0.2222222222222222,0.14285714285714285,0.125,0.1111111111111111,0.14285714285714285,0.20833333333333334,0.16666666666666666,0.3333333333333333,0.6666666666666666,1.0,1.0,0.3333333333333333,0.5,0.6666666666666666,0.8333333333333334,1.0,0,0,results/mssp_adversarial/ds03/matched_delay/matched_false_flag_comparisons.csv,5.0,0.0,2.0,6.0,0.0,2.0,0.29411764705882354,0.16666666666666666,0.3333333333333333,0.23529411764705882,0.2777777777777778,0.16666666666666666
ds03,isolation_forest,0,0.02,phase_conditioned,nearest,0.025,148,True,0.02027027027027027,0.02702702702702703,0.006756756756756757,0.07712906117627992,0.08265958738801812,0.11419421680558647,0.11958982643749794,2,1,3,0.0,2.0,8.0,6.0,11.0,0.0,6.0,8.0,8.0,8.0,0.0,0.02857142857142857,0.0,0.0,0.0,0.0,0.3333333333333333,0.3333333333333333,0.3333333333333333,0.3333333333333333,0.5,0.0,0.0,0.16666666666666666,0.16666666666666666,0.6666666666666666,0,0,results/mssp_adversarial/ds03/matched_delay/matched_false_flag_comparisons.csv,19.0,0.0,18.0,19.0,3.0,16.0,0.058823529411764705,0.027777777777777776,0.0,0.11764705882352941,0.05555555555555555,0.0
ds03,isolation_forest,0,0.02,phase_conditioned,nearest,0.05,148,True,0.0472972972972973,0.05405405405405406,0.006756756756756757,0.07032630413380643,0.07032630413380643,0.07032630413380643,0.07032630413380643,2,3,1,0.0,0.0,6.0,6.0,8.0,0.0,6.0,8.0,5.0,6.0,0.0,0.05714285714285714,0.041666666666666664,0.0,0.0,0.041666666666666664,0.3333333333333333,0.3333333333333333,0.3333333333333333,0.3333333333333333,0.6666666666666666,0.16666666666666666,0.16666666666666666,0.16666666666666666,0.3333333333333333,0.6666666666666666,0,0,results/mssp_adversarial/ds03/matched_delay/matched_false_flag_comparisons.csv,18.0,0.0,18.0,16.0,0.0,15.0,0.058823529411764705,0.08333333333333333,0.0,0.17647058823529413,0.08333333333333333,0.05555555555555555
ds03,isolation_forest,0,0.02,phase_conditioned,nearest,0.1,148,True,0.10135135135135136,0.10135135135135136,0.0,0.05209451270253212,0.05209451270253212,0.05209451270253212,0.05209451270253212,2,3,1,0.0,-3.0,3.0,6.0,6.0,0.0,6.0,3.0,3.0,6.0,0.1111111111111111,0.14285714285714285,0.041666666666666664,0.0,0.08571428571428572,0.08333333333333333,0.3333333333333333,0.3333333333333333,0.3333333333333333,0.3333333333333333,0.8333333333333334,0.16666666666666666,0.16666666666666666,0.6666666666666666,0.6666666666666666,1.0,0,0,results/mssp_adversarial/ds03/matched_delay/matched_false_flag_comparisons.csv,18.0,0.0,8.0,2.0,0.0,8.0,0.058823529411764705,0.1388888888888889,0.05555555555555555,0.17647058823529413,0.1388888888888889,0.1111111111111111
ds03,isolation_forest,0,0.02,phase_conditioned,nearest,0.15,148,True,0.1554054054054054,0.1554054054054054,0.0,0.048609011781306305,0.048609011781306305,0.046415888336127774,0.046415888336127774,2,2,2,0.0,2.0,3.0,1.0,6.0,0.0,1.0,3.0,3.0,6.0,0.1111111111111111,0.2,0.08333333333333333,0.1111111111111111,0.14285714285714285,0.125,0.3333333333333333,0.5,0.5,0.5,0.8333333333333334,0.16666666666666666,0.16666666666666666,0.6666666666666666,0.6666666666666666,1.0,0,0,results/mssp_adversarial/ds03/matched_delay/matched_false_flag_comparisons.csv,18.0,0.0,8.0,2.0,0.0,8.0,0.058823529411764705,0.2222222222222222,0.16666666666666666,0.23529411764705882,0.19444444444444445,0.1111111111111111
ds03,isolation_forest,0,0.02,phase_conditioned,nearest,0.2,148,True,0.19594594594594594,0.20270270270270271,0.006756756756756771,0.040412553329506,0.040412553329506,0.040412553329506,0.040412553329506,2,3,1,0.0,1.0,2.0,1.0,5.0,0.0,1.0,3.0,3.0,1.0,0.1111111111111111,0.22857142857142856,0.08333333333333333,0.1111111111111111,0.17142857142857143,0.16666666666666666,0.3333333333333333,0.5,0.5,0.6666666666666666,1.0,0.16666666666666666,0.3333333333333333,0.8333333333333334,0.8333333333333334,1.0,0,0,results/mssp_adversarial/ds03/matched_delay/matched_false_flag_comparisons.csv,9.0,0.0,8.0,2.0,0.0,8.0,0.29411764705882354,0.25,0.16666666666666666,0.35294117647058826,0.2222222222222222,0.2222222222222222
ds03,isolation_forest,0,0.02,phase_conditioned,not_exceeding,0.025,148,True,0.02027027027027027,0.02027027027027027,0.0,0.07712906117627992,0.08265958738801812,0.1342207152716012,0.1405625651864215,1,2,3,0.0,3.0,9.0,6.0,11.0,0.0,6.0,10.0,9.0,8.0,0.0,0.02857142857142857,0.0,0.0,0.0,0.0,0.3333333333333333,0.3333333333333333,0.3333333333333333,0.3333333333333333,0.5,0.0,0.0,0.16666666666666666,0.16666666666666666,0.6666666666666666,0,0,results/mssp_adversarial/ds03/matched_delay/matched_false_flag_comparisons.csv,19.0,0.0,18.0,19.0,3.0,18.0,0.058823529411764705,0.027777777777777776,0.0,0.11764705882352941,0.027777777777777776,0.0
ds03,isolation_forest,0,0.02,phase_conditioned,not_exceeding,0.05,148,False,0.0472972972972973,0.033783783783783786,-0.013513513513513514,0.07032630413380643,0.07032630413380643,0.09715578646301858,0.09715578646301858,1,2,3,0.0,2.0,8.0,6.0,8.0,0.0,6.0,8.0,6.0,8.0,0.0,0.05714285714285714,0.041666666666666664,0.0,0.0,0.0,0.3333333333333333,0.3333333333333333,0.3333333333333333,0.3333333333333333,0.6666666666666666,0.16666666666666666,0.16666666666666666,0.16666666666666666,0.16666666666666666,0.6666666666666666,0,0,results/mssp_adversarial/ds03/matched_delay/matched_false_flag_comparisons.csv,18.0,0.0,18.0,19.0,0.0,16.0,0.058823529411764705,0.08333333333333333,0.0,0.11764705882352941,0.05555555555555555,0.05555555555555555
ds03,isolation_forest,0,0.02,phase_conditioned,not_exceeding,0.1,148,True,0.0945945945945946,0.0945945945945946,0.0,0.053311026216670325,0.053311026216670325,0.053311026216670325,0.053311026216670325,3,2,1,-3.0,-3.0,3.0,6.0,6.0,0.0,6.0,3.0,3.0,6.0,0.1111111111111111,0.14285714285714285,0.041666666666666664,0.0,0.05714285714285714,0.08333333333333333,0.3333333333333333,0.3333333333333333,0.3333333333333333,0.3333333333333333,0.6666666666666666,0.16666666666666666,0.16666666666666666,0.6666666666666666,0.6666666666666666,1.0,0,0,results/mssp_adversarial/ds03/matched_delay/matched_false_flag_comparisons.csv,18.0,0.0,15.0,2.0,0.0,8.0,0.058823529411764705,0.1388888888888889,0.0,0.17647058823529413,0.1388888888888889,0.1111111111111111
ds03,isolation_forest,0,0.02,phase_conditioned,not_exceeding,0.15,148,False,0.14189189189189189,0.14189189189189189,0.0,0.04951076320939335,0.04951076320939335,0.047499794346614124,0.047499794346614124,2,2,2,0.0,2.0,3.0,1.0,6.0,0.0,1.0,3.0,3.0,6.0,0.1111111111111111,0.2,0.041666666666666664,0.05555555555555555,0.14285714285714285,0.125,0.3333333333333333,0.5,0.5,0.5,0.8333333333333334,0.16666666666666666,0.16666666666666666,0.6666666666666666,0.6666666666666666,1.0,0,0,results/mssp_adversarial/ds03/matched_delay/matched_false_flag_comparisons.csv,18.0,0.0,8.0,2.0,0.0,8.0,0.058823529411764705,0.2222222222222222,0.1111111111111111,0.17647058823529413,0.19444444444444445,0.1111111111111111
ds03,isolation_forest,0,0.02,phase_conditioned,not_exceeding,0.2,148,False,0.19594594594594594,0.1891891891891892,-0.006756756756756743,0.040412553329506,0.040412553329506,0.04331032859169001,0.04331032859169001,2,3,1,0.0,1.0,2.0,1.0,5.0,0.0,1.0,3.0,3.0,1.0,0.1111111111111111,0.22857142857142856,0.08333333333333333,0.1111111111111111,0.17142857142857143,0.16666666666666666,0.3333333333333333,0.5,0.5,0.6666666666666666,1.0,0.16666666666666666,0.3333333333333333,0.8333333333333334,0.8333333333333334,1.0,0,0,results/mssp_adversarial/ds03/matched_delay/matched_false_flag_comparisons.csv,9.0,0.0,8.0,2.0,0.0,8.0,0.29411764705882354,0.25,0.16666666666666666,0.29411764705882354,0.2222222222222222,0.16666666666666666
ds03,isolation_forest,0,0.02,causal_regime,nearest,0.025,148,True,0.02027027027027027,0.02702702702702703,0.006756756756756757,0.07712906117627992,0.08265958738801812,0.10174634027476064,0.10174634027476064,1,5,0,0.0,0.0,6.0,6.0,11.0,0.0,6.0,10.0,0.0,6.0,0.0,0.02857142857142857,0.0,0.0,0.02857142857142857,0.041666666666666664,0.3333333333333333,0.3333333333333333,0.3333333333333333,0.3333333333333333,0.5,0.3333333333333333,0.3333333333333333,0.3333333333333333,0.3333333333333333,0.6666666666666666,0,0,results/mssp_adversarial/ds03/matched_delay/matched_false_flag_comparisons.csv,19.0,0.0,18.0,19.0,0.0,18.0,0.058823529411764705,0.027777777777777776,0.0,0.11764705882352941,0.0,0.0
ds03,isolation_forest,0,0.02,causal_regime,nearest,0.05,148,True,0.0472972972972973,0.0472972972972973,0.0,0.07032630413380643,0.07032630413380643,0.07364918067322965,0.07364918067322965,1,5,0,0.0,0.0,6.0,6.0,8.0,0.0,6.0,8.0,0.0,6.0,0.0,0.05714285714285714,0.041666666666666664,0.0,0.02857142857142857,0.08333333333333333,0.3333333333333333,0.3333333333333333,0.3333333333333333,0.3333333333333333,0.6666666666666666,0.3333333333333333,0.3333333333333333,0.3333333333333333,0.3333333333333333,0.6666666666666666,0,0,results/mssp_adversarial/ds03/matched_delay/matched_false_flag_comparisons.csv,18.0,0.0,18.0,18.0,0.0,15.0,0.058823529411764705,0.08333333333333333,0.0,0.11764705882352941,0.05555555555555555,0.0
ds03,isolation_forest,0,0.02,causal_regime,nearest,0.1,148,True,0.10135135135135136,0.10135135135135136,0.0,0.05209451270253212,0.05209451270253212,0.05983321728796282,0.05983321728796282,1,3,2,0.0,0.0,6.0,6.0,6.0,0.0,6.0,8.0,0.0,6.0,0.1111111111111111,0.14285714285714285,0.041666666666666664,0.05555555555555555,0.05714285714285714,0.08333333333333333,0.3333333333333333,0.3333333333333333,0.3333333333333333,0.3333333333333333,0.8333333333333334,0.3333333333333333,0.3333333333333333,0.3333333333333333,0.3333333333333333,0.6666666666666666,0,0,results/mssp_adversarial/ds03/matched_delay/matched_false_flag_comparisons.csv,18.0,0.0,8.0,16.0,0.0,15.0,0.058823529411764705,0.1388888888888889,0.05555555555555555,0.17647058823529413,0.16666666666666666,0.05555555555555555
ds03,isolation_forest,0,0.02,causal_regime,nearest,0.15,148,True,0.1554054054054054,0.14864864864864866,-0.006756756756756743,0.048609011781306305,0.048609011781306305,0.050905759020366814,0.050905759020366814,2,3,1,0.0,1.0,2.0,1.0,6.0,0.0,1.0,6.0,0.0,6.0,0.1111111111111111,0.2,0.08333333333333333,0.1111111111111111,0.11428571428571428,0.125,0.3333333333333333,0.5,0.5,0.5,0.8333333333333334,0.3333333333333333,0.3333333333333333,0.5,0.6666666666666666,1.0,0,0,results/mssp_adversarial/ds03/matched_delay/matched_false_flag_comparisons.csv,18.0,0.0,8.0,2.0,0.0,5.0,0.058823529411764705,0.2222222222222222,0.16666666666666666,0.17647058823529413,0.2222222222222222,0.1111111111111111
ds03,isolation_forest,0,0.02,causal_regime,nearest,0.2,148,True,0.19594594594594594,0.20270270270270271,0.006756756756756771,0.040412553329506,0.040412553329506,0.04432171342476086,0.04535671616408702,3,3,0,-2.0,0.0,1.0,1.0,5.0,0.0,1.0,3.0,0.0,1.0,0.1111111111111111,0.22857142857142856,0.08333333333333333,0.1111111111111111,0.17142857142857143,0.16666666666666666,0.3333333333333333,0.5,0.5,0.6666666666666666,1.0,0.3333333333333333,0.5,0.8333333333333334,1.0,1.0,0,0,results/mssp_adversarial/ds03/matched_delay/matched_false_flag_comparisons.csv,9.0,0.0,8.0,2.0,0.0,5.0,0.29411764705882354,0.25,0.16666666666666666,0.29411764705882354,0.2777777777777778,0.16666666666666666
ds03,isolation_forest,0,0.02,causal_regime,not_exceeding,0.025,148,True,0.02027027027027027,0.02027027027027027,0.0,0.07712906117627992,0.08265958738801812,0.10655379505623053,0.10655379505623053,1,4,1,0.0,0.0,6.0,6.0,11.0,0.0,6.0,10.0,0.0,6.0,0.0,0.02857142857142857,0.0,0.0,0.02857142857142857,0.0,0.3333333333333333,0.3333333333333333,0.3333333333333333,0.3333333333333333,0.5,0.16666666666666666,0.16666666666666666,0.3333333333333333,0.3333333333333333,0.6666666666666666,0,0,results/mssp_adversarial/ds03/matched_delay/matched_false_flag_comparisons.csv,19.0,0.0,18.0,19.0,3.0,18.0,0.058823529411764705,0.027777777777777776,0.0,0.11764705882352941,0.0,0.0
ds03,isolation_forest,0,0.02,causal_regime,not_exceeding,0.05,148,True,0.0472972972972973,0.0472972972972973,0.0,0.07032630413380643,0.07032630413380643,0.07364918067322965,0.07364918067322965,1,5,0,0.0,0.0,6.0,6.0,8.0,0.0,6.0,8.0,0.0,6.0,0.0,0.05714285714285714,0.041666666666666664,0.0,0.02857142857142857,0.08333333333333333,0.3333333333333333,0.3333333333333333,0.3333333333333333,0.3333333333333333,0.6666666666666666,0.3333333333333333,0.3333333333333333,0.3333333333333333,0.3333333333333333,0.6666666666666666,0,0,results/mssp_adversarial/ds03/matched_delay/matched_false_flag_comparisons.csv,18.0,0.0,18.0,18.0,0.0,15.0,0.058823529411764705,0.08333333333333333,0.0,0.11764705882352941,0.05555555555555555,0.0
ds03,isolation_forest,0,0.02,causal_regime,not_exceeding,0.1,148,False,0.0945945945945946,0.08108108108108109,-0.013513513513513514,0.053311026216670325,0.053311026216670325,0.06123044539605184,0.06123044539605184,1,4,1,0.0,0.0,6.0,6.0,6.0,0.0,6.0,8.0,0.0,6.0,0.1111111111111111,0.14285714285714285,0.041666666666666664,0.0,0.05714285714285714,0.08333333333333333,0.3333333333333333,0.3333333333333333,0.3333333333333333,0.3333333333333333,0.6666666666666666,0.3333333333333333,0.3333333333333333,0.3333333333333333,0.3333333333333333,0.6666666666666666,0,0,results/mssp_adversarial/ds03/matched_delay/matched_false_flag_comparisons.csv,18.0,0.0,15.0,16.0,0.0,15.0,0.058823529411764705,0.1388888888888889,0.0,0.17647058823529413,0.1111111111111111,0.05555555555555555
ds03,isolation_forest,0,0.02,causal_regime,not_exceeding,0.15,148,False,0.14189189189189189,0.14864864864864866,0.006756756756756771,0.04951076320939335,0.04951076320939335,0.050905759020366814,0.050905759020366814,2,3,1,0.0,1.0,2.0,1.0,6.0,0.0,1.0,6.0,0.0,6.0,0.1111111111111111,0.2,0.041666666666666664,0.1111111111111111,0.11428571428571428,0.125,0.3333333333333333,0.5,0.5,0.5,0.8333333333333334,0.3333333333333333,0.3333333333333333,0.5,0.6666666666666666,1.0,0,0,results/mssp_adversarial/ds03/matched_delay/matched_false_flag_comparisons.csv,18.0,0.0,8.0,2.0,0.0,5.0,0.058823529411764705,0.2222222222222222,0.1111111111111111,0.17647058823529413,0.2222222222222222,0.1111111111111111
ds03,isolation_forest,0,0.02,causal_regime,not_exceeding,0.2,148,False,0.19594594594594594,0.1891891891891892,-0.006756756756756743,0.040412553329506,0.040412553329506,0.046415888336127774,0.046415888336127774,2,3,1,0.0,0.0,1.0,1.0,5.0,0.0,1.0,6.0,0.0,1.0,0.1111111111111111,0.22857142857142856,0.08333333333333333,0.1111111111111111,0.17142857142857143,0.16666666666666666,0.3333333333333333,0.5,0.5,0.6666666666666666,1.0,0.3333333333333333,0.5,0.6666666666666666,0.8333333333333334,1.0,0,0,results/mssp_adversarial/ds03/matched_delay/matched_false_flag_comparisons.csv,9.0,0.0,8.0,2.0,0.0,5.0,0.29411764705882354,0.25,0.16666666666666666,0.23529411764705882,0.25,0.16666666666666666
ds03,isolation_forest,1,0.005,phase_conditioned,nearest,0.025,148,False,0.033783783783783786,0.02027027027027027,-0.013513513513513514,0.022175052752539316,0.022175052752539316,0.023222810962777247,0.023222810962777247,3,1,2,-1.0,-1.0,12.0,13.0,13.0,6.0,8.0,12.0,10.0,12.0,0.0,0.08571428571428572,0.041666666666666664,0.0,0.05714285714285714,0.0,0.0,0.0,0.0,0.0,0.3333333333333333,0.0,0.0,0.0,0.0,0.3333333333333333,0,0,results/mssp_adversarial/ds03/matched_delay/matched_false_flag_comparisons.csv,24.0,13.0,22.0,22.0,10.0,22.0,0.058823529411764705,0.0,0.0,0.058823529411764705,0.0,0.0
ds03,isolation_forest,1,0.005,phase_conditioned,nearest,0.05,148,True,0.0472972972972973,0.0472972972972973,0.0,0.0206913808111479,0.02117456691035712,0.020219220618983534,0.020246354240407757,3,0,3,-2.0,1.0,12.0,11.0,11.0,6.0,8.0,12.0,9.0,12.0,0.0,0.08571428571428572,0.041666666666666664,0.0,0.08571428571428572,0.0,0.0,0.0,0.0,0.0,0.3333333333333333,0.0,0.0,0.0,0.0,0.3333333333333333,0,0,results/mssp_adversarial/ds03/matched_delay/matched_false_flag_comparisons.csv,24.0,13.0,22.0,22.0,10.0,18.0,0.058823529411764705,0.05555555555555555,0.0,0.058823529411764705,0.05555555555555555,0.05555555555555555
ds03,isolation_forest,1,0.005,phase_conditioned,nearest,0.1,148,True,0.10135135135135136,0.10135135135135136,0.0,0.016051432043647614,0.016051432043647614,0.013040319151841315,0.013040319151841315,2,4,0,0.0,0.0,5.0,5.0,5.0,6.0,1.0,5.0,6.0,1.0,0.05555555555555555,0.11428571428571428,0.041666666666666664,0.1111111111111111,0.08571428571428572,0.08333333333333333,0.0,0.16666666666666666,0.3333333333333333,0.5,0.6666666666666666,0.0,0.16666666666666666,0.3333333333333333,0.5,1.0,0,0,results/mssp_adversarial/ds03/matched_delay/matched_false_flag_comparisons.csv,21.0,13.0,2.0,8.0,10.0,2.0,0.17647058823529413,0.08333333333333333,0.16666666666666666,0.11764705882352941,0.05555555555555555,0.2222222222222222
ds03,isolation_forest,1,0.005,phase_conditioned,nearest,0.15,148,True,0.1554054054054054,0.14864864864864866,-0.006756756756756743,0.011618843640511002,0.011890167424419899,0.010352317759307377,0.010352317759307377,1,4,1,0.0,0.0,2.0,2.0,2.0,6.0,1.0,2.0,6.0,1.0,0.16666666666666666,0.11428571428571428,0.20833333333333334,0.2777777777777778,0.08571428571428572,0.16666666666666666,0.0,0.16666666666666666,0.5,0.6666666666666666,1.0,0.0,0.16666666666666666,0.6666666666666666,0.6666666666666666,1.0,0,0,results/mssp_adversarial/ds03/matched_delay/matched_false_flag_comparisons.csv,6.0,4.0,2.0,2.0,6.0,2.0,0.23529411764705882,0.08333333333333333,0.2222222222222222,0.17647058823529413,0.05555555555555555,0.2777777777777778
ds03,isolation_forest,1,0.005,phase_conditioned,nearest,0.2,148,True,0.20270270270270271,0.19594594594594594,-0.006756756756756771,0.008606708472376158,0.008606708472376158,0.006992162756659375,0.006992162756659375,2,4,0,0.0,-1.0,1.0,2.0,2.0,6.0,1.0,2.0,6.0,1.0,0.3333333333333333,0.11428571428571428,0.20833333333333334,0.3333333333333333,0.08571428571428572,0.25,0.16666666666666666,0.3333333333333333,0.5,0.6666666666666666,1.0,0.3333333333333333,0.5,0.8333333333333334,0.8333333333333334,1.0,0,0,results/mssp_adversarial/ds03/matched_delay/matched_false_flag_comparisons.csv,6.0,4.0,0.0,0.0,2.0,0.0,0.4117647058823529,0.08333333333333333,0.2777777777777778,0.29411764705882354,0.08333333333333333,0.3333333333333333
ds03,isolation_forest,1,0.005,phase_conditioned,not_exceeding,0.025,148,False,0.013513513513513514,0.02027027027027027,0.006756756756756757,0.02269288562880081,0.02269288562880081,0.023222810962777247,0.023222810962777247,3,1,2,-1.0,-1.0,12.0,13.0,13.0,6.0,8.0,12.0,10.0,12.0,0.0,0.02857142857142857,0.0,0.0,0.05714285714285714,0.0,0.0,0.0,0.0,0.0,0.3333333333333333,0.0,0.0,0.0,0.0,0.3333333333333333,0,0,results/mssp_adversarial/ds03/matched_delay/matched_false_flag_comparisons.csv,24.0,13.0,22.0,22.0,10.0,22.0,0.058823529411764705,0.0,0.0,0.058823529411764705,0.0,0.0
ds03,isolation_forest,1,0.005,phase_conditioned,not_exceeding,0.05,148,True,0.0472972972972973,0.0472972972972973,0.0,0.0206913808111479,0.02117456691035712,0.020219220618983534,0.020246354240407757,3,0,3,-2.0,1.0,12.0,11.0,11.0,6.0,8.0,12.0,9.0,12.0,0.0,0.08571428571428572,0.041666666666666664,0.0,0.08571428571428572,0.0,0.0,0.0,0.0,0.0,0.3333333333333333,0.0,0.0,0.0,0.0,0.3333333333333333,0,0,results/mssp_adversarial/ds03/matched_delay/matched_false_flag_comparisons.csv,24.0,13.0,22.0,22.0,10.0,18.0,0.058823529411764705,0.05555555555555555,0.0,0.058823529411764705,0.05555555555555555,0.05555555555555555
ds03,isolation_forest,1,0.005,phase_conditioned,not_exceeding,0.1,148,False,0.0945945945945946,0.08783783783783784,-0.006756756756756757,0.01658742736397253,0.016809852774253637,0.013656466567946095,0.013656466567946095,1,5,0,0.0,0.0,5.0,5.0,5.0,6.0,1.0,5.0,6.0,1.0,0.05555555555555555,0.11428571428571428,0.041666666666666664,0.05555555555555555,0.08571428571428572,0.08333333333333333,0.0,0.16666666666666666,0.3333333333333333,0.5,0.6666666666666666,0.0,0.16666666666666666,0.3333333333333333,0.5,0.8333333333333334,0,0,results/mssp_adversarial/ds03/matched_delay/matched_false_flag_comparisons.csv,21.0,13.0,2.0,21.0,10.0,2.0,0.17647058823529413,0.05555555555555555,0.16666666666666666,0.11764705882352941,0.05555555555555555,0.16666666666666666
ds03,isolation_forest,1,0.005,phase_conditioned,not_exceeding,0.15,148,False,0.14189189189189189,0.14864864864864866,0.006756756756756771,0.012067395264116576,0.012451970847350318,0.010352317759307377,0.010352317759307377,1,4,1,0.0,0.0,2.0,2.0,2.0,6.0,1.0,2.0,6.0,1.0,0.05555555555555555,0.11428571428571428,0.20833333333333334,0.2777777777777778,0.08571428571428572,0.16666666666666666,0.0,0.16666666666666666,0.5,0.6666666666666666,1.0,0.0,0.16666666666666666,0.6666666666666666,0.6666666666666666,1.0,0,0,results/mssp_adversarial/ds03/matched_delay/matched_false_flag_comparisons.csv,6.0,4.0,2.0,2.0,6.0,2.0,0.23529411764705882,0.08333333333333333,0.2222222222222222,0.17647058823529413,0.05555555555555555,0.2777777777777778
ds03,isolation_forest,1,0.005,phase_conditioned,not_exceeding,0.2,148,True,0.19594594594594594,0.19594594594594594,0.0,0.009223851039358476,0.009223851039358476,0.006992162756659375,0.006992162756659375,2,4,0,0.0,-1.0,1.0,2.0,2.0,6.0,1.0,2.0,6.0,1.0,0.2777777777777778,0.11428571428571428,0.20833333333333334,0.3333333333333333,0.08571428571428572,0.25,0.16666666666666666,0.3333333333333333,0.5,0.6666666666666666,1.0,0.3333333333333333,0.5,0.8333333333333334,0.8333333333333334,1.0,0,0,results/mssp_adversarial/ds03/matched_delay/matched_false_flag_comparisons.csv,6.0,4.0,0.0,0.0,2.0,0.0,0.4117647058823529,0.08333333333333333,0.2777777777777778,0.29411764705882354,0.08333333333333333,0.3333333333333333
ds03,isolation_forest,1,0.005,causal_regime,nearest,0.025,148,False,0.033783783783783786,0.033783783783783786,0.0,0.022175052752539316,0.022175052752539316,0.024887998672586672,0.024887998672586672,5,1,0,-2.0,-7.0,6.0,13.0,13.0,6.0,8.0,6.0,6.0,6.0,0.0,0.08571428571428572,0.041666666666666664,0.05555555555555555,0.05714285714285714,0.0,0.0,0.0,0.0,0.0,0.3333333333333333,0.0,0.0,0.0,0.16666666666666666,0.6666666666666666,0,0,results/mssp_adversarial/ds03/matched_delay/matched_false_flag_comparisons.csv,24.0,13.0,22.0,22.0,4.0,21.0,0.058823529411764705,0.0,0.0,0.058823529411764705,0.027777777777777776,0.0
ds03,isolation_forest,1,0.005,causal_regime,nearest,0.05,148,True,0.0472972972972973,0.0472972972972973,0.0,0.0206913808111479,0.02117456691035712,0.024320075132679475,0.024320075132679475,5,1,0,-2.0,-5.0,6.0,11.0,11.0,6.0,8.0,6.0,6.0,6.0,0.0,0.08571428571428572,0.041666666666666664,0.05555555555555555,0.11428571428571428,0.0,0.0,0.0,0.0,0.0,0.3333333333333333,0.0,0.0,0.0,0.16666666666666666,0.6666666666666666,0,0,results/mssp_adversarial/ds03/matched_delay/matched_false_flag_comparisons.csv,24.0,13.0,22.0,22.0,4.0,21.0,0.058823529411764705,0.05555555555555555,0.0,0.058823529411764705,0.027777777777777776,0.0
ds03,isolation_forest,1,0.005,causal_regime,nearest,0.1,148,True,0.10135135135135136,0.10135135135135136,0.0,0.016051432043647614,0.016051432043647614,0.015685151643735476,0.016492357200321803,2,3,1,0.0,0.0,5.0,5.0,5.0,6.0,1.0,5.0,6.0,6.0,0.05555555555555555,0.11428571428571428,0.041666666666666664,0.05555555555555555,0.11428571428571428,0.08333333333333333,0.0,0.16666666666666666,0.3333333333333333,0.5,0.6666666666666666,0.16666666666666666,0.16666666666666666,0.3333333333333333,0.5,1.0,0,0,results/mssp_adversarial/ds03/matched_delay/matched_false_flag_comparisons.csv,21.0,13.0,2.0,9.0,0.0,2.0,0.17647058823529413,0.08333333333333333,0.16666666666666666,0.058823529411764705,0.1388888888888889,0.1111111111111111
ds03,isolation_forest,1,0.005,causal_regime,nearest,0.15,148,True,0.1554054054054054,0.14864864864864866,-0.006756756756756743,0.011618843640511002,0.011890167424419899,0.011618843640511002,0.011618843640511002,2,3,1,0.0,0.0,2.0,2.0,2.0,6.0,1.0,5.0,5.0,1.0,0.16666666666666666,0.11428571428571428,0.20833333333333334,0.1111111111111111,0.11428571428571428,0.16666666666666666,0.0,0.16666666666666666,0.5,0.6666666666666666,1.0,0.16666666666666666,0.3333333333333333,0.5,0.8333333333333334,1.0,0,0,results/mssp_adversarial/ds03/matched_delay/matched_false_flag_comparisons.csv,6.0,4.0,2.0,6.0,0.0,2.0,0.23529411764705882,0.08333333333333333,0.2222222222222222,0.17647058823529413,0.1388888888888889,0.2222222222222222
ds03,isolation_forest,1,0.005,causal_regime,nearest,0.2,148,True,0.20270270270270271,0.19594594594594594,-0.006756756756756771,0.008606708472376158,0.008606708472376158,0.008030857221391512,0.008218394177456807,2,2,2,0.0,-1.0,1.0,2.0,2.0,6.0,1.0,5.0,3.0,1.0,0.3333333333333333,0.11428571428571428,0.20833333333333334,0.1111111111111111,0.11428571428571428,0.25,0.16666666666666666,0.3333333333333333,0.5,0.6666666666666666,1.0,0.16666666666666666,0.5,0.6666666666666666,0.8333333333333334,1.0,0,0,results/mssp_adversarial/ds03/matched_delay/matched_false_flag_comparisons.csv,6.0,4.0,0.0,6.0,0.0,1.0,0.4117647058823529,0.08333333333333333,0.2777777777777778,0.17647058823529413,0.2777777777777778,0.2222222222222222
ds03,isolation_forest,1,0.005,causal_regime,not_exceeding,0.025,148,False,0.013513513513513514,0.0,-0.013513513513513514,0.02269288562880081,0.02269288562880081,1.0,1.0,0,0,6,inf,inf,inf,13.0,13.0,6.0,8.0,inf,inf,inf,0.0,0.02857142857142857,0.0,0.0,0.0,0.0,0.0,0.0,0.0,0.0,0.3333333333333333,0.0,0.0,0.0,0.0,0.0,0,6,results/mssp_adversarial/ds03/matched_delay/matched_false_flag_comparisons.csv,24.0,13.0,22.0,inf,inf,inf,0.058823529411764705,0.0,0.0,0.0,0.0,0.0
ds03,isolation_forest,1,0.005,causal_regime,not_exceeding,0.05,148,True,0.0472972972972973,0.0472972972972973,0.0,0.0206913808111479,0.02117456691035712,0.024320075132679475,0.024320075132679475,5,1,0,-2.0,-5.0,6.0,11.0,11.0,6.0,8.0,6.0,6.0,6.0,0.0,0.08571428571428572,0.041666666666666664,0.05555555555555555,0.11428571428571428,0.0,0.0,0.0,0.0,0.0,0.3333333333333333,0.0,0.0,0.0,0.16666666666666666,0.6666666666666666,0,0,results/mssp_adversarial/ds03/matched_delay/matched_false_flag_comparisons.csv,24.0,13.0,22.0,22.0,4.0,21.0,0.058823529411764705,0.05555555555555555,0.0,0.058823529411764705,0.027777777777777776,0.0
ds03,isolation_forest,1,0.005,causal_regime,not_exceeding,0.1,148,False,0.0945945945945946,0.08783783783783784,-0.006756756756756757,0.01658742736397253,0.016809852774253637,0.018435892216414878,0.018435892216414878,1,2,3,0.0,1.0,6.0,5.0,5.0,6.0,1.0,5.0,6.0,6.0,0.05555555555555555,0.11428571428571428,0.041666666666666664,0.05555555555555555,0.11428571428571428,0.08333333333333333,0.0,0.16666666666666666,0.3333333333333333,0.5,0.6666666666666666,0.16666666666666666,0.16666666666666666,0.16666666666666666,0.3333333333333333,0.6666666666666666,0,0,results/mssp_adversarial/ds03/matched_delay/matched_false_flag_comparisons.csv,21.0,13.0,2.0,22.0,0.0,18.0,0.17647058823529413,0.05555555555555555,0.16666666666666666,0.058823529411764705,0.08333333333333333,0.1111111111111111
ds03,isolation_forest,1,0.005,causal_regime,not_exceeding,0.15,148,False,0.14189189189189189,0.14864864864864866,0.006756756756756771,0.012067395264116576,0.012451970847350318,0.011618843640511002,0.011618843640511002,2,3,1,0.0,0.0,2.0,2.0,2.0,6.0,1.0,5.0,5.0,1.0,0.05555555555555555,0.11428571428571428,0.20833333333333334,0.1111111111111111,0.11428571428571428,0.16666666666666666,0.0,0.16666666666666666,0.5,0.6666666666666666,1.0,0.16666666666666666,0.3333333333333333,0.5,0.8333333333333334,1.0,0,0,results/mssp_adversarial/ds03/matched_delay/matched_false_flag_comparisons.csv,6.0,4.0,2.0,6.0,0.0,2.0,0.23529411764705882,0.08333333333333333,0.2222222222222222,0.17647058823529413,0.1388888888888889,0.2222222222222222
ds03,isolation_forest,1,0.005,causal_regime,not_exceeding,0.2,148,True,0.19594594594594594,0.19594594594594594,0.0,0.009223851039358476,0.009223851039358476,0.008030857221391512,0.008218394177456807,2,2,2,0.0,-1.0,1.0,2.0,2.0,6.0,1.0,5.0,3.0,1.0,0.2777777777777778,0.11428571428571428,0.20833333333333334,0.1111111111111111,0.11428571428571428,0.25,0.16666666666666666,0.3333333333333333,0.5,0.6666666666666666,1.0,0.16666666666666666,0.5,0.6666666666666666,0.8333333333333334,1.0,0,0,results/mssp_adversarial/ds03/matched_delay/matched_false_flag_comparisons.csv,6.0,4.0,0.0,6.0,0.0,1.0,0.4117647058823529,0.08333333333333333,0.2777777777777778,0.17647058823529413,0.2777777777777778,0.2222222222222222
ds03,isolation_forest,1,0.01,phase_conditioned,nearest,0.025,148,True,0.02702702702702703,0.02027027027027027,-0.006756756756756757,0.0360073348498562,0.03858923467029903,0.040412553329506,0.042322022723792756,1,3,2,0.0,1.0,7.0,6.0,11.0,6.0,6.0,7.0,6.0,8.0,0.0,0.0,0.041666666666666664,0.0,0.0,0.0,0.16666666666666666,0.16666666666666666,0.16666666666666666,0.16666666666666666,0.5,0.0,0.0,0.0,0.16666666666666666,0.6666666666666666,0,0,results/mssp_adversarial/ds03/matched_delay/matched_false_flag_comparisons.csv,19.0,0.0,18.0,19.0,4.0,18.0,0.058823529411764705,0.027777777777777776,0.05555555555555555,0.058823529411764705,0.0,0.1111111111111111
ds03,isolation_forest,1,0.01,phase_conditioned,nearest,0.05,148,True,0.0472972972972973,0.0472972972972973,0.0,0.03438276921143307,0.03438276921143307,0.03684817982911676,0.03684817982911676,0,4,2,0.0,1.0,7.0,6.0,6.0,6.0,6.0,7.0,6.0,8.0,0.05555555555555555,0.02857142857142857,0.041666666666666664,0.0,0.08571428571428572,0.0,0.16666666666666666,0.16666666666666666,0.16666666666666666,0.16666666666666666,0.6666666666666666,0.16666666666666666,0.16666666666666666,0.16666666666666666,0.16666666666666666,0.6666666666666666,0,0,results/mssp_adversarial/ds03/matched_delay/matched_false_flag_comparisons.csv,19.0,0.0,18.0,19.0,0.0,18.0,0.058823529411764705,0.027777777777777776,0.1111111111111111,0.058823529411764705,0.027777777777777776,0.1111111111111111
ds03,isolation_forest,1,0.01,phase_conditioned,nearest,0.1,148,False,0.0945945945945946,0.08783783783783784,-0.006756756756756757,0.028585141796844713,0.029252663374366446,0.027295447924020073,0.027295447924020073,3,3,0,-1.0,-4.0,2.0,6.0,6.0,6.0,1.0,5.0,6.0,1.0,0.1111111111111111,0.11428571428571428,0.041666666666666664,0.0,0.11428571428571428,0.16666666666666666,0.16666666666666666,0.3333333333333333,0.3333333333333333,0.3333333333333333,0.6666666666666666,0.16666666666666666,0.3333333333333333,0.5,0.6666666666666666,0.8333333333333334,0,0,results/mssp_adversarial/ds03/matched_delay/matched_false_flag_comparisons.csv,19.0,0.0,18.0,2.0,0.0,17.0,0.11764705882352941,0.08333333333333333,0.1111111111111111,0.058823529411764705,0.027777777777777776,0.16666666666666666
ds03,isolation_forest,1,0.01,phase_conditioned,nearest,0.15,148,True,0.14864864864864866,0.14864864864864866,0.0,0.02376511113811073,0.02376511113811073,0.02376511113811073,0.02376511113811073,1,4,1,0.0,0.0,2.0,2.0,5.0,3.0,1.0,5.0,6.0,1.0,0.16666666666666666,0.11428571428571428,0.08333333333333333,0.1111111111111111,0.11428571428571428,0.16666666666666666,0.16666666666666666,0.3333333333333333,0.6666666666666666,0.8333333333333334,1.0,0.16666666666666666,0.3333333333333333,0.6666666666666666,0.8333333333333334,1.0,0,0,results/mssp_adversarial/ds03/matched_delay/matched_false_flag_comparisons.csv,6.0,0.0,2.0,2.0,0.0,2.0,0.17647058823529413,0.1388888888888889,0.2777777777777778,0.17647058823529413,0.1388888888888889,0.2222222222222222
ds03,isolation_forest,1,0.01,phase_conditioned,nearest,0.2,148,True,0.20270270270270271,0.20270270270270271,0.0,0.02091713596138375,0.02091713596138375,0.0206913808111479,0.02117456691035712,1,4,1,0.0,0.0,2.0,2.0,3.0,3.0,1.0,3.0,6.0,1.0,0.2222222222222222,0.11428571428571428,0.125,0.16666666666666666,0.11428571428571428,0.20833333333333334,0.16666666666666666,0.3333333333333333,0.8333333333333334,1.0,1.0,0.16666666666666666,0.3333333333333333,0.8333333333333334,0.8333333333333334,1.0,0,0,results/mssp_adversarial/ds03/matched_delay/matched_false_flag_comparisons.csv,5.0,0.0,2.0,2.0,0.0,2.0,0.35294117647058826,0.19444444444444445,0.3333333333333333,0.29411764705882354,0.1388888888888889,0.4444444444444444
ds03,isolation_forest,1,0.01,phase_conditioned,not_exceeding,0.025,148,True,0.02027027027027027,0.02027027027027027,0.0,0.04135626917817706,0.04331032859169001,0.040412553329506,0.042322022723792756,2,2,2,0.0,0.0,7.0,7.0,11.0,6.0,7.0,7.0,6.0,8.0,0.0,0.0,0.041666666666666664,0.0,0.0,0.0,0.0,0.0,0.16666666666666666,0.16666666666666666,0.5,0.0,0.0,0.0,0.16666666666666666,0.6666666666666666,0,0,results/mssp_adversarial/ds03/matched_delay/matched_false_flag_comparisons.csv,19.0,3.0,21.0,19.0,4.0,18.0,0.058823529411764705,0.027777777777777776,0.0,0.058823529411764705,0.0,0.1111111111111111
ds03,isolation_forest,1,0.01,phase_conditioned,not_exceeding,0.05,148,True,0.0472972972972973,0.0472972972972973,0.0,0.03438276921143307,0.03438276921143307,0.03684817982911676,0.03684817982911676,0,4,2,0.0,1.0,7.0,6.0,6.0,6.0,6.0,7.0,6.0,8.0,0.05555555555555555,0.02857142857142857,0.041666666666666664,0.0,0.08571428571428572,0.0,0.16666666666666666,0.16666666666666666,0.16666666666666666,0.16666666666666666,0.6666666666666666,0.16666666666666666,0.16666666666666666,0.16666666666666666,0.16666666666666666,0.6666666666666666,0,0,results/mssp_adversarial/ds03/matched_delay/matched_false_flag_comparisons.csv,19.0,0.0,18.0,19.0,0.0,18.0,0.058823529411764705,0.027777777777777776,0.1111111111111111,0.058823529411764705,0.027777777777777776,0.1111111111111111
ds03,isolation_forest,1,0.01,phase_conditioned,not_exceeding,0.1,148,False,0.0945945945945946,0.08783783783783784,-0.006756756756756757,0.028585141796844713,0.029252663374366446,0.027295447924020073,0.027295447924020073,3,3,0,-1.0,-4.0,2.0,6.0,6.0,6.0,1.0,5.0,6.0,1.0,0.1111111111111111,0.11428571428571428,0.041666666666666664,0.0,0.11428571428571428,0.16666666666666666,0.16666666666666666,0.3333333333333333,0.3333333333333333,0.3333333333333333,0.6666666666666666,0.16666666666666666,0.3333333333333333,0.5,0.6666666666666666,0.8333333333333334,0,0,results/mssp_adversarial/ds03/matched_delay/matched_false_flag_comparisons.csv,19.0,0.0,18.0,2.0,0.0,17.0,0.11764705882352941,0.08333333333333333,0.1111111111111111,0.058823529411764705,0.027777777777777776,0.16666666666666666
ds03,isolation_forest,1,0.01,phase_conditioned,not_exceeding,0.15,148,True,0.14864864864864866,0.14864864864864866,0.0,0.02376511113811073,0.02376511113811073,0.02376511113811073,0.02376511113811073,1,4,1,0.0,0.0,2.0,2.0,5.0,3.0,1.0,5.0,6.0,1.0,0.16666666666666666,0.11428571428571428,0.08333333333333333,0.1111111111111111,0.11428571428571428,0.16666666666666666,0.16666666666666666,0.3333333333333333,0.6666666666666666,0.8333333333333334,1.0,0.16666666666666666,0.3333333333333333,0.6666666666666666,0.8333333333333334,1.0,0,0,results/mssp_adversarial/ds03/matched_delay/matched_false_flag_comparisons.csv,6.0,0.0,2.0,2.0,0.0,2.0,0.17647058823529413,0.1388888888888889,0.2777777777777778,0.17647058823529413,0.1388888888888889,0.2222222222222222
ds03,isolation_forest,1,0.01,phase_conditioned,not_exceeding,0.2,148,False,0.1891891891891892,0.18243243243243243,-0.006756756756756771,0.02117456691035712,0.02117456691035712,0.02166903639411181,0.02166903639411181,1,3,2,0.0,0.0,2.0,2.0,3.0,3.0,1.0,5.0,6.0,1.0,0.2222222222222222,0.11428571428571428,0.125,0.16666666666666666,0.11428571428571428,0.20833333333333334,0.16666666666666666,0.3333333333333333,0.8333333333333334,1.0,1.0,0.16666666666666666,0.3333333333333333,0.6666666666666666,0.8333333333333334,1.0,0,0,results/mssp_adversarial/ds03/matched_delay/matched_false_flag_comparisons.csv,5.0,0.0,2.0,2.0,0.0,2.0,0.29411764705882354,0.16666666666666666,0.3333333333333333,0.23529411764705882,0.1388888888888889,0.3333333333333333
ds03,isolation_forest,1,0.01,causal_regime,nearest,0.025,148,True,0.02702702702702703,0.02027027027027027,-0.006756756756756757,0.0360073348498562,0.03858923467029903,0.040412553329506,0.04135626917817706,1,5,0,0.0,0.0,6.0,6.0,11.0,6.0,6.0,6.0,6.0,6.0,0.0,0.0,0.041666666666666664,0.0,0.0,0.08333333333333333,0.16666666666666666,0.16666666666666666,0.16666666666666666,0.16666666666666666,0.5,0.16666666666666666,0.16666666666666666,0.16666666666666666,0.16666666666666666,0.6666666666666666,0,0,results/mssp_adversarial/ds03/matched_delay/matched_false_flag_comparisons.csv,19.0,0.0,18.0,19.0,0.0,18.0,0.058823529411764705,0.027777777777777776,0.05555555555555555,0.058823529411764705,0.0,0.0
ds03,isolation_forest,1,0.01,causal_regime,nearest,0.05,148,True,0.0472972972972973,0.05405405405405406,0.006756756756756757,0.03438276921143307,0.03438276921143307,0.03684817982911676,0.03684817982911676,1,5,0,0.0,0.0,6.0,6.0,6.0,6.0,6.0,6.0,3.0,6.0,0.05555555555555555,0.02857142857142857,0.041666666666666664,0.05555555555555555,0.0,0.08333333333333333,0.16666666666666666,0.16666666666666666,0.16666666666666666,0.16666666666666666,0.6666666666666666,0.16666666666666666,0.16666666666666666,0.3333333333333333,0.3333333333333333,0.6666666666666666,0,0,results/mssp_adversarial/ds03/matched_delay/matched_false_flag_comparisons.csv,19.0,0.0,18.0,19.0,0.0,18.0,0.058823529411764705,0.027777777777777776,0.1111111111111111,0.11764705882352941,0.08333333333333333,0.0
ds03,isolation_forest,1,0.01,causal_regime,nearest,0.1,148,True,0.0945945945945946,0.10135135135135136,0.006756756756756757,0.028585141796844713,0.029252663374366446,0.028585141796844713,0.029252663374366446,2,3,1,0.0,0.0,6.0,6.0,6.0,6.0,1.0,6.0,3.0,6.0,0.1111111111111111,0.11428571428571428,0.041666666666666664,0.05555555555555555,0.11428571428571428,0.125,0.16666666666666666,0.3333333333333333,0.3333333333333333,0.3333333333333333,0.6666666666666666,0.16666666666666666,0.16666666666666666,0.3333333333333333,0.3333333333333333,0.6666666666666666,0,0,results/mssp_adversarial/ds03/matched_delay/matched_false_flag_comparisons.csv,19.0,0.0,18.0,18.0,0.0,18.0,0.11764705882352941,0.08333333333333333,0.1111111111111111,0.11764705882352941,0.1388888888888889,0.0
ds03,isolation_forest,1,0.01,causal_regime,nearest,0.15,148,True,0.14864864864864866,0.14864864864864866,0.0,0.02376511113811073,0.02376511113811073,0.02376511113811073,0.02376511113811073,1,3,2,0.0,0.0,2.0,2.0,5.0,3.0,1.0,5.0,0.0,6.0,0.16666666666666666,0.11428571428571428,0.08333333333333333,0.05555555555555555,0.11428571428571428,0.20833333333333334,0.16666666666666666,0.3333333333333333,0.6666666666666666,0.8333333333333334,1.0,0.3333333333333333,0.3333333333333333,0.5,0.6666666666666666,0.8333333333333334,0,0,results/mssp_adversarial/ds03/matched_delay/matched_false_flag_comparisons.csv,6.0,0.0,2.0,18.0,0.0,2.0,0.17647058823529413,0.1388888888888889,0.2777777777777778,0.23529411764705882,0.16666666666666666,0.1111111111111111
ds03,isolation_forest,1,0.01,causal_regime,nearest,0.2,148,True,0.20270270270270271,0.20270270270270271,0.0,0.02091713596138375,0.02091713596138375,0.019757834731786994,0.019757834731786994,1,3,2,0.0,-1.0,1.0,2.0,3.0,3.0,1.0,5.0,0.0,1.0,0.2222222222222222,0.11428571428571428,0.125,0.1111111111111111,0.14285714285714285,0.20833333333333334,0.16666666666666666,0.3333333333333333,0.8333333333333334,1.0,1.0,0.3333333333333333,0.5,0.6666666666666666,0.8333333333333334,1.0,0,0,results/mssp_adversarial/ds03/matched_delay/matched_false_flag_comparisons.csv,5.0,0.0,2.0,6.0,0.0,2.0,0.35294117647058826,0.19444444444444445,0.3333333333333333,0.29411764705882354,0.25,0.2222222222222222
ds03,isolation_forest,1,0.01,causal_regime,not_exceeding,0.025,148,True,0.02027027027027027,0.02027027027027027,0.0,0.04135626917817706,0.04331032859169001,0.040412553329506,0.04135626917817706,4,2,0,-3.0,-1.0,6.0,7.0,11.0,6.0,7.0,6.0,6.0,6.0,0.0,0.0,0.041666666666666664,0.0,0.0,0.08333333333333333,0.0,0.0,0.16666666666666666,0.16666666666666666,0.5,0.16666666666666666,0.16666666666666666,0.16666666666666666,0.16666666666666666,0.6666666666666666,0,0,results/mssp_adversarial/ds03/matched_delay/matched_false_flag_comparisons.csv,19.0,3.0,21.0,19.0,0.0,18.0,0.058823529411764705,0.027777777777777776,0.0,0.058823529411764705,0.0,0.0
ds03,isolation_forest,1,0.01,causal_regime,not_exceeding,0.05,148,False,0.0472972972972973,0.033783783783783786,-0.013513513513513514,0.03438276921143307,0.03438276921143307,0.03858923467029903,0.03949037229576702,0,6,0,0.0,0.0,6.0,6.0,6.0,6.0,6.0,6.0,6.0,6.0,0.05555555555555555,0.02857142857142857,0.041666666666666664,0.0,0.0,0.08333333333333333,0.16666666666666666,0.16666666666666666,0.16666666666666666,0.16666666666666666,0.6666666666666666,0.16666666666666666,0.16666666666666666,0.16666666666666666,0.16666666666666666,0.6666666666666666,0,0,results/mssp_adversarial/ds03/matched_delay/matched_false_flag_comparisons.csv,19.0,0.0,18.0,19.0,0.0,18.0,0.058823529411764705,0.027777777777777776,0.1111111111111111,0.058823529411764705,0.05555555555555555,0.0
ds03,isolation_forest,1,0.01,causal_regime,not_exceeding,0.1,148,True,0.0945945945945946,0.0945945945945946,0.0,0.028585141796844713,0.029252663374366446,0.029935772947204904,0.03135022062565112,2,3,1,0.0,0.0,6.0,6.0,6.0,6.0,1.0,6.0,3.0,6.0,0.1111111111111111,0.11428571428571428,0.041666666666666664,0.05555555555555555,0.11428571428571428,0.125,0.16666666666666666,0.3333333333333333,0.3333333333333333,0.3333333333333333,0.6666666666666666,0.16666666666666666,0.16666666666666666,0.3333333333333333,0.3333333333333333,0.6666666666666666,0,0,results/mssp_adversarial/ds03/matched_delay/matched_false_flag_comparisons.csv,19.0,0.0,18.0,18.0,0.0,18.0,0.11764705882352941,0.08333333333333333,0.1111111111111111,0.11764705882352941,0.1111111111111111,0.0
ds03,isolation_forest,1,0.01,causal_regime,not_exceeding,0.15,148,True,0.14864864864864866,0.14864864864864866,0.0,0.02376511113811073,0.02376511113811073,0.02376511113811073,0.02376511113811073,1,3,2,0.0,0.0,2.0,2.0,5.0,3.0,1.0,5.0,0.0,6.0,0.16666666666666666,0.11428571428571428,0.08333333333333333,0.05555555555555555,0.11428571428571428,0.20833333333333334,0.16666666666666666,0.3333333333333333,0.6666666666666666,0.8333333333333334,1.0,0.3333333333333333,0.3333333333333333,0.5,0.6666666666666666,0.8333333333333334,0,0,results/mssp_adversarial/ds03/matched_delay/matched_false_flag_comparisons.csv,6.0,0.0,2.0,18.0,0.0,2.0,0.17647058823529413,0.1388888888888889,0.2777777777777778,0.23529411764705882,0.16666666666666666,0.1111111111111111
ds03,isolation_forest,1,0.01,causal_regime,not_exceeding,0.2,148,False,0.1891891891891892,0.1891891891891892,0.0,0.02117456691035712,0.02117456691035712,0.020219220618983534,0.02038079914186109,1,3,2,0.0,-1.0,1.0,2.0,3.0,3.0,1.0,5.0,0.0,1.0,0.2222222222222222,0.11428571428571428,0.125,0.1111111111111111,0.14285714285714285,0.20833333333333334,0.16666666666666666,0.3333333333333333,0.8333333333333334,1.0,1.0,0.3333333333333333,0.5,0.6666666666666666,0.8333333333333334,1.0,0,0,results/mssp_adversarial/ds03/matched_delay/matched_false_flag_comparisons.csv,5.0,0.0,2.0,6.0,0.0,2.0,0.29411764705882354,0.16666666666666666,0.3333333333333333,0.23529411764705882,0.25,0.16666666666666666
ds03,isolation_forest,1,0.02,phase_conditioned,nearest,0.025,148,True,0.02702702702702703,0.02702702702702703,0.0,0.05983321728796282,0.05983321728796282,0.08265958738801812,0.084589857965743,2,1,3,0.0,2.0,8.0,6.0,11.0,0.0,6.0,8.0,7.0,8.0,0.05555555555555555,0.0,0.041666666666666664,0.0,0.0,0.0,0.3333333333333333,0.3333333333333333,0.3333333333333333,0.3333333333333333,0.5,0.16666666666666666,0.16666666666666666,0.16666666666666666,0.16666666666666666,0.6666666666666666,0,0,results/mssp_adversarial/ds03/matched_delay/matched_false_flag_comparisons.csv,18.0,0.0,18.0,19.0,0.0,17.0,0.058823529411764705,0.027777777777777776,0.0,0.11764705882352941,0.027777777777777776,0.05555555555555555
ds03,isolation_forest,1,0.02,phase_conditioned,nearest,0.05,148,True,0.0472972972972973,0.0472972972972973,0.0,0.05846787276937589,0.05846787276937589,0.07032630413380643,0.07032630413380643,3,2,1,-2.0,0.0,6.0,6.0,11.0,0.0,6.0,8.0,4.0,6.0,0.05555555555555555,0.05714285714285714,0.041666666666666664,0.0,0.0,0.041666666666666664,0.3333333333333333,0.3333333333333333,0.3333333333333333,0.3333333333333333,0.5,0.16666666666666666,0.16666666666666666,0.16666666666666666,0.3333333333333333,0.6666666666666666,0,0,results/mssp_adversarial/ds03/matched_delay/matched_false_flag_comparisons.csv,18.0,0.0,18.0,16.0,0.0,15.0,0.058823529411764705,0.05555555555555555,0.0,0.11764705882352941,0.08333333333333333,0.05555555555555555
ds03,isolation_forest,1,0.02,phase_conditioned,nearest,0.1,148,True,0.10135135135135136,0.10135135135135136,0.0,0.049744131713774516,0.049744131713774516,0.053311026216670325,0.053311026216670325,2,3,1,0.0,-3.0,3.0,6.0,6.0,0.0,6.0,3.0,3.0,6.0,0.1111111111111111,0.11428571428571428,0.041666666666666664,0.05555555555555555,0.02857142857142857,0.08333333333333333,0.3333333333333333,0.3333333333333333,0.3333333333333333,0.3333333333333333,0.6666666666666666,0.16666666666666666,0.16666666666666666,0.6666666666666666,0.6666666666666666,0.8333333333333334,0,0,results/mssp_adversarial/ds03/matched_delay/matched_false_flag_comparisons.csv,18.0,0.0,15.0,2.0,0.0,15.0,0.058823529411764705,0.16666666666666666,0.05555555555555555,0.17647058823529413,0.16666666666666666,0.1111111111111111
ds03,isolation_forest,1,0.02,phase_conditioned,nearest,0.15,148,True,0.14864864864864866,0.14864864864864866,0.0,0.04535671616408702,0.04535671616408702,0.04379704126654555,0.04535671616408702,3,1,2,-3.0,2.0,3.0,1.0,6.0,0.0,1.0,3.0,3.0,6.0,0.1111111111111111,0.2,0.041666666666666664,0.1111111111111111,0.11428571428571428,0.125,0.3333333333333333,0.5,0.5,0.5,0.6666666666666666,0.16666666666666666,0.16666666666666666,0.6666666666666666,0.6666666666666666,1.0,0,0,results/mssp_adversarial/ds03/matched_delay/matched_false_flag_comparisons.csv,18.0,0.0,15.0,2.0,0.0,7.0,0.17647058823529413,0.16666666666666666,0.16666666666666666,0.23529411764705882,0.19444444444444445,0.1111111111111111
ds03,isolation_forest,1,0.02,phase_conditioned,nearest,0.2,148,True,0.20270270270270271,0.19594594594594594,-0.006756756756756771,0.03684817982911676,0.03684817982911676,0.03949037229576702,0.03949037229576702,1,3,2,0.0,1.0,2.0,1.0,3.0,0.0,1.0,3.0,3.0,1.0,0.16666666666666666,0.22857142857142856,0.08333333333333333,0.1111111111111111,0.14285714285714285,0.16666666666666666,0.3333333333333333,0.5,0.8333333333333334,0.8333333333333334,1.0,0.16666666666666666,0.3333333333333333,0.8333333333333334,0.8333333333333334,1.0,0,0,results/mssp_adversarial/ds03/matched_delay/matched_false_flag_comparisons.csv,6.0,0.0,2.0,2.0,0.0,7.0,0.29411764705882354,0.2222222222222222,0.2222222222222222,0.35294117647058826,0.2222222222222222,0.2222222222222222
ds03,isolation_forest,1,0.02,phase_conditioned,not_exceeding,0.025,148,True,0.02027027027027027,0.02027027027027027,0.0,0.06412354795576918,0.07032630413380643,0.08656520431290936,0.09942457296427418,1,3,2,0.0,2.0,8.0,6.0,11.0,2.0,6.0,8.0,9.0,8.0,0.0,0.0,0.041666666666666664,0.0,0.0,0.0,0.16666666666666666,0.16666666666666666,0.3333333333333333,0.3333333333333333,0.5,0.16666666666666666,0.16666666666666666,0.16666666666666666,0.16666666666666666,0.6666666666666666,0,0,results/mssp_adversarial/ds03/matched_delay/matched_false_flag_comparisons.csv,19.0,0.0,18.0,19.0,0.0,18.0,0.058823529411764705,0.027777777777777776,0.0,0.11764705882352941,0.0,0.05555555555555555
ds03,isolation_forest,1,0.02,phase_conditioned,not_exceeding,0.05,148,True,0.0472972972972973,0.0472972972972973,0.0,0.05846787276937589,0.05846787276937589,0.07032630413380643,0.07032630413380643,3,2,1,-2.0,0.0,6.0,6.0,11.0,0.0,6.0,8.0,4.0,6.0,0.05555555555555555,0.05714285714285714,0.041666666666666664,0.0,0.0,0.041666666666666664,0.3333333333333333,0.3333333333333333,0.3333333333333333,0.3333333333333333,0.5,0.16666666666666666,0.16666666666666666,0.16666666666666666,0.3333333333333333,0.6666666666666666,0,0,results/mssp_adversarial/ds03/matched_delay/matched_false_flag_comparisons.csv,18.0,0.0,18.0,16.0,0.0,15.0,0.058823529411764705,0.05555555555555555,0.0,0.11764705882352941,0.08333333333333333,0.05555555555555555
ds03,isolation_forest,1,0.02,phase_conditioned,not_exceeding,0.1,148,False,0.08108108108108109,0.08783783783783784,0.006756756756756757,0.050905759020366814,0.05209451270253212,0.05455594781168514,0.05455594781168514,2,3,1,0.0,-3.0,3.0,6.0,6.0,0.0,6.0,3.0,3.0,6.0,0.1111111111111111,0.08571428571428572,0.041666666666666664,0.05555555555555555,0.0,0.08333333333333333,0.3333333333333333,0.3333333333333333,0.3333333333333333,0.3333333333333333,0.6666666666666666,0.16666666666666666,0.16666666666666666,0.6666666666666666,0.6666666666666666,0.8333333333333334,0,0,results/mssp_adversarial/ds03/matched_delay/matched_false_flag_comparisons.csv,18.0,0.0,15.0,2.0,0.0,15.0,0.058823529411764705,0.1111111111111111,0.05555555555555555,0.17647058823529413,0.1388888888888889,0.1111111111111111
ds03,isolation_forest,1,0.02,phase_conditioned,not_exceeding,0.15,148,True,0.14864864864864866,0.14864864864864866,0.0,0.04535671616408702,0.04535671616408702,0.04379704126654555,0.04535671616408702,3,1,2,-3.0,2.0,3.0,1.0,6.0,0.0,1.0,3.0,3.0,6.0,0.1111111111111111,0.2,0.041666666666666664,0.1111111111111111,0.11428571428571428,0.125,0.3333333333333333,0.5,0.5,0.5,0.6666666666666666,0.16666666666666666,0.16666666666666666,0.6666666666666666,0.6666666666666666,1.0,0,0,results/mssp_adversarial/ds03/matched_delay/matched_false_flag_comparisons.csv,18.0,0.0,15.0,2.0,0.0,7.0,0.17647058823529413,0.16666666666666666,0.16666666666666666,0.23529411764705882,0.19444444444444445,0.1111111111111111
ds03,isolation_forest,1,0.02,phase_conditioned,not_exceeding,0.2,148,True,0.19594594594594594,0.19594594594594594,0.0,0.037708660259934516,0.037708660259934516,0.03949037229576702,0.03949037229576702,2,3,1,0.0,1.0,2.0,1.0,3.0,0.0,1.0,3.0,3.0,1.0,0.16666666666666666,0.22857142857142856,0.08333333333333333,0.1111111111111111,0.14285714285714285,0.16666666666666666,0.3333333333333333,0.5,0.6666666666666666,0.6666666666666666,1.0,0.16666666666666666,0.3333333333333333,0.8333333333333334,0.8333333333333334,1.0,0,0,results/mssp_adversarial/ds03/matched_delay/matched_false_flag_comparisons.csv,6.0,0.0,8.0,2.0,0.0,7.0,0.29411764705882354,0.19444444444444445,0.2222222222222222,0.35294117647058826,0.2222222222222222,0.2222222222222222
ds03,isolation_forest,1,0.02,causal_regime,nearest,0.025,148,True,0.02702702702702703,0.02702702702702703,0.0,0.05983321728796282,0.05983321728796282,0.07893018264543566,0.08077336398796711,1,4,1,0.0,0.0,6.0,6.0,11.0,0.0,6.0,8.0,0.0,6.0,0.05555555555555555,0.0,0.041666666666666664,0.0,0.02857142857142857,0.041666666666666664,0.3333333333333333,0.3333333333333333,0.3333333333333333,0.3333333333333333,0.5,0.3333333333333333,0.3333333333333333,0.3333333333333333,0.3333333333333333,0.6666666666666666,0,0,results/mssp_adversarial/ds03/matched_delay/matched_false_flag_comparisons.csv,18.0,0.0,18.0,19.0,0.0,18.0,0.058823529411764705,0.027777777777777776,0.0,0.11764705882352941,0.0,0.0
ds03,isolation_forest,1,0.02,causal_regime,nearest,0.05,148,True,0.0472972972972973,0.0472972972972973,0.0,0.05846787276937589,0.05846787276937589,0.07032630413380643,0.07364918067322965,1,5,0,0.0,0.0,6.0,6.0,11.0,0.0,6.0,8.0,0.0,6.0,0.05555555555555555,0.05714285714285714,0.041666666666666664,0.0,0.02857142857142857,0.08333333333333333,0.3333333333333333,0.3333333333333333,0.3333333333333333,0.3333333333333333,0.5,0.3333333333333333,0.3333333333333333,0.3333333333333333,0.3333333333333333,0.6666666666666666,0,0,results/mssp_adversarial/ds03/matched_delay/matched_false_flag_comparisons.csv,18.0,0.0,18.0,18.0,0.0,18.0,0.058823529411764705,0.05555555555555555,0.0,0.11764705882352941,0.05555555555555555,0.0
ds03,isolation_forest,1,0.02,causal_regime,nearest,0.1,148,True,0.10135135135135136,0.10135135135135136,0.0,0.049744131713774516,0.049744131713774516,0.053311026216670325,0.05455594781168514,1,4,1,0.0,-4.0,2.0,6.0,6.0,0.0,6.0,6.0,0.0,6.0,0.1111111111111111,0.11428571428571428,0.041666666666666664,0.1111111111111111,0.05714285714285714,0.08333333333333333,0.3333333333333333,0.3333333333333333,0.3333333333333333,0.3333333333333333,0.6666666666666666,0.3333333333333333,0.3333333333333333,0.5,0.5,0.8333333333333334,0,0,results/mssp_adversarial/ds03/matched_delay/matched_false_flag_comparisons.csv,18.0,0.0,15.0,2.0,0.0,17.0,0.058823529411764705,0.16666666666666666,0.05555555555555555,0.17647058823529413,0.1111111111111111,0.1111111111111111
ds03,isolation_forest,1,0.02,causal_regime,nearest,0.15,148,False,0.14864864864864866,0.14189189189189189,-0.006756756756756771,0.04535671616408702,0.04535671616408702,0.048609011781306305,0.049744131713774516,1,3,2,0.0,1.0,2.0,1.0,6.0,0.0,1.0,6.0,0.0,6.0,0.1111111111111111,0.2,0.041666666666666664,0.1111111111111111,0.14285714285714285,0.125,0.3333333333333333,0.5,0.5,0.5,0.6666666666666666,0.3333333333333333,0.3333333333333333,0.5,0.5,0.8333333333333334,0,0,results/mssp_adversarial/ds03/matched_delay/matched_false_flag_comparisons.csv,18.0,0.0,15.0,2.0,0.0,17.0,0.17647058823529413,0.16666666666666666,0.16666666666666666,0.17647058823529413,0.16666666666666666,0.1111111111111111
ds03,isolation_forest,1,0.02,causal_regime,nearest,0.2,148,True,0.20270270270270271,0.19594594594594594,-0.006756756756756771,0.03684817982911676,0.03684817982911676,0.042322022723792756,0.042322022723792756,1,3,2,0.0,0.0,1.0,1.0,3.0,0.0,1.0,6.0,0.0,1.0,0.16666666666666666,0.22857142857142856,0.08333333333333333,0.16666666666666666,0.2,0.16666666666666666,0.3333333333333333,0.5,0.8333333333333334,0.8333333333333334,1.0,0.3333333333333333,0.5,0.6666666666666666,0.8333333333333334,1.0,0,0,results/mssp_adversarial/ds03/matched_delay/matched_false_flag_comparisons.csv,6.0,0.0,2.0,2.0,0.0,5.0,0.29411764705882354,0.2222222222222222,0.2222222222222222,0.29411764705882354,0.19444444444444445,0.16666666666666666
ds03,isolation_forest,1,0.02,causal_regime,not_exceeding,0.025,148,True,0.02027027027027027,0.02027027027027027,0.0,0.06412354795576918,0.07032630413380643,0.08265958738801812,0.08656520431290936,2,4,0,0.0,0.0,6.0,6.0,11.0,2.0,6.0,8.0,0.0,6.0,0.0,0.0,0.041666666666666664,0.0,0.02857142857142857,0.041666666666666664,0.16666666666666666,0.16666666666666666,0.3333333333333333,0.3333333333333333,0.5,0.3333333333333333,0.3333333333333333,0.3333333333333333,0.3333333333333333,0.6666666666666666,0,0,results/mssp_adversarial/ds03/matched_delay/matched_false_flag_comparisons.csv,19.0,0.0,18.0,19.0,0.0,18.0,0.058823529411764705,0.027777777777777776,0.0,0.058823529411764705,0.0,0.0
ds03,isolation_forest,1,0.02,causal_regime,not_exceeding,0.05,148,True,0.0472972972972973,0.0472972972972973,0.0,0.05846787276937589,0.05846787276937589,0.07032630413380643,0.07364918067322965,1,5,0,0.0,0.0,6.0,6.0,11.0,0.0,6.0,8.0,0.0,6.0,0.05555555555555555,0.05714285714285714,0.041666666666666664,0.0,0.02857142857142857,0.08333333333333333,0.3333333333333333,0.3333333333333333,0.3333333333333333,0.3333333333333333,0.5,0.3333333333333333,0.3333333333333333,0.3333333333333333,0.3333333333333333,0.6666666666666666,0,0,results/mssp_adversarial/ds03/matched_delay/matched_false_flag_comparisons.csv,18.0,0.0,18.0,18.0,0.0,18.0,0.058823529411764705,0.05555555555555555,0.0,0.11764705882352941,0.05555555555555555,0.0
ds03,isolation_forest,1,0.02,causal_regime,not_exceeding,0.1,148,False,0.08108108108108109,0.0945945945945946,0.013513513513513514,0.050905759020366814,0.05209451270253212,0.0558299408744192,0.0558299408744192,1,4,1,0.0,-4.0,2.0,6.0,6.0,0.0,6.0,6.0,0.0,6.0,0.1111111111111111,0.08571428571428572,0.041666666666666664,0.05555555555555555,0.05714285714285714,0.08333333333333333,0.3333333333333333,0.3333333333333333,0.3333333333333333,0.3333333333333333,0.6666666666666666,0.3333333333333333,0.3333333333333333,0.5,0.5,0.8333333333333334,0,0,results/mssp_adversarial/ds03/matched_delay/matched_false_flag_comparisons.csv,18.0,0.0,15.0,2.0,0.0,17.0,0.058823529411764705,0.1111111111111111,0.05555555555555555,0.17647058823529413,0.1111111111111111,0.1111111111111111
ds03,isolation_forest,1,0.02,causal_regime,not_exceeding,0.15,148,False,0.14864864864864866,0.14189189189189189,-0.006756756756756771,0.04535671616408702,0.04535671616408702,0.048609011781306305,0.049744131713774516,1,3,2,0.0,1.0,2.0,1.0,6.0,0.0,1.0,6.0,0.0,6.0,0.1111111111111111,0.2,0.041666666666666664,0.1111111111111111,0.14285714285714285,0.125,0.3333333333333333,0.5,0.5,0.5,0.6666666666666666,0.3333333333333333,0.3333333333333333,0.5,0.5,0.8333333333333334,0,0,results/mssp_adversarial/ds03/matched_delay/matched_false_flag_comparisons.csv,18.0,0.0,15.0,2.0,0.0,17.0,0.17647058823529413,0.16666666666666666,0.16666666666666666,0.17647058823529413,0.16666666666666666,0.1111111111111111
ds03,isolation_forest,1,0.02,causal_regime,not_exceeding,0.2,148,True,0.19594594594594594,0.19594594594594594,0.0,0.037708660259934516,0.037708660259934516,0.042322022723792756,0.042322022723792756,2,3,1,0.0,0.0,1.0,1.0,3.0,0.0,1.0,6.0,0.0,1.0,0.16666666666666666,0.22857142857142856,0.08333333333333333,0.16666666666666666,0.2,0.16666666666666666,0.3333333333333333,0.5,0.6666666666666666,0.6666666666666666,1.0,0.3333333333333333,0.5,0.6666666666666666,0.8333333333333334,1.0,0,0,results/mssp_adversarial/ds03/matched_delay/matched_false_flag_comparisons.csv,6.0,0.0,8.0,2.0,0.0,5.0,0.29411764705882354,0.19444444444444445,0.2222222222222222,0.29411764705882354,0.19444444444444445,0.16666666666666666
ds03,isolation_forest,2,0.005,phase_conditioned,nearest,0.025,148,True,0.02702702702702703,0.02702702702702703,0.0,0.02269288562880081,0.02269288562880081,0.022175052752539316,0.022175052752539316,2,1,3,0.0,1.0,12.0,11.0,11.0,6.0,8.0,12.0,10.0,12.0,0.0,0.05714285714285714,0.041666666666666664,0.0,0.05714285714285714,0.0,0.0,0.0,0.0,0.0,0.3333333333333333,0.0,0.0,0.0,0.0,0.3333333333333333,0,0,results/mssp_adversarial/ds03/matched_delay/matched_false_flag_comparisons.csv,24.0,13.0,22.0,22.0,10.0,22.0,0.058823529411764705,0.0,0.0,0.058823529411764705,0.027777777777777776,0.0
ds03,isolation_forest,2,0.005,phase_conditioned,nearest,0.05,148,True,0.0472972972972973,0.0472972972972973,0.0,0.02117456691035712,0.02166903639411181,0.0206913808111479,0.0206913808111479,2,1,3,0.0,1.0,12.0,11.0,11.0,6.0,8.0,12.0,10.0,12.0,0.0,0.08571428571428572,0.041666666666666664,0.0,0.08571428571428572,0.0,0.0,0.0,0.0,0.0,0.3333333333333333,0.0,0.0,0.0,0.0,0.3333333333333333,0,0,results/mssp_adversarial/ds03/matched_delay/matched_false_flag_comparisons.csv,24.0,13.0,22.0,22.0,10.0,22.0,0.058823529411764705,0.027777777777777776,0.05555555555555555,0.058823529411764705,0.05555555555555555,0.05555555555555555
ds03,isolation_forest,2,0.005,phase_conditioned,nearest,0.1,148,True,0.10135135135135136,0.10135135135135136,0.0,0.014977474763452,0.014977474763452,0.013344837298838383,0.013344837298838383,1,4,1,0.0,0.0,5.0,5.0,5.0,6.0,1.0,5.0,6.0,1.0,0.05555555555555555,0.11428571428571428,0.041666666666666664,0.1111111111111111,0.08571428571428572,0.125,0.0,0.16666666666666666,0.3333333333333333,0.5,0.8333333333333334,0.0,0.16666666666666666,0.3333333333333333,0.5,1.0,0,0,results/mssp_adversarial/ds03/matched_delay/matched_false_flag_comparisons.csv,6.0,13.0,2.0,8.0,10.0,2.0,0.17647058823529413,0.08333333333333333,0.16666666666666666,0.11764705882352941,0.05555555555555555,0.16666666666666666
ds03,isolation_forest,2,0.005,phase_conditioned,nearest,0.15,148,False,0.14864864864864866,0.16216216216216217,0.013513513513513514,0.013040319151841315,0.013040319151841315,0.009439246843247663,0.009885245709128281,3,3,0,-2.0,0.0,2.0,2.0,2.0,6.0,1.0,2.0,6.0,1.0,0.1111111111111111,0.11428571428571428,0.20833333333333334,0.2777777777777778,0.08571428571428572,0.20833333333333334,0.0,0.16666666666666666,0.5,0.5,0.8333333333333334,0.16666666666666666,0.3333333333333333,0.6666666666666666,0.6666666666666666,1.0,0,0,results/mssp_adversarial/ds03/matched_delay/matched_false_flag_comparisons.csv,6.0,13.0,2.0,2.0,10.0,0.0,0.23529411764705882,0.08333333333333333,0.2222222222222222,0.23529411764705882,0.05555555555555555,0.2777777777777778
ds03,isolation_forest,2,0.005,phase_conditioned,nearest,0.2,148,True,0.20270270270270271,0.19594594594594594,-0.006756756756756771,0.008606708472376158,0.009013370389517439,0.006832607387157405,0.006832607387157405,2,4,0,0.0,-1.0,1.0,2.0,2.0,6.0,1.0,2.0,6.0,1.0,0.2777777777777778,0.11428571428571428,0.20833333333333334,0.3888888888888889,0.08571428571428572,0.25,0.16666666666666666,0.3333333333333333,0.6666666666666666,0.8333333333333334,1.0,0.3333333333333333,0.5,0.8333333333333334,0.8333333333333334,1.0,0,0,results/mssp_adversarial/ds03/matched_delay/matched_false_flag_comparisons.csv,2.0,4.0,0.0,0.0,2.0,0.0,0.4117647058823529,0.08333333333333333,0.3333333333333333,0.29411764705882354,0.05555555555555555,0.3333333333333333
ds03,isolation_forest,2,0.005,phase_conditioned,not_exceeding,0.025,148,False,0.013513513513513514,0.013513513513513514,0.0,0.023222810962777247,0.02376511113811073,0.02269288562880081,0.02269288562880081,2,1,3,0.0,1.0,12.0,11.0,11.0,6.0,8.0,12.0,10.0,12.0,0.0,0.0,0.041666666666666664,0.0,0.0,0.0,0.0,0.0,0.0,0.0,0.3333333333333333,0.0,0.0,0.0,0.0,0.3333333333333333,0,0,results/mssp_adversarial/ds03/matched_delay/matched_false_flag_comparisons.csv,25.0,13.0,22.0,22.0,10.0,22.0,0.058823529411764705,0.0,0.0,0.058823529411764705,0.027777777777777776,0.0
ds03,isolation_forest,2,0.005,phase_conditioned,not_exceeding,0.05,148,True,0.0472972972972973,0.0472972972972973,0.0,0.02117456691035712,0.02166903639411181,0.0206913808111479,0.0206913808111479,2,1,3,0.0,1.0,12.0,11.0,11.0,6.0,8.0,12.0,10.0,12.0,0.0,0.08571428571428572,0.041666666666666664,0.0,0.08571428571428572,0.0,0.0,0.0,0.0,0.0,0.3333333333333333,0.0,0.0,0.0,0.0,0.3333333333333333,0,0,results/mssp_adversarial/ds03/matched_delay/matched_false_flag_comparisons.csv,24.0,13.0,22.0,22.0,10.0,22.0,0.058823529411764705,0.027777777777777776,0.05555555555555555,0.058823529411764705,0.05555555555555555,0.05555555555555555
ds03,isolation_forest,2,0.005,phase_conditioned,not_exceeding,0.1,148,False,0.0945945945945946,0.08783783783783784,-0.006756756756756757,0.016051432043647614,0.016051432043647614,0.013656466567946095,0.01397537301842291,2,4,0,0.0,0.0,5.0,5.0,5.0,6.0,1.0,5.0,6.0,1.0,0.05555555555555555,0.11428571428571428,0.041666666666666664,0.05555555555555555,0.08571428571428572,0.08333333333333333,0.0,0.16666666666666666,0.3333333333333333,0.5,0.6666666666666666,0.0,0.16666666666666666,0.3333333333333333,0.5,1.0,0,0,results/mssp_adversarial/ds03/matched_delay/matched_false_flag_comparisons.csv,21.0,13.0,2.0,8.0,10.0,2.0,0.17647058823529413,0.05555555555555555,0.16666666666666666,0.11764705882352941,0.05555555555555555,0.16666666666666666
ds03,isolation_forest,2,0.005,phase_conditioned,not_exceeding,0.15,148,False,0.14864864864864866,0.13513513513513514,-0.013513513513513514,0.013040319151841315,0.013040319151841315,0.010116086432495808,0.010116086432495808,3,3,0,-2.0,0.0,2.0,2.0,2.0,6.0,1.0,2.0,6.0,1.0,0.1111111111111111,0.11428571428571428,0.20833333333333334,0.2222222222222222,0.08571428571428572,0.16666666666666666,0.0,0.16666666666666666,0.5,0.5,0.8333333333333334,0.16666666666666666,0.3333333333333333,0.6666666666666666,0.6666666666666666,1.0,0,0,results/mssp_adversarial/ds03/matched_delay/matched_false_flag_comparisons.csv,6.0,13.0,2.0,2.0,10.0,0.0,0.23529411764705882,0.08333333333333333,0.2222222222222222,0.17647058823529413,0.05555555555555555,0.2222222222222222
ds03,isolation_forest,2,0.005,phase_conditioned,not_exceeding,0.2,148,True,0.19594594594594594,0.19594594594594594,0.0,0.009439246843247663,0.009439246843247663,0.006832607387157405,0.006832607387157405,2,4,0,0.0,-1.0,1.0,2.0,2.0,6.0,1.0,2.0,6.0,1.0,0.2777777777777778,0.11428571428571428,0.20833333333333334,0.3888888888888889,0.08571428571428572,0.25,0.16666666666666666,0.3333333333333333,0.6666666666666666,0.6666666666666666,0.8333333333333334,0.3333333333333333,0.5,0.8333333333333334,0.8333333333333334,1.0,0,0,results/mssp_adversarial/ds03/matched_delay/matched_false_flag_comparisons.csv,2.0,12.0,0.0,0.0,2.0,0.0,0.35294117647058826,0.08333333333333333,0.3333333333333333,0.29411764705882354,0.05555555555555555,0.3333333333333333
ds03,isolation_forest,2,0.005,causal_regime,nearest,0.025,148,True,0.02702702702702703,0.02702702702702703,0.0,0.02269288562880081,0.02269288562880081,0.0254691843897454,0.0254691843897454,4,2,0,-2.0,-5.0,6.0,11.0,11.0,6.0,8.0,6.0,6.0,6.0,0.0,0.05714285714285714,0.041666666666666664,0.05555555555555555,0.05714285714285714,0.0,0.0,0.0,0.0,0.0,0.3333333333333333,0.0,0.0,0.16666666666666666,0.16666666666666666,0.6666666666666666,0,0,results/mssp_adversarial/ds03/matched_delay/matched_false_flag_comparisons.csv,24.0,13.0,22.0,22.0,3.0,22.0,0.058823529411764705,0.0,0.0,0.0,0.027777777777777776,0.0
ds03,isolation_forest,2,0.005,causal_regime,nearest,0.05,148,True,0.0472972972972973,0.0472972972972973,0.0,0.02117456691035712,0.02166903639411181,0.023222810962777247,0.02376511113811073,5,1,0,-4.0,-5.0,6.0,11.0,11.0,6.0,8.0,6.0,6.0,6.0,0.0,0.08571428571428572,0.041666666666666664,0.05555555555555555,0.11428571428571428,0.0,0.0,0.0,0.0,0.0,0.3333333333333333,0.0,0.0,0.16666666666666666,0.16666666666666666,0.6666666666666666,0,0,results/mssp_adversarial/ds03/matched_delay/matched_false_flag_comparisons.csv,24.0,13.0,22.0,22.0,3.0,18.0,0.058823529411764705,0.027777777777777776,0.05555555555555555,0.058823529411764705,0.027777777777777776,0.0
ds03,isolation_forest,2,0.005,causal_regime,nearest,0.1,148,True,0.10135135135135136,0.10135135135135136,0.0,0.014977474763452,0.014977474763452,0.01743094663448646,0.01743094663448646,1,3,2,0.0,0.0,5.0,5.0,5.0,6.0,1.0,5.0,6.0,6.0,0.05555555555555555,0.11428571428571428,0.041666666666666664,0.05555555555555555,0.11428571428571428,0.08333333333333333,0.0,0.16666666666666666,0.3333333333333333,0.5,0.8333333333333334,0.0,0.0,0.3333333333333333,0.5,0.8333333333333334,0,0,results/mssp_adversarial/ds03/matched_delay/matched_false_flag_comparisons.csv,6.0,13.0,2.0,22.0,3.0,2.0,0.17647058823529413,0.08333333333333333,0.16666666666666666,0.11764705882352941,0.1111111111111111,0.1111111111111111
ds03,isolation_forest,2,0.005,causal_regime,nearest,0.15,148,True,0.14864864864864866,0.14864864864864866,0.0,0.013040319151841315,0.013040319151841315,0.011890167424419899,0.011890167424419899,2,3,1,0.0,0.0,2.0,2.0,2.0,6.0,1.0,5.0,5.0,1.0,0.1111111111111111,0.11428571428571428,0.20833333333333334,0.1111111111111111,0.11428571428571428,0.125,0.0,0.16666666666666666,0.5,0.5,0.8333333333333334,0.16666666666666666,0.3333333333333333,0.5,0.8333333333333334,1.0,0,0,results/mssp_adversarial/ds03/matched_delay/matched_false_flag_comparisons.csv,6.0,13.0,2.0,6.0,0.0,2.0,0.23529411764705882,0.08333333333333333,0.2222222222222222,0.17647058823529413,0.16666666666666666,0.2222222222222222
ds03,isolation_forest,2,0.005,causal_regime,nearest,0.2,148,True,0.20270270270270271,0.20270270270270271,0.0,0.008606708472376158,0.009013370389517439,0.007493534597735756,0.007558945908460472,2,2,2,0.0,-1.0,1.0,2.0,2.0,6.0,1.0,2.0,3.0,1.0,0.2777777777777778,0.11428571428571428,0.20833333333333334,0.1111111111111111,0.11428571428571428,0.2916666666666667,0.16666666666666666,0.3333333333333333,0.6666666666666666,0.8333333333333334,1.0,0.16666666666666666,0.5,0.8333333333333334,0.8333333333333334,1.0,0,0,results/mssp_adversarial/ds03/matched_delay/matched_false_flag_comparisons.csv,2.0,4.0,0.0,6.0,0.0,1.0,0.4117647058823529,0.08333333333333333,0.3333333333333333,0.23529411764705882,0.25,0.2222222222222222
ds03,isolation_forest,2,0.005,causal_regime,not_exceeding,0.025,148,False,0.013513513513513514,0.0,-0.013513513513513514,0.023222810962777247,0.02376511113811073,1.0,1.0,0,0,6,inf,inf,inf,11.0,11.0,6.0,8.0,inf,inf,inf,0.0,0.0,0.041666666666666664,0.0,0.0,0.0,0.0,0.0,0.0,0.0,0.3333333333333333,0.0,0.0,0.0,0.0,0.0,0,6,results/mssp_adversarial/ds03/matched_delay/matched_false_flag_comparisons.csv,25.0,13.0,22.0,inf,inf,inf,0.058823529411764705,0.0,0.0,0.0,0.0,0.0
ds03,isolation_forest,2,0.005,causal_regime,not_exceeding,0.05,148,True,0.0472972972972973,0.0472972972972973,0.0,0.02117456691035712,0.02166903639411181,0.023222810962777247,0.02376511113811073,5,1,0,-4.0,-5.0,6.0,11.0,11.0,6.0,8.0,6.0,6.0,6.0,0.0,0.08571428571428572,0.041666666666666664,0.05555555555555555,0.11428571428571428,0.0,0.0,0.0,0.0,0.0,0.3333333333333333,0.0,0.0,0.16666666666666666,0.16666666666666666,0.6666666666666666,0,0,results/mssp_adversarial/ds03/matched_delay/matched_false_flag_comparisons.csv,24.0,13.0,22.0,22.0,3.0,18.0,0.058823529411764705,0.027777777777777776,0.05555555555555555,0.058823529411764705,0.027777777777777776,0.0
ds03,isolation_forest,2,0.005,causal_regime,not_exceeding,0.1,148,True,0.0945945945945946,0.0945945945945946,0.0,0.016051432043647614,0.016051432043647614,0.017604108438655525,0.017604108438655525,1,3,2,0.0,0.0,5.0,5.0,5.0,6.0,1.0,5.0,6.0,6.0,0.05555555555555555,0.11428571428571428,0.041666666666666664,0.05555555555555555,0.11428571428571428,0.08333333333333333,0.0,0.16666666666666666,0.3333333333333333,0.5,0.6666666666666666,0.0,0.0,0.3333333333333333,0.5,0.8333333333333334,0,0,results/mssp_adversarial/ds03/matched_delay/matched_false_flag_comparisons.csv,21.0,13.0,2.0,22.0,3.0,2.0,0.17647058823529413,0.05555555555555555,0.16666666666666666,0.058823529411764705,0.1111111111111111,0.1111111111111111
ds03,isolation_forest,2,0.005,causal_regime,not_exceeding,0.15,148,True,0.14864864864864866,0.14864864864864866,0.0,0.013040319151841315,0.013040319151841315,0.011890167424419899,0.011890167424419899,2,3,1,0.0,0.0,2.0,2.0,2.0,6.0,1.0,5.0,5.0,1.0,0.1111111111111111,0.11428571428571428,0.20833333333333334,0.1111111111111111,0.11428571428571428,0.125,0.0,0.16666666666666666,0.5,0.5,0.8333333333333334,0.16666666666666666,0.3333333333333333,0.5,0.8333333333333334,1.0,0,0,results/mssp_adversarial/ds03/matched_delay/matched_false_flag_comparisons.csv,6.0,13.0,2.0,6.0,0.0,2.0,0.23529411764705882,0.08333333333333333,0.2222222222222222,0.17647058823529413,0.16666666666666666,0.2222222222222222
ds03,isolation_forest,2,0.005,causal_regime,not_exceeding,0.2,148,True,0.19594594594594594,0.19594594594594594,0.0,0.009439246843247663,0.009439246843247663,0.008807692733975461,0.009223851039358476,2,1,3,0.0,0.0,2.0,2.0,2.0,6.0,1.0,5.0,5.0,1.0,0.2777777777777778,0.11428571428571428,0.20833333333333334,0.1111111111111111,0.11428571428571428,0.25,0.16666666666666666,0.3333333333333333,0.6666666666666666,0.6666666666666666,0.8333333333333334,0.16666666666666666,0.3333333333333333,0.5,0.8333333333333334,1.0,0,0,results/mssp_adversarial/ds03/matched_delay/matched_false_flag_comparisons.csv,2.0,12.0,0.0,6.0,0.0,2.0,0.35294117647058826,0.08333333333333333,0.3333333333333333,0.23529411764705882,0.25,0.2222222222222222
ds03,isolation_forest,2,0.01,phase_conditioned,nearest,0.025,148,True,0.02027027027027027,0.02702702702702703,0.006756756756756757,0.04432171342476086,0.04432171342476086,0.03795743576433948,0.03795743576433948,2,2,2,0.0,0.0,7.0,7.0,11.0,6.0,7.0,7.0,6.0,8.0,0.0,0.0,0.041666666666666664,0.0,0.0,0.0,0.0,0.0,0.16666666666666666,0.16666666666666666,0.5,0.0,0.0,0.0,0.16666666666666666,0.6666666666666666,0,0,results/mssp_adversarial/ds03/matched_delay/matched_false_flag_comparisons.csv,19.0,3.0,21.0,19.0,4.0,18.0,0.058823529411764705,0.027777777777777776,0.0,0.058823529411764705,0.027777777777777776,0.1111111111111111
ds03,isolation_forest,2,0.01,phase_conditioned,nearest,0.05,148,True,0.05405405405405406,0.0472972972972973,-0.006756756756756757,0.03438276921143307,0.03438276921143307,0.03518567725739263,0.03518567725739263,1,3,2,0.0,1.0,7.0,6.0,6.0,6.0,6.0,7.0,6.0,8.0,0.05555555555555555,0.02857142857142857,0.041666666666666664,0.0,0.05714285714285714,0.0,0.0,0.0,0.16666666666666666,0.16666666666666666,0.6666666666666666,0.0,0.16666666666666666,0.16666666666666666,0.16666666666666666,0.6666666666666666,0,0,results/mssp_adversarial/ds03/matched_delay/matched_false_flag_comparisons.csv,19.0,3.0,18.0,19.0,1.0,18.0,0.058823529411764705,0.05555555555555555,0.1111111111111111,0.11764705882352941,0.027777777777777776,0.1111111111111111
ds03,isolation_forest,2,0.01,phase_conditioned,nearest,0.1,148,True,0.0945945945945946,0.0945945945945946,0.0,0.028585141796844713,0.028882910944357923,0.028585141796844713,0.029252663374366446,2,1,3,0.0,0.0,5.0,5.0,5.0,5.0,1.0,5.0,6.0,6.0,0.1111111111111111,0.14285714285714285,0.041666666666666664,0.0,0.11428571428571428,0.16666666666666666,0.16666666666666666,0.3333333333333333,0.3333333333333333,0.6666666666666666,0.6666666666666666,0.0,0.16666666666666666,0.3333333333333333,0.5,1.0,0,0,results/mssp_adversarial/ds03/matched_delay/matched_false_flag_comparisons.csv,19.0,0.0,18.0,2.0,1.0,8.0,0.11764705882352941,0.05555555555555555,0.1111111111111111,0.11764705882352941,0.05555555555555555,0.1111111111111111
ds03,isolation_forest,2,0.01,phase_conditioned,nearest,0.15,148,False,0.1554054054054054,0.14189189189189189,-0.013513513513513514,0.02376511113811073,0.02376511113811073,0.024320075132679475,0.024320075132679475,1,4,1,0.0,0.0,2.0,2.0,3.0,5.0,1.0,3.0,6.0,1.0,0.16666666666666666,0.14285714285714285,0.125,0.05555555555555555,0.11428571428571428,0.16666666666666666,0.16666666666666666,0.3333333333333333,0.6666666666666666,1.0,1.0,0.16666666666666666,0.3333333333333333,0.8333333333333334,0.8333333333333334,1.0,0,0,results/mssp_adversarial/ds03/matched_delay/matched_false_flag_comparisons.csv,5.0,0.0,2.0,2.0,0.0,2.0,0.23529411764705882,0.08333333333333333,0.2777777777777778,0.11764705882352941,0.1388888888888889,0.2777777777777778
ds03,isolation_forest,2,0.01,phase_conditioned,nearest,0.2,148,False,0.20270270270270271,0.1891891891891892,-0.013513513513513514,0.02269288562880081,0.02269288562880081,0.02166903639411181,0.021870047543581617,1,4,1,0.0,0.0,2.0,2.0,3.0,5.0,1.0,3.0,6.0,1.0,0.2222222222222222,0.17142857142857143,0.125,0.2222222222222222,0.11428571428571428,0.20833333333333334,0.16666666666666666,0.3333333333333333,0.6666666666666666,1.0,1.0,0.16666666666666666,0.3333333333333333,0.8333333333333334,0.8333333333333334,1.0,0,0,results/mssp_adversarial/ds03/matched_delay/matched_false_flag_comparisons.csv,5.0,0.0,2.0,2.0,0.0,2.0,0.29411764705882354,0.16666666666666666,0.3333333333333333,0.17647058823529413,0.1388888888888889,0.3888888888888889
ds03,isolation_forest,2,0.01,phase_conditioned,not_exceeding,0.025,148,True,0.02027027027027027,0.02027027027027027,0.0,0.04432171342476086,0.04432171342476086,0.03858923467029903,0.042322022723792756,2,2,2,0.0,0.0,7.0,7.0,11.0,6.0,7.0,7.0,6.0,8.0,0.0,0.0,0.041666666666666664,0.0,0.0,0.0,0.0,0.0,0.16666666666666666,0.16666666666666666,0.5,0.0,0.0,0.0,0.16666666666666666,0.6666666666666666,0,0,results/mssp_adversarial/ds03/matched_delay/matched_false_flag_comparisons.csv,19.0,3.0,21.0,19.0,4.0,18.0,0.058823529411764705,0.027777777777777776,0.0,0.058823529411764705,0.0,0.1111111111111111
ds03,isolation_forest,2,0.01,phase_conditioned,not_exceeding,0.05,148,False,0.04054054054054054,0.0472972972972973,0.006756756756756757,0.03518567725739263,0.0360073348498562,0.03518567725739263,0.03518567725739263,1,3,2,0.0,1.0,7.0,6.0,6.0,6.0,6.0,7.0,6.0,8.0,0.0,0.02857142857142857,0.041666666666666664,0.0,0.05714285714285714,0.0,0.0,0.0,0.16666666666666666,0.16666666666666666,0.6666666666666666,0.0,0.16666666666666666,0.16666666666666666,0.16666666666666666,0.6666666666666666,0,0,results/mssp_adversarial/ds03/matched_delay/matched_false_flag_comparisons.csv,19.0,3.0,18.0,19.0,1.0,18.0,0.058823529411764705,0.027777777777777776,0.1111111111111111,0.11764705882352941,0.027777777777777776,0.1111111111111111
ds03,isolation_forest,2,0.01,phase_conditioned,not_exceeding,0.1,148,True,0.0945945945945946,0.0945945945945946,0.0,0.028585141796844713,0.028882910944357923,0.028585141796844713,0.029252663374366446,2,1,3,0.0,0.0,5.0,5.0,5.0,5.0,1.0,5.0,6.0,6.0,0.1111111111111111,0.14285714285714285,0.041666666666666664,0.0,0.11428571428571428,0.16666666666666666,0.16666666666666666,0.3333333333333333,0.3333333333333333,0.6666666666666666,0.6666666666666666,0.0,0.16666666666666666,0.3333333333333333,0.5,1.0,0,0,results/mssp_adversarial/ds03/matched_delay/matched_false_flag_comparisons.csv,19.0,0.0,18.0,2.0,1.0,8.0,0.11764705882352941,0.05555555555555555,0.1111111111111111,0.11764705882352941,0.05555555555555555,0.1111111111111111
ds03,isolation_forest,2,0.01,phase_conditioned,not_exceeding,0.15,148,False,0.14189189189189189,0.14189189189189189,0.0,0.024320075132679475,0.024320075132679475,0.024320075132679475,0.024320075132679475,1,4,1,0.0,0.0,2.0,2.0,3.0,5.0,1.0,3.0,6.0,1.0,0.16666666666666666,0.14285714285714285,0.08333333333333333,0.05555555555555555,0.11428571428571428,0.16666666666666666,0.16666666666666666,0.3333333333333333,0.6666666666666666,0.8333333333333334,1.0,0.16666666666666666,0.3333333333333333,0.8333333333333334,0.8333333333333334,1.0,0,0,results/mssp_adversarial/ds03/matched_delay/matched_false_flag_comparisons.csv,6.0,0.0,2.0,2.0,0.0,2.0,0.17647058823529413,0.08333333333333333,0.2777777777777778,0.11764705882352941,0.1388888888888889,0.2777777777777778
ds03,isolation_forest,2,0.01,phase_conditioned,not_exceeding,0.2,148,False,0.17567567567567569,0.1891891891891892,0.013513513513513514,0.023222810962777247,0.023222810962777247,0.02166903639411181,0.021870047543581617,1,4,1,0.0,0.0,2.0,2.0,3.0,5.0,1.0,3.0,6.0,1.0,0.16666666666666666,0.17142857142857143,0.125,0.2222222222222222,0.11428571428571428,0.20833333333333334,0.16666666666666666,0.3333333333333333,0.6666666666666666,1.0,1.0,0.16666666666666666,0.3333333333333333,0.8333333333333334,0.8333333333333334,1.0,0,0,results/mssp_adversarial/ds03/matched_delay/matched_false_flag_comparisons.csv,5.0,0.0,2.0,2.0,0.0,2.0,0.23529411764705882,0.1388888888888889,0.2777777777777778,0.17647058823529413,0.1388888888888889,0.3888888888888889
ds03,isolation_forest,2,0.01,causal_regime,nearest,0.025,148,True,0.02027027027027027,0.02027027027027027,0.0,0.04432171342476086,0.04432171342476086,0.03949037229576702,0.03949037229576702,5,1,0,-3.0,-1.0,6.0,7.0,11.0,6.0,7.0,6.0,5.0,6.0,0.0,0.0,0.041666666666666664,0.0,0.0,0.08333333333333333,0.0,0.0,0.16666666666666666,0.16666666666666666,0.5,0.16666666666666666,0.16666666666666666,0.16666666666666666,0.3333333333333333,0.6666666666666666,0,0,results/mssp_adversarial/ds03/matched_delay/matched_false_flag_comparisons.csv,19.0,3.0,21.0,19.0,0.0,18.0,0.058823529411764705,0.027777777777777776,0.0,0.058823529411764705,0.0,0.0
ds03,isolation_forest,2,0.01,causal_regime,nearest,0.05,148,True,0.05405405405405406,0.0472972972972973,-0.006756756756756757,0.03438276921143307,0.03438276921143307,0.03684817982911676,0.03684817982911676,2,4,0,0.0,0.0,6.0,6.0,6.0,6.0,6.0,6.0,5.0,6.0,0.05555555555555555,0.02857142857142857,0.041666666666666664,0.05555555555555555,0.02857142857142857,0.08333333333333333,0.0,0.0,0.16666666666666666,0.16666666666666666,0.6666666666666666,0.16666666666666666,0.16666666666666666,0.16666666666666666,0.3333333333333333,0.6666666666666666,0,0,results/mssp_adversarial/ds03/matched_delay/matched_false_flag_comparisons.csv,19.0,3.0,18.0,19.0,0.0,18.0,0.058823529411764705,0.05555555555555555,0.1111111111111111,0.058823529411764705,0.05555555555555555,0.0
ds03,isolation_forest,2,0.01,causal_regime,nearest,0.1,148,True,0.0945945945945946,0.10135135135135136,0.006756756756756757,0.028585141796844713,0.028882910944357923,0.029935772947204904,0.029935772947204904,3,1,2,-1.0,1.0,6.0,5.0,5.0,5.0,1.0,6.0,0.0,6.0,0.1111111111111111,0.14285714285714285,0.041666666666666664,0.05555555555555555,0.14285714285714285,0.125,0.16666666666666666,0.3333333333333333,0.3333333333333333,0.6666666666666666,0.6666666666666666,0.3333333333333333,0.3333333333333333,0.3333333333333333,0.3333333333333333,0.8333333333333334,0,0,results/mssp_adversarial/ds03/matched_delay/matched_false_flag_comparisons.csv,19.0,0.0,18.0,18.0,0.0,8.0,0.11764705882352941,0.05555555555555555,0.1111111111111111,0.11764705882352941,0.1111111111111111,0.0
ds03,isolation_forest,2,0.01,causal_regime,nearest,0.15,148,True,0.1554054054054054,0.1554054054054054,0.0,0.02376511113811073,0.02376511113811073,0.02376511113811073,0.024320075132679475,1,2,3,0.0,0.0,2.0,2.0,3.0,5.0,1.0,5.0,0.0,6.0,0.16666666666666666,0.14285714285714285,0.125,0.05555555555555555,0.14285714285714285,0.16666666666666666,0.16666666666666666,0.3333333333333333,0.6666666666666666,1.0,1.0,0.3333333333333333,0.3333333333333333,0.5,0.6666666666666666,0.8333333333333334,0,0,results/mssp_adversarial/ds03/matched_delay/matched_false_flag_comparisons.csv,5.0,0.0,2.0,18.0,0.0,2.0,0.23529411764705882,0.08333333333333333,0.2777777777777778,0.23529411764705882,0.19444444444444445,0.1111111111111111
ds03,isolation_forest,2,0.01,causal_regime,nearest,0.2,148,True,0.20270270270270271,0.20270270270270271,0.0,0.02269288562880081,0.02269288562880081,0.020219220618983534,0.020219220618983534,1,3,2,0.0,-1.0,1.0,2.0,3.0,5.0,1.0,5.0,0.0,1.0,0.2222222222222222,0.17142857142857143,0.125,0.1111111111111111,0.14285714285714285,0.20833333333333334,0.16666666666666666,0.3333333333333333,0.6666666666666666,1.0,1.0,0.3333333333333333,0.5,0.6666666666666666,0.8333333333333334,1.0,0,0,results/mssp_adversarial/ds03/matched_delay/matched_false_flag_comparisons.csv,5.0,0.0,2.0,6.0,0.0,2.0,0.29411764705882354,0.16666666666666666,0.3333333333333333,0.23529411764705882,0.2777777777777778,0.2222222222222222
ds03,isolation_forest,2,0.01,causal_regime,not_exceeding,0.025,148,True,0.02027027027027027,0.02027027027027027,0.0,0.04432171342476086,0.04432171342476086,0.03949037229576702,0.03949037229576702,5,1,0,-3.0,-1.0,6.0,7.0,11.0,6.0,7.0,6.0,5.0,6.0,0.0,0.0,0.041666666666666664,0.0,0.0,0.08333333333333333,0.0,0.0,0.16666666666666666,0.16666666666666666,0.5,0.16666666666666666,0.16666666666666666,0.16666666666666666,0.3333333333333333,0.6666666666666666,0,0,results/mssp_adversarial/ds03/matched_delay/matched_false_flag_comparisons.csv,19.0,3.0,21.0,19.0,0.0,18.0,0.058823529411764705,0.027777777777777776,0.0,0.058823529411764705,0.0,0.0
ds03,isolation_forest,2,0.01,causal_regime,not_exceeding,0.05,148,False,0.04054054054054054,0.0472972972972973,0.006756756756756757,0.03518567725739263,0.0360073348498562,0.03684817982911676,0.03684817982911676,2,4,0,0.0,0.0,6.0,6.0,6.0,6.0,6.0,6.0,5.0,6.0,0.0,0.02857142857142857,0.041666666666666664,0.05555555555555555,0.02857142857142857,0.08333333333333333,0.0,0.0,0.16666666666666666,0.16666666666666666,0.6666666666666666,0.16666666666666666,0.16666666666666666,0.16666666666666666,0.3333333333333333,0.6666666666666666,0,0,results/mssp_adversarial/ds03/matched_delay/matched_false_flag_comparisons.csv,19.0,3.0,18.0,19.0,0.0,18.0,0.058823529411764705,0.027777777777777776,0.1111111111111111,0.058823529411764705,0.05555555555555555,0.0
ds03,isolation_forest,2,0.01,causal_regime,not_exceeding,0.1,148,False,0.0945945945945946,0.08783783783783784,-0.006756756756756757,0.028585141796844713,0.028882910944357923,0.03359818286283781,0.03485946965935048,1,3,2,0.0,1.0,6.0,5.0,5.0,5.0,1.0,6.0,5.0,6.0,0.1111111111111111,0.14285714285714285,0.041666666666666664,0.05555555555555555,0.11428571428571428,0.125,0.16666666666666666,0.3333333333333333,0.3333333333333333,0.6666666666666666,0.6666666666666666,0.16666666666666666,0.16666666666666666,0.16666666666666666,0.3333333333333333,0.6666666666666666,0,0,results/mssp_adversarial/ds03/matched_delay/matched_false_flag_comparisons.csv,19.0,0.0,18.0,18.0,0.0,18.0,0.11764705882352941,0.05555555555555555,0.1111111111111111,0.11764705882352941,0.08333333333333333,0.0
ds03,isolation_forest,2,0.01,causal_regime,not_exceeding,0.15,148,False,0.14189189189189189,0.13513513513513514,-0.006756756756756743,0.024320075132679475,0.024320075132679475,0.02606394198314347,0.026672588383874055,1,1,4,2.0,3.0,5.0,2.0,3.0,5.0,1.0,5.0,0.0,6.0,0.16666666666666666,0.14285714285714285,0.08333333333333333,0.05555555555555555,0.14285714285714285,0.16666666666666666,0.16666666666666666,0.3333333333333333,0.6666666666666666,0.8333333333333334,1.0,0.3333333333333333,0.3333333333333333,0.3333333333333333,0.5,0.8333333333333334,0,0,results/mssp_adversarial/ds03/matched_delay/matched_false_flag_comparisons.csv,6.0,0.0,2.0,18.0,0.0,8.0,0.17647058823529413,0.08333333333333333,0.2777777777777778,0.17647058823529413,0.1388888888888889,0.1111111111111111
ds03,isolation_forest,2,0.01,causal_regime,not_exceeding,0.2,148,False,0.17567567567567569,0.19594594594594594,0.020270270270270258,0.023222810962777247,0.023222810962777247,0.02166903639411181,0.02166903639411181,1,3,2,0.0,-1.0,1.0,2.0,3.0,5.0,1.0,5.0,0.0,1.0,0.16666666666666666,0.17142857142857143,0.125,0.1111111111111111,0.14285714285714285,0.20833333333333334,0.16666666666666666,0.3333333333333333,0.6666666666666666,1.0,1.0,0.3333333333333333,0.5,0.6666666666666666,0.8333333333333334,1.0,0,0,results/mssp_adversarial/ds03/matched_delay/matched_false_flag_comparisons.csv,5.0,0.0,2.0,6.0,0.0,2.0,0.23529411764705882,0.1388888888888889,0.2777777777777778,0.23529411764705882,0.2777777777777778,0.16666666666666666
ds03,isolation_forest,2,0.02,phase_conditioned,nearest,0.025,148,True,0.02702702702702703,0.02702702702702703,0.0,0.06412354795576918,0.06412354795576918,0.12238249369681924,0.12238249369681924,0,2,4,1.0,2.0,8.0,6.0,8.0,0.0,6.0,8.0,8.0,8.0,0.0,0.02857142857142857,0.041666666666666664,0.0,0.0,0.0,0.3333333333333333,0.3333333333333333,0.3333333333333333,0.3333333333333333,0.6666666666666666,0.0,0.0,0.16666666666666666,0.16666666666666666,0.6666666666666666,0,0,results/mssp_adversarial/ds03/matched_delay/matched_false_flag_comparisons.csv,18.0,0.0,18.0,19.0,3.0,18.0,0.058823529411764705,0.027777777777777776,0.0,0.11764705882352941,0.05555555555555555,0.0
ds03,isolation_forest,2,0.02,phase_conditioned,nearest,0.05,148,True,0.0472972972972973,0.0472972972972973,0.0,0.06123044539605184,0.06123044539605184,0.07196856730011514,0.07196856730011514,3,2,1,-3.0,-3.0,3.0,6.0,8.0,0.0,6.0,3.0,5.0,6.0,0.05555555555555555,0.05714285714285714,0.041666666666666664,0.0,0.0,0.041666666666666664,0.3333333333333333,0.3333333333333333,0.3333333333333333,0.3333333333333333,0.6666666666666666,0.16666666666666666,0.16666666666666666,0.5,0.6666666666666666,0.8333333333333334,0,0,results/mssp_adversarial/ds03/matched_delay/matched_false_flag_comparisons.csv,18.0,0.0,18.0,2.0,0.0,15.0,0.058823529411764705,0.05555555555555555,0.0,0.11764705882352941,0.08333333333333333,0.05555555555555555
ds03,isolation_forest,2,0.02,phase_conditioned,nearest,0.1,148,True,0.0945945945945946,0.0945945945945946,0.0,0.053311026216670325,0.053311026216670325,0.0558299408744192,0.0558299408744192,3,2,1,-1.0,-3.0,3.0,6.0,6.0,0.0,6.0,3.0,3.0,6.0,0.1111111111111111,0.11428571428571428,0.041666666666666664,0.0,0.05714285714285714,0.08333333333333333,0.3333333333333333,0.3333333333333333,0.3333333333333333,0.3333333333333333,0.8333333333333334,0.16666666666666666,0.16666666666666666,0.6666666666666666,0.6666666666666666,1.0,0,0,results/mssp_adversarial/ds03/matched_delay/matched_false_flag_comparisons.csv,18.0,0.0,8.0,2.0,0.0,7.0,0.11764705882352941,0.1388888888888889,0.0,0.17647058823529413,0.1388888888888889,0.1111111111111111
ds03,isolation_forest,2,0.02,phase_conditioned,nearest,0.15,148,False,0.14864864864864866,0.14189189189189189,-0.006756756756756771,0.047499794346614124,0.047499794346614124,0.050905759020366814,0.050905759020366814,3,1,2,-1.0,2.0,3.0,1.0,6.0,0.0,1.0,3.0,3.0,6.0,0.1111111111111111,0.17142857142857143,0.08333333333333333,0.05555555555555555,0.14285714285714285,0.125,0.3333333333333333,0.5,0.5,0.5,0.8333333333333334,0.16666666666666666,0.16666666666666666,0.6666666666666666,0.6666666666666666,1.0,0,0,results/mssp_adversarial/ds03/matched_delay/matched_false_flag_comparisons.csv,18.0,0.0,8.0,2.0,0.0,7.0,0.17647058823529413,0.16666666666666666,0.16666666666666666,0.23529411764705882,0.1388888888888889,0.16666666666666666
ds03,isolation_forest,2,0.02,phase_conditioned,nearest,0.2,148,True,0.20270270270270271,0.20270270270270271,0.0,0.03949037229576702,0.03949037229576702,0.040412553329506,0.04141299730992496,2,3,1,0.0,1.0,2.0,1.0,3.0,0.0,1.0,3.0,3.0,1.0,0.16666666666666666,0.2,0.08333333333333333,0.1111111111111111,0.17142857142857143,0.16666666666666666,0.3333333333333333,0.5,0.6666666666666666,0.6666666666666666,1.0,0.16666666666666666,0.3333333333333333,0.8333333333333334,0.8333333333333334,1.0,0,0,results/mssp_adversarial/ds03/matched_delay/matched_false_flag_comparisons.csv,6.0,0.0,8.0,2.0,0.0,7.0,0.29411764705882354,0.25,0.2222222222222222,0.35294117647058826,0.2222222222222222,0.2222222222222222
ds03,isolation_forest,2,0.02,phase_conditioned,not_exceeding,0.025,148,True,0.02027027027027027,0.02027027027027027,0.0,0.06872151605431122,0.06872151605431122,0.13735504373605123,0.14384498882876628,1,1,4,1.0,3.0,9.0,6.0,11.0,0.0,6.0,10.0,9.0,8.0,0.0,0.0,0.041666666666666664,0.0,0.0,0.0,0.3333333333333333,0.3333333333333333,0.3333333333333333,0.3333333333333333,0.5,0.0,0.0,0.0,0.16666666666666666,0.6666666666666666,0,0,results/mssp_adversarial/ds03/matched_delay/matched_false_flag_comparisons.csv,18.0,0.0,18.0,19.0,4.0,18.0,0.058823529411764705,0.027777777777777776,0.0,0.11764705882352941,0.027777777777777776,0.0
ds03,isolation_forest,2,0.02,phase_conditioned,not_exceeding,0.05,148,True,0.0472972972972973,0.0472972972972973,0.0,0.06123044539605184,0.06123044539605184,0.07196856730011514,0.07196856730011514,3,2,1,-3.0,-3.0,3.0,6.0,8.0,0.0,6.0,3.0,5.0,6.0,0.05555555555555555,0.05714285714285714,0.041666666666666664,0.0,0.0,0.041666666666666664,0.3333333333333333,0.3333333333333333,0.3333333333333333,0.3333333333333333,0.6666666666666666,0.16666666666666666,0.16666666666666666,0.5,0.6666666666666666,0.8333333333333334,0,0,results/mssp_adversarial/ds03/matched_delay/matched_false_flag_comparisons.csv,18.0,0.0,18.0,2.0,0.0,15.0,0.058823529411764705,0.05555555555555555,0.0,0.11764705882352941,0.08333333333333333,0.05555555555555555
ds03,isolation_forest,2,0.02,phase_conditioned,not_exceeding,0.1,148,True,0.0945945945945946,0.0945945945945946,0.0,0.053311026216670325,0.053311026216670325,0.0558299408744192,0.0558299408744192,3,2,1,-1.0,-3.0,3.0,6.0,6.0,0.0,6.0,3.0,3.0,6.0,0.1111111111111111,0.11428571428571428,0.041666666666666664,0.0,0.05714285714285714,0.08333333333333333,0.3333333333333333,0.3333333333333333,0.3333333333333333,0.3333333333333333,0.8333333333333334,0.16666666666666666,0.16666666666666666,0.6666666666666666,0.6666666666666666,1.0,0,0,results/mssp_adversarial/ds03/matched_delay/matched_false_flag_comparisons.csv,18.0,0.0,8.0,2.0,0.0,7.0,0.11764705882352941,0.1388888888888889,0.0,0.17647058823529413,0.1388888888888889,0.1111111111111111
ds03,isolation_forest,2,0.02,phase_conditioned,not_exceeding,0.15,148,False,0.14864864864864866,0.14189189189189189,-0.006756756756756771,0.047499794346614124,0.047499794346614124,0.050905759020366814,0.050905759020366814,3,1,2,-1.0,2.0,3.0,1.0,6.0,0.0,1.0,3.0,3.0,6.0,0.1111111111111111,0.17142857142857143,0.08333333333333333,0.05555555555555555,0.14285714285714285,0.125,0.3333333333333333,0.5,0.5,0.5,0.8333333333333334,0.16666666666666666,0.16666666666666666,0.6666666666666666,0.6666666666666666,1.0,0,0,results/mssp_adversarial/ds03/matched_delay/matched_false_flag_comparisons.csv,18.0,0.0,8.0,2.0,0.0,7.0,0.17647058823529413,0.16666666666666666,0.16666666666666666,0.23529411764705882,0.1388888888888889,0.16666666666666666
ds03,isolation_forest,2,0.02,phase_conditioned,not_exceeding,0.2,148,False,0.19594594594594594,0.1891891891891892,-0.006756756756756743,0.040412553329506,0.040412553329506,0.04432171342476086,0.046415888336127774,2,2,2,0.0,2.0,3.0,1.0,3.0,0.0,1.0,3.0,3.0,6.0,0.1111111111111111,0.2,0.08333333333333333,0.1111111111111111,0.14285714285714285,0.16666666666666666,0.3333333333333333,0.5,0.6666666666666666,0.6666666666666666,0.8333333333333334,0.16666666666666666,0.16666666666666666,0.6666666666666666,0.6666666666666666,1.0,0,0,results/mssp_adversarial/ds03/matched_delay/matched_false_flag_comparisons.csv,16.0,0.0,8.0,2.0,0.0,7.0,0.29411764705882354,0.25,0.2222222222222222,0.35294117647058826,0.2222222222222222,0.16666666666666666
ds03,isolation_forest,2,0.02,causal_regime,nearest,0.025,148,True,0.02702702702702703,0.02702702702702703,0.0,0.06412354795576918,0.06412354795576918,0.08858667904100823,0.09065535934216358,0,5,1,0.0,0.0,6.0,6.0,8.0,0.0,6.0,8.0,0.0,6.0,0.0,0.02857142857142857,0.041666666666666664,0.0,0.02857142857142857,0.041666666666666664,0.3333333333333333,0.3333333333333333,0.3333333333333333,0.3333333333333333,0.6666666666666666,0.3333333333333333,0.3333333333333333,0.3333333333333333,0.3333333333333333,0.6666666666666666,0,0,results/mssp_adversarial/ds03/matched_delay/matched_false_flag_comparisons.csv,18.0,0.0,18.0,19.0,0.0,18.0,0.058823529411764705,0.027777777777777776,0.0,0.11764705882352941,0.0,0.0
ds03,isolation_forest,2,0.02,causal_regime,nearest,0.05,148,True,0.0472972972972973,0.05405405405405406,0.006756756756756757,0.06123044539605184,0.06123044539605184,0.07032630413380643,0.07032630413380643,1,5,0,0.0,0.0,6.0,6.0,8.0,0.0,6.0,8.0,0.0,6.0,0.05555555555555555,0.05714285714285714,0.041666666666666664,0.0,0.05714285714285714,0.08333333333333333,0.3333333333333333,0.3333333333333333,0.3333333333333333,0.3333333333333333,0.6666666666666666,0.3333333333333333,0.3333333333333333,0.3333333333333333,0.3333333333333333,0.8333333333333334,0,0,results/mssp_adversarial/ds03/matched_delay/matched_false_flag_comparisons.csv,18.0,0.0,18.0,18.0,0.0,8.0,0.058823529411764705,0.05555555555555555,0.0,0.11764705882352941,0.027777777777777776,0.05555555555555555
ds03,isolation_forest,2,0.02,causal_regime,nearest,0.1,148,True,0.0945945945945946,0.0945945945945946,0.0,0.053311026216670325,0.053311026216670325,0.057133684283155795,0.058128215825337226,1,5,0,0.0,-4.0,2.0,6.0,6.0,0.0,6.0,6.0,0.0,6.0,0.1111111111111111,0.11428571428571428,0.041666666666666664,0.05555555555555555,0.05714285714285714,0.08333333333333333,0.3333333333333333,0.3333333333333333,0.3333333333333333,0.3333333333333333,0.8333333333333334,0.3333333333333333,0.3333333333333333,0.5,0.5,1.0,0,0,results/mssp_adversarial/ds03/matched_delay/matched_false_flag_comparisons.csv,18.0,0.0,8.0,2.0,0.0,8.0,0.11764705882352941,0.1388888888888889,0.0,0.17647058823529413,0.1111111111111111,0.1111111111111111
ds03,isolation_forest,2,0.02,causal_regime,nearest,0.15,148,True,0.14864864864864866,0.14864864864864866,0.0,0.047499794346614124,0.047499794346614124,0.048609011781306305,0.049744131713774516,1,4,1,0.0,1.0,2.0,1.0,6.0,0.0,1.0,6.0,0.0,6.0,0.1111111111111111,0.17142857142857143,0.08333333333333333,0.1111111111111111,0.14285714285714285,0.125,0.3333333333333333,0.5,0.5,0.5,0.8333333333333334,0.3333333333333333,0.3333333333333333,0.5,0.5,1.0,0,0,results/mssp_adversarial/ds03/matched_delay/matched_false_flag_comparisons.csv,18.0,0.0,8.0,2.0,0.0,8.0,0.17647058823529413,0.16666666666666666,0.16666666666666666,0.17647058823529413,0.19444444444444445,0.1111111111111111
ds03,isolation_forest,2,0.02,causal_regime,nearest,0.2,148,True,0.20270270270270271,0.20270270270270271,0.0,0.03949037229576702,0.03949037229576702,0.04331032859169001,0.04331032859169001,2,4,0,0.0,0.0,1.0,1.0,3.0,0.0,1.0,3.0,0.0,1.0,0.16666666666666666,0.2,0.08333333333333333,0.1111111111111111,0.17142857142857143,0.16666666666666666,0.3333333333333333,0.5,0.6666666666666666,0.6666666666666666,1.0,0.3333333333333333,0.5,0.8333333333333334,1.0,1.0,0,0,results/mssp_adversarial/ds03/matched_delay/matched_false_flag_comparisons.csv,6.0,0.0,8.0,2.0,0.0,5.0,0.29411764705882354,0.25,0.2222222222222222,0.35294117647058826,0.25,0.16666666666666666
ds03,isolation_forest,2,0.02,causal_regime,not_exceeding,0.025,148,True,0.02027027027027027,0.02027027027027027,0.0,0.06872151605431122,0.06872151605431122,0.10655379505623053,0.10655379505623053,1,2,3,0.0,0.0,6.0,6.0,11.0,0.0,6.0,10.0,2.0,6.0,0.0,0.0,0.041666666666666664,0.0,0.0,0.041666666666666664,0.3333333333333333,0.3333333333333333,0.3333333333333333,0.3333333333333333,0.5,0.0,0.0,0.3333333333333333,0.3333333333333333,0.6666666666666666,0,0,results/mssp_adversarial/ds03/matched_delay/matched_false_flag_comparisons.csv,18.0,0.0,18.0,19.0,3.0,18.0,0.058823529411764705,0.027777777777777776,0.0,0.11764705882352941,0.0,0.0
ds03,isolation_forest,2,0.02,causal_regime,not_exceeding,0.05,148,False,0.0472972972972973,0.04054054054054054,-0.006756756756756757,0.06123044539605184,0.06123044539605184,0.07196856730011514,0.07364918067322965,1,5,0,0.0,0.0,6.0,6.0,8.0,0.0,6.0,8.0,0.0,6.0,0.05555555555555555,0.05714285714285714,0.041666666666666664,0.0,0.02857142857142857,0.08333333333333333,0.3333333333333333,0.3333333333333333,0.3333333333333333,0.3333333333333333,0.6666666666666666,0.3333333333333333,0.3333333333333333,0.3333333333333333,0.3333333333333333,0.8333333333333334,0,0,results/mssp_adversarial/ds03/matched_delay/matched_false_flag_comparisons.csv,18.0,0.0,18.0,18.0,0.0,8.0,0.058823529411764705,0.05555555555555555,0.0,0.11764705882352941,0.0,0.05555555555555555
ds03,isolation_forest,2,0.02,causal_regime,not_exceeding,0.1,148,True,0.0945945945945946,0.0945945945945946,0.0,0.053311026216670325,0.053311026216670325,0.057133684283155795,0.058128215825337226,1,5,0,0.0,-4.0,2.0,6.0,6.0,0.0,6.0,6.0,0.0,6.0,0.1111111111111111,0.11428571428571428,0.041666666666666664,0.05555555555555555,0.05714285714285714,0.08333333333333333,0.3333333333333333,0.3333333333333333,0.3333333333333333,0.3333333333333333,0.8333333333333334,0.3333333333333333,0.3333333333333333,0.5,0.5,1.0,0,0,results/mssp_adversarial/ds03/matched_delay/matched_false_flag_comparisons.csv,18.0,0.0,8.0,2.0,0.0,8.0,0.11764705882352941,0.1388888888888889,0.0,0.17647058823529413,0.1111111111111111,0.1111111111111111
ds03,isolation_forest,2,0.02,causal_regime,not_exceeding,0.15,148,True,0.14864864864864866,0.14864864864864866,0.0,0.047499794346614124,0.047499794346614124,0.048609011781306305,0.049744131713774516,1,4,1,0.0,1.0,2.0,1.0,6.0,0.0,1.0,6.0,0.0,6.0,0.1111111111111111,0.17142857142857143,0.08333333333333333,0.1111111111111111,0.14285714285714285,0.125,0.3333333333333333,0.5,0.5,0.5,0.8333333333333334,0.3333333333333333,0.3333333333333333,0.5,0.5,1.0,0,0,results/mssp_adversarial/ds03/matched_delay/matched_false_flag_comparisons.csv,18.0,0.0,8.0,2.0,0.0,8.0,0.17647058823529413,0.16666666666666666,0.16666666666666666,0.17647058823529413,0.19444444444444445,0.1111111111111111
ds03,isolation_forest,2,0.02,causal_regime,not_exceeding,0.2,148,False,0.19594594594594594,0.18243243243243243,-0.013513513513513514,0.040412553329506,0.040412553329506,0.0441617742987606,0.04535671616408702,2,3,1,0.0,1.0,2.0,1.0,3.0,0.0,1.0,3.0,0.0,6.0,0.1111111111111111,0.2,0.08333333333333333,0.1111111111111111,0.14285714285714285,0.16666666666666666,0.3333333333333333,0.5,0.6666666666666666,0.6666666666666666,0.8333333333333334,0.3333333333333333,0.3333333333333333,0.6666666666666666,0.8333333333333334,1.0,0,0,results/mssp_adversarial/ds03/matched_delay/matched_false_flag_comparisons.csv,16.0,0.0,8.0,2.0,0.0,5.0,0.29411764705882354,0.25,0.2222222222222222,0.29411764705882354,0.2222222222222222,0.16666666666666666
ds03,lstm_autoencoder,0,0.005,phase_conditioned,nearest,0.025,148,True,0.02702702702702703,0.02702702702702703,0.0,0.02269288562880081,0.02269288562880081,0.024887998672586672,0.02606394198314347,3,1,2,-1.0,3.0,8.0,5.0,5.0,10.0,1.0,5.0,9.0,8.0,0.0,0.0,0.0,0.0,0.0,0.041666666666666664,0.0,0.16666666666666666,0.3333333333333333,0.5,0.6666666666666666,0.0,0.0,0.0,0.16666666666666666,0.8333333333333334,0,0,results/mssp_adversarial/ds03/matched_delay/matched_false_flag_comparisons.csv,24.0,15.0,2.0,19.0,9.0,8.0,0.058823529411764705,0.0,0.16666666666666666,0.058823529411764705,0.0,0.1111111111111111
ds03,lstm_autoencoder,0,0.005,phase_conditioned,nearest,0.05,148,True,0.0472972972972973,0.0472972972972973,0.0,0.018435892216414878,0.019306977288832496,0.018435892216414878,0.018435892216414878,2,4,0,0.0,0.0,5.0,5.0,5.0,9.0,1.0,5.0,9.0,1.0,0.05555555555555555,0.0,0.041666666666666664,0.0,0.0,0.041666666666666664,0.0,0.16666666666666666,0.3333333333333333,0.5,0.6666666666666666,0.0,0.16666666666666666,0.3333333333333333,0.5,0.8333333333333334,0,0,results/mssp_adversarial/ds03/matched_delay/matched_false_flag_comparisons.csv,23.0,15.0,2.0,19.0,9.0,2.0,0.058823529411764705,0.0,0.2222222222222222,0.11764705882352941,0.0,0.2222222222222222
ds03,lstm_autoencoder,0,0.005,phase_conditioned,nearest,0.1,148,True,0.0945945945945946,0.0945945945945946,0.0,0.013344837298838383,0.01397537301842291,0.013656466567946095,0.014791336502905442,1,2,3,0.0,3.0,5.0,2.0,2.0,7.0,1.0,5.0,7.0,1.0,0.16666666666666666,0.0,0.16666666666666666,0.05555555555555555,0.0,0.16666666666666666,0.16666666666666666,0.3333333333333333,0.5,0.5,0.8333333333333334,0.0,0.16666666666666666,0.3333333333333333,0.5,1.0,0,0,results/mssp_adversarial/ds03/matched_delay/matched_false_flag_comparisons.csv,6.0,13.0,0.0,8.0,9.0,2.0,0.11764705882352941,0.0,0.2777777777777778,0.17647058823529413,0.027777777777777776,0.2777777777777778
ds03,lstm_autoencoder,0,0.005,phase_conditioned,nearest,0.15,148,True,0.14864864864864866,0.14864864864864866,0.0,0.01084145868935835,0.01112501738283966,0.011618843640511002,0.011890167424419899,1,5,0,0.0,0.0,2.0,2.0,2.0,7.0,1.0,2.0,7.0,1.0,0.3333333333333333,0.02857142857142857,0.20833333333333334,0.16666666666666666,0.08571428571428572,0.20833333333333334,0.16666666666666666,0.3333333333333333,0.5,0.5,0.8333333333333334,0.16666666666666666,0.3333333333333333,0.5,0.5,1.0,0,0,results/mssp_adversarial/ds03/matched_delay/matched_false_flag_comparisons.csv,6.0,13.0,0.0,6.0,9.0,0.0,0.23529411764705882,0.027777777777777776,0.2777777777777778,0.29411764705882354,0.027777777777777776,0.2777777777777778
ds03,lstm_autoencoder,0,0.005,phase_conditioned,nearest,0.2,148,True,0.19594594594594594,0.20270270270270271,0.006756756756756771,0.008807692733975461,0.008807692733975461,0.008807692733975461,0.009223851039358476,1,4,1,0.0,0.0,1.0,1.0,2.0,5.0,1.0,2.0,7.0,1.0,0.3888888888888889,0.08571428571428572,0.20833333333333334,0.3888888888888889,0.08571428571428572,0.25,0.3333333333333333,0.5,0.6666666666666666,0.8333333333333334,0.8333333333333334,0.3333333333333333,0.6666666666666666,0.8333333333333334,0.8333333333333334,1.0,0,0,results/mssp_adversarial/ds03/matched_delay/matched_false_flag_comparisons.csv,0.0,13.0,0.0,0.0,1.0,0.0,0.4117647058823529,0.027777777777777776,0.3333333333333333,0.4117647058823529,0.05555555555555555,0.2777777777777778
ds03,lstm_autoencoder,0,0.005,phase_conditioned,not_exceeding,0.025,148,True,0.02027027027027027,0.02027027027027027,0.0,0.023222810962777247,0.023222810962777247,0.026672588383874055,0.026672588383874055,3,1,2,-1.0,3.0,8.0,5.0,5.0,10.0,1.0,5.0,9.0,8.0,0.0,0.0,0.0,0.0,0.0,0.0,0.0,0.16666666666666666,0.3333333333333333,0.5,0.6666666666666666,0.0,0.0,0.0,0.16666666666666666,0.8333333333333334,0,0,results/mssp_adversarial/ds03/matched_delay/matched_false_flag_comparisons.csv,24.0,15.0,2.0,19.0,9.0,8.0,0.058823529411764705,0.0,0.1111111111111111,0.058823529411764705,0.0,0.1111111111111111
ds03,lstm_autoencoder,0,0.005,phase_conditioned,not_exceeding,0.05,148,True,0.0472972972972973,0.0472972972972973,0.0,0.018435892216414878,0.019306977288832496,0.018435892216414878,0.018435892216414878,2,4,0,0.0,0.0,5.0,5.0,5.0,9.0,1.0,5.0,9.0,1.0,0.05555555555555555,0.0,0.041666666666666664,0.0,0.0,0.041666666666666664,0.0,0.16666666666666666,0.3333333333333333,0.5,0.6666666666666666,0.0,0.16666666666666666,0.3333333333333333,0.5,0.8333333333333334,0,0,results/mssp_adversarial/ds03/matched_delay/matched_false_flag_comparisons.csv,23.0,15.0,2.0,19.0,9.0,2.0,0.058823529411764705,0.0,0.2222222222222222,0.11764705882352941,0.0,0.2222222222222222
ds03,lstm_autoencoder,0,0.005,phase_conditioned,not_exceeding,0.1,148,True,0.0945945945945946,0.0945945945945946,0.0,0.013344837298838383,0.01397537301842291,0.013656466567946095,0.014791336502905442,1,2,3,0.0,3.0,5.0,2.0,2.0,7.0,1.0,5.0,7.0,1.0,0.16666666666666666,0.0,0.16666666666666666,0.05555555555555555,0.0,0.16666666666666666,0.16666666666666666,0.3333333333333333,0.5,0.5,0.8333333333333334,0.0,0.16666666666666666,0.3333333333333333,0.5,1.0,0,0,results/mssp_adversarial/ds03/matched_delay/matched_false_flag_comparisons.csv,6.0,13.0,0.0,8.0,9.0,2.0,0.11764705882352941,0.0,0.2777777777777778,0.17647058823529413,0.027777777777777776,0.2777777777777778
ds03,lstm_autoencoder,0,0.005,phase_conditioned,not_exceeding,0.15,148,True,0.14864864864864866,0.14864864864864866,0.0,0.01084145868935835,0.01112501738283966,0.011618843640511002,0.011890167424419899,1,5,0,0.0,0.0,2.0,2.0,2.0,7.0,1.0,2.0,7.0,1.0,0.3333333333333333,0.02857142857142857,0.20833333333333334,0.16666666666666666,0.08571428571428572,0.20833333333333334,0.16666666666666666,0.3333333333333333,0.5,0.5,0.8333333333333334,0.16666666666666666,0.3333333333333333,0.5,0.5,1.0,0,0,results/mssp_adversarial/ds03/matched_delay/matched_false_flag_comparisons.csv,6.0,13.0,0.0,6.0,9.0,0.0,0.23529411764705882,0.027777777777777776,0.2777777777777778,0.29411764705882354,0.027777777777777776,0.2777777777777778
ds03,lstm_autoencoder,0,0.005,phase_conditioned,not_exceeding,0.2,148,True,0.19594594594594594,0.19594594594594594,0.0,0.008807692733975461,0.008807692733975461,0.009439246843247663,0.009659672580093832,1,4,1,0.0,0.0,1.0,1.0,2.0,5.0,1.0,2.0,7.0,1.0,0.3888888888888889,0.08571428571428572,0.20833333333333334,0.3888888888888889,0.08571428571428572,0.25,0.3333333333333333,0.5,0.6666666666666666,0.8333333333333334,0.8333333333333334,0.3333333333333333,0.6666666666666666,0.8333333333333334,0.8333333333333334,1.0,0,0,results/mssp_adversarial/ds03/matched_delay/matched_false_flag_comparisons.csv,0.0,13.0,0.0,0.0,1.0,0.0,0.4117647058823529,0.027777777777777776,0.3333333333333333,0.35294117647058826,0.05555555555555555,0.2777777777777778
ds03,lstm_autoencoder,0,0.005,causal_regime,nearest,0.025,148,True,0.02702702702702703,0.02702702702702703,0.0,0.02269288562880081,0.02269288562880081,0.029252663374366446,0.029252663374366446,3,0,3,-4.0,4.0,9.0,5.0,5.0,10.0,1.0,12.0,6.0,9.0,0.0,0.0,0.0,0.05555555555555555,0.0,0.041666666666666664,0.0,0.16666666666666666,0.3333333333333333,0.5,0.6666666666666666,0.0,0.0,0.0,0.0,0.6666666666666666,0,0,results/mssp_adversarial/ds03/matched_delay/matched_false_flag_comparisons.csv,24.0,15.0,2.0,19.0,9.0,8.0,0.058823529411764705,0.0,0.16666666666666666,0.058823529411764705,0.0,0.05555555555555555
ds03,lstm_autoencoder,0,0.005,causal_regime,nearest,0.05,148,True,0.0472972972972973,0.0472972972972973,0.0,0.018435892216414878,0.019306977288832496,0.0254691843897454,0.026672588383874055,3,1,2,-3.0,3.0,8.0,5.0,5.0,9.0,1.0,5.0,6.0,8.0,0.05555555555555555,0.0,0.041666666666666664,0.05555555555555555,0.0,0.08333333333333333,0.0,0.16666666666666666,0.3333333333333333,0.5,0.6666666666666666,0.0,0.0,0.0,0.16666666666666666,0.8333333333333334,0,0,results/mssp_adversarial/ds03/matched_delay/matched_false_flag_comparisons.csv,23.0,15.0,2.0,19.0,9.0,8.0,0.058823529411764705,0.0,0.2222222222222222,0.058823529411764705,0.0,0.16666666666666666
ds03,lstm_autoencoder,0,0.005,causal_regime,nearest,0.1,148,True,0.0945945945945946,0.10135135135135136,0.006756756756756757,0.013344837298838383,0.01397537301842291,0.016051432043647614,0.016426265840709303,2,1,3,0.0,0.0,2.0,2.0,2.0,7.0,1.0,5.0,5.0,1.0,0.16666666666666666,0.0,0.16666666666666666,0.1111111111111111,0.08571428571428572,0.16666666666666666,0.16666666666666666,0.3333333333333333,0.5,0.5,0.8333333333333334,0.0,0.3333333333333333,0.5,0.8333333333333334,0.8333333333333334,0,0,results/mssp_adversarial/ds03/matched_delay/matched_false_flag_comparisons.csv,6.0,13.0,0.0,16.0,1.0,2.0,0.11764705882352941,0.0,0.2777777777777778,0.11764705882352941,0.027777777777777776,0.16666666666666666
ds03,lstm_autoencoder,0,0.005,causal_regime,nearest,0.15,148,False,0.14864864864864866,0.14189189189189189,-0.006756756756756771,0.01084145868935835,0.01112501738283966,0.012451970847350318,0.012451970847350318,2,2,2,0.0,-1.0,1.0,2.0,2.0,7.0,1.0,5.0,5.0,1.0,0.3333333333333333,0.02857142857142857,0.20833333333333334,0.16666666666666666,0.08571428571428572,0.25,0.16666666666666666,0.3333333333333333,0.5,0.5,0.8333333333333334,0.16666666666666666,0.5,0.5,0.8333333333333334,1.0,0,0,results/mssp_adversarial/ds03/matched_delay/matched_false_flag_comparisons.csv,6.0,13.0,0.0,6.0,0.0,1.0,0.23529411764705882,0.027777777777777776,0.2777777777777778,0.17647058823529413,0.027777777777777776,0.2777777777777778
ds03,lstm_autoencoder,0,0.005,causal_regime,nearest,0.2,148,True,0.19594594594594594,0.20270270270270271,0.006756756756756771,0.008807692733975461,0.008807692733975461,0.01059406557118851,0.01059406557118851,2,2,2,0.0,0.0,1.0,1.0,2.0,5.0,1.0,5.0,1.0,1.0,0.3888888888888889,0.08571428571428572,0.20833333333333334,0.16666666666666666,0.11428571428571428,0.25,0.3333333333333333,0.5,0.6666666666666666,0.8333333333333334,0.8333333333333334,0.3333333333333333,0.8333333333333334,0.8333333333333334,1.0,1.0,0,0,results/mssp_adversarial/ds03/matched_delay/matched_false_flag_comparisons.csv,0.0,13.0,0.0,0.0,0.0,1.0,0.4117647058823529,0.027777777777777776,0.3333333333333333,0.29411764705882354,0.19444444444444445,0.2777777777777778
ds03,lstm_autoencoder,0,0.005,causal_regime,not_exceeding,0.025,148,True,0.02027027027027027,0.02027027027027027,0.0,0.023222810962777247,0.023222810962777247,0.03359818286283781,0.03438276921143307,3,0,3,-2.0,4.0,9.0,5.0,5.0,10.0,1.0,12.0,8.0,11.0,0.0,0.0,0.0,0.05555555555555555,0.0,0.0,0.0,0.16666666666666666,0.3333333333333333,0.5,0.6666666666666666,0.0,0.0,0.0,0.0,0.5,0,0,results/mssp_adversarial/ds03/matched_delay/matched_false_flag_comparisons.csv,24.0,15.0,2.0,19.0,9.0,8.0,0.058823529411764705,0.0,0.1111111111111111,0.058823529411764705,0.0,0.05555555555555555
ds03,lstm_autoencoder,0,0.005,causal_regime,not_exceeding,0.05,148,True,0.0472972972972973,0.0472972972972973,0.0,0.018435892216414878,0.019306977288832496,0.0254691843897454,0.026672588383874055,3,1,2,-3.0,3.0,8.0,5.0,5.0,9.0,1.0,5.0,6.0,8.0,0.05555555555555555,0.0,0.041666666666666664,0.05555555555555555,0.0,0.08333333333333333,0.0,0.16666666666666666,0.3333333333333333,0.5,0.6666666666666666,0.0,0.0,0.0,0.16666666666666666,0.8333333333333334,0,0,results/mssp_adversarial/ds03/matched_delay/matched_false_flag_comparisons.csv,23.0,15.0,2.0,19.0,9.0,8.0,0.058823529411764705,0.0,0.2222222222222222,0.058823529411764705,0.0,0.16666666666666666
ds03,lstm_autoencoder,0,0.005,causal_regime,not_exceeding,0.1,148,False,0.0945945945945946,0.08783783783783784,-0.006756756756756757,0.013344837298838383,0.01397537301842291,0.019306977288832496,0.019757834731786994,2,0,4,2.0,2.0,4.0,2.0,2.0,7.0,1.0,5.0,6.0,4.0,0.16666666666666666,0.0,0.16666666666666666,0.1111111111111111,0.08571428571428572,0.125,0.16666666666666666,0.3333333333333333,0.5,0.5,0.8333333333333334,0.0,0.16666666666666666,0.3333333333333333,0.6666666666666666,0.8333333333333334,0,0,results/mssp_adversarial/ds03/matched_delay/matched_false_flag_comparisons.csv,6.0,13.0,0.0,19.0,1.0,2.0,0.11764705882352941,0.0,0.2777777777777778,0.058823529411764705,0.027777777777777776,0.16666666666666666
ds03,lstm_autoencoder,0,0.005,causal_regime,not_exceeding,0.15,148,False,0.14864864864864866,0.14189189189189189,-0.006756756756756771,0.01084145868935835,0.01112501738283966,0.012451970847350318,0.012451970847350318,2,2,2,0.0,-1.0,1.0,2.0,2.0,7.0,1.0,5.0,5.0,1.0,0.3333333333333333,0.02857142857142857,0.20833333333333334,0.16666666666666666,0.08571428571428572,0.25,0.16666666666666666,0.3333333333333333,0.5,0.5,0.8333333333333334,0.16666666666666666,0.5,0.5,0.8333333333333334,1.0,0,0,results/mssp_adversarial/ds03/matched_delay/matched_false_flag_comparisons.csv,6.0,13.0,0.0,6.0,0.0,1.0,0.23529411764705882,0.027777777777777776,0.2777777777777778,0.17647058823529413,0.027777777777777776,0.2777777777777778
ds03,lstm_autoencoder,0,0.005,causal_regime,not_exceeding,0.2,148,False,0.19594594594594594,0.1891891891891892,-0.006756756756756743,0.008807692733975461,0.008807692733975461,0.01084145868935835,0.011094628943275219,2,2,2,0.0,0.0,1.0,1.0,2.0,5.0,1.0,5.0,1.0,1.0,0.3888888888888889,0.08571428571428572,0.20833333333333334,0.16666666666666666,0.11428571428571428,0.25,0.3333333333333333,0.5,0.6666666666666666,0.8333333333333334,0.8333333333333334,0.3333333333333333,0.8333333333333334,0.8333333333333334,1.0,1.0,0,0,results/mssp_adversarial/ds03/matched_delay/matched_false_flag_comparisons.csv,0.0,13.0,0.0,0.0,0.0,1.0,0.4117647058823529,0.027777777777777776,0.3333333333333333,0.17647058823529413,0.19444444444444445,0.2777777777777778
ds03,lstm_autoencoder,0,0.01,phase_conditioned,nearest,0.025,148,True,0.02702702702702703,0.02702702702702703,0.0,0.049744131713774516,0.049744131713774516,0.04432171342476086,0.04432171342476086,4,2,0,-8.0,-5.0,5.0,10.0,13.0,9.0,11.0,5.0,5.0,3.0,0.05555555555555555,0.0,0.041666666666666664,0.0,0.0,0.041666666666666664,0.0,0.0,0.0,0.0,0.5,0.0,0.16666666666666666,0.3333333333333333,0.6666666666666666,0.8333333333333334,0,0,results/mssp_adversarial/ds03/matched_delay/matched_false_flag_comparisons.csv,16.0,10.0,8.0,16.0,1.0,8.0,0.058823529411764705,0.0,0.05555555555555555,0.058823529411764705,0.027777777777777776,0.05555555555555555
ds03,lstm_autoencoder,0,0.01,phase_conditioned,nearest,0.05,148,True,0.0472972972972973,0.0472972972972973,0.0,0.037708660259934516,0.037708660259934516,0.04135626917817706,0.04135626917817706,3,2,1,-2.0,-2.0,5.0,7.0,5.0,7.0,11.0,5.0,5.0,3.0,0.05555555555555555,0.0,0.041666666666666664,0.05555555555555555,0.0,0.041666666666666664,0.0,0.0,0.16666666666666666,0.3333333333333333,0.6666666666666666,0.0,0.16666666666666666,0.3333333333333333,0.6666666666666666,0.8333333333333334,0,0,results/mssp_adversarial/ds03/matched_delay/matched_false_flag_comparisons.csv,16.0,10.0,2.0,16.0,1.0,8.0,0.058823529411764705,0.0,0.2222222222222222,0.058823529411764705,0.027777777777777776,0.16666666666666666
ds03,lstm_autoencoder,0,0.01,phase_conditioned,nearest,0.1,148,True,0.10135135135135136,0.10135135135135136,0.0,0.02793285250948253,0.02793285250948253,0.029252663374366446,0.029252663374366446,2,3,1,0.0,-2.0,2.0,4.0,5.0,6.0,1.0,5.0,5.0,1.0,0.05555555555555555,0.0,0.16666666666666666,0.05555555555555555,0.0,0.08333333333333333,0.0,0.16666666666666666,0.3333333333333333,0.6666666666666666,1.0,0.0,0.3333333333333333,0.5,0.8333333333333334,0.8333333333333334,0,0,results/mssp_adversarial/ds03/matched_delay/matched_false_flag_comparisons.csv,6.0,4.0,2.0,16.0,1.0,2.0,0.29411764705882354,0.027777777777777776,0.2222222222222222,0.23529411764705882,0.1111111111111111,0.2222222222222222
ds03,lstm_autoencoder,0,0.01,phase_conditioned,nearest,0.15,148,True,0.14864864864864866,0.14864864864864866,0.0,0.024887998672586672,0.024887998672586672,0.02793285250948253,0.02793285250948253,2,2,2,0.0,-2.0,2.0,4.0,5.0,6.0,1.0,5.0,5.0,1.0,0.1111111111111111,0.08571428571428572,0.16666666666666666,0.05555555555555555,0.08571428571428572,0.20833333333333334,0.0,0.3333333333333333,0.3333333333333333,0.6666666666666666,1.0,0.0,0.3333333333333333,0.5,0.8333333333333334,1.0,0,0,results/mssp_adversarial/ds03/matched_delay/matched_false_flag_comparisons.csv,6.0,4.0,1.0,8.0,1.0,2.0,0.29411764705882354,0.027777777777777776,0.3888888888888889,0.29411764705882354,0.1111111111111111,0.2222222222222222
ds03,lstm_autoencoder,0,0.01,phase_conditioned,nearest,0.2,148,True,0.20270270270270271,0.19594594594594594,-0.006756756756756771,0.021764395139989436,0.021764395139989436,0.02269288562880081,0.02269288562880081,1,3,2,0.0,-1.0,1.0,2.0,2.0,5.0,1.0,5.0,5.0,1.0,0.2777777777777778,0.08571428571428572,0.16666666666666666,0.2222222222222222,0.08571428571428572,0.20833333333333334,0.16666666666666666,0.3333333333333333,0.5,0.8333333333333334,1.0,0.0,0.5,0.5,0.8333333333333334,1.0,0,0,results/mssp_adversarial/ds03/matched_delay/matched_false_flag_comparisons.csv,6.0,4.0,0.0,6.0,1.0,1.0,0.5294117647058824,0.05555555555555555,0.3888888888888889,0.4117647058823529,0.1111111111111111,0.3333333333333333
ds03,lstm_autoencoder,0,0.01,phase_conditioned,not_exceeding,0.025,148,False,0.013513513513513514,0.02027027027027027,0.006756756756756757,0.06715334791115142,0.06715334791115142,0.049744131713774516,0.049744131713774516,5,1,0,-5.0,-4.0,8.0,12.0,13.0,9.0,13.0,12.0,5.0,8.0,0.0,0.0,0.0,0.0,0.0,0.0,0.0,0.0,0.0,0.0,0.3333333333333333,0.0,0.16666666666666666,0.16666666666666666,0.3333333333333333,0.6666666666666666,0,0,results/mssp_adversarial/ds03/matched_delay/matched_false_flag_comparisons.csv,22.0,12.0,8.0,16.0,1.0,8.0,0.058823529411764705,0.0,0.05555555555555555,0.058823529411764705,0.027777777777777776,0.05555555555555555
ds03,lstm_autoencoder,0,0.01,phase_conditioned,not_exceeding,0.05,148,True,0.0472972972972973,0.0472972972972973,0.0,0.037708660259934516,0.037708660259934516,0.04135626917817706,0.04135626917817706,3,2,1,-2.0,-2.0,5.0,7.0,5.0,7.0,11.0,5.0,5.0,3.0,0.05555555555555555,0.0,0.041666666666666664,0.05555555555555555,0.0,0.041666666666666664,0.0,0.0,0.16666666666666666,0.3333333333333333,0.6666666666666666,0.0,0.16666666666666666,0.3333333333333333,0.6666666666666666,0.8333333333333334,0,0,results/mssp_adversarial/ds03/matched_delay/matched_false_flag_comparisons.csv,16.0,10.0,2.0,16.0,1.0,8.0,0.058823529411764705,0.0,0.2222222222222222,0.058823529411764705,0.027777777777777776,0.16666666666666666
ds03,lstm_autoencoder,0,0.01,phase_conditioned,not_exceeding,0.1,148,True,0.0945945945945946,0.0945945945945946,0.0,0.028585141796844713,0.028585141796844713,0.030634834526960843,0.030634834526960843,2,3,1,0.0,-2.0,2.0,4.0,5.0,6.0,1.0,5.0,5.0,1.0,0.05555555555555555,0.0,0.16666666666666666,0.05555555555555555,0.0,0.08333333333333333,0.0,0.16666666666666666,0.3333333333333333,0.6666666666666666,1.0,0.0,0.3333333333333333,0.5,0.8333333333333334,0.8333333333333334,0,0,results/mssp_adversarial/ds03/matched_delay/matched_false_flag_comparisons.csv,6.0,4.0,2.0,16.0,1.0,2.0,0.29411764705882354,0.0,0.2222222222222222,0.23529411764705882,0.08333333333333333,0.2222222222222222
ds03,lstm_autoencoder,0,0.01,phase_conditioned,not_exceeding,0.15,148,True,0.14864864864864866,0.14864864864864866,0.0,0.024887998672586672,0.024887998672586672,0.02793285250948253,0.02793285250948253,2,2,2,0.0,-2.0,2.0,4.0,5.0,6.0,1.0,5.0,5.0,1.0,0.1111111111111111,0.08571428571428572,0.16666666666666666,0.05555555555555555,0.08571428571428572,0.20833333333333334,0.0,0.3333333333333333,0.3333333333333333,0.6666666666666666,1.0,0.0,0.3333333333333333,0.5,0.8333333333333334,1.0,0,0,results/mssp_adversarial/ds03/matched_delay/matched_false_flag_comparisons.csv,6.0,4.0,1.0,8.0,1.0,2.0,0.29411764705882354,0.027777777777777776,0.3888888888888889,0.29411764705882354,0.1111111111111111,0.2222222222222222
ds03,lstm_autoencoder,0,0.01,phase_conditioned,not_exceeding,0.2,148,False,0.17567567567567569,0.19594594594594594,0.020270270270270258,0.02269288562880081,0.02288488210818308,0.02269288562880081,0.02269288562880081,1,4,1,0.0,-1.0,1.0,2.0,2.0,5.0,1.0,5.0,5.0,1.0,0.16666666666666666,0.08571428571428572,0.16666666666666666,0.2222222222222222,0.08571428571428572,0.20833333333333334,0.0,0.3333333333333333,0.5,0.8333333333333334,1.0,0.0,0.5,0.5,0.8333333333333334,1.0,0,0,results/mssp_adversarial/ds03/matched_delay/matched_false_flag_comparisons.csv,6.0,4.0,1.0,6.0,1.0,1.0,0.4117647058823529,0.05555555555555555,0.3888888888888889,0.4117647058823529,0.1111111111111111,0.3333333333333333
ds03,lstm_autoencoder,0,0.01,causal_regime,nearest,0.025,148,True,0.02702702702702703,0.02027027027027027,-0.006756756756756757,0.049744131713774516,0.049744131713774516,0.06412354795576918,0.06872151605431122,4,1,1,-3.0,-5.0,5.0,10.0,13.0,9.0,11.0,12.0,5.0,11.0,0.05555555555555555,0.0,0.041666666666666664,0.0,0.0,0.0,0.0,0.0,0.0,0.0,0.5,0.0,0.0,0.0,0.5,0.5,0,0,results/mssp_adversarial/ds03/matched_delay/matched_false_flag_comparisons.csv,16.0,10.0,8.0,19.0,4.0,5.0,0.058823529411764705,0.0,0.05555555555555555,0.11764705882352941,0.0,0.05555555555555555
ds03,lstm_autoencoder,0,0.01,causal_regime,nearest,0.05,148,True,0.0472972972972973,0.0472972972972973,0.0,0.037708660259934516,0.037708660259934516,0.04535671616408702,0.04535671616408702,5,0,1,-8.0,-4.0,3.0,7.0,5.0,7.0,11.0,12.0,5.0,3.0,0.05555555555555555,0.0,0.041666666666666664,0.05555555555555555,0.0,0.08333333333333333,0.0,0.0,0.16666666666666666,0.3333333333333333,0.6666666666666666,0.16666666666666666,0.3333333333333333,0.5,0.8333333333333334,0.8333333333333334,0,0,results/mssp_adversarial/ds03/matched_delay/matched_false_flag_comparisons.csv,16.0,10.0,2.0,5.0,0.0,1.0,0.058823529411764705,0.0,0.2222222222222222,0.11764705882352941,0.027777777777777776,0.05555555555555555
ds03,lstm_autoencoder,0,0.01,causal_regime,nearest,0.1,148,True,0.10135135135135136,0.0945945945945946,-0.006756756756756757,0.02793285250948253,0.02793285250948253,0.037708660259934516,0.03949037229576702,4,1,1,-1.0,-1.0,3.0,4.0,5.0,6.0,1.0,5.0,5.0,3.0,0.05555555555555555,0.0,0.16666666666666666,0.05555555555555555,0.08571428571428572,0.08333333333333333,0.0,0.16666666666666666,0.3333333333333333,0.6666666666666666,1.0,0.16666666666666666,0.3333333333333333,0.5,1.0,1.0,0,0,results/mssp_adversarial/ds03/matched_delay/matched_false_flag_comparisons.csv,6.0,4.0,2.0,5.0,0.0,1.0,0.29411764705882354,0.027777777777777776,0.2222222222222222,0.11764705882352941,0.08333333333333333,0.16666666666666666
ds03,lstm_autoencoder,0,0.01,causal_regime,nearest,0.15,148,True,0.14864864864864866,0.14864864864864866,0.0,0.024887998672586672,0.024887998672586672,0.030634834526960843,0.03135022062565112,3,3,0,-1.0,-3.0,1.0,4.0,5.0,6.0,1.0,5.0,5.0,1.0,0.1111111111111111,0.08571428571428572,0.16666666666666666,0.1111111111111111,0.11428571428571428,0.125,0.0,0.3333333333333333,0.3333333333333333,0.6666666666666666,1.0,0.16666666666666666,0.5,0.5,1.0,1.0,0,0,results/mssp_adversarial/ds03/matched_delay/matched_false_flag_comparisons.csv,6.0,4.0,1.0,5.0,0.0,1.0,0.29411764705882354,0.027777777777777776,0.3888888888888889,0.23529411764705882,0.16666666666666666,0.16666666666666666
ds03,lstm_autoencoder,0,0.01,causal_regime,nearest,0.2,148,True,0.20270270270270271,0.20270270270270271,0.0,0.021764395139989436,0.021764395139989436,0.023222810962777247,0.023222810962777247,3,2,1,-1.0,-1.0,1.0,2.0,2.0,5.0,1.0,5.0,1.0,1.0,0.2777777777777778,0.08571428571428572,0.16666666666666666,0.16666666666666666,0.11428571428571428,0.20833333333333334,0.16666666666666666,0.3333333333333333,0.5,0.8333333333333334,1.0,0.3333333333333333,0.6666666666666666,0.6666666666666666,1.0,1.0,0,0,results/mssp_adversarial/ds03/matched_delay/matched_false_flag_comparisons.csv,6.0,4.0,0.0,5.0,0.0,0.0,0.5294117647058824,0.05555555555555555,0.3888888888888889,0.35294117647058826,0.19444444444444445,0.2777777777777778
ds03,lstm_autoencoder,0,0.01,causal_regime,not_exceeding,0.025,148,False,0.013513513513513514,0.02027027027027027,0.006756756756756757,0.06715334791115142,0.06715334791115142,0.06412354795576918,0.06872151605431122,6,0,0,-3.0,-7.0,5.0,12.0,13.0,9.0,13.0,12.0,5.0,11.0,0.0,0.0,0.0,0.0,0.0,0.0,0.0,0.0,0.0,0.0,0.3333333333333333,0.0,0.0,0.0,0.5,0.5,0,0,results/mssp_adversarial/ds03/matched_delay/matched_false_flag_comparisons.csv,22.0,12.0,8.0,19.0,4.0,5.0,0.058823529411764705,0.0,0.05555555555555555,0.11764705882352941,0.0,0.05555555555555555
ds03,lstm_autoencoder,0,0.01,causal_regime,not_exceeding,0.05,148,True,0.0472972972972973,0.0472972972972973,0.0,0.037708660259934516,0.037708660259934516,0.04535671616408702,0.04535671616408702,5,0,1,-8.0,-4.0,3.0,7.0,5.0,7.0,11.0,12.0,5.0,3.0,0.05555555555555555,0.0,0.041666666666666664,0.05555555555555555,0.0,0.08333333333333333,0.0,0.0,0.16666666666666666,0.3333333333333333,0.6666666666666666,0.16666666666666666,0.3333333333333333,0.5,0.8333333333333334,0.8333333333333334,0,0,results/mssp_adversarial/ds03/matched_delay/matched_false_flag_comparisons.csv,16.0,10.0,2.0,5.0,0.0,1.0,0.058823529411764705,0.0,0.2222222222222222,0.11764705882352941,0.027777777777777776,0.05555555555555555
ds03,lstm_autoencoder,0,0.01,causal_regime,not_exceeding,0.1,148,True,0.0945945945945946,0.0945945945945946,0.0,0.028585141796844713,0.028585141796844713,0.037708660259934516,0.03949037229576702,4,1,1,-1.0,-1.0,3.0,4.0,5.0,6.0,1.0,5.0,5.0,3.0,0.05555555555555555,0.0,0.16666666666666666,0.05555555555555555,0.08571428571428572,0.08333333333333333,0.0,0.16666666666666666,0.3333333333333333,0.6666666666666666,1.0,0.16666666666666666,0.3333333333333333,0.5,1.0,1.0,0,0,results/mssp_adversarial/ds03/matched_delay/matched_false_flag_comparisons.csv,6.0,4.0,2.0,5.0,0.0,1.0,0.29411764705882354,0.0,0.2222222222222222,0.11764705882352941,0.08333333333333333,0.16666666666666666
ds03,lstm_autoencoder,0,0.01,causal_regime,not_exceeding,0.15,148,True,0.14864864864864866,0.14864864864864866,0.0,0.024887998672586672,0.024887998672586672,0.030634834526960843,0.03135022062565112,3,3,0,-1.0,-3.0,1.0,4.0,5.0,6.0,1.0,5.0,5.0,1.0,0.1111111111111111,0.08571428571428572,0.16666666666666666,0.1111111111111111,0.11428571428571428,0.125,0.0,0.3333333333333333,0.3333333333333333,0.6666666666666666,1.0,0.16666666666666666,0.5,0.5,1.0,1.0,0,0,results/mssp_adversarial/ds03/matched_delay/matched_false_flag_comparisons.csv,6.0,4.0,1.0,5.0,0.0,1.0,0.29411764705882354,0.027777777777777776,0.3888888888888889,0.23529411764705882,0.16666666666666666,0.16666666666666666
ds03,lstm_autoencoder,0,0.01,causal_regime,not_exceeding,0.2,148,False,0.17567567567567569,0.19594594594594594,0.020270270270270258,0.02269288562880081,0.02288488210818308,0.02376511113811073,0.024887998672586672,4,1,1,-1.0,-1.0,1.0,2.0,2.0,5.0,1.0,5.0,3.0,1.0,0.16666666666666666,0.08571428571428572,0.16666666666666666,0.16666666666666666,0.11428571428571428,0.20833333333333334,0.0,0.3333333333333333,0.5,0.8333333333333334,1.0,0.3333333333333333,0.5,0.6666666666666666,1.0,1.0,0,0,results/mssp_adversarial/ds03/matched_delay/matched_false_flag_comparisons.csv,6.0,4.0,1.0,5.0,0.0,0.0,0.4117647058823529,0.05555555555555555,0.3888888888888889,0.29411764705882354,0.19444444444444445,0.2777777777777778
ds03,lstm_autoencoder,0,0.02,phase_conditioned,nearest,0.025,148,True,0.02702702702702703,0.02702702702702703,0.0,0.09065535934216358,0.09065535934216358,0.08858667904100823,0.08858667904100823,2,2,2,0.0,0.0,5.0,5.0,8.0,6.0,3.0,8.0,5.0,7.0,0.0,0.0,0.041666666666666664,0.0,0.02857142857142857,0.0,0.0,0.0,0.16666666666666666,0.6666666666666666,1.0,0.16666666666666666,0.16666666666666666,0.16666666666666666,0.5,0.8333333333333334,0,0,results/mssp_adversarial/ds03/matched_delay/matched_false_flag_comparisons.csv,5.0,4.0,5.0,16.0,0.0,5.0,0.11764705882352941,0.0,0.05555555555555555,0.11764705882352941,0.0,0.05555555555555555
ds03,lstm_autoencoder,0,0.02,phase_conditioned,nearest,0.05,148,True,0.0472972972972973,0.0472972972972973,0.0,0.07712906117627992,0.07712906117627992,0.084589857965743,0.084589857965743,0,3,3,0.0,2.0,5.0,3.0,8.0,5.0,3.0,8.0,5.0,7.0,0.05555555555555555,0.0,0.041666666666666664,0.0,0.02857142857142857,0.041666666666666664,0.16666666666666666,0.3333333333333333,0.5,0.8333333333333334,1.0,0.16666666666666666,0.16666666666666666,0.16666666666666666,0.5,0.8333333333333334,0,0,results/mssp_adversarial/ds03/matched_delay/matched_false_flag_comparisons.csv,5.0,0.0,1.0,16.0,0.0,5.0,0.17647058823529413,0.0,0.1111111111111111,0.11764705882352941,0.05555555555555555,0.05555555555555555
ds03,lstm_autoencoder,0,0.02,phase_conditioned,nearest,0.1,148,True,0.10135135135135136,0.10135135135135136,0.0,0.05846787276937589,0.05846787276937589,0.06123044539605184,0.06123044539605184,0,6,0,0.0,0.0,1.0,1.0,5.0,5.0,1.0,5.0,5.0,1.0,0.1111111111111111,0.0,0.08333333333333333,0.05555555555555555,0.02857142857142857,0.041666666666666664,0.16666666666666666,0.5,0.5,1.0,1.0,0.16666666666666666,0.5,0.5,1.0,1.0,0,0,results/mssp_adversarial/ds03/matched_delay/matched_false_flag_comparisons.csv,5.0,0.0,1.0,5.0,0.0,1.0,0.23529411764705882,0.05555555555555555,0.2777777777777778,0.17647058823529413,0.1388888888888889,0.2222222222222222
ds03,lstm_autoencoder,0,0.02,phase_conditioned,nearest,0.15,148,True,0.14864864864864866,0.1554054054054054,0.006756756756756743,0.050905759020366814,0.050905759020366814,0.05200945626477541,0.05209451270253212,1,3,2,0.0,0.0,1.0,1.0,2.0,3.0,1.0,5.0,1.0,1.0,0.1111111111111111,0.0,0.125,0.1111111111111111,0.02857142857142857,0.125,0.3333333333333333,0.5,0.8333333333333334,1.0,1.0,0.16666666666666666,0.6666666666666666,0.6666666666666666,1.0,1.0,0,0,results/mssp_adversarial/ds03/matched_delay/matched_false_flag_comparisons.csv,5.0,0.0,0.0,5.0,0.0,1.0,0.35294117647058826,0.1388888888888889,0.3333333333333333,0.35294117647058826,0.16666666666666666,0.2777777777777778
ds03,lstm_autoencoder,0,0.02,phase_conditioned,nearest,0.2,148,True,0.20270270270270271,0.19594594594594594,-0.006756756756756771,0.047499794346614124,0.047499794346614124,0.048609011781306305,0.048609011781306305,1,3,2,0.0,0.0,1.0,1.0,2.0,3.0,1.0,5.0,1.0,1.0,0.2222222222222222,0.08571428571428572,0.16666666666666666,0.1111111111111111,0.08571428571428572,0.125,0.3333333333333333,0.5,0.8333333333333334,1.0,1.0,0.16666666666666666,0.6666666666666666,0.6666666666666666,1.0,1.0,0,0,results/mssp_adversarial/ds03/matched_delay/matched_false_flag_comparisons.csv,5.0,0.0,0.0,5.0,0.0,1.0,0.4117647058823529,0.16666666666666666,0.3333333333333333,0.35294117647058826,0.25,0.3333333333333333
ds03,lstm_autoencoder,0,0.02,phase_conditioned,not_exceeding,0.025,148,True,0.02027027027027027,0.02027027027027027,0.0,0.11419421680558647,0.11419421680558647,0.10412232560483044,0.10412232560483044,4,2,0,-3.0,-3.0,5.0,8.0,13.0,8.0,7.0,12.0,5.0,7.0,0.0,0.0,0.0,0.0,0.0,0.0,0.0,0.0,0.0,0.16666666666666666,0.5,0.0,0.0,0.0,0.5,0.6666666666666666,0,0,results/mssp_adversarial/ds03/matched_delay/matched_false_flag_comparisons.csv,22.0,12.0,5.0,16.0,4.0,5.0,0.11764705882352941,0.0,0.05555555555555555,0.11764705882352941,0.0,0.05555555555555555
ds03,lstm_autoencoder,0,0.02,phase_conditioned,not_exceeding,0.05,148,True,0.0472972972972973,0.0472972972972973,0.0,0.07712906117627992,0.07712906117627992,0.084589857965743,0.084589857965743,0,3,3,0.0,2.0,5.0,3.0,8.0,5.0,3.0,8.0,5.0,7.0,0.05555555555555555,0.0,0.041666666666666664,0.0,0.02857142857142857,0.041666666666666664,0.16666666666666666,0.3333333333333333,0.5,0.8333333333333334,1.0,0.16666666666666666,0.16666666666666666,0.16666666666666666,0.5,0.8333333333333334,0,0,results/mssp_adversarial/ds03/matched_delay/matched_false_flag_comparisons.csv,5.0,0.0,1.0,16.0,0.0,5.0,0.17647058823529413,0.0,0.1111111111111111,0.11764705882352941,0.05555555555555555,0.05555555555555555
ds03,lstm_autoencoder,0,0.02,phase_conditioned,not_exceeding,0.1,148,False,0.08783783783783784,0.0945945945945946,0.006756756756756757,0.06173014299872576,0.06173014299872576,0.06266030164072656,0.06266030164072656,0,6,0,0.0,0.0,1.0,1.0,5.0,5.0,1.0,5.0,5.0,1.0,0.1111111111111111,0.0,0.08333333333333333,0.05555555555555555,0.02857142857142857,0.041666666666666664,0.16666666666666666,0.5,0.5,1.0,1.0,0.16666666666666666,0.5,0.5,1.0,1.0,0,0,results/mssp_adversarial/ds03/matched_delay/matched_false_flag_comparisons.csv,5.0,0.0,1.0,5.0,0.0,1.0,0.23529411764705882,0.05555555555555555,0.16666666666666666,0.17647058823529413,0.1111111111111111,0.2222222222222222
ds03,lstm_autoencoder,0,0.02,phase_conditioned,not_exceeding,0.15,148,False,0.14864864864864866,0.14189189189189189,-0.006756756756756771,0.050905759020366814,0.050905759020366814,0.053311026216670325,0.053311026216670325,1,3,2,0.0,0.0,1.0,1.0,2.0,3.0,1.0,5.0,1.0,1.0,0.1111111111111111,0.0,0.125,0.1111111111111111,0.02857142857142857,0.125,0.3333333333333333,0.5,0.8333333333333334,1.0,1.0,0.16666666666666666,0.6666666666666666,0.6666666666666666,1.0,1.0,0,0,results/mssp_adversarial/ds03/matched_delay/matched_false_flag_comparisons.csv,5.0,0.0,0.0,5.0,0.0,1.0,0.35294117647058826,0.1388888888888889,0.3333333333333333,0.29411764705882354,0.1388888888888889,0.2777777777777778
ds03,lstm_autoencoder,0,0.02,phase_conditioned,not_exceeding,0.2,148,False,0.17567567567567569,0.19594594594594594,0.020270270270270258,0.048609011781306305,0.048609011781306305,0.048609011781306305,0.048609011781306305,1,3,2,0.0,0.0,1.0,1.0,2.0,3.0,1.0,5.0,1.0,1.0,0.16666666666666666,0.08571428571428572,0.125,0.1111111111111111,0.08571428571428572,0.125,0.3333333333333333,0.5,0.8333333333333334,1.0,1.0,0.16666666666666666,0.6666666666666666,0.6666666666666666,1.0,1.0,0,0,results/mssp_adversarial/ds03/matched_delay/matched_false_flag_comparisons.csv,5.0,0.0,0.0,5.0,0.0,1.0,0.35294117647058826,0.1388888888888889,0.3333333333333333,0.35294117647058826,0.25,0.3333333333333333
ds03,lstm_autoencoder,0,0.02,causal_regime,nearest,0.025,148,True,0.02702702702702703,0.02027027027027027,-0.006756756756756757,0.09065535934216358,0.09065535934216358,0.11686088553466509,0.11958982643749794,3,2,1,-1.0,0.0,5.0,5.0,8.0,6.0,3.0,8.0,5.0,11.0,0.0,0.0,0.041666666666666664,0.0,0.0,0.0,0.0,0.0,0.16666666666666666,0.6666666666666666,1.0,0.16666666666666666,0.3333333333333333,0.3333333333333333,0.6666666666666666,0.8333333333333334,0,0,results/mssp_adversarial/ds03/matched_delay/matched_false_flag_comparisons.csv,5.0,4.0,5.0,5.0,0.0,1.0,0.11764705882352941,0.0,0.05555555555555555,0.11764705882352941,0.027777777777777776,0.0
ds03,lstm_autoencoder,0,0.02,causal_regime,nearest,0.05,148,True,0.0472972972972973,0.0472972972972973,0.0,0.07712906117627992,0.07712906117627992,0.09715578646301858,0.09715578646301858,0,5,1,0.0,2.0,5.0,3.0,8.0,5.0,3.0,8.0,5.0,11.0,0.05555555555555555,0.0,0.041666666666666664,0.0,0.02857142857142857,0.041666666666666664,0.16666666666666666,0.3333333333333333,0.5,0.8333333333333334,1.0,0.16666666666666666,0.3333333333333333,0.3333333333333333,0.6666666666666666,0.8333333333333334,0,0,results/mssp_adversarial/ds03/matched_delay/matched_false_flag_comparisons.csv,5.0,0.0,1.0,5.0,0.0,1.0,0.17647058823529413,0.0,0.1111111111111111,0.11764705882352941,0.05555555555555555,0.05555555555555555
ds03,lstm_autoencoder,0,0.02,causal_regime,nearest,0.1,148,True,0.10135135135135136,0.10135135135135136,0.0,0.05846787276937589,0.05846787276937589,0.06715334791115142,0.06872151605431122,1,5,0,0.0,0.0,1.0,1.0,5.0,5.0,1.0,5.0,1.0,1.0,0.1111111111111111,0.0,0.08333333333333333,0.05555555555555555,0.02857142857142857,0.041666666666666664,0.16666666666666666,0.5,0.5,1.0,1.0,0.16666666666666666,0.6666666666666666,0.6666666666666666,1.0,1.0,0,0,results/mssp_adversarial/ds03/matched_delay/matched_false_flag_comparisons.csv,5.0,0.0,1.0,5.0,0.0,1.0,0.23529411764705882,0.05555555555555555,0.2777777777777778,0.23529411764705882,0.19444444444444445,0.05555555555555555
ds03,lstm_autoencoder,0,0.02,causal_regime,nearest,0.15,148,True,0.14864864864864866,0.1554054054054054,0.006756756756756743,0.050905759020366814,0.050905759020366814,0.06123044539605184,0.06123044539605184,1,4,1,0.0,0.0,1.0,1.0,2.0,3.0,1.0,5.0,1.0,1.0,0.1111111111111111,0.0,0.125,0.05555555555555555,0.14285714285714285,0.041666666666666664,0.3333333333333333,0.5,0.8333333333333334,1.0,1.0,0.3333333333333333,0.6666666666666666,0.6666666666666666,1.0,1.0,0,0,results/mssp_adversarial/ds03/matched_delay/matched_false_flag_comparisons.csv,5.0,0.0,0.0,5.0,0.0,0.0,0.35294117647058826,0.1388888888888889,0.3333333333333333,0.23529411764705882,0.25,0.16666666666666666
ds03,lstm_autoencoder,0,0.02,causal_regime,nearest,0.2,148,True,0.20270270270270271,0.19594594594594594,-0.006756756756756771,0.047499794346614124,0.047499794346614124,0.05455594781168514,0.05455594781168514,1,4,1,0.0,0.0,1.0,1.0,2.0,3.0,1.0,5.0,1.0,1.0,0.2222222222222222,0.08571428571428572,0.16666666666666666,0.16666666666666666,0.17142857142857143,0.08333333333333333,0.3333333333333333,0.5,0.8333333333333334,1.0,1.0,0.3333333333333333,0.6666666666666666,0.6666666666666666,1.0,1.0,0,0,results/mssp_adversarial/ds03/matched_delay/matched_false_flag_comparisons.csv,5.0,0.0,0.0,5.0,0.0,0.0,0.4117647058823529,0.16666666666666666,0.3333333333333333,0.29411764705882354,0.2777777777777778,0.16666666666666666
ds03,lstm_autoencoder,0,0.02,causal_regime,not_exceeding,0.025,148,True,0.02027027027027027,0.02027027027027027,0.0,0.11419421680558647,0.11419421680558647,0.11686088553466509,0.11958982643749794,5,0,1,-5.0,-3.0,5.0,8.0,13.0,8.0,7.0,8.0,5.0,11.0,0.0,0.0,0.0,0.0,0.0,0.0,0.0,0.0,0.0,0.16666666666666666,0.5,0.16666666666666666,0.3333333333333333,0.3333333333333333,0.6666666666666666,0.8333333333333334,0,0,results/mssp_adversarial/ds03/matched_delay/matched_false_flag_comparisons.csv,22.0,12.0,5.0,5.0,0.0,1.0,0.11764705882352941,0.0,0.05555555555555555,0.11764705882352941,0.027777777777777776,0.0
ds03,lstm_autoencoder,0,0.02,causal_regime,not_exceeding,0.05,148,True,0.0472972972972973,0.0472972972972973,0.0,0.07712906117627992,0.07712906117627992,0.09715578646301858,0.09715578646301858,0,5,1,0.0,2.0,5.0,3.0,8.0,5.0,3.0,8.0,5.0,11.0,0.05555555555555555,0.0,0.041666666666666664,0.0,0.02857142857142857,0.041666666666666664,0.16666666666666666,0.3333333333333333,0.5,0.8333333333333334,1.0,0.16666666666666666,0.3333333333333333,0.3333333333333333,0.6666666666666666,0.8333333333333334,0,0,results/mssp_adversarial/ds03/matched_delay/matched_false_flag_comparisons.csv,5.0,0.0,1.0,5.0,0.0,1.0,0.17647058823529413,0.0,0.1111111111111111,0.11764705882352941,0.05555555555555555,0.05555555555555555
ds03,lstm_autoencoder,0,0.02,causal_regime,not_exceeding,0.1,148,False,0.08783783783783784,0.08783783783783784,0.0,0.06173014299872576,0.06173014299872576,0.07032630413380643,0.07364918067322965,1,4,1,0.0,2.0,3.0,1.0,5.0,5.0,1.0,5.0,3.0,6.0,0.1111111111111111,0.0,0.08333333333333333,0.05555555555555555,0.02857142857142857,0.041666666666666664,0.16666666666666666,0.5,0.5,1.0,1.0,0.16666666666666666,0.3333333333333333,0.5,0.8333333333333334,1.0,0,0,results/mssp_adversarial/ds03/matched_delay/matched_false_flag_comparisons.csv,5.0,0.0,1.0,5.0,0.0,1.0,0.23529411764705882,0.05555555555555555,0.16666666666666666,0.11764705882352941,0.19444444444444445,0.05555555555555555
ds03,lstm_autoencoder,0,0.02,causal_regime,not_exceeding,0.15,148,False,0.14864864864864866,0.13513513513513514,-0.013513513513513514,0.050905759020366814,0.050905759020366814,0.06266030164072656,0.06266030164072656,1,3,2,0.0,0.0,1.0,1.0,2.0,3.0,1.0,5.0,1.0,1.0,0.1111111111111111,0.0,0.125,0.05555555555555555,0.05714285714285714,0.041666666666666664,0.3333333333333333,0.5,0.8333333333333334,1.0,1.0,0.16666666666666666,0.6666666666666666,0.6666666666666666,1.0,1.0,0,0,results/mssp_adversarial/ds03/matched_delay/matched_false_flag_comparisons.csv,5.0,0.0,0.0,5.0,0.0,1.0,0.35294117647058826,0.1388888888888889,0.3333333333333333,0.23529411764705882,0.25,0.16666666666666666
ds03,lstm_autoencoder,0,0.02,causal_regime,not_exceeding,0.2,148,False,0.17567567567567569,0.19594594594594594,0.020270270270270258,0.048609011781306305,0.048609011781306305,0.05455594781168514,0.05455594781168514,1,4,1,0.0,0.0,1.0,1.0,2.0,3.0,1.0,5.0,1.0,1.0,0.16666666666666666,0.08571428571428572,0.125,0.16666666666666666,0.17142857142857143,0.08333333333333333,0.3333333333333333,0.5,0.8333333333333334,1.0,1.0,0.3333333333333333,0.6666666666666666,0.6666666666666666,1.0,1.0,0,0,results/mssp_adversarial/ds03/matched_delay/matched_false_flag_comparisons.csv,5.0,0.0,0.0,5.0,0.0,0.0,0.35294117647058826,0.1388888888888889,0.3333333333333333,0.29411764705882354,0.2777777777777778,0.16666666666666666
ds03,lstm_autoencoder,1,0.005,phase_conditioned,nearest,0.025,148,True,0.02702702702702703,0.02702702702702703,0.0,0.02117456691035712,0.02166903639411181,0.02376511113811073,0.024320075132679475,2,2,2,0.0,4.0,9.0,5.0,5.0,9.0,1.0,5.0,9.0,11.0,0.0,0.0,0.0,0.0,0.0,0.041666666666666664,0.0,0.16666666666666666,0.3333333333333333,0.5,0.6666666666666666,0.0,0.0,0.0,0.16666666666666666,0.6666666666666666,0,0,results/mssp_adversarial/ds03/matched_delay/matched_false_flag_comparisons.csv,22.0,16.0,2.0,19.0,10.0,8.0,0.058823529411764705,0.0,0.16666666666666666,0.058823529411764705,0.0,0.1111111111111111
ds03,lstm_autoencoder,1,0.005,phase_conditioned,nearest,0.05,148,True,0.05405405405405406,0.0472972972972973,-0.006756756756756757,0.018435892216414878,0.018435892216414878,0.018015200408020238,0.018435892216414878,2,4,0,0.0,0.0,5.0,5.0,5.0,9.0,1.0,5.0,9.0,1.0,0.05555555555555555,0.0,0.08333333333333333,0.0,0.0,0.08333333333333333,0.0,0.16666666666666666,0.3333333333333333,0.5,0.6666666666666666,0.0,0.16666666666666666,0.3333333333333333,0.5,0.8333333333333334,0,0,results/mssp_adversarial/ds03/matched_delay/matched_false_flag_comparisons.csv,22.0,13.0,2.0,19.0,10.0,2.0,0.058823529411764705,0.0,0.2222222222222222,0.058823529411764705,0.0,0.2222222222222222
ds03,lstm_autoencoder,1,0.005,phase_conditioned,nearest,0.1,148,True,0.10135135135135136,0.10135135135135136,0.0,0.013656466567946095,0.013656466567946095,0.012742749857031334,0.012742749857031334,1,5,0,0.0,0.0,2.0,2.0,2.0,7.0,1.0,2.0,7.0,1.0,0.1111111111111111,0.0,0.16666666666666666,0.05555555555555555,0.0,0.16666666666666666,0.16666666666666666,0.3333333333333333,0.5,0.5,0.8333333333333334,0.16666666666666666,0.3333333333333333,0.5,0.5,1.0,0,0,results/mssp_adversarial/ds03/matched_delay/matched_false_flag_comparisons.csv,6.0,13.0,0.0,6.0,10.0,0.0,0.23529411764705882,0.0,0.2777777777777778,0.29411764705882354,0.0,0.2777777777777778
ds03,lstm_autoencoder,1,0.005,phase_conditioned,nearest,0.15,148,True,0.14864864864864866,0.14864864864864866,0.0,0.010352317759307377,0.010352317759307377,0.01084145868935835,0.01084145868935835,1,5,0,0.0,0.0,1.0,1.0,2.0,7.0,1.0,2.0,7.0,1.0,0.3333333333333333,0.0,0.25,0.16666666666666666,0.0,0.25,0.3333333333333333,0.5,0.6666666666666666,0.6666666666666666,0.8333333333333334,0.3333333333333333,0.5,0.6666666666666666,0.6666666666666666,1.0,0,0,results/mssp_adversarial/ds03/matched_delay/matched_false_flag_comparisons.csv,0.0,13.0,0.0,0.0,10.0,0.0,0.29411764705882354,0.0,0.2777777777777778,0.4117647058823529,0.027777777777777776,0.2777777777777778
ds03,lstm_autoencoder,1,0.005,phase_conditioned,nearest,0.2,148,False,0.20945945945945946,0.20270270270270271,-0.006756756756756743,0.008606708472376158,0.008608735844696094,0.00898364172700456,0.009013370389517439,1,5,0,0.0,0.0,1.0,1.0,2.0,7.0,1.0,2.0,7.0,1.0,0.4444444444444444,0.0,0.2916666666666667,0.3888888888888889,0.08571428571428572,0.25,0.3333333333333333,0.5,0.6666666666666666,0.6666666666666666,0.8333333333333334,0.3333333333333333,0.5,0.6666666666666666,0.8333333333333334,1.0,0,0,results/mssp_adversarial/ds03/matched_delay/matched_false_flag_comparisons.csv,0.0,12.0,0.0,0.0,4.0,0.0,0.47058823529411764,0.0,0.4444444444444444,0.4117647058823529,0.05555555555555555,0.2777777777777778
ds03,lstm_autoencoder,1,0.005,phase_conditioned,not_exceeding,0.025,148,True,0.02027027027027027,0.02027027027027027,0.0,0.022175052752539316,0.022175052752539316,0.02606394198314347,0.026672588383874055,3,1,2,-1.0,4.0,9.0,5.0,5.0,10.0,1.0,5.0,9.0,11.0,0.0,0.0,0.0,0.0,0.0,0.0,0.0,0.16666666666666666,0.3333333333333333,0.5,0.6666666666666666,0.0,0.0,0.0,0.16666666666666666,0.6666666666666666,0,0,results/mssp_adversarial/ds03/matched_delay/matched_false_flag_comparisons.csv,22.0,16.0,2.0,19.0,10.0,8.0,0.058823529411764705,0.0,0.1111111111111111,0.058823529411764705,0.0,0.1111111111111111
ds03,lstm_autoencoder,1,0.005,phase_conditioned,not_exceeding,0.05,148,False,0.04054054054054054,0.0472972972972973,0.006756756756756757,0.018866408039732583,0.019306977288832496,0.018015200408020238,0.018435892216414878,2,4,0,0.0,0.0,5.0,5.0,5.0,9.0,1.0,5.0,9.0,1.0,0.0,0.0,0.08333333333333333,0.0,0.0,0.08333333333333333,0.0,0.16666666666666666,0.3333333333333333,0.5,0.6666666666666666,0.0,0.16666666666666666,0.3333333333333333,0.5,0.8333333333333334,0,0,results/mssp_adversarial/ds03/matched_delay/matched_false_flag_comparisons.csv,22.0,13.0,2.0,19.0,10.0,2.0,0.058823529411764705,0.0,0.16666666666666666,0.058823529411764705,0.0,0.2222222222222222
ds03,lstm_autoencoder,1,0.005,phase_conditioned,not_exceeding,0.1,148,False,0.08783783783783784,0.0945945945945946,0.006756756756756757,0.01397537301842291,0.014635701180190797,0.01397537301842291,0.01397537301842291,1,3,2,0.0,0.0,2.0,2.0,2.0,7.0,1.0,2.0,7.0,1.0,0.1111111111111111,0.0,0.125,0.05555555555555555,0.0,0.16666666666666666,0.16666666666666666,0.3333333333333333,0.5,0.5,0.8333333333333334,0.0,0.16666666666666666,0.5,0.5,1.0,0,0,results/mssp_adversarial/ds03/matched_delay/matched_false_flag_comparisons.csv,6.0,13.0,0.0,8.0,10.0,2.0,0.17647058823529413,0.0,0.2777777777777778,0.23529411764705882,0.0,0.2777777777777778
ds03,lstm_autoencoder,1,0.005,phase_conditioned,not_exceeding,0.15,148,True,0.14864864864864866,0.14864864864864866,0.0,0.010352317759307377,0.010352317759307377,0.01084145868935835,0.01084145868935835,1,5,0,0.0,0.0,1.0,1.0,2.0,7.0,1.0,2.0,7.0,1.0,0.3333333333333333,0.0,0.25,0.16666666666666666,0.0,0.25,0.3333333333333333,0.5,0.6666666666666666,0.6666666666666666,0.8333333333333334,0.3333333333333333,0.5,0.6666666666666666,0.6666666666666666,1.0,0,0,results/mssp_adversarial/ds03/matched_delay/matched_false_flag_comparisons.csv,0.0,13.0,0.0,0.0,10.0,0.0,0.29411764705882354,0.0,0.2777777777777778,0.4117647058823529,0.027777777777777776,0.2777777777777778
ds03,lstm_autoencoder,1,0.005,phase_conditioned,not_exceeding,0.2,148,False,0.1891891891891892,0.19594594594594594,0.006756756756756743,0.008807692733975461,0.009013370389517439,0.009215757137694253,0.009439246843247663,1,5,0,0.0,0.0,1.0,1.0,2.0,7.0,1.0,2.0,7.0,1.0,0.4444444444444444,0.0,0.25,0.3333333333333333,0.08571428571428572,0.25,0.3333333333333333,0.5,0.6666666666666666,0.6666666666666666,0.8333333333333334,0.3333333333333333,0.5,0.6666666666666666,0.8333333333333334,1.0,0,0,results/mssp_adversarial/ds03/matched_delay/matched_false_flag_comparisons.csv,0.0,13.0,0.0,0.0,4.0,0.0,0.47058823529411764,0.0,0.3333333333333333,0.4117647058823529,0.05555555555555555,0.2777777777777778
ds03,lstm_autoencoder,1,0.005,causal_regime,nearest,0.025,148,True,0.02702702702702703,0.02027027027027027,-0.006756756756756757,0.02117456691035712,0.02166903639411181,0.032082312454210775,0.03283150012563047,3,0,3,-3.0,5.0,10.0,5.0,5.0,9.0,1.0,12.0,6.0,11.0,0.0,0.0,0.0,0.05555555555555555,0.0,0.0,0.0,0.16666666666666666,0.3333333333333333,0.5,0.6666666666666666,0.0,0.0,0.0,0.0,0.5,0,0,results/mssp_adversarial/ds03/matched_delay/matched_false_flag_comparisons.csv,22.0,16.0,2.0,19.0,10.0,8.0,0.058823529411764705,0.0,0.16666666666666666,0.058823529411764705,0.0,0.05555555555555555
ds03,lstm_autoencoder,1,0.005,causal_regime,nearest,0.05,148,True,0.05405405405405406,0.0472972972972973,-0.006756756756756757,0.018435892216414878,0.018435892216414878,0.02376511113811073,0.02376511113811073,3,1,2,-3.0,0.0,5.0,5.0,5.0,9.0,1.0,5.0,6.0,8.0,0.05555555555555555,0.0,0.08333333333333333,0.05555555555555555,0.0,0.08333333333333333,0.0,0.16666666666666666,0.3333333333333333,0.5,0.6666666666666666,0.0,0.0,0.0,0.5,0.8333333333333334,0,0,results/mssp_adversarial/ds03/matched_delay/matched_false_flag_comparisons.csv,22.0,13.0,2.0,19.0,4.0,5.0,0.058823529411764705,0.0,0.2222222222222222,0.058823529411764705,0.0,0.16666666666666666
ds03,lstm_autoencoder,1,0.005,causal_regime,nearest,0.1,148,True,0.10135135135135136,0.10135135135135136,0.0,0.013656466567946095,0.013656466567946095,0.017604108438655525,0.018015200408020238,2,1,3,0.0,2.0,4.0,2.0,2.0,7.0,1.0,5.0,6.0,1.0,0.1111111111111111,0.0,0.16666666666666666,0.1111111111111111,0.11428571428571428,0.125,0.16666666666666666,0.3333333333333333,0.5,0.5,0.8333333333333334,0.0,0.16666666666666666,0.3333333333333333,0.6666666666666666,0.8333333333333334,0,0,results/mssp_adversarial/ds03/matched_delay/matched_false_flag_comparisons.csv,6.0,13.0,0.0,16.0,4.0,2.0,0.23529411764705882,0.0,0.2777777777777778,0.11764705882352941,0.027777777777777776,0.16666666666666666
ds03,lstm_autoencoder,1,0.005,causal_regime,nearest,0.15,148,True,0.14864864864864866,0.14864864864864866,0.0,0.010352317759307377,0.010352317759307377,0.013656466567946095,0.013656466567946095,2,1,3,0.0,0.0,1.0,1.0,2.0,7.0,1.0,5.0,5.0,1.0,0.3333333333333333,0.0,0.25,0.16666666666666666,0.11428571428571428,0.20833333333333334,0.3333333333333333,0.5,0.6666666666666666,0.6666666666666666,0.8333333333333334,0.16666666666666666,0.5,0.5,0.8333333333333334,0.8333333333333334,0,0,results/mssp_adversarial/ds03/matched_delay/matched_false_flag_comparisons.csv,0.0,13.0,0.0,16.0,0.0,1.0,0.29411764705882354,0.0,0.2777777777777778,0.17647058823529413,0.08333333333333333,0.2222222222222222
ds03,lstm_autoencoder,1,0.005,causal_regime,nearest,0.2,148,False,0.20945945945945946,0.20270270270270271,-0.006756756756756743,0.008606708472376158,0.008608735844696094,0.009885245709128281,0.009885245709128281,2,3,1,0.0,-1.0,0.0,1.0,2.0,7.0,1.0,4.0,3.0,1.0,0.4444444444444444,0.0,0.2916666666666667,0.2222222222222222,0.11428571428571428,0.25,0.3333333333333333,0.5,0.6666666666666666,0.6666666666666666,0.8333333333333334,0.5,0.6666666666666666,0.8333333333333334,1.0,1.0,0,0,results/mssp_adversarial/ds03/matched_delay/matched_false_flag_comparisons.csv,0.0,12.0,0.0,0.0,0.0,0.0,0.47058823529411764,0.0,0.4444444444444444,0.29411764705882354,0.16666666666666666,0.2777777777777778
ds03,lstm_autoencoder,1,0.005,causal_regime,not_exceeding,0.025,148,True,0.02027027027027027,0.02027027027027027,0.0,0.022175052752539316,0.022175052752539316,0.032082312454210775,0.03283150012563047,3,0,3,-3.0,5.0,10.0,5.0,5.0,10.0,1.0,12.0,6.0,11.0,0.0,0.0,0.0,0.05555555555555555,0.0,0.0,0.0,0.16666666666666666,0.3333333333333333,0.5,0.6666666666666666,0.0,0.0,0.0,0.0,0.5,0,0,results/mssp_adversarial/ds03/matched_delay/matched_false_flag_comparisons.csv,22.0,16.0,2.0,19.0,10.0,8.0,0.058823529411764705,0.0,0.1111111111111111,0.058823529411764705,0.0,0.05555555555555555
ds03,lstm_autoencoder,1,0.005,causal_regime,not_exceeding,0.05,148,False,0.04054054054054054,0.0472972972972973,0.006756756756756757,0.018866408039732583,0.019306977288832496,0.02376511113811073,0.02376511113811073,3,1,2,-3.0,0.0,5.0,5.0,5.0,9.0,1.0,5.0,6.0,8.0,0.0,0.0,0.08333333333333333,0.05555555555555555,0.0,0.08333333333333333,0.0,0.16666666666666666,0.3333333333333333,0.5,0.6666666666666666,0.0,0.0,0.0,0.5,0.8333333333333334,0,0,results/mssp_adversarial/ds03/matched_delay/matched_false_flag_comparisons.csv,22.0,13.0,2.0,19.0,4.0,5.0,0.058823529411764705,0.0,0.16666666666666666,0.058823529411764705,0.0,0.16666666666666666
ds03,lstm_autoencoder,1,0.005,causal_regime,not_exceeding,0.1,148,False,0.08783783783783784,0.08108108108108109,-0.006756756756756757,0.01397537301842291,0.014635701180190797,0.019306977288832496,0.019306977288832496,2,0,4,2.0,3.0,5.0,2.0,2.0,7.0,1.0,5.0,6.0,8.0,0.1111111111111111,0.0,0.125,0.05555555555555555,0.08571428571428572,0.125,0.16666666666666666,0.3333333333333333,0.5,0.5,0.8333333333333334,0.0,0.0,0.16666666666666666,0.5,0.8333333333333334,0,0,results/mssp_adversarial/ds03/matched_delay/matched_false_flag_comparisons.csv,6.0,13.0,0.0,16.0,4.0,2.0,0.17647058823529413,0.0,0.2777777777777778,0.058823529411764705,0.027777777777777776,0.16666666666666666
ds03,lstm_autoencoder,1,0.005,causal_regime,not_exceeding,0.15,148,True,0.14864864864864866,0.14864864864864866,0.0,0.010352317759307377,0.010352317759307377,0.013656466567946095,0.013656466567946095,2,1,3,0.0,0.0,1.0,1.0,2.0,7.0,1.0,5.0,5.0,1.0,0.3333333333333333,0.0,0.25,0.16666666666666666,0.11428571428571428,0.20833333333333334,0.3333333333333333,0.5,0.6666666666666666,0.6666666666666666,0.8333333333333334,0.16666666666666666,0.5,0.5,0.8333333333333334,0.8333333333333334,0,0,results/mssp_adversarial/ds03/matched_delay/matched_false_flag_comparisons.csv,0.0,13.0,0.0,16.0,0.0,1.0,0.29411764705882354,0.0,0.2777777777777778,0.17647058823529413,0.08333333333333333,0.2222222222222222
ds03,lstm_autoencoder,1,0.005,causal_regime,not_exceeding,0.2,148,False,0.1891891891891892,0.1891891891891892,0.0,0.008807692733975461,0.009013370389517439,0.010352317759307377,0.010352317759307377,2,2,2,0.0,0.0,1.0,1.0,2.0,7.0,1.0,5.0,3.0,1.0,0.4444444444444444,0.0,0.25,0.2222222222222222,0.11428571428571428,0.25,0.3333333333333333,0.5,0.6666666666666666,0.6666666666666666,0.8333333333333334,0.3333333333333333,0.6666666666666666,0.8333333333333334,1.0,1.0,0,0,results/mssp_adversarial/ds03/matched_delay/matched_false_flag_comparisons.csv,0.0,13.0,0.0,0.0,0.0,1.0,0.47058823529411764,0.0,0.3333333333333333,0.23529411764705882,0.1388888888888889,0.2777777777777778
ds03,lstm_autoencoder,1,0.01,phase_conditioned,nearest,0.025,148,True,0.02702702702702703,0.02702702702702703,0.0,0.04535671616408702,0.046415888336127774,0.04331032859169001,0.04535671616408702,4,2,0,-4.0,-3.0,5.0,8.0,12.0,9.0,7.0,5.0,5.0,3.0,0.0,0.0,0.0,0.0,0.0,0.041666666666666664,0.0,0.0,0.0,0.16666666666666666,0.6666666666666666,0.0,0.16666666666666666,0.3333333333333333,0.6666666666666666,0.8333333333333334,0,0,results/mssp_adversarial/ds03/matched_delay/matched_false_flag_comparisons.csv,16.0,4.0,8.0,16.0,1.0,8.0,0.11764705882352941,0.0,0.1111111111111111,0.058823529411764705,0.027777777777777776,0.05555555555555555
ds03,lstm_autoencoder,1,0.01,phase_conditioned,nearest,0.05,148,True,0.0472972972972973,0.05405405405405406,0.006756756756756757,0.04135626917817706,0.042322022723792756,0.03949037229576702,0.03949037229576702,4,2,0,-3.0,-2.0,5.0,7.0,5.0,9.0,7.0,5.0,5.0,3.0,0.05555555555555555,0.0,0.041666666666666664,0.0,0.0,0.041666666666666664,0.0,0.0,0.0,0.3333333333333333,0.8333333333333334,0.0,0.16666666666666666,0.3333333333333333,0.8333333333333334,0.8333333333333334,0,0,results/mssp_adversarial/ds03/matched_delay/matched_false_flag_comparisons.csv,16.0,4.0,8.0,16.0,1.0,5.0,0.17647058823529413,0.0,0.1111111111111111,0.11764705882352941,0.027777777777777776,0.2222222222222222
ds03,lstm_autoencoder,1,0.01,phase_conditioned,nearest,0.1,148,True,0.10135135135135136,0.0945945945945946,-0.006756756756756757,0.027295447924020073,0.027295447924020073,0.029935772947204904,0.030634834526960843,1,2,3,0.0,1.0,2.0,1.0,5.0,6.0,1.0,5.0,5.0,1.0,0.1111111111111111,0.0,0.125,0.05555555555555555,0.0,0.125,0.16666666666666666,0.5,0.5,0.8333333333333334,1.0,0.0,0.3333333333333333,0.5,0.8333333333333334,0.8333333333333334,0,0,results/mssp_adversarial/ds03/matched_delay/matched_false_flag_comparisons.csv,5.0,0.0,1.0,16.0,1.0,2.0,0.35294117647058826,0.0,0.2222222222222222,0.23529411764705882,0.05555555555555555,0.2222222222222222
ds03,lstm_autoencoder,1,0.01,phase_conditioned,nearest,0.15,148,True,0.14864864864864866,0.1554054054054054,0.006756756756756743,0.02376511113811073,0.02376511113811073,0.024887998672586672,0.024887998672586672,1,2,3,0.0,0.0,1.0,1.0,2.0,6.0,0.0,5.0,5.0,1.0,0.2777777777777778,0.0,0.16666666666666666,0.05555555555555555,0.05714285714285714,0.16666666666666666,0.3333333333333333,0.5,0.6666666666666666,0.8333333333333334,1.0,0.16666666666666666,0.5,0.5,0.8333333333333334,1.0,0,0,results/mssp_adversarial/ds03/matched_delay/matched_false_flag_comparisons.csv,5.0,0.0,1.0,8.0,0.0,1.0,0.4117647058823529,0.027777777777777776,0.2777777777777778,0.4117647058823529,0.1111111111111111,0.2777777777777778
ds03,lstm_autoencoder,1,0.01,phase_conditioned,nearest,0.2,148,True,0.20270270270270271,0.19594594594594594,-0.006756756756756771,0.02269288562880081,0.02269288562880081,0.02117456691035712,0.022175052752539316,1,3,2,0.0,0.0,1.0,1.0,2.0,5.0,0.0,2.0,5.0,1.0,0.3333333333333333,0.11428571428571428,0.16666666666666666,0.2222222222222222,0.08571428571428572,0.20833333333333334,0.3333333333333333,0.5,0.6666666666666666,1.0,1.0,0.3333333333333333,0.5,0.6666666666666666,0.8333333333333334,1.0,0,0,results/mssp_adversarial/ds03/matched_delay/matched_false_flag_comparisons.csv,5.0,0.0,1.0,6.0,0.0,0.0,0.5294117647058824,0.027777777777777776,0.3333333333333333,0.47058823529411764,0.1111111111111111,0.2777777777777778
ds03,lstm_autoencoder,1,0.01,phase_conditioned,not_exceeding,0.025,148,False,0.013513513513513514,0.02027027027027027,0.006756756756756757,0.06562096406767555,0.06715334791115142,0.046415888336127774,0.047499794346614124,5,1,0,-6.0,-5.0,5.0,10.0,13.0,10.0,7.0,5.0,5.0,3.0,0.0,0.0,0.0,0.0,0.0,0.041666666666666664,0.0,0.0,0.0,0.0,0.5,0.0,0.16666666666666666,0.3333333333333333,0.6666666666666666,0.8333333333333334,0,0,results/mssp_adversarial/ds03/matched_delay/matched_false_flag_comparisons.csv,22.0,13.0,8.0,16.0,1.0,8.0,0.058823529411764705,0.0,0.05555555555555555,0.058823529411764705,0.0,0.05555555555555555
ds03,lstm_autoencoder,1,0.01,phase_conditioned,not_exceeding,0.05,148,False,0.0472972972972973,0.04054054054054054,-0.006756756756756757,0.04135626917817706,0.042322022723792756,0.04135626917817706,0.042322022723792756,3,3,0,-3.0,-2.0,5.0,7.0,5.0,9.0,7.0,5.0,5.0,3.0,0.05555555555555555,0.0,0.041666666666666664,0.0,0.0,0.041666666666666664,0.0,0.0,0.0,0.3333333333333333,0.8333333333333334,0.0,0.16666666666666666,0.3333333333333333,0.6666666666666666,0.8333333333333334,0,0,results/mssp_adversarial/ds03/matched_delay/matched_false_flag_comparisons.csv,16.0,4.0,8.0,16.0,1.0,8.0,0.17647058823529413,0.0,0.1111111111111111,0.058823529411764705,0.027777777777777776,0.16666666666666666
ds03,lstm_autoencoder,1,0.01,phase_conditioned,not_exceeding,0.1,148,True,0.0945945945945946,0.0945945945945946,0.0,0.02793285250948253,0.02793285250948253,0.029935772947204904,0.030634834526960843,2,2,2,0.0,-2.0,2.0,4.0,5.0,6.0,1.0,5.0,5.0,1.0,0.05555555555555555,0.0,0.125,0.05555555555555555,0.0,0.125,0.0,0.3333333333333333,0.3333333333333333,0.8333333333333334,1.0,0.0,0.3333333333333333,0.5,0.8333333333333334,0.8333333333333334,0,0,results/mssp_adversarial/ds03/matched_delay/matched_false_flag_comparisons.csv,5.0,4.0,1.0,16.0,1.0,2.0,0.35294117647058826,0.0,0.2222222222222222,0.23529411764705882,0.05555555555555555,0.2222222222222222
ds03,lstm_autoencoder,1,0.01,phase_conditioned,not_exceeding,0.15,148,False,0.14864864864864866,0.13513513513513514,-0.013513513513513514,0.02376511113811073,0.02376511113811073,0.0254691843897454,0.0254691843897454,1,1,4,1.0,1.0,2.0,1.0,2.0,6.0,0.0,5.0,5.0,1.0,0.2777777777777778,0.0,0.16666666666666666,0.05555555555555555,0.0,0.16666666666666666,0.3333333333333333,0.5,0.6666666666666666,0.8333333333333334,1.0,0.16666666666666666,0.3333333333333333,0.5,0.8333333333333334,1.0,0,0,results/mssp_adversarial/ds03/matched_delay/matched_false_flag_comparisons.csv,5.0,0.0,1.0,8.0,0.0,2.0,0.4117647058823529,0.027777777777777776,0.2777777777777778,0.4117647058823529,0.08333333333333333,0.2777777777777778
ds03,lstm_autoencoder,1,0.01,phase_conditioned,not_exceeding,0.2,148,False,0.1891891891891892,0.19594594594594594,0.006756756756756743,0.023222810962777247,0.023222810962777247,0.02117456691035712,0.022175052752539316,2,2,2,0.0,0.0,1.0,1.0,2.0,6.0,0.0,2.0,5.0,1.0,0.3333333333333333,0.08571428571428572,0.16666666666666666,0.2222222222222222,0.08571428571428572,0.20833333333333334,0.3333333333333333,0.5,0.6666666666666666,0.8333333333333334,1.0,0.3333333333333333,0.5,0.6666666666666666,0.8333333333333334,1.0,0,0,results/mssp_adversarial/ds03/matched_delay/matched_false_flag_comparisons.csv,5.0,0.0,1.0,6.0,0.0,0.0,0.5294117647058824,0.027777777777777776,0.2777777777777778,0.47058823529411764,0.1111111111111111,0.2777777777777778
ds03,lstm_autoencoder,1,0.01,causal_regime,nearest,0.025,148,True,0.02702702702702703,0.02702702702702703,0.0,0.04535671616408702,0.046415888336127774,0.053311026216670325,0.053311026216670325,5,0,1,-4.0,-3.0,5.0,8.0,12.0,9.0,7.0,8.0,5.0,11.0,0.0,0.0,0.0,0.0,0.0,0.041666666666666664,0.0,0.0,0.0,0.16666666666666666,0.6666666666666666,0.16666666666666666,0.3333333333333333,0.3333333333333333,0.6666666666666666,0.8333333333333334,0,0,results/mssp_adversarial/ds03/matched_delay/matched_false_flag_comparisons.csv,16.0,4.0,8.0,5.0,0.0,1.0,0.11764705882352941,0.0,0.1111111111111111,0.11764705882352941,0.0,0.05555555555555555
ds03,lstm_autoencoder,1,0.01,causal_regime,nearest,0.05,148,True,0.0472972972972973,0.05405405405405406,0.006756756756756757,0.04135626917817706,0.042322022723792756,0.049744131713774516,0.049744131713774516,4,0,2,-4.0,-2.0,5.0,7.0,5.0,9.0,7.0,8.0,5.0,8.0,0.05555555555555555,0.0,0.041666666666666664,0.05555555555555555,0.02857142857142857,0.08333333333333333,0.0,0.0,0.0,0.3333333333333333,0.8333333333333334,0.16666666666666666,0.3333333333333333,0.3333333333333333,0.6666666666666666,1.0,0,0,results/mssp_adversarial/ds03/matched_delay/matched_false_flag_comparisons.csv,16.0,4.0,8.0,5.0,0.0,1.0,0.17647058823529413,0.0,0.1111111111111111,0.11764705882352941,0.027777777777777776,0.05555555555555555
ds03,lstm_autoencoder,1,0.01,causal_regime,nearest,0.1,148,True,0.10135135135135136,0.0945945945945946,-0.006756756756756757,0.027295447924020073,0.027295447924020073,0.0360073348498562,0.0360073348498562,1,4,1,0.0,2.0,3.0,1.0,5.0,6.0,1.0,5.0,5.0,3.0,0.1111111111111111,0.0,0.125,0.05555555555555555,0.05714285714285714,0.08333333333333333,0.16666666666666666,0.5,0.5,0.8333333333333334,1.0,0.16666666666666666,0.3333333333333333,0.5,1.0,1.0,0,0,results/mssp_adversarial/ds03/matched_delay/matched_false_flag_comparisons.csv,5.0,0.0,1.0,5.0,0.0,1.0,0.35294117647058826,0.0,0.2222222222222222,0.11764705882352941,0.1111111111111111,0.16666666666666666
ds03,lstm_autoencoder,1,0.01,causal_regime,nearest,0.15,148,True,0.14864864864864866,0.1554054054054054,0.006756756756756743,0.02376511113811073,0.02376511113811073,0.029935772947204904,0.029935772947204904,1,3,2,0.0,0.0,1.0,1.0,2.0,6.0,0.0,5.0,3.0,1.0,0.2777777777777778,0.0,0.16666666666666666,0.1111111111111111,0.11428571428571428,0.125,0.3333333333333333,0.5,0.6666666666666666,0.8333333333333334,1.0,0.16666666666666666,0.5,0.6666666666666666,1.0,1.0,0,0,results/mssp_adversarial/ds03/matched_delay/matched_false_flag_comparisons.csv,5.0,0.0,1.0,5.0,0.0,1.0,0.4117647058823529,0.027777777777777776,0.2777777777777778,0.23529411764705882,0.16666666666666666,0.2222222222222222
ds03,lstm_autoencoder,1,0.01,causal_regime,nearest,0.2,148,True,0.20270270270270271,0.20270270270270271,0.0,0.02269288562880081,0.02269288562880081,0.023222810962777247,0.024887998672586672,1,3,2,0.0,0.0,1.0,1.0,2.0,5.0,0.0,5.0,3.0,1.0,0.3333333333333333,0.11428571428571428,0.16666666666666666,0.16666666666666666,0.11428571428571428,0.20833333333333334,0.3333333333333333,0.5,0.6666666666666666,1.0,1.0,0.16666666666666666,0.5,0.6666666666666666,1.0,1.0,0,0,results/mssp_adversarial/ds03/matched_delay/matched_false_flag_comparisons.csv,5.0,0.0,1.0,5.0,0.0,1.0,0.5294117647058824,0.027777777777777776,0.3333333333333333,0.29411764705882354,0.2222222222222222,0.2777777777777778
ds03,lstm_autoencoder,1,0.01,causal_regime,not_exceeding,0.025,148,False,0.013513513513513514,0.02027027027027027,0.006756756756756757,0.06562096406767555,0.06715334791115142,0.06715334791115142,0.06715334791115142,5,0,1,-5.0,-5.0,5.0,10.0,13.0,10.0,7.0,8.0,5.0,11.0,0.0,0.0,0.0,0.0,0.0,0.0,0.0,0.0,0.0,0.0,0.5,0.0,0.0,0.0,0.6666666666666666,0.8333333333333334,0,0,results/mssp_adversarial/ds03/matched_delay/matched_false_flag_comparisons.csv,22.0,13.0,8.0,5.0,4.0,5.0,0.058823529411764705,0.0,0.05555555555555555,0.11764705882352941,0.0,0.05555555555555555
ds03,lstm_autoencoder,1,0.01,causal_regime,not_exceeding,0.05,148,False,0.0472972972972973,0.04054054054054054,-0.006756756756756757,0.04135626917817706,0.042322022723792756,0.05209451270253212,0.05209451270253212,4,0,2,-4.0,-2.0,5.0,7.0,5.0,9.0,7.0,8.0,5.0,11.0,0.05555555555555555,0.0,0.041666666666666664,0.05555555555555555,0.0,0.041666666666666664,0.0,0.0,0.0,0.3333333333333333,0.8333333333333334,0.16666666666666666,0.3333333333333333,0.3333333333333333,0.6666666666666666,0.8333333333333334,0,0,results/mssp_adversarial/ds03/matched_delay/matched_false_flag_comparisons.csv,16.0,4.0,8.0,5.0,0.0,1.0,0.17647058823529413,0.0,0.1111111111111111,0.11764705882352941,0.027777777777777776,0.05555555555555555
ds03,lstm_autoencoder,1,0.01,causal_regime,not_exceeding,0.1,148,True,0.0945945945945946,0.0945945945945946,0.0,0.02793285250948253,0.02793285250948253,0.0360073348498562,0.0360073348498562,2,3,1,0.0,-1.0,3.0,4.0,5.0,6.0,1.0,5.0,5.0,3.0,0.05555555555555555,0.0,0.125,0.05555555555555555,0.05714285714285714,0.08333333333333333,0.0,0.3333333333333333,0.3333333333333333,0.8333333333333334,1.0,0.16666666666666666,0.3333333333333333,0.5,1.0,1.0,0,0,results/mssp_adversarial/ds03/matched_delay/matched_false_flag_comparisons.csv,5.0,4.0,1.0,5.0,0.0,1.0,0.35294117647058826,0.0,0.2222222222222222,0.11764705882352941,0.1111111111111111,0.16666666666666666
ds03,lstm_autoencoder,1,0.01,causal_regime,not_exceeding,0.15,148,False,0.14864864864864866,0.14189189189189189,-0.006756756756756771,0.02376511113811073,0.02376511113811073,0.030634834526960843,0.030634834526960843,1,3,2,0.0,0.0,1.0,1.0,2.0,6.0,0.0,5.0,3.0,1.0,0.2777777777777778,0.0,0.16666666666666666,0.1111111111111111,0.11428571428571428,0.125,0.3333333333333333,0.5,0.6666666666666666,0.8333333333333334,1.0,0.16666666666666666,0.5,0.6666666666666666,1.0,1.0,0,0,results/mssp_adversarial/ds03/matched_delay/matched_false_flag_comparisons.csv,5.0,0.0,1.0,5.0,0.0,1.0,0.4117647058823529,0.027777777777777776,0.2777777777777778,0.17647058823529413,0.16666666666666666,0.16666666666666666
ds03,lstm_autoencoder,1,0.01,causal_regime,not_exceeding,0.2,148,False,0.1891891891891892,0.19594594594594594,0.006756756756756743,0.023222810962777247,0.023222810962777247,0.0254691843897454,0.0254691843897454,1,3,2,0.0,0.0,1.0,1.0,2.0,6.0,0.0,5.0,3.0,1.0,0.3333333333333333,0.08571428571428572,0.16666666666666666,0.16666666666666666,0.11428571428571428,0.16666666666666666,0.3333333333333333,0.5,0.6666666666666666,0.8333333333333334,1.0,0.16666666666666666,0.5,0.6666666666666666,1.0,1.0,0,0,results/mssp_adversarial/ds03/matched_delay/matched_false_flag_comparisons.csv,5.0,0.0,1.0,5.0,0.0,1.0,0.5294117647058824,0.027777777777777776,0.2777777777777778,0.29411764705882354,0.2222222222222222,0.2777777777777778
ds03,lstm_autoencoder,1,0.02,phase_conditioned,nearest,0.025,148,True,0.02702702702702703,0.02702702702702703,0.0,0.08858667904100823,0.08858667904100823,0.0949387717927582,0.10412232560483044,2,2,2,0.0,1.0,5.0,4.0,5.0,6.0,3.0,8.0,5.0,3.0,0.0,0.0,0.0,0.0,0.02857142857142857,0.0,0.0,0.16666666666666666,0.3333333333333333,0.8333333333333334,1.0,0.16666666666666666,0.16666666666666666,0.3333333333333333,0.8333333333333334,1.0,0,0,results/mssp_adversarial/ds03/matched_delay/matched_false_flag_comparisons.csv,5.0,4.0,1.0,5.0,0.0,5.0,0.11764705882352941,0.0,0.1111111111111111,0.11764705882352941,0.0,0.05555555555555555
ds03,lstm_autoencoder,1,0.02,phase_conditioned,nearest,0.05,148,True,0.0472972972972973,0.0472972972972973,0.0,0.08265958738801812,0.084589857965743,0.08077336398796711,0.08077336398796711,3,3,0,-1.0,-3.0,1.0,4.0,5.0,6.0,3.0,5.0,5.0,1.0,0.0,0.0,0.08333333333333333,0.0,0.02857142857142857,0.0,0.0,0.16666666666666666,0.3333333333333333,0.8333333333333334,1.0,0.16666666666666666,0.5,0.5,1.0,1.0,0,0,results/mssp_adversarial/ds03/matched_delay/matched_false_flag_comparisons.csv,5.0,4.0,1.0,5.0,0.0,1.0,0.17647058823529413,0.0,0.1111111111111111,0.17647058823529413,0.05555555555555555,0.05555555555555555
ds03,lstm_autoencoder,1,0.02,phase_conditioned,nearest,0.1,148,True,0.10135135135135136,0.10135135135135136,0.0,0.05983321728796282,0.05983321728796282,0.06872151605431122,0.06880928783802917,0,6,0,0.0,0.0,1.0,1.0,5.0,5.0,1.0,5.0,5.0,1.0,0.1111111111111111,0.0,0.08333333333333333,0.05555555555555555,0.02857142857142857,0.08333333333333333,0.16666666666666666,0.5,0.5,1.0,1.0,0.16666666666666666,0.5,0.5,1.0,1.0,0,0,results/mssp_adversarial/ds03/matched_delay/matched_false_flag_comparisons.csv,5.0,0.0,1.0,5.0,0.0,1.0,0.29411764705882354,0.05555555555555555,0.2222222222222222,0.17647058823529413,0.16666666666666666,0.1111111111111111
ds03,lstm_autoencoder,1,0.02,phase_conditioned,nearest,0.15,148,True,0.14864864864864866,0.14864864864864866,0.0,0.053311026216670325,0.053311026216670325,0.057133684283155795,0.057133684283155795,1,3,2,0.0,1.0,1.0,0.0,2.0,3.0,0.0,5.0,1.0,0.0,0.1111111111111111,0.02857142857142857,0.125,0.1111111111111111,0.02857142857142857,0.125,0.5,0.5,0.8333333333333334,1.0,1.0,0.3333333333333333,0.6666666666666666,0.6666666666666666,1.0,1.0,0,0,results/mssp_adversarial/ds03/matched_delay/matched_false_flag_comparisons.csv,5.0,0.0,0.0,5.0,0.0,1.0,0.4117647058823529,0.08333333333333333,0.3333333333333333,0.35294117647058826,0.16666666666666666,0.2222222222222222
ds03,lstm_autoencoder,1,0.02,phase_conditioned,nearest,0.2,148,True,0.20270270270270271,0.20270270270270271,0.0,0.046415888336127774,0.047499794346614124,0.049744131713774516,0.049744131713774516,1,5,0,0.0,0.0,0.0,0.0,2.0,3.0,0.0,2.0,1.0,0.0,0.2222222222222222,0.02857142857142857,0.16666666666666666,0.1111111111111111,0.08571428571428572,0.16666666666666666,0.5,0.5,0.8333333333333334,1.0,1.0,0.5,0.6666666666666666,0.8333333333333334,1.0,1.0,0,0,results/mssp_adversarial/ds03/matched_delay/matched_false_flag_comparisons.csv,5.0,0.0,0.0,5.0,0.0,0.0,0.5294117647058824,0.1388888888888889,0.3888888888888889,0.5294117647058824,0.2222222222222222,0.2222222222222222
ds03,lstm_autoencoder,1,0.02,phase_conditioned,not_exceeding,0.025,148,True,0.02027027027027027,0.02027027027027027,0.0,0.11419421680558647,0.11686088553466509,0.11419421680558647,0.11419421680558647,2,3,1,0.0,0.0,5.0,5.0,8.0,9.0,3.0,8.0,6.0,3.0,0.0,0.0,0.0,0.0,0.0,0.0,0.0,0.0,0.16666666666666666,0.5,0.8333333333333334,0.0,0.0,0.16666666666666666,0.5,0.8333333333333334,0,0,results/mssp_adversarial/ds03/matched_delay/matched_false_flag_comparisons.csv,5.0,12.0,5.0,12.0,4.0,5.0,0.11764705882352941,0.0,0.05555555555555555,0.11764705882352941,0.0,0.05555555555555555
ds03,lstm_autoencoder,1,0.02,phase_conditioned,not_exceeding,0.05,148,True,0.0472972972972973,0.0472972972972973,0.0,0.08265958738801812,0.084589857965743,0.08077336398796711,0.08077336398796711,3,3,0,-1.0,-3.0,1.0,4.0,5.0,6.0,3.0,5.0,5.0,1.0,0.0,0.0,0.08333333333333333,0.0,0.02857142857142857,0.0,0.0,0.16666666666666666,0.3333333333333333,0.8333333333333334,1.0,0.16666666666666666,0.5,0.5,1.0,1.0,0,0,results/mssp_adversarial/ds03/matched_delay/matched_false_flag_comparisons.csv,5.0,4.0,1.0,5.0,0.0,1.0,0.17647058823529413,0.0,0.1111111111111111,0.17647058823529413,0.05555555555555555,0.05555555555555555
ds03,lstm_autoencoder,1,0.02,phase_conditioned,not_exceeding,0.1,148,False,0.08108108108108109,0.0945945945945946,0.013513513513513514,0.06412354795576918,0.06562096406767555,0.07032630413380643,0.07364918067322965,0,6,0,0.0,0.0,1.0,1.0,5.0,5.0,1.0,5.0,5.0,1.0,0.1111111111111111,0.0,0.08333333333333333,0.05555555555555555,0.02857142857142857,0.08333333333333333,0.16666666666666666,0.5,0.5,1.0,1.0,0.16666666666666666,0.5,0.5,1.0,1.0,0,0,results/mssp_adversarial/ds03/matched_delay/matched_false_flag_comparisons.csv,5.0,0.0,1.0,5.0,0.0,1.0,0.23529411764705882,0.05555555555555555,0.1111111111111111,0.17647058823529413,0.1388888888888889,0.1111111111111111
ds03,lstm_autoencoder,1,0.02,phase_conditioned,not_exceeding,0.15,148,True,0.14864864864864866,0.14864864864864866,0.0,0.053311026216670325,0.053311026216670325,0.057133684283155795,0.057133684283155795,1,3,2,0.0,1.0,1.0,0.0,2.0,3.0,0.0,5.0,1.0,0.0,0.1111111111111111,0.02857142857142857,0.125,0.1111111111111111,0.02857142857142857,0.125,0.5,0.5,0.8333333333333334,1.0,1.0,0.3333333333333333,0.6666666666666666,0.6666666666666666,1.0,1.0,0,0,results/mssp_adversarial/ds03/matched_delay/matched_false_flag_comparisons.csv,5.0,0.0,0.0,5.0,0.0,1.0,0.4117647058823529,0.08333333333333333,0.3333333333333333,0.35294117647058826,0.16666666666666666,0.2222222222222222
ds03,lstm_autoencoder,1,0.02,phase_conditioned,not_exceeding,0.2,148,False,0.1891891891891892,0.19594594594594594,0.006756756756756743,0.048609011781306305,0.048609011781306305,0.050905759020366814,0.050905759020366814,1,5,0,0.0,0.0,0.0,0.0,2.0,3.0,0.0,2.0,1.0,0.0,0.1111111111111111,0.02857142857142857,0.16666666666666666,0.1111111111111111,0.08571428571428572,0.16666666666666666,0.5,0.5,0.8333333333333334,1.0,1.0,0.5,0.6666666666666666,0.8333333333333334,1.0,1.0,0,0,results/mssp_adversarial/ds03/matched_delay/matched_false_flag_comparisons.csv,5.0,0.0,0.0,5.0,0.0,0.0,0.5294117647058824,0.1388888888888889,0.3888888888888889,0.47058823529411764,0.2222222222222222,0.2222222222222222
ds03,lstm_autoencoder,1,0.02,causal_regime,nearest,0.025,148,True,0.02702702702702703,0.02027027027027027,-0.006756756756756757,0.08858667904100823,0.08858667904100823,0.11686088553466509,0.11686088553466509,2,2,2,0.0,1.0,5.0,4.0,5.0,6.0,3.0,8.0,5.0,11.0,0.0,0.0,0.0,0.0,0.0,0.0,0.0,0.16666666666666666,0.3333333333333333,0.8333333333333334,1.0,0.16666666666666666,0.3333333333333333,0.3333333333333333,0.6666666666666666,0.8333333333333334,0,0,results/mssp_adversarial/ds03/matched_delay/matched_false_flag_comparisons.csv,5.0,4.0,1.0,5.0,0.0,1.0,0.11764705882352941,0.0,0.1111111111111111,0.11764705882352941,0.027777777777777776,0.0
ds03,lstm_autoencoder,1,0.02,causal_regime,nearest,0.05,148,True,0.0472972972972973,0.0472972972972973,0.0,0.08265958738801812,0.084589857965743,0.08858667904100823,0.09065535934216358,2,2,2,0.0,-1.0,3.0,4.0,5.0,6.0,3.0,8.0,3.0,7.0,0.0,0.0,0.08333333333333333,0.0,0.02857142857142857,0.0,0.0,0.16666666666666666,0.3333333333333333,0.8333333333333334,1.0,0.16666666666666666,0.3333333333333333,0.5,0.6666666666666666,1.0,0,0,results/mssp_adversarial/ds03/matched_delay/matched_false_flag_comparisons.csv,5.0,4.0,1.0,5.0,0.0,1.0,0.17647058823529413,0.0,0.1111111111111111,0.11764705882352941,0.08333333333333333,0.05555555555555555
ds03,lstm_autoencoder,1,0.02,causal_regime,nearest,0.1,148,True,0.10135135135135136,0.0945945945945946,-0.006756756756756757,0.05983321728796282,0.05983321728796282,0.06872151605431122,0.07032630413380643,1,5,0,0.0,0.0,1.0,1.0,5.0,5.0,1.0,5.0,3.0,1.0,0.1111111111111111,0.0,0.08333333333333333,0.05555555555555555,0.02857142857142857,0.041666666666666664,0.16666666666666666,0.5,0.5,1.0,1.0,0.16666666666666666,0.5,0.6666666666666666,1.0,1.0,0,0,results/mssp_adversarial/ds03/matched_delay/matched_false_flag_comparisons.csv,5.0,0.0,1.0,5.0,0.0,1.0,0.29411764705882354,0.05555555555555555,0.2222222222222222,0.17647058823529413,0.19444444444444445,0.05555555555555555
ds03,lstm_autoencoder,1,0.02,causal_regime,nearest,0.15,148,True,0.14864864864864866,0.14864864864864866,0.0,0.053311026216670325,0.053311026216670325,0.05983321728796282,0.05983321728796282,1,3,2,0.0,1.0,1.0,0.0,2.0,3.0,0.0,5.0,1.0,1.0,0.1111111111111111,0.02857142857142857,0.125,0.1111111111111111,0.05714285714285714,0.08333333333333333,0.5,0.5,0.8333333333333334,1.0,1.0,0.3333333333333333,0.6666666666666666,0.6666666666666666,1.0,1.0,0,0,results/mssp_adversarial/ds03/matched_delay/matched_false_flag_comparisons.csv,5.0,0.0,0.0,5.0,0.0,0.0,0.4117647058823529,0.08333333333333333,0.3333333333333333,0.23529411764705882,0.25,0.16666666666666666
ds03,lstm_autoencoder,1,0.02,causal_regime,nearest,0.2,148,True,0.20270270270270271,0.20270270270270271,0.0,0.046415888336127774,0.047499794346614124,0.050905759020366814,0.05209451270253212,1,3,2,0.0,1.0,1.0,0.0,2.0,3.0,0.0,5.0,1.0,1.0,0.2222222222222222,0.02857142857142857,0.16666666666666666,0.16666666666666666,0.17142857142857143,0.125,0.5,0.5,0.8333333333333334,1.0,1.0,0.3333333333333333,0.6666666666666666,0.6666666666666666,1.0,1.0,0,0,results/mssp_adversarial/ds03/matched_delay/matched_false_flag_comparisons.csv,5.0,0.0,0.0,5.0,0.0,0.0,0.5294117647058824,0.1388888888888889,0.3888888888888889,0.29411764705882354,0.2777777777777778,0.16666666666666666
ds03,lstm_autoencoder,1,0.02,causal_regime,not_exceeding,0.025,148,True,0.02027027027027027,0.02027027027027027,0.0,0.11419421680558647,0.11686088553466509,0.11686088553466509,0.11686088553466509,3,2,1,-4.0,0.0,5.0,5.0,8.0,9.0,3.0,8.0,5.0,11.0,0.0,0.0,0.0,0.0,0.0,0.0,0.0,0.0,0.16666666666666666,0.5,0.8333333333333334,0.16666666666666666,0.3333333333333333,0.3333333333333333,0.6666666666666666,0.8333333333333334,0,0,results/mssp_adversarial/ds03/matched_delay/matched_false_flag_comparisons.csv,5.0,12.0,5.0,5.0,0.0,1.0,0.11764705882352941,0.0,0.05555555555555555,0.11764705882352941,0.027777777777777776,0.0
ds03,lstm_autoencoder,1,0.02,causal_regime,not_exceeding,0.05,148,True,0.0472972972972973,0.0472972972972973,0.0,0.08265958738801812,0.084589857965743,0.08858667904100823,0.09065535934216358,2,2,2,0.0,-1.0,3.0,4.0,5.0,6.0,3.0,8.0,3.0,7.0,0.0,0.0,0.08333333333333333,0.0,0.02857142857142857,0.0,0.0,0.16666666666666666,0.3333333333333333,0.8333333333333334,1.0,0.16666666666666666,0.3333333333333333,0.5,0.6666666666666666,1.0,0,0,results/mssp_adversarial/ds03/matched_delay/matched_false_flag_comparisons.csv,5.0,4.0,1.0,5.0,0.0,1.0,0.17647058823529413,0.0,0.1111111111111111,0.11764705882352941,0.08333333333333333,0.05555555555555555
ds03,lstm_autoencoder,1,0.02,causal_regime,not_exceeding,0.1,148,False,0.08108108108108109,0.0945945945945946,0.013513513513513514,0.06412354795576918,0.06562096406767555,0.06872151605431122,0.07032630413380643,1,5,0,0.0,0.0,1.0,1.0,5.0,5.0,1.0,5.0,3.0,1.0,0.1111111111111111,0.0,0.08333333333333333,0.05555555555555555,0.02857142857142857,0.041666666666666664,0.16666666666666666,0.5,0.5,1.0,1.0,0.16666666666666666,0.5,0.6666666666666666,1.0,1.0,0,0,results/mssp_adversarial/ds03/matched_delay/matched_false_flag_comparisons.csv,5.0,0.0,1.0,5.0,0.0,1.0,0.23529411764705882,0.05555555555555555,0.1111111111111111,0.17647058823529413,0.19444444444444445,0.05555555555555555
ds03,lstm_autoencoder,1,0.02,causal_regime,not_exceeding,0.15,148,True,0.14864864864864866,0.14864864864864866,0.0,0.053311026216670325,0.053311026216670325,0.05983321728796282,0.05983321728796282,1,3,2,0.0,1.0,1.0,0.0,2.0,3.0,0.0,5.0,1.0,1.0,0.1111111111111111,0.02857142857142857,0.125,0.1111111111111111,0.05714285714285714,0.08333333333333333,0.5,0.5,0.8333333333333334,1.0,1.0,0.3333333333333333,0.6666666666666666,0.6666666666666666,1.0,1.0,0,0,results/mssp_adversarial/ds03/matched_delay/matched_false_flag_comparisons.csv,5.0,0.0,0.0,5.0,0.0,0.0,0.4117647058823529,0.08333333333333333,0.3333333333333333,0.23529411764705882,0.25,0.16666666666666666
ds03,lstm_autoencoder,1,0.02,causal_regime,not_exceeding,0.2,148,False,0.1891891891891892,0.19594594594594594,0.006756756756756743,0.048609011781306305,0.048609011781306305,0.053311026216670325,0.053311026216670325,1,3,2,0.0,1.0,1.0,0.0,2.0,3.0,0.0,5.0,1.0,1.0,0.1111111111111111,0.02857142857142857,0.16666666666666666,0.16666666666666666,0.17142857142857143,0.125,0.5,0.5,0.8333333333333334,1.0,1.0,0.3333333333333333,0.6666666666666666,0.6666666666666666,1.0,1.0,0,0,results/mssp_adversarial/ds03/matched_delay/matched_false_flag_comparisons.csv,5.0,0.0,0.0,5.0,0.0,0.0,0.5294117647058824,0.1388888888888889,0.3888888888888889,0.29411764705882354,0.25,0.16666666666666666
ds03,lstm_autoencoder,2,0.005,phase_conditioned,nearest,0.025,148,True,0.02702702702702703,0.02702702702702703,0.0,0.02269288562880081,0.02269288562880081,0.02606394198314347,0.027295447924020073,3,1,2,-3.0,4.0,9.0,5.0,5.0,13.0,1.0,5.0,9.0,11.0,0.0,0.0,0.0,0.0,0.0,0.041666666666666664,0.0,0.16666666666666666,0.3333333333333333,0.5,0.5,0.0,0.0,0.0,0.16666666666666666,0.6666666666666666,0,0,results/mssp_adversarial/ds03/matched_delay/matched_false_flag_comparisons.csv,22.0,16.0,2.0,19.0,9.0,8.0,0.058823529411764705,0.0,0.16666666666666666,0.058823529411764705,0.0,0.1111111111111111
ds03,lstm_autoencoder,2,0.005,phase_conditioned,nearest,0.05,148,True,0.0472972972972973,0.0472972972972973,0.0,0.018866408039732583,0.018866408039732583,0.017202397247935992,0.017202397247935992,3,3,0,-1.0,0.0,5.0,5.0,5.0,10.0,1.0,5.0,9.0,1.0,0.05555555555555555,0.0,0.041666666666666664,0.0,0.0,0.08333333333333333,0.0,0.16666666666666666,0.3333333333333333,0.5,0.6666666666666666,0.0,0.16666666666666666,0.3333333333333333,0.5,0.8333333333333334,0,0,results/mssp_adversarial/ds03/matched_delay/matched_false_flag_comparisons.csv,22.0,15.0,2.0,19.0,9.0,2.0,0.058823529411764705,0.0,0.2222222222222222,0.058823529411764705,0.0,0.2222222222222222
ds03,lstm_autoencoder,2,0.005,phase_conditioned,nearest,0.1,148,True,0.10135135135135136,0.0945945945945946,-0.006756756756756757,0.013040319151841315,0.013040319151841315,0.01397537301842291,0.014635701180190797,1,2,3,0.0,3.0,5.0,2.0,2.0,7.0,1.0,5.0,7.0,1.0,0.2222222222222222,0.0,0.125,0.05555555555555555,0.0,0.20833333333333334,0.16666666666666666,0.3333333333333333,0.5,0.5,0.8333333333333334,0.0,0.16666666666666666,0.3333333333333333,0.5,0.8333333333333334,0,0,results/mssp_adversarial/ds03/matched_delay/matched_false_flag_comparisons.csv,6.0,13.0,0.0,19.0,9.0,2.0,0.17647058823529413,0.0,0.2777777777777778,0.17647058823529413,0.0,0.2777777777777778
ds03,lstm_autoencoder,2,0.005,phase_conditioned,nearest,0.15,148,False,0.14864864864864866,0.14189189189189189,-0.006756756756756771,0.009885245709128281,0.009885245709128281,0.011618843640511002,0.011618843640511002,1,4,1,0.0,1.0,2.0,1.0,2.0,7.0,1.0,2.0,7.0,1.0,0.3333333333333333,0.0,0.20833333333333334,0.2222222222222222,0.02857142857142857,0.20833333333333334,0.3333333333333333,0.5,0.6666666666666666,0.6666666666666666,0.8333333333333334,0.16666666666666666,0.3333333333333333,0.5,0.5,1.0,0,0,results/mssp_adversarial/ds03/matched_delay/matched_false_flag_comparisons.csv,0.0,13.0,0.0,6.0,9.0,0.0,0.35294117647058826,0.0,0.2777777777777778,0.35294117647058826,0.0,0.2777777777777778
ds03,lstm_autoencoder,2,0.005,phase_conditioned,nearest,0.2,148,False,0.20945945945945946,0.20270270270270271,-0.006756756756756743,0.009013370389517439,0.009223851039358476,0.009335154826958106,0.009439246843247663,1,5,0,0.0,0.0,1.0,1.0,2.0,7.0,1.0,2.0,7.0,1.0,0.5,0.08571428571428572,0.20833333333333334,0.3888888888888889,0.08571428571428572,0.25,0.3333333333333333,0.5,0.6666666666666666,0.6666666666666666,0.8333333333333334,0.3333333333333333,0.6666666666666666,0.8333333333333334,0.8333333333333334,1.0,0,0,results/mssp_adversarial/ds03/matched_delay/matched_false_flag_comparisons.csv,0.0,12.0,0.0,0.0,1.0,0.0,0.47058823529411764,0.0,0.3333333333333333,0.4117647058823529,0.05555555555555555,0.2777777777777778
ds03,lstm_autoencoder,2,0.005,phase_conditioned,not_exceeding,0.025,148,False,0.013513513513513514,0.02027027027027027,0.006756756756756757,0.024320075132679475,0.0254691843897454,0.02793285250948253,0.02793285250948253,5,1,0,-5.0,-4.0,9.0,13.0,14.0,13.0,12.0,5.0,9.0,11.0,0.0,0.0,0.0,0.0,0.0,0.041666666666666664,0.0,0.0,0.0,0.0,0.16666666666666666,0.0,0.0,0.0,0.16666666666666666,0.6666666666666666,0,0,results/mssp_adversarial/ds03/matched_delay/matched_false_flag_comparisons.csv,24.0,16.0,8.0,19.0,9.0,8.0,0.058823529411764705,0.0,0.05555555555555555,0.058823529411764705,0.0,0.05555555555555555
ds03,lstm_autoencoder,2,0.005,phase_conditioned,not_exceeding,0.05,148,True,0.0472972972972973,0.0472972972972973,0.0,0.018866408039732583,0.018866408039732583,0.017202397247935992,0.017202397247935992,3,3,0,-1.0,0.0,5.0,5.0,5.0,10.0,1.0,5.0,9.0,1.0,0.05555555555555555,0.0,0.041666666666666664,0.0,0.0,0.08333333333333333,0.0,0.16666666666666666,0.3333333333333333,0.5,0.6666666666666666,0.0,0.16666666666666666,0.3333333333333333,0.5,0.8333333333333334,0,0,results/mssp_adversarial/ds03/matched_delay/matched_false_flag_comparisons.csv,22.0,15.0,2.0,19.0,9.0,2.0,0.058823529411764705,0.0,0.2222222222222222,0.058823529411764705,0.0,0.2222222222222222
ds03,lstm_autoencoder,2,0.005,phase_conditioned,not_exceeding,0.1,148,True,0.0945945945945946,0.0945945945945946,0.0,0.01397537301842291,0.014301726587350879,0.01397537301842291,0.014635701180190797,1,2,3,0.0,3.0,5.0,2.0,2.0,7.0,1.0,5.0,7.0,1.0,0.16666666666666666,0.0,0.125,0.05555555555555555,0.0,0.20833333333333334,0.16666666666666666,0.3333333333333333,0.5,0.5,0.8333333333333334,0.0,0.16666666666666666,0.3333333333333333,0.5,0.8333333333333334,0,0,results/mssp_adversarial/ds03/matched_delay/matched_false_flag_comparisons.csv,6.0,15.0,0.0,19.0,9.0,2.0,0.17647058823529413,0.0,0.2777777777777778,0.17647058823529413,0.0,0.2777777777777778
ds03,lstm_autoencoder,2,0.005,phase_conditioned,not_exceeding,0.15,148,False,0.14864864864864866,0.14189189189189189,-0.006756756756756771,0.009885245709128281,0.009885245709128281,0.011618843640511002,0.011618843640511002,1,4,1,0.0,1.0,2.0,1.0,2.0,7.0,1.0,2.0,7.0,1.0,0.3333333333333333,0.0,0.20833333333333334,0.2222222222222222,0.02857142857142857,0.20833333333333334,0.3333333333333333,0.5,0.6666666666666666,0.6666666666666666,0.8333333333333334,0.16666666666666666,0.3333333333333333,0.5,0.5,1.0,0,0,results/mssp_adversarial/ds03/matched_delay/matched_false_flag_comparisons.csv,0.0,13.0,0.0,6.0,9.0,0.0,0.35294117647058826,0.0,0.2777777777777778,0.35294117647058826,0.0,0.2777777777777778
ds03,lstm_autoencoder,2,0.005,phase_conditioned,not_exceeding,0.2,148,False,0.18243243243243243,0.19594594594594594,0.013513513513513514,0.009439246843247663,0.009439246843247663,0.009659672580093832,0.009659672580093832,1,5,0,0.0,0.0,1.0,1.0,2.0,7.0,1.0,2.0,7.0,1.0,0.4444444444444444,0.05714285714285714,0.20833333333333334,0.3333333333333333,0.08571428571428572,0.25,0.3333333333333333,0.5,0.6666666666666666,0.6666666666666666,0.8333333333333334,0.3333333333333333,0.5,0.6666666666666666,0.8333333333333334,1.0,0,0,results/mssp_adversarial/ds03/matched_delay/matched_false_flag_comparisons.csv,0.0,13.0,0.0,0.0,4.0,0.0,0.4117647058823529,0.0,0.2777777777777778,0.4117647058823529,0.05555555555555555,0.2777777777777778
ds03,lstm_autoencoder,2,0.005,causal_regime,nearest,0.025,148,True,0.02702702702702703,0.02702702702702703,0.0,0.02269288562880081,0.02269288562880081,0.03135022062565112,0.032082312454210775,3,0,3,-4.0,4.0,9.0,5.0,5.0,13.0,1.0,12.0,9.0,11.0,0.0,0.0,0.0,0.05555555555555555,0.0,0.041666666666666664,0.0,0.16666666666666666,0.3333333333333333,0.5,0.5,0.0,0.0,0.0,0.16666666666666666,0.5,0,0,results/mssp_adversarial/ds03/matched_delay/matched_false_flag_comparisons.csv,22.0,16.0,2.0,16.0,9.0,5.0,0.058823529411764705,0.0,0.16666666666666666,0.058823529411764705,0.0,0.05555555555555555
ds03,lstm_autoencoder,2,0.005,causal_regime,nearest,0.05,148,True,0.0472972972972973,0.0472972972972973,0.0,0.018866408039732583,0.018866408039732583,0.027295447924020073,0.027295447924020073,3,1,2,-3.0,2.0,7.0,5.0,5.0,10.0,1.0,5.0,7.0,9.0,0.05555555555555555,0.0,0.041666666666666664,0.05555555555555555,0.0,0.041666666666666664,0.0,0.16666666666666666,0.3333333333333333,0.5,0.6666666666666666,0.0,0.0,0.0,0.3333333333333333,0.8333333333333334,0,0,results/mssp_adversarial/ds03/matched_delay/matched_false_flag_comparisons.csv,22.0,15.0,2.0,16.0,9.0,5.0,0.058823529411764705,0.0,0.2222222222222222,0.11764705882352941,0.0,0.16666666666666666
ds03,lstm_autoencoder,2,0.005,causal_regime,nearest,0.1,148,True,0.10135135135135136,0.10135135135135136,0.0,0.013040319151841315,0.013040319151841315,0.017202397247935992,0.017202397247935992,3,0,3,-1.0,2.0,4.0,2.0,2.0,7.0,1.0,5.0,5.0,4.0,0.2222222222222222,0.0,0.125,0.1111111111111111,0.08571428571428572,0.16666666666666666,0.16666666666666666,0.3333333333333333,0.5,0.5,0.8333333333333334,0.0,0.16666666666666666,0.16666666666666666,1.0,1.0,0,0,results/mssp_adversarial/ds03/matched_delay/matched_false_flag_comparisons.csv,6.0,13.0,0.0,5.0,4.0,1.0,0.17647058823529413,0.0,0.2777777777777778,0.11764705882352941,0.027777777777777776,0.16666666666666666
ds03,lstm_autoencoder,2,0.005,causal_regime,nearest,0.15,148,True,0.14864864864864866,0.14864864864864866,0.0,0.009885245709128281,0.009885245709128281,0.012995245641838352,0.012995245641838352,2,1,3,0.0,0.0,1.0,1.0,2.0,7.0,1.0,5.0,5.0,1.0,0.3333333333333333,0.0,0.20833333333333334,0.2222222222222222,0.08571428571428572,0.25,0.3333333333333333,0.5,0.6666666666666666,0.6666666666666666,0.8333333333333334,0.16666666666666666,0.5,0.5,1.0,1.0,0,0,results/mssp_adversarial/ds03/matched_delay/matched_false_flag_comparisons.csv,0.0,13.0,0.0,5.0,0.0,1.0,0.35294117647058826,0.0,0.2777777777777778,0.17647058823529413,0.027777777777777776,0.2777777777777778
ds03,lstm_autoencoder,2,0.005,causal_regime,nearest,0.2,148,False,0.20945945945945946,0.1891891891891892,-0.020270270270270258,0.009013370389517439,0.009223851039358476,0.009885245709128281,0.010116086432495808,2,2,2,0.0,0.0,1.0,1.0,2.0,7.0,1.0,4.0,5.0,1.0,0.5,0.08571428571428572,0.20833333333333334,0.2777777777777778,0.11428571428571428,0.25,0.3333333333333333,0.5,0.6666666666666666,0.6666666666666666,0.8333333333333334,0.3333333333333333,0.6666666666666666,0.6666666666666666,1.0,1.0,0,0,results/mssp_adversarial/ds03/matched_delay/matched_false_flag_comparisons.csv,0.0,12.0,0.0,0.0,0.0,1.0,0.47058823529411764,0.0,0.3333333333333333,0.29411764705882354,0.08333333333333333,0.2777777777777778
ds03,lstm_autoencoder,2,0.005,causal_regime,not_exceeding,0.025,148,False,0.013513513513513514,0.02027027027027027,0.006756756756756757,0.024320075132679475,0.0254691843897454,0.0360073348498562,0.037708660259934516,6,0,0,-4.0,-4.0,9.0,13.0,14.0,13.0,12.0,12.0,9.0,11.0,0.0,0.0,0.0,0.05555555555555555,0.0,0.0,0.0,0.0,0.0,0.0,0.16666666666666666,0.0,0.0,0.0,0.16666666666666666,0.5,0,0,results/mssp_adversarial/ds03/matched_delay/matched_false_flag_comparisons.csv,24.0,16.0,8.0,19.0,9.0,5.0,0.058823529411764705,0.0,0.05555555555555555,0.058823529411764705,0.0,0.05555555555555555
ds03,lstm_autoencoder,2,0.005,causal_regime,not_exceeding,0.05,148,True,0.0472972972972973,0.0472972972972973,0.0,0.018866408039732583,0.018866408039732583,0.027295447924020073,0.027295447924020073,3,1,2,-3.0,2.0,7.0,5.0,5.0,10.0,1.0,5.0,7.0,9.0,0.05555555555555555,0.0,0.041666666666666664,0.05555555555555555,0.0,0.041666666666666664,0.0,0.16666666666666666,0.3333333333333333,0.5,0.6666666666666666,0.0,0.0,0.0,0.3333333333333333,0.8333333333333334,0,0,results/mssp_adversarial/ds03/matched_delay/matched_false_flag_comparisons.csv,22.0,15.0,2.0,16.0,9.0,5.0,0.058823529411764705,0.0,0.2222222222222222,0.11764705882352941,0.0,0.16666666666666666
ds03,lstm_autoencoder,2,0.005,causal_regime,not_exceeding,0.1,148,True,0.0945945945945946,0.0945945945945946,0.0,0.01397537301842291,0.014301726587350879,0.017604108438655525,0.018015200408020238,3,0,3,-1.0,3.0,5.0,2.0,2.0,7.0,1.0,5.0,5.0,7.0,0.16666666666666666,0.0,0.125,0.1111111111111111,0.08571428571428572,0.125,0.16666666666666666,0.3333333333333333,0.5,0.5,0.8333333333333334,0.0,0.16666666666666666,0.16666666666666666,0.8333333333333334,1.0,0,0,results/mssp_adversarial/ds03/matched_delay/matched_false_flag_comparisons.csv,6.0,15.0,0.0,5.0,4.0,1.0,0.17647058823529413,0.0,0.2777777777777778,0.11764705882352941,0.027777777777777776,0.16666666666666666
ds03,lstm_autoencoder,2,0.005,causal_regime,not_exceeding,0.15,148,True,0.14864864864864866,0.14864864864864866,0.0,0.009885245709128281,0.009885245709128281,0.012995245641838352,0.012995245641838352,2,1,3,0.0,0.0,1.0,1.0,2.0,7.0,1.0,5.0,5.0,1.0,0.3333333333333333,0.0,0.20833333333333334,0.2222222222222222,0.08571428571428572,0.25,0.3333333333333333,0.5,0.6666666666666666,0.6666666666666666,0.8333333333333334,0.16666666666666666,0.5,0.5,1.0,1.0,0,0,results/mssp_adversarial/ds03/matched_delay/matched_false_flag_comparisons.csv,0.0,13.0,0.0,5.0,0.0,1.0,0.35294117647058826,0.0,0.2777777777777778,0.17647058823529413,0.027777777777777776,0.2777777777777778
ds03,lstm_autoencoder,2,0.005,causal_regime,not_exceeding,0.2,148,False,0.18243243243243243,0.1891891891891892,0.006756756756756771,0.009439246843247663,0.009439246843247663,0.009885245709128281,0.010116086432495808,2,2,2,0.0,0.0,1.0,1.0,2.0,7.0,1.0,4.0,5.0,1.0,0.4444444444444444,0.05714285714285714,0.20833333333333334,0.2777777777777778,0.11428571428571428,0.25,0.3333333333333333,0.5,0.6666666666666666,0.6666666666666666,0.8333333333333334,0.3333333333333333,0.6666666666666666,0.6666666666666666,1.0,1.0,0,0,results/mssp_adversarial/ds03/matched_delay/matched_false_flag_comparisons.csv,0.0,13.0,0.0,0.0,0.0,1.0,0.4117647058823529,0.0,0.2777777777777778,0.29411764705882354,0.08333333333333333,0.2777777777777778
ds03,lstm_autoencoder,2,0.01,phase_conditioned,nearest,0.025,148,True,0.02702702702702703,0.02027027027027027,-0.006756756756756757,0.047499794346614124,0.048609011781306305,0.046415888336127774,0.046415888336127774,4,1,1,-4.0,-4.0,5.0,9.0,12.0,9.0,7.0,11.0,5.0,3.0,0.0,0.0,0.0,0.0,0.0,0.041666666666666664,0.0,0.0,0.0,0.16666666666666666,0.6666666666666666,0.0,0.16666666666666666,0.3333333333333333,0.5,0.6666666666666666,0,0,results/mssp_adversarial/ds03/matched_delay/matched_false_flag_comparisons.csv,16.0,10.0,5.0,16.0,1.0,8.0,0.11764705882352941,0.0,0.1111111111111111,0.058823529411764705,0.0,0.05555555555555555
ds03,lstm_autoencoder,2,0.01,phase_conditioned,nearest,0.05,148,True,0.0472972972972973,0.0472972972972973,0.0,0.04135626917817706,0.04135626917817706,0.040412553329506,0.040412553329506,3,2,1,-4.0,0.0,5.0,5.0,5.0,9.0,7.0,5.0,5.0,3.0,0.05555555555555555,0.0,0.041666666666666664,0.05555555555555555,0.0,0.041666666666666664,0.0,0.0,0.0,0.5,1.0,0.0,0.16666666666666666,0.3333333333333333,0.8333333333333334,0.8333333333333334,0,0,results/mssp_adversarial/ds03/matched_delay/matched_false_flag_comparisons.csv,5.0,10.0,5.0,16.0,1.0,5.0,0.17647058823529413,0.0,0.1111111111111111,0.11764705882352941,0.0,0.16666666666666666
ds03,lstm_autoencoder,2,0.01,phase_conditioned,nearest,0.1,148,True,0.10135135135135136,0.0945945945945946,-0.006756756756756757,0.03135022062565112,0.03135022062565112,0.029252663374366446,0.030634834526960843,2,2,2,0.0,-3.0,2.0,5.0,5.0,7.0,1.0,5.0,5.0,1.0,0.05555555555555555,0.0,0.16666666666666666,0.05555555555555555,0.0,0.08333333333333333,0.0,0.3333333333333333,0.3333333333333333,0.6666666666666666,1.0,0.0,0.3333333333333333,0.5,0.8333333333333334,0.8333333333333334,0,0,results/mssp_adversarial/ds03/matched_delay/matched_false_flag_comparisons.csv,5.0,10.0,1.0,16.0,1.0,2.0,0.29411764705882354,0.0,0.2777777777777778,0.23529411764705882,0.08333333333333333,0.2222222222222222
ds03,lstm_autoencoder,2,0.01,phase_conditioned,nearest,0.15,148,True,0.14864864864864866,0.14864864864864866,0.0,0.025388507408745934,0.0254691843897454,0.024320075132679475,0.024320075132679475,2,3,1,0.0,-4.0,1.0,5.0,5.0,7.0,1.0,5.0,5.0,1.0,0.2222222222222222,0.0,0.16666666666666666,0.1111111111111111,0.0,0.20833333333333334,0.0,0.3333333333333333,0.3333333333333333,0.6666666666666666,1.0,0.0,0.5,0.5,0.8333333333333334,1.0,0,0,results/mssp_adversarial/ds03/matched_delay/matched_false_flag_comparisons.csv,5.0,9.0,1.0,8.0,1.0,1.0,0.4117647058823529,0.027777777777777776,0.3333333333333333,0.4117647058823529,0.08333333333333333,0.2777777777777778
ds03,lstm_autoencoder,2,0.01,phase_conditioned,nearest,0.2,148,True,0.20270270270270271,0.20270270270270271,0.0,0.022175052752539316,0.022175052752539316,0.02166903639411181,0.022175052752539316,2,2,2,0.0,-1.0,1.0,2.0,2.0,7.0,0.0,2.0,5.0,1.0,0.3888888888888889,0.08571428571428572,0.16666666666666666,0.2222222222222222,0.08571428571428572,0.20833333333333334,0.16666666666666666,0.3333333333333333,0.5,0.6666666666666666,1.0,0.16666666666666666,0.5,0.6666666666666666,0.8333333333333334,1.0,0,0,results/mssp_adversarial/ds03/matched_delay/matched_false_flag_comparisons.csv,5.0,9.0,1.0,6.0,0.0,1.0,0.47058823529411764,0.027777777777777776,0.3888888888888889,0.47058823529411764,0.1111111111111111,0.3333333333333333
ds03,lstm_autoencoder,2,0.01,phase_conditioned,not_exceeding,0.025,148,True,0.02027027027027027,0.02027027027027027,0.0,0.053311026216670325,0.05455594781168514,0.046415888336127774,0.046415888336127774,4,1,1,-4.0,-4.0,5.0,9.0,13.0,9.0,7.0,11.0,5.0,3.0,0.0,0.0,0.0,0.0,0.0,0.041666666666666664,0.0,0.0,0.0,0.16666666666666666,0.6666666666666666,0.0,0.16666666666666666,0.3333333333333333,0.5,0.6666666666666666,0,0,results/mssp_adversarial/ds03/matched_delay/matched_false_flag_comparisons.csv,16.0,10.0,5.0,16.0,1.0,8.0,0.11764705882352941,0.0,0.05555555555555555,0.058823529411764705,0.0,0.05555555555555555
ds03,lstm_autoencoder,2,0.01,phase_conditioned,not_exceeding,0.05,148,True,0.0472972972972973,0.0472972972972973,0.0,0.04135626917817706,0.04135626917817706,0.040412553329506,0.040412553329506,3,2,1,-4.0,0.0,5.0,5.0,5.0,9.0,7.0,5.0,5.0,3.0,0.05555555555555555,0.0,0.041666666666666664,0.05555555555555555,0.0,0.041666666666666664,0.0,0.0,0.0,0.5,1.0,0.0,0.16666666666666666,0.3333333333333333,0.8333333333333334,0.8333333333333334,0,0,results/mssp_adversarial/ds03/matched_delay/matched_false_flag_comparisons.csv,5.0,10.0,5.0,16.0,1.0,5.0,0.17647058823529413,0.0,0.1111111111111111,0.11764705882352941,0.0,0.16666666666666666
ds03,lstm_autoencoder,2,0.01,phase_conditioned,not_exceeding,0.1,148,False,0.08783783783783784,0.0945945945945946,0.006756756756756757,0.03438276921143307,0.03438276921143307,0.029252663374366446,0.030634834526960843,2,3,1,0.0,-3.0,2.0,5.0,5.0,7.0,1.0,5.0,5.0,1.0,0.05555555555555555,0.0,0.125,0.05555555555555555,0.0,0.08333333333333333,0.0,0.16666666666666666,0.3333333333333333,0.6666666666666666,1.0,0.0,0.3333333333333333,0.5,0.8333333333333334,0.8333333333333334,0,0,results/mssp_adversarial/ds03/matched_delay/matched_false_flag_comparisons.csv,5.0,10.0,2.0,16.0,1.0,2.0,0.23529411764705882,0.0,0.2777777777777778,0.23529411764705882,0.08333333333333333,0.2222222222222222
ds03,lstm_autoencoder,2,0.01,phase_conditioned,not_exceeding,0.15,148,True,0.14864864864864866,0.14864864864864866,0.0,0.025388507408745934,0.0254691843897454,0.024320075132679475,0.024320075132679475,2,3,1,0.0,-4.0,1.0,5.0,5.0,7.0,1.0,5.0,5.0,1.0,0.2222222222222222,0.0,0.16666666666666666,0.1111111111111111,0.0,0.20833333333333334,0.0,0.3333333333333333,0.3333333333333333,0.6666666666666666,1.0,0.0,0.5,0.5,0.8333333333333334,1.0,0,0,results/mssp_adversarial/ds03/matched_delay/matched_false_flag_comparisons.csv,5.0,9.0,1.0,8.0,1.0,1.0,0.4117647058823529,0.027777777777777776,0.3333333333333333,0.4117647058823529,0.08333333333333333,0.2777777777777778
ds03,lstm_autoencoder,2,0.01,phase_conditioned,not_exceeding,0.2,148,False,0.19594594594594594,0.17567567567567569,-0.020270270270270258,0.022658530114088617,0.02269288562880081,0.02269288562880081,0.02269288562880081,2,2,2,0.0,-1.0,1.0,2.0,2.0,7.0,0.0,2.0,5.0,1.0,0.3888888888888889,0.05714285714285714,0.16666666666666666,0.16666666666666666,0.0,0.20833333333333334,0.16666666666666666,0.3333333333333333,0.5,0.6666666666666666,1.0,0.0,0.5,0.6666666666666666,0.8333333333333334,1.0,0,0,results/mssp_adversarial/ds03/matched_delay/matched_false_flag_comparisons.csv,5.0,9.0,1.0,8.0,1.0,1.0,0.47058823529411764,0.027777777777777776,0.3888888888888889,0.47058823529411764,0.1111111111111111,0.3333333333333333
ds03,lstm_autoencoder,2,0.01,causal_regime,nearest,0.025,148,True,0.02702702702702703,0.02702702702702703,0.0,0.047499794346614124,0.048609011781306305,0.06123044539605184,0.06123044539605184,5,0,1,-4.0,-4.0,5.0,9.0,12.0,9.0,7.0,8.0,5.0,11.0,0.0,0.0,0.0,0.0,0.0,0.041666666666666664,0.0,0.0,0.0,0.16666666666666666,0.6666666666666666,0.0,0.16666666666666666,0.16666666666666666,0.6666666666666666,0.8333333333333334,0,0,results/mssp_adversarial/ds03/matched_delay/matched_false_flag_comparisons.csv,16.0,10.0,5.0,5.0,4.0,1.0,0.11764705882352941,0.0,0.1111111111111111,0.11764705882352941,0.0,0.05555555555555555
ds03,lstm_autoencoder,2,0.01,causal_regime,nearest,0.05,148,True,0.0472972972972973,0.0472972972972973,0.0,0.04135626917817706,0.04135626917817706,0.046415888336127774,0.047499794346614124,4,1,1,-4.0,-2.0,3.0,5.0,5.0,9.0,7.0,8.0,5.0,3.0,0.05555555555555555,0.0,0.041666666666666664,0.05555555555555555,0.0,0.08333333333333333,0.0,0.0,0.0,0.5,1.0,0.0,0.3333333333333333,0.5,0.8333333333333334,1.0,0,0,results/mssp_adversarial/ds03/matched_delay/matched_false_flag_comparisons.csv,5.0,10.0,5.0,5.0,1.0,1.0,0.17647058823529413,0.0,0.1111111111111111,0.11764705882352941,0.027777777777777776,0.05555555555555555
ds03,lstm_autoencoder,2,0.01,causal_regime,nearest,0.1,148,True,0.10135135135135136,0.0945945945945946,-0.006756756756756757,0.03135022062565112,0.03135022062565112,0.03684817982911676,0.037708660259934516,2,3,1,0.0,-2.0,3.0,5.0,5.0,7.0,1.0,5.0,5.0,3.0,0.05555555555555555,0.0,0.16666666666666666,0.05555555555555555,0.08571428571428572,0.08333333333333333,0.0,0.3333333333333333,0.3333333333333333,0.6666666666666666,1.0,0.16666666666666666,0.3333333333333333,0.5,1.0,1.0,0,0,results/mssp_adversarial/ds03/matched_delay/matched_false_flag_comparisons.csv,5.0,10.0,1.0,5.0,0.0,1.0,0.29411764705882354,0.0,0.2777777777777778,0.17647058823529413,0.05555555555555555,0.16666666666666666
ds03,lstm_autoencoder,2,0.01,causal_regime,nearest,0.15,148,False,0.14864864864864866,0.14189189189189189,-0.006756756756756771,0.025388507408745934,0.0254691843897454,0.029935772947204904,0.029935772947204904,2,4,0,0.0,-4.0,1.0,5.0,5.0,7.0,1.0,5.0,5.0,1.0,0.2222222222222222,0.0,0.16666666666666666,0.16666666666666666,0.11428571428571428,0.125,0.0,0.3333333333333333,0.3333333333333333,0.6666666666666666,1.0,0.16666666666666666,0.5,0.5,1.0,1.0,0,0,results/mssp_adversarial/ds03/matched_delay/matched_false_flag_comparisons.csv,5.0,9.0,1.0,5.0,0.0,1.0,0.4117647058823529,0.027777777777777776,0.3333333333333333,0.17647058823529413,0.1388888888888889,0.16666666666666666
ds03,lstm_autoencoder,2,0.01,causal_regime,nearest,0.2,148,False,0.20270270270270271,0.1891891891891892,-0.013513513513513514,0.022175052752539316,0.022175052752539316,0.0254691843897454,0.0254691843897454,2,2,2,0.0,-1.0,1.0,2.0,2.0,7.0,0.0,5.0,5.0,1.0,0.3888888888888889,0.08571428571428572,0.16666666666666666,0.2222222222222222,0.11428571428571428,0.16666666666666666,0.16666666666666666,0.3333333333333333,0.5,0.6666666666666666,1.0,0.16666666666666666,0.5,0.5,1.0,1.0,0,0,results/mssp_adversarial/ds03/matched_delay/matched_false_flag_comparisons.csv,5.0,9.0,1.0,5.0,0.0,1.0,0.47058823529411764,0.027777777777777776,0.3888888888888889,0.29411764705882354,0.16666666666666666,0.2777777777777778
ds03,lstm_autoencoder,2,0.01,causal_regime,not_exceeding,0.025,148,True,0.02027027027027027,0.02027027027027027,0.0,0.053311026216670325,0.05455594781168514,0.07032630413380643,0.07196856730011514,5,0,1,-5.0,-4.0,5.0,9.0,13.0,9.0,7.0,8.0,5.0,11.0,0.0,0.0,0.0,0.0,0.0,0.0,0.0,0.0,0.0,0.16666666666666666,0.6666666666666666,0.0,0.16666666666666666,0.16666666666666666,0.6666666666666666,0.8333333333333334,0,0,results/mssp_adversarial/ds03/matched_delay/matched_false_flag_comparisons.csv,16.0,10.0,5.0,5.0,4.0,1.0,0.11764705882352941,0.0,0.05555555555555555,0.11764705882352941,0.0,0.05555555555555555
ds03,lstm_autoencoder,2,0.01,causal_regime,not_exceeding,0.05,148,True,0.0472972972972973,0.0472972972972973,0.0,0.04135626917817706,0.04135626917817706,0.046415888336127774,0.047499794346614124,4,1,1,-4.0,-2.0,3.0,5.0,5.0,9.0,7.0,8.0,5.0,3.0,0.05555555555555555,0.0,0.041666666666666664,0.05555555555555555,0.0,0.08333333333333333,0.0,0.0,0.0,0.5,1.0,0.0,0.3333333333333333,0.5,0.8333333333333334,1.0,0,0,results/mssp_adversarial/ds03/matched_delay/matched_false_flag_comparisons.csv,5.0,10.0,5.0,5.0,1.0,1.0,0.17647058823529413,0.0,0.1111111111111111,0.11764705882352941,0.027777777777777776,0.05555555555555555
ds03,lstm_autoencoder,2,0.01,causal_regime,not_exceeding,0.1,148,False,0.08783783783783784,0.0945945945945946,0.006756756756756757,0.03438276921143307,0.03438276921143307,0.03684817982911676,0.037708660259934516,3,2,1,-1.0,-2.0,3.0,5.0,5.0,7.0,1.0,5.0,5.0,3.0,0.05555555555555555,0.0,0.125,0.05555555555555555,0.08571428571428572,0.08333333333333333,0.0,0.16666666666666666,0.3333333333333333,0.6666666666666666,1.0,0.16666666666666666,0.3333333333333333,0.5,1.0,1.0,0,0,results/mssp_adversarial/ds03/matched_delay/matched_false_flag_comparisons.csv,5.0,10.0,2.0,5.0,0.0,1.0,0.23529411764705882,0.0,0.2777777777777778,0.17647058823529413,0.05555555555555555,0.16666666666666666
ds03,lstm_autoencoder,2,0.01,causal_regime,not_exceeding,0.15,148,False,0.14864864864864866,0.14189189189189189,-0.006756756756756771,0.025388507408745934,0.0254691843897454,0.029935772947204904,0.029935772947204904,2,4,0,0.0,-4.0,1.0,5.0,5.0,7.0,1.0,5.0,5.0,1.0,0.2222222222222222,0.0,0.16666666666666666,0.16666666666666666,0.11428571428571428,0.125,0.0,0.3333333333333333,0.3333333333333333,0.6666666666666666,1.0,0.16666666666666666,0.5,0.5,1.0,1.0,0,0,results/mssp_adversarial/ds03/matched_delay/matched_false_flag_comparisons.csv,5.0,9.0,1.0,5.0,0.0,1.0,0.4117647058823529,0.027777777777777776,0.3333333333333333,0.17647058823529413,0.1388888888888889,0.16666666666666666
ds03,lstm_autoencoder,2,0.01,causal_regime,not_exceeding,0.2,148,False,0.19594594594594594,0.1891891891891892,-0.006756756756756743,0.022658530114088617,0.02269288562880081,0.0254691843897454,0.0254691843897454,2,2,2,0.0,-1.0,1.0,2.0,2.0,7.0,0.0,5.0,5.0,1.0,0.3888888888888889,0.05714285714285714,0.16666666666666666,0.2222222222222222,0.11428571428571428,0.16666666666666666,0.16666666666666666,0.3333333333333333,0.5,0.6666666666666666,1.0,0.16666666666666666,0.5,0.5,1.0,1.0,0,0,results/mssp_adversarial/ds03/matched_delay/matched_false_flag_comparisons.csv,5.0,9.0,1.0,5.0,0.0,1.0,0.47058823529411764,0.027777777777777776,0.3888888888888889,0.29411764705882354,0.16666666666666666,0.2777777777777778
ds03,lstm_autoencoder,2,0.02,phase_conditioned,nearest,0.025,148,True,0.02702702702702703,0.02702702702702703,0.0,0.08858667904100823,0.08858667904100823,0.0927723475631406,0.09715578646301858,2,4,0,0.0,-1.0,4.0,5.0,8.0,6.0,3.0,8.0,5.0,3.0,0.0,0.0,0.0,0.0,0.0,0.0,0.0,0.16666666666666666,0.3333333333333333,0.5,1.0,0.0,0.16666666666666666,0.3333333333333333,0.8333333333333334,1.0,0,0,results/mssp_adversarial/ds03/matched_delay/matched_false_flag_comparisons.csv,5.0,9.0,1.0,5.0,4.0,1.0,0.11764705882352941,0.0,0.1111111111111111,0.11764705882352941,0.027777777777777776,0.05555555555555555
ds03,lstm_autoencoder,2,0.02,phase_conditioned,nearest,0.05,148,True,0.0472972972972973,0.05405405405405406,0.006756756756756757,0.07712906117627992,0.07712906117627992,0.08265958738801812,0.08265958738801812,3,3,0,-2.0,-4.0,1.0,5.0,5.0,6.0,3.0,5.0,4.0,1.0,0.0,0.0,0.08333333333333333,0.0,0.02857142857142857,0.041666666666666664,0.0,0.16666666666666666,0.3333333333333333,0.6666666666666666,1.0,0.16666666666666666,0.5,0.5,1.0,1.0,0,0,results/mssp_adversarial/ds03/matched_delay/matched_false_flag_comparisons.csv,5.0,9.0,1.0,5.0,0.0,1.0,0.17647058823529413,0.0,0.1111111111111111,0.11764705882352941,0.08333333333333333,0.05555555555555555
ds03,lstm_autoencoder,2,0.02,phase_conditioned,nearest,0.1,148,True,0.10135135135135136,0.10135135135135136,0.0,0.057133684283155795,0.05846787276937589,0.06562096406767555,0.06562096406767555,2,3,1,0.0,-1.0,1.0,2.0,2.0,5.0,1.0,5.0,4.0,1.0,0.16666666666666666,0.0,0.08333333333333333,0.05555555555555555,0.02857142857142857,0.041666666666666664,0.0,0.3333333333333333,0.5,1.0,1.0,0.16666666666666666,0.5,0.5,1.0,1.0,0,0,results/mssp_adversarial/ds03/matched_delay/matched_false_flag_comparisons.csv,5.0,4.0,1.0,5.0,0.0,1.0,0.29411764705882354,0.0,0.2777777777777778,0.17647058823529413,0.1388888888888889,0.2222222222222222
ds03,lstm_autoencoder,2,0.02,phase_conditioned,nearest,0.15,148,False,0.1554054054054054,0.16216216216216217,0.006756756756756771,0.046393897364771154,0.047499794346614124,0.05983321728796282,0.05983321728796282,1,2,3,0.0,1.0,1.0,0.0,2.0,5.0,0.0,5.0,1.0,1.0,0.16666666666666666,0.0,0.125,0.1111111111111111,0.08571428571428572,0.125,0.5,0.5,0.6666666666666666,1.0,1.0,0.16666666666666666,0.6666666666666666,0.6666666666666666,1.0,1.0,0,0,results/mssp_adversarial/ds03/matched_delay/matched_false_flag_comparisons.csv,5.0,0.0,0.0,5.0,0.0,1.0,0.5882352941176471,0.027777777777777776,0.3333333333333333,0.29411764705882354,0.16666666666666666,0.2777777777777778
ds03,lstm_autoencoder,2,0.02,phase_conditioned,nearest,0.2,148,False,0.20945945945945946,0.20270270270270271,-0.006756756756756743,0.04135626917817706,0.042322022723792756,0.050905759020366814,0.05209451270253212,1,3,2,0.0,1.0,1.0,0.0,2.0,5.0,0.0,2.0,1.0,1.0,0.2222222222222222,0.08571428571428572,0.16666666666666666,0.1111111111111111,0.08571428571428572,0.125,0.5,0.5,0.6666666666666666,1.0,1.0,0.16666666666666666,0.6666666666666666,0.8333333333333334,1.0,1.0,0,0,results/mssp_adversarial/ds03/matched_delay/matched_false_flag_comparisons.csv,5.0,0.0,0.0,5.0,0.0,1.0,0.5882352941176471,0.05555555555555555,0.4444444444444444,0.47058823529411764,0.25,0.2777777777777778
ds03,lstm_autoencoder,2,0.02,phase_conditioned,not_exceeding,0.025,148,True,0.02027027027027027,0.02027027027027027,0.0,0.11419421680558647,0.11686088553466509,0.11158839925077481,0.11158839925077481,3,2,1,-3.0,-2.0,5.0,7.0,8.0,9.0,7.0,8.0,6.0,3.0,0.0,0.0,0.0,0.0,0.0,0.0,0.0,0.16666666666666666,0.16666666666666666,0.3333333333333333,0.8333333333333334,0.0,0.0,0.16666666666666666,0.6666666666666666,1.0,0,0,results/mssp_adversarial/ds03/matched_delay/matched_false_flag_comparisons.csv,5.0,12.0,1.0,5.0,4.0,5.0,0.11764705882352941,0.0,0.05555555555555555,0.11764705882352941,0.0,0.05555555555555555
ds03,lstm_autoencoder,2,0.02,phase_conditioned,not_exceeding,0.05,148,False,0.0472972972972973,0.04054054054054054,-0.006756756756756757,0.07712906117627992,0.07712906117627992,0.08656520431290936,0.08656520431290936,2,3,1,0.0,-2.0,3.0,5.0,5.0,6.0,3.0,8.0,5.0,3.0,0.0,0.0,0.08333333333333333,0.0,0.02857142857142857,0.0,0.0,0.16666666666666666,0.3333333333333333,0.6666666666666666,1.0,0.16666666666666666,0.3333333333333333,0.5,0.8333333333333334,1.0,0,0,results/mssp_adversarial/ds03/matched_delay/matched_false_flag_comparisons.csv,5.0,9.0,1.0,5.0,0.0,1.0,0.17647058823529413,0.0,0.1111111111111111,0.11764705882352941,0.05555555555555555,0.05555555555555555
ds03,lstm_autoencoder,2,0.02,phase_conditioned,not_exceeding,0.1,148,False,0.08783783783783784,0.0945945945945946,0.006756756756756757,0.05981877389211383,0.05983321728796282,0.06715334791115142,0.06715334791115142,2,3,1,0.0,-1.0,1.0,2.0,2.0,5.0,1.0,5.0,4.0,1.0,0.16666666666666666,0.0,0.08333333333333333,0.05555555555555555,0.02857142857142857,0.041666666666666664,0.0,0.3333333333333333,0.5,1.0,1.0,0.16666666666666666,0.5,0.5,1.0,1.0,0,0,results/mssp_adversarial/ds03/matched_delay/matched_false_flag_comparisons.csv,5.0,4.0,1.0,5.0,0.0,1.0,0.29411764705882354,0.0,0.16666666666666666,0.17647058823529413,0.1111111111111111,0.2222222222222222
ds03,lstm_autoencoder,2,0.02,phase_conditioned,not_exceeding,0.15,148,False,0.13513513513513514,0.12837837837837837,-0.006756756756756771,0.050905759020366814,0.05209451270253212,0.06123044539605184,0.06123044539605184,2,3,1,0.0,0.0,1.0,1.0,2.0,5.0,1.0,5.0,1.0,1.0,0.16666666666666666,0.0,0.125,0.05555555555555555,0.02857142857142857,0.125,0.0,0.5,0.6666666666666666,1.0,1.0,0.16666666666666666,0.6666666666666666,0.6666666666666666,1.0,1.0,0,0,results/mssp_adversarial/ds03/matched_delay/matched_false_flag_comparisons.csv,5.0,1.0,1.0,5.0,0.0,1.0,0.47058823529411764,0.0,0.3333333333333333,0.17647058823529413,0.16666666666666666,0.2777777777777778
ds03,lstm_autoencoder,2,0.02,phase_conditioned,not_exceeding,0.2,148,False,0.1891891891891892,0.1891891891891892,0.0,0.04277286135693215,0.04331032859169001,0.0558299408744192,0.0558299408744192,1,3,2,0.0,1.0,1.0,0.0,2.0,5.0,0.0,2.0,1.0,1.0,0.2222222222222222,0.02857142857142857,0.16666666666666666,0.1111111111111111,0.08571428571428572,0.125,0.5,0.5,0.6666666666666666,1.0,1.0,0.16666666666666666,0.6666666666666666,0.8333333333333334,1.0,1.0,0,0,results/mssp_adversarial/ds03/matched_delay/matched_false_flag_comparisons.csv,5.0,0.0,0.0,5.0,0.0,1.0,0.5882352941176471,0.05555555555555555,0.3888888888888889,0.35294117647058826,0.25,0.2777777777777778
ds03,lstm_autoencoder,2,0.02,causal_regime,nearest,0.025,148,True,0.02702702702702703,0.02702702702702703,0.0,0.08858667904100823,0.08858667904100823,0.11958982643749794,0.11958982643749794,2,3,1,0.0,0.0,5.0,5.0,8.0,6.0,3.0,8.0,5.0,11.0,0.0,0.0,0.0,0.05555555555555555,0.0,0.0,0.0,0.16666666666666666,0.3333333333333333,0.5,1.0,0.0,0.16666666666666666,0.16666666666666666,0.6666666666666666,0.8333333333333334,0,0,results/mssp_adversarial/ds03/matched_delay/matched_false_flag_comparisons.csv,5.0,9.0,1.0,5.0,4.0,1.0,0.11764705882352941,0.0,0.1111111111111111,0.11764705882352941,0.0,0.05555555555555555
ds03,lstm_autoencoder,2,0.02,causal_regime,nearest,0.05,148,True,0.0472972972972973,0.0472972972972973,0.0,0.07712906117627992,0.07712906117627992,0.0927723475631406,0.0949387717927582,2,2,2,0.0,0.0,5.0,5.0,5.0,6.0,3.0,8.0,5.0,7.0,0.0,0.0,0.08333333333333333,0.05555555555555555,0.02857142857142857,0.041666666666666664,0.0,0.16666666666666666,0.3333333333333333,0.6666666666666666,1.0,0.16666666666666666,0.3333333333333333,0.3333333333333333,0.6666666666666666,1.0,0,0,results/mssp_adversarial/ds03/matched_delay/matched_false_flag_comparisons.csv,5.0,9.0,1.0,5.0,0.0,1.0,0.17647058823529413,0.0,0.1111111111111111,0.11764705882352941,0.027777777777777776,0.05555555555555555
ds03,lstm_autoencoder,2,0.02,causal_regime,nearest,0.1,148,True,0.10135135135135136,0.10135135135135136,0.0,0.057133684283155795,0.05846787276937589,0.07196856730011514,0.07196856730011514,3,2,1,-1.0,-1.0,1.0,2.0,2.0,5.0,1.0,5.0,1.0,1.0,0.16666666666666666,0.0,0.08333333333333333,0.1111111111111111,0.05714285714285714,0.041666666666666664,0.0,0.3333333333333333,0.5,1.0,1.0,0.3333333333333333,0.6666666666666666,0.6666666666666666,1.0,1.0,0,0,results/mssp_adversarial/ds03/matched_delay/matched_false_flag_comparisons.csv,5.0,4.0,1.0,5.0,0.0,0.0,0.29411764705882354,0.0,0.2777777777777778,0.17647058823529413,0.16666666666666666,0.05555555555555555
ds03,lstm_autoencoder,2,0.02,causal_regime,nearest,0.15,148,True,0.1554054054054054,0.14864864864864866,-0.006756756756756743,0.046393897364771154,0.047499794346614124,0.06123044539605184,0.06123044539605184,1,3,2,0.0,1.0,1.0,0.0,2.0,5.0,0.0,5.0,1.0,1.0,0.16666666666666666,0.0,0.125,0.1111111111111111,0.05714285714285714,0.041666666666666664,0.5,0.5,0.6666666666666666,1.0,1.0,0.3333333333333333,0.6666666666666666,0.6666666666666666,1.0,1.0,0,0,results/mssp_adversarial/ds03/matched_delay/matched_false_flag_comparisons.csv,5.0,0.0,0.0,5.0,0.0,0.0,0.5882352941176471,0.027777777777777776,0.3333333333333333,0.23529411764705882,0.2777777777777778,0.16666666666666666
ds03,lstm_autoencoder,2,0.02,causal_regime,nearest,0.2,148,False,0.20945945945945946,0.20270270270270271,-0.006756756756756743,0.04135626917817706,0.042322022723792756,0.05455594781168514,0.05455594781168514,1,3,2,0.0,1.0,1.0,0.0,2.0,5.0,0.0,5.0,1.0,1.0,0.2222222222222222,0.08571428571428572,0.16666666666666666,0.16666666666666666,0.17142857142857143,0.08333333333333333,0.5,0.5,0.6666666666666666,1.0,1.0,0.3333333333333333,0.6666666666666666,0.6666666666666666,1.0,1.0,0,0,results/mssp_adversarial/ds03/matched_delay/matched_false_flag_comparisons.csv,5.0,0.0,0.0,5.0,0.0,0.0,0.5882352941176471,0.05555555555555555,0.4444444444444444,0.23529411764705882,0.3333333333333333,0.16666666666666666
ds03,lstm_autoencoder,2,0.02,causal_regime,not_exceeding,0.025,148,True,0.02027027027027027,0.02027027027027027,0.0,0.11419421680558647,0.11686088553466509,0.12238249369681924,0.12238249369681924,2,3,1,0.0,-2.0,5.0,7.0,8.0,9.0,7.0,8.0,5.0,11.0,0.0,0.0,0.0,0.05555555555555555,0.0,0.0,0.0,0.16666666666666666,0.16666666666666666,0.3333333333333333,0.8333333333333334,0.0,0.16666666666666666,0.16666666666666666,0.6666666666666666,0.8333333333333334,0,0,results/mssp_adversarial/ds03/matched_delay/matched_false_flag_comparisons.csv,5.0,12.0,1.0,5.0,4.0,1.0,0.11764705882352941,0.0,0.05555555555555555,0.11764705882352941,0.0,0.0
ds03,lstm_autoencoder,2,0.02,causal_regime,not_exceeding,0.05,148,True,0.0472972972972973,0.0472972972972973,0.0,0.07712906117627992,0.07712906117627992,0.0927723475631406,0.0949387717927582,2,2,2,0.0,0.0,5.0,5.0,5.0,6.0,3.0,8.0,5.0,7.0,0.0,0.0,0.08333333333333333,0.05555555555555555,0.02857142857142857,0.041666666666666664,0.0,0.16666666666666666,0.3333333333333333,0.6666666666666666,1.0,0.16666666666666666,0.3333333333333333,0.3333333333333333,0.6666666666666666,1.0,0,0,results/mssp_adversarial/ds03/matched_delay/matched_false_flag_comparisons.csv,5.0,9.0,1.0,5.0,0.0,1.0,0.17647058823529413,0.0,0.1111111111111111,0.11764705882352941,0.027777777777777776,0.05555555555555555
ds03,lstm_autoencoder,2,0.02,causal_regime,not_exceeding,0.1,148,False,0.08783783783783784,0.0945945945945946,0.006756756756756757,0.05981877389211383,0.05983321728796282,0.07364918067322965,0.07364918067322965,2,2,2,0.0,-1.0,1.0,2.0,2.0,5.0,1.0,5.0,1.0,6.0,0.16666666666666666,0.0,0.08333333333333333,0.1111111111111111,0.05714285714285714,0.041666666666666664,0.0,0.3333333333333333,0.5,1.0,1.0,0.16666666666666666,0.5,0.5,0.8333333333333334,1.0,0,0,results/mssp_adversarial/ds03/matched_delay/matched_false_flag_comparisons.csv,5.0,4.0,1.0,5.0,0.0,1.0,0.29411764705882354,0.0,0.16666666666666666,0.17647058823529413,0.1388888888888889,0.05555555555555555
ds03,lstm_autoencoder,2,0.02,causal_regime,not_exceeding,0.15,148,False,0.13513513513513514,0.14864864864864866,0.013513513513513514,0.050905759020366814,0.05209451270253212,0.06123044539605184,0.06123044539605184,3,2,1,-1.0,0.0,1.0,1.0,2.0,5.0,1.0,5.0,1.0,1.0,0.16666666666666666,0.0,0.125,0.1111111111111111,0.05714285714285714,0.041666666666666664,0.0,0.5,0.6666666666666666,1.0,1.0,0.3333333333333333,0.6666666666666666,0.6666666666666666,1.0,1.0,0,0,results/mssp_adversarial/ds03/matched_delay/matched_false_flag_comparisons.csv,5.0,1.0,1.0,5.0,0.0,0.0,0.47058823529411764,0.0,0.3333333333333333,0.23529411764705882,0.2777777777777778,0.16666666666666666
ds03,lstm_autoencoder,2,0.02,causal_regime,not_exceeding,0.2,148,False,0.1891891891891892,0.19594594594594594,0.006756756756756743,0.04277286135693215,0.04331032859169001,0.0558299408744192,0.0558299408744192,1,3,2,0.0,1.0,1.0,0.0,2.0,5.0,0.0,5.0,1.0,1.0,0.2222222222222222,0.02857142857142857,0.16666666666666666,0.16666666666666666,0.14285714285714285,0.08333333333333333,0.5,0.5,0.6666666666666666,1.0,1.0,0.3333333333333333,0.6666666666666666,0.6666666666666666,1.0,1.0,0,0,results/mssp_adversarial/ds03/matched_delay/matched_false_flag_comparisons.csv,5.0,0.0,0.0,5.0,0.0,0.0,0.5882352941176471,0.05555555555555555,0.3888888888888889,0.23529411764705882,0.3333333333333333,0.16666666666666666
