subset,detector,seed,nominal_fpr,rule,arm,match_rule,anchor_ffr,healthy_flights,supported,pooled_ffr,arm_ffr,earlier,same,later,paired_lower_median_difference,difference_of_median_delays,arm_median_delay,pooled_median_delay,pooled_engines_censored,arm_engines_censored
DS07,pca,-1,0.005,R0,phase_conditioned,nearest,0.025,113,True,0.02654867256637168,0.02654867256637168,1,2,1,0.0,5.0,9.0,4.0,0,0
DS07,pca,-1,0.005,R0,phase_conditioned,nearest,0.05,113,True,0.05309734513274336,0.05309734513274336,0,4,0,0.0,0.0,4.0,4.0,0,0
DS07,pca,-1,0.005,R0,phase_conditioned,nearest,0.1,113,True,0.09734513274336283,0.10619469026548672,1,3,0,0.0,0.0,2.0,2.0,0,0
DS07,pca,-1,0.005,R0,phase_conditioned,nearest,0.15,113,True,0.1504424778761062,0.1504424778761062,1,2,1,0.0,0.0,1.0,1.0,0,0
DS07,pca,-1,0.005,R0,phase_conditioned,nearest,0.2,113,True,0.20353982300884957,0.19469026548672566,0,4,0,0.0,0.0,0.0,0.0,0,0
DS07,pca,-1,0.005,R0,phase_conditioned,not_exceeding,0.025,113,True,0.017699115044247787,0.017699115044247787,0,2,2,0.0,5.0,9.0,4.0,0,0
DS07,pca,-1,0.005,R0,phase_conditioned,not_exceeding,0.05,113,False,0.035398230088495575,0.04424778761061947,1,3,0,0.0,0.0,4.0,4.0,0,0
DS07,pca,-1,0.005,R0,phase_conditioned,not_exceeding,0.1,113,False,0.09734513274336283,0.08849557522123894,1,3,0,0.0,0.0,2.0,2.0,0,0
DS07,pca,-1,0.005,R0,phase_conditioned,not_exceeding,0.15,113,True,0.1415929203539823,0.1415929203539823,1,3,0,0.0,0.0,2.0,2.0,0,0
DS07,pca,-1,0.005,R0,phase_conditioned,not_exceeding,0.2,113,True,0.19469026548672566,0.19469026548672566,0,4,0,0.0,0.0,0.0,0.0,0,0
DS07,pca,-1,0.005,R0,quantile_regression_W,nearest,0.025,113,True,0.02654867256637168,0.02654867256637168,2,0,2,-3.0,5.0,9.0,4.0,0,0
DS07,pca,-1,0.005,R0,quantile_regression_W,nearest,0.05,113,True,0.05309734513274336,0.05309734513274336,2,1,1,-3.0,-1.0,3.0,4.0,0,0
DS07,pca,-1,0.005,R0,quantile_regression_W,nearest,0.1,113,True,0.09734513274336283,0.09734513274336283,2,0,2,-4.0,1.0,3.0,2.0,0,0
DS07,pca,-1,0.005,R0,quantile_regression_W,nearest,0.15,113,True,0.1504424778761062,0.1504424778761062,1,0,3,1.0,2.0,3.0,1.0,0,0
DS07,pca,-1,0.005,R0,quantile_regression_W,nearest,0.2,113,True,0.20353982300884957,0.20353982300884957,0,2,2,0.0,0.0,0.0,0.0,0,0
DS07,pca,-1,0.005,R0,quantile_regression_W,not_exceeding,0.025,113,True,0.017699115044247787,0.017699115044247787,2,0,2,-3.0,7.0,11.0,4.0,0,0
DS07,pca,-1,0.005,R0,quantile_regression_W,not_exceeding,0.05,113,False,0.035398230088495575,0.04424778761061947,2,1,1,-3.0,5.0,9.0,4.0,0,0
DS07,pca,-1,0.005,R0,quantile_regression_W,not_exceeding,0.1,113,True,0.09734513274336283,0.09734513274336283,2,0,2,-4.0,1.0,3.0,2.0,0,0
DS07,pca,-1,0.005,R0,quantile_regression_W,not_exceeding,0.15,113,True,0.1415929203539823,0.1415929203539823,2,0,2,-2.0,1.0,3.0,2.0,0,0
DS07,pca,-1,0.005,R0,quantile_regression_W,not_exceeding,0.2,113,True,0.19469026548672566,0.19469026548672566,0,2,2,0.0,0.0,0.0,0.0,0,0
DS07,pca,-1,0.005,R1,phase_conditioned,nearest,0.025,113,True,0.02654867256637168,0.017699115044247787,1,3,0,0.0,-3.0,12.0,15.0,0,0
DS07,pca,-1,0.005,R1,phase_conditioned,nearest,0.05,113,True,0.05309734513274336,0.05309734513274336,0,3,1,0.0,2.0,4.0,2.0,0,0
DS07,pca,-1,0.005,R1,phase_conditioned,nearest,0.1,113,True,0.09734513274336283,0.09734513274336283,1,3,0,0.0,0.0,2.0,2.0,0,0
DS07,pca,-1,0.005,R1,phase_conditioned,nearest,0.15,113,True,0.1504424778761062,0.1415929203539823,0,4,0,0.0,0.0,2.0,2.0,0,0
DS07,pca,-1,0.005,R1,phase_conditioned,nearest,0.2,113,True,0.20353982300884957,0.20353982300884957,0,3,1,0.0,1.0,1.0,0.0,0,0
DS07,pca,-1,0.005,R1,phase_conditioned,not_exceeding,0.025,113,True,0.017699115044247787,0.017699115044247787,1,3,0,0.0,-3.0,12.0,15.0,0,0
DS07,pca,-1,0.005,R1,phase_conditioned,not_exceeding,0.05,113,True,0.04424778761061947,0.04424778761061947,0,2,2,0.0,2.0,4.0,2.0,0,0
DS07,pca,-1,0.005,R1,phase_conditioned,not_exceeding,0.1,113,True,0.09734513274336283,0.09734513274336283,1,3,0,0.0,0.0,2.0,2.0,0,0
DS07,pca,-1,0.005,R1,phase_conditioned,not_exceeding,0.15,113,False,0.11504424778761062,0.1415929203539823,1,3,0,0.0,0.0,2.0,2.0,0,0
DS07,pca,-1,0.005,R1,phase_conditioned,not_exceeding,0.2,113,False,0.17699115044247787,0.168141592920354,0,3,1,0.0,1.0,1.0,0.0,0,0
DS07,pca,-1,0.005,R1,quantile_regression_W,nearest,0.025,113,True,0.02654867256637168,0.02654867256637168,2,0,2,-4.0,-4.0,11.0,15.0,0,0
DS07,pca,-1,0.005,R1,quantile_regression_W,nearest,0.05,113,True,0.05309734513274336,0.05309734513274336,3,0,1,-4.0,2.0,4.0,2.0,0,0
DS07,pca,-1,0.005,R1,quantile_regression_W,nearest,0.1,113,True,0.09734513274336283,0.09734513274336283,2,1,1,-1.0,1.0,3.0,2.0,0,0
DS07,pca,-1,0.005,R1,quantile_regression_W,nearest,0.15,113,True,0.1504424778761062,0.1504424778761062,2,0,2,-1.0,1.0,3.0,2.0,0,0
DS07,pca,-1,0.005,R1,quantile_regression_W,nearest,0.2,113,True,0.20353982300884957,0.20353982300884957,1,0,3,1.0,1.0,1.0,0.0,0,0
DS07,pca,-1,0.005,R1,quantile_regression_W,not_exceeding,0.025,113,True,0.017699115044247787,0.017699115044247787,2,0,2,-4.0,-4.0,11.0,15.0,0,0
DS07,pca,-1,0.005,R1,quantile_regression_W,not_exceeding,0.05,113,True,0.04424778761061947,0.04424778761061947,3,0,1,-4.0,2.0,4.0,2.0,0,0
DS07,pca,-1,0.005,R1,quantile_regression_W,not_exceeding,0.1,113,True,0.09734513274336283,0.09734513274336283,2,1,1,-1.0,1.0,3.0,2.0,0,0
DS07,pca,-1,0.005,R1,quantile_regression_W,not_exceeding,0.15,113,False,0.11504424778761062,0.1415929203539823,2,1,1,-1.0,1.0,3.0,2.0,0,0
DS07,pca,-1,0.005,R1,quantile_regression_W,not_exceeding,0.2,113,False,0.17699115044247787,0.18584070796460178,0,0,4,1.0,3.0,3.0,0.0,0,0
DS07,pca,-1,0.005,R2,phase_conditioned,nearest,0.025,113,True,0.02654867256637168,0.02654867256637168,0,3,1,0.0,5.0,9.0,4.0,0,0
DS07,pca,-1,0.005,R2,phase_conditioned,nearest,0.05,113,True,0.04424778761061947,0.05309734513274336,1,2,1,0.0,5.0,9.0,4.0,0,0
DS07,pca,-1,0.005,R2,phase_conditioned,nearest,0.1,113,True,0.09734513274336283,0.09734513274336283,1,3,0,0.0,0.0,2.0,2.0,0,0
DS07,pca,-1,0.005,R2,phase_conditioned,nearest,0.15,113,True,0.1504424778761062,0.1504424778761062,0,4,0,0.0,0.0,2.0,2.0,0,0
DS07,pca,-1,0.005,R2,phase_conditioned,nearest,0.2,113,True,0.20353982300884957,0.20353982300884957,1,2,1,0.0,0.0,0.0,0.0,0,0
DS07,pca,-1,0.005,R2,phase_conditioned,not_exceeding,0.025,113,True,0.017699115044247787,0.017699115044247787,2,2,0,-4.0,-3.0,9.0,12.0,0,0
DS07,pca,-1,0.005,R2,phase_conditioned,not_exceeding,0.05,113,False,0.04424778761061947,0.035398230088495575,0,3,1,0.0,5.0,9.0,4.0,0,0
DS07,pca,-1,0.005,R2,phase_conditioned,not_exceeding,0.1,113,True,0.09734513274336283,0.09734513274336283,1,3,0,0.0,0.0,2.0,2.0,0,0
DS07,pca,-1,0.005,R2,phase_conditioned,not_exceeding,0.15,113,False,0.1415929203539823,0.13274336283185842,0,4,0,0.0,0.0,2.0,2.0,0,0
DS07,pca,-1,0.005,R2,phase_conditioned,not_exceeding,0.2,113,False,0.18584070796460178,0.19469026548672566,1,2,1,0.0,0.0,0.0,0.0,0,0
DS07,pca,-1,0.005,R2,quantile_regression_W,nearest,0.025,113,True,0.02654867256637168,0.02654867256637168,1,1,2,0.0,7.0,11.0,4.0,0,0
DS07,pca,-1,0.005,R2,quantile_regression_W,nearest,0.05,113,True,0.04424778761061947,0.05309734513274336,3,0,1,-4.0,-1.0,3.0,4.0,0,0
DS07,pca,-1,0.005,R2,quantile_regression_W,nearest,0.1,113,True,0.09734513274336283,0.10619469026548672,2,1,1,-1.0,1.0,3.0,2.0,0,0
DS07,pca,-1,0.005,R2,quantile_regression_W,nearest,0.15,113,True,0.1504424778761062,0.1504424778761062,1,1,2,0.0,1.0,3.0,2.0,0,0
DS07,pca,-1,0.005,R2,quantile_regression_W,nearest,0.2,113,True,0.20353982300884957,0.20353982300884957,1,1,2,0.0,0.0,0.0,0.0,0,0
DS07,pca,-1,0.005,R2,quantile_regression_W,not_exceeding,0.025,113,True,0.017699115044247787,0.017699115044247787,2,0,2,-4.0,-1.0,11.0,12.0,0,0
DS07,pca,-1,0.005,R2,quantile_regression_W,not_exceeding,0.05,113,True,0.04424778761061947,0.04424778761061947,3,0,1,-4.0,-1.0,3.0,4.0,0,0
DS07,pca,-1,0.005,R2,quantile_regression_W,not_exceeding,0.1,113,False,0.09734513274336283,0.08849557522123894,2,1,1,-1.0,1.0,3.0,2.0,0,0
DS07,pca,-1,0.005,R2,quantile_regression_W,not_exceeding,0.15,113,True,0.1415929203539823,0.1415929203539823,1,1,2,0.0,1.0,3.0,2.0,0,0
DS07,pca,-1,0.005,R2,quantile_regression_W,not_exceeding,0.2,113,False,0.18584070796460178,0.19469026548672566,1,1,2,0.0,0.0,0.0,0.0,0,0
DS07,pca,-1,0.01,R0,phase_conditioned,nearest,0.025,113,True,0.017699115044247787,0.02654867256637168,0,4,0,0.0,0.0,4.0,4.0,0,0
DS07,pca,-1,0.01,R0,phase_conditioned,nearest,0.05,113,False,0.035398230088495575,0.05309734513274336,1,3,0,0.0,-2.0,2.0,4.0,0,0
DS07,pca,-1,0.01,R0,phase_conditioned,nearest,0.1,113,True,0.09734513274336283,0.09734513274336283,0,4,0,0.0,0.0,1.0,1.0,0,0
DS07,pca,-1,0.01,R0,phase_conditioned,nearest,0.15,113,True,0.1415929203539823,0.1415929203539823,0,3,1,0.0,1.0,1.0,0.0,0,0
DS07,pca,-1,0.01,R0,phase_conditioned,nearest,0.2,113,True,0.19469026548672566,0.20353982300884957,0,3,1,0.0,0.0,0.0,0.0,0,0
DS07,pca,-1,0.01,R0,phase_conditioned,not_exceeding,0.025,113,True,0.017699115044247787,0.017699115044247787,0,4,0,0.0,0.0,4.0,4.0,0,0
DS07,pca,-1,0.01,R0,phase_conditioned,not_exceeding,0.05,113,False,0.035398230088495575,0.035398230088495575,1,3,0,0.0,-2.0,2.0,4.0,0,0
DS07,pca,-1,0.01,R0,phase_conditioned,not_exceeding,0.1,113,True,0.09734513274336283,0.09734513274336283,0,4,0,0.0,0.0,1.0,1.0,0,0
DS07,pca,-1,0.01,R0,phase_conditioned,not_exceeding,0.15,113,True,0.1415929203539823,0.1415929203539823,0,3,1,0.0,1.0,1.0,0.0,0,0
DS07,pca,-1,0.01,R0,phase_conditioned,not_exceeding,0.2,113,True,0.19469026548672566,0.19469026548672566,0,3,1,0.0,0.0,0.0,0.0,0,0
DS07,pca,-1,0.01,R0,quantile_regression_W,nearest,0.025,113,True,0.017699115044247787,0.02654867256637168,2,1,1,-3.0,5.0,9.0,4.0,0,0
DS07,pca,-1,0.01,R0,quantile_regression_W,nearest,0.05,113,False,0.035398230088495575,0.05309734513274336,2,1,1,-3.0,5.0,9.0,4.0,0,0
DS07,pca,-1,0.01,R0,quantile_regression_W,nearest,0.1,113,True,0.09734513274336283,0.10619469026548672,2,0,2,-4.0,5.0,6.0,1.0,0,0
DS07,pca,-1,0.01,R0,quantile_regression_W,nearest,0.15,113,True,0.1415929203539823,0.1504424778761062,1,1,2,0.0,3.0,3.0,0.0,0,0
DS07,pca,-1,0.01,R0,quantile_regression_W,nearest,0.2,113,True,0.19469026548672566,0.20353982300884957,0,2,2,0.0,2.0,2.0,0.0,0,0
DS07,pca,-1,0.01,R0,quantile_regression_W,not_exceeding,0.025,113,True,0.017699115044247787,0.017699115044247787,2,0,2,-3.0,5.0,9.0,4.0,0,0
DS07,pca,-1,0.01,R0,quantile_regression_W,not_exceeding,0.05,113,False,0.035398230088495575,0.04424778761061947,2,1,1,-3.0,5.0,9.0,4.0,0,0
DS07,pca,-1,0.01,R0,quantile_regression_W,not_exceeding,0.1,113,False,0.09734513274336283,0.08849557522123894,2,0,2,-3.0,5.0,6.0,1.0,0,0
DS07,pca,-1,0.01,R0,quantile_regression_W,not_exceeding,0.15,113,True,0.1415929203539823,0.1415929203539823,1,1,2,0.0,6.0,6.0,0.0,0,0
DS07,pca,-1,0.01,R0,quantile_regression_W,not_exceeding,0.2,113,True,0.19469026548672566,0.19469026548672566,0,2,2,0.0,2.0,2.0,0.0,0,0
DS07,pca,-1,0.01,R1,phase_conditioned,nearest,0.025,113,False,0.02654867256637168,0.035398230088495575,0,2,2,0.0,0.0,4.0,4.0,0,0
DS07,pca,-1,0.01,R1,phase_conditioned,nearest,0.05,113,True,0.05309734513274336,0.05309734513274336,0,2,2,0.0,0.0,4.0,4.0,0,0
DS07,pca,-1,0.01,R1,phase_conditioned,nearest,0.1,113,True,0.09734513274336283,0.10619469026548672,0,3,1,0.0,1.0,2.0,1.0,0,0
DS07,pca,-1,0.01,R1,phase_conditioned,nearest,0.15,113,True,0.1415929203539823,0.1504424778761062,0,2,2,0.0,1.0,2.0,1.0,0,0
DS07,pca,-1,0.01,R1,phase_conditioned,nearest,0.2,113,True,0.20353982300884957,0.20353982300884957,0,3,1,0.0,1.0,1.0,0.0,0,0
DS07,pca,-1,0.01,R1,phase_conditioned,not_exceeding,0.025,113,False,0.017699115044247787,0.008849557522123894,0,3,1,0.0,0.0,12.0,12.0,0,0
DS07,pca,-1,0.01,R1,phase_conditioned,not_exceeding,0.05,113,True,0.04424778761061947,0.04424778761061947,0,2,2,0.0,0.0,4.0,4.0,0,0
DS07,pca,-1,0.01,R1,phase_conditioned,not_exceeding,0.1,113,False,0.09734513274336283,0.08849557522123894,0,3,1,0.0,1.0,2.0,1.0,0,0
DS07,pca,-1,0.01,R1,phase_conditioned,not_exceeding,0.15,113,True,0.1415929203539823,0.1415929203539823,0,2,2,0.0,1.0,2.0,1.0,0,0
DS07,pca,-1,0.01,R1,phase_conditioned,not_exceeding,0.2,113,True,0.19469026548672566,0.19469026548672566,0,3,1,0.0,0.0,1.0,1.0,0,0
DS07,pca,-1,0.01,R1,quantile_regression_W,nearest,0.025,113,True,0.02654867256637168,0.02654867256637168,2,0,2,-3.0,5.0,9.0,4.0,0,0
DS07,pca,-1,0.01,R1,quantile_regression_W,nearest,0.05,113,True,0.05309734513274336,0.05309734513274336,2,0,2,-3.0,2.0,6.0,4.0,0,0
DS07,pca,-1,0.01,R1,quantile_regression_W,nearest,0.1,113,True,0.09734513274336283,0.09734513274336283,2,0,2,-3.0,5.0,6.0,1.0,0,0
DS07,pca,-1,0.01,R1,quantile_regression_W,nearest,0.15,113,True,0.1415929203539823,0.1504424778761062,1,2,1,0.0,0.0,1.0,1.0,0,0
DS07,pca,-1,0.01,R1,quantile_regression_W,nearest,0.2,113,True,0.20353982300884957,0.20353982300884957,1,1,2,0.0,1.0,1.0,0.0,0,0
DS07,pca,-1,0.01,R1,quantile_regression_W,not_exceeding,0.025,113,True,0.017699115044247787,0.017699115044247787,2,0,2,-9.0,-3.0,9.0,12.0,0,0
DS07,pca,-1,0.01,R1,quantile_regression_W,not_exceeding,0.05,113,True,0.04424778761061947,0.04424778761061947,2,0,2,-3.0,5.0,9.0,4.0,0,0
DS07,pca,-1,0.01,R1,quantile_regression_W,not_exceeding,0.1,113,True,0.09734513274336283,0.09734513274336283,2,0,2,-3.0,5.0,6.0,1.0,0,0
DS07,pca,-1,0.01,R1,quantile_regression_W,not_exceeding,0.15,113,False,0.1415929203539823,0.13274336283185842,1,2,1,0.0,0.0,1.0,1.0,0,0
DS07,pca,-1,0.01,R1,quantile_regression_W,not_exceeding,0.2,113,False,0.19469026548672566,0.18584070796460178,1,2,1,0.0,0.0,1.0,1.0,0,0
DS07,pca,-1,0.01,R2,phase_conditioned,nearest,0.025,113,True,0.02654867256637168,0.02654867256637168,1,3,0,0.0,0.0,4.0,4.0,0,0
DS07,pca,-1,0.01,R2,phase_conditioned,nearest,0.05,113,True,0.05309734513274336,0.04424778761061947,0,3,1,0.0,1.0,2.0,1.0,0,0
DS07,pca,-1,0.01,R2,phase_conditioned,nearest,0.1,113,True,0.09734513274336283,0.09734513274336283,0,3,1,0.0,1.0,2.0,1.0,0,0
DS07,pca,-1,0.01,R2,phase_conditioned,nearest,0.15,113,True,0.1504424778761062,0.1415929203539823,0,3,1,0.0,0.0,1.0,1.0,0,0
DS07,pca,-1,0.01,R2,phase_conditioned,nearest,0.2,113,True,0.20353982300884957,0.20353982300884957,0,3,1,0.0,0.0,0.0,0.0,0,0
DS07,pca,-1,0.01,R2,phase_conditioned,not_exceeding,0.025,113,True,0.017699115044247787,0.017699115044247787,0,4,0,0.0,0.0,4.0,4.0,0,0
DS07,pca,-1,0.01,R2,phase_conditioned,not_exceeding,0.05,113,True,0.04424778761061947,0.04424778761061947,2,1,1,-4.0,-2.0,2.0,4.0,0,0
DS07,pca,-1,0.01,R2,phase_conditioned,not_exceeding,0.1,113,True,0.09734513274336283,0.09734513274336283,0,3,1,0.0,1.0,2.0,1.0,0,0
DS07,pca,-1,0.01,R2,phase_conditioned,not_exceeding,0.15,113,True,0.1415929203539823,0.1415929203539823,0,4,0,0.0,0.0,1.0,1.0,0,0
DS07,pca,-1,0.01,R2,phase_conditioned,not_exceeding,0.2,113,True,0.19469026548672566,0.19469026548672566,0,2,2,0.0,1.0,1.0,0.0,0,0
DS07,pca,-1,0.01,R2,quantile_regression_W,nearest,0.025,113,True,0.02654867256637168,0.017699115044247787,2,0,2,-3.0,5.0,9.0,4.0,0,0
DS07,pca,-1,0.01,R2,quantile_regression_W,nearest,0.05,113,True,0.05309734513274336,0.05309734513274336,2,0,2,-2.0,8.0,9.0,1.0,0,0
DS07,pca,-1,0.01,R2,quantile_regression_W,nearest,0.1,113,True,0.09734513274336283,0.09734513274336283,2,0,2,-3.0,5.0,6.0,1.0,0,0
DS07,pca,-1,0.01,R2,quantile_regression_W,nearest,0.15,113,True,0.1504424778761062,0.1504424778761062,1,1,2,0.0,2.0,3.0,1.0,0,0
DS07,pca,-1,0.01,R2,quantile_regression_W,nearest,0.2,113,True,0.20353982300884957,0.20353982300884957,0,0,4,2.0,2.0,2.0,0.0,0,0
DS07,pca,-1,0.01,R2,quantile_regression_W,not_exceeding,0.025,113,True,0.017699115044247787,0.017699115044247787,2,0,2,-3.0,5.0,9.0,4.0,0,0
DS07,pca,-1,0.01,R2,quantile_regression_W,not_exceeding,0.05,113,True,0.04424778761061947,0.04424778761061947,2,0,2,-3.0,5.0,9.0,4.0,0,0
DS07,pca,-1,0.01,R2,quantile_regression_W,not_exceeding,0.1,113,True,0.09734513274336283,0.09734513274336283,2,0,2,-3.0,5.0,6.0,1.0,0,0
DS07,pca,-1,0.01,R2,quantile_regression_W,not_exceeding,0.15,113,True,0.1415929203539823,0.1415929203539823,2,0,2,-3.0,2.0,3.0,1.0,0,0
DS07,pca,-1,0.01,R2,quantile_regression_W,not_exceeding,0.2,113,False,0.19469026548672566,0.18584070796460178,0,0,4,2.0,2.0,2.0,0.0,0,0
DS07,pca,-1,0.02,R0,phase_conditioned,nearest,0.025,113,True,0.02654867256637168,0.02654867256637168,1,3,0,0.0,0.0,4.0,4.0,0,0
DS07,pca,-1,0.02,R0,phase_conditioned,nearest,0.05,113,True,0.05309734513274336,0.05309734513274336,0,2,2,0.0,1.0,2.0,1.0,0,0
DS07,pca,-1,0.02,R0,phase_conditioned,nearest,0.1,113,True,0.09734513274336283,0.09734513274336283,0,3,1,0.0,1.0,1.0,0.0,0,0
DS07,pca,-1,0.02,R0,phase_conditioned,nearest,0.15,113,True,0.1504424778761062,0.1504424778761062,0,4,0,0.0,0.0,0.0,0.0,0,0
DS07,pca,-1,0.02,R0,phase_conditioned,nearest,0.2,113,True,0.20353982300884957,0.20353982300884957,0,4,0,0.0,0.0,0.0,0.0,0,0
DS07,pca,-1,0.02,R0,phase_conditioned,not_exceeding,0.025,113,True,0.017699115044247787,0.017699115044247787,2,2,0,-1.0,0.0,4.0,4.0,0,0
DS07,pca,-1,0.02,R0,phase_conditioned,not_exceeding,0.05,113,True,0.04424778761061947,0.04424778761061947,0,2,2,0.0,1.0,2.0,1.0,0,0
DS07,pca,-1,0.02,R0,phase_conditioned,not_exceeding,0.1,113,True,0.09734513274336283,0.09734513274336283,0,3,1,0.0,1.0,1.0,0.0,0,0
DS07,pca,-1,0.02,R0,phase_conditioned,not_exceeding,0.15,113,False,0.13274336283185842,0.13274336283185842,0,3,1,0.0,0.0,0.0,0.0,0,0
DS07,pca,-1,0.02,R0,phase_conditioned,not_exceeding,0.2,113,False,0.18584070796460178,0.17699115044247787,0,4,0,0.0,0.0,0.0,0.0,0,0
DS07,pca,-1,0.02,R0,quantile_regression_W,nearest,0.025,113,True,0.02654867256637168,0.02654867256637168,2,0,2,-3.0,3.0,7.0,4.0,0,0
DS07,pca,-1,0.02,R0,quantile_regression_W,nearest,0.05,113,True,0.05309734513274336,0.05309734513274336,2,0,2,-3.0,6.0,7.0,1.0,0,0
DS07,pca,-1,0.02,R0,quantile_regression_W,nearest,0.1,113,True,0.09734513274336283,0.09734513274336283,1,1,2,0.0,7.0,7.0,0.0,0,0
DS07,pca,-1,0.02,R0,quantile_regression_W,nearest,0.15,113,True,0.1504424778761062,0.1504424778761062,0,2,2,0.0,6.0,6.0,0.0,0,0
DS07,pca,-1,0.02,R0,quantile_regression_W,nearest,0.2,113,True,0.20353982300884957,0.19469026548672566,0,2,2,0.0,5.0,5.0,0.0,0,0
DS07,pca,-1,0.02,R0,quantile_regression_W,not_exceeding,0.025,113,True,0.017699115044247787,0.017699115044247787,2,0,2,-3.0,3.0,7.0,4.0,0,0
DS07,pca,-1,0.02,R0,quantile_regression_W,not_exceeding,0.05,113,True,0.04424778761061947,0.04424778761061947,2,0,2,-3.0,6.0,7.0,1.0,0,0
DS07,pca,-1,0.02,R0,quantile_regression_W,not_exceeding,0.1,113,True,0.09734513274336283,0.09734513274336283,1,1,2,0.0,7.0,7.0,0.0,0,0
DS07,pca,-1,0.02,R0,quantile_regression_W,not_exceeding,0.15,113,False,0.13274336283185842,0.13274336283185842,0,2,2,0.0,6.0,6.0,0.0,0,0
DS07,pca,-1,0.02,R0,quantile_regression_W,not_exceeding,0.2,113,False,0.18584070796460178,0.19469026548672566,0,2,2,0.0,5.0,5.0,0.0,0,0
DS07,pca,-1,0.02,R1,phase_conditioned,nearest,0.025,113,True,0.017699115044247787,0.02654867256637168,2,2,0,-2.0,0.0,4.0,4.0,0,0
DS07,pca,-1,0.02,R1,phase_conditioned,nearest,0.05,113,True,0.05309734513274336,0.05309734513274336,0,4,0,0.0,0.0,2.0,2.0,0,0
DS07,pca,-1,0.02,R1,phase_conditioned,nearest,0.1,113,True,0.09734513274336283,0.09734513274336283,0,4,0,0.0,0.0,1.0,1.0,0,0
DS07,pca,-1,0.02,R1,phase_conditioned,nearest,0.15,113,False,0.1504424778761062,0.1592920353982301,1,3,0,0.0,0.0,1.0,1.0,0,0
DS07,pca,-1,0.02,R1,phase_conditioned,nearest,0.2,113,True,0.20353982300884957,0.20353982300884957,0,3,1,0.0,1.0,1.0,0.0,0,0
DS07,pca,-1,0.02,R1,phase_conditioned,not_exceeding,0.025,113,True,0.017699115044247787,0.017699115044247787,1,3,0,0.0,0.0,4.0,4.0,0,0
DS07,pca,-1,0.02,R1,phase_conditioned,not_exceeding,0.05,113,True,0.04424778761061947,0.04424778761061947,0,3,1,0.0,0.0,2.0,2.0,0,0
DS07,pca,-1,0.02,R1,phase_conditioned,not_exceeding,0.1,113,True,0.09734513274336283,0.09734513274336283,0,4,0,0.0,0.0,1.0,1.0,0,0
DS07,pca,-1,0.02,R1,phase_conditioned,not_exceeding,0.15,113,False,0.1415929203539823,0.13274336283185842,1,3,0,0.0,0.0,1.0,1.0,0,0
DS07,pca,-1,0.02,R1,phase_conditioned,not_exceeding,0.2,113,False,0.18584070796460178,0.18584070796460178,0,3,1,0.0,1.0,1.0,0.0,0,0
DS07,pca,-1,0.02,R1,quantile_regression_W,nearest,0.025,113,True,0.017699115044247787,0.02654867256637168,2,0,2,-3.0,3.0,7.0,4.0,0,0
DS07,pca,-1,0.02,R1,quantile_regression_W,nearest,0.05,113,True,0.05309734513274336,0.05309734513274336,2,0,2,-3.0,5.0,7.0,2.0,0,0
DS07,pca,-1,0.02,R1,quantile_regression_W,nearest,0.1,113,True,0.09734513274336283,0.09734513274336283,1,0,3,1.0,6.0,7.0,1.0,0,0
DS07,pca,-1,0.02,R1,quantile_regression_W,nearest,0.15,113,True,0.1504424778761062,0.1504424778761062,1,1,2,0.0,5.0,6.0,1.0,0,0
DS07,pca,-1,0.02,R1,quantile_regression_W,nearest,0.2,113,True,0.20353982300884957,0.20353982300884957,0,2,2,0.0,2.0,2.0,0.0,0,0
DS07,pca,-1,0.02,R1,quantile_regression_W,not_exceeding,0.025,113,True,0.017699115044247787,0.017699115044247787,2,0,2,-3.0,3.0,7.0,4.0,0,0
DS07,pca,-1,0.02,R1,quantile_regression_W,not_exceeding,0.05,113,True,0.04424778761061947,0.04424778761061947,2,0,2,-3.0,5.0,7.0,2.0,0,0
DS07,pca,-1,0.02,R1,quantile_regression_W,not_exceeding,0.1,113,True,0.09734513274336283,0.09734513274336283,1,0,3,1.0,6.0,7.0,1.0,0,0
DS07,pca,-1,0.02,R1,quantile_regression_W,not_exceeding,0.15,113,True,0.1415929203539823,0.1415929203539823,1,1,2,0.0,5.0,6.0,1.0,0,0
DS07,pca,-1,0.02,R1,quantile_regression_W,not_exceeding,0.2,113,False,0.18584070796460178,0.19469026548672566,0,2,2,0.0,2.0,2.0,0.0,0,0
DS07,pca,-1,0.02,R2,phase_conditioned,nearest,0.025,113,True,0.02654867256637168,0.02654867256637168,1,3,0,0.0,0.0,4.0,4.0,0,0
DS07,pca,-1,0.02,R2,phase_conditioned,nearest,0.05,113,True,0.05309734513274336,0.05309734513274336,0,3,1,0.0,1.0,2.0,1.0,0,0
DS07,pca,-1,0.02,R2,phase_conditioned,nearest,0.1,113,False,0.07964601769911504,0.09734513274336283,0,3,1,0.0,0.0,1.0,1.0,0,0
DS07,pca,-1,0.02,R2,phase_conditioned,nearest,0.15,113,True,0.1504424778761062,0.1504424778761062,0,3,1,0.0,1.0,1.0,0.0,0,0
DS07,pca,-1,0.02,R2,phase_conditioned,nearest,0.2,113,True,0.19469026548672566,0.19469026548672566,0,3,1,0.0,1.0,1.0,0.0,0,0
DS07,pca,-1,0.02,R2,phase_conditioned,not_exceeding,0.025,113,True,0.017699115044247787,0.017699115044247787,2,2,0,-1.0,0.0,4.0,4.0,0,0
DS07,pca,-1,0.02,R2,phase_conditioned,not_exceeding,0.05,113,True,0.04424778761061947,0.04424778761061947,0,2,2,0.0,2.0,4.0,2.0,0,0
DS07,pca,-1,0.02,R2,phase_conditioned,not_exceeding,0.1,113,False,0.07964601769911504,0.09734513274336283,0,3,1,0.0,0.0,1.0,1.0,0,0
DS07,pca,-1,0.02,R2,phase_conditioned,not_exceeding,0.15,113,True,0.1415929203539823,0.1415929203539823,0,4,0,0.0,0.0,1.0,1.0,0,0
DS07,pca,-1,0.02,R2,phase_conditioned,not_exceeding,0.2,113,True,0.19469026548672566,0.19469026548672566,0,3,1,0.0,1.0,1.0,0.0,0,0
DS07,pca,-1,0.02,R2,quantile_regression_W,nearest,0.025,113,True,0.02654867256637168,0.02654867256637168,2,0,2,-3.0,3.0,7.0,4.0,0,0
DS07,pca,-1,0.02,R2,quantile_regression_W,nearest,0.05,113,True,0.05309734513274336,0.05309734513274336,2,0,2,-3.0,6.0,7.0,1.0,0,0
DS07,pca,-1,0.02,R2,quantile_regression_W,nearest,0.1,113,False,0.07964601769911504,0.09734513274336283,1,0,3,1.0,6.0,7.0,1.0,0,0
DS07,pca,-1,0.02,R2,quantile_regression_W,nearest,0.15,113,False,0.1504424778761062,0.1592920353982301,0,1,3,1.0,5.0,5.0,0.0,0,0
DS07,pca,-1,0.02,R2,quantile_regression_W,nearest,0.2,113,True,0.19469026548672566,0.20353982300884957,0,2,2,0.0,3.0,3.0,0.0,0,0
DS07,pca,-1,0.02,R2,quantile_regression_W,not_exceeding,0.025,113,True,0.017699115044247787,0.017699115044247787,2,0,2,-3.0,3.0,7.0,4.0,0,0
DS07,pca,-1,0.02,R2,quantile_regression_W,not_exceeding,0.05,113,True,0.04424778761061947,0.04424778761061947,2,0,2,-3.0,5.0,7.0,2.0,0,0
DS07,pca,-1,0.02,R2,quantile_regression_W,not_exceeding,0.1,113,False,0.07964601769911504,0.09734513274336283,1,0,3,1.0,6.0,7.0,1.0,0,0
DS07,pca,-1,0.02,R2,quantile_regression_W,not_exceeding,0.15,113,False,0.1415929203539823,0.13274336283185842,1,1,2,0.0,4.0,5.0,1.0,0,0
DS07,pca,-1,0.02,R2,quantile_regression_W,not_exceeding,0.2,113,True,0.19469026548672566,0.19469026548672566,0,2,2,0.0,3.0,3.0,0.0,0,0
DS07,isolation_forest,0,0.005,R0,phase_conditioned,nearest,0.025,113,False,0.02654867256637168,0.0,0,0,4,inf,inf,inf,16.0,0,4
DS07,isolation_forest,0,0.005,R0,phase_conditioned,nearest,0.05,113,False,0.05309734513274336,0.061946902654867256,1,0,3,4.0,4.0,15.0,11.0,0,0
DS07,isolation_forest,0,0.005,R0,phase_conditioned,nearest,0.1,113,True,0.09734513274336283,0.09734513274336283,1,1,2,0.0,-7.0,4.0,11.0,0,0
DS07,isolation_forest,0,0.005,R0,phase_conditioned,nearest,0.15,113,True,0.1504424778761062,0.1504424778761062,2,2,0,-3.0,-9.0,2.0,11.0,0,0
DS07,isolation_forest,0,0.005,R0,phase_conditioned,nearest,0.2,113,True,0.19469026548672566,0.20353982300884957,2,2,0,-2.0,-6.0,2.0,8.0,0,0
DS07,isolation_forest,0,0.005,R0,phase_conditioned,not_exceeding,0.025,113,False,0.017699115044247787,0.0,0,0,4,inf,inf,inf,18.0,0,4
DS07,isolation_forest,0,0.005,R0,phase_conditioned,not_exceeding,0.05,113,False,0.04424778761061947,0.0,0,0,4,inf,inf,inf,11.0,0,4
DS07,isolation_forest,0,0.005,R0,phase_conditioned,not_exceeding,0.1,113,True,0.09734513274336283,0.09734513274336283,1,1,2,0.0,-7.0,4.0,11.0,0,0
DS07,isolation_forest,0,0.005,R0,phase_conditioned,not_exceeding,0.15,113,False,0.13274336283185842,0.1415929203539823,3,0,1,-3.0,-9.0,2.0,11.0,0,0
DS07,isolation_forest,0,0.005,R0,phase_conditioned,not_exceeding,0.2,113,True,0.19469026548672566,0.19469026548672566,2,2,0,-2.0,-6.0,2.0,8.0,0,0
DS07,isolation_forest,0,0.005,R0,quantile_regression_W,nearest,0.025,113,True,0.02654867256637168,0.017699115044247787,3,1,0,-6.0,-7.0,9.0,16.0,0,0
DS07,isolation_forest,0,0.005,R0,quantile_regression_W,nearest,0.05,113,True,0.05309734513274336,0.05309734513274336,2,1,1,-4.0,-4.0,7.0,11.0,0,0
DS07,isolation_forest,0,0.005,R0,quantile_regression_W,nearest,0.1,113,True,0.09734513274336283,0.09734513274336283,2,1,1,-6.0,-6.0,5.0,11.0,0,0
DS07,isolation_forest,0,0.005,R0,quantile_regression_W,nearest,0.15,113,True,0.1504424778761062,0.1415929203539823,4,0,0,-6.0,-6.0,5.0,11.0,0,0
DS07,isolation_forest,0,0.005,R0,quantile_regression_W,nearest,0.2,113,True,0.19469026548672566,0.20353982300884957,4,0,0,-4.0,-3.0,5.0,8.0,0,0
DS07,isolation_forest,0,0.005,R0,quantile_regression_W,not_exceeding,0.025,113,True,0.017699115044247787,0.017699115044247787,4,0,0,-6.0,-9.0,9.0,18.0,0,0
DS07,isolation_forest,0,0.005,R0,quantile_regression_W,not_exceeding,0.05,113,True,0.04424778761061947,0.04424778761061947,2,2,0,-2.0,-2.0,9.0,11.0,0,0
DS07,isolation_forest,0,0.005,R0,quantile_regression_W,not_exceeding,0.1,113,True,0.09734513274336283,0.09734513274336283,2,1,1,-6.0,-6.0,5.0,11.0,0,0
DS07,isolation_forest,0,0.005,R0,quantile_regression_W,not_exceeding,0.15,113,False,0.13274336283185842,0.1415929203539823,4,0,0,-6.0,-6.0,5.0,11.0,0,0
DS07,isolation_forest,0,0.005,R0,quantile_regression_W,not_exceeding,0.2,113,True,0.19469026548672566,0.19469026548672566,4,0,0,-4.0,-3.0,5.0,8.0,0,0
DS07,isolation_forest,0,0.005,R1,phase_conditioned,nearest,0.025,113,False,0.02654867256637168,0.0,0,0,4,inf,inf,inf,18.0,0,4
DS07,isolation_forest,0,0.005,R1,phase_conditioned,nearest,0.05,113,False,0.05309734513274336,0.061946902654867256,1,1,2,0.0,-3.0,15.0,18.0,0,0
DS07,isolation_forest,0,0.005,R1,phase_conditioned,nearest,0.1,113,True,0.09734513274336283,0.09734513274336283,2,1,1,-3.0,-8.0,8.0,16.0,0,0
DS07,isolation_forest,0,0.005,R1,phase_conditioned,nearest,0.15,113,True,0.1504424778761062,0.1504424778761062,1,3,0,0.0,-4.0,4.0,8.0,0,0
DS07,isolation_forest,0,0.005,R1,phase_conditioned,nearest,0.2,113,True,0.20353982300884957,0.19469026548672566,1,3,0,0.0,-2.0,2.0,4.0,0,0
DS07,isolation_forest,0,0.005,R1,phase_conditioned,not_exceeding,0.025,113,False,0.017699115044247787,0.0,0,0,4,inf,inf,inf,18.0,0,4
DS07,isolation_forest,0,0.005,R1,phase_conditioned,not_exceeding,0.05,113,False,0.04424778761061947,0.0,0,0,4,inf,inf,inf,18.0,0,4
DS07,isolation_forest,0,0.005,R1,phase_conditioned,not_exceeding,0.1,113,True,0.09734513274336283,0.09734513274336283,2,1,1,-3.0,-8.0,8.0,16.0,0,0
DS07,isolation_forest,0,0.005,R1,phase_conditioned,not_exceeding,0.15,113,True,0.1415929203539823,0.1415929203539823,1,3,0,0.0,-4.0,4.0,8.0,0,0
DS07,isolation_forest,0,0.005,R1,phase_conditioned,not_exceeding,0.2,113,True,0.19469026548672566,0.19469026548672566,1,3,0,0.0,-2.0,2.0,4.0,0,0
DS07,isolation_forest,0,0.005,R1,quantile_regression_W,nearest,0.025,113,True,0.02654867256637168,0.02654867256637168,4,0,0,-6.0,-9.0,9.0,18.0,0,0
DS07,isolation_forest,0,0.005,R1,quantile_regression_W,nearest,0.05,113,True,0.05309734513274336,0.05309734513274336,4,0,0,-8.0,-11.0,7.0,18.0,0,0
DS07,isolation_forest,0,0.005,R1,quantile_regression_W,nearest,0.1,113,True,0.09734513274336283,0.09734513274336283,3,1,0,-8.0,-11.0,5.0,16.0,0,0
DS07,isolation_forest,0,0.005,R1,quantile_regression_W,nearest,0.15,113,True,0.1504424778761062,0.1504424778761062,4,0,0,-6.0,-3.0,5.0,8.0,0,0
DS07,isolation_forest,0,0.005,R1,quantile_regression_W,nearest,0.2,113,True,0.20353982300884957,0.20353982300884957,3,1,0,-3.0,-3.0,1.0,4.0,0,0
DS07,isolation_forest,0,0.005,R1,quantile_regression_W,not_exceeding,0.025,113,True,0.017699115044247787,0.017699115044247787,4,0,0,-6.0,-9.0,9.0,18.0,0,0
DS07,isolation_forest,0,0.005,R1,quantile_regression_W,not_exceeding,0.05,113,True,0.04424778761061947,0.04424778761061947,4,0,0,-8.0,-11.0,7.0,18.0,0,0
DS07,isolation_forest,0,0.005,R1,quantile_regression_W,not_exceeding,0.1,113,True,0.09734513274336283,0.09734513274336283,3,1,0,-8.0,-11.0,5.0,16.0,0,0
DS07,isolation_forest,0,0.005,R1,quantile_regression_W,not_exceeding,0.15,113,True,0.1415929203539823,0.1415929203539823,4,0,0,-6.0,-3.0,5.0,8.0,0,0
DS07,isolation_forest,0,0.005,R1,quantile_regression_W,not_exceeding,0.2,113,False,0.19469026548672566,0.18584070796460178,3,1,0,-3.0,-3.0,1.0,4.0,0,0
DS07,isolation_forest,0,0.005,R2,phase_conditioned,nearest,0.025,113,False,0.02654867256637168,0.0,0,0,4,inf,inf,inf,18.0,0,4
DS07,isolation_forest,0,0.005,R2,phase_conditioned,nearest,0.05,113,False,0.04424778761061947,0.061946902654867256,1,0,3,4.0,-1.0,15.0,16.0,0,0
DS07,isolation_forest,0,0.005,R2,phase_conditioned,nearest,0.1,113,True,0.09734513274336283,0.09734513274336283,1,1,2,0.0,0.0,11.0,11.0,0,0
DS07,isolation_forest,0,0.005,R2,phase_conditioned,nearest,0.15,113,True,0.1504424778761062,0.1504424778761062,1,3,0,0.0,-6.0,2.0,8.0,0,0
DS07,isolation_forest,0,0.005,R2,phase_conditioned,nearest,0.2,113,True,0.20353982300884957,0.20353982300884957,0,2,2,0.0,2.0,2.0,0.0,0,0
DS07,isolation_forest,0,0.005,R2,phase_conditioned,not_exceeding,0.025,113,False,0.017699115044247787,0.0,0,0,4,inf,inf,inf,18.0,0,4
DS07,isolation_forest,0,0.005,R2,phase_conditioned,not_exceeding,0.05,113,False,0.04424778761061947,0.0,0,0,4,inf,inf,inf,16.0,0,4
DS07,isolation_forest,0,0.005,R2,phase_conditioned,not_exceeding,0.1,113,True,0.09734513274336283,0.09734513274336283,1,1,2,0.0,0.0,11.0,11.0,0,0
DS07,isolation_forest,0,0.005,R2,phase_conditioned,not_exceeding,0.15,113,True,0.1415929203539823,0.1415929203539823,2,1,1,-3.0,-9.0,2.0,11.0,0,0
DS07,isolation_forest,0,0.005,R2,phase_conditioned,not_exceeding,0.2,113,True,0.19469026548672566,0.19469026548672566,1,3,0,0.0,-4.0,2.0,6.0,0,0
DS07,isolation_forest,0,0.005,R2,quantile_regression_W,nearest,0.025,113,True,0.02654867256637168,0.02654867256637168,4,0,0,-7.0,-9.0,9.0,18.0,0,0
DS07,isolation_forest,0,0.005,R2,quantile_regression_W,nearest,0.05,113,True,0.04424778761061947,0.05309734513274336,3,1,0,-7.0,-9.0,7.0,16.0,0,0
DS07,isolation_forest,0,0.005,R2,quantile_regression_W,nearest,0.1,113,True,0.09734513274336283,0.09734513274336283,2,2,0,-6.0,-6.0,5.0,11.0,0,0
DS07,isolation_forest,0,0.005,R2,quantile_regression_W,nearest,0.15,113,True,0.1504424778761062,0.1504424778761062,4,0,0,-6.0,-3.0,5.0,8.0,0,0
DS07,isolation_forest,0,0.005,R2,quantile_regression_W,nearest,0.2,113,True,0.20353982300884957,0.20353982300884957,2,0,2,-1.0,5.0,5.0,0.0,0,0
DS07,isolation_forest,0,0.005,R2,quantile_regression_W,not_exceeding,0.025,113,True,0.017699115044247787,0.017699115044247787,4,0,0,-6.0,-9.0,9.0,18.0,0,0
DS07,isolation_forest,0,0.005,R2,quantile_regression_W,not_exceeding,0.05,113,True,0.04424778761061947,0.04424778761061947,3,1,0,-7.0,-9.0,7.0,16.0,0,0
DS07,isolation_forest,0,0.005,R2,quantile_regression_W,not_exceeding,0.1,113,True,0.09734513274336283,0.09734513274336283,2,2,0,-6.0,-6.0,5.0,11.0,0,0
DS07,isolation_forest,0,0.005,R2,quantile_regression_W,not_exceeding,0.15,113,True,0.1415929203539823,0.1415929203539823,4,0,0,-8.0,-6.0,5.0,11.0,0,0
DS07,isolation_forest,0,0.005,R2,quantile_regression_W,not_exceeding,0.2,113,True,0.19469026548672566,0.19469026548672566,4,0,0,-6.0,-1.0,5.0,6.0,0,0
DS07,isolation_forest,0,0.01,R0,phase_conditioned,nearest,0.025,113,True,0.02654867256637168,0.017699115044247787,0,4,0,0.0,0.0,11.0,11.0,0,0
DS07,isolation_forest,0,0.01,R0,phase_conditioned,nearest,0.05,113,False,0.035398230088495575,0.07079646017699115,1,3,0,0.0,0.0,11.0,11.0,0,0
DS07,isolation_forest,0,0.01,R0,phase_conditioned,nearest,0.1,113,True,0.09734513274336283,0.10619469026548672,1,3,0,0.0,-7.0,4.0,11.0,0,0
DS07,isolation_forest,0,0.01,R0,phase_conditioned,nearest,0.15,113,False,0.1504424778761062,0.1592920353982301,1,3,0,0.0,0.0,4.0,4.0,0,0
DS07,isolation_forest,0,0.01,R0,phase_conditioned,nearest,0.2,113,True,0.20353982300884957,0.20353982300884957,1,3,0,0.0,0.0,4.0,4.0,0,0
DS07,isolation_forest,0,0.01,R0,phase_conditioned,not_exceeding,0.025,113,True,0.017699115044247787,0.017699115044247787,0,4,0,0.0,0.0,11.0,11.0,0,0
DS07,isolation_forest,0,0.01,R0,phase_conditioned,not_exceeding,0.05,113,False,0.035398230088495575,0.017699115044247787,0,3,1,0.0,0.0,11.0,11.0,0,0
DS07,isolation_forest,0,0.01,R0,phase_conditioned,not_exceeding,0.1,113,False,0.09734513274336283,0.08849557522123894,1,3,0,0.0,-7.0,4.0,11.0,0,0
DS07,isolation_forest,0,0.01,R0,phase_conditioned,not_exceeding,0.15,113,False,0.1415929203539823,0.13274336283185842,0,4,0,0.0,0.0,4.0,4.0,0,0
DS07,isolation_forest,0,0.01,R0,phase_conditioned,not_exceeding,0.2,113,True,0.19469026548672566,0.19469026548672566,0,4,0,0.0,0.0,4.0,4.0,0,0
DS07,isolation_forest,0,0.01,R0,quantile_regression_W,nearest,0.025,113,True,0.02654867256637168,0.02654867256637168,4,0,0,-3.0,-2.0,9.0,11.0,0,0
DS07,isolation_forest,0,0.01,R0,quantile_regression_W,nearest,0.05,113,False,0.035398230088495575,0.05309734513274336,4,0,0,-4.0,-4.0,7.0,11.0,0,0
DS07,isolation_forest,0,0.01,R0,quantile_regression_W,nearest,0.1,113,True,0.09734513274336283,0.09734513274336283,4,0,0,-4.0,-4.0,7.0,11.0,0,0
DS07,isolation_forest,0,0.01,R0,quantile_regression_W,nearest,0.15,113,True,0.1504424778761062,0.1504424778761062,3,0,1,-4.0,1.0,5.0,4.0,0,0
DS07,isolation_forest,0,0.01,R0,quantile_regression_W,nearest,0.2,113,True,0.20353982300884957,0.19469026548672566,2,1,1,-3.0,1.0,5.0,4.0,0,0
DS07,isolation_forest,0,0.01,R0,quantile_regression_W,not_exceeding,0.025,113,True,0.017699115044247787,0.017699115044247787,4,0,0,-3.0,-2.0,9.0,11.0,0,0
DS07,isolation_forest,0,0.01,R0,quantile_regression_W,not_exceeding,0.05,113,False,0.035398230088495575,0.04424778761061947,4,0,0,-4.0,-4.0,7.0,11.0,0,0
DS07,isolation_forest,0,0.01,R0,quantile_regression_W,not_exceeding,0.1,113,True,0.09734513274336283,0.09734513274336283,4,0,0,-4.0,-4.0,7.0,11.0,0,0
DS07,isolation_forest,0,0.01,R0,quantile_regression_W,not_exceeding,0.15,113,True,0.1415929203539823,0.1415929203539823,3,0,1,-4.0,1.0,5.0,4.0,0,0
DS07,isolation_forest,0,0.01,R0,quantile_regression_W,not_exceeding,0.2,113,True,0.19469026548672566,0.19469026548672566,2,1,1,-3.0,1.0,5.0,4.0,0,0
DS07,isolation_forest,0,0.01,R1,phase_conditioned,nearest,0.025,113,False,0.0,0.0,0,4,0,0.0,0.0,inf,inf,4,4
DS07,isolation_forest,0,0.01,R1,phase_conditioned,nearest,0.05,113,False,0.061946902654867256,0.05309734513274336,0,3,1,0.0,3.0,18.0,15.0,0,0
DS07,isolation_forest,0,0.01,R1,phase_conditioned,nearest,0.1,113,True,0.09734513274336283,0.09734513274336283,0,4,0,0.0,0.0,4.0,4.0,0,0
DS07,isolation_forest,0,0.01,R1,phase_conditioned,nearest,0.15,113,True,0.1504424778761062,0.1504424778761062,1,3,0,0.0,0.0,4.0,4.0,0,0
DS07,isolation_forest,0,0.01,R1,phase_conditioned,nearest,0.2,113,True,0.20353982300884957,0.20353982300884957,0,3,1,0.0,2.0,4.0,2.0,0,0
DS07,isolation_forest,0,0.01,R1,phase_conditioned,not_exceeding,0.025,113,False,0.0,0.0,0,4,0,0.0,0.0,inf,inf,4,4
DS07,isolation_forest,0,0.01,R1,phase_conditioned,not_exceeding,0.05,113,False,0.0,0.0,0,4,0,0.0,0.0,inf,inf,4,4
DS07,isolation_forest,0,0.01,R1,phase_conditioned,not_exceeding,0.1,113,True,0.09734513274336283,0.09734513274336283,0,4,0,0.0,0.0,4.0,4.0,0,0
DS07,isolation_forest,0,0.01,R1,phase_conditioned,not_exceeding,0.15,113,True,0.1415929203539823,0.1415929203539823,0,4,0,0.0,0.0,4.0,4.0,0,0
DS07,isolation_forest,0,0.01,R1,phase_conditioned,not_exceeding,0.2,113,False,0.19469026548672566,0.18584070796460178,0,4,0,0.0,0.0,4.0,4.0,0,0
DS07,isolation_forest,0,0.01,R1,quantile_regression_W,nearest,0.025,113,False,0.0,0.02654867256637168,4,0,0,-inf,-inf,9.0,inf,4,0
DS07,isolation_forest,0,0.01,R1,quantile_regression_W,nearest,0.05,113,False,0.061946902654867256,0.04424778761061947,4,0,0,-7.0,-8.0,7.0,15.0,0,0
DS07,isolation_forest,0,0.01,R1,quantile_regression_W,nearest,0.1,113,True,0.09734513274336283,0.09734513274336283,3,0,1,-4.0,3.0,7.0,4.0,0,0
DS07,isolation_forest,0,0.01,R1,quantile_regression_W,nearest,0.15,113,True,0.1504424778761062,0.1504424778761062,2,1,1,-3.0,1.0,5.0,4.0,0,0
DS07,isolation_forest,0,0.01,R1,quantile_regression_W,nearest,0.2,113,True,0.20353982300884957,0.20353982300884957,2,1,1,-1.0,-1.0,1.0,2.0,0,0
DS07,isolation_forest,0,0.01,R1,quantile_regression_W,not_exceeding,0.025,113,False,0.0,0.017699115044247787,4,0,0,-inf,-inf,9.0,inf,4,0
DS07,isolation_forest,0,0.01,R1,quantile_regression_W,not_exceeding,0.05,113,False,0.0,0.04424778761061947,4,0,0,-inf,-inf,7.0,inf,4,0
DS07,isolation_forest,0,0.01,R1,quantile_regression_W,not_exceeding,0.1,113,True,0.09734513274336283,0.09734513274336283,3,0,1,-4.0,3.0,7.0,4.0,0,0
DS07,isolation_forest,0,0.01,R1,quantile_regression_W,not_exceeding,0.15,113,True,0.1415929203539823,0.1415929203539823,2,1,1,-3.0,1.0,5.0,4.0,0,0
DS07,isolation_forest,0,0.01,R1,quantile_regression_W,not_exceeding,0.2,113,True,0.19469026548672566,0.19469026548672566,1,1,2,0.0,1.0,5.0,4.0,0,0
DS07,isolation_forest,0,0.01,R2,phase_conditioned,nearest,0.025,113,False,0.008849557522123894,0.008849557522123894,0,4,0,0.0,0.0,11.0,11.0,0,0
DS07,isolation_forest,0,0.01,R2,phase_conditioned,nearest,0.05,113,False,0.07079646017699115,0.07079646017699115,0,3,1,0.0,0.0,11.0,11.0,0,0
DS07,isolation_forest,0,0.01,R2,phase_conditioned,nearest,0.1,113,True,0.09734513274336283,0.09734513274336283,0,4,0,0.0,0.0,4.0,4.0,0,0
DS07,isolation_forest,0,0.01,R2,phase_conditioned,nearest,0.15,113,True,0.1504424778761062,0.1504424778761062,1,3,0,0.0,0.0,4.0,4.0,0,0
DS07,isolation_forest,0,0.01,R2,phase_conditioned,nearest,0.2,113,True,0.20353982300884957,0.20353982300884957,1,3,0,0.0,0.0,2.0,2.0,0,0
DS07,isolation_forest,0,0.01,R2,phase_conditioned,not_exceeding,0.025,113,False,0.008849557522123894,0.008849557522123894,0,4,0,0.0,0.0,11.0,11.0,0,0
DS07,isolation_forest,0,0.01,R2,phase_conditioned,not_exceeding,0.05,113,False,0.008849557522123894,0.008849557522123894,0,4,0,0.0,0.0,11.0,11.0,0,0
DS07,isolation_forest,0,0.01,R2,phase_conditioned,not_exceeding,0.1,113,True,0.09734513274336283,0.09734513274336283,0,4,0,0.0,0.0,4.0,4.0,0,0
DS07,isolation_forest,0,0.01,R2,phase_conditioned,not_exceeding,0.15,113,True,0.1415929203539823,0.1415929203539823,0,4,0,0.0,0.0,4.0,4.0,0,0
DS07,isolation_forest,0,0.01,R2,phase_conditioned,not_exceeding,0.2,113,False,0.19469026548672566,0.18584070796460178,1,3,0,0.0,0.0,2.0,2.0,0,0
DS07,isolation_forest,0,0.01,R2,quantile_regression_W,nearest,0.025,113,False,0.008849557522123894,0.017699115044247787,4,0,0,-3.0,-2.0,9.0,11.0,0,0
DS07,isolation_forest,0,0.01,R2,quantile_regression_W,nearest,0.05,113,False,0.07079646017699115,0.05309734513274336,4,0,0,-7.0,-4.0,7.0,11.0,0,0
DS07,isolation_forest,0,0.01,R2,quantile_regression_W,nearest,0.1,113,True,0.09734513274336283,0.09734513274336283,3,0,1,-4.0,3.0,7.0,4.0,0,0
DS07,isolation_forest,0,0.01,R2,quantile_regression_W,nearest,0.15,113,True,0.1504424778761062,0.1504424778761062,3,0,1,-4.0,1.0,5.0,4.0,0,0
DS07,isolation_forest,0,0.01,R2,quantile_regression_W,nearest,0.2,113,True,0.20353982300884957,0.20353982300884957,2,1,1,-1.0,3.0,5.0,2.0,0,0
DS07,isolation_forest,0,0.01,R2,quantile_regression_W,not_exceeding,0.025,113,False,0.008849557522123894,0.017699115044247787,4,0,0,-3.0,-2.0,9.0,11.0,0,0
DS07,isolation_forest,0,0.01,R2,quantile_regression_W,not_exceeding,0.05,113,False,0.008849557522123894,0.04424778761061947,4,0,0,-8.0,-4.0,7.0,11.0,0,0
DS07,isolation_forest,0,0.01,R2,quantile_regression_W,not_exceeding,0.1,113,True,0.09734513274336283,0.09734513274336283,3,0,1,-4.0,3.0,7.0,4.0,0,0
DS07,isolation_forest,0,0.01,R2,quantile_regression_W,not_exceeding,0.15,113,False,0.1415929203539823,0.13274336283185842,3,0,1,-3.0,1.0,5.0,4.0,0,0
DS07,isolation_forest,0,0.01,R2,quantile_regression_W,not_exceeding,0.2,113,True,0.19469026548672566,0.19469026548672566,2,1,1,-1.0,3.0,5.0,2.0,0,0
DS07,isolation_forest,0,0.02,R0,phase_conditioned,nearest,0.025,113,True,0.02654867256637168,0.02654867256637168,1,3,0,0.0,0.0,11.0,11.0,0,0
DS07,isolation_forest,0,0.02,R0,phase_conditioned,nearest,0.05,113,False,0.035398230088495575,0.05309734513274336,1,3,0,0.0,0.0,11.0,11.0,0,0
DS07,isolation_forest,0,0.02,R0,phase_conditioned,nearest,0.1,113,True,0.09734513274336283,0.09734513274336283,0,3,1,0.0,2.0,11.0,9.0,0,0
DS07,isolation_forest,0,0.02,R0,phase_conditioned,nearest,0.15,113,True,0.1415929203539823,0.1504424778761062,1,2,1,0.0,2.0,4.0,2.0,0,0
DS07,isolation_forest,0,0.02,R0,phase_conditioned,nearest,0.2,113,True,0.20353982300884957,0.20353982300884957,1,3,0,0.0,0.0,2.0,2.0,0,0
DS07,isolation_forest,0,0.02,R0,phase_conditioned,not_exceeding,0.025,113,False,0.017699115044247787,0.0,0,0,4,inf,inf,inf,11.0,0,4
DS07,isolation_forest,0,0.02,R0,phase_conditioned,not_exceeding,0.05,113,False,0.035398230088495575,0.02654867256637168,1,3,0,0.0,0.0,11.0,11.0,0,0
DS07,isolation_forest,0,0.02,R0,phase_conditioned,not_exceeding,0.1,113,True,0.09734513274336283,0.09734513274336283,0,3,1,0.0,2.0,11.0,9.0,0,0
DS07,isolation_forest,0,0.02,R0,phase_conditioned,not_exceeding,0.15,113,False,0.1415929203539823,0.13274336283185842,0,2,2,0.0,4.0,6.0,2.0,0,0
DS07,isolation_forest,0,0.02,R0,phase_conditioned,not_exceeding,0.2,113,False,0.17699115044247787,0.19469026548672566,1,3,0,0.0,0.0,2.0,2.0,0,0
DS07,isolation_forest,0,0.02,R0,quantile_regression_W,nearest,0.025,113,True,0.02654867256637168,0.02654867256637168,4,0,0,-4.0,-5.0,6.0,11.0,0,0
DS07,isolation_forest,0,0.02,R0,quantile_regression_W,nearest,0.05,113,False,0.035398230088495575,0.04424778761061947,4,0,0,-4.0,-5.0,6.0,11.0,0,0
DS07,isolation_forest,0,0.02,R0,quantile_regression_W,nearest,0.1,113,True,0.09734513274336283,0.10619469026548672,3,0,1,-3.0,-6.0,3.0,9.0,0,0
DS07,isolation_forest,0,0.02,R0,quantile_regression_W,nearest,0.15,113,True,0.1415929203539823,0.1415929203539823,3,0,1,-3.0,-1.0,1.0,2.0,0,0
DS07,isolation_forest,0,0.02,R0,quantile_regression_W,nearest,0.2,113,True,0.20353982300884957,0.20353982300884957,3,0,1,-3.0,-1.0,1.0,2.0,0,0
DS07,isolation_forest,0,0.02,R0,quantile_regression_W,not_exceeding,0.025,113,True,0.017699115044247787,0.017699115044247787,4,0,0,-4.0,-5.0,6.0,11.0,0,0
DS07,isolation_forest,0,0.02,R0,quantile_regression_W,not_exceeding,0.05,113,False,0.035398230088495575,0.04424778761061947,4,0,0,-4.0,-5.0,6.0,11.0,0,0
DS07,isolation_forest,0,0.02,R0,quantile_regression_W,not_exceeding,0.1,113,False,0.09734513274336283,0.08849557522123894,3,0,1,-3.0,-6.0,3.0,9.0,0,0
DS07,isolation_forest,0,0.02,R0,quantile_regression_W,not_exceeding,0.15,113,True,0.1415929203539823,0.1415929203539823,3,0,1,-3.0,-1.0,1.0,2.0,0,0
DS07,isolation_forest,0,0.02,R0,quantile_regression_W,not_exceeding,0.2,113,False,0.17699115044247787,0.18584070796460178,3,0,1,-3.0,-1.0,1.0,2.0,0,0
DS07,isolation_forest,0,0.02,R1,phase_conditioned,nearest,0.025,113,True,0.02654867256637168,0.02654867256637168,0,4,0,0.0,0.0,15.0,15.0,0,0
DS07,isolation_forest,0,0.02,R1,phase_conditioned,nearest,0.05,113,True,0.05309734513274336,0.05309734513274336,2,2,0,-4.0,-5.0,6.0,11.0,0,0
DS07,isolation_forest,0,0.02,R1,phase_conditioned,nearest,0.1,113,False,0.10619469026548672,0.08849557522123894,1,3,0,0.0,-1.0,6.0,7.0,0,0
DS07,isolation_forest,0,0.02,R1,phase_conditioned,nearest,0.15,113,False,0.1415929203539823,0.13274336283185842,0,4,0,0.0,0.0,4.0,4.0,0,0
DS07,isolation_forest,0,0.02,R1,phase_conditioned,nearest,0.2,113,False,0.18584070796460178,0.20353982300884957,0,4,0,0.0,0.0,4.0,4.0,0,0
DS07,isolation_forest,0,0.02,R1,phase_conditioned,not_exceeding,0.025,113,True,0.017699115044247787,0.017699115044247787,0,4,0,0.0,0.0,15.0,15.0,0,0
DS07,isolation_forest,0,0.02,R1,phase_conditioned,not_exceeding,0.05,113,True,0.04424778761061947,0.04424778761061947,0,4,0,0.0,0.0,11.0,11.0,0,0
DS07,isolation_forest,0,0.02,R1,phase_conditioned,not_exceeding,0.1,113,False,0.08849557522123894,0.08849557522123894,1,3,0,0.0,-1.0,6.0,7.0,0,0
DS07,isolation_forest,0,0.02,R1,phase_conditioned,not_exceeding,0.15,113,False,0.1415929203539823,0.13274336283185842,0,4,0,0.0,0.0,4.0,4.0,0,0
DS07,isolation_forest,0,0.02,R1,phase_conditioned,not_exceeding,0.2,113,False,0.18584070796460178,0.17699115044247787,0,4,0,0.0,0.0,4.0,4.0,0,0
DS07,isolation_forest,0,0.02,R1,quantile_regression_W,nearest,0.025,113,True,0.02654867256637168,0.02654867256637168,4,0,0,-7.0,-9.0,6.0,15.0,0,0
DS07,isolation_forest,0,0.02,R1,quantile_regression_W,nearest,0.05,113,True,0.05309734513274336,0.05309734513274336,4,0,0,-4.0,-5.0,6.0,11.0,0,0
DS07,isolation_forest,0,0.02,R1,quantile_regression_W,nearest,0.1,113,True,0.10619469026548672,0.09734513274336283,2,0,2,-3.0,-1.0,6.0,7.0,0,0
DS07,isolation_forest,0,0.02,R1,quantile_regression_W,nearest,0.15,113,True,0.1415929203539823,0.1504424778761062,3,0,1,-7.0,-3.0,1.0,4.0,0,0
DS07,isolation_forest,0,0.02,R1,quantile_regression_W,nearest,0.2,113,False,0.18584070796460178,0.19469026548672566,3,0,1,-7.0,-3.0,1.0,4.0,0,0
DS07,isolation_forest,0,0.02,R1,quantile_regression_W,not_exceeding,0.025,113,True,0.017699115044247787,0.017699115044247787,4,0,0,-8.0,-9.0,6.0,15.0,0,0
DS07,isolation_forest,0,0.02,R1,quantile_regression_W,not_exceeding,0.05,113,True,0.04424778761061947,0.04424778761061947,4,0,0,-4.0,-5.0,6.0,11.0,0,0
DS07,isolation_forest,0,0.02,R1,quantile_regression_W,not_exceeding,0.1,113,False,0.08849557522123894,0.09734513274336283,2,0,2,-3.0,-1.0,6.0,7.0,0,0
DS07,isolation_forest,0,0.02,R1,quantile_regression_W,not_exceeding,0.15,113,True,0.1415929203539823,0.1415929203539823,2,0,2,-3.0,-1.0,3.0,4.0,0,0
DS07,isolation_forest,0,0.02,R1,quantile_regression_W,not_exceeding,0.2,113,False,0.18584070796460178,0.19469026548672566,3,0,1,-7.0,-3.0,1.0,4.0,0,0
DS07,isolation_forest,0,0.02,R2,phase_conditioned,nearest,0.025,113,True,0.02654867256637168,0.02654867256637168,1,3,0,0.0,0.0,11.0,11.0,0,0
DS07,isolation_forest,0,0.02,R2,phase_conditioned,nearest,0.05,113,True,0.05309734513274336,0.04424778761061947,0,4,0,0.0,0.0,11.0,11.0,0,0
DS07,isolation_forest,0,0.02,R2,phase_conditioned,nearest,0.1,113,True,0.09734513274336283,0.09734513274336283,0,4,0,0.0,0.0,11.0,11.0,0,0
DS07,isolation_forest,0,0.02,R2,phase_conditioned,nearest,0.15,113,True,0.1504424778761062,0.1504424778761062,1,2,1,0.0,2.0,6.0,4.0,0,0
DS07,isolation_forest,0,0.02,R2,phase_conditioned,nearest,0.2,113,True,0.19469026548672566,0.19469026548672566,1,2,1,0.0,2.0,4.0,2.0,0,0
DS07,isolation_forest,0,0.02,R2,phase_conditioned,not_exceeding,0.025,113,False,0.017699115044247787,0.008849557522123894,1,3,0,0.0,0.0,11.0,11.0,0,0
DS07,isolation_forest,0,0.02,R2,phase_conditioned,not_exceeding,0.05,113,False,0.035398230088495575,0.04424778761061947,1,3,0,0.0,0.0,11.0,11.0,0,0
DS07,isolation_forest,0,0.02,R2,phase_conditioned,not_exceeding,0.1,113,True,0.09734513274336283,0.09734513274336283,0,4,0,0.0,0.0,11.0,11.0,0,0
DS07,isolation_forest,0,0.02,R2,phase_conditioned,not_exceeding,0.15,113,False,0.13274336283185842,0.1415929203539823,1,3,0,0.0,-1.0,6.0,7.0,0,0
DS07,isolation_forest,0,0.02,R2,phase_conditioned,not_exceeding,0.2,113,True,0.19469026548672566,0.19469026548672566,1,2,1,0.0,2.0,4.0,2.0,0,0
DS07,isolation_forest,0,0.02,R2,quantile_regression_W,nearest,0.025,113,True,0.02654867256637168,0.02654867256637168,4,0,0,-4.0,-5.0,6.0,11.0,0,0
DS07,isolation_forest,0,0.02,R2,quantile_regression_W,nearest,0.05,113,True,0.05309734513274336,0.05309734513274336,4,0,0,-4.0,-5.0,6.0,11.0,0,0
DS07,isolation_forest,0,0.02,R2,quantile_regression_W,nearest,0.1,113,True,0.09734513274336283,0.09734513274336283,4,0,0,-4.0,-8.0,3.0,11.0,0,0
DS07,isolation_forest,0,0.02,R2,quantile_regression_W,nearest,0.15,113,True,0.1504424778761062,0.1504424778761062,3,0,1,-7.0,-3.0,1.0,4.0,0,0
DS07,isolation_forest,0,0.02,R2,quantile_regression_W,nearest,0.2,113,True,0.19469026548672566,0.20353982300884957,3,0,1,-3.0,-2.0,0.0,2.0,0,0
DS07,isolation_forest,0,0.02,R2,quantile_regression_W,not_exceeding,0.025,113,True,0.017699115044247787,0.017699115044247787,4,0,0,-4.0,-5.0,6.0,11.0,0,0
DS07,isolation_forest,0,0.02,R2,quantile_regression_W,not_exceeding,0.05,113,False,0.035398230088495575,0.04424778761061947,4,0,0,-4.0,-5.0,6.0,11.0,0,0
DS07,isolation_forest,0,0.02,R2,quantile_regression_W,not_exceeding,0.1,113,True,0.09734513274336283,0.09734513274336283,4,0,0,-4.0,-8.0,3.0,11.0,0,0
DS07,isolation_forest,0,0.02,R2,quantile_regression_W,not_exceeding,0.15,113,False,0.13274336283185842,0.1415929203539823,3,0,1,-7.0,-6.0,1.0,7.0,0,0
DS07,isolation_forest,0,0.02,R2,quantile_regression_W,not_exceeding,0.2,113,True,0.19469026548672566,0.19469026548672566,3,0,1,-3.0,-1.0,1.0,2.0,0,0
DS07,isolation_forest,1,0.005,R0,phase_conditioned,nearest,0.025,113,False,0.02654867256637168,0.0,0,0,4,inf,inf,inf,19.0,0,4
DS07,isolation_forest,1,0.005,R0,phase_conditioned,nearest,0.05,113,False,0.05309734513274336,0.061946902654867256,1,1,2,0.0,-3.0,15.0,18.0,0,0
DS07,isolation_forest,1,0.005,R0,phase_conditioned,nearest,0.1,113,True,0.09734513274336283,0.09734513274336283,1,3,0,0.0,-7.0,4.0,11.0,0,0
DS07,isolation_forest,1,0.005,R0,phase_conditioned,nearest,0.15,113,True,0.1504424778761062,0.1504424778761062,2,0,2,-3.0,-7.0,4.0,11.0,0,0
DS07,isolation_forest,1,0.005,R0,phase_conditioned,nearest,0.2,113,True,0.20353982300884957,0.19469026548672566,1,3,0,0.0,-4.0,2.0,6.0,0,0
DS07,isolation_forest,1,0.005,R0,phase_conditioned,not_exceeding,0.025,113,False,0.008849557522123894,0.0,0,0,4,inf,inf,inf,19.0,0,4
DS07,isolation_forest,1,0.005,R0,phase_conditioned,not_exceeding,0.05,113,False,0.04424778761061947,0.0,0,0,4,inf,inf,inf,18.0,0,4
DS07,isolation_forest,1,0.005,R0,phase_conditioned,not_exceeding,0.1,113,True,0.09734513274336283,0.09734513274336283,1,3,0,0.0,-7.0,4.0,11.0,0,0
DS07,isolation_forest,1,0.005,R0,phase_conditioned,not_exceeding,0.15,113,True,0.1415929203539823,0.1415929203539823,2,1,1,-3.0,-7.0,4.0,11.0,0,0
DS07,isolation_forest,1,0.005,R0,phase_conditioned,not_exceeding,0.2,113,True,0.19469026548672566,0.19469026548672566,2,2,0,-2.0,-6.0,2.0,8.0,0,0
DS07,isolation_forest,1,0.005,R0,quantile_regression_W,nearest,0.025,113,True,0.02654867256637168,0.02654867256637168,3,0,1,-8.0,-7.0,12.0,19.0,0,0
DS07,isolation_forest,1,0.005,R0,quantile_regression_W,nearest,0.05,113,True,0.05309734513274336,0.05309734513274336,3,0,1,-7.0,-6.0,12.0,18.0,0,0
DS07,isolation_forest,1,0.005,R0,quantile_regression_W,nearest,0.1,113,True,0.09734513274336283,0.09734513274336283,3,1,0,-6.0,-6.0,5.0,11.0,0,0
DS07,isolation_forest,1,0.005,R0,quantile_regression_W,nearest,0.15,113,True,0.1504424778761062,0.1504424778761062,4,0,0,-6.0,-6.0,5.0,11.0,0,0
DS07,isolation_forest,1,0.005,R0,quantile_regression_W,nearest,0.2,113,True,0.20353982300884957,0.20353982300884957,4,0,0,-4.0,-1.0,5.0,6.0,0,0
DS07,isolation_forest,1,0.005,R0,quantile_regression_W,not_exceeding,0.025,113,False,0.008849557522123894,0.017699115044247787,3,0,1,-8.0,-7.0,12.0,19.0,0,0
DS07,isolation_forest,1,0.005,R0,quantile_regression_W,not_exceeding,0.05,113,True,0.04424778761061947,0.04424778761061947,3,0,1,-7.0,-6.0,12.0,18.0,0,0
DS07,isolation_forest,1,0.005,R0,quantile_regression_W,not_exceeding,0.1,113,True,0.09734513274336283,0.09734513274336283,3,1,0,-6.0,-6.0,5.0,11.0,0,0
DS07,isolation_forest,1,0.005,R0,quantile_regression_W,not_exceeding,0.15,113,True,0.1415929203539823,0.1415929203539823,4,0,0,-6.0,-6.0,5.0,11.0,0,0
DS07,isolation_forest,1,0.005,R0,quantile_regression_W,not_exceeding,0.2,113,True,0.19469026548672566,0.19469026548672566,4,0,0,-4.0,-3.0,5.0,8.0,0,0
DS07,isolation_forest,1,0.005,R1,phase_conditioned,nearest,0.025,113,False,0.02654867256637168,0.0,0,0,4,inf,inf,inf,19.0,0,4
DS07,isolation_forest,1,0.005,R1,phase_conditioned,nearest,0.05,113,False,0.05309734513274336,0.061946902654867256,1,1,2,0.0,-3.0,15.0,18.0,0,0
DS07,isolation_forest,1,0.005,R1,phase_conditioned,nearest,0.1,113,True,0.09734513274336283,0.09734513274336283,2,2,0,-18.0,-12.0,4.0,16.0,0,0
DS07,isolation_forest,1,0.005,R1,phase_conditioned,nearest,0.15,113,True,0.1504424778761062,0.1504424778761062,1,2,1,0.0,-2.0,4.0,6.0,0,0
DS07,isolation_forest,1,0.005,R1,phase_conditioned,nearest,0.2,113,True,0.20353982300884957,0.19469026548672566,0,3,1,0.0,0.0,2.0,2.0,0,0
DS07,isolation_forest,1,0.005,R1,phase_conditioned,not_exceeding,0.025,113,False,0.008849557522123894,0.0,0,0,4,inf,inf,inf,19.0,0,4
DS07,isolation_forest,1,0.005,R1,phase_conditioned,not_exceeding,0.05,113,False,0.04424778761061947,0.0,0,0,4,inf,inf,inf,18.0,0,4
DS07,isolation_forest,1,0.005,R1,phase_conditioned,not_exceeding,0.1,113,True,0.09734513274336283,0.09734513274336283,2,2,0,-18.0,-12.0,4.0,16.0,0,0
DS07,isolation_forest,1,0.005,R1,phase_conditioned,not_exceeding,0.15,113,True,0.1415929203539823,0.1415929203539823,1,3,0,0.0,-4.0,4.0,8.0,0,0
DS07,isolation_forest,1,0.005,R1,phase_conditioned,not_exceeding,0.2,113,True,0.19469026548672566,0.19469026548672566,1,2,1,0.0,0.0,2.0,2.0,0,0
DS07,isolation_forest,1,0.005,R1,quantile_regression_W,nearest,0.025,113,True,0.02654867256637168,0.02654867256637168,3,0,1,-8.0,-7.0,12.0,19.0,0,0
DS07,isolation_forest,1,0.005,R1,quantile_regression_W,nearest,0.05,113,True,0.05309734513274336,0.05309734513274336,4,0,0,-8.0,-11.0,7.0,18.0,0,0
DS07,isolation_forest,1,0.005,R1,quantile_regression_W,nearest,0.1,113,True,0.09734513274336283,0.09734513274336283,4,0,0,-8.0,-11.0,5.0,16.0,0,0
DS07,isolation_forest,1,0.005,R1,quantile_regression_W,nearest,0.15,113,True,0.1504424778761062,0.1504424778761062,3,1,0,-6.0,-1.0,5.0,6.0,0,0
DS07,isolation_forest,1,0.005,R1,quantile_regression_W,nearest,0.2,113,True,0.20353982300884957,0.20353982300884957,2,2,0,-1.0,-1.0,1.0,2.0,0,0
DS07,isolation_forest,1,0.005,R1,quantile_regression_W,not_exceeding,0.025,113,False,0.008849557522123894,0.017699115044247787,3,0,1,-8.0,-7.0,12.0,19.0,0,0
DS07,isolation_forest,1,0.005,R1,quantile_regression_W,not_exceeding,0.05,113,True,0.04424778761061947,0.04424778761061947,4,0,0,-8.0,-11.0,7.0,18.0,0,0
DS07,isolation_forest,1,0.005,R1,quantile_regression_W,not_exceeding,0.1,113,True,0.09734513274336283,0.09734513274336283,4,0,0,-8.0,-11.0,5.0,16.0,0,0
DS07,isolation_forest,1,0.005,R1,quantile_regression_W,not_exceeding,0.15,113,True,0.1415929203539823,0.1415929203539823,3,1,0,-6.0,-3.0,5.0,8.0,0,0
DS07,isolation_forest,1,0.005,R1,quantile_regression_W,not_exceeding,0.2,113,True,0.19469026548672566,0.19469026548672566,3,0,1,-1.0,3.0,5.0,2.0,0,0
DS07,isolation_forest,1,0.005,R2,phase_conditioned,nearest,0.025,113,False,0.02654867256637168,0.0,0,0,4,inf,inf,inf,19.0,0,4
DS07,isolation_forest,1,0.005,R2,phase_conditioned,nearest,0.05,113,False,0.05309734513274336,0.061946902654867256,1,2,1,0.0,-4.0,15.0,19.0,0,0
DS07,isolation_forest,1,0.005,R2,phase_conditioned,nearest,0.1,113,True,0.09734513274336283,0.09734513274336283,1,3,0,0.0,-7.0,4.0,11.0,0,0
DS07,isolation_forest,1,0.005,R2,phase_conditioned,nearest,0.15,113,True,0.1504424778761062,0.1504424778761062,2,2,0,-2.0,-8.0,2.0,10.0,0,0
DS07,isolation_forest,1,0.005,R2,phase_conditioned,nearest,0.2,113,True,0.20353982300884957,0.20353982300884957,1,2,1,0.0,-4.0,2.0,6.0,0,0
DS07,isolation_forest,1,0.005,R2,phase_conditioned,not_exceeding,0.025,113,False,0.008849557522123894,0.0,0,0,4,inf,inf,inf,19.0,0,4
DS07,isolation_forest,1,0.005,R2,phase_conditioned,not_exceeding,0.05,113,False,0.035398230088495575,0.0,0,0,4,inf,inf,inf,19.0,0,4
DS07,isolation_forest,1,0.005,R2,phase_conditioned,not_exceeding,0.1,113,True,0.09734513274336283,0.09734513274336283,1,3,0,0.0,-7.0,4.0,11.0,0,0
DS07,isolation_forest,1,0.005,R2,phase_conditioned,not_exceeding,0.15,113,False,0.1415929203539823,0.13274336283185842,1,2,1,0.0,-7.0,4.0,11.0,0,0
DS07,isolation_forest,1,0.005,R2,phase_conditioned,not_exceeding,0.2,113,True,0.19469026548672566,0.19469026548672566,1,2,1,0.0,-4.0,2.0,6.0,0,0
DS07,isolation_forest,1,0.005,R2,quantile_regression_W,nearest,0.025,113,True,0.02654867256637168,0.02654867256637168,3,0,1,-8.0,-7.0,12.0,19.0,0,0
DS07,isolation_forest,1,0.005,R2,quantile_regression_W,nearest,0.05,113,True,0.05309734513274336,0.05309734513274336,3,0,1,-8.0,-7.0,12.0,19.0,0,0
DS07,isolation_forest,1,0.005,R2,quantile_regression_W,nearest,0.1,113,True,0.09734513274336283,0.09734513274336283,3,1,0,-6.0,-6.0,5.0,11.0,0,0
DS07,isolation_forest,1,0.005,R2,quantile_regression_W,nearest,0.15,113,True,0.1504424778761062,0.1415929203539823,4,0,0,-9.0,-5.0,5.0,10.0,0,0
DS07,isolation_forest,1,0.005,R2,quantile_regression_W,nearest,0.2,113,True,0.20353982300884957,0.20353982300884957,4,0,0,-4.0,-1.0,5.0,6.0,0,0
DS07,isolation_forest,1,0.005,R2,quantile_regression_W,not_exceeding,0.025,113,False,0.008849557522123894,0.017699115044247787,3,0,1,-8.0,-7.0,12.0,19.0,0,0
DS07,isolation_forest,1,0.005,R2,quantile_regression_W,not_exceeding,0.05,113,False,0.035398230088495575,0.035398230088495575,3,0,1,-8.0,-7.0,12.0,19.0,0,0
DS07,isolation_forest,1,0.005,R2,quantile_regression_W,not_exceeding,0.1,113,True,0.09734513274336283,0.09734513274336283,3,1,0,-6.0,-6.0,5.0,11.0,0,0
DS07,isolation_forest,1,0.005,R2,quantile_regression_W,not_exceeding,0.15,113,True,0.1415929203539823,0.1415929203539823,4,0,0,-9.0,-6.0,5.0,11.0,0,0
DS07,isolation_forest,1,0.005,R2,quantile_regression_W,not_exceeding,0.2,113,True,0.19469026548672566,0.19469026548672566,4,0,0,-4.0,-1.0,5.0,6.0,0,0
DS07,isolation_forest,1,0.01,R0,phase_conditioned,nearest,0.025,113,True,0.02654867256637168,0.017699115044247787,0,4,0,0.0,0.0,11.0,11.0,0,0
DS07,isolation_forest,1,0.01,R0,phase_conditioned,nearest,0.05,113,False,0.02654867256637168,0.017699115044247787,0,4,0,0.0,0.0,11.0,11.0,0,0
DS07,isolation_forest,1,0.01,R0,phase_conditioned,nearest,0.1,113,True,0.10619469026548672,0.09734513274336283,0,4,0,0.0,0.0,4.0,4.0,0,0
DS07,isolation_forest,1,0.01,R0,phase_conditioned,nearest,0.15,113,True,0.1504424778761062,0.1504424778761062,0,4,0,0.0,0.0,4.0,4.0,0,0
DS07,isolation_forest,1,0.01,R0,phase_conditioned,nearest,0.2,113,True,0.19469026548672566,0.20353982300884957,1,3,0,0.0,0.0,4.0,4.0,0,0
DS07,isolation_forest,1,0.01,R0,phase_conditioned,not_exceeding,0.025,113,True,0.017699115044247787,0.017699115044247787,1,3,0,0.0,-4.0,11.0,15.0,0,0
DS07,isolation_forest,1,0.01,R0,phase_conditioned,not_exceeding,0.05,113,False,0.02654867256637168,0.017699115044247787,0,4,0,0.0,0.0,11.0,11.0,0,0
DS07,isolation_forest,1,0.01,R0,phase_conditioned,not_exceeding,0.1,113,False,0.08849557522123894,0.09734513274336283,0,4,0,0.0,0.0,4.0,4.0,0,0
DS07,isolation_forest,1,0.01,R0,phase_conditioned,not_exceeding,0.15,113,False,0.13274336283185842,0.1415929203539823,0,4,0,0.0,0.0,4.0,4.0,0,0
DS07,isolation_forest,1,0.01,R0,phase_conditioned,not_exceeding,0.2,113,True,0.19469026548672566,0.19469026548672566,0,4,0,0.0,0.0,4.0,4.0,0,0
DS07,isolation_forest,1,0.01,R0,quantile_regression_W,nearest,0.025,113,True,0.02654867256637168,0.02654867256637168,3,1,0,-2.0,-2.0,9.0,11.0,0,0
DS07,isolation_forest,1,0.01,R0,quantile_regression_W,nearest,0.05,113,False,0.02654867256637168,0.05309734513274336,4,0,0,-8.0,-4.0,7.0,11.0,0,0
DS07,isolation_forest,1,0.01,R0,quantile_regression_W,nearest,0.1,113,True,0.10619469026548672,0.09734513274336283,3,0,1,-3.0,3.0,7.0,4.0,0,0
DS07,isolation_forest,1,0.01,R0,quantile_regression_W,nearest,0.15,113,True,0.1504424778761062,0.1504424778761062,3,0,1,-4.0,1.0,5.0,4.0,0,0
DS07,isolation_forest,1,0.01,R0,quantile_regression_W,nearest,0.2,113,True,0.19469026548672566,0.20353982300884957,3,0,1,-4.0,1.0,5.0,4.0,0,0
DS07,isolation_forest,1,0.01,R0,quantile_regression_W,not_exceeding,0.025,113,True,0.017699115044247787,0.017699115044247787,3,1,0,-6.0,-6.0,9.0,15.0,0,0
DS07,isolation_forest,1,0.01,R0,quantile_regression_W,not_exceeding,0.05,113,False,0.02654867256637168,0.04424778761061947,4,0,0,-4.0,-4.0,7.0,11.0,0,0
DS07,isolation_forest,1,0.01,R0,quantile_regression_W,not_exceeding,0.1,113,False,0.08849557522123894,0.09734513274336283,3,0,1,-3.0,3.0,7.0,4.0,0,0
DS07,isolation_forest,1,0.01,R0,quantile_regression_W,not_exceeding,0.15,113,False,0.13274336283185842,0.1415929203539823,3,0,1,-3.0,1.0,5.0,4.0,0,0
DS07,isolation_forest,1,0.01,R0,quantile_regression_W,not_exceeding,0.2,113,True,0.19469026548672566,0.19469026548672566,3,0,1,-4.0,1.0,5.0,4.0,0,0
DS07,isolation_forest,1,0.01,R1,phase_conditioned,nearest,0.025,113,False,0.0,0.0,0,4,0,0.0,0.0,inf,inf,4,4
DS07,isolation_forest,1,0.01,R1,phase_conditioned,nearest,0.05,113,False,0.061946902654867256,0.061946902654867256,0,4,0,0.0,0.0,15.0,15.0,0,0
DS07,isolation_forest,1,0.01,R1,phase_conditioned,nearest,0.1,113,True,0.09734513274336283,0.09734513274336283,1,3,0,0.0,0.0,4.0,4.0,0,0
DS07,isolation_forest,1,0.01,R1,phase_conditioned,nearest,0.15,113,True,0.1504424778761062,0.1504424778761062,2,2,0,-3.0,0.0,4.0,4.0,0,0
DS07,isolation_forest,1,0.01,R1,phase_conditioned,nearest,0.2,113,True,0.20353982300884957,0.19469026548672566,1,2,1,0.0,2.0,4.0,2.0,0,0
DS07,isolation_forest,1,0.01,R1,phase_conditioned,not_exceeding,0.025,113,False,0.0,0.0,0,4,0,0.0,0.0,inf,inf,4,4
DS07,isolation_forest,1,0.01,R1,phase_conditioned,not_exceeding,0.05,113,False,0.0,0.0,0,4,0,0.0,0.0,inf,inf,4,4
DS07,isolation_forest,1,0.01,R1,phase_conditioned,not_exceeding,0.1,113,True,0.09734513274336283,0.09734513274336283,1,3,0,0.0,0.0,4.0,4.0,0,0
DS07,isolation_forest,1,0.01,R1,phase_conditioned,not_exceeding,0.15,113,True,0.1415929203539823,0.1415929203539823,2,2,0,-3.0,0.0,4.0,4.0,0,0
DS07,isolation_forest,1,0.01,R1,phase_conditioned,not_exceeding,0.2,113,True,0.19469026548672566,0.19469026548672566,1,2,1,0.0,2.0,4.0,2.0,0,0
DS07,isolation_forest,1,0.01,R1,quantile_regression_W,nearest,0.025,113,False,0.0,0.02654867256637168,4,0,0,-inf,-inf,7.0,inf,4,0
DS07,isolation_forest,1,0.01,R1,quantile_regression_W,nearest,0.05,113,False,0.061946902654867256,0.04424778761061947,4,0,0,-7.0,-8.0,7.0,15.0,0,0
DS07,isolation_forest,1,0.01,R1,quantile_regression_W,nearest,0.1,113,True,0.09734513274336283,0.09734513274336283,3,0,1,-8.0,3.0,7.0,4.0,0,0
DS07,isolation_forest,1,0.01,R1,quantile_regression_W,nearest,0.15,113,True,0.1504424778761062,0.1504424778761062,3,0,1,-6.0,1.0,5.0,4.0,0,0
DS07,isolation_forest,1,0.01,R1,quantile_regression_W,nearest,0.2,113,True,0.20353982300884957,0.20353982300884957,2,1,1,-1.0,3.0,5.0,2.0,0,0
DS07,isolation_forest,1,0.01,R1,quantile_regression_W,not_exceeding,0.025,113,False,0.0,0.017699115044247787,4,0,0,-inf,-inf,7.0,inf,4,0
DS07,isolation_forest,1,0.01,R1,quantile_regression_W,not_exceeding,0.05,113,False,0.0,0.04424778761061947,4,0,0,-inf,-inf,7.0,inf,4,0
DS07,isolation_forest,1,0.01,R1,quantile_regression_W,not_exceeding,0.1,113,True,0.09734513274336283,0.09734513274336283,3,0,1,-8.0,3.0,7.0,4.0,0,0
DS07,isolation_forest,1,0.01,R1,quantile_regression_W,not_exceeding,0.15,113,True,0.1415929203539823,0.1415929203539823,3,0,1,-6.0,1.0,5.0,4.0,0,0
DS07,isolation_forest,1,0.01,R1,quantile_regression_W,not_exceeding,0.2,113,True,0.19469026548672566,0.19469026548672566,2,1,1,-1.0,3.0,5.0,2.0,0,0
DS07,isolation_forest,1,0.01,R2,phase_conditioned,nearest,0.025,113,False,0.017699115044247787,0.008849557522123894,0,3,1,0.0,4.0,15.0,11.0,0,0
DS07,isolation_forest,1,0.01,R2,phase_conditioned,nearest,0.05,113,False,0.07964601769911504,0.07079646017699115,0,4,0,0.0,0.0,11.0,11.0,0,0
DS07,isolation_forest,1,0.01,R2,phase_conditioned,nearest,0.1,113,True,0.09734513274336283,0.09734513274336283,0,4,0,0.0,0.0,4.0,4.0,0,0
DS07,isolation_forest,1,0.01,R2,phase_conditioned,nearest,0.15,113,True,0.1504424778761062,0.1504424778761062,0,4,0,0.0,0.0,4.0,4.0,0,0
DS07,isolation_forest,1,0.01,R2,phase_conditioned,nearest,0.2,113,True,0.20353982300884957,0.20353982300884957,2,2,0,-3.0,0.0,2.0,2.0,0,0
DS07,isolation_forest,1,0.01,R2,phase_conditioned,not_exceeding,0.025,113,False,0.017699115044247787,0.008849557522123894,0,3,1,0.0,4.0,15.0,11.0,0,0
DS07,isolation_forest,1,0.01,R2,phase_conditioned,not_exceeding,0.05,113,False,0.017699115044247787,0.008849557522123894,0,3,1,0.0,4.0,15.0,11.0,0,0
DS07,isolation_forest,1,0.01,R2,phase_conditioned,not_exceeding,0.1,113,True,0.09734513274336283,0.09734513274336283,0,4,0,0.0,0.0,4.0,4.0,0,0
DS07,isolation_forest,1,0.01,R2,phase_conditioned,not_exceeding,0.15,113,True,0.1415929203539823,0.1415929203539823,0,4,0,0.0,0.0,4.0,4.0,0,0
DS07,isolation_forest,1,0.01,R2,phase_conditioned,not_exceeding,0.2,113,False,0.19469026548672566,0.18584070796460178,1,2,1,0.0,2.0,4.0,2.0,0,0
DS07,isolation_forest,1,0.01,R2,quantile_regression_W,nearest,0.025,113,True,0.017699115044247787,0.02654867256637168,3,1,0,-4.0,-4.0,7.0,11.0,0,0
DS07,isolation_forest,1,0.01,R2,quantile_regression_W,nearest,0.05,113,False,0.07964601769911504,0.05309734513274336,4,0,0,-4.0,-4.0,7.0,11.0,0,0
DS07,isolation_forest,1,0.01,R2,quantile_regression_W,nearest,0.1,113,True,0.09734513274336283,0.09734513274336283,3,0,1,-4.0,3.0,7.0,4.0,0,0
DS07,isolation_forest,1,0.01,R2,quantile_regression_W,nearest,0.15,113,True,0.1504424778761062,0.1504424778761062,3,0,1,-3.0,1.0,5.0,4.0,0,0
DS07,isolation_forest,1,0.01,R2,quantile_regression_W,nearest,0.2,113,True,0.20353982300884957,0.20353982300884957,3,0,1,-4.0,3.0,5.0,2.0,0,0
DS07,isolation_forest,1,0.01,R2,quantile_regression_W,not_exceeding,0.025,113,True,0.017699115044247787,0.017699115044247787,3,1,0,-2.0,-2.0,9.0,11.0,0,0
DS07,isolation_forest,1,0.01,R2,quantile_regression_W,not_exceeding,0.05,113,False,0.017699115044247787,0.04424778761061947,4,0,0,-4.0,-4.0,7.0,11.0,0,0
DS07,isolation_forest,1,0.01,R2,quantile_regression_W,not_exceeding,0.1,113,True,0.09734513274336283,0.09734513274336283,3,0,1,-4.0,3.0,7.0,4.0,0,0
DS07,isolation_forest,1,0.01,R2,quantile_regression_W,not_exceeding,0.15,113,True,0.1415929203539823,0.1415929203539823,3,0,1,-6.0,1.0,5.0,4.0,0,0
DS07,isolation_forest,1,0.01,R2,quantile_regression_W,not_exceeding,0.2,113,False,0.19469026548672566,0.18584070796460178,3,0,1,-4.0,3.0,5.0,2.0,0,0
DS07,isolation_forest,1,0.02,R0,phase_conditioned,nearest,0.025,113,True,0.02654867256637168,0.02654867256637168,0,4,0,0.0,0.0,11.0,11.0,0,0
DS07,isolation_forest,1,0.02,R0,phase_conditioned,nearest,0.05,113,True,0.04424778761061947,0.05309734513274336,1,3,0,0.0,0.0,11.0,11.0,0,0
DS07,isolation_forest,1,0.02,R0,phase_conditioned,nearest,0.1,113,True,0.09734513274336283,0.09734513274336283,0,4,0,0.0,0.0,9.0,9.0,0,0
DS07,isolation_forest,1,0.02,R0,phase_conditioned,nearest,0.15,113,True,0.1504424778761062,0.1504424778761062,1,2,1,0.0,2.0,4.0,2.0,0,0
DS07,isolation_forest,1,0.02,R0,phase_conditioned,nearest,0.2,113,True,0.20353982300884957,0.20353982300884957,1,3,0,0.0,0.0,2.0,2.0,0,0
DS07,isolation_forest,1,0.02,R0,phase_conditioned,not_exceeding,0.025,113,False,0.017699115044247787,0.008849557522123894,0,4,0,0.0,0.0,11.0,11.0,0,0
DS07,isolation_forest,1,0.02,R0,phase_conditioned,not_exceeding,0.05,113,False,0.04424778761061947,0.035398230088495575,1,3,0,0.0,0.0,11.0,11.0,0,0
DS07,isolation_forest,1,0.02,R0,phase_conditioned,not_exceeding,0.1,113,True,0.09734513274336283,0.09734513274336283,0,4,0,0.0,0.0,9.0,9.0,0,0
DS07,isolation_forest,1,0.02,R0,phase_conditioned,not_exceeding,0.15,113,True,0.1415929203539823,0.1415929203539823,1,2,1,0.0,2.0,4.0,2.0,0,0
DS07,isolation_forest,1,0.02,R0,phase_conditioned,not_exceeding,0.2,113,False,0.19469026548672566,0.18584070796460178,1,3,0,0.0,0.0,2.0,2.0,0,0
DS07,isolation_forest,1,0.02,R0,quantile_regression_W,nearest,0.025,113,True,0.02654867256637168,0.02654867256637168,4,0,0,-4.0,-5.0,6.0,11.0,0,0
DS07,isolation_forest,1,0.02,R0,quantile_regression_W,nearest,0.05,113,True,0.04424778761061947,0.04424778761061947,4,0,0,-4.0,-5.0,6.0,11.0,0,0
DS07,isolation_forest,1,0.02,R0,quantile_regression_W,nearest,0.1,113,True,0.09734513274336283,0.09734513274336283,3,0,1,-5.0,-4.0,5.0,9.0,0,0
DS07,isolation_forest,1,0.02,R0,quantile_regression_W,nearest,0.15,113,True,0.1504424778761062,0.1504424778761062,3,0,1,-3.0,-1.0,1.0,2.0,0,0
DS07,isolation_forest,1,0.02,R0,quantile_regression_W,nearest,0.2,113,True,0.20353982300884957,0.20353982300884957,3,0,1,-3.0,-2.0,0.0,2.0,0,0
DS07,isolation_forest,1,0.02,R0,quantile_regression_W,not_exceeding,0.025,113,True,0.017699115044247787,0.017699115044247787,3,1,0,-4.0,-5.0,6.0,11.0,0,0
DS07,isolation_forest,1,0.02,R0,quantile_regression_W,not_exceeding,0.05,113,True,0.04424778761061947,0.04424778761061947,4,0,0,-4.0,-5.0,6.0,11.0,0,0
DS07,isolation_forest,1,0.02,R0,quantile_regression_W,not_exceeding,0.1,113,True,0.09734513274336283,0.09734513274336283,3,0,1,-5.0,-4.0,5.0,9.0,0,0
DS07,isolation_forest,1,0.02,R0,quantile_regression_W,not_exceeding,0.15,113,True,0.1415929203539823,0.1415929203539823,3,0,1,-3.0,-1.0,1.0,2.0,0,0
DS07,isolation_forest,1,0.02,R0,quantile_regression_W,not_exceeding,0.2,113,True,0.19469026548672566,0.19469026548672566,3,0,1,-3.0,-1.0,1.0,2.0,0,0
DS07,isolation_forest,1,0.02,R1,phase_conditioned,nearest,0.025,113,True,0.02654867256637168,0.02654867256637168,2,2,0,-1.0,-4.0,11.0,15.0,0,0
DS07,isolation_forest,1,0.02,R1,phase_conditioned,nearest,0.05,113,True,0.05309734513274336,0.05309734513274336,0,4,0,0.0,0.0,11.0,11.0,0,0
DS07,isolation_forest,1,0.02,R1,phase_conditioned,nearest,0.1,113,False,0.09734513274336283,0.07964601769911504,1,3,0,0.0,-1.0,6.0,7.0,0,0
DS07,isolation_forest,1,0.02,R1,phase_conditioned,nearest,0.15,113,True,0.1415929203539823,0.1504424778761062,0,4,0,0.0,0.0,4.0,4.0,0,0
DS07,isolation_forest,1,0.02,R1,phase_conditioned,nearest,0.2,113,True,0.19469026548672566,0.20353982300884957,0,4,0,0.0,0.0,4.0,4.0,0,0
DS07,isolation_forest,1,0.02,R1,phase_conditioned,not_exceeding,0.025,113,True,0.017699115044247787,0.017699115044247787,1,3,0,0.0,0.0,15.0,15.0,0,0
DS07,isolation_forest,1,0.02,R1,phase_conditioned,not_exceeding,0.05,113,True,0.04424778761061947,0.04424778761061947,0,4,0,0.0,0.0,11.0,11.0,0,0
DS07,isolation_forest,1,0.02,R1,phase_conditioned,not_exceeding,0.1,113,False,0.09734513274336283,0.07964601769911504,1,3,0,0.0,-1.0,6.0,7.0,0,0
DS07,isolation_forest,1,0.02,R1,phase_conditioned,not_exceeding,0.15,113,False,0.1415929203539823,0.13274336283185842,0,4,0,0.0,0.0,4.0,4.0,0,0
DS07,isolation_forest,1,0.02,R1,phase_conditioned,not_exceeding,0.2,113,False,0.19469026548672566,0.18584070796460178,0,4,0,0.0,0.0,4.0,4.0,0,0
DS07,isolation_forest,1,0.02,R1,quantile_regression_W,nearest,0.025,113,True,0.02654867256637168,0.017699115044247787,4,0,0,-8.0,-9.0,6.0,15.0,0,0
DS07,isolation_forest,1,0.02,R1,quantile_regression_W,nearest,0.05,113,True,0.05309734513274336,0.04424778761061947,4,0,0,-4.0,-5.0,6.0,11.0,0,0
DS07,isolation_forest,1,0.02,R1,quantile_regression_W,nearest,0.1,113,True,0.09734513274336283,0.09734513274336283,2,0,2,-3.0,-1.0,6.0,7.0,0,0
DS07,isolation_forest,1,0.02,R1,quantile_regression_W,nearest,0.15,113,True,0.1415929203539823,0.1504424778761062,3,0,1,-3.0,-1.0,3.0,4.0,0,0
DS07,isolation_forest,1,0.02,R1,quantile_regression_W,nearest,0.2,113,True,0.19469026548672566,0.19469026548672566,3,0,1,-7.0,-4.0,0.0,4.0,0,0
DS07,isolation_forest,1,0.02,R1,quantile_regression_W,not_exceeding,0.025,113,True,0.017699115044247787,0.017699115044247787,4,0,0,-8.0,-9.0,6.0,15.0,0,0
DS07,isolation_forest,1,0.02,R1,quantile_regression_W,not_exceeding,0.05,113,True,0.04424778761061947,0.04424778761061947,4,0,0,-4.0,-5.0,6.0,11.0,0,0
DS07,isolation_forest,1,0.02,R1,quantile_regression_W,not_exceeding,0.1,113,True,0.09734513274336283,0.09734513274336283,2,0,2,-3.0,-1.0,6.0,7.0,0,0
DS07,isolation_forest,1,0.02,R1,quantile_regression_W,not_exceeding,0.15,113,True,0.1415929203539823,0.1415929203539823,2,0,2,-3.0,-1.0,3.0,4.0,0,0
DS07,isolation_forest,1,0.02,R1,quantile_regression_W,not_exceeding,0.2,113,True,0.19469026548672566,0.19469026548672566,3,0,1,-7.0,-4.0,0.0,4.0,0,0
DS07,isolation_forest,1,0.02,R2,phase_conditioned,nearest,0.025,113,True,0.02654867256637168,0.02654867256637168,1,3,0,0.0,0.0,11.0,11.0,0,0
DS07,isolation_forest,1,0.02,R2,phase_conditioned,nearest,0.05,113,True,0.04424778761061947,0.04424778761061947,1,3,0,0.0,0.0,11.0,11.0,0,0
DS07,isolation_forest,1,0.02,R2,phase_conditioned,nearest,0.1,113,True,0.09734513274336283,0.09734513274336283,0,4,0,0.0,0.0,11.0,11.0,0,0
DS07,isolation_forest,1,0.02,R2,phase_conditioned,nearest,0.15,113,True,0.1504424778761062,0.1504424778761062,1,1,2,0.0,4.0,6.0,2.0,0,0
DS07,isolation_forest,1,0.02,R2,phase_conditioned,nearest,0.2,113,False,0.19469026548672566,0.17699115044247787,1,2,1,0.0,2.0,4.0,2.0,0,0
DS07,isolation_forest,1,0.02,R2,phase_conditioned,not_exceeding,0.025,113,False,0.017699115044247787,0.008849557522123894,0,3,1,0.0,4.0,15.0,11.0,0,0
DS07,isolation_forest,1,0.02,R2,phase_conditioned,not_exceeding,0.05,113,True,0.04424778761061947,0.04424778761061947,1,3,0,0.0,0.0,11.0,11.0,0,0
DS07,isolation_forest,1,0.02,R2,phase_conditioned,not_exceeding,0.1,113,True,0.09734513274336283,0.09734513274336283,0,4,0,0.0,0.0,11.0,11.0,0,0
DS07,isolation_forest,1,0.02,R2,phase_conditioned,not_exceeding,0.15,113,True,0.1415929203539823,0.1415929203539823,1,1,2,0.0,4.0,6.0,2.0,0,0
DS07,isolation_forest,1,0.02,R2,phase_conditioned,not_exceeding,0.2,113,False,0.19469026548672566,0.17699115044247787,1,2,1,0.0,2.0,4.0,2.0,0,0
DS07,isolation_forest,1,0.02,R2,quantile_regression_W,nearest,0.025,113,True,0.02654867256637168,0.02654867256637168,4,0,0,-4.0,-5.0,6.0,11.0,0,0
DS07,isolation_forest,1,0.02,R2,quantile_regression_W,nearest,0.05,113,True,0.04424778761061947,0.05309734513274336,4,0,0,-4.0,-5.0,6.0,11.0,0,0
DS07,isolation_forest,1,0.02,R2,quantile_regression_W,nearest,0.1,113,True,0.09734513274336283,0.09734513274336283,4,0,0,-5.0,-5.0,6.0,11.0,0,0
DS07,isolation_forest,1,0.02,R2,quantile_regression_W,nearest,0.15,113,True,0.1504424778761062,0.1415929203539823,2,0,2,-3.0,1.0,3.0,2.0,0,0
DS07,isolation_forest,1,0.02,R2,quantile_regression_W,nearest,0.2,113,True,0.19469026548672566,0.20353982300884957,3,0,1,-3.0,-2.0,0.0,2.0,0,0
DS07,isolation_forest,1,0.02,R2,quantile_regression_W,not_exceeding,0.025,113,True,0.017699115044247787,0.017699115044247787,3,1,0,-4.0,-5.0,6.0,11.0,0,0
DS07,isolation_forest,1,0.02,R2,quantile_regression_W,not_exceeding,0.05,113,True,0.04424778761061947,0.04424778761061947,4,0,0,-4.0,-5.0,6.0,11.0,0,0
DS07,isolation_forest,1,0.02,R2,quantile_regression_W,not_exceeding,0.1,113,True,0.09734513274336283,0.09734513274336283,4,0,0,-5.0,-5.0,6.0,11.0,0,0
DS07,isolation_forest,1,0.02,R2,quantile_regression_W,not_exceeding,0.15,113,True,0.1415929203539823,0.1415929203539823,2,0,2,-3.0,1.0,3.0,2.0,0,0
DS07,isolation_forest,1,0.02,R2,quantile_regression_W,not_exceeding,0.2,113,True,0.19469026548672566,0.19469026548672566,3,0,1,-3.0,-1.0,1.0,2.0,0,0
DS07,isolation_forest,2,0.005,R0,phase_conditioned,nearest,0.025,113,False,0.02654867256637168,0.0,0,0,4,inf,inf,inf,18.0,0,4
DS07,isolation_forest,2,0.005,R0,phase_conditioned,nearest,0.05,113,False,0.04424778761061947,0.061946902654867256,0,4,0,0.0,0.0,18.0,18.0,0,0
DS07,isolation_forest,2,0.005,R0,phase_conditioned,nearest,0.1,113,True,0.09734513274336283,0.10619469026548672,0,3,1,0.0,0.0,4.0,4.0,0,0
DS07,isolation_forest,2,0.005,R0,phase_conditioned,nearest,0.15,113,True,0.1504424778761062,0.1504424778761062,1,3,0,0.0,0.0,2.0,2.0,0,0
DS07,isolation_forest,2,0.005,R0,phase_conditioned,nearest,0.2,113,True,0.20353982300884957,0.20353982300884957,1,2,1,0.0,0.0,2.0,2.0,0,0
DS07,isolation_forest,2,0.005,R0,phase_conditioned,not_exceeding,0.025,113,False,0.017699115044247787,0.0,0,0,4,inf,inf,inf,18.0,0,4
DS07,isolation_forest,2,0.005,R0,phase_conditioned,not_exceeding,0.05,113,False,0.04424778761061947,0.0,0,0,4,inf,inf,inf,18.0,0,4
DS07,isolation_forest,2,0.005,R0,phase_conditioned,not_exceeding,0.1,113,False,0.09734513274336283,0.08849557522123894,0,3,1,0.0,0.0,4.0,4.0,0,0
DS07,isolation_forest,2,0.005,R0,phase_conditioned,not_exceeding,0.15,113,False,0.13274336283185842,0.1415929203539823,1,3,0,0.0,0.0,2.0,2.0,0,0
DS07,isolation_forest,2,0.005,R0,phase_conditioned,not_exceeding,0.2,113,True,0.19469026548672566,0.19469026548672566,2,1,1,-1.0,0.0,2.0,2.0,0,0
DS07,isolation_forest,2,0.005,R0,quantile_regression_W,nearest,0.025,113,True,0.02654867256637168,0.02654867256637168,4,0,0,-8.0,-11.0,7.0,18.0,0,0
DS07,isolation_forest,2,0.005,R0,quantile_regression_W,nearest,0.05,113,True,0.04424778761061947,0.05309734513274336,4,0,0,-8.0,-11.0,7.0,18.0,0,0
DS07,isolation_forest,2,0.005,R0,quantile_regression_W,nearest,0.1,113,True,0.09734513274336283,0.09734513274336283,3,0,1,-4.0,1.0,5.0,4.0,0,0
DS07,isolation_forest,2,0.005,R0,quantile_regression_W,nearest,0.15,113,True,0.1504424778761062,0.1504424778761062,3,0,1,-4.0,3.0,5.0,2.0,0,0
DS07,isolation_forest,2,0.005,R0,quantile_regression_W,nearest,0.2,113,True,0.20353982300884957,0.20353982300884957,2,1,1,-1.0,3.0,5.0,2.0,0,0
DS07,isolation_forest,2,0.005,R0,quantile_regression_W,not_exceeding,0.025,113,True,0.017699115044247787,0.017699115044247787,4,0,0,-7.0,-9.0,9.0,18.0,0,0
DS07,isolation_forest,2,0.005,R0,quantile_regression_W,not_exceeding,0.05,113,True,0.04424778761061947,0.04424778761061947,4,0,0,-8.0,-11.0,7.0,18.0,0,0
DS07,isolation_forest,2,0.005,R0,quantile_regression_W,not_exceeding,0.1,113,True,0.09734513274336283,0.09734513274336283,3,0,1,-4.0,1.0,5.0,4.0,0,0
DS07,isolation_forest,2,0.005,R0,quantile_regression_W,not_exceeding,0.15,113,False,0.13274336283185842,0.1415929203539823,3,0,1,-4.0,3.0,5.0,2.0,0,0
DS07,isolation_forest,2,0.005,R0,quantile_regression_W,not_exceeding,0.2,113,False,0.19469026548672566,0.168141592920354,2,1,1,-1.0,3.0,5.0,2.0,0,0
DS07,isolation_forest,2,0.005,R1,phase_conditioned,nearest,0.025,113,False,0.02654867256637168,0.0,0,0,4,inf,inf,inf,18.0,0,4
DS07,isolation_forest,2,0.005,R1,phase_conditioned,nearest,0.05,113,False,0.05309734513274336,0.061946902654867256,0,2,2,0.0,6.0,24.0,18.0,0,0
DS07,isolation_forest,2,0.005,R1,phase_conditioned,nearest,0.1,113,True,0.09734513274336283,0.09734513274336283,0,4,0,0.0,0.0,8.0,8.0,0,0
DS07,isolation_forest,2,0.005,R1,phase_conditioned,nearest,0.15,113,True,0.1504424778761062,0.1504424778761062,0,3,1,0.0,0.0,2.0,2.0,0,0
DS07,isolation_forest,2,0.005,R1,phase_conditioned,nearest,0.2,113,True,0.20353982300884957,0.20353982300884957,0,3,1,0.0,0.0,2.0,2.0,0,0
DS07,isolation_forest,2,0.005,R1,phase_conditioned,not_exceeding,0.025,113,False,0.017699115044247787,0.0,0,0,4,inf,inf,inf,18.0,0,4
DS07,isolation_forest,2,0.005,R1,phase_conditioned,not_exceeding,0.05,113,False,0.04424778761061947,0.0,0,0,4,inf,inf,inf,18.0,0,4
DS07,isolation_forest,2,0.005,R1,phase_conditioned,not_exceeding,0.1,113,True,0.09734513274336283,0.09734513274336283,0,4,0,0.0,0.0,8.0,8.0,0,0
DS07,isolation_forest,2,0.005,R1,phase_conditioned,not_exceeding,0.15,113,True,0.1415929203539823,0.1415929203539823,0,1,3,2.0,2.0,4.0,2.0,0,0
DS07,isolation_forest,2,0.005,R1,phase_conditioned,not_exceeding,0.2,113,True,0.19469026548672566,0.19469026548672566,0,3,1,0.0,0.0,2.0,2.0,0,0
DS07,isolation_forest,2,0.005,R1,quantile_regression_W,nearest,0.025,113,True,0.02654867256637168,0.02654867256637168,4,0,0,-13.0,-11.0,7.0,18.0,0,0
DS07,isolation_forest,2,0.005,R1,quantile_regression_W,nearest,0.05,113,True,0.05309734513274336,0.05309734513274336,4,0,0,-13.0,-11.0,7.0,18.0,0,0
DS07,isolation_forest,2,0.005,R1,quantile_regression_W,nearest,0.1,113,True,0.09734513274336283,0.09734513274336283,3,0,1,-6.0,-3.0,5.0,8.0,0,0
DS07,isolation_forest,2,0.005,R1,quantile_regression_W,nearest,0.15,113,True,0.1504424778761062,0.1504424778761062,2,1,1,-1.0,3.0,5.0,2.0,0,0
DS07,isolation_forest,2,0.005,R1,quantile_regression_W,nearest,0.2,113,True,0.20353982300884957,0.19469026548672566,2,2,0,-1.0,-1.0,1.0,2.0,0,0
DS07,isolation_forest,2,0.005,R1,quantile_regression_W,not_exceeding,0.025,113,True,0.017699115044247787,0.017699115044247787,4,0,0,-13.0,-9.0,9.0,18.0,0,0
DS07,isolation_forest,2,0.005,R1,quantile_regression_W,not_exceeding,0.05,113,True,0.04424778761061947,0.04424778761061947,4,0,0,-13.0,-11.0,7.0,18.0,0,0
DS07,isolation_forest,2,0.005,R1,quantile_regression_W,not_exceeding,0.1,113,True,0.09734513274336283,0.09734513274336283,3,0,1,-6.0,-3.0,5.0,8.0,0,0
DS07,isolation_forest,2,0.005,R1,quantile_regression_W,not_exceeding,0.15,113,True,0.1415929203539823,0.1415929203539823,2,1,1,-1.0,3.0,5.0,2.0,0,0
DS07,isolation_forest,2,0.005,R1,quantile_regression_W,not_exceeding,0.2,113,True,0.19469026548672566,0.19469026548672566,2,2,0,-1.0,-1.0,1.0,2.0,0,0
DS07,isolation_forest,2,0.005,R2,phase_conditioned,nearest,0.025,113,False,0.02654867256637168,0.0,0,0,4,inf,inf,inf,18.0,0,4
DS07,isolation_forest,2,0.005,R2,phase_conditioned,nearest,0.05,113,False,0.05309734513274336,0.061946902654867256,0,3,1,0.0,0.0,18.0,18.0,0,0
DS07,isolation_forest,2,0.005,R2,phase_conditioned,nearest,0.1,113,True,0.09734513274336283,0.09734513274336283,0,3,1,0.0,7.0,11.0,4.0,0,0
DS07,isolation_forest,2,0.005,R2,phase_conditioned,nearest,0.15,113,True,0.1504424778761062,0.1504424778761062,0,2,2,0.0,0.0,2.0,2.0,0,0
DS07,isolation_forest,2,0.005,R2,phase_conditioned,nearest,0.2,113,True,0.20353982300884957,0.20353982300884957,0,2,2,0.0,2.0,2.0,0.0,0,0
DS07,isolation_forest,2,0.005,R2,phase_conditioned,not_exceeding,0.025,113,False,0.017699115044247787,0.0,0,0,4,inf,inf,inf,18.0,0,4
DS07,isolation_forest,2,0.005,R2,phase_conditioned,not_exceeding,0.05,113,False,0.02654867256637168,0.0,0,0,4,inf,inf,inf,18.0,0,4
DS07,isolation_forest,2,0.005,R2,phase_conditioned,not_exceeding,0.1,113,True,0.09734513274336283,0.09734513274336283,0,3,1,0.0,7.0,11.0,4.0,0,0
DS07,isolation_forest,2,0.005,R2,phase_conditioned,not_exceeding,0.15,113,False,0.13274336283185842,0.12389380530973451,0,2,2,0.0,0.0,2.0,2.0,0,0
DS07,isolation_forest,2,0.005,R2,phase_conditioned,not_exceeding,0.2,113,True,0.19469026548672566,0.19469026548672566,0,3,1,0.0,0.0,2.0,2.0,0,0
DS07,isolation_forest,2,0.005,R2,quantile_regression_W,nearest,0.025,113,True,0.02654867256637168,0.02654867256637168,4,0,0,-8.0,-11.0,7.0,18.0,0,0
DS07,isolation_forest,2,0.005,R2,quantile_regression_W,nearest,0.05,113,True,0.05309734513274336,0.05309734513274336,4,0,0,-8.0,-11.0,7.0,18.0,0,0
DS07,isolation_forest,2,0.005,R2,quantile_regression_W,nearest,0.1,113,True,0.09734513274336283,0.09734513274336283,3,0,1,-6.0,1.0,5.0,4.0,0,0
DS07,isolation_forest,2,0.005,R2,quantile_regression_W,nearest,0.15,113,True,0.1504424778761062,0.1504424778761062,3,0,1,-1.0,3.0,5.0,2.0,0,0
DS07,isolation_forest,2,0.005,R2,quantile_regression_W,nearest,0.2,113,True,0.20353982300884957,0.20353982300884957,1,1,2,0.0,1.0,1.0,0.0,0,0
DS07,isolation_forest,2,0.005,R2,quantile_regression_W,not_exceeding,0.025,113,True,0.017699115044247787,0.017699115044247787,4,0,0,-7.0,-9.0,9.0,18.0,0,0
DS07,isolation_forest,2,0.005,R2,quantile_regression_W,not_exceeding,0.05,113,False,0.02654867256637168,0.04424778761061947,4,0,0,-8.0,-11.0,7.0,18.0,0,0
DS07,isolation_forest,2,0.005,R2,quantile_regression_W,not_exceeding,0.1,113,True,0.09734513274336283,0.09734513274336283,3,0,1,-6.0,1.0,5.0,4.0,0,0
DS07,isolation_forest,2,0.005,R2,quantile_regression_W,not_exceeding,0.15,113,False,0.13274336283185842,0.1415929203539823,3,0,1,-1.0,3.0,5.0,2.0,0,0
DS07,isolation_forest,2,0.005,R2,quantile_regression_W,not_exceeding,0.2,113,True,0.19469026548672566,0.19469026548672566,2,2,0,-1.0,-1.0,1.0,2.0,0,0
DS07,isolation_forest,2,0.01,R0,phase_conditioned,nearest,0.025,113,False,0.008849557522123894,0.0,0,0,4,inf,inf,inf,11.0,0,4
DS07,isolation_forest,2,0.01,R0,phase_conditioned,nearest,0.05,113,False,0.07079646017699115,0.07079646017699115,0,3,1,0.0,7.0,11.0,4.0,0,0
DS07,isolation_forest,2,0.01,R0,phase_conditioned,nearest,0.1,113,True,0.09734513274336283,0.09734513274336283,1,3,0,0.0,0.0,4.0,4.0,0,0
DS07,isolation_forest,2,0.01,R0,phase_conditioned,nearest,0.15,113,True,0.1415929203539823,0.1504424778761062,0,4,0,0.0,0.0,1.0,1.0,0,0
DS07,isolation_forest,2,0.01,R0,phase_conditioned,nearest,0.2,113,True,0.20353982300884957,0.20353982300884957,1,3,0,0.0,0.0,1.0,1.0,0,0
DS07,isolation_forest,2,0.01,R0,phase_conditioned,not_exceeding,0.025,113,False,0.008849557522123894,0.0,0,0,4,inf,inf,inf,11.0,0,4
DS07,isolation_forest,2,0.01,R0,phase_conditioned,not_exceeding,0.05,113,False,0.008849557522123894,0.0,0,0,4,inf,inf,inf,11.0,0,4
DS07,isolation_forest,2,0.01,R0,phase_conditioned,not_exceeding,0.1,113,True,0.09734513274336283,0.09734513274336283,1,3,0,0.0,0.0,4.0,4.0,0,0
DS07,isolation_forest,2,0.01,R0,phase_conditioned,not_exceeding,0.15,113,True,0.1415929203539823,0.1415929203539823,0,3,1,0.0,3.0,4.0,1.0,0,0
DS07,isolation_forest,2,0.01,R0,phase_conditioned,not_exceeding,0.2,113,True,0.19469026548672566,0.19469026548672566,1,3,0,0.0,0.0,1.0,1.0,0,0
DS07,isolation_forest,2,0.01,R0,quantile_regression_W,nearest,0.025,113,False,0.008849557522123894,0.02654867256637168,3,0,1,-6.0,-2.0,9.0,11.0,0,0
DS07,isolation_forest,2,0.01,R0,quantile_regression_W,nearest,0.05,113,False,0.07079646017699115,0.05309734513274336,2,0,2,-3.0,3.0,7.0,4.0,0,0
DS07,isolation_forest,2,0.01,R0,quantile_regression_W,nearest,0.1,113,True,0.09734513274336283,0.09734513274336283,3,0,1,-3.0,2.0,6.0,4.0,0,0
DS07,isolation_forest,2,0.01,R0,quantile_regression_W,nearest,0.15,113,True,0.1415929203539823,0.1504424778761062,2,0,2,-3.0,4.0,5.0,1.0,0,0
DS07,isolation_forest,2,0.01,R0,quantile_regression_W,nearest,0.2,113,True,0.20353982300884957,0.20353982300884957,2,0,2,-3.0,4.0,5.0,1.0,0,0
DS07,isolation_forest,2,0.01,R0,quantile_regression_W,not_exceeding,0.025,113,False,0.008849557522123894,0.017699115044247787,3,0,1,-6.0,-2.0,9.0,11.0,0,0
DS07,isolation_forest,2,0.01,R0,quantile_regression_W,not_exceeding,0.05,113,False,0.008849557522123894,0.04424778761061947,3,0,1,-8.0,-4.0,7.0,11.0,0,0
DS07,isolation_forest,2,0.01,R0,quantile_regression_W,not_exceeding,0.1,113,True,0.09734513274336283,0.09734513274336283,3,0,1,-3.0,2.0,6.0,4.0,0,0
DS07,isolation_forest,2,0.01,R0,quantile_regression_W,not_exceeding,0.15,113,True,0.1415929203539823,0.1415929203539823,2,0,2,-3.0,4.0,5.0,1.0,0,0
DS07,isolation_forest,2,0.01,R0,quantile_regression_W,not_exceeding,0.2,113,False,0.19469026548672566,0.18584070796460178,2,0,2,-3.0,4.0,5.0,1.0,0,0
DS07,isolation_forest,2,0.01,R1,phase_conditioned,nearest,0.025,113,False,0.0,0.0,0,4,0,0.0,0.0,inf,inf,4,4
DS07,isolation_forest,2,0.01,R1,phase_conditioned,nearest,0.05,113,False,0.061946902654867256,0.07079646017699115,0,2,2,0.0,14.0,18.0,4.0,0,0
DS07,isolation_forest,2,0.01,R1,phase_conditioned,nearest,0.1,113,True,0.09734513274336283,0.10619469026548672,1,3,0,0.0,0.0,4.0,4.0,0,0
DS07,isolation_forest,2,0.01,R1,phase_conditioned,nearest,0.15,113,True,0.1504424778761062,0.1504424778761062,1,3,0,0.0,0.0,4.0,4.0,0,0
DS07,isolation_forest,2,0.01,R1,phase_conditioned,nearest,0.2,113,True,0.20353982300884957,0.19469026548672566,0,4,0,0.0,0.0,1.0,1.0,0,0
DS07,isolation_forest,2,0.01,R1,phase_conditioned,not_exceeding,0.025,113,False,0.0,0.0,0,4,0,0.0,0.0,inf,inf,4,4
DS07,isolation_forest,2,0.01,R1,phase_conditioned,not_exceeding,0.05,113,False,0.0,0.0,0,4,0,0.0,0.0,inf,inf,4,4
DS07,isolation_forest,2,0.01,R1,phase_conditioned,not_exceeding,0.1,113,False,0.09734513274336283,0.08849557522123894,0,4,0,0.0,0.0,4.0,4.0,0,0
DS07,isolation_forest,2,0.01,R1,phase_conditioned,not_exceeding,0.15,113,True,0.1415929203539823,0.1415929203539823,0,4,0,0.0,0.0,4.0,4.0,0,0
DS07,isolation_forest,2,0.01,R1,phase_conditioned,not_exceeding,0.2,113,True,0.19469026548672566,0.19469026548672566,0,4,0,0.0,0.0,1.0,1.0,0,0
DS07,isolation_forest,2,0.01,R1,quantile_regression_W,nearest,0.025,113,False,0.0,0.02654867256637168,4,0,0,-inf,-inf,7.0,inf,4,0
DS07,isolation_forest,2,0.01,R1,quantile_regression_W,nearest,0.05,113,False,0.061946902654867256,0.05309734513274336,3,0,1,-4.0,3.0,7.0,4.0,0,0
DS07,isolation_forest,2,0.01,R1,quantile_regression_W,nearest,0.1,113,True,0.09734513274336283,0.09734513274336283,2,0,2,-3.0,3.0,7.0,4.0,0,0
DS07,isolation_forest,2,0.01,R1,quantile_regression_W,nearest,0.15,113,True,0.1504424778761062,0.1504424778761062,2,1,1,-3.0,-3.0,1.0,4.0,0,0
DS07,isolation_forest,2,0.01,R1,quantile_regression_W,nearest,0.2,113,True,0.20353982300884957,0.20353982300884957,2,0,2,-1.0,0.0,1.0,1.0,0,0
DS07,isolation_forest,2,0.01,R1,quantile_regression_W,not_exceeding,0.025,113,False,0.0,0.017699115044247787,4,0,0,-inf,-inf,7.0,inf,4,0
DS07,isolation_forest,2,0.01,R1,quantile_regression_W,not_exceeding,0.05,113,False,0.0,0.04424778761061947,4,0,0,-inf,-inf,7.0,inf,4,0
DS07,isolation_forest,2,0.01,R1,quantile_regression_W,not_exceeding,0.1,113,True,0.09734513274336283,0.09734513274336283,2,0,2,-3.0,3.0,7.0,4.0,0,0
DS07,isolation_forest,2,0.01,R1,quantile_regression_W,not_exceeding,0.15,113,True,0.1415929203539823,0.1415929203539823,2,1,1,-3.0,1.0,5.0,4.0,0,0
DS07,isolation_forest,2,0.01,R1,quantile_regression_W,not_exceeding,0.2,113,False,0.19469026548672566,0.18584070796460178,2,0,2,-1.0,0.0,1.0,1.0,0,0
DS07,isolation_forest,2,0.01,R2,phase_conditioned,nearest,0.025,113,False,0.008849557522123894,0.0,0,0,4,inf,inf,inf,11.0,0,4
DS07,isolation_forest,2,0.01,R2,phase_conditioned,nearest,0.05,113,False,0.07079646017699115,0.07079646017699115,0,3,1,0.0,7.0,11.0,4.0,0,0
DS07,isolation_forest,2,0.01,R2,phase_conditioned,nearest,0.1,113,True,0.09734513274336283,0.09734513274336283,0,3,1,0.0,0.0,4.0,4.0,0,0
DS07,isolation_forest,2,0.01,R2,phase_conditioned,nearest,0.15,113,True,0.1504424778761062,0.1504424778761062,0,4,0,0.0,0.0,1.0,1.0,0,0
DS07,isolation_forest,2,0.01,R2,phase_conditioned,nearest,0.2,113,True,0.20353982300884957,0.19469026548672566,1,3,0,0.0,0.0,1.0,1.0,0,0
DS07,isolation_forest,2,0.01,R2,phase_conditioned,not_exceeding,0.025,113,False,0.008849557522123894,0.0,0,0,4,inf,inf,inf,11.0,0,4
DS07,isolation_forest,2,0.01,R2,phase_conditioned,not_exceeding,0.05,113,False,0.008849557522123894,0.0,0,0,4,inf,inf,inf,11.0,0,4
DS07,isolation_forest,2,0.01,R2,phase_conditioned,not_exceeding,0.1,113,True,0.09734513274336283,0.09734513274336283,0,3,1,0.0,0.0,4.0,4.0,0,0
DS07,isolation_forest,2,0.01,R2,phase_conditioned,not_exceeding,0.15,113,False,0.13274336283185842,0.1415929203539823,0,4,0,0.0,0.0,1.0,1.0,0,0
DS07,isolation_forest,2,0.01,R2,phase_conditioned,not_exceeding,0.2,113,False,0.18584070796460178,0.19469026548672566,1,3,0,0.0,0.0,1.0,1.0,0,0
DS07,isolation_forest,2,0.01,R2,quantile_regression_W,nearest,0.025,113,False,0.008849557522123894,0.02654867256637168,4,0,0,-4.0,-4.0,7.0,11.0,0,0
DS07,isolation_forest,2,0.01,R2,quantile_regression_W,nearest,0.05,113,False,0.07079646017699115,0.061946902654867256,2,0,2,-3.0,3.0,7.0,4.0,0,0
DS07,isolation_forest,2,0.01,R2,quantile_regression_W,nearest,0.1,113,True,0.09734513274336283,0.09734513274336283,2,0,2,-3.0,3.0,7.0,4.0,0,0
DS07,isolation_forest,2,0.01,R2,quantile_regression_W,nearest,0.15,113,True,0.1504424778761062,0.1504424778761062,2,0,2,-3.0,4.0,5.0,1.0,0,0
DS07,isolation_forest,2,0.01,R2,quantile_regression_W,nearest,0.2,113,True,0.20353982300884957,0.20353982300884957,2,0,2,-1.0,4.0,5.0,1.0,0,0
DS07,isolation_forest,2,0.01,R2,quantile_regression_W,not_exceeding,0.025,113,False,0.008849557522123894,0.017699115044247787,4,0,0,-4.0,-2.0,9.0,11.0,0,0
DS07,isolation_forest,2,0.01,R2,quantile_regression_W,not_exceeding,0.05,113,False,0.008849557522123894,0.035398230088495575,4,0,0,-4.0,-4.0,7.0,11.0,0,0
DS07,isolation_forest,2,0.01,R2,quantile_regression_W,not_exceeding,0.1,113,True,0.09734513274336283,0.09734513274336283,2,0,2,-3.0,3.0,7.0,4.0,0,0
DS07,isolation_forest,2,0.01,R2,quantile_regression_W,not_exceeding,0.15,113,False,0.13274336283185842,0.1415929203539823,2,0,2,-3.0,4.0,5.0,1.0,0,0
DS07,isolation_forest,2,0.01,R2,quantile_regression_W,not_exceeding,0.2,113,False,0.18584070796460178,0.18584070796460178,2,0,2,-1.0,4.0,5.0,1.0,0,0
DS07,isolation_forest,2,0.02,R0,phase_conditioned,nearest,0.025,113,True,0.017699115044247787,0.017699115044247787,0,3,1,0.0,2.0,11.0,9.0,0,0
DS07,isolation_forest,2,0.02,R0,phase_conditioned,nearest,0.05,113,True,0.05309734513274336,0.05309734513274336,1,2,1,0.0,2.0,9.0,7.0,0,0
DS07,isolation_forest,2,0.02,R0,phase_conditioned,nearest,0.1,113,True,0.09734513274336283,0.09734513274336283,0,4,0,0.0,0.0,2.0,2.0,0,0
DS07,isolation_forest,2,0.02,R0,phase_conditioned,nearest,0.15,113,False,0.1504424778761062,0.1592920353982301,1,3,0,0.0,0.0,2.0,2.0,0,0
DS07,isolation_forest,2,0.02,R0,phase_conditioned,nearest,0.2,113,True,0.20353982300884957,0.19469026548672566,1,3,0,0.0,0.0,2.0,2.0,0,0
DS07,isolation_forest,2,0.02,R0,phase_conditioned,not_exceeding,0.025,113,True,0.017699115044247787,0.017699115044247787,0,3,1,0.0,2.0,11.0,9.0,0,0
DS07,isolation_forest,2,0.02,R0,phase_conditioned,not_exceeding,0.05,113,False,0.035398230088495575,0.035398230088495575,0,3,1,0.0,2.0,11.0,9.0,0,0
DS07,isolation_forest,2,0.02,R0,phase_conditioned,not_exceeding,0.1,113,True,0.09734513274336283,0.09734513274336283,0,4,0,0.0,0.0,2.0,2.0,0,0
DS07,isolation_forest,2,0.02,R0,phase_conditioned,not_exceeding,0.15,113,False,0.1415929203539823,0.12389380530973451,1,3,0,0.0,0.0,2.0,2.0,0,0
DS07,isolation_forest,2,0.02,R0,phase_conditioned,not_exceeding,0.2,113,True,0.19469026548672566,0.19469026548672566,1,3,0,0.0,0.0,2.0,2.0,0,0
DS07,isolation_forest,2,0.02,R0,quantile_regression_W,nearest,0.025,113,True,0.017699115044247787,0.02654867256637168,1,1,2,0.0,-3.0,6.0,9.0,0,0
DS07,isolation_forest,2,0.02,R0,quantile_regression_W,nearest,0.05,113,True,0.05309734513274336,0.05309734513274336,3,0,1,-3.0,-1.0,6.0,7.0,0,0
DS07,isolation_forest,2,0.02,R0,quantile_regression_W,nearest,0.1,113,True,0.09734513274336283,0.09734513274336283,2,0,2,-3.0,4.0,6.0,2.0,0,0
DS07,isolation_forest,2,0.02,R0,quantile_regression_W,nearest,0.15,113,True,0.1504424778761062,0.1504424778761062,2,0,2,-3.0,1.0,3.0,2.0,0,0
DS07,isolation_forest,2,0.02,R0,quantile_regression_W,nearest,0.2,113,True,0.20353982300884957,0.19469026548672566,3,0,1,-3.0,-2.0,0.0,2.0,0,0
DS07,isolation_forest,2,0.02,R0,quantile_regression_W,not_exceeding,0.025,113,True,0.017699115044247787,0.017699115044247787,1,1,2,0.0,-3.0,6.0,9.0,0,0
DS07,isolation_forest,2,0.02,R0,quantile_regression_W,not_exceeding,0.05,113,False,0.035398230088495575,0.04424778761061947,3,0,1,-5.0,-3.0,6.0,9.0,0,0
DS07,isolation_forest,2,0.02,R0,quantile_regression_W,not_exceeding,0.1,113,True,0.09734513274336283,0.09734513274336283,2,0,2,-3.0,4.0,6.0,2.0,0,0
DS07,isolation_forest,2,0.02,R0,quantile_regression_W,not_exceeding,0.15,113,True,0.1415929203539823,0.1415929203539823,2,0,2,-3.0,4.0,6.0,2.0,0,0
DS07,isolation_forest,2,0.02,R0,quantile_regression_W,not_exceeding,0.2,113,True,0.19469026548672566,0.19469026548672566,3,0,1,-3.0,-2.0,0.0,2.0,0,0
DS07,isolation_forest,2,0.02,R1,phase_conditioned,nearest,0.025,113,True,0.02654867256637168,0.02654867256637168,1,3,0,0.0,-1.0,6.0,7.0,0,0
DS07,isolation_forest,2,0.02,R1,phase_conditioned,nearest,0.05,113,True,0.04424778761061947,0.05309734513274336,1,3,0,0.0,-3.0,4.0,7.0,0,0
DS07,isolation_forest,2,0.02,R1,phase_conditioned,nearest,0.1,113,False,0.10619469026548672,0.08849557522123894,1,2,1,0.0,2.0,4.0,2.0,0,0
DS07,isolation_forest,2,0.02,R1,phase_conditioned,nearest,0.15,113,False,0.168141592920354,0.1504424778761062,0,3,1,0.0,3.0,4.0,1.0,0,0
DS07,isolation_forest,2,0.02,R1,phase_conditioned,nearest,0.2,113,False,0.21238938053097345,0.18584070796460178,0,3,1,0.0,3.0,4.0,1.0,0,0
DS07,isolation_forest,2,0.02,R1,phase_conditioned,not_exceeding,0.025,113,True,0.017699115044247787,0.017699115044247787,3,1,0,-6.0,-8.0,7.0,15.0,0,0
DS07,isolation_forest,2,0.02,R1,phase_conditioned,not_exceeding,0.05,113,True,0.04424778761061947,0.04424778761061947,1,3,0,0.0,-3.0,4.0,7.0,0,0
DS07,isolation_forest,2,0.02,R1,phase_conditioned,not_exceeding,0.1,113,False,0.07964601769911504,0.08849557522123894,1,2,1,0.0,2.0,4.0,2.0,0,0
DS07,isolation_forest,2,0.02,R1,phase_conditioned,not_exceeding,0.15,113,False,0.12389380530973451,0.1415929203539823,1,2,1,0.0,2.0,4.0,2.0,0,0
DS07,isolation_forest,2,0.02,R1,phase_conditioned,not_exceeding,0.2,113,False,0.18584070796460178,0.18584070796460178,0,3,1,0.0,3.0,4.0,1.0,0,0
DS07,isolation_forest,2,0.02,R1,quantile_regression_W,nearest,0.025,113,True,0.02654867256637168,0.02654867256637168,3,0,1,-4.0,-1.0,6.0,7.0,0,0
DS07,isolation_forest,2,0.02,R1,quantile_regression_W,nearest,0.05,113,True,0.04424778761061947,0.05309734513274336,3,0,1,-3.0,-1.0,6.0,7.0,0,0
DS07,isolation_forest,2,0.02,R1,quantile_regression_W,nearest,0.1,113,True,0.10619469026548672,0.10619469026548672,2,0,2,-3.0,4.0,6.0,2.0,0,0
DS07,isolation_forest,2,0.02,R1,quantile_regression_W,nearest,0.15,113,False,0.168141592920354,0.1504424778761062,2,0,2,-3.0,5.0,6.0,1.0,0,0
DS07,isolation_forest,2,0.02,R1,quantile_regression_W,nearest,0.2,113,False,0.21238938053097345,0.20353982300884957,2,0,2,-3.0,2.0,3.0,1.0,0,0
DS07,isolation_forest,2,0.02,R1,quantile_regression_W,not_exceeding,0.025,113,True,0.017699115044247787,0.017699115044247787,4,0,0,-4.0,-9.0,6.0,15.0,0,0
DS07,isolation_forest,2,0.02,R1,quantile_regression_W,not_exceeding,0.05,113,True,0.04424778761061947,0.04424778761061947,3,0,1,-3.0,-1.0,6.0,7.0,0,0
DS07,isolation_forest,2,0.02,R1,quantile_regression_W,not_exceeding,0.1,113,False,0.07964601769911504,0.08849557522123894,2,0,2,-3.0,4.0,6.0,2.0,0,0
DS07,isolation_forest,2,0.02,R1,quantile_regression_W,not_exceeding,0.15,113,False,0.12389380530973451,0.1415929203539823,2,0,2,-3.0,4.0,6.0,2.0,0,0
DS07,isolation_forest,2,0.02,R1,quantile_regression_W,not_exceeding,0.2,113,False,0.18584070796460178,0.19469026548672566,2,0,2,-3.0,2.0,3.0,1.0,0,0
DS07,isolation_forest,2,0.02,R2,phase_conditioned,nearest,0.025,113,True,0.017699115044247787,0.017699115044247787,1,3,0,0.0,0.0,11.0,11.0,0,0
DS07,isolation_forest,2,0.02,R2,phase_conditioned,nearest,0.05,113,True,0.05309734513274336,0.05309734513274336,1,2,1,0.0,-3.0,4.0,7.0,0,0
DS07,isolation_forest,2,0.02,R2,phase_conditioned,nearest,0.1,113,False,0.08849557522123894,0.09734513274336283,1,3,0,0.0,-2.0,2.0,4.0,0,0
DS07,isolation_forest,2,0.02,R2,phase_conditioned,nearest,0.15,113,True,0.1504424778761062,0.1504424778761062,1,3,0,0.0,0.0,2.0,2.0,0,0
DS07,isolation_forest,2,0.02,R2,phase_conditioned,nearest,0.2,113,True,0.20353982300884957,0.19469026548672566,2,2,0,-1.0,-1.0,1.0,2.0,0,0
DS07,isolation_forest,2,0.02,R2,phase_conditioned,not_exceeding,0.025,113,True,0.017699115044247787,0.017699115044247787,1,3,0,0.0,0.0,11.0,11.0,0,0
DS07,isolation_forest,2,0.02,R2,phase_conditioned,not_exceeding,0.05,113,True,0.04424778761061947,0.04424778761061947,0,3,1,0.0,2.0,9.0,7.0,0,0
DS07,isolation_forest,2,0.02,R2,phase_conditioned,not_exceeding,0.1,113,False,0.08849557522123894,0.09734513274336283,1,3,0,0.0,-2.0,2.0,4.0,0,0
DS07,isolation_forest,2,0.02,R2,phase_conditioned,not_exceeding,0.15,113,True,0.1415929203539823,0.1415929203539823,0,4,0,0.0,0.0,2.0,2.0,0,0
DS07,isolation_forest,2,0.02,R2,phase_conditioned,not_exceeding,0.2,113,True,0.19469026548672566,0.19469026548672566,2,2,0,-1.0,-1.0,1.0,2.0,0,0
DS07,isolation_forest,2,0.02,R2,quantile_regression_W,nearest,0.025,113,True,0.017699115044247787,0.02654867256637168,4,0,0,-4.0,-5.0,6.0,11.0,0,0
DS07,isolation_forest,2,0.02,R2,quantile_regression_W,nearest,0.05,113,True,0.05309734513274336,0.05309734513274336,3,0,1,-3.0,-1.0,6.0,7.0,0,0
DS07,isolation_forest,2,0.02,R2,quantile_regression_W,nearest,0.1,113,False,0.08849557522123894,0.09734513274336283,3,0,1,-3.0,2.0,6.0,4.0,0,0
DS07,isolation_forest,2,0.02,R2,quantile_regression_W,nearest,0.15,113,True,0.1504424778761062,0.1504424778761062,2,0,2,-3.0,4.0,6.0,2.0,0,0
DS07,isolation_forest,2,0.02,R2,quantile_regression_W,nearest,0.2,113,True,0.20353982300884957,0.20353982300884957,3,0,1,-3.0,-2.0,0.0,2.0,0,0
DS07,isolation_forest,2,0.02,R2,quantile_regression_W,not_exceeding,0.025,113,True,0.017699115044247787,0.017699115044247787,3,1,0,-4.0,-5.0,6.0,11.0,0,0
DS07,isolation_forest,2,0.02,R2,quantile_regression_W,not_exceeding,0.05,113,False,0.04424778761061947,0.035398230088495575,2,0,2,-3.0,-1.0,6.0,7.0,0,0
DS07,isolation_forest,2,0.02,R2,quantile_regression_W,not_exceeding,0.1,113,False,0.08849557522123894,0.09734513274336283,3,0,1,-3.0,2.0,6.0,4.0,0,0
DS07,isolation_forest,2,0.02,R2,quantile_regression_W,not_exceeding,0.15,113,True,0.1415929203539823,0.1415929203539823,2,0,2,-3.0,4.0,6.0,2.0,0,0
DS07,isolation_forest,2,0.02,R2,quantile_regression_W,not_exceeding,0.2,113,True,0.19469026548672566,0.19469026548672566,3,0,1,-3.0,-2.0,0.0,2.0,0,0
DS07,lstm_autoencoder,0,0.005,R0,phase_conditioned,nearest,0.025,113,True,0.02654867256637168,0.02654867256637168,1,3,0,0.0,0.0,11.0,11.0,0,0
DS07,lstm_autoencoder,0,0.005,R0,phase_conditioned,nearest,0.05,113,True,0.05309734513274336,0.05309734513274336,1,3,0,0.0,0.0,11.0,11.0,0,0
DS07,lstm_autoencoder,0,0.005,R0,phase_conditioned,nearest,0.1,113,True,0.09734513274336283,0.10619469026548672,1,3,0,0.0,-3.0,8.0,11.0,0,0
DS07,lstm_autoencoder,0,0.005,R0,phase_conditioned,nearest,0.15,113,True,0.1504424778761062,0.1504424778761062,0,2,2,0.0,4.0,6.0,2.0,0,0
DS07,lstm_autoencoder,0,0.005,R0,phase_conditioned,nearest,0.2,113,True,0.20353982300884957,0.20353982300884957,0,3,1,0.0,0.0,0.0,0.0,0,0
DS07,lstm_autoencoder,0,0.005,R0,phase_conditioned,not_exceeding,0.025,113,True,0.017699115044247787,0.017699115044247787,1,3,0,0.0,0.0,15.0,15.0,0,0
DS07,lstm_autoencoder,0,0.005,R0,phase_conditioned,not_exceeding,0.05,113,True,0.04424778761061947,0.04424778761061947,0,4,0,0.0,0.0,11.0,11.0,0,0
DS07,lstm_autoencoder,0,0.005,R0,phase_conditioned,not_exceeding,0.1,113,False,0.09734513274336283,0.07964601769911504,1,3,0,0.0,-3.0,8.0,11.0,0,0
DS07,lstm_autoencoder,0,0.005,R0,phase_conditioned,not_exceeding,0.15,113,True,0.1415929203539823,0.1415929203539823,0,3,1,0.0,4.0,6.0,2.0,0,0
DS07,lstm_autoencoder,0,0.005,R0,phase_conditioned,not_exceeding,0.2,113,True,0.19469026548672566,0.19469026548672566,0,3,1,0.0,0.0,0.0,0.0,0,0
DS07,lstm_autoencoder,0,0.005,R0,quantile_regression_W,nearest,0.025,113,True,0.02654867256637168,0.02654867256637168,3,0,1,-3.0,1.0,12.0,11.0,0,0
DS07,lstm_autoencoder,0,0.005,R0,quantile_regression_W,nearest,0.05,113,True,0.05309734513274336,0.05309734513274336,2,1,1,-3.0,0.0,11.0,11.0,0,0
DS07,lstm_autoencoder,0,0.005,R0,quantile_regression_W,nearest,0.1,113,True,0.09734513274336283,0.09734513274336283,3,0,1,-5.0,-5.0,6.0,11.0,0,0
DS07,lstm_autoencoder,0,0.005,R0,quantile_regression_W,nearest,0.15,113,True,0.1504424778761062,0.1504424778761062,3,0,1,-6.0,1.0,3.0,2.0,0,0
DS07,lstm_autoencoder,0,0.005,R0,quantile_regression_W,nearest,0.2,113,True,0.20353982300884957,0.20353982300884957,2,0,2,-6.0,3.0,3.0,0.0,0,0
DS07,lstm_autoencoder,0,0.005,R0,quantile_regression_W,not_exceeding,0.025,113,True,0.017699115044247787,0.017699115044247787,3,0,1,-3.0,-3.0,12.0,15.0,0,0
DS07,lstm_autoencoder,0,0.005,R0,quantile_regression_W,not_exceeding,0.05,113,True,0.04424778761061947,0.04424778761061947,2,0,2,-3.0,1.0,12.0,11.0,0,0
DS07,lstm_autoencoder,0,0.005,R0,quantile_regression_W,not_exceeding,0.1,113,True,0.09734513274336283,0.09734513274336283,3,0,1,-5.0,-5.0,6.0,11.0,0,0
DS07,lstm_autoencoder,0,0.005,R0,quantile_regression_W,not_exceeding,0.15,113,True,0.1415929203539823,0.1415929203539823,3,0,1,-8.0,1.0,3.0,2.0,0,0
DS07,lstm_autoencoder,0,0.005,R0,quantile_regression_W,not_exceeding,0.2,113,False,0.19469026548672566,0.18584070796460178,2,0,2,-6.0,3.0,3.0,0.0,0,0
DS07,lstm_autoencoder,0,0.005,R1,phase_conditioned,nearest,0.025,113,True,0.02654867256637168,0.02654867256637168,1,3,0,0.0,-4.0,11.0,15.0,0,0
DS07,lstm_autoencoder,0,0.005,R1,phase_conditioned,nearest,0.05,113,True,0.05309734513274336,0.05309734513274336,1,3,0,0.0,-3.0,8.0,11.0,0,0
DS07,lstm_autoencoder,0,0.005,R1,phase_conditioned,nearest,0.1,113,True,0.10619469026548672,0.09734513274336283,1,2,1,0.0,0.0,6.0,6.0,0,0
DS07,lstm_autoencoder,0,0.005,R1,phase_conditioned,nearest,0.15,113,True,0.1415929203539823,0.1504424778761062,1,1,2,0.0,5.0,5.0,0.0,0,0
DS07,lstm_autoencoder,0,0.005,R1,phase_conditioned,nearest,0.2,113,True,0.19469026548672566,0.20353982300884957,1,3,0,0.0,0.0,0.0,0.0,0,0
DS07,lstm_autoencoder,0,0.005,R1,phase_conditioned,not_exceeding,0.025,113,True,0.017699115044247787,0.017699115044247787,0,4,0,0.0,0.0,15.0,15.0,0,0
DS07,lstm_autoencoder,0,0.005,R1,phase_conditioned,not_exceeding,0.05,113,True,0.04424778761061947,0.04424778761061947,1,3,0,0.0,-3.0,8.0,11.0,0,0
DS07,lstm_autoencoder,0,0.005,R1,phase_conditioned,not_exceeding,0.1,113,False,0.08849557522123894,0.09734513274336283,1,2,1,0.0,0.0,6.0,6.0,0,0
DS07,lstm_autoencoder,0,0.005,R1,phase_conditioned,not_exceeding,0.15,113,False,0.1415929203539823,0.13274336283185842,1,1,2,0.0,5.0,5.0,0.0,0,0
DS07,lstm_autoencoder,0,0.005,R1,phase_conditioned,not_exceeding,0.2,113,False,0.19469026548672566,0.18584070796460178,1,3,0,0.0,0.0,0.0,0.0,0,0
DS07,lstm_autoencoder,0,0.005,R1,quantile_regression_W,nearest,0.025,113,True,0.02654867256637168,0.02654867256637168,4,0,0,-3.0,-3.0,12.0,15.0,0,0
DS07,lstm_autoencoder,0,0.005,R1,quantile_regression_W,nearest,0.05,113,True,0.05309734513274336,0.05309734513274336,3,0,1,-2.0,1.0,12.0,11.0,0,0
DS07,lstm_autoencoder,0,0.005,R1,quantile_regression_W,nearest,0.1,113,False,0.10619469026548672,0.08849557522123894,2,1,1,-1.0,0.0,6.0,6.0,0,0
DS07,lstm_autoencoder,0,0.005,R1,quantile_regression_W,nearest,0.15,113,True,0.1415929203539823,0.1504424778761062,1,0,3,1.0,5.0,5.0,0.0,0,0
DS07,lstm_autoencoder,0,0.005,R1,quantile_regression_W,nearest,0.2,113,True,0.19469026548672566,0.19469026548672566,1,1,2,0.0,3.0,3.0,0.0,0,0
DS07,lstm_autoencoder,0,0.005,R1,quantile_regression_W,not_exceeding,0.025,113,True,0.017699115044247787,0.017699115044247787,3,0,1,-3.0,-3.0,12.0,15.0,0,0
DS07,lstm_autoencoder,0,0.005,R1,quantile_regression_W,not_exceeding,0.05,113,True,0.04424778761061947,0.04424778761061947,3,0,1,-2.0,1.0,12.0,11.0,0,0
DS07,lstm_autoencoder,0,0.005,R1,quantile_regression_W,not_exceeding,0.1,113,False,0.08849557522123894,0.08849557522123894,2,1,1,-1.0,0.0,6.0,6.0,0,0
DS07,lstm_autoencoder,0,0.005,R1,quantile_regression_W,not_exceeding,0.15,113,True,0.1415929203539823,0.1415929203539823,1,0,3,1.0,5.0,5.0,0.0,0,0
DS07,lstm_autoencoder,0,0.005,R1,quantile_regression_W,not_exceeding,0.2,113,True,0.19469026548672566,0.19469026548672566,1,1,2,0.0,3.0,3.0,0.0,0,0
DS07,lstm_autoencoder,0,0.005,R2,phase_conditioned,nearest,0.025,113,True,0.02654867256637168,0.02654867256637168,0,4,0,0.0,0.0,11.0,11.0,0,0
DS07,lstm_autoencoder,0,0.005,R2,phase_conditioned,nearest,0.05,113,True,0.05309734513274336,0.05309734513274336,1,2,1,0.0,0.0,11.0,11.0,0,0
DS07,lstm_autoencoder,0,0.005,R2,phase_conditioned,nearest,0.1,113,True,0.09734513274336283,0.09734513274336283,1,3,0,0.0,0.0,6.0,6.0,0,0
DS07,lstm_autoencoder,0,0.005,R2,phase_conditioned,nearest,0.15,113,True,0.1504424778761062,0.1415929203539823,0,3,1,0.0,4.0,6.0,2.0,0,0
DS07,lstm_autoencoder,0,0.005,R2,phase_conditioned,nearest,0.2,113,True,0.20353982300884957,0.20353982300884957,1,3,0,0.0,0.0,0.0,0.0,0,0
DS07,lstm_autoencoder,0,0.005,R2,phase_conditioned,not_exceeding,0.025,113,True,0.017699115044247787,0.017699115044247787,1,3,0,0.0,-4.0,11.0,15.0,0,0
DS07,lstm_autoencoder,0,0.005,R2,phase_conditioned,not_exceeding,0.05,113,True,0.04424778761061947,0.04424778761061947,1,3,0,0.0,0.0,11.0,11.0,0,0
DS07,lstm_autoencoder,0,0.005,R2,phase_conditioned,not_exceeding,0.1,113,True,0.09734513274336283,0.09734513274336283,1,3,0,0.0,0.0,6.0,6.0,0,0
DS07,lstm_autoencoder,0,0.005,R2,phase_conditioned,not_exceeding,0.15,113,False,0.13274336283185842,0.1415929203539823,0,3,1,0.0,4.0,6.0,2.0,0,0
DS07,lstm_autoencoder,0,0.005,R2,phase_conditioned,not_exceeding,0.2,113,True,0.19469026548672566,0.19469026548672566,1,2,1,0.0,2.0,2.0,0.0,0,0
DS07,lstm_autoencoder,0,0.005,R2,quantile_regression_W,nearest,0.025,113,True,0.02654867256637168,0.02654867256637168,3,0,1,-3.0,1.0,12.0,11.0,0,0
DS07,lstm_autoencoder,0,0.005,R2,quantile_regression_W,nearest,0.05,113,True,0.05309734513274336,0.05309734513274336,2,1,1,-1.0,0.0,11.0,11.0,0,0
DS07,lstm_autoencoder,0,0.005,R2,quantile_regression_W,nearest,0.1,113,True,0.09734513274336283,0.09734513274336283,2,2,0,-1.0,-3.0,3.0,6.0,0,0
DS07,lstm_autoencoder,0,0.005,R2,quantile_regression_W,nearest,0.15,113,True,0.1504424778761062,0.1504424778761062,3,0,1,-8.0,1.0,3.0,2.0,0,0
DS07,lstm_autoencoder,0,0.005,R2,quantile_regression_W,nearest,0.2,113,True,0.20353982300884957,0.20353982300884957,2,0,2,-8.0,3.0,3.0,0.0,0,0
DS07,lstm_autoencoder,0,0.005,R2,quantile_regression_W,not_exceeding,0.025,113,True,0.017699115044247787,0.017699115044247787,3,0,1,-3.0,-3.0,12.0,15.0,0,0
DS07,lstm_autoencoder,0,0.005,R2,quantile_regression_W,not_exceeding,0.05,113,True,0.04424778761061947,0.04424778761061947,3,0,1,-2.0,1.0,12.0,11.0,0,0
DS07,lstm_autoencoder,0,0.005,R2,quantile_regression_W,not_exceeding,0.1,113,True,0.09734513274336283,0.09734513274336283,2,2,0,-1.0,-3.0,3.0,6.0,0,0
DS07,lstm_autoencoder,0,0.005,R2,quantile_regression_W,not_exceeding,0.15,113,False,0.13274336283185842,0.1415929203539823,3,0,1,-8.0,1.0,3.0,2.0,0,0
DS07,lstm_autoencoder,0,0.005,R2,quantile_regression_W,not_exceeding,0.2,113,False,0.19469026548672566,0.17699115044247787,2,0,2,-8.0,3.0,3.0,0.0,0,0
DS07,lstm_autoencoder,0,0.01,R0,phase_conditioned,nearest,0.025,113,True,0.017699115044247787,0.02654867256637168,0,4,0,0.0,0.0,11.0,11.0,0,0
DS07,lstm_autoencoder,0,0.01,R0,phase_conditioned,nearest,0.05,113,False,0.07079646017699115,0.04424778761061947,1,3,0,0.0,0.0,9.0,9.0,0,0
DS07,lstm_autoencoder,0,0.01,R0,phase_conditioned,nearest,0.1,113,True,0.09734513274336283,0.09734513274336283,0,3,1,0.0,5.0,9.0,4.0,0,0
DS07,lstm_autoencoder,0,0.01,R0,phase_conditioned,nearest,0.15,113,True,0.1504424778761062,0.1415929203539823,0,2,2,0.0,2.0,4.0,2.0,0,0
DS07,lstm_autoencoder,0,0.01,R0,phase_conditioned,nearest,0.2,113,True,0.20353982300884957,0.20353982300884957,0,3,1,0.0,1.0,2.0,1.0,0,0
DS07,lstm_autoencoder,0,0.01,R0,phase_conditioned,not_exceeding,0.025,113,True,0.017699115044247787,0.017699115044247787,0,4,0,0.0,0.0,11.0,11.0,0,0
DS07,lstm_autoencoder,0,0.01,R0,phase_conditioned,not_exceeding,0.05,113,False,0.017699115044247787,0.04424778761061947,2,2,0,-4.0,-2.0,9.0,11.0,0,0
DS07,lstm_autoencoder,0,0.01,R0,phase_conditioned,not_exceeding,0.1,113,True,0.09734513274336283,0.09734513274336283,0,3,1,0.0,5.0,9.0,4.0,0,0
DS07,lstm_autoencoder,0,0.01,R0,phase_conditioned,not_exceeding,0.15,113,True,0.1415929203539823,0.1415929203539823,0,2,2,0.0,2.0,4.0,2.0,0,0
DS07,lstm_autoencoder,0,0.01,R0,phase_conditioned,not_exceeding,0.2,113,True,0.19469026548672566,0.19469026548672566,0,3,1,0.0,1.0,2.0,1.0,0,0
DS07,lstm_autoencoder,0,0.01,R0,quantile_regression_W,nearest,0.025,113,True,0.017699115044247787,0.02654867256637168,3,0,1,-5.0,-5.0,6.0,11.0,0,0
DS07,lstm_autoencoder,0,0.01,R0,quantile_regression_W,nearest,0.05,113,False,0.07079646017699115,0.05309734513274336,3,0,1,-3.0,-3.0,6.0,9.0,0,0
DS07,lstm_autoencoder,0,0.01,R0,quantile_regression_W,nearest,0.1,113,True,0.09734513274336283,0.09734513274336283,3,0,1,-5.0,-1.0,3.0,4.0,0,0
DS07,lstm_autoencoder,0,0.01,R0,quantile_regression_W,nearest,0.15,113,True,0.1504424778761062,0.1504424778761062,2,0,2,-1.0,1.0,3.0,2.0,0,0
DS07,lstm_autoencoder,0,0.01,R0,quantile_regression_W,nearest,0.2,113,True,0.20353982300884957,0.20353982300884957,1,0,3,1.0,2.0,3.0,1.0,0,0
DS07,lstm_autoencoder,0,0.01,R0,quantile_regression_W,not_exceeding,0.025,113,True,0.017699115044247787,0.017699115044247787,1,1,2,0.0,1.0,12.0,11.0,0,0
DS07,lstm_autoencoder,0,0.01,R0,quantile_regression_W,not_exceeding,0.05,113,False,0.017699115044247787,0.04424778761061947,4,0,0,-5.0,-5.0,6.0,11.0,0,0
DS07,lstm_autoencoder,0,0.01,R0,quantile_regression_W,not_exceeding,0.1,113,True,0.09734513274336283,0.09734513274336283,3,0,1,-5.0,-1.0,3.0,4.0,0,0
DS07,lstm_autoencoder,0,0.01,R0,quantile_regression_W,not_exceeding,0.15,113,True,0.1415929203539823,0.1415929203539823,2,0,2,-1.0,1.0,3.0,2.0,0,0
DS07,lstm_autoencoder,0,0.01,R0,quantile_regression_W,not_exceeding,0.2,113,False,0.19469026548672566,0.18584070796460178,1,0,3,1.0,2.0,3.0,1.0,0,0
DS07,lstm_autoencoder,0,0.01,R1,phase_conditioned,nearest,0.025,113,True,0.02654867256637168,0.017699115044247787,0,3,1,0.0,4.0,15.0,11.0,0,0
DS07,lstm_autoencoder,0,0.01,R1,phase_conditioned,nearest,0.05,113,True,0.05309734513274336,0.05309734513274336,0,2,2,0.0,3.0,14.0,11.0,0,0
DS07,lstm_autoencoder,0,0.01,R1,phase_conditioned,nearest,0.1,113,True,0.09734513274336283,0.09734513274336283,0,1,3,2.0,3.0,11.0,8.0,0,0
DS07,lstm_autoencoder,0,0.01,R1,phase_conditioned,nearest,0.15,113,True,0.1504424778761062,0.1504424778761062,0,2,2,0.0,0.0,2.0,2.0,0,0
DS07,lstm_autoencoder,0,0.01,R1,phase_conditioned,nearest,0.2,113,True,0.20353982300884957,0.20353982300884957,1,1,2,0.0,0.0,1.0,1.0,0,0
DS07,lstm_autoencoder,0,0.01,R1,phase_conditioned,not_exceeding,0.025,113,False,0.008849557522123894,0.017699115044247787,0,3,1,0.0,0.0,15.0,15.0,0,0
DS07,lstm_autoencoder,0,0.01,R1,phase_conditioned,not_exceeding,0.05,113,True,0.04424778761061947,0.04424778761061947,0,2,2,0.0,3.0,14.0,11.0,0,0
DS07,lstm_autoencoder,0,0.01,R1,phase_conditioned,not_exceeding,0.1,113,True,0.09734513274336283,0.09734513274336283,0,1,3,2.0,3.0,11.0,8.0,0,0
DS07,lstm_autoencoder,0,0.01,R1,phase_conditioned,not_exceeding,0.15,113,False,0.1415929203539823,0.13274336283185842,0,3,1,0.0,0.0,2.0,2.0,0,0
DS07,lstm_autoencoder,0,0.01,R1,phase_conditioned,not_exceeding,0.2,113,False,0.19469026548672566,0.18584070796460178,0,2,2,0.0,1.0,2.0,1.0,0,0
DS07,lstm_autoencoder,0,0.01,R1,quantile_regression_W,nearest,0.025,113,True,0.02654867256637168,0.02654867256637168,1,1,2,0.0,1.0,12.0,11.0,0,0
DS07,lstm_autoencoder,0,0.01,R1,quantile_regression_W,nearest,0.05,113,True,0.05309734513274336,0.05309734513274336,3,0,1,-2.0,-5.0,6.0,11.0,0,0
DS07,lstm_autoencoder,0,0.01,R1,quantile_regression_W,nearest,0.1,113,True,0.09734513274336283,0.09734513274336283,3,0,1,-5.0,-5.0,3.0,8.0,0,0
DS07,lstm_autoencoder,0,0.01,R1,quantile_regression_W,nearest,0.15,113,True,0.1504424778761062,0.1415929203539823,2,0,2,-1.0,1.0,3.0,2.0,0,0
DS07,lstm_autoencoder,0,0.01,R1,quantile_regression_W,nearest,0.2,113,True,0.20353982300884957,0.19469026548672566,0,1,3,1.0,2.0,3.0,1.0,0,0
DS07,lstm_autoencoder,0,0.01,R1,quantile_regression_W,not_exceeding,0.025,113,False,0.008849557522123894,0.017699115044247787,1,1,2,0.0,-3.0,12.0,15.0,0,0
DS07,lstm_autoencoder,0,0.01,R1,quantile_regression_W,not_exceeding,0.05,113,False,0.04424778761061947,0.035398230088495575,2,1,1,-2.0,-5.0,6.0,11.0,0,0
DS07,lstm_autoencoder,0,0.01,R1,quantile_regression_W,not_exceeding,0.1,113,True,0.09734513274336283,0.09734513274336283,3,0,1,-5.0,-5.0,3.0,8.0,0,0
DS07,lstm_autoencoder,0,0.01,R1,quantile_regression_W,not_exceeding,0.15,113,True,0.1415929203539823,0.1415929203539823,2,0,2,-1.0,1.0,3.0,2.0,0,0
DS07,lstm_autoencoder,0,0.01,R1,quantile_regression_W,not_exceeding,0.2,113,True,0.19469026548672566,0.19469026548672566,0,1,3,1.0,2.0,3.0,1.0,0,0
DS07,lstm_autoencoder,0,0.01,R2,phase_conditioned,nearest,0.025,113,True,0.02654867256637168,0.017699115044247787,0,4,0,0.0,0.0,11.0,11.0,0,0
DS07,lstm_autoencoder,0,0.01,R2,phase_conditioned,nearest,0.05,113,True,0.05309734513274336,0.04424778761061947,0,2,2,0.0,2.0,11.0,9.0,0,0
DS07,lstm_autoencoder,0,0.01,R2,phase_conditioned,nearest,0.1,113,False,0.09734513274336283,0.11504424778761062,0,4,0,0.0,0.0,9.0,9.0,0,0
DS07,lstm_autoencoder,0,0.01,R2,phase_conditioned,nearest,0.15,113,True,0.1504424778761062,0.1504424778761062,0,1,3,2.0,2.0,4.0,2.0,0,0
DS07,lstm_autoencoder,0,0.01,R2,phase_conditioned,nearest,0.2,113,True,0.20353982300884957,0.20353982300884957,0,2,2,0.0,1.0,2.0,1.0,0,0
DS07,lstm_autoencoder,0,0.01,R2,phase_conditioned,not_exceeding,0.025,113,True,0.017699115044247787,0.017699115044247787,0,4,0,0.0,0.0,11.0,11.0,0,0
DS07,lstm_autoencoder,0,0.01,R2,phase_conditioned,not_exceeding,0.05,113,True,0.04424778761061947,0.04424778761061947,1,3,0,0.0,0.0,11.0,11.0,0,0
DS07,lstm_autoencoder,0,0.01,R2,phase_conditioned,not_exceeding,0.1,113,False,0.09734513274336283,0.07964601769911504,0,4,0,0.0,0.0,9.0,9.0,0,0
DS07,lstm_autoencoder,0,0.01,R2,phase_conditioned,not_exceeding,0.15,113,True,0.1415929203539823,0.1415929203539823,0,1,3,2.0,2.0,4.0,2.0,0,0
DS07,lstm_autoencoder,0,0.01,R2,phase_conditioned,not_exceeding,0.2,113,True,0.19469026548672566,0.19469026548672566,0,2,2,0.0,1.0,2.0,1.0,0,0
DS07,lstm_autoencoder,0,0.01,R2,quantile_regression_W,nearest,0.025,113,True,0.02654867256637168,0.02654867256637168,3,0,1,-5.0,-5.0,6.0,11.0,0,0
DS07,lstm_autoencoder,0,0.01,R2,quantile_regression_W,nearest,0.05,113,True,0.05309734513274336,0.05309734513274336,3,0,1,-5.0,-6.0,3.0,9.0,0,0
DS07,lstm_autoencoder,0,0.01,R2,quantile_regression_W,nearest,0.1,113,True,0.09734513274336283,0.09734513274336283,3,0,1,-5.0,-6.0,3.0,9.0,0,0
DS07,lstm_autoencoder,0,0.01,R2,quantile_regression_W,nearest,0.15,113,True,0.1504424778761062,0.1415929203539823,2,0,2,-1.0,1.0,3.0,2.0,0,0
DS07,lstm_autoencoder,0,0.01,R2,quantile_regression_W,nearest,0.2,113,True,0.20353982300884957,0.20353982300884957,0,1,3,1.0,2.0,3.0,1.0,0,0
DS07,lstm_autoencoder,0,0.01,R2,quantile_regression_W,not_exceeding,0.025,113,True,0.017699115044247787,0.017699115044247787,1,1,2,0.0,1.0,12.0,11.0,0,0
DS07,lstm_autoencoder,0,0.01,R2,quantile_regression_W,not_exceeding,0.05,113,True,0.04424778761061947,0.04424778761061947,4,0,0,-7.0,-8.0,3.0,11.0,0,0
DS07,lstm_autoencoder,0,0.01,R2,quantile_regression_W,not_exceeding,0.1,113,True,0.09734513274336283,0.09734513274336283,3,0,1,-5.0,-6.0,3.0,9.0,0,0
DS07,lstm_autoencoder,0,0.01,R2,quantile_regression_W,not_exceeding,0.15,113,True,0.1415929203539823,0.1415929203539823,2,0,2,-1.0,1.0,3.0,2.0,0,0
DS07,lstm_autoencoder,0,0.01,R2,quantile_regression_W,not_exceeding,0.2,113,True,0.19469026548672566,0.19469026548672566,0,1,3,1.0,2.0,3.0,1.0,0,0
DS07,lstm_autoencoder,0,0.02,R0,phase_conditioned,nearest,0.025,113,True,0.017699115044247787,0.02654867256637168,0,2,2,0.0,6.0,10.0,4.0,0,0
DS07,lstm_autoencoder,0,0.02,R0,phase_conditioned,nearest,0.05,113,True,0.04424778761061947,0.05309734513274336,0,2,2,0.0,8.0,10.0,2.0,0,0
DS07,lstm_autoencoder,0,0.02,R0,phase_conditioned,nearest,0.1,113,True,0.09734513274336283,0.09734513274336283,0,4,0,0.0,0.0,2.0,2.0,0,0
DS07,lstm_autoencoder,0,0.02,R0,phase_conditioned,nearest,0.15,113,True,0.1504424778761062,0.1415929203539823,0,4,0,0.0,0.0,2.0,2.0,0,0
DS07,lstm_autoencoder,0,0.02,R0,phase_conditioned,nearest,0.2,113,True,0.20353982300884957,0.20353982300884957,0,4,0,0.0,0.0,1.0,1.0,0,0
DS07,lstm_autoencoder,0,0.02,R0,phase_conditioned,not_exceeding,0.025,113,True,0.017699115044247787,0.017699115044247787,0,2,2,0.0,6.0,10.0,4.0,0,0
DS07,lstm_autoencoder,0,0.02,R0,phase_conditioned,not_exceeding,0.05,113,False,0.04424778761061947,0.02654867256637168,0,2,2,0.0,8.0,10.0,2.0,0,0
DS07,lstm_autoencoder,0,0.02,R0,phase_conditioned,not_exceeding,0.1,113,True,0.09734513274336283,0.09734513274336283,0,4,0,0.0,0.0,2.0,2.0,0,0
DS07,lstm_autoencoder,0,0.02,R0,phase_conditioned,not_exceeding,0.15,113,False,0.12389380530973451,0.1415929203539823,0,4,0,0.0,0.0,2.0,2.0,0,0
DS07,lstm_autoencoder,0,0.02,R0,phase_conditioned,not_exceeding,0.2,113,False,0.19469026548672566,0.18584070796460178,0,4,0,0.0,0.0,1.0,1.0,0,0
DS07,lstm_autoencoder,0,0.02,R0,quantile_regression_W,nearest,0.025,113,True,0.017699115044247787,0.02654867256637168,0,1,3,3.0,8.0,12.0,4.0,0,0
DS07,lstm_autoencoder,0,0.02,R0,quantile_regression_W,nearest,0.05,113,True,0.04424778761061947,0.05309734513274336,1,0,3,5.0,4.0,6.0,2.0,0,0
DS07,lstm_autoencoder,0,0.02,R0,quantile_regression_W,nearest,0.1,113,True,0.09734513274336283,0.09734513274336283,1,0,3,5.0,4.0,6.0,2.0,0,0
DS07,lstm_autoencoder,0,0.02,R0,quantile_regression_W,nearest,0.15,113,True,0.1504424778761062,0.1504424778761062,2,0,2,-3.0,1.0,3.0,2.0,0,0
DS07,lstm_autoencoder,0,0.02,R0,quantile_regression_W,nearest,0.2,113,True,0.20353982300884957,0.20353982300884957,1,0,3,1.0,2.0,3.0,1.0,0,0
DS07,lstm_autoencoder,0,0.02,R0,quantile_regression_W,not_exceeding,0.025,113,False,0.017699115044247787,0.008849557522123894,0,1,3,9.0,12.0,16.0,4.0,0,0
DS07,lstm_autoencoder,0,0.02,R0,quantile_regression_W,not_exceeding,0.05,113,True,0.04424778761061947,0.04424778761061947,0,1,3,5.0,4.0,6.0,2.0,0,0
DS07,lstm_autoencoder,0,0.02,R0,quantile_regression_W,not_exceeding,0.1,113,True,0.09734513274336283,0.09734513274336283,1,0,3,5.0,4.0,6.0,2.0,0,0
DS07,lstm_autoencoder,0,0.02,R0,quantile_regression_W,not_exceeding,0.15,113,False,0.12389380530973451,0.13274336283185842,2,0,2,-3.0,1.0,3.0,2.0,0,0
DS07,lstm_autoencoder,0,0.02,R0,quantile_regression_W,not_exceeding,0.2,113,False,0.19469026548672566,0.17699115044247787,1,0,3,1.0,2.0,3.0,1.0,0,0
DS07,lstm_autoencoder,0,0.02,R1,phase_conditioned,nearest,0.025,113,True,0.02654867256637168,0.02654867256637168,1,3,0,0.0,0.0,10.0,10.0,0,0
DS07,lstm_autoencoder,0,0.02,R1,phase_conditioned,nearest,0.05,113,True,0.05309734513274336,0.04424778761061947,0,2,2,0.0,6.0,10.0,4.0,0,0
DS07,lstm_autoencoder,0,0.02,R1,phase_conditioned,nearest,0.1,113,True,0.09734513274336283,0.09734513274336283,0,2,2,0.0,7.0,9.0,2.0,0,0
DS07,lstm_autoencoder,0,0.02,R1,phase_conditioned,nearest,0.15,113,False,0.1504424778761062,0.168141592920354,1,2,1,0.0,2.0,4.0,2.0,0,0
DS07,lstm_autoencoder,0,0.02,R1,phase_conditioned,nearest,0.2,113,True,0.20353982300884957,0.20353982300884957,1,3,0,0.0,0.0,1.0,1.0,0,0
DS07,lstm_autoencoder,0,0.02,R1,phase_conditioned,not_exceeding,0.025,113,False,0.008849557522123894,0.017699115044247787,1,3,0,0.0,0.0,10.0,10.0,0,0
DS07,lstm_autoencoder,0,0.02,R1,phase_conditioned,not_exceeding,0.05,113,True,0.04424778761061947,0.04424778761061947,0,2,2,0.0,6.0,10.0,4.0,0,0
DS07,lstm_autoencoder,0,0.02,R1,phase_conditioned,not_exceeding,0.1,113,True,0.09734513274336283,0.09734513274336283,0,2,2,0.0,7.0,9.0,2.0,0,0
DS07,lstm_autoencoder,0,0.02,R1,phase_conditioned,not_exceeding,0.15,113,False,0.10619469026548672,0.11504424778761062,1,2,1,0.0,2.0,4.0,2.0,0,0
DS07,lstm_autoencoder,0,0.02,R1,phase_conditioned,not_exceeding,0.2,113,True,0.19469026548672566,0.19469026548672566,0,4,0,0.0,0.0,1.0,1.0,0,0
DS07,lstm_autoencoder,0,0.02,R1,quantile_regression_W,nearest,0.025,113,True,0.02654867256637168,0.02654867256637168,1,1,2,0.0,2.0,12.0,10.0,0,0
DS07,lstm_autoencoder,0,0.02,R1,quantile_regression_W,nearest,0.05,113,True,0.05309734513274336,0.05309734513274336,1,0,3,3.0,2.0,6.0,4.0,0,0
DS07,lstm_autoencoder,0,0.02,R1,quantile_regression_W,nearest,0.1,113,True,0.09734513274336283,0.09734513274336283,1,0,3,3.0,4.0,6.0,2.0,0,0
DS07,lstm_autoencoder,0,0.02,R1,quantile_regression_W,nearest,0.15,113,True,0.1504424778761062,0.1415929203539823,2,0,2,-2.0,1.0,3.0,2.0,0,0
DS07,lstm_autoencoder,0,0.02,R1,quantile_regression_W,nearest,0.2,113,True,0.20353982300884957,0.20353982300884957,2,0,2,-3.0,2.0,3.0,1.0,0,0
DS07,lstm_autoencoder,0,0.02,R1,quantile_regression_W,not_exceeding,0.025,113,False,0.008849557522123894,0.017699115044247787,1,1,2,0.0,2.0,12.0,10.0,0,0
DS07,lstm_autoencoder,0,0.02,R1,quantile_regression_W,not_exceeding,0.05,113,True,0.04424778761061947,0.04424778761061947,0,1,3,3.0,2.0,6.0,4.0,0,0
DS07,lstm_autoencoder,0,0.02,R1,quantile_regression_W,not_exceeding,0.1,113,True,0.09734513274336283,0.09734513274336283,1,0,3,3.0,4.0,6.0,2.0,0,0
DS07,lstm_autoencoder,0,0.02,R1,quantile_regression_W,not_exceeding,0.15,113,False,0.10619469026548672,0.1415929203539823,2,0,2,-2.0,1.0,3.0,2.0,0,0
DS07,lstm_autoencoder,0,0.02,R1,quantile_regression_W,not_exceeding,0.2,113,False,0.19469026548672566,0.18584070796460178,2,0,2,-3.0,2.0,3.0,1.0,0,0
DS07,lstm_autoencoder,0,0.02,R2,phase_conditioned,nearest,0.025,113,True,0.02654867256637168,0.017699115044247787,1,2,1,0.0,6.0,10.0,4.0,0,0
DS07,lstm_autoencoder,0,0.02,R2,phase_conditioned,nearest,0.05,113,True,0.05309734513274336,0.04424778761061947,0,2,2,0.0,6.0,10.0,4.0,0,0
DS07,lstm_autoencoder,0,0.02,R2,phase_conditioned,nearest,0.1,113,True,0.09734513274336283,0.09734513274336283,0,4,0,0.0,0.0,2.0,2.0,0,0
DS07,lstm_autoencoder,0,0.02,R2,phase_conditioned,nearest,0.15,113,False,0.13274336283185842,0.13274336283185842,0,4,0,0.0,0.0,2.0,2.0,0,0
DS07,lstm_autoencoder,0,0.02,R2,phase_conditioned,nearest,0.2,113,True,0.20353982300884957,0.20353982300884957,1,2,1,0.0,0.0,1.0,1.0,0,0
DS07,lstm_autoencoder,0,0.02,R2,phase_conditioned,not_exceeding,0.025,113,True,0.017699115044247787,0.017699115044247787,1,2,1,0.0,6.0,10.0,4.0,0,0
DS07,lstm_autoencoder,0,0.02,R2,phase_conditioned,not_exceeding,0.05,113,True,0.04424778761061947,0.04424778761061947,1,2,1,0.0,6.0,10.0,4.0,0,0
DS07,lstm_autoencoder,0,0.02,R2,phase_conditioned,not_exceeding,0.1,113,True,0.09734513274336283,0.09734513274336283,0,4,0,0.0,0.0,2.0,2.0,0,0
DS07,lstm_autoencoder,0,0.02,R2,phase_conditioned,not_exceeding,0.15,113,False,0.13274336283185842,0.13274336283185842,0,4,0,0.0,0.0,2.0,2.0,0,0
DS07,lstm_autoencoder,0,0.02,R2,phase_conditioned,not_exceeding,0.2,113,False,0.168141592920354,0.18584070796460178,1,3,0,0.0,-1.0,1.0,2.0,0,0
DS07,lstm_autoencoder,0,0.02,R2,quantile_regression_W,nearest,0.025,113,True,0.02654867256637168,0.02654867256637168,1,1,2,0.0,8.0,12.0,4.0,0,0
DS07,lstm_autoencoder,0,0.02,R2,quantile_regression_W,nearest,0.05,113,True,0.05309734513274336,0.05309734513274336,1,0,3,3.0,2.0,6.0,4.0,0,0
DS07,lstm_autoencoder,0,0.02,R2,quantile_regression_W,nearest,0.1,113,True,0.09734513274336283,0.09734513274336283,1,0,3,5.0,4.0,6.0,2.0,0,0
DS07,lstm_autoencoder,0,0.02,R2,quantile_regression_W,nearest,0.15,113,False,0.13274336283185842,0.1415929203539823,2,0,2,-2.0,1.0,3.0,2.0,0,0
DS07,lstm_autoencoder,0,0.02,R2,quantile_regression_W,nearest,0.2,113,True,0.20353982300884957,0.20353982300884957,1,1,2,0.0,2.0,3.0,1.0,0,0
DS07,lstm_autoencoder,0,0.02,R2,quantile_regression_W,not_exceeding,0.025,113,True,0.017699115044247787,0.017699115044247787,1,1,2,0.0,8.0,12.0,4.0,0,0
DS07,lstm_autoencoder,0,0.02,R2,quantile_regression_W,not_exceeding,0.05,113,True,0.04424778761061947,0.04424778761061947,1,1,2,0.0,8.0,12.0,4.0,0,0
DS07,lstm_autoencoder,0,0.02,R2,quantile_regression_W,not_exceeding,0.1,113,True,0.09734513274336283,0.09734513274336283,1,0,3,5.0,4.0,6.0,2.0,0,0
DS07,lstm_autoencoder,0,0.02,R2,quantile_regression_W,not_exceeding,0.15,113,False,0.13274336283185842,0.1415929203539823,2,0,2,-2.0,1.0,3.0,2.0,0,0
DS07,lstm_autoencoder,0,0.02,R2,quantile_regression_W,not_exceeding,0.2,113,False,0.168141592920354,0.19469026548672566,2,0,2,-3.0,1.0,3.0,2.0,0,0
DS07,lstm_autoencoder,1,0.005,R0,phase_conditioned,nearest,0.025,113,True,0.02654867256637168,0.02654867256637168,1,2,1,0.0,0.0,11.0,11.0,0,0
DS07,lstm_autoencoder,1,0.005,R0,phase_conditioned,nearest,0.05,113,True,0.05309734513274336,0.05309734513274336,1,2,1,0.0,0.0,11.0,11.0,0,0
DS07,lstm_autoencoder,1,0.005,R0,phase_conditioned,nearest,0.1,113,True,0.09734513274336283,0.09734513274336283,0,4,0,0.0,0.0,10.0,10.0,0,0
DS07,lstm_autoencoder,1,0.005,R0,phase_conditioned,nearest,0.15,113,True,0.1415929203539823,0.1504424778761062,1,3,0,0.0,0.0,2.0,2.0,0,0
DS07,lstm_autoencoder,1,0.005,R0,phase_conditioned,nearest,0.2,113,True,0.19469026548672566,0.20353982300884957,0,4,0,0.0,0.0,0.0,0.0,0,0
DS07,lstm_autoencoder,1,0.005,R0,phase_conditioned,not_exceeding,0.025,113,True,0.017699115044247787,0.017699115044247787,1,2,1,0.0,0.0,11.0,11.0,0,0
DS07,lstm_autoencoder,1,0.005,R0,phase_conditioned,not_exceeding,0.05,113,False,0.035398230088495575,0.04424778761061947,2,1,1,-2.0,0.0,11.0,11.0,0,0
DS07,lstm_autoencoder,1,0.005,R0,phase_conditioned,not_exceeding,0.1,113,True,0.09734513274336283,0.09734513274336283,0,4,0,0.0,0.0,10.0,10.0,0,0
DS07,lstm_autoencoder,1,0.005,R0,phase_conditioned,not_exceeding,0.15,113,True,0.1415929203539823,0.1415929203539823,0,3,1,0.0,4.0,6.0,2.0,0,0
DS07,lstm_autoencoder,1,0.005,R0,phase_conditioned,not_exceeding,0.2,113,True,0.19469026548672566,0.19469026548672566,0,4,0,0.0,0.0,0.0,0.0,0,0
DS07,lstm_autoencoder,1,0.005,R0,quantile_regression_W,nearest,0.025,113,True,0.02654867256637168,0.02654867256637168,3,0,1,-3.0,1.0,12.0,11.0,0,0
DS07,lstm_autoencoder,1,0.005,R0,quantile_regression_W,nearest,0.05,113,True,0.05309734513274336,0.05309734513274336,3,0,1,-7.0,-8.0,3.0,11.0,0,0
DS07,lstm_autoencoder,1,0.005,R0,quantile_regression_W,nearest,0.1,113,True,0.09734513274336283,0.10619469026548672,4,0,0,-8.0,-7.0,3.0,10.0,0,0
DS07,lstm_autoencoder,1,0.005,R0,quantile_regression_W,nearest,0.15,113,True,0.1415929203539823,0.1504424778761062,3,0,1,-8.0,1.0,3.0,2.0,0,0
DS07,lstm_autoencoder,1,0.005,R0,quantile_regression_W,nearest,0.2,113,True,0.19469026548672566,0.20353982300884957,2,0,2,-6.0,3.0,3.0,0.0,0,0
DS07,lstm_autoencoder,1,0.005,R0,quantile_regression_W,not_exceeding,0.025,113,True,0.017699115044247787,0.017699115044247787,3,0,1,-3.0,1.0,12.0,11.0,0,0
DS07,lstm_autoencoder,1,0.005,R0,quantile_regression_W,not_exceeding,0.05,113,False,0.035398230088495575,0.04424778761061947,3,0,1,-8.0,-8.0,3.0,11.0,0,0
DS07,lstm_autoencoder,1,0.005,R0,quantile_regression_W,not_exceeding,0.1,113,False,0.09734513274336283,0.08849557522123894,3,1,0,-7.0,-7.0,3.0,10.0,0,0
DS07,lstm_autoencoder,1,0.005,R0,quantile_regression_W,not_exceeding,0.15,113,False,0.1415929203539823,0.13274336283185842,3,0,1,-8.0,1.0,3.0,2.0,0,0
DS07,lstm_autoencoder,1,0.005,R0,quantile_regression_W,not_exceeding,0.2,113,True,0.19469026548672566,0.19469026548672566,2,0,2,-6.0,3.0,3.0,0.0,0,0
DS07,lstm_autoencoder,1,0.005,R1,phase_conditioned,nearest,0.025,113,True,0.02654867256637168,0.02654867256637168,1,2,1,0.0,0.0,11.0,11.0,0,0
DS07,lstm_autoencoder,1,0.005,R1,phase_conditioned,nearest,0.05,113,True,0.05309734513274336,0.05309734513274336,1,2,1,0.0,0.0,10.0,10.0,0,0
DS07,lstm_autoencoder,1,0.005,R1,phase_conditioned,nearest,0.1,113,True,0.09734513274336283,0.09734513274336283,1,1,2,0.0,4.0,6.0,2.0,0,0
DS07,lstm_autoencoder,1,0.005,R1,phase_conditioned,nearest,0.15,113,True,0.1504424778761062,0.1504424778761062,1,1,2,0.0,5.0,5.0,0.0,0,0
DS07,lstm_autoencoder,1,0.005,R1,phase_conditioned,nearest,0.2,113,False,0.20353982300884957,0.21238938053097345,1,1,2,0.0,5.0,5.0,0.0,0,0
DS07,lstm_autoencoder,1,0.005,R1,phase_conditioned,not_exceeding,0.025,113,True,0.017699115044247787,0.017699115044247787,1,1,2,0.0,4.0,15.0,11.0,0,0
DS07,lstm_autoencoder,1,0.005,R1,phase_conditioned,not_exceeding,0.05,113,True,0.04424778761061947,0.04424778761061947,0,1,3,1.0,1.0,11.0,10.0,0,0
DS07,lstm_autoencoder,1,0.005,R1,phase_conditioned,not_exceeding,0.1,113,True,0.09734513274336283,0.09734513274336283,1,1,2,0.0,4.0,6.0,2.0,0,0
DS07,lstm_autoencoder,1,0.005,R1,phase_conditioned,not_exceeding,0.15,113,True,0.1415929203539823,0.1415929203539823,2,0,2,-2.0,3.0,5.0,2.0,0,0
DS07,lstm_autoencoder,1,0.005,R1,phase_conditioned,not_exceeding,0.2,113,False,0.168141592920354,0.18584070796460178,1,1,2,0.0,5.0,5.0,0.0,0,0
DS07,lstm_autoencoder,1,0.005,R1,quantile_regression_W,nearest,0.025,113,True,0.02654867256637168,0.02654867256637168,4,0,0,-8.0,-8.0,3.0,11.0,0,0
DS07,lstm_autoencoder,1,0.005,R1,quantile_regression_W,nearest,0.05,113,True,0.05309734513274336,0.04424778761061947,4,0,0,-7.0,-7.0,3.0,10.0,0,0
DS07,lstm_autoencoder,1,0.005,R1,quantile_regression_W,nearest,0.1,113,True,0.09734513274336283,0.09734513274336283,2,0,2,-1.0,1.0,3.0,2.0,0,0
DS07,lstm_autoencoder,1,0.005,R1,quantile_regression_W,nearest,0.15,113,True,0.1504424778761062,0.1504424778761062,2,0,2,-8.0,3.0,3.0,0.0,0,0
DS07,lstm_autoencoder,1,0.005,R1,quantile_regression_W,nearest,0.2,113,False,0.20353982300884957,0.21238938053097345,2,0,2,-8.0,3.0,3.0,0.0,0,0
DS07,lstm_autoencoder,1,0.005,R1,quantile_regression_W,not_exceeding,0.025,113,True,0.017699115044247787,0.017699115044247787,3,0,1,-3.0,2.0,13.0,11.0,0,0
DS07,lstm_autoencoder,1,0.005,R1,quantile_regression_W,not_exceeding,0.05,113,True,0.04424778761061947,0.04424778761061947,4,0,0,-7.0,-7.0,3.0,10.0,0,0
DS07,lstm_autoencoder,1,0.005,R1,quantile_regression_W,not_exceeding,0.1,113,True,0.09734513274336283,0.09734513274336283,2,0,2,-1.0,1.0,3.0,2.0,0,0
DS07,lstm_autoencoder,1,0.005,R1,quantile_regression_W,not_exceeding,0.15,113,True,0.1415929203539823,0.1415929203539823,3,0,1,-8.0,1.0,3.0,2.0,0,0
DS07,lstm_autoencoder,1,0.005,R1,quantile_regression_W,not_exceeding,0.2,113,False,0.168141592920354,0.17699115044247787,2,0,2,-8.0,3.0,3.0,0.0,0,0
DS07,lstm_autoencoder,1,0.005,R2,phase_conditioned,nearest,0.025,113,True,0.02654867256637168,0.02654867256637168,2,2,0,-3.0,0.0,11.0,11.0,0,0
DS07,lstm_autoencoder,1,0.005,R2,phase_conditioned,nearest,0.05,113,True,0.05309734513274336,0.05309734513274336,1,1,2,0.0,1.0,11.0,10.0,0,0
DS07,lstm_autoencoder,1,0.005,R2,phase_conditioned,nearest,0.1,113,False,0.11504424778761062,0.08849557522123894,0,3,1,0.0,0.0,8.0,8.0,0,0
DS07,lstm_autoencoder,1,0.005,R2,phase_conditioned,nearest,0.15,113,True,0.1504424778761062,0.1504424778761062,0,3,1,0.0,4.0,6.0,2.0,0,0
DS07,lstm_autoencoder,1,0.005,R2,phase_conditioned,nearest,0.2,113,True,0.20353982300884957,0.20353982300884957,1,3,0,0.0,0.0,0.0,0.0,0,0
DS07,lstm_autoencoder,1,0.005,R2,phase_conditioned,not_exceeding,0.025,113,True,0.017699115044247787,0.017699115044247787,2,2,0,-3.0,0.0,11.0,11.0,0,0
DS07,lstm_autoencoder,1,0.005,R2,phase_conditioned,not_exceeding,0.05,113,True,0.04424778761061947,0.04424778761061947,1,2,1,0.0,0.0,11.0,11.0,0,0
DS07,lstm_autoencoder,1,0.005,R2,phase_conditioned,not_exceeding,0.1,113,False,0.07964601769911504,0.08849557522123894,1,2,1,0.0,-2.0,8.0,10.0,0,0
DS07,lstm_autoencoder,1,0.005,R2,phase_conditioned,not_exceeding,0.15,113,True,0.1415929203539823,0.1415929203539823,0,3,1,0.0,4.0,6.0,2.0,0,0
DS07,lstm_autoencoder,1,0.005,R2,phase_conditioned,not_exceeding,0.2,113,True,0.19469026548672566,0.19469026548672566,0,4,0,0.0,0.0,2.0,2.0,0,0
DS07,lstm_autoencoder,1,0.005,R2,quantile_regression_W,nearest,0.025,113,True,0.02654867256637168,0.02654867256637168,3,0,1,-6.0,1.0,12.0,11.0,0,0
DS07,lstm_autoencoder,1,0.005,R2,quantile_regression_W,nearest,0.05,113,True,0.05309734513274336,0.05309734513274336,4,0,0,-7.0,-7.0,3.0,10.0,0,0
DS07,lstm_autoencoder,1,0.005,R2,quantile_regression_W,nearest,0.1,113,False,0.11504424778761062,0.10619469026548672,3,1,0,-5.0,-5.0,3.0,8.0,0,0
DS07,lstm_autoencoder,1,0.005,R2,quantile_regression_W,nearest,0.15,113,True,0.1504424778761062,0.1504424778761062,3,0,1,-8.0,1.0,3.0,2.0,0,0
DS07,lstm_autoencoder,1,0.005,R2,quantile_regression_W,nearest,0.2,113,True,0.20353982300884957,0.19469026548672566,2,0,2,-8.0,3.0,3.0,0.0,0,0
DS07,lstm_autoencoder,1,0.005,R2,quantile_regression_W,not_exceeding,0.025,113,True,0.017699115044247787,0.017699115044247787,3,0,1,-6.0,1.0,12.0,11.0,0,0
DS07,lstm_autoencoder,1,0.005,R2,quantile_regression_W,not_exceeding,0.05,113,True,0.04424778761061947,0.04424778761061947,4,0,0,-8.0,-8.0,3.0,11.0,0,0
DS07,lstm_autoencoder,1,0.005,R2,quantile_regression_W,not_exceeding,0.1,113,False,0.07964601769911504,0.08849557522123894,3,1,0,-7.0,-7.0,3.0,10.0,0,0
DS07,lstm_autoencoder,1,0.005,R2,quantile_regression_W,not_exceeding,0.15,113,True,0.1415929203539823,0.1415929203539823,3,0,1,-8.0,1.0,3.0,2.0,0,0
DS07,lstm_autoencoder,1,0.005,R2,quantile_regression_W,not_exceeding,0.2,113,True,0.19469026548672566,0.19469026548672566,3,0,1,-8.0,1.0,3.0,2.0,0,0
DS07,lstm_autoencoder,1,0.01,R0,phase_conditioned,nearest,0.025,113,True,0.017699115044247787,0.02654867256637168,2,2,0,-1.0,0.0,11.0,11.0,0,0
DS07,lstm_autoencoder,1,0.01,R0,phase_conditioned,nearest,0.05,113,True,0.04424778761061947,0.04424778761061947,2,2,0,-1.0,0.0,11.0,11.0,0,0
DS07,lstm_autoencoder,1,0.01,R0,phase_conditioned,nearest,0.1,113,False,0.10619469026548672,0.08849557522123894,0,3,1,0.0,1.0,10.0,9.0,0,0
DS07,lstm_autoencoder,1,0.01,R0,phase_conditioned,nearest,0.15,113,True,0.1504424778761062,0.1504424778761062,0,2,2,0.0,8.0,10.0,2.0,0,0
DS07,lstm_autoencoder,1,0.01,R0,phase_conditioned,nearest,0.2,113,True,0.20353982300884957,0.20353982300884957,1,3,0,0.0,-1.0,1.0,2.0,0,0
DS07,lstm_autoencoder,1,0.01,R0,phase_conditioned,not_exceeding,0.025,113,False,0.017699115044247787,0.0,0,0,4,inf,inf,inf,11.0,0,4
DS07,lstm_autoencoder,1,0.01,R0,phase_conditioned,not_exceeding,0.05,113,True,0.04424778761061947,0.04424778761061947,2,2,0,-1.0,0.0,11.0,11.0,0,0
DS07,lstm_autoencoder,1,0.01,R0,phase_conditioned,not_exceeding,0.1,113,False,0.08849557522123894,0.08849557522123894,0,3,1,0.0,1.0,10.0,9.0,0,0
DS07,lstm_autoencoder,1,0.01,R0,phase_conditioned,not_exceeding,0.15,113,True,0.1415929203539823,0.1415929203539823,0,3,1,0.0,6.0,10.0,4.0,0,0
DS07,lstm_autoencoder,1,0.01,R0,phase_conditioned,not_exceeding,0.2,113,True,0.19469026548672566,0.19469026548672566,1,2,1,0.0,0.0,2.0,2.0,0,0
DS07,lstm_autoencoder,1,0.01,R0,quantile_regression_W,nearest,0.025,113,True,0.017699115044247787,0.02654867256637168,2,0,2,-3.0,1.0,12.0,11.0,0,0
DS07,lstm_autoencoder,1,0.01,R0,quantile_regression_W,nearest,0.05,113,True,0.04424778761061947,0.04424778761061947,4,0,0,-7.0,-8.0,3.0,11.0,0,0
DS07,lstm_autoencoder,1,0.01,R0,quantile_regression_W,nearest,0.1,113,True,0.10619469026548672,0.09734513274336283,3,0,1,-5.0,-6.0,3.0,9.0,0,0
DS07,lstm_autoencoder,1,0.01,R0,quantile_regression_W,nearest,0.15,113,False,0.1504424778761062,0.1592920353982301,2,0,2,-3.0,1.0,3.0,2.0,0,0
DS07,lstm_autoencoder,1,0.01,R0,quantile_regression_W,nearest,0.2,113,True,0.20353982300884957,0.19469026548672566,2,0,2,-1.0,1.0,3.0,2.0,0,0
DS07,lstm_autoencoder,1,0.01,R0,quantile_regression_W,not_exceeding,0.025,113,True,0.017699115044247787,0.017699115044247787,2,0,2,-3.0,1.0,12.0,11.0,0,0
DS07,lstm_autoencoder,1,0.01,R0,quantile_regression_W,not_exceeding,0.05,113,True,0.04424778761061947,0.04424778761061947,4,0,0,-7.0,-8.0,3.0,11.0,0,0
DS07,lstm_autoencoder,1,0.01,R0,quantile_regression_W,not_exceeding,0.1,113,False,0.08849557522123894,0.09734513274336283,3,0,1,-5.0,-6.0,3.0,9.0,0,0
DS07,lstm_autoencoder,1,0.01,R0,quantile_regression_W,not_exceeding,0.15,113,False,0.1415929203539823,0.13274336283185842,3,0,1,-7.0,-1.0,3.0,4.0,0,0
DS07,lstm_autoencoder,1,0.01,R0,quantile_regression_W,not_exceeding,0.2,113,True,0.19469026548672566,0.19469026548672566,2,0,2,-1.0,1.0,3.0,2.0,0,0
DS07,lstm_autoencoder,1,0.01,R1,phase_conditioned,nearest,0.025,113,True,0.02654867256637168,0.017699115044247787,0,3,1,0.0,0.0,15.0,15.0,0,0
DS07,lstm_autoencoder,1,0.01,R1,phase_conditioned,nearest,0.05,113,True,0.04424778761061947,0.04424778761061947,0,2,2,0.0,4.0,15.0,11.0,0,0
DS07,lstm_autoencoder,1,0.01,R1,phase_conditioned,nearest,0.1,113,True,0.09734513274336283,0.09734513274336283,0,1,3,5.0,5.0,15.0,10.0,0,0
DS07,lstm_autoencoder,1,0.01,R1,phase_conditioned,nearest,0.15,113,True,0.1504424778761062,0.1415929203539823,1,3,0,0.0,-6.0,2.0,8.0,0,0
DS07,lstm_autoencoder,1,0.01,R1,phase_conditioned,nearest,0.2,113,True,0.20353982300884957,0.20353982300884957,2,2,0,-8.0,-5.0,1.0,6.0,0,0
DS07,lstm_autoencoder,1,0.01,R1,phase_conditioned,not_exceeding,0.025,113,True,0.017699115044247787,0.017699115044247787,0,4,0,0.0,0.0,15.0,15.0,0,0
DS07,lstm_autoencoder,1,0.01,R1,phase_conditioned,not_exceeding,0.05,113,True,0.04424778761061947,0.04424778761061947,0,2,2,0.0,4.0,15.0,11.0,0,0
DS07,lstm_autoencoder,1,0.01,R1,phase_conditioned,not_exceeding,0.1,113,True,0.09734513274336283,0.09734513274336283,0,1,3,5.0,5.0,15.0,10.0,0,0
DS07,lstm_autoencoder,1,0.01,R1,phase_conditioned,not_exceeding,0.15,113,False,0.13274336283185842,0.1415929203539823,2,2,0,-2.0,-8.0,2.0,10.0,0,0
DS07,lstm_autoencoder,1,0.01,R1,phase_conditioned,not_exceeding,0.2,113,True,0.19469026548672566,0.19469026548672566,1,3,0,0.0,-4.0,2.0,6.0,0,0
DS07,lstm_autoencoder,1,0.01,R1,quantile_regression_W,nearest,0.025,113,True,0.02654867256637168,0.02654867256637168,2,0,2,-3.0,-3.0,12.0,15.0,0,0
DS07,lstm_autoencoder,1,0.01,R1,quantile_regression_W,nearest,0.05,113,True,0.04424778761061947,0.05309734513274336,4,0,0,-7.0,-8.0,3.0,11.0,0,0
DS07,lstm_autoencoder,1,0.01,R1,quantile_regression_W,nearest,0.1,113,True,0.09734513274336283,0.09734513274336283,4,0,0,-7.0,-7.0,3.0,10.0,0,0
DS07,lstm_autoencoder,1,0.01,R1,quantile_regression_W,nearest,0.15,113,True,0.1504424778761062,0.1504424778761062,4,0,0,-5.0,-5.0,3.0,8.0,0,0
DS07,lstm_autoencoder,1,0.01,R1,quantile_regression_W,nearest,0.2,113,True,0.20353982300884957,0.20353982300884957,4,0,0,-6.0,-3.0,3.0,6.0,0,0
DS07,lstm_autoencoder,1,0.01,R1,quantile_regression_W,not_exceeding,0.025,113,True,0.017699115044247787,0.017699115044247787,2,1,1,-2.0,-3.0,12.0,15.0,0,0
DS07,lstm_autoencoder,1,0.01,R1,quantile_regression_W,not_exceeding,0.05,113,True,0.04424778761061947,0.04424778761061947,4,0,0,-7.0,-8.0,3.0,11.0,0,0
DS07,lstm_autoencoder,1,0.01,R1,quantile_regression_W,not_exceeding,0.1,113,True,0.09734513274336283,0.09734513274336283,4,0,0,-7.0,-7.0,3.0,10.0,0,0
DS07,lstm_autoencoder,1,0.01,R1,quantile_regression_W,not_exceeding,0.15,113,False,0.13274336283185842,0.1415929203539823,4,0,0,-7.0,-7.0,3.0,10.0,0,0
DS07,lstm_autoencoder,1,0.01,R1,quantile_regression_W,not_exceeding,0.2,113,True,0.19469026548672566,0.19469026548672566,4,0,0,-6.0,-3.0,3.0,6.0,0,0
DS07,lstm_autoencoder,1,0.01,R2,phase_conditioned,nearest,0.025,113,True,0.017699115044247787,0.017699115044247787,0,4,0,0.0,0.0,11.0,11.0,0,0
DS07,lstm_autoencoder,1,0.01,R2,phase_conditioned,nearest,0.05,113,True,0.05309734513274336,0.04424778761061947,2,2,0,-4.0,0.0,11.0,11.0,0,0
DS07,lstm_autoencoder,1,0.01,R2,phase_conditioned,nearest,0.1,113,True,0.09734513274336283,0.10619469026548672,1,2,1,0.0,1.0,11.0,10.0,0,0
DS07,lstm_autoencoder,1,0.01,R2,phase_conditioned,nearest,0.15,113,False,0.1504424778761062,0.1592920353982301,1,3,0,0.0,-5.0,4.0,9.0,0,0
DS07,lstm_autoencoder,1,0.01,R2,phase_conditioned,nearest,0.2,113,True,0.20353982300884957,0.20353982300884957,1,3,0,0.0,-1.0,1.0,2.0,0,0
DS07,lstm_autoencoder,1,0.01,R2,phase_conditioned,not_exceeding,0.025,113,True,0.017699115044247787,0.017699115044247787,0,4,0,0.0,0.0,11.0,11.0,0,0
DS07,lstm_autoencoder,1,0.01,R2,phase_conditioned,not_exceeding,0.05,113,True,0.04424778761061947,0.04424778761061947,2,2,0,-4.0,0.0,11.0,11.0,0,0
DS07,lstm_autoencoder,1,0.01,R2,phase_conditioned,not_exceeding,0.1,113,False,0.09734513274336283,0.04424778761061947,1,2,1,0.0,1.0,11.0,10.0,0,0
DS07,lstm_autoencoder,1,0.01,R2,phase_conditioned,not_exceeding,0.15,113,False,0.13274336283185842,0.13274336283185842,1,2,1,0.0,-5.0,4.0,9.0,0,0
DS07,lstm_autoencoder,1,0.01,R2,phase_conditioned,not_exceeding,0.2,113,True,0.19469026548672566,0.19469026548672566,1,3,0,0.0,-1.0,1.0,2.0,0,0
DS07,lstm_autoencoder,1,0.01,R2,quantile_regression_W,nearest,0.025,113,True,0.017699115044247787,0.02654867256637168,3,0,1,-5.0,-5.0,6.0,11.0,0,0
DS07,lstm_autoencoder,1,0.01,R2,quantile_regression_W,nearest,0.05,113,True,0.05309734513274336,0.05309734513274336,4,0,0,-7.0,-8.0,3.0,11.0,0,0
DS07,lstm_autoencoder,1,0.01,R2,quantile_regression_W,nearest,0.1,113,True,0.09734513274336283,0.09734513274336283,4,0,0,-7.0,-7.0,3.0,10.0,0,0
DS07,lstm_autoencoder,1,0.01,R2,quantile_regression_W,nearest,0.15,113,True,0.1504424778761062,0.1504424778761062,4,0,0,-6.0,-6.0,3.0,9.0,0,0
DS07,lstm_autoencoder,1,0.01,R2,quantile_regression_W,nearest,0.2,113,True,0.20353982300884957,0.20353982300884957,2,0,2,-1.0,1.0,3.0,2.0,0,0
DS07,lstm_autoencoder,1,0.01,R2,quantile_regression_W,not_exceeding,0.025,113,True,0.017699115044247787,0.017699115044247787,2,0,2,-3.0,1.0,12.0,11.0,0,0
DS07,lstm_autoencoder,1,0.01,R2,quantile_regression_W,not_exceeding,0.05,113,True,0.04424778761061947,0.04424778761061947,4,0,0,-7.0,-8.0,3.0,11.0,0,0
DS07,lstm_autoencoder,1,0.01,R2,quantile_regression_W,not_exceeding,0.1,113,True,0.09734513274336283,0.09734513274336283,4,0,0,-7.0,-7.0,3.0,10.0,0,0
DS07,lstm_autoencoder,1,0.01,R2,quantile_regression_W,not_exceeding,0.15,113,False,0.13274336283185842,0.1415929203539823,4,0,0,-6.0,-6.0,3.0,9.0,0,0
DS07,lstm_autoencoder,1,0.01,R2,quantile_regression_W,not_exceeding,0.2,113,True,0.19469026548672566,0.19469026548672566,2,0,2,-1.0,1.0,3.0,2.0,0,0
DS07,lstm_autoencoder,1,0.02,R0,phase_conditioned,nearest,0.025,113,False,0.035398230088495575,0.02654867256637168,0,3,1,0.0,1.0,10.0,9.0,0,0
DS07,lstm_autoencoder,1,0.02,R0,phase_conditioned,nearest,0.05,113,True,0.05309734513274336,0.05309734513274336,0,4,0,0.0,0.0,9.0,9.0,0,0
DS07,lstm_autoencoder,1,0.02,R0,phase_conditioned,nearest,0.1,113,True,0.09734513274336283,0.09734513274336283,0,4,0,0.0,0.0,2.0,2.0,0,0
DS07,lstm_autoencoder,1,0.02,R0,phase_conditioned,nearest,0.15,113,True,0.1504424778761062,0.1504424778761062,0,4,0,0.0,0.0,2.0,2.0,0,0
DS07,lstm_autoencoder,1,0.02,R0,phase_conditioned,nearest,0.2,113,False,0.22123893805309736,0.18584070796460178,0,3,1,0.0,0.0,1.0,1.0,0,0
DS07,lstm_autoencoder,1,0.02,R0,phase_conditioned,not_exceeding,0.025,113,False,0.008849557522123894,0.017699115044247787,1,3,0,0.0,0.0,10.0,10.0,0,0
DS07,lstm_autoencoder,1,0.02,R0,phase_conditioned,not_exceeding,0.05,113,False,0.035398230088495575,0.04424778761061947,0,3,1,0.0,1.0,10.0,9.0,0,0
DS07,lstm_autoencoder,1,0.02,R0,phase_conditioned,not_exceeding,0.1,113,True,0.09734513274336283,0.09734513274336283,0,4,0,0.0,0.0,2.0,2.0,0,0
DS07,lstm_autoencoder,1,0.02,R0,phase_conditioned,not_exceeding,0.15,113,False,0.1415929203539823,0.13274336283185842,0,4,0,0.0,0.0,2.0,2.0,0,0
DS07,lstm_autoencoder,1,0.02,R0,phase_conditioned,not_exceeding,0.2,113,False,0.1592920353982301,0.18584070796460178,1,2,1,0.0,-1.0,1.0,2.0,0,0
DS07,lstm_autoencoder,1,0.02,R0,quantile_regression_W,nearest,0.025,113,False,0.035398230088495575,0.02654867256637168,0,1,3,3.0,3.0,12.0,9.0,0,0
DS07,lstm_autoencoder,1,0.02,R0,quantile_regression_W,nearest,0.05,113,True,0.05309734513274336,0.05309734513274336,2,0,2,-2.0,-3.0,6.0,9.0,0,0
DS07,lstm_autoencoder,1,0.02,R0,quantile_regression_W,nearest,0.1,113,True,0.09734513274336283,0.09734513274336283,2,0,2,-2.0,1.0,3.0,2.0,0,0
DS07,lstm_autoencoder,1,0.02,R0,quantile_regression_W,nearest,0.15,113,True,0.1504424778761062,0.1504424778761062,2,0,2,-3.0,1.0,3.0,2.0,0,0
DS07,lstm_autoencoder,1,0.02,R0,quantile_regression_W,nearest,0.2,113,False,0.22123893805309736,0.19469026548672566,2,0,2,-1.0,2.0,3.0,1.0,0,0
DS07,lstm_autoencoder,1,0.02,R0,quantile_regression_W,not_exceeding,0.025,113,False,0.008849557522123894,0.017699115044247787,1,1,2,0.0,2.0,12.0,10.0,0,0
DS07,lstm_autoencoder,1,0.02,R0,quantile_regression_W,not_exceeding,0.05,113,False,0.035398230088495575,0.04424778761061947,0,1,3,3.0,3.0,12.0,9.0,0,0
DS07,lstm_autoencoder,1,0.02,R0,quantile_regression_W,not_exceeding,0.1,113,True,0.09734513274336283,0.09734513274336283,2,0,2,-2.0,1.0,3.0,2.0,0,0
DS07,lstm_autoencoder,1,0.02,R0,quantile_regression_W,not_exceeding,0.15,113,False,0.1415929203539823,0.13274336283185842,2,0,2,-2.0,1.0,3.0,2.0,0,0
DS07,lstm_autoencoder,1,0.02,R0,quantile_regression_W,not_exceeding,0.2,113,False,0.1592920353982301,0.19469026548672566,2,0,2,-1.0,1.0,3.0,2.0,0,0
DS07,lstm_autoencoder,1,0.02,R1,phase_conditioned,nearest,0.025,113,True,0.02654867256637168,0.02654867256637168,1,3,0,0.0,0.0,10.0,10.0,0,0
DS07,lstm_autoencoder,1,0.02,R1,phase_conditioned,nearest,0.05,113,True,0.05309734513274336,0.05309734513274336,0,3,1,0.0,1.0,10.0,9.0,0,0
DS07,lstm_autoencoder,1,0.02,R1,phase_conditioned,nearest,0.1,113,True,0.09734513274336283,0.10619469026548672,0,4,0,0.0,0.0,9.0,9.0,0,0
DS07,lstm_autoencoder,1,0.02,R1,phase_conditioned,nearest,0.15,113,True,0.1504424778761062,0.1504424778761062,0,3,1,0.0,3.0,4.0,1.0,0,0
DS07,lstm_autoencoder,1,0.02,R1,phase_conditioned,nearest,0.2,113,True,0.20353982300884957,0.20353982300884957,1,3,0,0.0,0.0,1.0,1.0,0,0
DS07,lstm_autoencoder,1,0.02,R1,phase_conditioned,not_exceeding,0.025,113,False,0.008849557522123894,0.008849557522123894,1,3,0,0.0,0.0,10.0,10.0,0,0
DS07,lstm_autoencoder,1,0.02,R1,phase_conditioned,not_exceeding,0.05,113,True,0.04424778761061947,0.04424778761061947,1,3,0,0.0,0.0,10.0,10.0,0,0
DS07,lstm_autoencoder,1,0.02,R1,phase_conditioned,not_exceeding,0.1,113,False,0.09734513274336283,0.08849557522123894,0,4,0,0.0,0.0,9.0,9.0,0,0
DS07,lstm_autoencoder,1,0.02,R1,phase_conditioned,not_exceeding,0.15,113,False,0.09734513274336283,0.10619469026548672,0,4,0,0.0,0.0,9.0,9.0,0,0
DS07,lstm_autoencoder,1,0.02,R1,phase_conditioned,not_exceeding,0.2,113,True,0.19469026548672566,0.19469026548672566,0,4,0,0.0,0.0,1.0,1.0,0,0
DS07,lstm_autoencoder,1,0.02,R1,quantile_regression_W,nearest,0.025,113,True,0.02654867256637168,0.02654867256637168,1,1,2,0.0,2.0,12.0,10.0,0,0
DS07,lstm_autoencoder,1,0.02,R1,quantile_regression_W,nearest,0.05,113,True,0.05309734513274336,0.05309734513274336,2,0,2,-2.0,-3.0,6.0,9.0,0,0
DS07,lstm_autoencoder,1,0.02,R1,quantile_regression_W,nearest,0.1,113,True,0.09734513274336283,0.09734513274336283,3,0,1,-5.0,-6.0,3.0,9.0,0,0
DS07,lstm_autoencoder,1,0.02,R1,quantile_regression_W,nearest,0.15,113,True,0.1504424778761062,0.1504424778761062,2,0,2,-2.0,2.0,3.0,1.0,0,0
DS07,lstm_autoencoder,1,0.02,R1,quantile_regression_W,nearest,0.2,113,True,0.20353982300884957,0.19469026548672566,2,0,2,-1.0,2.0,3.0,1.0,0,0
DS07,lstm_autoencoder,1,0.02,R1,quantile_regression_W,not_exceeding,0.025,113,False,0.008849557522123894,0.017699115044247787,1,1,2,0.0,2.0,12.0,10.0,0,0
DS07,lstm_autoencoder,1,0.02,R1,quantile_regression_W,not_exceeding,0.05,113,True,0.04424778761061947,0.04424778761061947,3,0,1,-5.0,-4.0,6.0,10.0,0,0
DS07,lstm_autoencoder,1,0.02,R1,quantile_regression_W,not_exceeding,0.1,113,True,0.09734513274336283,0.09734513274336283,3,0,1,-5.0,-6.0,3.0,9.0,0,0
DS07,lstm_autoencoder,1,0.02,R1,quantile_regression_W,not_exceeding,0.15,113,False,0.09734513274336283,0.1415929203539823,3,0,1,-5.0,-6.0,3.0,9.0,0,0
DS07,lstm_autoencoder,1,0.02,R1,quantile_regression_W,not_exceeding,0.2,113,True,0.19469026548672566,0.19469026548672566,2,0,2,-3.0,2.0,3.0,1.0,0,0
DS07,lstm_autoencoder,1,0.02,R2,phase_conditioned,nearest,0.025,113,True,0.017699115044247787,0.02654867256637168,0,3,1,0.0,1.0,10.0,9.0,0,0
DS07,lstm_autoencoder,1,0.02,R2,phase_conditioned,nearest,0.05,113,True,0.05309734513274336,0.05309734513274336,0,4,0,0.0,0.0,9.0,9.0,0,0
DS07,lstm_autoencoder,1,0.02,R2,phase_conditioned,nearest,0.1,113,True,0.09734513274336283,0.09734513274336283,0,4,0,0.0,0.0,2.0,2.0,0,0
DS07,lstm_autoencoder,1,0.02,R2,phase_conditioned,nearest,0.15,113,False,0.168141592920354,0.13274336283185842,0,4,0,0.0,0.0,1.0,1.0,0,0
DS07,lstm_autoencoder,1,0.02,R2,phase_conditioned,nearest,0.2,113,True,0.20353982300884957,0.19469026548672566,0,4,0,0.0,0.0,1.0,1.0,0,0
DS07,lstm_autoencoder,1,0.02,R2,phase_conditioned,not_exceeding,0.025,113,True,0.017699115044247787,0.017699115044247787,0,3,1,0.0,1.0,10.0,9.0,0,0
DS07,lstm_autoencoder,1,0.02,R2,phase_conditioned,not_exceeding,0.05,113,True,0.04424778761061947,0.04424778761061947,0,3,1,0.0,1.0,10.0,9.0,0,0
DS07,lstm_autoencoder,1,0.02,R2,phase_conditioned,not_exceeding,0.1,113,True,0.09734513274336283,0.09734513274336283,0,4,0,0.0,0.0,2.0,2.0,0,0
DS07,lstm_autoencoder,1,0.02,R2,phase_conditioned,not_exceeding,0.15,113,False,0.12389380530973451,0.13274336283185842,1,3,0,0.0,-1.0,1.0,2.0,0,0
DS07,lstm_autoencoder,1,0.02,R2,phase_conditioned,not_exceeding,0.2,113,True,0.19469026548672566,0.19469026548672566,0,4,0,0.0,0.0,1.0,1.0,0,0
DS07,lstm_autoencoder,1,0.02,R2,quantile_regression_W,nearest,0.025,113,True,0.017699115044247787,0.02654867256637168,0,1,3,3.0,3.0,12.0,9.0,0,0
DS07,lstm_autoencoder,1,0.02,R2,quantile_regression_W,nearest,0.05,113,True,0.05309734513274336,0.05309734513274336,2,0,2,-2.0,-3.0,6.0,9.0,0,0
DS07,lstm_autoencoder,1,0.02,R2,quantile_regression_W,nearest,0.1,113,True,0.09734513274336283,0.09734513274336283,2,0,2,-2.0,1.0,3.0,2.0,0,0
DS07,lstm_autoencoder,1,0.02,R2,quantile_regression_W,nearest,0.15,113,False,0.168141592920354,0.1504424778761062,2,0,2,-2.0,2.0,3.0,1.0,0,0
DS07,lstm_autoencoder,1,0.02,R2,quantile_regression_W,nearest,0.2,113,True,0.20353982300884957,0.20353982300884957,2,0,2,-3.0,2.0,3.0,1.0,0,0
DS07,lstm_autoencoder,1,0.02,R2,quantile_regression_W,not_exceeding,0.025,113,True,0.017699115044247787,0.017699115044247787,0,1,3,3.0,3.0,12.0,9.0,0,0
DS07,lstm_autoencoder,1,0.02,R2,quantile_regression_W,not_exceeding,0.05,113,True,0.04424778761061947,0.04424778761061947,1,0,3,3.0,3.0,12.0,9.0,0,0
DS07,lstm_autoencoder,1,0.02,R2,quantile_regression_W,not_exceeding,0.1,113,True,0.09734513274336283,0.09734513274336283,2,0,2,-2.0,1.0,3.0,2.0,0,0
DS07,lstm_autoencoder,1,0.02,R2,quantile_regression_W,not_exceeding,0.15,113,False,0.12389380530973451,0.1415929203539823,2,0,2,-2.0,1.0,3.0,2.0,0,0
DS07,lstm_autoencoder,1,0.02,R2,quantile_regression_W,not_exceeding,0.2,113,True,0.19469026548672566,0.19469026548672566,2,0,2,-3.0,2.0,3.0,1.0,0,0
DS07,lstm_autoencoder,2,0.005,R0,phase_conditioned,nearest,0.025,113,True,0.02654867256637168,0.02654867256637168,0,4,0,0.0,0.0,11.0,11.0,0,0
DS07,lstm_autoencoder,2,0.005,R0,phase_conditioned,nearest,0.05,113,True,0.04424778761061947,0.05309734513274336,1,3,0,0.0,0.0,11.0,11.0,0,0
DS07,lstm_autoencoder,2,0.005,R0,phase_conditioned,nearest,0.1,113,True,0.09734513274336283,0.09734513274336283,0,4,0,0.0,0.0,8.0,8.0,0,0
DS07,lstm_autoencoder,2,0.005,R0,phase_conditioned,nearest,0.15,113,True,0.1504424778761062,0.1504424778761062,0,4,0,0.0,0.0,2.0,2.0,0,0
DS07,lstm_autoencoder,2,0.005,R0,phase_conditioned,nearest,0.2,113,True,0.20353982300884957,0.20353982300884957,0,4,0,0.0,0.0,0.0,0.0,0,0
DS07,lstm_autoencoder,2,0.005,R0,phase_conditioned,not_exceeding,0.025,113,True,0.017699115044247787,0.017699115044247787,1,3,0,0.0,-4.0,11.0,15.0,0,0
DS07,lstm_autoencoder,2,0.005,R0,phase_conditioned,not_exceeding,0.05,113,False,0.04424778761061947,0.035398230088495575,1,3,0,0.0,0.0,11.0,11.0,0,0
DS07,lstm_autoencoder,2,0.005,R0,phase_conditioned,not_exceeding,0.1,113,True,0.09734513274336283,0.09734513274336283,0,4,0,0.0,0.0,8.0,8.0,0,0
DS07,lstm_autoencoder,2,0.005,R0,phase_conditioned,not_exceeding,0.15,113,True,0.1415929203539823,0.1415929203539823,0,3,1,0.0,4.0,6.0,2.0,0,0
DS07,lstm_autoencoder,2,0.005,R0,phase_conditioned,not_exceeding,0.2,113,True,0.19469026548672566,0.19469026548672566,0,4,0,0.0,0.0,0.0,0.0,0,0
DS07,lstm_autoencoder,2,0.005,R0,quantile_regression_W,nearest,0.025,113,True,0.02654867256637168,0.02654867256637168,2,2,0,-3.0,0.0,11.0,11.0,0,0
DS07,lstm_autoencoder,2,0.005,R0,quantile_regression_W,nearest,0.05,113,True,0.04424778761061947,0.05309734513274336,2,1,1,-3.0,-3.0,8.0,11.0,0,0
DS07,lstm_autoencoder,2,0.005,R0,quantile_regression_W,nearest,0.1,113,True,0.09734513274336283,0.09734513274336283,3,0,1,-5.0,-5.0,3.0,8.0,0,0
DS07,lstm_autoencoder,2,0.005,R0,quantile_regression_W,nearest,0.15,113,True,0.1504424778761062,0.1504424778761062,2,1,1,-1.0,1.0,3.0,2.0,0,0
DS07,lstm_autoencoder,2,0.005,R0,quantile_regression_W,nearest,0.2,113,True,0.20353982300884957,0.20353982300884957,2,0,2,-8.0,3.0,3.0,0.0,0,0
DS07,lstm_autoencoder,2,0.005,R0,quantile_regression_W,not_exceeding,0.025,113,True,0.017699115044247787,0.017699115044247787,2,1,1,-3.0,1.0,16.0,15.0,0,0
DS07,lstm_autoencoder,2,0.005,R0,quantile_regression_W,not_exceeding,0.05,113,True,0.04424778761061947,0.04424778761061947,1,2,1,0.0,0.0,11.0,11.0,0,0
DS07,lstm_autoencoder,2,0.005,R0,quantile_regression_W,not_exceeding,0.1,113,True,0.09734513274336283,0.09734513274336283,3,0,1,-5.0,-5.0,3.0,8.0,0,0
DS07,lstm_autoencoder,2,0.005,R0,quantile_regression_W,not_exceeding,0.15,113,False,0.1415929203539823,0.13274336283185842,2,0,2,-1.0,1.0,3.0,2.0,0,0
DS07,lstm_autoencoder,2,0.005,R0,quantile_regression_W,not_exceeding,0.2,113,True,0.19469026548672566,0.19469026548672566,2,0,2,-8.0,3.0,3.0,0.0,0,0
DS07,lstm_autoencoder,2,0.005,R1,phase_conditioned,nearest,0.025,113,True,0.02654867256637168,0.02654867256637168,1,3,0,0.0,-3.0,8.0,11.0,0,0
DS07,lstm_autoencoder,2,0.005,R1,phase_conditioned,nearest,0.05,113,True,0.05309734513274336,0.05309734513274336,0,3,1,0.0,0.0,8.0,8.0,0,0
DS07,lstm_autoencoder,2,0.005,R1,phase_conditioned,nearest,0.1,113,True,0.09734513274336283,0.09734513274336283,1,2,1,0.0,0.0,6.0,6.0,0,0
DS07,lstm_autoencoder,2,0.005,R1,phase_conditioned,nearest,0.15,113,True,0.1415929203539823,0.1504424778761062,3,1,0,-2.0,-1.0,5.0,6.0,0,0
DS07,lstm_autoencoder,2,0.005,R1,phase_conditioned,nearest,0.2,113,False,0.19469026548672566,0.17699115044247787,2,2,0,-5.0,-6.0,0.0,6.0,0,0
DS07,lstm_autoencoder,2,0.005,R1,phase_conditioned,not_exceeding,0.025,113,True,0.017699115044247787,0.017699115044247787,0,4,0,0.0,0.0,15.0,15.0,0,0
DS07,lstm_autoencoder,2,0.005,R1,phase_conditioned,not_exceeding,0.05,113,False,0.04424778761061947,0.035398230088495575,0,4,0,0.0,0.0,8.0,8.0,0,0
DS07,lstm_autoencoder,2,0.005,R1,phase_conditioned,not_exceeding,0.1,113,True,0.09734513274336283,0.09734513274336283,1,2,1,0.0,0.0,6.0,6.0,0,0
DS07,lstm_autoencoder,2,0.005,R1,phase_conditioned,not_exceeding,0.15,113,True,0.1415929203539823,0.1415929203539823,3,1,0,-2.0,-1.0,5.0,6.0,0,0
DS07,lstm_autoencoder,2,0.005,R1,phase_conditioned,not_exceeding,0.2,113,False,0.19469026548672566,0.17699115044247787,2,2,0,-5.0,-6.0,0.0,6.0,0,0
DS07,lstm_autoencoder,2,0.005,R1,quantile_regression_W,nearest,0.025,113,True,0.02654867256637168,0.02654867256637168,3,1,0,-6.0,0.0,11.0,11.0,0,0
DS07,lstm_autoencoder,2,0.005,R1,quantile_regression_W,nearest,0.05,113,True,0.05309734513274336,0.05309734513274336,3,0,1,-5.0,-5.0,3.0,8.0,0,0
DS07,lstm_autoencoder,2,0.005,R1,quantile_regression_W,nearest,0.1,113,True,0.09734513274336283,0.09734513274336283,3,0,1,-3.0,-3.0,3.0,6.0,0,0
DS07,lstm_autoencoder,2,0.005,R1,quantile_regression_W,nearest,0.15,113,True,0.1415929203539823,0.1504424778761062,3,0,1,-3.0,-3.0,3.0,6.0,0,0
DS07,lstm_autoencoder,2,0.005,R1,quantile_regression_W,nearest,0.2,113,True,0.19469026548672566,0.20353982300884957,3,0,1,-8.0,-3.0,3.0,6.0,0,0
DS07,lstm_autoencoder,2,0.005,R1,quantile_regression_W,not_exceeding,0.025,113,True,0.017699115044247787,0.017699115044247787,3,0,1,-3.0,4.0,19.0,15.0,0,0
DS07,lstm_autoencoder,2,0.005,R1,quantile_regression_W,not_exceeding,0.05,113,True,0.04424778761061947,0.04424778761061947,4,0,0,-5.0,-5.0,3.0,8.0,0,0
DS07,lstm_autoencoder,2,0.005,R1,quantile_regression_W,not_exceeding,0.1,113,True,0.09734513274336283,0.09734513274336283,3,0,1,-3.0,-3.0,3.0,6.0,0,0
DS07,lstm_autoencoder,2,0.005,R1,quantile_regression_W,not_exceeding,0.15,113,True,0.1415929203539823,0.1415929203539823,3,0,1,-3.0,-3.0,3.0,6.0,0,0
DS07,lstm_autoencoder,2,0.005,R1,quantile_regression_W,not_exceeding,0.2,113,True,0.19469026548672566,0.19469026548672566,3,0,1,-7.0,-3.0,3.0,6.0,0,0
DS07,lstm_autoencoder,2,0.005,R2,phase_conditioned,nearest,0.025,113,True,0.02654867256637168,0.02654867256637168,1,3,0,0.0,0.0,11.0,11.0,0,0
DS07,lstm_autoencoder,2,0.005,R2,phase_conditioned,nearest,0.05,113,True,0.05309734513274336,0.04424778761061947,1,2,1,0.0,0.0,11.0,11.0,0,0
DS07,lstm_autoencoder,2,0.005,R2,phase_conditioned,nearest,0.1,113,False,0.10619469026548672,0.08849557522123894,0,4,0,0.0,0.0,8.0,8.0,0,0
DS07,lstm_autoencoder,2,0.005,R2,phase_conditioned,nearest,0.15,113,True,0.1504424778761062,0.1504424778761062,0,4,0,0.0,0.0,2.0,2.0,0,0
DS07,lstm_autoencoder,2,0.005,R2,phase_conditioned,nearest,0.2,113,True,0.20353982300884957,0.20353982300884957,0,4,0,0.0,0.0,0.0,0.0,0,0
DS07,lstm_autoencoder,2,0.005,R2,phase_conditioned,not_exceeding,0.025,113,True,0.017699115044247787,0.017699115044247787,2,2,0,-4.0,-4.0,11.0,15.0,0,0
DS07,lstm_autoencoder,2,0.005,R2,phase_conditioned,not_exceeding,0.05,113,True,0.04424778761061947,0.04424778761061947,1,2,1,0.0,0.0,11.0,11.0,0,0
DS07,lstm_autoencoder,2,0.005,R2,phase_conditioned,not_exceeding,0.1,113,False,0.08849557522123894,0.08849557522123894,0,4,0,0.0,0.0,8.0,8.0,0,0
DS07,lstm_autoencoder,2,0.005,R2,phase_conditioned,not_exceeding,0.15,113,True,0.1415929203539823,0.1415929203539823,0,4,0,0.0,0.0,2.0,2.0,0,0
DS07,lstm_autoencoder,2,0.005,R2,phase_conditioned,not_exceeding,0.2,113,True,0.19469026548672566,0.19469026548672566,1,3,0,0.0,-1.0,0.0,1.0,0,0
DS07,lstm_autoencoder,2,0.005,R2,quantile_regression_W,nearest,0.025,113,True,0.02654867256637168,0.02654867256637168,3,1,0,-5.0,0.0,11.0,11.0,0,0
DS07,lstm_autoencoder,2,0.005,R2,quantile_regression_W,nearest,0.05,113,True,0.05309734513274336,0.05309734513274336,3,0,1,-5.0,-8.0,3.0,11.0,0,0
DS07,lstm_autoencoder,2,0.005,R2,quantile_regression_W,nearest,0.1,113,True,0.10619469026548672,0.09734513274336283,3,0,1,-5.0,-5.0,3.0,8.0,0,0
DS07,lstm_autoencoder,2,0.005,R2,quantile_regression_W,nearest,0.15,113,True,0.1504424778761062,0.1504424778761062,2,0,2,-1.0,1.0,3.0,2.0,0,0
DS07,lstm_autoencoder,2,0.005,R2,quantile_regression_W,nearest,0.2,113,True,0.20353982300884957,0.20353982300884957,2,0,2,-8.0,3.0,3.0,0.0,0,0
DS07,lstm_autoencoder,2,0.005,R2,quantile_regression_W,not_exceeding,0.025,113,True,0.017699115044247787,0.017699115044247787,3,0,1,-6.0,2.0,17.0,15.0,0,0
DS07,lstm_autoencoder,2,0.005,R2,quantile_regression_W,not_exceeding,0.05,113,True,0.04424778761061947,0.04424778761061947,3,0,1,-5.0,-8.0,3.0,11.0,0,0
DS07,lstm_autoencoder,2,0.005,R2,quantile_regression_W,not_exceeding,0.1,113,False,0.08849557522123894,0.09734513274336283,3,0,1,-5.0,-5.0,3.0,8.0,0,0
DS07,lstm_autoencoder,2,0.005,R2,quantile_regression_W,not_exceeding,0.15,113,True,0.1415929203539823,0.1415929203539823,2,0,2,-1.0,1.0,3.0,2.0,0,0
DS07,lstm_autoencoder,2,0.005,R2,quantile_regression_W,not_exceeding,0.2,113,True,0.19469026548672566,0.19469026548672566,2,1,1,-8.0,2.0,3.0,1.0,0,0
DS07,lstm_autoencoder,2,0.01,R0,phase_conditioned,nearest,0.025,113,True,0.017699115044247787,0.02654867256637168,0,4,0,0.0,0.0,11.0,11.0,0,0
DS07,lstm_autoencoder,2,0.01,R0,phase_conditioned,nearest,0.05,113,False,0.061946902654867256,0.05309734513274336,0,4,0,0.0,0.0,11.0,11.0,0,0
DS07,lstm_autoencoder,2,0.01,R0,phase_conditioned,nearest,0.1,113,True,0.09734513274336283,0.09734513274336283,0,3,1,0.0,1.0,10.0,9.0,0,0
DS07,lstm_autoencoder,2,0.01,R0,phase_conditioned,nearest,0.15,113,False,0.1504424778761062,0.168141592920354,1,1,2,0.0,2.0,4.0,2.0,0,0
DS07,lstm_autoencoder,2,0.01,R0,phase_conditioned,nearest,0.2,113,True,0.20353982300884957,0.20353982300884957,1,2,1,0.0,-1.0,1.0,2.0,0,0
DS07,lstm_autoencoder,2,0.01,R0,phase_conditioned,not_exceeding,0.025,113,True,0.017699115044247787,0.017699115044247787,0,4,0,0.0,0.0,11.0,11.0,0,0
DS07,lstm_autoencoder,2,0.01,R0,phase_conditioned,not_exceeding,0.05,113,False,0.017699115044247787,0.02654867256637168,0,4,0,0.0,0.0,11.0,11.0,0,0
DS07,lstm_autoencoder,2,0.01,R0,phase_conditioned,not_exceeding,0.1,113,True,0.09734513274336283,0.09734513274336283,0,3,1,0.0,1.0,10.0,9.0,0,0
DS07,lstm_autoencoder,2,0.01,R0,phase_conditioned,not_exceeding,0.15,113,False,0.1415929203539823,0.10619469026548672,1,2,1,0.0,2.0,4.0,2.0,0,0
DS07,lstm_autoencoder,2,0.01,R0,phase_conditioned,not_exceeding,0.2,113,True,0.19469026548672566,0.19469026548672566,1,3,0,0.0,-1.0,1.0,2.0,0,0
DS07,lstm_autoencoder,2,0.01,R0,quantile_regression_W,nearest,0.025,113,True,0.017699115044247787,0.02654867256637168,2,0,2,-2.0,1.0,12.0,11.0,0,0
DS07,lstm_autoencoder,2,0.01,R0,quantile_regression_W,nearest,0.05,113,False,0.061946902654867256,0.05309734513274336,2,0,2,-3.0,1.0,12.0,11.0,0,0
DS07,lstm_autoencoder,2,0.01,R0,quantile_regression_W,nearest,0.1,113,True,0.09734513274336283,0.09734513274336283,1,0,3,1.0,2.0,11.0,9.0,0,0
DS07,lstm_autoencoder,2,0.01,R0,quantile_regression_W,nearest,0.15,113,True,0.1504424778761062,0.1504424778761062,1,0,3,1.0,9.0,11.0,2.0,0,0
DS07,lstm_autoencoder,2,0.01,R0,quantile_regression_W,nearest,0.2,113,True,0.20353982300884957,0.20353982300884957,2,0,2,-1.0,1.0,3.0,2.0,0,0
DS07,lstm_autoencoder,2,0.01,R0,quantile_regression_W,not_exceeding,0.025,113,True,0.017699115044247787,0.017699115044247787,0,2,2,0.0,5.0,16.0,11.0,0,0
DS07,lstm_autoencoder,2,0.01,R0,quantile_regression_W,not_exceeding,0.05,113,False,0.017699115044247787,0.035398230088495575,2,0,2,-3.0,1.0,12.0,11.0,0,0
DS07,lstm_autoencoder,2,0.01,R0,quantile_regression_W,not_exceeding,0.1,113,True,0.09734513274336283,0.09734513274336283,1,0,3,1.0,2.0,11.0,9.0,0,0
DS07,lstm_autoencoder,2,0.01,R0,quantile_regression_W,not_exceeding,0.15,113,False,0.1415929203539823,0.13274336283185842,1,0,3,1.0,9.0,11.0,2.0,0,0
DS07,lstm_autoencoder,2,0.01,R0,quantile_regression_W,not_exceeding,0.2,113,True,0.19469026548672566,0.19469026548672566,2,0,2,-1.0,1.0,3.0,2.0,0,0
DS07,lstm_autoencoder,2,0.01,R1,phase_conditioned,nearest,0.025,113,True,0.02654867256637168,0.02654867256637168,0,4,0,0.0,0.0,15.0,15.0,0,0
DS07,lstm_autoencoder,2,0.01,R1,phase_conditioned,nearest,0.05,113,False,0.05309734513274336,0.035398230088495575,0,2,2,0.0,5.0,15.0,10.0,0,0
DS07,lstm_autoencoder,2,0.01,R1,phase_conditioned,nearest,0.1,113,True,0.09734513274336283,0.10619469026548672,1,1,2,0.0,-6.0,4.0,10.0,0,0
DS07,lstm_autoencoder,2,0.01,R1,phase_conditioned,nearest,0.15,113,False,0.1504424778761062,0.1592920353982301,1,2,1,0.0,-6.0,2.0,8.0,0,0
DS07,lstm_autoencoder,2,0.01,R1,phase_conditioned,nearest,0.2,113,True,0.20353982300884957,0.20353982300884957,2,2,0,-8.0,-7.0,1.0,8.0,0,0
DS07,lstm_autoencoder,2,0.01,R1,phase_conditioned,not_exceeding,0.025,113,False,0.017699115044247787,0.008849557522123894,0,4,0,0.0,0.0,15.0,15.0,0,0
DS07,lstm_autoencoder,2,0.01,R1,phase_conditioned,not_exceeding,0.05,113,False,0.04424778761061947,0.035398230088495575,0,3,1,0.0,4.0,15.0,11.0,0,0
DS07,lstm_autoencoder,2,0.01,R1,phase_conditioned,not_exceeding,0.1,113,False,0.09734513274336283,0.035398230088495575,0,2,2,0.0,5.0,15.0,10.0,0,0
DS07,lstm_autoencoder,2,0.01,R1,phase_conditioned,not_exceeding,0.15,113,False,0.12389380530973451,0.13274336283185842,1,2,1,0.0,-6.0,4.0,10.0,0,0
DS07,lstm_autoencoder,2,0.01,R1,phase_conditioned,not_exceeding,0.2,113,False,0.18584070796460178,0.19469026548672566,1,3,0,0.0,-6.0,2.0,8.0,0,0
DS07,lstm_autoencoder,2,0.01,R1,quantile_regression_W,nearest,0.025,113,True,0.02654867256637168,0.02654867256637168,2,1,1,-1.0,-3.0,12.0,15.0,0,0
DS07,lstm_autoencoder,2,0.01,R1,quantile_regression_W,nearest,0.05,113,True,0.05309734513274336,0.05309734513274336,2,0,2,-2.0,2.0,12.0,10.0,0,0
DS07,lstm_autoencoder,2,0.01,R1,quantile_regression_W,nearest,0.1,113,True,0.09734513274336283,0.09734513274336283,2,0,2,-3.0,1.0,11.0,10.0,0,0
DS07,lstm_autoencoder,2,0.01,R1,quantile_regression_W,nearest,0.15,113,True,0.1504424778761062,0.1504424778761062,2,2,0,-1.0,0.0,8.0,8.0,0,0
DS07,lstm_autoencoder,2,0.01,R1,quantile_regression_W,nearest,0.2,113,True,0.20353982300884957,0.19469026548672566,4,0,0,-5.0,-5.0,3.0,8.0,0,0
DS07,lstm_autoencoder,2,0.01,R1,quantile_regression_W,not_exceeding,0.025,113,True,0.017699115044247787,0.017699115044247787,1,2,1,0.0,2.0,17.0,15.0,0,0
DS07,lstm_autoencoder,2,0.01,R1,quantile_regression_W,not_exceeding,0.05,113,True,0.04424778761061947,0.04424778761061947,2,1,1,-1.0,1.0,12.0,11.0,0,0
DS07,lstm_autoencoder,2,0.01,R1,quantile_regression_W,not_exceeding,0.1,113,True,0.09734513274336283,0.09734513274336283,2,0,2,-3.0,1.0,11.0,10.0,0,0
DS07,lstm_autoencoder,2,0.01,R1,quantile_regression_W,not_exceeding,0.15,113,False,0.12389380530973451,0.1415929203539823,3,1,0,-2.0,-2.0,8.0,10.0,0,0
DS07,lstm_autoencoder,2,0.01,R1,quantile_regression_W,not_exceeding,0.2,113,False,0.18584070796460178,0.19469026548672566,4,0,0,-5.0,-5.0,3.0,8.0,0,0
DS07,lstm_autoencoder,2,0.01,R2,phase_conditioned,nearest,0.025,113,True,0.02654867256637168,0.02654867256637168,0,3,1,0.0,4.0,15.0,11.0,0,0
DS07,lstm_autoencoder,2,0.01,R2,phase_conditioned,nearest,0.05,113,True,0.05309734513274336,0.05309734513274336,1,3,0,0.0,0.0,10.0,10.0,0,0
DS07,lstm_autoencoder,2,0.01,R2,phase_conditioned,nearest,0.1,113,False,0.09734513274336283,0.12389380530973451,1,3,0,0.0,-5.0,4.0,9.0,0,0
DS07,lstm_autoencoder,2,0.01,R2,phase_conditioned,nearest,0.15,113,False,0.1504424778761062,0.1592920353982301,1,1,2,0.0,2.0,4.0,2.0,0,0
DS07,lstm_autoencoder,2,0.01,R2,phase_conditioned,nearest,0.2,113,True,0.20353982300884957,0.20353982300884957,1,2,1,0.0,0.0,1.0,1.0,0,0
DS07,lstm_autoencoder,2,0.01,R2,phase_conditioned,not_exceeding,0.025,113,False,0.008849557522123894,0.017699115044247787,0,3,1,0.0,4.0,15.0,11.0,0,0
DS07,lstm_autoencoder,2,0.01,R2,phase_conditioned,not_exceeding,0.05,113,True,0.04424778761061947,0.04424778761061947,1,2,1,0.0,3.0,14.0,11.0,0,0
DS07,lstm_autoencoder,2,0.01,R2,phase_conditioned,not_exceeding,0.1,113,False,0.09734513274336283,0.07079646017699115,0,3,1,0.0,1.0,10.0,9.0,0,0
DS07,lstm_autoencoder,2,0.01,R2,phase_conditioned,not_exceeding,0.15,113,False,0.1415929203539823,0.12389380530973451,1,2,1,0.0,-5.0,4.0,9.0,0,0
DS07,lstm_autoencoder,2,0.01,R2,phase_conditioned,not_exceeding,0.2,113,True,0.19469026548672566,0.19469026548672566,1,2,1,0.0,-1.0,1.0,2.0,0,0
DS07,lstm_autoencoder,2,0.01,R2,quantile_regression_W,nearest,0.025,113,True,0.02654867256637168,0.02654867256637168,2,0,2,-3.0,1.0,12.0,11.0,0,0
DS07,lstm_autoencoder,2,0.01,R2,quantile_regression_W,nearest,0.05,113,True,0.05309734513274336,0.04424778761061947,2,0,2,-3.0,2.0,12.0,10.0,0,0
DS07,lstm_autoencoder,2,0.01,R2,quantile_regression_W,nearest,0.1,113,True,0.09734513274336283,0.09734513274336283,1,0,3,1.0,2.0,11.0,9.0,0,0
DS07,lstm_autoencoder,2,0.01,R2,quantile_regression_W,nearest,0.15,113,True,0.1504424778761062,0.1504424778761062,2,0,2,-1.0,1.0,3.0,2.0,0,0
DS07,lstm_autoencoder,2,0.01,R2,quantile_regression_W,nearest,0.2,113,True,0.20353982300884957,0.20353982300884957,1,0,3,1.0,2.0,3.0,1.0,0,0
DS07,lstm_autoencoder,2,0.01,R2,quantile_regression_W,not_exceeding,0.025,113,False,0.008849557522123894,0.017699115044247787,0,2,2,0.0,6.0,17.0,11.0,0,0
DS07,lstm_autoencoder,2,0.01,R2,quantile_regression_W,not_exceeding,0.05,113,True,0.04424778761061947,0.04424778761061947,2,0,2,-3.0,1.0,12.0,11.0,0,0
DS07,lstm_autoencoder,2,0.01,R2,quantile_regression_W,not_exceeding,0.1,113,True,0.09734513274336283,0.09734513274336283,1,0,3,1.0,2.0,11.0,9.0,0,0
DS07,lstm_autoencoder,2,0.01,R2,quantile_regression_W,not_exceeding,0.15,113,False,0.1415929203539823,0.13274336283185842,1,1,2,0.0,2.0,11.0,9.0,0,0
DS07,lstm_autoencoder,2,0.01,R2,quantile_regression_W,not_exceeding,0.2,113,True,0.19469026548672566,0.19469026548672566,2,0,2,-1.0,1.0,3.0,2.0,0,0
DS07,lstm_autoencoder,2,0.02,R0,phase_conditioned,nearest,0.025,113,True,0.02654867256637168,0.02654867256637168,0,4,0,0.0,0.0,10.0,10.0,0,0
DS07,lstm_autoencoder,2,0.02,R0,phase_conditioned,nearest,0.05,113,True,0.05309734513274336,0.05309734513274336,0,4,0,0.0,0.0,10.0,10.0,0,0
DS07,lstm_autoencoder,2,0.02,R0,phase_conditioned,nearest,0.1,113,True,0.09734513274336283,0.10619469026548672,0,4,0,0.0,0.0,2.0,2.0,0,0
DS07,lstm_autoencoder,2,0.02,R0,phase_conditioned,nearest,0.15,113,True,0.1415929203539823,0.1415929203539823,0,4,0,0.0,0.0,2.0,2.0,0,0
DS07,lstm_autoencoder,2,0.02,R0,phase_conditioned,nearest,0.2,113,True,0.20353982300884957,0.20353982300884957,1,3,0,0.0,0.0,1.0,1.0,0,0
DS07,lstm_autoencoder,2,0.02,R0,phase_conditioned,not_exceeding,0.025,113,False,0.017699115044247787,0.008849557522123894,0,4,0,0.0,0.0,10.0,10.0,0,0
DS07,lstm_autoencoder,2,0.02,R0,phase_conditioned,not_exceeding,0.05,113,False,0.04424778761061947,0.02654867256637168,0,4,0,0.0,0.0,10.0,10.0,0,0
DS07,lstm_autoencoder,2,0.02,R0,phase_conditioned,not_exceeding,0.1,113,False,0.09734513274336283,0.08849557522123894,0,2,2,0.0,7.0,9.0,2.0,0,0
DS07,lstm_autoencoder,2,0.02,R0,phase_conditioned,not_exceeding,0.15,113,True,0.1415929203539823,0.1415929203539823,0,4,0,0.0,0.0,2.0,2.0,0,0
DS07,lstm_autoencoder,2,0.02,R0,phase_conditioned,not_exceeding,0.2,113,True,0.19469026548672566,0.19469026548672566,0,4,0,0.0,0.0,1.0,1.0,0,0
DS07,lstm_autoencoder,2,0.02,R0,quantile_regression_W,nearest,0.025,113,True,0.02654867256637168,0.02654867256637168,0,1,3,1.0,6.0,16.0,10.0,0,0
DS07,lstm_autoencoder,2,0.02,R0,quantile_regression_W,nearest,0.05,113,True,0.05309734513274336,0.05309734513274336,1,1,2,0.0,2.0,12.0,10.0,0,0
DS07,lstm_autoencoder,2,0.02,R0,quantile_regression_W,nearest,0.1,113,True,0.09734513274336283,0.09734513274336283,1,0,3,5.0,4.0,6.0,2.0,0,0
DS07,lstm_autoencoder,2,0.02,R0,quantile_regression_W,nearest,0.15,113,True,0.1415929203539823,0.1504424778761062,2,0,2,-3.0,1.0,3.0,2.0,0,0
DS07,lstm_autoencoder,2,0.02,R0,quantile_regression_W,nearest,0.2,113,True,0.20353982300884957,0.20353982300884957,1,0,3,1.0,2.0,3.0,1.0,0,0
DS07,lstm_autoencoder,2,0.02,R0,quantile_regression_W,not_exceeding,0.025,113,True,0.017699115044247787,0.017699115044247787,0,1,3,1.0,6.0,16.0,10.0,0,0
DS07,lstm_autoencoder,2,0.02,R0,quantile_regression_W,not_exceeding,0.05,113,True,0.04424778761061947,0.04424778761061947,0,1,3,1.0,6.0,16.0,10.0,0,0
DS07,lstm_autoencoder,2,0.02,R0,quantile_regression_W,not_exceeding,0.1,113,True,0.09734513274336283,0.09734513274336283,1,0,3,5.0,4.0,6.0,2.0,0,0
DS07,lstm_autoencoder,2,0.02,R0,quantile_regression_W,not_exceeding,0.15,113,True,0.1415929203539823,0.1415929203539823,2,0,2,-3.0,1.0,3.0,2.0,0,0
DS07,lstm_autoencoder,2,0.02,R0,quantile_regression_W,not_exceeding,0.2,113,True,0.19469026548672566,0.19469026548672566,1,0,3,1.0,2.0,3.0,1.0,0,0
DS07,lstm_autoencoder,2,0.02,R1,phase_conditioned,nearest,0.025,113,False,0.035398230088495575,0.02654867256637168,0,4,0,0.0,0.0,10.0,10.0,0,0
DS07,lstm_autoencoder,2,0.02,R1,phase_conditioned,nearest,0.05,113,True,0.05309734513274336,0.05309734513274336,1,3,0,0.0,-1.0,9.0,10.0,0,0
DS07,lstm_autoencoder,2,0.02,R1,phase_conditioned,nearest,0.1,113,True,0.09734513274336283,0.09734513274336283,0,4,0,0.0,0.0,9.0,9.0,0,0
DS07,lstm_autoencoder,2,0.02,R1,phase_conditioned,nearest,0.15,113,False,0.1415929203539823,0.168141592920354,1,3,0,0.0,-1.0,1.0,2.0,0,0
DS07,lstm_autoencoder,2,0.02,R1,phase_conditioned,nearest,0.2,113,True,0.20353982300884957,0.20353982300884957,0,4,0,0.0,0.0,1.0,1.0,0,0
DS07,lstm_autoencoder,2,0.02,R1,phase_conditioned,not_exceeding,0.025,113,False,0.008849557522123894,0.0,0,0,4,inf,inf,inf,10.0,0,4
DS07,lstm_autoencoder,2,0.02,R1,phase_conditioned,not_exceeding,0.05,113,True,0.04424778761061947,0.04424778761061947,0,4,0,0.0,0.0,10.0,10.0,0,0
DS07,lstm_autoencoder,2,0.02,R1,phase_conditioned,not_exceeding,0.1,113,True,0.09734513274336283,0.09734513274336283,0,4,0,0.0,0.0,9.0,9.0,0,0
DS07,lstm_autoencoder,2,0.02,R1,phase_conditioned,not_exceeding,0.15,113,False,0.1415929203539823,0.12389380530973451,1,3,0,0.0,-1.0,1.0,2.0,0,0
DS07,lstm_autoencoder,2,0.02,R1,phase_conditioned,not_exceeding,0.2,113,False,0.1415929203539823,0.19469026548672566,1,3,0,0.0,-1.0,1.0,2.0,0,0
DS07,lstm_autoencoder,2,0.02,R1,quantile_regression_W,nearest,0.025,113,False,0.035398230088495575,0.02654867256637168,0,2,2,0.0,7.0,17.0,10.0,0,0
DS07,lstm_autoencoder,2,0.02,R1,quantile_regression_W,nearest,0.05,113,True,0.05309734513274336,0.05309734513274336,1,1,2,0.0,2.0,12.0,10.0,0,0
DS07,lstm_autoencoder,2,0.02,R1,quantile_regression_W,nearest,0.1,113,True,0.09734513274336283,0.09734513274336283,3,0,1,-5.0,-6.0,3.0,9.0,0,0
DS07,lstm_autoencoder,2,0.02,R1,quantile_regression_W,nearest,0.15,113,True,0.1415929203539823,0.1504424778761062,2,0,2,-3.0,1.0,3.0,2.0,0,0
DS07,lstm_autoencoder,2,0.02,R1,quantile_regression_W,nearest,0.2,113,True,0.20353982300884957,0.20353982300884957,2,0,2,-3.0,2.0,3.0,1.0,0,0
DS07,lstm_autoencoder,2,0.02,R1,quantile_regression_W,not_exceeding,0.025,113,False,0.008849557522123894,0.017699115044247787,0,2,2,0.0,9.0,19.0,10.0,0,0
DS07,lstm_autoencoder,2,0.02,R1,quantile_regression_W,not_exceeding,0.05,113,True,0.04424778761061947,0.04424778761061947,0,2,2,0.0,7.0,17.0,10.0,0,0
DS07,lstm_autoencoder,2,0.02,R1,quantile_regression_W,not_exceeding,0.1,113,True,0.09734513274336283,0.09734513274336283,3,0,1,-5.0,-6.0,3.0,9.0,0,0
DS07,lstm_autoencoder,2,0.02,R1,quantile_regression_W,not_exceeding,0.15,113,False,0.1415929203539823,0.13274336283185842,2,0,2,-3.0,1.0,3.0,2.0,0,0
DS07,lstm_autoencoder,2,0.02,R1,quantile_regression_W,not_exceeding,0.2,113,False,0.1415929203539823,0.18584070796460178,2,0,2,-3.0,1.0,3.0,2.0,0,0
DS07,lstm_autoencoder,2,0.02,R2,phase_conditioned,nearest,0.025,113,True,0.02654867256637168,0.02654867256637168,0,4,0,0.0,0.0,10.0,10.0,0,0
DS07,lstm_autoencoder,2,0.02,R2,phase_conditioned,nearest,0.05,113,True,0.05309734513274336,0.05309734513274336,1,3,0,0.0,0.0,10.0,10.0,0,0
DS07,lstm_autoencoder,2,0.02,R2,phase_conditioned,nearest,0.1,113,True,0.09734513274336283,0.09734513274336283,1,3,0,0.0,-2.0,2.0,4.0,0,0
DS07,lstm_autoencoder,2,0.02,R2,phase_conditioned,nearest,0.15,113,True,0.1504424778761062,0.1415929203539823,0,4,0,0.0,0.0,2.0,2.0,0,0
DS07,lstm_autoencoder,2,0.02,R2,phase_conditioned,nearest,0.2,113,True,0.19469026548672566,0.19469026548672566,1,2,1,0.0,0.0,1.0,1.0,0,0
DS07,lstm_autoencoder,2,0.02,R2,phase_conditioned,not_exceeding,0.025,113,False,0.008849557522123894,0.008849557522123894,0,4,0,0.0,0.0,10.0,10.0,0,0
DS07,lstm_autoencoder,2,0.02,R2,phase_conditioned,not_exceeding,0.05,113,False,0.035398230088495575,0.04424778761061947,0,4,0,0.0,0.0,10.0,10.0,0,0
DS07,lstm_autoencoder,2,0.02,R2,phase_conditioned,not_exceeding,0.1,113,True,0.09734513274336283,0.09734513274336283,1,3,0,0.0,-2.0,2.0,4.0,0,0
DS07,lstm_autoencoder,2,0.02,R2,phase_conditioned,not_exceeding,0.15,113,True,0.1415929203539823,0.1415929203539823,0,4,0,0.0,0.0,2.0,2.0,0,0
DS07,lstm_autoencoder,2,0.02,R2,phase_conditioned,not_exceeding,0.2,113,True,0.19469026548672566,0.19469026548672566,1,2,1,0.0,0.0,1.0,1.0,0,0
DS07,lstm_autoencoder,2,0.02,R2,quantile_regression_W,nearest,0.025,113,True,0.02654867256637168,0.02654867256637168,0,2,2,0.0,6.0,16.0,10.0,0,0
DS07,lstm_autoencoder,2,0.02,R2,quantile_regression_W,nearest,0.05,113,True,0.05309734513274336,0.05309734513274336,2,0,2,-3.0,2.0,12.0,10.0,0,0
DS07,lstm_autoencoder,2,0.02,R2,quantile_regression_W,nearest,0.1,113,True,0.09734513274336283,0.10619469026548672,3,0,1,-5.0,-1.0,3.0,4.0,0,0
DS07,lstm_autoencoder,2,0.02,R2,quantile_regression_W,nearest,0.15,113,True,0.1504424778761062,0.1415929203539823,2,0,2,-3.0,1.0,3.0,2.0,0,0
DS07,lstm_autoencoder,2,0.02,R2,quantile_regression_W,nearest,0.2,113,True,0.19469026548672566,0.20353982300884957,1,1,2,0.0,2.0,3.0,1.0,0,0
DS07,lstm_autoencoder,2,0.02,R2,quantile_regression_W,not_exceeding,0.025,113,False,0.008849557522123894,0.017699115044247787,0,2,2,0.0,6.0,16.0,10.0,0,0
DS07,lstm_autoencoder,2,0.02,R2,quantile_regression_W,not_exceeding,0.05,113,False,0.035398230088495575,0.04424778761061947,0,2,2,0.0,6.0,16.0,10.0,0,0
DS07,lstm_autoencoder,2,0.02,R2,quantile_regression_W,not_exceeding,0.1,113,False,0.09734513274336283,0.08849557522123894,3,0,1,-5.0,-1.0,3.0,4.0,0,0
DS07,lstm_autoencoder,2,0.02,R2,quantile_regression_W,not_exceeding,0.15,113,True,0.1415929203539823,0.1415929203539823,2,0,2,-3.0,1.0,3.0,2.0,0,0
DS07,lstm_autoencoder,2,0.02,R2,quantile_regression_W,not_exceeding,0.2,113,True,0.19469026548672566,0.19469026548672566,1,1,2,0.0,2.0,3.0,1.0,0,0
DS07,cvae,0,0.005,R0,phase_conditioned,nearest,0.025,113,True,0.02654867256637168,0.02654867256637168,1,3,0,0.0,0.0,10.0,10.0,0,0
DS07,cvae,0,0.005,R0,phase_conditioned,nearest,0.05,113,False,0.05309734513274336,0.035398230088495575,0,4,0,0.0,0.0,10.0,10.0,0,0
DS07,cvae,0,0.005,R0,phase_conditioned,nearest,0.1,113,True,0.09734513274336283,0.10619469026548672,1,1,2,0.0,4.0,10.0,6.0,0,0
DS07,cvae,0,0.005,R0,phase_conditioned,nearest,0.15,113,False,0.1592920353982301,0.1504424778761062,1,2,1,0.0,4.0,10.0,6.0,0,0
DS07,cvae,0,0.005,R0,phase_conditioned,nearest,0.2,113,True,0.20353982300884957,0.20353982300884957,0,2,2,0.0,2.0,3.0,1.0,0,0
DS07,cvae,0,0.005,R0,phase_conditioned,not_exceeding,0.025,113,True,0.017699115044247787,0.017699115044247787,1,3,0,0.0,0.0,10.0,10.0,0,0
DS07,cvae,0,0.005,R0,phase_conditioned,not_exceeding,0.05,113,False,0.035398230088495575,0.035398230088495575,1,3,0,0.0,0.0,10.0,10.0,0,0
DS07,cvae,0,0.005,R0,phase_conditioned,not_exceeding,0.1,113,False,0.09734513274336283,0.07964601769911504,0,2,2,0.0,4.0,10.0,6.0,0,0
DS07,cvae,0,0.005,R0,phase_conditioned,not_exceeding,0.15,113,False,0.12389380530973451,0.1415929203539823,1,2,1,0.0,4.0,10.0,6.0,0,0
DS07,cvae,0,0.005,R0,phase_conditioned,not_exceeding,0.2,113,True,0.19469026548672566,0.19469026548672566,0,2,2,0.0,1.0,3.0,2.0,0,0
DS07,cvae,0,0.005,R0,quantile_regression_W,nearest,0.025,113,True,0.02654867256637168,0.02654867256637168,2,1,1,-13.0,6.0,16.0,10.0,0,0
DS07,cvae,0,0.005,R0,quantile_regression_W,nearest,0.05,113,True,0.05309734513274336,0.05309734513274336,1,1,2,0.0,6.0,16.0,10.0,0,0
DS07,cvae,0,0.005,R0,quantile_regression_W,nearest,0.1,113,True,0.09734513274336283,0.10619469026548672,1,1,2,0.0,3.0,9.0,6.0,0,0
DS07,cvae,0,0.005,R0,quantile_regression_W,nearest,0.15,113,False,0.1592920353982301,0.1504424778761062,2,0,2,-8.0,-3.0,3.0,6.0,0,0
DS07,cvae,0,0.005,R0,quantile_regression_W,nearest,0.2,113,True,0.20353982300884957,0.20353982300884957,0,2,2,0.0,2.0,3.0,1.0,0,0
DS07,cvae,0,0.005,R0,quantile_regression_W,not_exceeding,0.025,113,True,0.017699115044247787,0.017699115044247787,2,1,1,-13.0,6.0,16.0,10.0,0,0
DS07,cvae,0,0.005,R0,quantile_regression_W,not_exceeding,0.05,113,False,0.035398230088495575,0.04424778761061947,2,1,1,-13.0,6.0,16.0,10.0,0,0
DS07,cvae,0,0.005,R0,quantile_regression_W,not_exceeding,0.1,113,False,0.09734513274336283,0.08849557522123894,1,1,2,0.0,3.0,9.0,6.0,0,0
DS07,cvae,0,0.005,R0,quantile_regression_W,not_exceeding,0.15,113,False,0.12389380530973451,0.10619469026548672,1,1,2,0.0,3.0,9.0,6.0,0,0
DS07,cvae,0,0.005,R0,quantile_regression_W,not_exceeding,0.2,113,True,0.19469026548672566,0.19469026548672566,0,3,1,0.0,1.0,3.0,2.0,0,0
DS07,cvae,0,0.005,R1,phase_conditioned,nearest,0.025,113,True,0.02654867256637168,0.02654867256637168,1,2,1,0.0,0.0,10.0,10.0,0,0
DS07,cvae,0,0.005,R1,phase_conditioned,nearest,0.05,113,False,0.035398230088495575,0.04424778761061947,1,3,0,0.0,0.0,10.0,10.0,0,0
DS07,cvae,0,0.005,R1,phase_conditioned,nearest,0.1,113,True,0.09734513274336283,0.09734513274336283,0,3,1,0.0,4.0,10.0,6.0,0,0
DS07,cvae,0,0.005,R1,phase_conditioned,nearest,0.15,113,False,0.1415929203539823,0.1592920353982301,1,3,0,0.0,0.0,6.0,6.0,0,0
DS07,cvae,0,0.005,R1,phase_conditioned,nearest,0.2,113,False,0.21238938053097345,0.19469026548672566,0,1,3,4.0,4.0,5.0,1.0,0,0
DS07,cvae,0,0.005,R1,phase_conditioned,not_exceeding,0.025,113,True,0.017699115044247787,0.017699115044247787,1,2,1,0.0,0.0,10.0,10.0,0,0
DS07,cvae,0,0.005,R1,phase_conditioned,not_exceeding,0.05,113,False,0.035398230088495575,0.04424778761061947,1,3,0,0.0,0.0,10.0,10.0,0,0
DS07,cvae,0,0.005,R1,phase_conditioned,not_exceeding,0.1,113,True,0.09734513274336283,0.09734513274336283,0,3,1,0.0,4.0,10.0,6.0,0,0
DS07,cvae,0,0.005,R1,phase_conditioned,not_exceeding,0.15,113,False,0.1415929203539823,0.12389380530973451,1,2,1,0.0,4.0,10.0,6.0,0,0
DS07,cvae,0,0.005,R1,phase_conditioned,not_exceeding,0.2,113,False,0.168141592920354,0.19469026548672566,1,2,1,0.0,4.0,5.0,1.0,0,0
DS07,cvae,0,0.005,R1,quantile_regression_W,nearest,0.025,113,True,0.02654867256637168,0.02654867256637168,2,1,1,-13.0,6.0,16.0,10.0,0,0
DS07,cvae,0,0.005,R1,quantile_regression_W,nearest,0.05,113,False,0.035398230088495575,0.05309734513274336,3,1,0,-13.0,-1.0,9.0,10.0,0,0
DS07,cvae,0,0.005,R1,quantile_regression_W,nearest,0.1,113,False,0.09734513274336283,0.08849557522123894,1,0,3,2.0,3.0,9.0,6.0,0,0
DS07,cvae,0,0.005,R1,quantile_regression_W,nearest,0.15,113,True,0.1415929203539823,0.1415929203539823,2,0,2,-8.0,-3.0,3.0,6.0,0,0
DS07,cvae,0,0.005,R1,quantile_regression_W,nearest,0.2,113,False,0.21238938053097345,0.20353982300884957,0,2,2,0.0,2.0,3.0,1.0,0,0
DS07,cvae,0,0.005,R1,quantile_regression_W,not_exceeding,0.025,113,False,0.017699115044247787,0.008849557522123894,2,1,1,-1.0,17.0,27.0,10.0,0,0
DS07,cvae,0,0.005,R1,quantile_regression_W,not_exceeding,0.05,113,False,0.035398230088495575,0.04424778761061947,2,1,1,-13.0,6.0,16.0,10.0,0,0
DS07,cvae,0,0.005,R1,quantile_regression_W,not_exceeding,0.1,113,False,0.09734513274336283,0.08849557522123894,1,0,3,2.0,3.0,9.0,6.0,0,0
DS07,cvae,0,0.005,R1,quantile_regression_W,not_exceeding,0.15,113,True,0.1415929203539823,0.1415929203539823,2,0,2,-8.0,-3.0,3.0,6.0,0,0
DS07,cvae,0,0.005,R1,quantile_regression_W,not_exceeding,0.2,113,False,0.168141592920354,0.19469026548672566,2,0,2,-8.0,2.0,3.0,1.0,0,0
DS07,cvae,0,0.005,R2,phase_conditioned,nearest,0.025,113,True,0.02654867256637168,0.02654867256637168,1,2,1,0.0,0.0,10.0,10.0,0,0
DS07,cvae,0,0.005,R2,phase_conditioned,nearest,0.05,113,False,0.05309734513274336,0.035398230088495575,0,4,0,0.0,0.0,10.0,10.0,0,0
DS07,cvae,0,0.005,R2,phase_conditioned,nearest,0.1,113,True,0.09734513274336283,0.10619469026548672,0,3,1,0.0,4.0,10.0,6.0,0,0
DS07,cvae,0,0.005,R2,phase_conditioned,nearest,0.15,113,True,0.1504424778761062,0.1504424778761062,1,2,1,0.0,8.0,10.0,2.0,0,0
DS07,cvae,0,0.005,R2,phase_conditioned,nearest,0.2,113,True,0.20353982300884957,0.20353982300884957,1,1,2,0.0,1.0,3.0,2.0,0,0
DS07,cvae,0,0.005,R2,phase_conditioned,not_exceeding,0.025,113,True,0.017699115044247787,0.017699115044247787,1,2,1,0.0,0.0,10.0,10.0,0,0
DS07,cvae,0,0.005,R2,phase_conditioned,not_exceeding,0.05,113,False,0.035398230088495575,0.035398230088495575,1,3,0,0.0,0.0,10.0,10.0,0,0
DS07,cvae,0,0.005,R2,phase_conditioned,not_exceeding,0.1,113,False,0.09734513274336283,0.08849557522123894,0,2,2,0.0,4.0,10.0,6.0,0,0
DS07,cvae,0,0.005,R2,phase_conditioned,not_exceeding,0.15,113,False,0.12389380530973451,0.1415929203539823,1,2,1,0.0,8.0,10.0,2.0,0,0
DS07,cvae,0,0.005,R2,phase_conditioned,not_exceeding,0.2,113,False,0.19469026548672566,0.18584070796460178,1,0,3,5.0,4.0,6.0,2.0,0,0
DS07,cvae,0,0.005,R2,quantile_regression_W,nearest,0.025,113,False,0.02654867256637168,0.035398230088495575,2,1,1,-13.0,6.0,16.0,10.0,0,0
DS07,cvae,0,0.005,R2,quantile_regression_W,nearest,0.05,113,True,0.05309734513274336,0.05309734513274336,2,1,1,-1.0,-1.0,9.0,10.0,0,0
DS07,cvae,0,0.005,R2,quantile_regression_W,nearest,0.1,113,True,0.09734513274336283,0.10619469026548672,1,1,2,0.0,3.0,9.0,6.0,0,0
DS07,cvae,0,0.005,R2,quantile_regression_W,nearest,0.15,113,True,0.1504424778761062,0.1504424778761062,1,1,2,0.0,7.0,9.0,2.0,0,0
DS07,cvae,0,0.005,R2,quantile_regression_W,nearest,0.2,113,True,0.20353982300884957,0.19469026548672566,0,3,1,0.0,1.0,3.0,2.0,0,0
DS07,cvae,0,0.005,R2,quantile_regression_W,not_exceeding,0.025,113,False,0.017699115044247787,0.008849557522123894,2,1,1,-13.0,6.0,16.0,10.0,0,0
DS07,cvae,0,0.005,R2,quantile_regression_W,not_exceeding,0.05,113,False,0.035398230088495575,0.04424778761061947,2,1,1,-13.0,6.0,16.0,10.0,0,0
DS07,cvae,0,0.005,R2,quantile_regression_W,not_exceeding,0.1,113,False,0.09734513274336283,0.07964601769911504,1,1,2,0.0,3.0,9.0,6.0,0,0
DS07,cvae,0,0.005,R2,quantile_regression_W,not_exceeding,0.15,113,False,0.12389380530973451,0.1415929203539823,1,1,2,0.0,7.0,9.0,2.0,0,0
DS07,cvae,0,0.005,R2,quantile_regression_W,not_exceeding,0.2,113,True,0.19469026548672566,0.19469026548672566,0,3,1,0.0,1.0,3.0,2.0,0,0
DS07,cvae,0,0.01,R0,phase_conditioned,nearest,0.025,113,True,0.02654867256637168,0.02654867256637168,1,3,0,0.0,0.0,10.0,10.0,0,0
DS07,cvae,0,0.01,R0,phase_conditioned,nearest,0.05,113,False,0.035398230088495575,0.035398230088495575,1,2,1,0.0,0.0,10.0,10.0,0,0
DS07,cvae,0,0.01,R0,phase_conditioned,nearest,0.1,113,True,0.09734513274336283,0.10619469026548672,1,1,2,0.0,4.0,10.0,6.0,0,0
DS07,cvae,0,0.01,R0,phase_conditioned,nearest,0.15,113,True,0.1504424778761062,0.1504424778761062,1,1,2,0.0,3.0,6.0,3.0,0,0
DS07,cvae,0,0.01,R0,phase_conditioned,nearest,0.2,113,True,0.20353982300884957,0.19469026548672566,0,4,0,0.0,0.0,3.0,3.0,0,0
DS07,cvae,0,0.01,R0,phase_conditioned,not_exceeding,0.025,113,False,0.008849557522123894,0.017699115044247787,1,3,0,0.0,0.0,10.0,10.0,0,0
DS07,cvae,0,0.01,R0,phase_conditioned,not_exceeding,0.05,113,False,0.035398230088495575,0.035398230088495575,1,2,1,0.0,0.0,10.0,10.0,0,0
DS07,cvae,0,0.01,R0,phase_conditioned,not_exceeding,0.1,113,False,0.09734513274336283,0.08849557522123894,1,0,3,2.0,4.0,10.0,6.0,0,0
DS07,cvae,0,0.01,R0,phase_conditioned,not_exceeding,0.15,113,False,0.13274336283185842,0.1415929203539823,1,2,1,0.0,0.0,6.0,6.0,0,0
DS07,cvae,0,0.01,R0,phase_conditioned,not_exceeding,0.2,113,False,0.18584070796460178,0.19469026548672566,0,4,0,0.0,0.0,3.0,3.0,0,0
DS07,cvae,0,0.01,R0,quantile_regression_W,nearest,0.025,113,False,0.02654867256637168,0.035398230088495575,2,1,1,-12.0,6.0,16.0,10.0,0,0
DS07,cvae,0,0.01,R0,quantile_regression_W,nearest,0.05,113,False,0.035398230088495575,0.04424778761061947,1,1,2,0.0,6.0,16.0,10.0,0,0
DS07,cvae,0,0.01,R0,quantile_regression_W,nearest,0.1,113,True,0.09734513274336283,0.09734513274336283,1,1,2,0.0,5.0,11.0,6.0,0,0
DS07,cvae,0,0.01,R0,quantile_regression_W,nearest,0.15,113,True,0.1504424778761062,0.1504424778761062,1,1,2,0.0,0.0,3.0,3.0,0,0
DS07,cvae,0,0.01,R0,quantile_regression_W,nearest,0.2,113,True,0.20353982300884957,0.20353982300884957,0,3,1,0.0,0.0,3.0,3.0,0,0
DS07,cvae,0,0.01,R0,quantile_regression_W,not_exceeding,0.025,113,False,0.008849557522123894,0.008849557522123894,2,1,1,-12.0,6.0,16.0,10.0,0,0
DS07,cvae,0,0.01,R0,quantile_regression_W,not_exceeding,0.05,113,False,0.035398230088495575,0.04424778761061947,1,1,2,0.0,6.0,16.0,10.0,0,0
DS07,cvae,0,0.01,R0,quantile_regression_W,not_exceeding,0.1,113,True,0.09734513274336283,0.09734513274336283,1,1,2,0.0,5.0,11.0,6.0,0,0
DS07,cvae,0,0.01,R0,quantile_regression_W,not_exceeding,0.15,113,False,0.13274336283185842,0.1415929203539823,2,0,2,-5.0,-2.0,4.0,6.0,0,0
DS07,cvae,0,0.01,R0,quantile_regression_W,not_exceeding,0.2,113,False,0.18584070796460178,0.18584070796460178,0,3,1,0.0,0.0,3.0,3.0,0,0
DS07,cvae,0,0.01,R1,phase_conditioned,nearest,0.025,113,True,0.02654867256637168,0.02654867256637168,1,3,0,0.0,0.0,10.0,10.0,0,0
DS07,cvae,0,0.01,R1,phase_conditioned,nearest,0.05,113,False,0.061946902654867256,0.035398230088495575,1,1,2,0.0,4.0,10.0,6.0,0,0
DS07,cvae,0,0.01,R1,phase_conditioned,nearest,0.1,113,False,0.09734513274336283,0.08849557522123894,1,2,1,0.0,0.0,6.0,6.0,0,0
DS07,cvae,0,0.01,R1,phase_conditioned,nearest,0.15,113,True,0.1504424778761062,0.1415929203539823,1,3,0,0.0,0.0,6.0,6.0,0,0
DS07,cvae,0,0.01,R1,phase_conditioned,nearest,0.2,113,True,0.19469026548672566,0.20353982300884957,0,1,3,1.0,3.0,6.0,3.0,0,0
DS07,cvae,0,0.01,R1,phase_conditioned,not_exceeding,0.025,113,False,0.017699115044247787,0.008849557522123894,2,2,0,-1.0,0.0,10.0,10.0,0,0
DS07,cvae,0,0.01,R1,phase_conditioned,not_exceeding,0.05,113,False,0.035398230088495575,0.035398230088495575,1,3,0,0.0,0.0,10.0,10.0,0,0
DS07,cvae,0,0.01,R1,phase_conditioned,not_exceeding,0.1,113,False,0.09734513274336283,0.08849557522123894,1,2,1,0.0,0.0,6.0,6.0,0,0
DS07,cvae,0,0.01,R1,phase_conditioned,not_exceeding,0.15,113,True,0.1415929203539823,0.1415929203539823,1,3,0,0.0,0.0,6.0,6.0,0,0
DS07,cvae,0,0.01,R1,phase_conditioned,not_exceeding,0.2,113,False,0.19469026548672566,0.1592920353982301,0,1,3,1.0,3.0,6.0,3.0,0,0
DS07,cvae,0,0.01,R1,quantile_regression_W,nearest,0.025,113,False,0.02654867256637168,0.008849557522123894,2,1,1,-1.0,17.0,27.0,10.0,0,0
DS07,cvae,0,0.01,R1,quantile_regression_W,nearest,0.05,113,False,0.061946902654867256,0.05309734513274336,1,1,2,0.0,10.0,16.0,6.0,0,0
DS07,cvae,0,0.01,R1,quantile_regression_W,nearest,0.1,113,True,0.09734513274336283,0.09734513274336283,1,1,2,0.0,3.0,9.0,6.0,0,0
DS07,cvae,0,0.01,R1,quantile_regression_W,nearest,0.15,113,True,0.1504424778761062,0.1504424778761062,1,2,1,0.0,2.0,8.0,6.0,0,0
DS07,cvae,0,0.01,R1,quantile_regression_W,nearest,0.2,113,True,0.19469026548672566,0.20353982300884957,0,2,2,0.0,0.0,3.0,3.0,0,0
DS07,cvae,0,0.01,R1,quantile_regression_W,not_exceeding,0.025,113,False,0.017699115044247787,0.008849557522123894,2,1,1,-1.0,17.0,27.0,10.0,0,0
DS07,cvae,0,0.01,R1,quantile_regression_W,not_exceeding,0.05,113,False,0.035398230088495575,0.04424778761061947,2,1,1,-12.0,6.0,16.0,10.0,0,0
DS07,cvae,0,0.01,R1,quantile_regression_W,not_exceeding,0.1,113,True,0.09734513274336283,0.09734513274336283,1,1,2,0.0,3.0,9.0,6.0,0,0
DS07,cvae,0,0.01,R1,quantile_regression_W,not_exceeding,0.15,113,False,0.1415929203539823,0.12389380530973451,1,2,1,0.0,2.0,8.0,6.0,0,0
DS07,cvae,0,0.01,R1,quantile_regression_W,not_exceeding,0.2,113,True,0.19469026548672566,0.19469026548672566,0,2,2,0.0,0.0,3.0,3.0,0,0
DS07,cvae,0,0.01,R2,phase_conditioned,nearest,0.025,113,True,0.017699115044247787,0.02654867256637168,1,3,0,0.0,0.0,10.0,10.0,0,0
DS07,cvae,0,0.01,R2,phase_conditioned,nearest,0.05,113,False,0.061946902654867256,0.02654867256637168,1,2,1,0.0,0.0,10.0,10.0,0,0
DS07,cvae,0,0.01,R2,phase_conditioned,nearest,0.1,113,False,0.09734513274336283,0.11504424778761062,1,1,2,0.0,4.0,10.0,6.0,0,0
DS07,cvae,0,0.01,R2,phase_conditioned,nearest,0.15,113,False,0.1504424778761062,0.168141592920354,0,1,3,2.0,3.0,6.0,3.0,0,0
DS07,cvae,0,0.01,R2,phase_conditioned,nearest,0.2,113,True,0.19469026548672566,0.20353982300884957,0,4,0,0.0,0.0,3.0,3.0,0,0
DS07,cvae,0,0.01,R2,phase_conditioned,not_exceeding,0.025,113,True,0.017699115044247787,0.017699115044247787,1,3,0,0.0,0.0,10.0,10.0,0,0
DS07,cvae,0,0.01,R2,phase_conditioned,not_exceeding,0.05,113,False,0.035398230088495575,0.02654867256637168,1,3,0,0.0,0.0,10.0,10.0,0,0
DS07,cvae,0,0.01,R2,phase_conditioned,not_exceeding,0.1,113,False,0.09734513274336283,0.07964601769911504,1,1,2,0.0,4.0,10.0,6.0,0,0
DS07,cvae,0,0.01,R2,phase_conditioned,not_exceeding,0.15,113,False,0.1415929203539823,0.11504424778761062,1,0,3,2.0,7.0,10.0,3.0,0,0
DS07,cvae,0,0.01,R2,phase_conditioned,not_exceeding,0.2,113,True,0.19469026548672566,0.19469026548672566,0,4,0,0.0,0.0,3.0,3.0,0,0
DS07,cvae,0,0.01,R2,quantile_regression_W,nearest,0.025,113,True,0.017699115044247787,0.017699115044247787,2,1,1,-12.0,6.0,16.0,10.0,0,0
DS07,cvae,0,0.01,R2,quantile_regression_W,nearest,0.05,113,False,0.061946902654867256,0.05309734513274336,1,1,2,0.0,6.0,16.0,10.0,0,0
DS07,cvae,0,0.01,R2,quantile_regression_W,nearest,0.1,113,True,0.09734513274336283,0.09734513274336283,1,1,2,0.0,5.0,11.0,6.0,0,0
DS07,cvae,0,0.01,R2,quantile_regression_W,nearest,0.15,113,True,0.1504424778761062,0.1504424778761062,0,2,2,0.0,0.0,3.0,3.0,0,0
DS07,cvae,0,0.01,R2,quantile_regression_W,nearest,0.2,113,True,0.19469026548672566,0.20353982300884957,0,3,1,0.0,0.0,3.0,3.0,0,0
DS07,cvae,0,0.01,R2,quantile_regression_W,not_exceeding,0.025,113,True,0.017699115044247787,0.017699115044247787,2,1,1,-12.0,6.0,16.0,10.0,0,0
DS07,cvae,0,0.01,R2,quantile_regression_W,not_exceeding,0.05,113,False,0.035398230088495575,0.04424778761061947,2,1,1,-12.0,6.0,16.0,10.0,0,0
DS07,cvae,0,0.01,R2,quantile_regression_W,not_exceeding,0.1,113,True,0.09734513274336283,0.09734513274336283,1,1,2,0.0,5.0,11.0,6.0,0,0
DS07,cvae,0,0.01,R2,quantile_regression_W,not_exceeding,0.15,113,True,0.1415929203539823,0.1415929203539823,1,0,3,2.0,5.0,8.0,3.0,0,0
DS07,cvae,0,0.01,R2,quantile_regression_W,not_exceeding,0.2,113,True,0.19469026548672566,0.19469026548672566,0,3,1,0.0,0.0,3.0,3.0,0,0
DS07,cvae,0,0.02,R0,phase_conditioned,nearest,0.025,113,True,0.02654867256637168,0.02654867256637168,2,1,1,-12.0,4.0,10.0,6.0,0,0
DS07,cvae,0,0.02,R0,phase_conditioned,nearest,0.05,113,True,0.04424778761061947,0.05309734513274336,2,1,1,-12.0,4.0,10.0,6.0,0,0
DS07,cvae,0,0.02,R0,phase_conditioned,nearest,0.1,113,True,0.09734513274336283,0.10619469026548672,0,3,1,0.0,4.0,10.0,6.0,0,0
DS07,cvae,0,0.02,R0,phase_conditioned,nearest,0.15,113,False,0.1504424778761062,0.12389380530973451,0,2,2,0.0,4.0,6.0,2.0,0,0
DS07,cvae,0,0.02,R0,phase_conditioned,nearest,0.2,113,False,0.20353982300884957,0.22123893805309736,0,1,3,6.0,4.0,6.0,2.0,0,0
DS07,cvae,0,0.02,R0,phase_conditioned,not_exceeding,0.025,113,False,0.008849557522123894,0.017699115044247787,3,1,0,-12.0,-18.0,10.0,28.0,0,0
DS07,cvae,0,0.02,R0,phase_conditioned,not_exceeding,0.05,113,False,0.04424778761061947,0.035398230088495575,2,1,1,-12.0,4.0,10.0,6.0,0,0
DS07,cvae,0,0.02,R0,phase_conditioned,not_exceeding,0.1,113,False,0.09734513274336283,0.08849557522123894,0,3,1,0.0,4.0,10.0,6.0,0,0
DS07,cvae,0,0.02,R0,phase_conditioned,not_exceeding,0.15,113,False,0.1415929203539823,0.12389380530973451,0,2,2,0.0,4.0,6.0,2.0,0,0
DS07,cvae,0,0.02,R0,phase_conditioned,not_exceeding,0.2,113,False,0.19469026548672566,0.17699115044247787,1,2,1,0.0,4.0,6.0,2.0,0,0
DS07,cvae,0,0.02,R0,quantile_regression_W,nearest,0.025,113,True,0.02654867256637168,0.017699115044247787,2,1,1,-12.0,10.0,16.0,6.0,0,0
DS07,cvae,0,0.02,R0,quantile_regression_W,nearest,0.05,113,True,0.04424778761061947,0.04424778761061947,2,1,1,-12.0,10.0,16.0,6.0,0,0
DS07,cvae,0,0.02,R0,quantile_regression_W,nearest,0.1,113,True,0.09734513274336283,0.09734513274336283,0,3,1,0.0,4.0,10.0,6.0,0,0
DS07,cvae,0,0.02,R0,quantile_regression_W,nearest,0.15,113,True,0.1504424778761062,0.1415929203539823,2,1,1,-2.0,1.0,3.0,2.0,0,0
DS07,cvae,0,0.02,R0,quantile_regression_W,nearest,0.2,113,True,0.20353982300884957,0.20353982300884957,1,2,1,0.0,1.0,3.0,2.0,0,0
DS07,cvae,0,0.02,R0,quantile_regression_W,not_exceeding,0.025,113,False,0.008849557522123894,0.017699115044247787,3,1,0,-12.0,-12.0,16.0,28.0,0,0
DS07,cvae,0,0.02,R0,quantile_regression_W,not_exceeding,0.05,113,True,0.04424778761061947,0.04424778761061947,2,1,1,-12.0,10.0,16.0,6.0,0,0
DS07,cvae,0,0.02,R0,quantile_regression_W,not_exceeding,0.1,113,True,0.09734513274336283,0.09734513274336283,0,3,1,0.0,4.0,10.0,6.0,0,0
DS07,cvae,0,0.02,R0,quantile_regression_W,not_exceeding,0.15,113,True,0.1415929203539823,0.1415929203539823,2,1,1,-2.0,1.0,3.0,2.0,0,0
DS07,cvae,0,0.02,R0,quantile_regression_W,not_exceeding,0.2,113,True,0.19469026548672566,0.19469026548672566,3,0,1,-8.0,1.0,3.0,2.0,0,0
DS07,cvae,0,0.02,R1,phase_conditioned,nearest,0.025,113,True,0.02654867256637168,0.02654867256637168,2,1,1,-1.0,4.0,10.0,6.0,0,0
DS07,cvae,0,0.02,R1,phase_conditioned,nearest,0.05,113,False,0.061946902654867256,0.05309734513274336,1,1,2,0.0,4.0,10.0,6.0,0,0
DS07,cvae,0,0.02,R1,phase_conditioned,nearest,0.1,113,False,0.09734513274336283,0.08849557522123894,1,0,3,2.0,4.0,10.0,6.0,0,0
DS07,cvae,0,0.02,R1,phase_conditioned,nearest,0.15,113,True,0.1504424778761062,0.1415929203539823,1,2,1,0.0,4.0,6.0,2.0,0,0
DS07,cvae,0,0.02,R1,phase_conditioned,nearest,0.2,113,True,0.20353982300884957,0.20353982300884957,1,2,1,0.0,4.0,6.0,2.0,0,0
DS07,cvae,0,0.02,R1,phase_conditioned,not_exceeding,0.025,113,True,0.017699115044247787,0.017699115044247787,2,1,1,-1.0,4.0,10.0,6.0,0,0
DS07,cvae,0,0.02,R1,phase_conditioned,not_exceeding,0.05,113,False,0.035398230088495575,0.02654867256637168,1,1,2,0.0,4.0,10.0,6.0,0,0
DS07,cvae,0,0.02,R1,phase_conditioned,not_exceeding,0.1,113,False,0.09734513274336283,0.08849557522123894,1,0,3,2.0,4.0,10.0,6.0,0,0
DS07,cvae,0,0.02,R1,phase_conditioned,not_exceeding,0.15,113,True,0.1415929203539823,0.1415929203539823,1,2,1,0.0,4.0,6.0,2.0,0,0
DS07,cvae,0,0.02,R1,phase_conditioned,not_exceeding,0.2,113,False,0.17699115044247787,0.19469026548672566,1,2,1,0.0,4.0,6.0,2.0,0,0
DS07,cvae,0,0.02,R1,quantile_regression_W,nearest,0.025,113,False,0.02654867256637168,0.035398230088495575,2,1,1,-12.0,10.0,16.0,6.0,0,0
DS07,cvae,0,0.02,R1,quantile_regression_W,nearest,0.05,113,False,0.061946902654867256,0.04424778761061947,1,1,2,0.0,10.0,16.0,6.0,0,0
DS07,cvae,0,0.02,R1,quantile_regression_W,nearest,0.1,113,True,0.09734513274336283,0.09734513274336283,1,1,2,0.0,4.0,10.0,6.0,0,0
DS07,cvae,0,0.02,R1,quantile_regression_W,nearest,0.15,113,True,0.1504424778761062,0.1415929203539823,0,3,1,0.0,6.0,8.0,2.0,0,0
DS07,cvae,0,0.02,R1,quantile_regression_W,nearest,0.2,113,True,0.20353982300884957,0.20353982300884957,2,1,1,-8.0,1.0,3.0,2.0,0,0
DS07,cvae,0,0.02,R1,quantile_regression_W,not_exceeding,0.025,113,False,0.017699115044247787,0.008849557522123894,2,1,1,-12.0,10.0,16.0,6.0,0,0
DS07,cvae,0,0.02,R1,quantile_regression_W,not_exceeding,0.05,113,False,0.035398230088495575,0.04424778761061947,1,1,2,0.0,10.0,16.0,6.0,0,0
DS07,cvae,0,0.02,R1,quantile_regression_W,not_exceeding,0.1,113,True,0.09734513274336283,0.09734513274336283,1,1,2,0.0,4.0,10.0,6.0,0,0
DS07,cvae,0,0.02,R1,quantile_regression_W,not_exceeding,0.15,113,True,0.1415929203539823,0.1415929203539823,0,3,1,0.0,6.0,8.0,2.0,0,0
DS07,cvae,0,0.02,R1,quantile_regression_W,not_exceeding,0.2,113,False,0.17699115044247787,0.168141592920354,0,3,1,0.0,6.0,8.0,2.0,0,0
DS07,cvae,0,0.02,R2,phase_conditioned,nearest,0.025,113,True,0.017699115044247787,0.02654867256637168,2,1,1,-12.0,4.0,10.0,6.0,0,0
DS07,cvae,0,0.02,R2,phase_conditioned,nearest,0.05,113,True,0.04424778761061947,0.05309734513274336,2,1,1,-12.0,4.0,10.0,6.0,0,0
DS07,cvae,0,0.02,R2,phase_conditioned,nearest,0.1,113,False,0.08849557522123894,0.10619469026548672,1,2,1,0.0,4.0,10.0,6.0,0,0
DS07,cvae,0,0.02,R2,phase_conditioned,nearest,0.15,113,False,0.1504424778761062,0.13274336283185842,1,2,1,0.0,4.0,6.0,2.0,0,0
DS07,cvae,0,0.02,R2,phase_conditioned,nearest,0.2,113,True,0.20353982300884957,0.20353982300884957,1,2,1,0.0,0.0,2.0,2.0,0,0
DS07,cvae,0,0.02,R2,phase_conditioned,not_exceeding,0.025,113,False,0.017699115044247787,0.0,0,0,4,inf,inf,inf,6.0,0,4
DS07,cvae,0,0.02,R2,phase_conditioned,not_exceeding,0.05,113,False,0.04424778761061947,0.035398230088495575,2,1,1,-12.0,4.0,10.0,6.0,0,0
DS07,cvae,0,0.02,R2,phase_conditioned,not_exceeding,0.1,113,False,0.08849557522123894,0.07964601769911504,1,2,1,0.0,4.0,10.0,6.0,0,0
DS07,cvae,0,0.02,R2,phase_conditioned,not_exceeding,0.15,113,False,0.1415929203539823,0.13274336283185842,1,2,1,0.0,4.0,6.0,2.0,0,0
DS07,cvae,0,0.02,R2,phase_conditioned,not_exceeding,0.2,113,False,0.19469026548672566,0.18584070796460178,1,2,1,0.0,4.0,6.0,2.0,0,0
DS07,cvae,0,0.02,R2,quantile_regression_W,nearest,0.025,113,True,0.017699115044247787,0.02654867256637168,2,1,1,-12.0,10.0,16.0,6.0,0,0
DS07,cvae,0,0.02,R2,quantile_regression_W,nearest,0.05,113,True,0.04424778761061947,0.04424778761061947,2,1,1,-12.0,10.0,16.0,6.0,0,0
DS07,cvae,0,0.02,R2,quantile_regression_W,nearest,0.1,113,False,0.08849557522123894,0.09734513274336283,1,2,1,0.0,4.0,10.0,6.0,0,0
DS07,cvae,0,0.02,R2,quantile_regression_W,nearest,0.15,113,False,0.1504424778761062,0.13274336283185842,1,2,1,0.0,6.0,8.0,2.0,0,0
DS07,cvae,0,0.02,R2,quantile_regression_W,nearest,0.2,113,True,0.20353982300884957,0.20353982300884957,3,0,1,-8.0,1.0,3.0,2.0,0,0
DS07,cvae,0,0.02,R2,quantile_regression_W,not_exceeding,0.025,113,False,0.017699115044247787,0.008849557522123894,2,1,1,-12.0,10.0,16.0,6.0,0,0
DS07,cvae,0,0.02,R2,quantile_regression_W,not_exceeding,0.05,113,True,0.04424778761061947,0.04424778761061947,2,1,1,-12.0,10.0,16.0,6.0,0,0
DS07,cvae,0,0.02,R2,quantile_regression_W,not_exceeding,0.1,113,False,0.08849557522123894,0.09734513274336283,1,2,1,0.0,4.0,10.0,6.0,0,0
DS07,cvae,0,0.02,R2,quantile_regression_W,not_exceeding,0.15,113,False,0.1415929203539823,0.13274336283185842,1,2,1,0.0,6.0,8.0,2.0,0,0
DS07,cvae,0,0.02,R2,quantile_regression_W,not_exceeding,0.2,113,False,0.19469026548672566,0.18584070796460178,3,0,1,-8.0,1.0,3.0,2.0,0,0
DS07,cvae,1,0.005,R0,phase_conditioned,nearest,0.025,113,True,0.02654867256637168,0.02654867256637168,0,3,1,0.0,10.0,24.0,14.0,0,0
DS07,cvae,1,0.005,R0,phase_conditioned,nearest,0.05,113,True,0.05309734513274336,0.05309734513274336,1,2,1,0.0,6.0,14.0,8.0,0,0
DS07,cvae,1,0.005,R0,phase_conditioned,nearest,0.1,113,True,0.10619469026548672,0.10619469026548672,0,4,0,0.0,0.0,4.0,4.0,0,0
DS07,cvae,1,0.005,R0,phase_conditioned,nearest,0.15,113,False,0.13274336283185842,0.1415929203539823,1,2,1,0.0,-3.0,1.0,4.0,0,0
DS07,cvae,1,0.005,R0,phase_conditioned,nearest,0.2,113,True,0.19469026548672566,0.20353982300884957,0,4,0,0.0,0.0,0.0,0.0,0,0
DS07,cvae,1,0.005,R0,phase_conditioned,not_exceeding,0.025,113,False,0.008849557522123894,0.017699115044247787,1,3,0,0.0,0.0,24.0,24.0,0,0
DS07,cvae,1,0.005,R0,phase_conditioned,not_exceeding,0.05,113,False,0.02654867256637168,0.035398230088495575,0,3,1,0.0,5.0,19.0,14.0,0,0
DS07,cvae,1,0.005,R0,phase_conditioned,not_exceeding,0.1,113,False,0.08849557522123894,0.08849557522123894,0,4,0,0.0,0.0,4.0,4.0,0,0
DS07,cvae,1,0.005,R0,phase_conditioned,not_exceeding,0.15,113,False,0.13274336283185842,0.1415929203539823,1,2,1,0.0,-3.0,1.0,4.0,0,0
DS07,cvae,1,0.005,R0,phase_conditioned,not_exceeding,0.2,113,True,0.19469026548672566,0.19469026548672566,0,4,0,0.0,0.0,0.0,0.0,0,0
DS07,cvae,1,0.005,R0,quantile_regression_W,nearest,0.025,113,False,0.02654867256637168,0.035398230088495575,1,1,2,0.0,10.0,24.0,14.0,0,0
DS07,cvae,1,0.005,R0,quantile_regression_W,nearest,0.05,113,True,0.05309734513274336,0.05309734513274336,1,2,1,0.0,0.0,8.0,8.0,0,0
DS07,cvae,1,0.005,R0,quantile_regression_W,nearest,0.1,113,True,0.10619469026548672,0.09734513274336283,1,2,1,0.0,0.0,4.0,4.0,0,0
DS07,cvae,1,0.005,R0,quantile_regression_W,nearest,0.15,113,False,0.13274336283185842,0.1592920353982301,2,1,1,-4.0,-4.0,0.0,4.0,0,0
DS07,cvae,1,0.005,R0,quantile_regression_W,nearest,0.2,113,False,0.19469026548672566,0.18584070796460178,0,3,1,0.0,0.0,0.0,0.0,0,0
DS07,cvae,1,0.005,R0,quantile_regression_W,not_exceeding,0.025,113,False,0.008849557522123894,0.008849557522123894,1,2,1,0.0,0.0,24.0,24.0,0,0
DS07,cvae,1,0.005,R0,quantile_regression_W,not_exceeding,0.05,113,False,0.02654867256637168,0.04424778761061947,1,2,1,0.0,2.0,16.0,14.0,0,0
DS07,cvae,1,0.005,R0,quantile_regression_W,not_exceeding,0.1,113,False,0.08849557522123894,0.09734513274336283,1,2,1,0.0,0.0,4.0,4.0,0,0
DS07,cvae,1,0.005,R0,quantile_regression_W,not_exceeding,0.15,113,False,0.13274336283185842,0.13274336283185842,2,1,1,-4.0,-4.0,0.0,4.0,0,0
DS07,cvae,1,0.005,R0,quantile_regression_W,not_exceeding,0.2,113,False,0.19469026548672566,0.18584070796460178,0,3,1,0.0,0.0,0.0,0.0,0,0
DS07,cvae,1,0.005,R1,phase_conditioned,nearest,0.025,113,True,0.017699115044247787,0.02654867256637168,2,2,0,-3.0,-4.0,10.0,14.0,0,0
DS07,cvae,1,0.005,R1,phase_conditioned,nearest,0.05,113,True,0.05309734513274336,0.05309734513274336,1,3,0,0.0,0.0,4.0,4.0,0,0
DS07,cvae,1,0.005,R1,phase_conditioned,nearest,0.1,113,False,0.08849557522123894,0.09734513274336283,2,2,0,-2.0,0.0,4.0,4.0,0,0
DS07,cvae,1,0.005,R1,phase_conditioned,nearest,0.15,113,False,0.1504424778761062,0.1592920353982301,1,3,0,0.0,-3.0,1.0,4.0,0,0
DS07,cvae,1,0.005,R1,phase_conditioned,nearest,0.2,113,True,0.19469026548672566,0.20353982300884957,0,4,0,0.0,0.0,1.0,1.0,0,0
DS07,cvae,1,0.005,R1,phase_conditioned,not_exceeding,0.025,113,True,0.017699115044247787,0.017699115044247787,1,3,0,0.0,0.0,14.0,14.0,0,0
DS07,cvae,1,0.005,R1,phase_conditioned,not_exceeding,0.05,113,False,0.035398230088495575,0.035398230088495575,2,2,0,-3.0,0.0,4.0,4.0,0,0
DS07,cvae,1,0.005,R1,phase_conditioned,not_exceeding,0.1,113,False,0.08849557522123894,0.09734513274336283,2,2,0,-2.0,0.0,4.0,4.0,0,0
DS07,cvae,1,0.005,R1,phase_conditioned,not_exceeding,0.15,113,False,0.1415929203539823,0.11504424778761062,2,1,1,-3.0,-3.0,1.0,4.0,0,0
DS07,cvae,1,0.005,R1,phase_conditioned,not_exceeding,0.2,113,False,0.19469026548672566,0.18584070796460178,0,4,0,0.0,0.0,1.0,1.0,0,0
DS07,cvae,1,0.005,R1,quantile_regression_W,nearest,0.025,113,False,0.017699115044247787,0.008849557522123894,1,1,2,0.0,10.0,24.0,14.0,0,0
DS07,cvae,1,0.005,R1,quantile_regression_W,nearest,0.05,113,True,0.05309734513274336,0.05309734513274336,1,1,2,0.0,6.0,10.0,4.0,0,0
DS07,cvae,1,0.005,R1,quantile_regression_W,nearest,0.1,113,False,0.08849557522123894,0.09734513274336283,3,0,1,-5.0,1.0,5.0,4.0,0,0
DS07,cvae,1,0.005,R1,quantile_regression_W,nearest,0.15,113,True,0.1504424778761062,0.1504424778761062,2,0,2,-3.0,-3.0,1.0,4.0,0,0
DS07,cvae,1,0.005,R1,quantile_regression_W,nearest,0.2,113,True,0.19469026548672566,0.20353982300884957,1,1,2,0.0,-1.0,0.0,1.0,0,0
DS07,cvae,1,0.005,R1,quantile_regression_W,not_exceeding,0.025,113,False,0.017699115044247787,0.008849557522123894,1,1,2,0.0,10.0,24.0,14.0,0,0
DS07,cvae,1,0.005,R1,quantile_regression_W,not_exceeding,0.05,113,False,0.035398230088495575,0.04424778761061947,1,0,3,1.0,12.0,16.0,4.0,0,0
DS07,cvae,1,0.005,R1,quantile_regression_W,not_exceeding,0.1,113,False,0.08849557522123894,0.09734513274336283,3,0,1,-5.0,1.0,5.0,4.0,0,0
DS07,cvae,1,0.005,R1,quantile_regression_W,not_exceeding,0.15,113,False,0.1415929203539823,0.12389380530973451,2,0,2,-3.0,1.0,5.0,4.0,0,0
DS07,cvae,1,0.005,R1,quantile_regression_W,not_exceeding,0.2,113,True,0.19469026548672566,0.19469026548672566,1,0,3,1.0,0.0,1.0,1.0,0,0
DS07,cvae,1,0.005,R2,phase_conditioned,nearest,0.025,113,True,0.017699115044247787,0.02654867256637168,2,2,0,-3.0,-4.0,10.0,14.0,0,0
DS07,cvae,1,0.005,R2,phase_conditioned,nearest,0.05,113,True,0.04424778761061947,0.05309734513274336,1,3,0,0.0,0.0,4.0,4.0,0,0
DS07,cvae,1,0.005,R2,phase_conditioned,nearest,0.1,113,True,0.09734513274336283,0.09734513274336283,0,3,1,0.0,0.0,4.0,4.0,0,0
DS07,cvae,1,0.005,R2,phase_conditioned,nearest,0.15,113,False,0.1504424778761062,0.1592920353982301,0,4,0,0.0,0.0,1.0,1.0,0,0
DS07,cvae,1,0.005,R2,phase_conditioned,nearest,0.2,113,True,0.20353982300884957,0.20353982300884957,0,3,1,0.0,0.0,1.0,1.0,0,0
DS07,cvae,1,0.005,R2,phase_conditioned,not_exceeding,0.025,113,True,0.017699115044247787,0.017699115044247787,2,2,0,-3.0,0.0,14.0,14.0,0,0
DS07,cvae,1,0.005,R2,phase_conditioned,not_exceeding,0.05,113,False,0.04424778761061947,0.035398230088495575,1,3,0,0.0,0.0,4.0,4.0,0,0
DS07,cvae,1,0.005,R2,phase_conditioned,not_exceeding,0.1,113,True,0.09734513274336283,0.09734513274336283,0,3,1,0.0,0.0,4.0,4.0,0,0
DS07,cvae,1,0.005,R2,phase_conditioned,not_exceeding,0.15,113,False,0.1415929203539823,0.11504424778761062,1,2,1,0.0,-3.0,1.0,4.0,0,0
DS07,cvae,1,0.005,R2,phase_conditioned,not_exceeding,0.2,113,False,0.18584070796460178,0.18584070796460178,0,3,1,0.0,0.0,1.0,1.0,0,0
DS07,cvae,1,0.005,R2,quantile_regression_W,nearest,0.025,113,False,0.017699115044247787,0.035398230088495575,1,1,2,0.0,10.0,24.0,14.0,0,0
DS07,cvae,1,0.005,R2,quantile_regression_W,nearest,0.05,113,True,0.04424778761061947,0.05309734513274336,2,1,1,-2.0,4.0,8.0,4.0,0,0
DS07,cvae,1,0.005,R2,quantile_regression_W,nearest,0.1,113,True,0.09734513274336283,0.09734513274336283,1,1,2,0.0,4.0,8.0,4.0,0,0
DS07,cvae,1,0.005,R2,quantile_regression_W,nearest,0.15,113,False,0.1504424778761062,0.1592920353982301,1,1,2,0.0,4.0,5.0,1.0,0,0
DS07,cvae,1,0.005,R2,quantile_regression_W,nearest,0.2,113,True,0.20353982300884957,0.19469026548672566,0,2,2,0.0,4.0,5.0,1.0,0,0
DS07,cvae,1,0.005,R2,quantile_regression_W,not_exceeding,0.025,113,False,0.017699115044247787,0.008849557522123894,1,1,2,0.0,10.0,24.0,14.0,0,0
DS07,cvae,1,0.005,R2,quantile_regression_W,not_exceeding,0.05,113,True,0.04424778761061947,0.04424778761061947,1,0,3,14.0,15.0,19.0,4.0,0,0
DS07,cvae,1,0.005,R2,quantile_regression_W,not_exceeding,0.1,113,True,0.09734513274336283,0.09734513274336283,1,1,2,0.0,4.0,8.0,4.0,0,0
DS07,cvae,1,0.005,R2,quantile_regression_W,not_exceeding,0.15,113,False,0.1415929203539823,0.13274336283185842,2,0,2,-3.0,1.0,5.0,4.0,0,0
DS07,cvae,1,0.005,R2,quantile_regression_W,not_exceeding,0.2,113,False,0.18584070796460178,0.19469026548672566,0,2,2,0.0,4.0,5.0,1.0,0,0
DS07,cvae,1,0.01,R0,phase_conditioned,nearest,0.025,113,True,0.017699115044247787,0.02654867256637168,0,4,0,0.0,0.0,19.0,19.0,0,0
DS07,cvae,1,0.01,R0,phase_conditioned,nearest,0.05,113,True,0.05309734513274336,0.05309734513274336,0,4,0,0.0,0.0,16.0,16.0,0,0
DS07,cvae,1,0.01,R0,phase_conditioned,nearest,0.1,113,False,0.09734513274336283,0.12389380530973451,2,1,1,-13.0,-7.0,4.0,11.0,0,0
DS07,cvae,1,0.01,R0,phase_conditioned,nearest,0.15,113,False,0.13274336283185842,0.168141592920354,1,3,0,0.0,-4.0,4.0,8.0,0,0
DS07,cvae,1,0.01,R0,phase_conditioned,nearest,0.2,113,True,0.20353982300884957,0.20353982300884957,1,3,0,0.0,-1.0,0.0,1.0,0,0
DS07,cvae,1,0.01,R0,phase_conditioned,not_exceeding,0.025,113,True,0.017699115044247787,0.017699115044247787,0,4,0,0.0,0.0,19.0,19.0,0,0
DS07,cvae,1,0.01,R0,phase_conditioned,not_exceeding,0.05,113,True,0.04424778761061947,0.04424778761061947,0,4,0,0.0,0.0,16.0,16.0,0,0
DS07,cvae,1,0.01,R0,phase_conditioned,not_exceeding,0.1,113,False,0.09734513274336283,0.07079646017699115,2,1,1,-13.0,-7.0,4.0,11.0,0,0
DS07,cvae,1,0.01,R0,phase_conditioned,not_exceeding,0.15,113,False,0.13274336283185842,0.12389380530973451,1,2,1,0.0,-4.0,4.0,8.0,0,0
DS07,cvae,1,0.01,R0,phase_conditioned,not_exceeding,0.2,113,False,0.18584070796460178,0.19469026548672566,1,3,0,0.0,-1.0,0.0,1.0,0,0
DS07,cvae,1,0.01,R0,quantile_regression_W,nearest,0.025,113,True,0.017699115044247787,0.017699115044247787,1,3,0,0.0,0.0,19.0,19.0,0,0
DS07,cvae,1,0.01,R0,quantile_regression_W,nearest,0.05,113,True,0.05309734513274336,0.05309734513274336,1,3,0,0.0,-8.0,8.0,16.0,0,0
DS07,cvae,1,0.01,R0,quantile_regression_W,nearest,0.1,113,True,0.09734513274336283,0.10619469026548672,4,0,0,-11.0,-11.0,0.0,11.0,0,0
DS07,cvae,1,0.01,R0,quantile_regression_W,nearest,0.15,113,False,0.13274336283185842,0.1504424778761062,2,1,1,-4.0,-8.0,0.0,8.0,0,0
DS07,cvae,1,0.01,R0,quantile_regression_W,nearest,0.2,113,True,0.20353982300884957,0.19469026548672566,1,2,1,0.0,-1.0,0.0,1.0,0,0
DS07,cvae,1,0.01,R0,quantile_regression_W,not_exceeding,0.025,113,True,0.017699115044247787,0.017699115044247787,1,3,0,0.0,0.0,19.0,19.0,0,0
DS07,cvae,1,0.01,R0,quantile_regression_W,not_exceeding,0.05,113,True,0.04424778761061947,0.04424778761061947,1,3,0,0.0,0.0,16.0,16.0,0,0
DS07,cvae,1,0.01,R0,quantile_regression_W,not_exceeding,0.1,113,False,0.09734513274336283,0.08849557522123894,4,0,0,-11.0,-11.0,0.0,11.0,0,0
DS07,cvae,1,0.01,R0,quantile_regression_W,not_exceeding,0.15,113,False,0.13274336283185842,0.1415929203539823,2,1,1,-4.0,-8.0,0.0,8.0,0,0
DS07,cvae,1,0.01,R0,quantile_regression_W,not_exceeding,0.2,113,False,0.18584070796460178,0.19469026548672566,1,2,1,0.0,-1.0,0.0,1.0,0,0
DS07,cvae,1,0.01,R1,phase_conditioned,nearest,0.025,113,True,0.017699115044247787,0.017699115044247787,0,4,0,0.0,0.0,21.0,21.0,0,0
DS07,cvae,1,0.01,R1,phase_conditioned,nearest,0.05,113,False,0.05309734513274336,0.035398230088495575,0,4,0,0.0,0.0,4.0,4.0,0,0
DS07,cvae,1,0.01,R1,phase_conditioned,nearest,0.1,113,False,0.08849557522123894,0.10619469026548672,1,3,0,0.0,0.0,4.0,4.0,0,0
DS07,cvae,1,0.01,R1,phase_conditioned,nearest,0.15,113,False,0.1504424778761062,0.168141592920354,0,3,1,0.0,0.0,4.0,4.0,0,0
DS07,cvae,1,0.01,R1,phase_conditioned,nearest,0.2,113,True,0.19469026548672566,0.20353982300884957,1,2,1,0.0,0.0,1.0,1.0,0,0
DS07,cvae,1,0.01,R1,phase_conditioned,not_exceeding,0.025,113,True,0.017699115044247787,0.017699115044247787,0,4,0,0.0,0.0,21.0,21.0,0,0
DS07,cvae,1,0.01,R1,phase_conditioned,not_exceeding,0.05,113,False,0.017699115044247787,0.035398230088495575,1,3,0,0.0,-17.0,4.0,21.0,0,0
DS07,cvae,1,0.01,R1,phase_conditioned,not_exceeding,0.1,113,False,0.08849557522123894,0.035398230088495575,0,4,0,0.0,0.0,4.0,4.0,0,0
DS07,cvae,1,0.01,R1,phase_conditioned,not_exceeding,0.15,113,False,0.1415929203539823,0.12389380530973451,0,2,2,0.0,0.0,4.0,4.0,0,0
DS07,cvae,1,0.01,R1,phase_conditioned,not_exceeding,0.2,113,True,0.19469026548672566,0.19469026548672566,1,2,1,0.0,0.0,1.0,1.0,0,0
DS07,cvae,1,0.01,R1,quantile_regression_W,nearest,0.025,113,False,0.017699115044247787,0.035398230088495575,1,2,1,0.0,-2.0,19.0,21.0,0,0
DS07,cvae,1,0.01,R1,quantile_regression_W,nearest,0.05,113,True,0.05309734513274336,0.05309734513274336,2,1,1,-6.0,4.0,8.0,4.0,0,0
DS07,cvae,1,0.01,R1,quantile_regression_W,nearest,0.1,113,False,0.08849557522123894,0.07964601769911504,3,0,1,-6.0,1.0,5.0,4.0,0,0
DS07,cvae,1,0.01,R1,quantile_regression_W,nearest,0.15,113,True,0.1504424778761062,0.1504424778761062,2,1,1,-3.0,1.0,5.0,4.0,0,0
DS07,cvae,1,0.01,R1,quantile_regression_W,nearest,0.2,113,True,0.19469026548672566,0.19469026548672566,1,2,1,0.0,0.0,1.0,1.0,0,0
DS07,cvae,1,0.01,R1,quantile_regression_W,not_exceeding,0.025,113,False,0.017699115044247787,0.008849557522123894,1,2,1,0.0,1.0,22.0,21.0,0,0
DS07,cvae,1,0.01,R1,quantile_regression_W,not_exceeding,0.05,113,False,0.017699115044247787,0.04424778761061947,2,1,1,-6.0,-5.0,16.0,21.0,0,0
DS07,cvae,1,0.01,R1,quantile_regression_W,not_exceeding,0.1,113,False,0.08849557522123894,0.07964601769911504,3,0,1,-6.0,1.0,5.0,4.0,0,0
DS07,cvae,1,0.01,R1,quantile_regression_W,not_exceeding,0.15,113,True,0.1415929203539823,0.1415929203539823,2,1,1,-3.0,1.0,5.0,4.0,0,0
DS07,cvae,1,0.01,R1,quantile_regression_W,not_exceeding,0.2,113,True,0.19469026548672566,0.19469026548672566,1,2,1,0.0,0.0,1.0,1.0,0,0
DS07,cvae,1,0.01,R2,phase_conditioned,nearest,0.025,113,True,0.017699115044247787,0.02654867256637168,0,3,1,0.0,12.0,22.0,10.0,0,0
DS07,cvae,1,0.01,R2,phase_conditioned,nearest,0.05,113,True,0.05309734513274336,0.05309734513274336,1,1,2,0.0,6.0,16.0,10.0,0,0
DS07,cvae,1,0.01,R2,phase_conditioned,nearest,0.1,113,False,0.061946902654867256,0.11504424778761062,1,3,0,0.0,-6.0,4.0,10.0,0,0
DS07,cvae,1,0.01,R2,phase_conditioned,nearest,0.15,113,True,0.1504424778761062,0.1504424778761062,0,3,1,0.0,0.0,4.0,4.0,0,0
DS07,cvae,1,0.01,R2,phase_conditioned,nearest,0.2,113,True,0.20353982300884957,0.19469026548672566,1,3,0,0.0,-3.0,1.0,4.0,0,0
DS07,cvae,1,0.01,R2,phase_conditioned,not_exceeding,0.025,113,True,0.017699115044247787,0.017699115044247787,0,3,1,0.0,12.0,22.0,10.0,0,0
DS07,cvae,1,0.01,R2,phase_conditioned,not_exceeding,0.05,113,False,0.035398230088495575,0.04424778761061947,1,1,2,0.0,6.0,16.0,10.0,0,0
DS07,cvae,1,0.01,R2,phase_conditioned,not_exceeding,0.1,113,False,0.061946902654867256,0.07079646017699115,0,3,1,0.0,0.0,10.0,10.0,0,0
DS07,cvae,1,0.01,R2,phase_conditioned,not_exceeding,0.15,113,False,0.1415929203539823,0.13274336283185842,0,4,0,0.0,0.0,4.0,4.0,0,0
DS07,cvae,1,0.01,R2,phase_conditioned,not_exceeding,0.2,113,True,0.19469026548672566,0.19469026548672566,1,3,0,0.0,-3.0,1.0,4.0,0,0
DS07,cvae,1,0.01,R2,quantile_regression_W,nearest,0.025,113,False,0.017699115044247787,0.035398230088495575,2,1,1,-6.0,6.0,16.0,10.0,0,0
DS07,cvae,1,0.01,R2,quantile_regression_W,nearest,0.05,113,True,0.05309734513274336,0.05309734513274336,2,1,1,-2.0,-2.0,8.0,10.0,0,0
DS07,cvae,1,0.01,R2,quantile_regression_W,nearest,0.1,113,False,0.061946902654867256,0.08849557522123894,2,0,2,-4.0,-5.0,5.0,10.0,0,0
DS07,cvae,1,0.01,R2,quantile_regression_W,nearest,0.15,113,True,0.1504424778761062,0.1504424778761062,2,1,1,-3.0,1.0,5.0,4.0,0,0
DS07,cvae,1,0.01,R2,quantile_regression_W,nearest,0.2,113,True,0.20353982300884957,0.19469026548672566,2,1,1,-3.0,1.0,5.0,4.0,0,0
DS07,cvae,1,0.01,R2,quantile_regression_W,not_exceeding,0.025,113,False,0.017699115044247787,0.0,0,0,4,inf,inf,inf,10.0,0,4
DS07,cvae,1,0.01,R2,quantile_regression_W,not_exceeding,0.05,113,False,0.035398230088495575,0.04424778761061947,1,1,2,0.0,6.0,16.0,10.0,0,0
DS07,cvae,1,0.01,R2,quantile_regression_W,not_exceeding,0.1,113,False,0.061946902654867256,0.08849557522123894,2,0,2,-4.0,-5.0,5.0,10.0,0,0
DS07,cvae,1,0.01,R2,quantile_regression_W,not_exceeding,0.15,113,True,0.1415929203539823,0.1415929203539823,2,1,1,-4.0,1.0,5.0,4.0,0,0
DS07,cvae,1,0.01,R2,quantile_regression_W,not_exceeding,0.2,113,True,0.19469026548672566,0.19469026548672566,2,1,1,-3.0,1.0,5.0,4.0,0,0
DS07,cvae,1,0.02,R0,phase_conditioned,nearest,0.025,113,True,0.02654867256637168,0.017699115044247787,0,4,0,0.0,0.0,16.0,16.0,0,0
DS07,cvae,1,0.02,R0,phase_conditioned,nearest,0.05,113,True,0.05309734513274336,0.05309734513274336,1,3,0,0.0,-6.0,10.0,16.0,0,0
DS07,cvae,1,0.02,R0,phase_conditioned,nearest,0.1,113,True,0.09734513274336283,0.09734513274336283,1,3,0,0.0,-2.0,8.0,10.0,0,0
DS07,cvae,1,0.02,R0,phase_conditioned,nearest,0.15,113,False,0.1592920353982301,0.168141592920354,1,2,1,0.0,0.0,4.0,4.0,0,0
DS07,cvae,1,0.02,R0,phase_conditioned,nearest,0.2,113,True,0.20353982300884957,0.20353982300884957,1,3,0,0.0,-1.0,0.0,1.0,0,0
DS07,cvae,1,0.02,R0,phase_conditioned,not_exceeding,0.025,113,False,0.008849557522123894,0.017699115044247787,0,4,0,0.0,0.0,16.0,16.0,0,0
DS07,cvae,1,0.02,R0,phase_conditioned,not_exceeding,0.05,113,True,0.04424778761061947,0.04424778761061947,1,3,0,0.0,-6.0,10.0,16.0,0,0
DS07,cvae,1,0.02,R0,phase_conditioned,not_exceeding,0.1,113,True,0.09734513274336283,0.09734513274336283,1,3,0,0.0,-2.0,8.0,10.0,0,0
DS07,cvae,1,0.02,R0,phase_conditioned,not_exceeding,0.15,113,False,0.11504424778761062,0.11504424778761062,1,2,1,0.0,0.0,4.0,4.0,0,0
DS07,cvae,1,0.02,R0,phase_conditioned,not_exceeding,0.2,113,False,0.18584070796460178,0.19469026548672566,1,3,0,0.0,-1.0,0.0,1.0,0,0
DS07,cvae,1,0.02,R0,quantile_regression_W,nearest,0.025,113,True,0.02654867256637168,0.02654867256637168,1,3,0,0.0,-6.0,10.0,16.0,0,0
DS07,cvae,1,0.02,R0,quantile_regression_W,nearest,0.05,113,True,0.05309734513274336,0.05309734513274336,1,3,0,0.0,-8.0,8.0,16.0,0,0
DS07,cvae,1,0.02,R0,quantile_regression_W,nearest,0.1,113,True,0.09734513274336283,0.09734513274336283,4,0,0,-4.0,-10.0,0.0,10.0,0,0
DS07,cvae,1,0.02,R0,quantile_regression_W,nearest,0.15,113,False,0.1592920353982301,0.1504424778761062,2,1,1,-4.0,-4.0,0.0,4.0,0,0
DS07,cvae,1,0.02,R0,quantile_regression_W,nearest,0.2,113,False,0.20353982300884957,0.18584070796460178,2,1,1,-4.0,-1.0,0.0,1.0,0,0
DS07,cvae,1,0.02,R0,quantile_regression_W,not_exceeding,0.025,113,False,0.008849557522123894,0.008849557522123894,1,3,0,0.0,-6.0,10.0,16.0,0,0
DS07,cvae,1,0.02,R0,quantile_regression_W,not_exceeding,0.05,113,True,0.04424778761061947,0.04424778761061947,1,3,0,0.0,-8.0,8.0,16.0,0,0
DS07,cvae,1,0.02,R0,quantile_regression_W,not_exceeding,0.1,113,True,0.09734513274336283,0.09734513274336283,4,0,0,-4.0,-10.0,0.0,10.0,0,0
DS07,cvae,1,0.02,R0,quantile_regression_W,not_exceeding,0.15,113,False,0.11504424778761062,0.12389380530973451,3,1,0,-4.0,-4.0,0.0,4.0,0,0
DS07,cvae,1,0.02,R0,quantile_regression_W,not_exceeding,0.2,113,False,0.18584070796460178,0.18584070796460178,2,1,1,-4.0,-1.0,0.0,1.0,0,0
DS07,cvae,1,0.02,R1,phase_conditioned,nearest,0.025,113,True,0.02654867256637168,0.02654867256637168,2,1,1,-3.0,6.0,16.0,10.0,0,0
DS07,cvae,1,0.02,R1,phase_conditioned,nearest,0.05,113,True,0.05309734513274336,0.05309734513274336,0,4,0,0.0,0.0,10.0,10.0,0,0
DS07,cvae,1,0.02,R1,phase_conditioned,nearest,0.1,113,True,0.09734513274336283,0.10619469026548672,1,3,0,0.0,0.0,10.0,10.0,0,0
DS07,cvae,1,0.02,R1,phase_conditioned,nearest,0.15,113,False,0.17699115044247787,0.17699115044247787,0,4,0,0.0,0.0,4.0,4.0,0,0
DS07,cvae,1,0.02,R1,phase_conditioned,nearest,0.2,113,True,0.20353982300884957,0.20353982300884957,0,4,0,0.0,0.0,1.0,1.0,0,0
DS07,cvae,1,0.02,R1,phase_conditioned,not_exceeding,0.025,113,False,0.008849557522123894,0.0,0,0,4,inf,inf,inf,22.0,0,4
DS07,cvae,1,0.02,R1,phase_conditioned,not_exceeding,0.05,113,True,0.04424778761061947,0.04424778761061947,2,2,0,-3.0,0.0,10.0,10.0,0,0
DS07,cvae,1,0.02,R1,phase_conditioned,not_exceeding,0.1,113,False,0.09734513274336283,0.07964601769911504,1,3,0,0.0,0.0,10.0,10.0,0,0
DS07,cvae,1,0.02,R1,phase_conditioned,not_exceeding,0.15,113,False,0.10619469026548672,0.10619469026548672,1,3,0,0.0,0.0,10.0,10.0,0,0
DS07,cvae,1,0.02,R1,phase_conditioned,not_exceeding,0.2,113,True,0.19469026548672566,0.19469026548672566,0,4,0,0.0,0.0,1.0,1.0,0,0
DS07,cvae,1,0.02,R1,quantile_regression_W,nearest,0.025,113,False,0.02654867256637168,0.035398230088495575,2,2,0,-3.0,0.0,10.0,10.0,0,0
DS07,cvae,1,0.02,R1,quantile_regression_W,nearest,0.05,113,True,0.05309734513274336,0.05309734513274336,1,3,0,0.0,-5.0,5.0,10.0,0,0
DS07,cvae,1,0.02,R1,quantile_regression_W,nearest,0.1,113,False,0.09734513274336283,0.11504424778761062,2,2,0,-3.0,-5.0,5.0,10.0,0,0
DS07,cvae,1,0.02,R1,quantile_regression_W,nearest,0.15,113,False,0.17699115044247787,0.1415929203539823,2,1,1,-3.0,1.0,5.0,4.0,0,0
DS07,cvae,1,0.02,R1,quantile_regression_W,nearest,0.2,113,True,0.20353982300884957,0.20353982300884957,1,2,1,0.0,4.0,5.0,1.0,0,0
DS07,cvae,1,0.02,R1,quantile_regression_W,not_exceeding,0.025,113,False,0.008849557522123894,0.008849557522123894,3,1,0,-6.0,-12.0,10.0,22.0,0,0
DS07,cvae,1,0.02,R1,quantile_regression_W,not_exceeding,0.05,113,True,0.04424778761061947,0.04424778761061947,2,2,0,-3.0,0.0,10.0,10.0,0,0
DS07,cvae,1,0.02,R1,quantile_regression_W,not_exceeding,0.1,113,False,0.09734513274336283,0.07079646017699115,1,2,1,0.0,-5.0,5.0,10.0,0,0
DS07,cvae,1,0.02,R1,quantile_regression_W,not_exceeding,0.15,113,False,0.10619469026548672,0.1415929203539823,3,1,0,-3.0,-5.0,5.0,10.0,0,0
DS07,cvae,1,0.02,R1,quantile_regression_W,not_exceeding,0.2,113,False,0.19469026548672566,0.17699115044247787,1,2,1,0.0,4.0,5.0,1.0,0,0
DS07,cvae,1,0.02,R2,phase_conditioned,nearest,0.025,113,True,0.017699115044247787,0.017699115044247787,0,4,0,0.0,0.0,16.0,16.0,0,0
DS07,cvae,1,0.02,R2,phase_conditioned,nearest,0.05,113,True,0.04424778761061947,0.05309734513274336,1,3,0,0.0,-6.0,10.0,16.0,0,0
DS07,cvae,1,0.02,R2,phase_conditioned,nearest,0.1,113,True,0.09734513274336283,0.10619469026548672,0,4,0,0.0,0.0,10.0,10.0,0,0
DS07,cvae,1,0.02,R2,phase_conditioned,nearest,0.15,113,False,0.168141592920354,0.17699115044247787,0,2,2,0.0,3.0,4.0,1.0,0,0
DS07,cvae,1,0.02,R2,phase_conditioned,nearest,0.2,113,True,0.20353982300884957,0.20353982300884957,1,2,1,0.0,0.0,1.0,1.0,0,0
DS07,cvae,1,0.02,R2,phase_conditioned,not_exceeding,0.025,113,True,0.017699115044247787,0.017699115044247787,0,4,0,0.0,0.0,16.0,16.0,0,0
DS07,cvae,1,0.02,R2,phase_conditioned,not_exceeding,0.05,113,True,0.04424778761061947,0.04424778761061947,1,3,0,0.0,-6.0,10.0,16.0,0,0
DS07,cvae,1,0.02,R2,phase_conditioned,not_exceeding,0.1,113,False,0.09734513274336283,0.07964601769911504,0,4,0,0.0,0.0,10.0,10.0,0,0
DS07,cvae,1,0.02,R2,phase_conditioned,not_exceeding,0.15,113,False,0.12389380530973451,0.11504424778761062,1,2,1,0.0,-4.0,4.0,8.0,0,0
DS07,cvae,1,0.02,R2,phase_conditioned,not_exceeding,0.2,113,True,0.19469026548672566,0.19469026548672566,1,2,1,0.0,0.0,1.0,1.0,0,0
DS07,cvae,1,0.02,R2,quantile_regression_W,nearest,0.025,113,True,0.017699115044247787,0.02654867256637168,1,3,0,0.0,-6.0,10.0,16.0,0,0
DS07,cvae,1,0.02,R2,quantile_regression_W,nearest,0.05,113,True,0.04424778761061947,0.05309734513274336,1,3,0,0.0,-8.0,8.0,16.0,0,0
DS07,cvae,1,0.02,R2,quantile_regression_W,nearest,0.1,113,True,0.09734513274336283,0.09734513274336283,3,0,1,-4.0,-5.0,5.0,10.0,0,0
DS07,cvae,1,0.02,R2,quantile_regression_W,nearest,0.15,113,False,0.168141592920354,0.1504424778761062,2,0,2,-1.0,2.0,3.0,1.0,0,0
DS07,cvae,1,0.02,R2,quantile_regression_W,nearest,0.2,113,True,0.20353982300884957,0.20353982300884957,2,0,2,-1.0,2.0,3.0,1.0,0,0
DS07,cvae,1,0.02,R2,quantile_regression_W,not_exceeding,0.025,113,False,0.017699115044247787,0.008849557522123894,1,3,0,0.0,-6.0,10.0,16.0,0,0
DS07,cvae,1,0.02,R2,quantile_regression_W,not_exceeding,0.05,113,True,0.04424778761061947,0.04424778761061947,1,3,0,0.0,-8.0,8.0,16.0,0,0
DS07,cvae,1,0.02,R2,quantile_regression_W,not_exceeding,0.1,113,True,0.09734513274336283,0.09734513274336283,3,0,1,-4.0,-5.0,5.0,10.0,0,0
DS07,cvae,1,0.02,R2,quantile_regression_W,not_exceeding,0.15,113,False,0.12389380530973451,0.1415929203539823,2,1,1,-1.0,-5.0,3.0,8.0,0,0
DS07,cvae,1,0.02,R2,quantile_regression_W,not_exceeding,0.2,113,False,0.19469026548672566,0.17699115044247787,2,0,2,-1.0,2.0,3.0,1.0,0,0
DS07,cvae,2,0.005,R0,phase_conditioned,nearest,0.025,113,True,0.017699115044247787,0.02654867256637168,1,3,0,0.0,0.0,10.0,10.0,0,0
DS07,cvae,2,0.005,R0,phase_conditioned,nearest,0.05,113,True,0.04424778761061947,0.05309734513274336,1,3,0,0.0,0.0,6.0,6.0,0,0
DS07,cvae,2,0.005,R0,phase_conditioned,nearest,0.1,113,True,0.09734513274336283,0.09734513274336283,0,2,2,0.0,6.0,6.0,0.0,0,0
DS07,cvae,2,0.005,R0,phase_conditioned,nearest,0.15,113,False,0.1592920353982301,0.1504424778761062,0,4,0,0.0,0.0,0.0,0.0,0,0
DS07,cvae,2,0.005,R0,phase_conditioned,nearest,0.2,113,True,0.20353982300884957,0.20353982300884957,0,3,1,0.0,0.0,0.0,0.0,0,0
DS07,cvae,2,0.005,R0,phase_conditioned,not_exceeding,0.025,113,True,0.017699115044247787,0.017699115044247787,1,3,0,0.0,0.0,10.0,10.0,0,0
DS07,cvae,2,0.005,R0,phase_conditioned,not_exceeding,0.05,113,False,0.04424778761061947,0.035398230088495575,0,2,2,0.0,4.0,10.0,6.0,0,0
DS07,cvae,2,0.005,R0,phase_conditioned,not_exceeding,0.1,113,True,0.09734513274336283,0.09734513274336283,0,2,2,0.0,6.0,6.0,0.0,0,0
DS07,cvae,2,0.005,R0,phase_conditioned,not_exceeding,0.15,113,False,0.13274336283185842,0.1415929203539823,0,3,1,0.0,5.0,5.0,0.0,0,0
DS07,cvae,2,0.005,R0,phase_conditioned,not_exceeding,0.2,113,False,0.19469026548672566,0.18584070796460178,0,3,1,0.0,0.0,0.0,0.0,0,0
DS07,cvae,2,0.005,R0,quantile_regression_W,nearest,0.025,113,True,0.017699115044247787,0.02654867256637168,2,0,2,-9.0,9.0,19.0,10.0,0,0
DS07,cvae,2,0.005,R0,quantile_regression_W,nearest,0.05,113,True,0.04424778761061947,0.05309734513274336,1,0,3,2.0,2.0,8.0,6.0,0,0
DS07,cvae,2,0.005,R0,quantile_regression_W,nearest,0.1,113,True,0.09734513274336283,0.10619469026548672,2,0,2,-2.0,4.0,4.0,0.0,0,0
DS07,cvae,2,0.005,R0,quantile_regression_W,nearest,0.15,113,False,0.1592920353982301,0.1504424778761062,2,0,2,-1.0,4.0,4.0,0.0,0,0
DS07,cvae,2,0.005,R0,quantile_regression_W,nearest,0.2,113,True,0.20353982300884957,0.20353982300884957,1,1,2,0.0,1.0,1.0,0.0,0,0
DS07,cvae,2,0.005,R0,quantile_regression_W,not_exceeding,0.025,113,False,0.017699115044247787,0.0,0,0,4,inf,inf,inf,10.0,0,4
DS07,cvae,2,0.005,R0,quantile_regression_W,not_exceeding,0.05,113,True,0.04424778761061947,0.04424778761061947,1,0,3,4.0,10.0,16.0,6.0,0,0
DS07,cvae,2,0.005,R0,quantile_regression_W,not_exceeding,0.1,113,False,0.09734513274336283,0.08849557522123894,2,0,2,-2.0,4.0,4.0,0.0,0,0
DS07,cvae,2,0.005,R0,quantile_regression_W,not_exceeding,0.15,113,False,0.13274336283185842,0.1415929203539823,2,0,2,-1.0,4.0,4.0,0.0,0,0
DS07,cvae,2,0.005,R0,quantile_regression_W,not_exceeding,0.2,113,True,0.19469026548672566,0.19469026548672566,2,1,1,-4.0,1.0,1.0,0.0,0,0
DS07,cvae,2,0.005,R1,phase_conditioned,nearest,0.025,113,True,0.02654867256637168,0.02654867256637168,2,2,0,-3.0,0.0,6.0,6.0,0,0
DS07,cvae,2,0.005,R1,phase_conditioned,nearest,0.05,113,False,0.07079646017699115,0.04424778761061947,2,1,1,-1.0,-1.0,5.0,6.0,0,0
DS07,cvae,2,0.005,R1,phase_conditioned,nearest,0.1,113,True,0.09734513274336283,0.09734513274336283,1,3,0,0.0,0.0,5.0,5.0,0,0
DS07,cvae,2,0.005,R1,phase_conditioned,nearest,0.15,113,True,0.1504424778761062,0.1415929203539823,0,2,2,0.0,3.0,5.0,2.0,0,0
DS07,cvae,2,0.005,R1,phase_conditioned,nearest,0.2,113,False,0.22123893805309736,0.18584070796460178,0,4,0,0.0,0.0,2.0,2.0,0,0
DS07,cvae,2,0.005,R1,phase_conditioned,not_exceeding,0.025,113,True,0.017699115044247787,0.017699115044247787,1,3,0,0.0,0.0,10.0,10.0,0,0
DS07,cvae,2,0.005,R1,phase_conditioned,not_exceeding,0.05,113,False,0.02654867256637168,0.04424778761061947,3,1,0,-3.0,-1.0,5.0,6.0,0,0
DS07,cvae,2,0.005,R1,phase_conditioned,not_exceeding,0.1,113,True,0.09734513274336283,0.09734513274336283,1,3,0,0.0,0.0,5.0,5.0,0,0
DS07,cvae,2,0.005,R1,phase_conditioned,not_exceeding,0.15,113,False,0.13274336283185842,0.1415929203539823,0,2,2,0.0,3.0,5.0,2.0,0,0
DS07,cvae,2,0.005,R1,phase_conditioned,not_exceeding,0.2,113,False,0.168141592920354,0.18584070796460178,0,4,0,0.0,0.0,2.0,2.0,0,0
DS07,cvae,2,0.005,R1,quantile_regression_W,nearest,0.025,113,False,0.02654867256637168,0.008849557522123894,2,0,2,-9.0,10.0,16.0,6.0,0,0
DS07,cvae,2,0.005,R1,quantile_regression_W,nearest,0.05,113,False,0.07079646017699115,0.05309734513274336,1,0,3,3.0,3.0,9.0,6.0,0,0
DS07,cvae,2,0.005,R1,quantile_regression_W,nearest,0.1,113,False,0.09734513274336283,0.08849557522123894,1,2,1,0.0,0.0,5.0,5.0,0,0
DS07,cvae,2,0.005,R1,quantile_regression_W,nearest,0.15,113,True,0.1504424778761062,0.1504424778761062,0,1,3,1.0,3.0,5.0,2.0,0,0
DS07,cvae,2,0.005,R1,quantile_regression_W,nearest,0.2,113,False,0.22123893805309736,0.20353982300884957,0,1,3,1.0,3.0,5.0,2.0,0,0
DS07,cvae,2,0.005,R1,quantile_regression_W,not_exceeding,0.025,113,False,0.017699115044247787,0.008849557522123894,2,1,1,-9.0,6.0,16.0,10.0,0,0
DS07,cvae,2,0.005,R1,quantile_regression_W,not_exceeding,0.05,113,False,0.02654867256637168,0.04424778761061947,2,0,2,-9.0,10.0,16.0,6.0,0,0
DS07,cvae,2,0.005,R1,quantile_regression_W,not_exceeding,0.1,113,False,0.09734513274336283,0.08849557522123894,1,2,1,0.0,0.0,5.0,5.0,0,0
DS07,cvae,2,0.005,R1,quantile_regression_W,not_exceeding,0.15,113,False,0.13274336283185842,0.13274336283185842,0,1,3,1.0,3.0,5.0,2.0,0,0
DS07,cvae,2,0.005,R1,quantile_regression_W,not_exceeding,0.2,113,False,0.168141592920354,0.1592920353982301,0,1,3,1.0,3.0,5.0,2.0,0,0
DS07,cvae,2,0.005,R2,phase_conditioned,nearest,0.025,113,True,0.02654867256637168,0.02654867256637168,1,0,3,4.0,4.0,10.0,6.0,0,0
DS07,cvae,2,0.005,R2,phase_conditioned,nearest,0.05,113,False,0.061946902654867256,0.04424778761061947,1,2,1,0.0,0.0,6.0,6.0,0,0
DS07,cvae,2,0.005,R2,phase_conditioned,nearest,0.1,113,True,0.09734513274336283,0.10619469026548672,2,2,0,-1.0,-1.0,5.0,6.0,0,0
DS07,cvae,2,0.005,R2,phase_conditioned,nearest,0.15,113,False,0.1592920353982301,0.1504424778761062,0,2,2,0.0,3.0,5.0,2.0,0,0
DS07,cvae,2,0.005,R2,phase_conditioned,nearest,0.2,113,True,0.20353982300884957,0.20353982300884957,1,3,0,0.0,-2.0,0.0,2.0,0,0
DS07,cvae,2,0.005,R2,phase_conditioned,not_exceeding,0.025,113,True,0.017699115044247787,0.017699115044247787,1,3,0,0.0,0.0,10.0,10.0,0,0
DS07,cvae,2,0.005,R2,phase_conditioned,not_exceeding,0.05,113,False,0.02654867256637168,0.04424778761061947,1,2,1,0.0,0.0,6.0,6.0,0,0
DS07,cvae,2,0.005,R2,phase_conditioned,not_exceeding,0.1,113,False,0.09734513274336283,0.08849557522123894,2,2,0,-1.0,-1.0,5.0,6.0,0,0
DS07,cvae,2,0.005,R2,phase_conditioned,not_exceeding,0.15,113,False,0.13274336283185842,0.1415929203539823,1,3,0,0.0,0.0,5.0,5.0,0,0
DS07,cvae,2,0.005,R2,phase_conditioned,not_exceeding,0.2,113,False,0.19469026548672566,0.18584070796460178,0,4,0,0.0,0.0,2.0,2.0,0,0
DS07,cvae,2,0.005,R2,quantile_regression_W,nearest,0.025,113,False,0.02654867256637168,0.035398230088495575,1,0,3,5.0,13.0,19.0,6.0,0,0
DS07,cvae,2,0.005,R2,quantile_regression_W,nearest,0.05,113,False,0.061946902654867256,0.05309734513274336,1,0,3,3.0,3.0,9.0,6.0,0,0
DS07,cvae,2,0.005,R2,quantile_regression_W,nearest,0.1,113,False,0.09734513274336283,0.07964601769911504,2,1,1,-1.0,-1.0,5.0,6.0,0,0
DS07,cvae,2,0.005,R2,quantile_regression_W,nearest,0.15,113,False,0.1592920353982301,0.1415929203539823,0,1,3,1.0,3.0,5.0,2.0,0,0
DS07,cvae,2,0.005,R2,quantile_regression_W,nearest,0.2,113,True,0.20353982300884957,0.20353982300884957,0,1,3,1.0,3.0,5.0,2.0,0,0
DS07,cvae,2,0.005,R2,quantile_regression_W,not_exceeding,0.025,113,False,0.017699115044247787,0.0,0,0,4,inf,inf,inf,10.0,0,4
DS07,cvae,2,0.005,R2,quantile_regression_W,not_exceeding,0.05,113,False,0.02654867256637168,0.04424778761061947,1,0,3,4.0,10.0,16.0,6.0,0,0
DS07,cvae,2,0.005,R2,quantile_regression_W,not_exceeding,0.1,113,False,0.09734513274336283,0.07964601769911504,2,1,1,-1.0,-1.0,5.0,6.0,0,0
DS07,cvae,2,0.005,R2,quantile_regression_W,not_exceeding,0.15,113,False,0.13274336283185842,0.1415929203539823,1,2,1,0.0,0.0,5.0,5.0,0,0
DS07,cvae,2,0.005,R2,quantile_regression_W,not_exceeding,0.2,113,False,0.19469026548672566,0.1592920353982301,0,1,3,1.0,3.0,5.0,2.0,0,0
DS07,cvae,2,0.01,R0,phase_conditioned,nearest,0.025,113,True,0.017699115044247787,0.02654867256637168,2,2,0,-7.0,0.0,10.0,10.0,0,0
DS07,cvae,2,0.01,R0,phase_conditioned,nearest,0.05,113,False,0.061946902654867256,0.04424778761061947,1,2,1,0.0,0.0,10.0,10.0,0,0
DS07,cvae,2,0.01,R0,phase_conditioned,nearest,0.1,113,False,0.09734513274336283,0.08849557522123894,0,3,1,0.0,2.0,8.0,6.0,0,0
DS07,cvae,2,0.01,R0,phase_conditioned,nearest,0.15,113,True,0.1504424778761062,0.1504424778761062,0,3,1,0.0,6.0,6.0,0.0,0,0
DS07,cvae,2,0.01,R0,phase_conditioned,nearest,0.2,113,True,0.20353982300884957,0.20353982300884957,0,3,1,0.0,0.0,0.0,0.0,0,0
DS07,cvae,2,0.01,R0,phase_conditioned,not_exceeding,0.025,113,True,0.017699115044247787,0.017699115044247787,2,2,0,-7.0,0.0,10.0,10.0,0,0
DS07,cvae,2,0.01,R0,phase_conditioned,not_exceeding,0.05,113,False,0.035398230088495575,0.04424778761061947,1,2,1,0.0,0.0,10.0,10.0,0,0
DS07,cvae,2,0.01,R0,phase_conditioned,not_exceeding,0.1,113,False,0.09734513274336283,0.08849557522123894,0,3,1,0.0,2.0,8.0,6.0,0,0
DS07,cvae,2,0.01,R0,phase_conditioned,not_exceeding,0.15,113,True,0.1415929203539823,0.1415929203539823,0,2,2,0.0,6.0,6.0,0.0,0,0
DS07,cvae,2,0.01,R0,phase_conditioned,not_exceeding,0.2,113,True,0.19469026548672566,0.19469026548672566,0,3,1,0.0,0.0,0.0,0.0,0,0
DS07,cvae,2,0.01,R0,quantile_regression_W,nearest,0.025,113,True,0.017699115044247787,0.02654867256637168,2,0,2,-7.0,9.0,19.0,10.0,0,0
DS07,cvae,2,0.01,R0,quantile_regression_W,nearest,0.05,113,False,0.061946902654867256,0.05309734513274336,2,1,1,-2.0,-2.0,8.0,10.0,0,0
DS07,cvae,2,0.01,R0,quantile_regression_W,nearest,0.1,113,True,0.09734513274336283,0.10619469026548672,0,2,2,0.0,2.0,8.0,6.0,0,0
DS07,cvae,2,0.01,R0,quantile_regression_W,nearest,0.15,113,True,0.1504424778761062,0.1504424778761062,2,0,2,-3.0,4.0,4.0,0.0,0,0
DS07,cvae,2,0.01,R0,quantile_regression_W,nearest,0.2,113,True,0.20353982300884957,0.19469026548672566,1,2,1,0.0,0.0,0.0,0.0,0,0
DS07,cvae,2,0.01,R0,quantile_regression_W,not_exceeding,0.025,113,True,0.017699115044247787,0.017699115044247787,2,0,2,-7.0,9.0,19.0,10.0,0,0
DS07,cvae,2,0.01,R0,quantile_regression_W,not_exceeding,0.05,113,False,0.035398230088495575,0.04424778761061947,2,1,1,-2.0,-2.0,8.0,10.0,0,0
DS07,cvae,2,0.01,R0,quantile_regression_W,not_exceeding,0.1,113,False,0.09734513274336283,0.08849557522123894,0,2,2,0.0,2.0,8.0,6.0,0,0
DS07,cvae,2,0.01,R0,quantile_regression_W,not_exceeding,0.15,113,True,0.1415929203539823,0.1415929203539823,2,0,2,-3.0,4.0,4.0,0.0,0,0
DS07,cvae,2,0.01,R0,quantile_regression_W,not_exceeding,0.2,113,True,0.19469026548672566,0.19469026548672566,1,2,1,0.0,0.0,0.0,0.0,0,0
DS07,cvae,2,0.01,R1,phase_conditioned,nearest,0.025,113,True,0.017699115044247787,0.02654867256637168,3,1,0,-4.0,0.0,6.0,6.0,0,0
DS07,cvae,2,0.01,R1,phase_conditioned,nearest,0.05,113,False,0.061946902654867256,0.05309734513274336,2,2,0,-1.0,0.0,6.0,6.0,0,0
DS07,cvae,2,0.01,R1,phase_conditioned,nearest,0.1,113,True,0.09734513274336283,0.09734513274336283,1,3,0,0.0,0.0,6.0,6.0,0,0
DS07,cvae,2,0.01,R1,phase_conditioned,nearest,0.15,113,True,0.1504424778761062,0.1504424778761062,1,3,0,0.0,0.0,5.0,5.0,0,0
DS07,cvae,2,0.01,R1,phase_conditioned,nearest,0.2,113,True,0.20353982300884957,0.20353982300884957,1,1,2,0.0,-2.0,0.0,2.0,0,0
DS07,cvae,2,0.01,R1,phase_conditioned,not_exceeding,0.025,113,True,0.017699115044247787,0.017699115044247787,1,2,1,0.0,4.0,10.0,6.0,0,0
DS07,cvae,2,0.01,R1,phase_conditioned,not_exceeding,0.05,113,False,0.035398230088495575,0.035398230088495575,2,2,0,-1.0,0.0,6.0,6.0,0,0
DS07,cvae,2,0.01,R1,phase_conditioned,not_exceeding,0.1,113,True,0.09734513274336283,0.09734513274336283,1,3,0,0.0,0.0,6.0,6.0,0,0
DS07,cvae,2,0.01,R1,phase_conditioned,not_exceeding,0.15,113,True,0.1415929203539823,0.1415929203539823,1,2,1,0.0,1.0,6.0,5.0,0,0
DS07,cvae,2,0.01,R1,phase_conditioned,not_exceeding,0.2,113,True,0.19469026548672566,0.19469026548672566,1,1,2,0.0,-2.0,0.0,2.0,0,0
DS07,cvae,2,0.01,R1,quantile_regression_W,nearest,0.025,113,True,0.017699115044247787,0.02654867256637168,2,0,2,-7.0,13.0,19.0,6.0,0,0
DS07,cvae,2,0.01,R1,quantile_regression_W,nearest,0.05,113,False,0.061946902654867256,0.05309734513274336,1,1,2,0.0,3.0,9.0,6.0,0,0
DS07,cvae,2,0.01,R1,quantile_regression_W,nearest,0.1,113,True,0.09734513274336283,0.09734513274336283,2,1,1,-1.0,-1.0,5.0,6.0,0,0
DS07,cvae,2,0.01,R1,quantile_regression_W,nearest,0.15,113,False,0.1504424778761062,0.1592920353982301,1,2,1,0.0,0.0,5.0,5.0,0,0
DS07,cvae,2,0.01,R1,quantile_regression_W,nearest,0.2,113,True,0.20353982300884957,0.20353982300884957,1,0,3,1.0,-1.0,1.0,2.0,0,0
DS07,cvae,2,0.01,R1,quantile_regression_W,not_exceeding,0.025,113,False,0.017699115044247787,0.0,0,0,4,inf,inf,inf,6.0,0,4
DS07,cvae,2,0.01,R1,quantile_regression_W,not_exceeding,0.05,113,False,0.035398230088495575,0.04424778761061947,1,0,3,4.0,10.0,16.0,6.0,0,0
DS07,cvae,2,0.01,R1,quantile_regression_W,not_exceeding,0.1,113,True,0.09734513274336283,0.09734513274336283,2,1,1,-1.0,-1.0,5.0,6.0,0,0
DS07,cvae,2,0.01,R1,quantile_regression_W,not_exceeding,0.15,113,False,0.1415929203539823,0.13274336283185842,1,2,1,0.0,0.0,5.0,5.0,0,0
DS07,cvae,2,0.01,R1,quantile_regression_W,not_exceeding,0.2,113,False,0.19469026548672566,0.18584070796460178,0,0,4,3.0,3.0,5.0,2.0,0,0
DS07,cvae,2,0.01,R2,phase_conditioned,nearest,0.025,113,True,0.017699115044247787,0.02654867256637168,2,2,0,-1.0,0.0,10.0,10.0,0,0
DS07,cvae,2,0.01,R2,phase_conditioned,nearest,0.05,113,False,0.061946902654867256,0.07079646017699115,2,0,2,-4.0,4.0,10.0,6.0,0,0
DS07,cvae,2,0.01,R2,phase_conditioned,nearest,0.1,113,False,0.10619469026548672,0.08849557522123894,1,3,0,0.0,0.0,6.0,6.0,0,0
DS07,cvae,2,0.01,R2,phase_conditioned,nearest,0.15,113,True,0.1504424778761062,0.1504424778761062,1,2,1,0.0,1.0,6.0,5.0,0,0
DS07,cvae,2,0.01,R2,phase_conditioned,nearest,0.2,113,True,0.19469026548672566,0.20353982300884957,1,1,2,0.0,0.0,0.0,0.0,0,0
DS07,cvae,2,0.01,R2,phase_conditioned,not_exceeding,0.025,113,True,0.017699115044247787,0.017699115044247787,1,3,0,0.0,0.0,10.0,10.0,0,0
DS07,cvae,2,0.01,R2,phase_conditioned,not_exceeding,0.05,113,False,0.035398230088495575,0.02654867256637168,1,1,2,0.0,4.0,10.0,6.0,0,0
DS07,cvae,2,0.01,R2,phase_conditioned,not_exceeding,0.1,113,False,0.08849557522123894,0.08849557522123894,1,3,0,0.0,0.0,6.0,6.0,0,0
DS07,cvae,2,0.01,R2,phase_conditioned,not_exceeding,0.15,113,True,0.1415929203539823,0.1415929203539823,1,2,1,0.0,1.0,6.0,5.0,0,0
DS07,cvae,2,0.01,R2,phase_conditioned,not_exceeding,0.2,113,True,0.19469026548672566,0.19469026548672566,1,1,2,0.0,0.0,0.0,0.0,0,0
DS07,cvae,2,0.01,R2,quantile_regression_W,nearest,0.025,113,True,0.017699115044247787,0.017699115044247787,2,0,2,-7.0,9.0,19.0,10.0,0,0
DS07,cvae,2,0.01,R2,quantile_regression_W,nearest,0.05,113,False,0.061946902654867256,0.05309734513274336,1,1,2,0.0,2.0,8.0,6.0,0,0
DS07,cvae,2,0.01,R2,quantile_regression_W,nearest,0.1,113,True,0.10619469026548672,0.09734513274336283,1,1,2,0.0,2.0,8.0,6.0,0,0
DS07,cvae,2,0.01,R2,quantile_regression_W,nearest,0.15,113,True,0.1504424778761062,0.1504424778761062,2,1,1,-2.0,-1.0,4.0,5.0,0,0
DS07,cvae,2,0.01,R2,quantile_regression_W,nearest,0.2,113,True,0.19469026548672566,0.20353982300884957,1,0,3,1.0,3.0,3.0,0.0,0,0
DS07,cvae,2,0.01,R2,quantile_regression_W,not_exceeding,0.025,113,True,0.017699115044247787,0.017699115044247787,2,0,2,-7.0,9.0,19.0,10.0,0,0
DS07,cvae,2,0.01,R2,quantile_regression_W,not_exceeding,0.05,113,False,0.035398230088495575,0.04424778761061947,1,1,2,0.0,4.0,10.0,6.0,0,0
DS07,cvae,2,0.01,R2,quantile_regression_W,not_exceeding,0.1,113,False,0.08849557522123894,0.09734513274336283,1,1,2,0.0,2.0,8.0,6.0,0,0
DS07,cvae,2,0.01,R2,quantile_regression_W,not_exceeding,0.15,113,False,0.1415929203539823,0.13274336283185842,1,2,1,0.0,0.0,5.0,5.0,0,0
DS07,cvae,2,0.01,R2,quantile_regression_W,not_exceeding,0.2,113,True,0.19469026548672566,0.19469026548672566,1,0,3,3.0,4.0,4.0,0.0,0,0
DS07,cvae,2,0.02,R0,phase_conditioned,nearest,0.025,113,True,0.02654867256637168,0.017699115044247787,0,4,0,0.0,0.0,10.0,10.0,0,0
DS07,cvae,2,0.02,R0,phase_conditioned,nearest,0.05,113,True,0.04424778761061947,0.05309734513274336,0,3,1,0.0,0.0,10.0,10.0,0,0
DS07,cvae,2,0.02,R0,phase_conditioned,nearest,0.1,113,True,0.09734513274336283,0.09734513274336283,0,4,0,0.0,0.0,10.0,10.0,0,0
DS07,cvae,2,0.02,R0,phase_conditioned,nearest,0.15,113,True,0.1504424778761062,0.1415929203539823,0,3,1,0.0,1.0,1.0,0.0,0,0
DS07,cvae,2,0.02,R0,phase_conditioned,nearest,0.2,113,False,0.21238938053097345,0.20353982300884957,0,4,0,0.0,0.0,0.0,0.0,0,0
DS07,cvae,2,0.02,R0,phase_conditioned,not_exceeding,0.025,113,False,0.008849557522123894,0.017699115044247787,0,4,0,0.0,0.0,10.0,10.0,0,0
DS07,cvae,2,0.02,R0,phase_conditioned,not_exceeding,0.05,113,True,0.04424778761061947,0.04424778761061947,0,3,1,0.0,0.0,10.0,10.0,0,0
DS07,cvae,2,0.02,R0,phase_conditioned,not_exceeding,0.1,113,True,0.09734513274336283,0.09734513274336283,0,4,0,0.0,0.0,10.0,10.0,0,0
DS07,cvae,2,0.02,R0,phase_conditioned,not_exceeding,0.15,113,True,0.1415929203539823,0.1415929203539823,1,2,1,0.0,1.0,1.0,0.0,0,0
DS07,cvae,2,0.02,R0,phase_conditioned,not_exceeding,0.2,113,False,0.18584070796460178,0.19469026548672566,0,4,0,0.0,0.0,0.0,0.0,0,0
DS07,cvae,2,0.02,R0,quantile_regression_W,nearest,0.025,113,True,0.02654867256637168,0.02654867256637168,0,3,1,0.0,6.0,16.0,10.0,0,0
DS07,cvae,2,0.02,R0,quantile_regression_W,nearest,0.05,113,True,0.04424778761061947,0.05309734513274336,1,2,1,0.0,-2.0,8.0,10.0,0,0
DS07,cvae,2,0.02,R0,quantile_regression_W,nearest,0.1,113,True,0.09734513274336283,0.10619469026548672,1,3,0,0.0,-2.0,8.0,10.0,0,0
DS07,cvae,2,0.02,R0,quantile_regression_W,nearest,0.15,113,True,0.1504424778761062,0.1504424778761062,1,1,2,0.0,3.0,3.0,0.0,0,0
DS07,cvae,2,0.02,R0,quantile_regression_W,nearest,0.2,113,False,0.21238938053097345,0.19469026548672566,1,2,1,0.0,0.0,0.0,0.0,0,0
DS07,cvae,2,0.02,R0,quantile_regression_W,not_exceeding,0.025,113,False,0.008849557522123894,0.0,0,0,4,inf,inf,inf,10.0,0,4
DS07,cvae,2,0.02,R0,quantile_regression_W,not_exceeding,0.05,113,True,0.04424778761061947,0.04424778761061947,1,2,1,0.0,-2.0,8.0,10.0,0,0
DS07,cvae,2,0.02,R0,quantile_regression_W,not_exceeding,0.1,113,False,0.09734513274336283,0.07964601769911504,1,3,0,0.0,-2.0,8.0,10.0,0,0
DS07,cvae,2,0.02,R0,quantile_regression_W,not_exceeding,0.15,113,False,0.1415929203539823,0.13274336283185842,1,0,3,4.0,4.0,4.0,0.0,0,0
DS07,cvae,2,0.02,R0,quantile_regression_W,not_exceeding,0.2,113,False,0.18584070796460178,0.19469026548672566,1,2,1,0.0,0.0,0.0,0.0,0,0
DS07,cvae,2,0.02,R1,phase_conditioned,nearest,0.025,113,True,0.02654867256637168,0.02654867256637168,1,2,1,0.0,0.0,10.0,10.0,0,0
DS07,cvae,2,0.02,R1,phase_conditioned,nearest,0.05,113,True,0.05309734513274336,0.05309734513274336,1,1,2,0.0,4.0,10.0,6.0,0,0
DS07,cvae,2,0.02,R1,phase_conditioned,nearest,0.1,113,True,0.10619469026548672,0.10619469026548672,0,4,0,0.0,0.0,6.0,6.0,0,0
DS07,cvae,2,0.02,R1,phase_conditioned,nearest,0.15,113,True,0.1504424778761062,0.1504424778761062,1,3,0,0.0,0.0,6.0,6.0,0,0
DS07,cvae,2,0.02,R1,phase_conditioned,nearest,0.2,113,True,0.19469026548672566,0.19469026548672566,1,3,0,0.0,-5.0,0.0,5.0,0,0
DS07,cvae,2,0.02,R1,phase_conditioned,not_exceeding,0.025,113,False,0.008849557522123894,0.0,0,0,4,inf,inf,inf,10.0,0,4
DS07,cvae,2,0.02,R1,phase_conditioned,not_exceeding,0.05,113,False,0.02654867256637168,0.04424778761061947,1,2,1,0.0,0.0,10.0,10.0,0,0
DS07,cvae,2,0.02,R1,phase_conditioned,not_exceeding,0.1,113,False,0.061946902654867256,0.061946902654867256,1,3,0,0.0,0.0,6.0,6.0,0,0
DS07,cvae,2,0.02,R1,phase_conditioned,not_exceeding,0.15,113,False,0.13274336283185842,0.1415929203539823,1,3,0,0.0,0.0,6.0,6.0,0,0
DS07,cvae,2,0.02,R1,phase_conditioned,not_exceeding,0.2,113,True,0.19469026548672566,0.19469026548672566,1,3,0,0.0,-5.0,0.0,5.0,0,0
DS07,cvae,2,0.02,R1,quantile_regression_W,nearest,0.025,113,True,0.02654867256637168,0.017699115044247787,1,2,1,0.0,0.0,10.0,10.0,0,0
DS07,cvae,2,0.02,R1,quantile_regression_W,nearest,0.05,113,True,0.05309734513274336,0.05309734513274336,1,1,2,0.0,3.0,9.0,6.0,0,0
DS07,cvae,2,0.02,R1,quantile_regression_W,nearest,0.1,113,False,0.10619469026548672,0.08849557522123894,1,3,0,0.0,-1.0,5.0,6.0,0,0
DS07,cvae,2,0.02,R1,quantile_regression_W,nearest,0.15,113,True,0.1504424778761062,0.1504424778761062,2,1,1,-1.0,-1.0,5.0,6.0,0,0
DS07,cvae,2,0.02,R1,quantile_regression_W,nearest,0.2,113,False,0.19469026548672566,0.17699115044247787,2,1,1,-2.0,-2.0,3.0,5.0,0,0
DS07,cvae,2,0.02,R1,quantile_regression_W,not_exceeding,0.025,113,False,0.008849557522123894,0.017699115044247787,2,2,0,-6.0,0.0,10.0,10.0,0,0
DS07,cvae,2,0.02,R1,quantile_regression_W,not_exceeding,0.05,113,False,0.02654867256637168,0.04424778761061947,1,2,1,0.0,0.0,10.0,10.0,0,0
DS07,cvae,2,0.02,R1,quantile_regression_W,not_exceeding,0.1,113,False,0.061946902654867256,0.08849557522123894,2,2,0,-1.0,-1.0,5.0,6.0,0,0
DS07,cvae,2,0.02,R1,quantile_regression_W,not_exceeding,0.15,113,False,0.13274336283185842,0.13274336283185842,1,2,1,0.0,-1.0,5.0,6.0,0,0
DS07,cvae,2,0.02,R1,quantile_regression_W,not_exceeding,0.2,113,False,0.19469026548672566,0.17699115044247787,2,1,1,-2.0,-2.0,3.0,5.0,0,0
DS07,cvae,2,0.02,R2,phase_conditioned,nearest,0.025,113,True,0.02654867256637168,0.02654867256637168,0,3,1,0.0,0.0,10.0,10.0,0,0
DS07,cvae,2,0.02,R2,phase_conditioned,nearest,0.05,113,True,0.05309734513274336,0.05309734513274336,0,3,1,0.0,0.0,10.0,10.0,0,0
DS07,cvae,2,0.02,R2,phase_conditioned,nearest,0.1,113,True,0.09734513274336283,0.09734513274336283,0,4,0,0.0,0.0,10.0,10.0,0,0
DS07,cvae,2,0.02,R2,phase_conditioned,nearest,0.15,113,True,0.1504424778761062,0.1504424778761062,1,3,0,0.0,0.0,6.0,6.0,0,0
DS07,cvae,2,0.02,R2,phase_conditioned,nearest,0.2,113,True,0.20353982300884957,0.20353982300884957,0,2,2,0.0,0.0,0.0,0.0,0,0
DS07,cvae,2,0.02,R2,phase_conditioned,not_exceeding,0.025,113,True,0.017699115044247787,0.017699115044247787,0,3,1,0.0,0.0,10.0,10.0,0,0
DS07,cvae,2,0.02,R2,phase_conditioned,not_exceeding,0.05,113,False,0.02654867256637168,0.04424778761061947,0,3,1,0.0,0.0,10.0,10.0,0,0
DS07,cvae,2,0.02,R2,phase_conditioned,not_exceeding,0.1,113,True,0.09734513274336283,0.09734513274336283,0,4,0,0.0,0.0,10.0,10.0,0,0
DS07,cvae,2,0.02,R2,phase_conditioned,not_exceeding,0.15,113,True,0.1415929203539823,0.1415929203539823,1,3,0,0.0,0.0,6.0,6.0,0,0
DS07,cvae,2,0.02,R2,phase_conditioned,not_exceeding,0.2,113,True,0.19469026548672566,0.19469026548672566,0,4,0,0.0,0.0,0.0,0.0,0,0
DS07,cvae,2,0.02,R2,quantile_regression_W,nearest,0.025,113,True,0.02654867256637168,0.02654867256637168,0,3,1,0.0,0.0,10.0,10.0,0,0
DS07,cvae,2,0.02,R2,quantile_regression_W,nearest,0.05,113,True,0.05309734513274336,0.05309734513274336,1,2,1,0.0,-2.0,8.0,10.0,0,0
DS07,cvae,2,0.02,R2,quantile_regression_W,nearest,0.1,113,True,0.09734513274336283,0.10619469026548672,1,3,0,0.0,-2.0,8.0,10.0,0,0
DS07,cvae,2,0.02,R2,quantile_regression_W,nearest,0.15,113,True,0.1504424778761062,0.1504424778761062,2,1,1,-3.0,-2.0,4.0,6.0,0,0
DS07,cvae,2,0.02,R2,quantile_regression_W,nearest,0.2,113,True,0.20353982300884957,0.20353982300884957,0,1,3,3.0,3.0,3.0,0.0,0,0
DS07,cvae,2,0.02,R2,quantile_regression_W,not_exceeding,0.025,113,False,0.017699115044247787,0.0,0,0,4,inf,inf,inf,10.0,0,4
DS07,cvae,2,0.02,R2,quantile_regression_W,not_exceeding,0.05,113,False,0.02654867256637168,0.04424778761061947,1,2,1,0.0,-2.0,8.0,10.0,0,0
DS07,cvae,2,0.02,R2,quantile_regression_W,not_exceeding,0.1,113,False,0.09734513274336283,0.07964601769911504,1,3,0,0.0,-2.0,8.0,10.0,0,0
DS07,cvae,2,0.02,R2,quantile_regression_W,not_exceeding,0.15,113,True,0.1415929203539823,0.1415929203539823,1,2,1,0.0,-2.0,4.0,6.0,0,0
DS07,cvae,2,0.02,R2,quantile_regression_W,not_exceeding,0.2,113,True,0.19469026548672566,0.19469026548672566,1,2,1,0.0,3.0,3.0,0.0,0,0
