subset,detector,seed,nominal_fpr,arm,unit,pooled_arm_A2,arm_A2,diff_A2,diff_A1,diff_A3,category,source
DS02,pca,-1,0.005,phase_conditioned,11,0.007436211401912632,0.0019447445880994077,-0.005491466813813225,-0.010271652924295063,-0.004133658523371046,1,results/extension/DS02/audit/paired_transport_engines.csv
DS02,pca,-1,0.005,phase_conditioned,14,0.0064446529080675425,0.03200678049178989,0.02556212758372235,0.022635706012442733,0.013885487616386435,4,results/extension/DS02/audit/paired_transport_engines.csv
DS02,pca,-1,0.005,phase_conditioned,15,0.008470541471601447,0.0004924624995324136,-0.007978078972069032,-0.012116101887070366,-0.005275517586842646,1,results/extension/DS02/audit/paired_transport_engines.csv
DS02,pca,-1,0.005,quantile_regression_W,11,0.007436211401912632,0.008659213035188074,0.0012230016332754412,-0.0011802175626707545,0.00012140830932580535,2,results/extension/DS02/audit/paired_transport_engines.csv
DS02,pca,-1,0.005,quantile_regression_W,14,0.0064446529080675425,0.009704680990115188,0.0032600280820476455,-0.004489225672880022,0.0022891983498281414,2,results/extension/DS02/audit/paired_transport_engines.csv
DS02,pca,-1,0.005,quantile_regression_W,15,0.008470541471601447,0.0021919899977453933,-0.006278551473856054,-0.010314848599242723,-0.0043726473356000125,1,results/extension/DS02/audit/paired_transport_engines.csv
DS02,pca,-1,0.01,phase_conditioned,11,0.01780019974552967,0.003777711539178062,-0.014022488206351606,-0.021862526543849924,-0.009686411782535887,1,results/extension/DS02/audit/paired_transport_engines.csv
DS02,pca,-1,0.01,phase_conditioned,14,0.03971857410881801,0.043100236908749284,0.0033816627999312746,-0.00302074058928771,0.003035900272770061,2,results/extension/DS02/audit/paired_transport_engines.csv
DS02,pca,-1,0.01,phase_conditioned,15,0.026657539086653123,0.0028102646088257605,-0.023847274477827363,-0.03209041222019369,-0.014785115338005087,1,results/extension/DS02/audit/paired_transport_engines.csv
DS02,pca,-1,0.01,quantile_regression_W,11,0.01780019974552967,0.02003409025249899,0.002233890506969323,-0.0007095872679105178,0.0002755980866122748,2,results/extension/DS02/audit/paired_transport_engines.csv
DS02,pca,-1,0.01,quantile_regression_W,14,0.03971857410881801,0.02202352748958418,-0.01769504661923383,-0.030138725805826175,-0.009424553078126063,1,results/extension/DS02/audit/paired_transport_engines.csv
DS02,pca,-1,0.01,quantile_regression_W,15,0.026657539086653123,0.005839226055053394,-0.020818313031599728,-0.030504542119488304,-0.01304936646459429,1,results/extension/DS02/audit/paired_transport_engines.csv
DS02,pca,-1,0.02,phase_conditioned,11,0.038610263636736766,0.004366218379324969,-0.0342440452574118,-0.0501350993205289,-0.022180412314470693,1,results/extension/DS02/audit/paired_transport_engines.csv
DS02,pca,-1,0.02,phase_conditioned,14,0.05936210131332083,0.08178906952046401,0.022426968207143183,0.005352722710769697,0.018853875202593927,4,results/extension/DS02/audit/paired_transport_engines.csv
DS02,pca,-1,0.02,phase_conditioned,15,0.05715749492094338,0.01040809115802491,-0.04674940376291847,-0.06233815740600478,-0.02781115277387674,1,results/extension/DS02/audit/paired_transport_engines.csv
DS02,pca,-1,0.02,quantile_regression_W,11,0.038610263636736766,0.01282760162450166,-0.025782662012235107,-0.03156355145415431,-0.014780845124410427,1,results/extension/DS02/audit/paired_transport_engines.csv
DS02,pca,-1,0.02,quantile_regression_W,14,0.05936210131332083,0.015863083081447595,-0.04349901823187323,-0.045805996090877946,-0.02515770547619809,1,results/extension/DS02/audit/paired_transport_engines.csv
DS02,pca,-1,0.02,quantile_regression_W,15,0.05715749492094338,0.012682776855438727,-0.044474718065504654,-0.06544799244032667,-0.02748872860787656,1,results/extension/DS02/audit/paired_transport_engines.csv
DS02,isolation_forest,0,0.005,phase_conditioned,11,0.008407576648926711,0.0018329669510786543,-0.006574609697848057,-0.010826469730074388,-0.0047588261022789066,1,results/extension/DS02/audit/paired_transport_engines.csv
DS02,isolation_forest,0,0.005,phase_conditioned,14,0.0029241892002287396,0.0457311494158974,0.04280696021566866,0.04203964682210541,0.025733060387782697,4,results/extension/DS02/audit/paired_transport_engines.csv
DS02,isolation_forest,0,0.005,phase_conditioned,15,0.004200639488409273,0.0008209842382504249,-0.003379655250158848,-0.006386456769459264,-0.002728929549833202,1,results/extension/DS02/audit/paired_transport_engines.csv
DS02,isolation_forest,0,0.005,quantile_regression_W,11,0.008407576648926711,0.013237040482672758,0.004829463833746047,0.003488132189497008,0.0020535806220450745,4,results/extension/DS02/audit/paired_transport_engines.csv
DS02,isolation_forest,0,0.005,quantile_regression_W,14,0.0029241892002287396,0.020065666041275798,0.017141476841047058,0.020249611703452547,0.010192777331363404,4,results/extension/DS02/audit/paired_transport_engines.csv
DS02,isolation_forest,0,0.005,quantile_regression_W,15,0.004200639488409273,0.01044907043728725,0.006248430948877976,0.006490158643731236,0.0030414019423717744,4,results/extension/DS02/audit/paired_transport_engines.csv
DS02,isolation_forest,0,0.01,phase_conditioned,11,0.012341400681323793,0.002473639107269272,-0.009867761574054522,-0.017531108318806325,-0.00791139389800189,1,results/extension/DS02/audit/paired_transport_engines.csv
DS02,isolation_forest,0,0.01,phase_conditioned,14,0.015103189493433396,0.06417694632791439,0.049073756834480994,0.05613202195183017,0.034621371242762405,4,results/extension/DS02/audit/paired_transport_engines.csv
DS02,isolation_forest,0,0.01,phase_conditioned,15,0.013959897535553397,0.002734740747283809,-0.011225156788269589,-0.017044130900348415,-0.007598008877568719,1,results/extension/DS02/audit/paired_transport_engines.csv
DS02,isolation_forest,0,0.01,quantile_regression_W,11,0.012341400681323793,0.014516711586608841,0.002175310905285048,-2.2982622789765456e-05,-0.0002655149675994759,3,results/extension/DS02/audit/paired_transport_engines.csv
DS02,isolation_forest,0,0.01,quantile_regression_W,14,0.015103189493433396,0.021594746716697935,0.006491557223264539,0.005217482449438171,0.004435401519839281,4,results/extension/DS02/audit/paired_transport_engines.csv
DS02,isolation_forest,0,0.01,quantile_regression_W,15,0.013959897535553397,0.03627239741143904,0.02231249987588564,0.019893921917739345,0.011254231996143001,4,results/extension/DS02/audit/paired_transport_engines.csv
DS02,isolation_forest,0,0.02,phase_conditioned,11,0.02793892712024407,0.009343865270688178,-0.018595061849555894,-0.036318878170785,-0.014812168508748693,1,results/extension/DS02/audit/paired_transport_engines.csv
DS02,isolation_forest,0,0.02,phase_conditioned,14,0.10592870544090056,0.08873294665468508,-0.017195758786215487,-0.007677747456104833,-0.0007014908947998305,1,results/extension/DS02/audit/paired_transport_engines.csv
DS02,isolation_forest,0,0.02,phase_conditioned,15,0.06338485999470012,0.002289550393074817,-0.0610953096016253,-0.07483599282311351,-0.03668951878458709,1,results/extension/DS02/audit/paired_transport_engines.csv
DS02,isolation_forest,0,0.02,quantile_regression_W,11,0.02793892712024407,0.01912823389380652,-0.00881069322643755,-0.012946465796205425,-0.007045740397568856,1,results/extension/DS02/audit/paired_transport_engines.csv
DS02,isolation_forest,0,0.02,quantile_regression_W,14,0.10592870544090056,0.030356472795497188,-0.07557223264540337,-0.08219355870826103,-0.03976515182168125,1,results/extension/DS02/audit/paired_transport_engines.csv
DS02,isolation_forest,0,0.02,quantile_regression_W,15,0.06338485999470012,0.04278756592974975,-0.020597294064950367,-0.027443099471906852,-0.01327087888784085,1,results/extension/DS02/audit/paired_transport_engines.csv
DS02,isolation_forest,1,0.005,phase_conditioned,11,0.009433666698589468,0.001963374194269533,-0.007470292504319935,-0.011036636145514894,-0.005052349384944642,1,results/extension/DS02/audit/paired_transport_engines.csv
DS02,isolation_forest,1,0.005,phase_conditioned,14,0.0024671669793621016,0.044505759333387795,0.0420385923540257,0.043228089772429965,0.025120231433164247,4,results/extension/DS02/audit/paired_transport_engines.csv
DS02,isolation_forest,1,0.005,phase_conditioned,15,0.004282625181905758,0.0006775092746315768,-0.003605115907274181,-0.0073710231005084505,-0.003168748181327024,1,results/extension/DS02/audit/paired_transport_engines.csv
DS02,isolation_forest,1,0.005,quantile_regression_W,11,0.009433666698589468,0.012908691666780676,0.003475024968191208,0.0020964341116019164,0.0013234570461766269,4,results/extension/DS02/audit/paired_transport_engines.csv
DS02,isolation_forest,1,0.005,quantile_regression_W,14,0.0024671669793621016,0.012861163227016886,0.010393996247654785,0.01627586864370086,0.006127349369937401,4,results/extension/DS02/audit/paired_transport_engines.csv
DS02,isolation_forest,1,0.005,quantile_regression_W,15,0.004282625181905758,0.009925373134328359,0.005642747952422601,0.004894047227145589,0.0023884626438244313,4,results/extension/DS02/audit/paired_transport_engines.csv
DS02,isolation_forest,1,0.01,phase_conditioned,11,0.013476940336283912,0.0035168970527963044,-0.009960043283487607,-0.016854622417373323,-0.007744151954863045,1,results/extension/DS02/audit/paired_transport_engines.csv
DS02,isolation_forest,1,0.01,phase_conditioned,14,0.02287054409005628,0.05960215668654522,0.03673161259648894,0.04265969269761006,0.025424444680223507,4,results/extension/DS02/audit/paired_transport_engines.csv
DS02,isolation_forest,1,0.01,phase_conditioned,15,0.01824397138062009,0.002602243618054942,-0.015641727762565148,-0.022134584759019263,-0.010285101304539067,1,results/extension/DS02/audit/paired_transport_engines.csv
DS02,isolation_forest,1,0.01,quantile_regression_W,11,0.013476940336283912,0.012806561503837575,-0.0006703788324463368,-0.0024774506309485148,-0.0016057717354975905,1,results/extension/DS02/audit/paired_transport_engines.csv
DS02,isolation_forest,1,0.01,quantile_regression_W,14,0.02287054409005628,0.01577861163227017,-0.00709193245778611,-0.0066834690969495795,-0.003619816470490176,1,results/extension/DS02/audit/paired_transport_engines.csv
DS02,isolation_forest,1,0.01,quantile_regression_W,15,0.01824397138062009,0.010798264317510192,-0.007445707063109897,-0.009515845823896137,-0.00497106845953874,1,results/extension/DS02/audit/paired_transport_engines.csv
DS02,isolation_forest,1,0.02,phase_conditioned,11,0.025818341017607705,0.010331234397704833,-0.015487106619902873,-0.03251783777080809,-0.013355817804996471,1,results/extension/DS02/audit/paired_transport_engines.csv
DS02,isolation_forest,1,0.02,phase_conditioned,14,0.09564727954971856,0.08178906952046401,-0.013858210029254553,-0.008779610836598437,-0.002296066137489887,1,results/extension/DS02/audit/paired_transport_engines.csv
DS02,isolation_forest,1,0.02,phase_conditioned,15,0.059454111827577066,0.002755395952567987,-0.056698715875009076,-0.07118991262314986,-0.034525018205518836,1,results/extension/DS02/audit/paired_transport_engines.csv
DS02,isolation_forest,1,0.02,quantile_regression_W,11,0.025818341017607705,0.0179926942388464,-0.007825646778761304,-0.010955420615342396,-0.0063974607726512474,1,results/extension/DS02/audit/paired_transport_engines.csv
DS02,isolation_forest,1,0.02,quantile_regression_W,14,0.09564727954971856,0.02348968105065666,-0.0721575984990619,-0.07707544498545352,-0.040151000073903,1,results/extension/DS02/audit/paired_transport_engines.csv
DS02,isolation_forest,1,0.02,quantile_regression_W,15,0.059454111827577066,0.028685145700071076,-0.03076896612750599,-0.03587257554766218,-0.01871777951171974,1,results/extension/DS02/audit/paired_transport_engines.csv
DS02,isolation_forest,2,0.005,phase_conditioned,11,0.00854438865554841,0.0016653004955475242,-0.006879088160000886,-0.011220913474281762,-0.004937590957957102,1,results/extension/DS02/audit/paired_transport_engines.csv
DS02,isolation_forest,2,0.005,phase_conditioned,14,0.0029241892002287396,0.04679315415407238,0.043868964953843646,0.04358102358293072,0.026169806249042925,4,results/extension/DS02/audit/paired_transport_engines.csv
DS02,isolation_forest,2,0.005,phase_conditioned,15,0.004221135911783394,0.001292401975855213,-0.0029287339359281806,-0.00637719255265815,-0.0026448092261028722,1,results/extension/DS02/audit/paired_transport_engines.csv
DS02,isolation_forest,2,0.005,quantile_regression_W,11,0.00854438865554841,0.011307991189306772,0.002763602533758361,0.0011987156154678134,0.0008588101413437273,4,results/extension/DS02/audit/paired_transport_engines.csv
DS02,isolation_forest,2,0.005,quantile_regression_W,14,0.0029241892002287396,0.01526266416510319,0.01233847496487445,0.015762596505595652,0.007419944659443346,4,results/extension/DS02/audit/paired_transport_engines.csv
DS02,isolation_forest,2,0.005,quantile_regression_W,15,0.004221135911783394,0.010748326038978042,0.0065271901271946485,0.005212648891020541,0.0029027285126632164,4,results/extension/DS02/audit/paired_transport_engines.csv
DS02,isolation_forest,2,0.01,phase_conditioned,11,0.012984417112445789,0.002473639107269272,-0.010510778005176517,-0.018112995183848818,-0.008122641836866881,1,results/extension/DS02/audit/paired_transport_engines.csv
DS02,isolation_forest,2,0.01,phase_conditioned,14,0.017242026266416507,0.06589249244342783,0.048650466177011326,0.056159233578661705,0.033177617531084634,4,results/extension/DS02/audit/paired_transport_engines.csv
DS02,isolation_forest,2,0.01,phase_conditioned,15,0.015505697376556842,0.00282307216676972,-0.012682625209787121,-0.018458107388147,-0.008476627288421655,1,results/extension/DS02/audit/paired_transport_engines.csv
DS02,isolation_forest,2,0.01,quantile_regression_W,11,0.012984417112445789,0.014762973198527903,0.0017785560860821142,-0.0010531440517769705,-0.0005932265855967261,3,results/extension/DS02/audit/paired_transport_engines.csv
DS02,isolation_forest,2,0.01,quantile_regression_W,14,0.017242026266416507,0.019455909943714822,0.0022138836772983145,0.0014786496277925526,0.002226641172728359,4,results/extension/DS02/audit/paired_transport_engines.csv
DS02,isolation_forest,2,0.01,quantile_regression_W,15,0.015505697376556842,0.04149066696592227,0.025984969589365428,0.022295613382023613,0.013382704455359527,4,results/extension/DS02/audit/paired_transport_engines.csv
DS02,isolation_forest,2,0.02,phase_conditioned,11,0.025134280984499196,0.00811431126345989,-0.017019969721039307,-0.03442882608497733,-0.014170355816048618,1,results/extension/DS02/audit/paired_transport_engines.csv
DS02,isolation_forest,2,0.02,phase_conditioned,14,0.1051031894934334,0.10793072461400212,0.002827535120568714,0.009158953532805159,0.00867338522063342,4,results/extension/DS02/audit/paired_transport_engines.csv
DS02,isolation_forest,2,0.02,phase_conditioned,15,0.06122074021729529,0.0014504019079586601,-0.05977033830933663,-0.07466221967603814,-0.03627439309007485,1,results/extension/DS02/audit/paired_transport_engines.csv
DS02,isolation_forest,2,0.02,quantile_regression_W,11,0.025134280984499196,0.021235138795780716,-0.0038991421887184796,-0.008910506248482261,-0.004942297240271948,1,results/extension/DS02/audit/paired_transport_engines.csv
DS02,isolation_forest,2,0.02,quantile_regression_W,14,0.1051031894934334,0.024577861163227018,-0.08052532833020638,-0.08879449572092454,-0.041907336323237204,1,results/extension/DS02/audit/paired_transport_engines.csv
DS02,isolation_forest,2,0.02,quantile_regression_W,15,0.06122074021729529,0.04856693973740321,-0.012653800479892077,-0.02072939128929583,-0.008980477763804794,1,results/extension/DS02/audit/paired_transport_engines.csv
DS02,lstm_autoencoder,0,0.005,phase_conditioned,11,0.00720363099065574,0.0017065349280637894,-0.005497096062591951,-0.009681134775629771,-0.0038197906348259583,1,results/extension/DS02/audit/paired_transport_engines.csv
DS02,lstm_autoencoder,0,0.005,phase_conditioned,14,0.007008822808594069,0.023102279225553468,0.0160934564169594,0.013576753298045178,0.008129372816494253,4,results/extension/DS02/audit/paired_transport_engines.csv
DS02,lstm_autoencoder,0,0.005,phase_conditioned,15,0.0038993905132055475,0.0011844910784423747,-0.0027148994347631727,-0.0051107263629642016,-0.0022946476463621135,1,results/extension/DS02/audit/paired_transport_engines.csv
DS02,lstm_autoencoder,0,0.005,quantile_regression_W,11,0.00720363099065574,0.05002578906324819,0.04282215807259245,0.038015719680700055,0.024300908356317853,4,results/extension/DS02/audit/paired_transport_engines.csv
DS02,lstm_autoencoder,0,0.005,quantile_regression_W,14,0.007008822808594069,0.006857410881801126,-0.00015141192679294334,-0.006247588993409322,0.000551368503010124,3,results/extension/DS02/audit/paired_transport_engines.csv
DS02,lstm_autoencoder,0,0.005,quantile_regression_W,15,0.0038993905132055475,0.057450903377847605,0.053551512864642055,0.05269066308292897,0.030081486213890934,4,results/extension/DS02/audit/paired_transport_engines.csv
DS02,lstm_autoencoder,0,0.01,phase_conditioned,11,0.013641114744229953,0.0036100450836469315,-0.010031069660583022,-0.015732482325780176,-0.00680955548726546,1,results/extension/DS02/audit/paired_transport_engines.csv
DS02,lstm_autoencoder,0,0.01,phase_conditioned,14,0.010712945590994371,0.04416224164692427,0.033449296055929896,0.035503266892595406,0.018207322554897508,4,results/extension/DS02/audit/paired_transport_engines.csv
DS02,lstm_autoencoder,0,0.01,phase_conditioned,15,0.006597593719895878,0.0019494148271126683,-0.0046481788927832095,-0.009690136317039017,-0.004345747059272443,1,results/extension/DS02/audit/paired_transport_engines.csv
DS02,lstm_autoencoder,0,0.01,quantile_regression_W,11,0.013641114744229953,0.006102773179374221,-0.007538341564855732,-0.011934928621005366,-0.005211136811598087,1,results/extension/DS02/audit/paired_transport_engines.csv
DS02,lstm_autoencoder,0,0.01,quantile_regression_W,14,0.010712945590994371,0.013009857087215746,0.002296911496221375,-0.0006772602562313181,0.0013232335482827092,2,results/extension/DS02/audit/paired_transport_engines.csv
DS02,lstm_autoencoder,0,0.01,quantile_regression_W,15,0.006597593719895878,0.006197209441514232,-0.000400384278381646,-0.0015488377872095518,-0.0006143104258959598,1,results/extension/DS02/audit/paired_transport_engines.csv
DS02,lstm_autoencoder,0,0.02,phase_conditioned,11,0.02041426675605051,0.007928015201758636,-0.012486251554291875,-0.023689971296123283,-0.01019889498189605,1,results/extension/DS02/audit/paired_transport_engines.csv
DS02,lstm_autoencoder,0,0.02,phase_conditioned,14,0.02018761726078799,0.14175149089126707,0.12156387363047907,0.12973193219795828,0.07047011350107693,4,results/extension/DS02/audit/paired_transport_engines.csv
DS02,lstm_autoencoder,0,0.02,phase_conditioned,15,0.013124282307216673,0.005764004181270366,-0.007360278125946307,-0.01662899260745372,-0.007177685735561436,1,results/extension/DS02/audit/paired_transport_engines.csv
DS02,lstm_autoencoder,0,0.02,quantile_regression_W,11,0.02041426675605051,0.008766347479414285,-0.011647919276636226,-0.019349922942394175,-0.00827450206323857,1,results/extension/DS02/audit/paired_transport_engines.csv
DS02,lstm_autoencoder,0,0.02,quantile_regression_W,14,0.02018761726078799,0.02047697516253708,0.0002893579017490891,0.007669423973918749,-0.0008948976668353287,3,results/extension/DS02/audit/paired_transport_engines.csv
DS02,lstm_autoencoder,0,0.02,quantile_regression_W,15,0.013124282307216673,0.010940580868638423,-0.00218370143857825,-0.012638559119554488,-0.0033573650997120695,1,results/extension/DS02/audit/paired_transport_engines.csv
DS02,lstm_autoencoder,1,0.005,phase_conditioned,11,0.006423802552912043,0.0014790044338462687,-0.004944798119065774,-0.009499397281641349,-0.003649089303589011,1,results/extension/DS02/audit/paired_transport_engines.csv
DS02,lstm_autoencoder,1,0.005,phase_conditioned,14,0.005865125398251777,0.021223347765705416,0.015358222367453638,0.011136409602588371,0.008049910241117288,4,results/extension/DS02/audit/paired_transport_engines.csv
DS02,lstm_autoencoder,1,0.005,phase_conditioned,15,0.003943556222948503,0.0003802416488983655,-0.003563314574050138,-0.0063075806996112285,-0.002855586269596374,1,results/extension/DS02/audit/paired_transport_engines.csv
DS02,lstm_autoencoder,1,0.005,quantile_regression_W,11,0.006423802552912043,0.026165775108423515,0.019741972555511474,0.014116708344111722,0.010556859191450232,4,results/extension/DS02/audit/paired_transport_engines.csv
DS02,lstm_autoencoder,1,0.005,quantile_regression_W,14,0.005865125398251777,0.0047214279879094845,-0.0011436974103422922,-0.0064167896594959,-0.0002878271106929106,1,results/extension/DS02/audit/paired_transport_engines.csv
DS02,lstm_autoencoder,1,0.005,quantile_regression_W,15,0.003943556222948503,0.04959544383346426,0.04565188761051576,0.04565188761051575,0.025559085666144787,4,results/extension/DS02/audit/paired_transport_engines.csv
DS02,lstm_autoencoder,1,0.01,phase_conditioned,11,0.015228134021041685,0.0038336003576884383,-0.011394533663353246,-0.018223045530417478,-0.007806281704306194,1,results/extension/DS02/audit/paired_transport_engines.csv
DS02,lstm_autoencoder,1,0.01,phase_conditioned,14,0.009933012008822807,0.03738174985703782,0.027448737848215013,0.03183701547094575,0.016027115353182183,4,results/extension/DS02/audit/paired_transport_engines.csv
DS02,lstm_autoencoder,1,0.01,phase_conditioned,15,0.006556600873147636,0.0013876866001236634,-0.0051689142730239725,-0.01042458032332964,-0.004519114586935959,1,results/extension/DS02/audit/paired_transport_engines.csv
DS02,lstm_autoencoder,1,0.01,quantile_regression_W,11,0.015228134021041685,0.004355229330451954,-0.01087290469058973,-0.0160257455985345,-0.007051551759406085,1,results/extension/DS02/audit/paired_transport_engines.csv
DS02,lstm_autoencoder,1,0.01,quantile_regression_W,14,0.009933012008822807,0.005429786979057435,-0.004503225029765372,-0.003116823579642519,-0.0037753020347578627,1,results/extension/DS02/audit/paired_transport_engines.csv
DS02,lstm_autoencoder,1,0.01,quantile_regression_W,15,0.006556600873147636,0.006433622332902908,-0.00012297854024472758,-0.003833154234851333,-0.0009589305517753548,1,results/extension/DS02/audit/paired_transport_engines.csv
DS02,lstm_autoencoder,1,0.02,phase_conditioned,11,0.027186461083824717,0.009287976452177802,-0.017898484631646915,-0.02800188824119623,-0.012462603384766785,1,results/extension/DS02/audit/paired_transport_engines.csv
DS02,lstm_autoencoder,1,0.02,phase_conditioned,14,0.02645403377110694,0.04960215668654522,0.023148122915438277,0.039542772397931296,0.017860607944219824,4,results/extension/DS02/audit/paired_transport_engines.csv
DS02,lstm_autoencoder,1,0.02,phase_conditioned,15,0.01475841356770603,0.004321173041250775,-0.010437240526455255,-0.020974083900927976,-0.008869241403248906,1,results/extension/DS02/audit/paired_transport_engines.csv
DS02,lstm_autoencoder,1,0.02,quantile_regression_W,11,0.027186461083824717,0.01372045992950829,-0.013466001154316426,-0.018626402063441204,-0.006646968424052798,1,results/extension/DS02/audit/paired_transport_engines.csv
DS02,lstm_autoencoder,1,0.02,quantile_regression_W,14,0.02645403377110694,0.02206489498756629,-0.00438913878354065,0.010692189873436418,-0.004528115331203814,3,results/extension/DS02/audit/paired_transport_engines.csv
DS02,lstm_autoencoder,1,0.02,quantile_regression_W,15,0.01475841356770603,0.010735616634897211,-0.004022796932808818,-0.020469938440674722,-0.004468232613323764,1,results/extension/DS02/audit/paired_transport_engines.csv
DS02,lstm_autoencoder,2,0.005,phase_conditioned,11,0.006191222141655152,0.0015162636461865196,-0.004674958495468632,-0.00905955915499222,-0.0035028569479369194,1,results/extension/DS02/audit/paired_transport_engines.csv
DS02,lstm_autoencoder,2,0.005,phase_conditioned,14,0.007335593497263295,0.02759537619475533,0.020259782697492037,0.016808806665587265,0.010866745334172971,4,results/extension/DS02/audit/paired_transport_engines.csv
DS02,lstm_autoencoder,2,0.005,phase_conditioned,15,0.003943556222948503,0.0018867982537047285,-0.002056757969243775,-0.004459561662829454,-0.001994759722701493,1,results/extension/DS02/audit/paired_transport_engines.csv
DS02,lstm_autoencoder,2,0.005,quantile_regression_W,11,0.006191222141655152,0.024948148249490373,0.01875692610783522,0.013987746928283078,0.00991635713555196,4,results/extension/DS02/audit/paired_transport_engines.csv
DS02,lstm_autoencoder,2,0.005,quantile_regression_W,14,0.007335593497263295,0.005048198676578711,-0.0022873948206845844,-0.008069819843904168,-0.0007053230434241652,1,results/extension/DS02/audit/paired_transport_engines.csv
DS02,lstm_autoencoder,2,0.005,quantile_regression_W,15,0.003943556222948503,0.05105431489170688,0.04711075866875838,0.04674182304802419,0.026367960807038675,4,results/extension/DS02/audit/paired_transport_engines.csv
DS02,lstm_autoencoder,2,0.01,phase_conditioned,11,0.013777926750851656,0.0036286746898170578,-0.010149252061034598,-0.01678127871332049,-0.0070182991791355835,1,results/extension/DS02/audit/paired_transport_engines.csv
DS02,lstm_autoencoder,2,0.01,phase_conditioned,14,0.012955640879013153,0.04653132913977616,0.03357568826076301,0.037811551662446014,0.01862509306740811,4,results/extension/DS02/audit/paired_transport_engines.csv
DS02,lstm_autoencoder,2,0.01,phase_conditioned,15,0.007136295380266762,0.0030357252659410933,-0.004100570114325668,-0.007943090566339357,-0.0035686276244613225,1,results/extension/DS02/audit/paired_transport_engines.csv
DS02,lstm_autoencoder,2,0.01,quantile_regression_W,11,0.013777926750851656,0.042549491743395396,0.02877156499254374,0.02221394362065954,0.0152709958115623,4,results/extension/DS02/audit/paired_transport_engines.csv
DS02,lstm_autoencoder,2,0.01,quantile_regression_W,14,0.012955640879013153,0.013938640381100759,0.000982999502087606,0.00028357101033525504,0.00040399365973138764,4,results/extension/DS02/audit/paired_transport_engines.csv
DS02,lstm_autoencoder,2,0.01,quantile_regression_W,15,0.007136295380266762,0.04182732951782441,0.03469103413755765,0.03321529165462092,0.018635863474750273,4,results/extension/DS02/audit/paired_transport_engines.csv
DS02,lstm_autoencoder,2,0.02,phase_conditioned,11,0.02014064274280711,0.006083684190916204,-0.014056958551890908,-0.024942226288846146,-0.011039385506511692,1,results/extension/DS02/audit/paired_transport_engines.csv
DS02,lstm_autoencoder,2,0.02,phase_conditioned,14,0.022889305816135085,0.15139122620700923,0.12850192039087416,0.13994761433668318,0.0706835774576547,4,results/extension/DS02/audit/paired_transport_engines.csv
DS02,lstm_autoencoder,2,0.02,phase_conditioned,15,0.014670082148220121,0.004841665129434913,-0.009828417018785209,-0.019550529548661245,-0.008959663319177174,1,results/extension/DS02/audit/paired_transport_engines.csv
DS02,lstm_autoencoder,2,0.02,quantile_regression_W,11,0.02014064274280711,0.014257726458073963,-0.005882916284733149,-0.014489794335331162,-0.0063476376767245875,1,results/extension/DS02/audit/paired_transport_engines.csv
DS02,lstm_autoencoder,2,0.02,quantile_regression_W,14,0.022889305816135085,0.02356293255834856,0.0006736267422134748,0.008517069280893057,-0.0015873412950808165,3,results/extension/DS02/audit/paired_transport_engines.csv
DS02,lstm_autoencoder,2,0.02,quantile_regression_W,15,0.014670082148220121,0.009054909918219271,-0.00561517223000085,-0.013575335030991696,-0.004925714970480672,1,results/extension/DS02/audit/paired_transport_engines.csv
DS02,cvae,0,0.005,phase_conditioned,11,0.004347963784045605,0.0020378926189500357,-0.0023100711650955695,-0.006961679390233407,-0.001888859983047631,1,results/extension/DS02/audit/paired_transport_engines.csv
DS02,cvae,0,0.005,phase_conditioned,14,0.02400562851782364,0.021191369606003752,-0.002814258911819887,-0.01155404580112479,0.00208966925647428,3,results/extension/DS02/audit/paired_transport_engines.csv
DS02,cvae,0,0.005,phase_conditioned,15,0.003362540736641456,0.00846615015679764,0.0051036094201561836,0.004654726017619991,0.002488821489474258,4,results/extension/DS02/audit/paired_transport_engines.csv
DS02,cvae,0,0.005,quantile_regression_W,11,0.004347963784045605,0.00590391692774958,0.0015559531437039746,0.000817677686589276,0.00026445187150013613,4,results/extension/DS02/audit/paired_transport_engines.csv
DS02,cvae,0,0.005,quantile_regression_W,14,0.02400562851782364,0.020590994371482176,-0.003414634146341463,-0.0004697279835446169,-0.0035177756790779613,1,results/extension/DS02/audit/paired_transport_engines.csv
DS02,cvae,0,0.005,quantile_regression_W,15,0.003362540736641456,0.007194665768899861,0.0038321250322584047,0.0034944844344890627,0.0017637703978420336,4,results/extension/DS02/audit/paired_transport_engines.csv
DS02,cvae,0,0.01,phase_conditioned,11,0.010617569397890358,0.0032397295891835676,-0.0073778398087067905,-0.013823857388969612,-0.005677454832562563,1,results/extension/DS02/audit/paired_transport_engines.csv
DS02,cvae,0,0.01,phase_conditioned,14,0.027861163227016886,0.04653132913977616,0.018670165912759273,0.0021928581599101084,0.013834976279761081,4,results/extension/DS02/audit/paired_transport_engines.csv
DS02,cvae,0,0.01,phase_conditioned,15,0.0037797014398021373,0.013857836807477096,0.010078135367674958,0.01021205578493523,0.005519333697457948,4,results/extension/DS02/audit/paired_transport_engines.csv
DS02,cvae,0,0.01,quantile_regression_W,11,0.010617569397890358,0.010371307785971296,-0.00024626161191906165,-0.0033201466299897786,-0.0015849484615533174,1,results/extension/DS02/audit/paired_transport_engines.csv
DS02,cvae,0,0.01,quantile_regression_W,14,0.027861163227016886,0.026585365853658532,-0.0012757973733583533,0.004034226317516577,-0.002527230969678107,3,results/extension/DS02/audit/paired_transport_engines.csv
DS02,cvae,0,0.01,quantile_regression_W,15,0.0037797014398021373,0.013472861257621664,0.009693159817819527,0.010489565881224131,0.005457438688997633,4,results/extension/DS02/audit/paired_transport_engines.csv
DS02,cvae,0,0.02,phase_conditioned,11,0.024176596938147294,0.0030117795137701298,-0.021164817424377164,-0.03478882764057031,-0.01512762965874562,1,results/extension/DS02/audit/paired_transport_engines.csv
DS02,cvae,0,0.02,phase_conditioned,14,0.03854330826617132,0.10327424230046564,0.06473093403429432,0.06523720789357418,0.03810019418985995,4,results/extension/DS02/audit/paired_transport_engines.csv
DS02,cvae,0,0.02,phase_conditioned,15,0.00861937991343521,0.020480436163889403,0.011861056250454194,0.012765219178119246,0.006943617791260574,4,results/extension/DS02/audit/paired_transport_engines.csv
DS02,cvae,0,0.02,quantile_regression_W,11,0.024176596938147294,0.01748648981434611,-0.006690107123801185,-0.013042802827814004,-0.005832493687214908,1,results/extension/DS02/audit/paired_transport_engines.csv
DS02,cvae,0,0.02,quantile_regression_W,14,0.03854330826617132,0.037404799712376785,-0.0011385085537945344,0.009726616844457248,-0.0029688753804187618,3,results/extension/DS02/audit/paired_transport_engines.csv
DS02,cvae,0,0.02,quantile_regression_W,15,0.00861937991343521,0.028834773500916473,0.020215393587481263,0.023526587696137392,0.011921832419749881,4,results/extension/DS02/audit/paired_transport_engines.csv
DS02,cvae,1,0.005,phase_conditioned,11,0.003879099229748402,0.0018411625353903045,-0.0020379366943580977,-0.0023869722156144705,-0.0011668593289937681,1,results/extension/DS02/audit/paired_transport_engines.csv
DS02,cvae,1,0.005,phase_conditioned,14,0.04644465290806755,0.04368622105042395,-0.0027584318576436007,-0.006597987449507011,0.001898555012537568,3,results/extension/DS02/audit/paired_transport_engines.csv
DS02,cvae,1,0.005,phase_conditioned,15,0.007728278915329275,0.010843735268195698,0.0031154563528664235,0.0035824691241926627,0.001794842909609789,4,results/extension/DS02/audit/paired_transport_engines.csv
DS02,cvae,1,0.005,quantile_regression_W,11,0.003879099229748402,0.0070941813853583795,0.0032150821556099773,0.0028983788507178435,0.002113773339146622,4,results/extension/DS02/audit/paired_transport_engines.csv
DS02,cvae,1,0.005,quantile_regression_W,14,0.04644465290806755,0.02832082551594747,-0.018123827392120078,-0.007830550699039446,-0.013962028743907368,1,results/extension/DS02/audit/paired_transport_engines.csv
DS02,cvae,1,0.005,quantile_regression_W,15,0.007728278915329275,0.007568735271013355,-0.0001595436443159199,-9.002226067628127e-05,0.00015549672574579482,3,results/extension/DS02/audit/paired_transport_engines.csv
DS02,cvae,1,0.01,phase_conditioned,11,0.011069049019741971,0.0026191714335240066,-0.008449877586217965,-0.011076652056205668,-0.005207775914176797,1,results/extension/DS02/audit/paired_transport_engines.csv
DS02,cvae,1,0.01,phase_conditioned,14,0.06628517823639775,0.07371033945531355,0.007425161218915802,-0.009893685280553198,0.006810854367977293,2,results/extension/DS02/audit/paired_transport_engines.csv
DS02,cvae,1,0.01,phase_conditioned,15,0.008426284613334974,0.012505072864785095,0.004078788251450121,0.004338617205171711,0.0024042555318699674,4,results/extension/DS02/audit/paired_transport_engines.csv
DS02,cvae,1,0.01,quantile_regression_W,11,0.011069049019741971,0.013258041125689192,0.0021889921059472205,0.0013879190406318222,0.0012279043988986252,4,results/extension/DS02/audit/paired_transport_engines.csv
DS02,cvae,1,0.01,quantile_regression_W,14,0.06628517823639775,0.046360225140712946,-0.019924953095684803,-0.005628735466406146,-0.01686886047252302,1,results/extension/DS02/audit/paired_transport_engines.csv
DS02,cvae,1,0.01,quantile_regression_W,15,0.008426284613334974,0.011957879774062022,0.003531595160727048,0.0036147612754768143,0.00290813615502765,4,results/extension/DS02/audit/paired_transport_engines.csv
DS02,cvae,1,0.02,phase_conditioned,11,0.02301369488186283,0.004749291997865734,-0.018264402883997097,-0.023722877491843885,-0.010797778155188939,1,results/extension/DS02/audit/paired_transport_engines.csv
DS02,cvae,1,0.02,phase_conditioned,14,0.08949343339587242,0.11778949576055368,0.028296062364681268,0.020208487820117915,0.011300705516404677,4,results/extension/DS02/audit/paired_transport_engines.csv
DS02,cvae,1,0.02,phase_conditioned,15,0.007219250240832975,0.01283527024534219,0.005616020004509215,0.00880712924508558,0.005624887584501021,4,results/extension/DS02/audit/paired_transport_engines.csv
DS02,cvae,1,0.02,quantile_regression_W,11,0.02301369488186283,0.019360814305063413,-0.003652880576799418,-0.005869803711044359,-0.0024930712315343866,1,results/extension/DS02/audit/paired_transport_engines.csv
DS02,cvae,1,0.02,quantile_regression_W,14,0.08949343339587242,0.06532833020637899,-0.024165103189493428,0.018886935042677147,-0.025167569108709674,3,results/extension/DS02/audit/paired_transport_engines.csv
DS02,cvae,1,0.02,quantile_regression_W,15,0.007219250240832975,0.01757528148730034,0.010356031246467366,0.013856300455244417,0.007112134093702774,4,results/extension/DS02/audit/paired_transport_engines.csv
DS02,cvae,2,0.005,phase_conditioned,11,0.003386576005910279,0.002414253074849849,-0.00097232293106043,-0.004177757984700058,-0.0010717070115858571,1,results/extension/DS02/audit/paired_transport_engines.csv
DS02,cvae,2,0.005,phase_conditioned,14,0.048621013133208255,0.04782080474578303,-0.0008002083874252275,-0.00421045218445501,0.00375918467572995,3,results/extension/DS02/audit/paired_transport_engines.csv
DS02,cvae,2,0.005,phase_conditioned,15,0.0062525364323925475,0.006314025702514911,6.148927012236335e-05,-0.004033212096012435,-0.0008791521668716062,3,results/extension/DS02/audit/paired_transport_engines.csv
DS02,cvae,2,0.005,quantile_regression_W,11,0.003386576005910279,0.004043273637694443,0.0006566976317841644,-0.002627354359893393,0.0002002630927881153,2,results/extension/DS02/audit/paired_transport_engines.csv
DS02,cvae,2,0.005,quantile_regression_W,14,0.048621013133208255,0.030497185741088177,-0.018123827392120078,-0.005690115554627194,-0.012216575808641432,1,results/extension/DS02/audit/paired_transport_engines.csv
DS02,cvae,2,0.005,quantile_regression_W,15,0.0062525364323925475,0.008335577750346015,0.0020830413179534673,4.204545486610235e-05,-0.00020716042540645796,3,results/extension/DS02/audit/paired_transport_engines.csv
DS02,cvae,2,0.01,phase_conditioned,11,0.009044231321740795,0.0003021722120794372,-0.008742059109661358,-0.015097868897608432,-0.006265461429492663,1,results/extension/DS02/audit/paired_transport_engines.csv
DS02,cvae,2,0.01,phase_conditioned,14,0.06290806754221388,0.08347754441681397,0.02056947687460009,0.021304710924105852,0.014724998699259598,4,results/extension/DS02/audit/paired_transport_engines.csv
DS02,cvae,2,0.01,phase_conditioned,15,0.008856709504191517,0.00801635614585255,-0.0008403533583389682,-0.006657623965189631,-0.0011659507708808078,1,results/extension/DS02/audit/paired_transport_engines.csv
DS02,cvae,2,0.01,quantile_regression_W,11,0.009044231321740795,0.007197269232347829,-0.0018469620893929659,-0.008247474320785923,-0.0010008852444771989,1,results/extension/DS02/audit/paired_transport_engines.csv
DS02,cvae,2,0.01,quantile_regression_W,14,0.06290806754221388,0.034315196998123826,-0.028592870544090057,-0.016985586909929858,-0.02064314808318314,1,results/extension/DS02/audit/paired_transport_engines.csv
DS02,cvae,2,0.01,quantile_regression_W,15,0.008856709504191517,0.01272472225339468,0.003868012749203162,0.0008331818561587,0.0005970087159255042,4,results/extension/DS02/audit/paired_transport_engines.csv
DS02,cvae,2,0.02,phase_conditioned,11,0.018704116673279248,0.004721487387756622,-0.013982629285522626,-0.02678669700378691,-0.009706131286762482,1,results/extension/DS02/audit/paired_transport_engines.csv
DS02,cvae,2,0.02,phase_conditioned,14,0.07793621013133208,0.1323504209485574,0.05441421081722532,0.054414210817225306,0.024592734924670415,4,results/extension/DS02/audit/paired_transport_engines.csv
DS02,cvae,2,0.02,phase_conditioned,15,0.013655127180307033,0.013634630756932917,-2.0496423374115336e-05,-0.0053525612840850355,-0.0012366867918692341,1,results/extension/DS02/audit/paired_transport_engines.csv
DS02,cvae,2,0.02,quantile_regression_W,11,0.018704116673279248,0.013628391227614136,-0.005075725445665112,-0.01454547514283202,-0.004260472390005269,1,results/extension/DS02/audit/paired_transport_engines.csv
DS02,cvae,2,0.02,quantile_regression_W,14,0.07793621013133208,0.04390243902439024,-0.034033771106941835,-0.021289714248842004,-0.030617671166064283,1,results/extension/DS02/audit/paired_transport_engines.csv
DS02,cvae,2,0.02,quantile_regression_W,15,0.013655127180307033,0.014751056746343468,0.0010959295660364354,-0.0007912099347239486,-0.0014400323329525708,3,results/extension/DS02/audit/paired_transport_engines.csv
DS03,pca,-1,0.005,phase_conditioned,10,0.009222965906714075,0.008019364542207183,-0.001203601364506892,-0.0002905190252007715,0.00017947929194890404,3,results/extension/DS03/audit/paired_transport_engines.csv
DS03,pca,-1,0.005,phase_conditioned,11,0.008906778296570602,0.004448961519884077,-0.004457816776686525,-0.00641121868913001,-0.0019277992217750983,1,results/extension/DS03/audit/paired_transport_engines.csv
DS03,pca,-1,0.005,phase_conditioned,12,0.0039553039500804694,0.00557581774480092,0.0016205137947204505,0.0037095159837531207,0.0010733121705785533,4,results/extension/DS03/audit/paired_transport_engines.csv
DS03,pca,-1,0.005,phase_conditioned,13,0.010468755986360677,0.007686205643696258,-0.0027825503426644185,-0.0070306387029023115,-0.0003268665768999795,1,results/extension/DS03/audit/paired_transport_engines.csv
DS03,pca,-1,0.005,phase_conditioned,14,0.002509825687798146,0.0029205544388107166,0.00041072875101257067,0.0020929742737847944,0.0005796236473427051,4,results/extension/DS03/audit/paired_transport_engines.csv
DS03,pca,-1,0.005,phase_conditioned,15,0.005840316752517875,0.006891104151809247,0.0010507873992913717,0.003388788297028704,0.0007945675990795814,4,results/extension/DS03/audit/paired_transport_engines.csv
DS03,pca,-1,0.005,quantile_regression_W,10,0.009222965906714075,0.061130851663846596,0.051907885757132524,0.05365761314977476,0.032191757939827724,4,results/extension/DS03/audit/paired_transport_engines.csv
DS03,pca,-1,0.005,quantile_regression_W,11,0.008906778296570602,0.0027630397454276217,-0.00614373855114298,-0.006498409366496277,-0.0032273868991516473,1,results/extension/DS03/audit/paired_transport_engines.csv
DS03,pca,-1,0.005,quantile_regression_W,12,0.0039553039500804694,0.004407064404099726,0.0004517604540192569,-0.00179528563063321,0.0005914013557173211,2,results/extension/DS03/audit/paired_transport_engines.csv
DS03,pca,-1,0.005,quantile_regression_W,13,0.010468755986360677,0.005264018408622986,-0.005204737577737691,-0.004909218387460272,-0.002696837216199832,1,results/extension/DS03/audit/paired_transport_engines.csv
DS03,pca,-1,0.005,quantile_regression_W,14,0.002509825687798146,0.003769913893972578,0.001260088206174432,-0.00022458116263243504,0.0005931444844599954,2,results/extension/DS03/audit/paired_transport_engines.csv
DS03,pca,-1,0.005,quantile_regression_W,15,0.005840316752517875,0.005697536491339829,-0.00014278026117804654,-0.0007781767322837989,0.000574844792346315,3,results/extension/DS03/audit/paired_transport_engines.csv
DS03,pca,-1,0.01,phase_conditioned,10,0.01448287629762547,0.01518359756674126,0.00070072126911579,-0.0020090067035952505,0.0038014612226976007,2,results/extension/DS03/audit/paired_transport_engines.csv
DS03,pca,-1,0.01,phase_conditioned,11,0.011725567541458702,0.009684398893769318,-0.0020411686476893842,-0.006814400740192418,-0.0014122519494690977,1,results/extension/DS03/audit/paired_transport_engines.csv
DS03,pca,-1,0.01,phase_conditioned,12,0.006781206765112799,0.008225519908036367,0.001444313142923568,0.004943440300783305,0.0024318123464059016,4,results/extension/DS03/audit/paired_transport_engines.csv
DS03,pca,-1,0.01,phase_conditioned,13,0.01248955978698134,0.012208429211578055,-0.000281130575403285,-0.008992704179223916,0.0015801668464607774,3,results/extension/DS03/audit/paired_transport_engines.csv
DS03,pca,-1,0.01,phase_conditioned,14,0.004305453954320084,0.0037409618673307134,-0.0005644920869893703,-0.001124961748399528,-0.0007622620053681336,1,results/extension/DS03/audit/paired_transport_engines.csv
DS03,pca,-1,0.01,phase_conditioned,15,0.011526870146844006,0.012758984217543642,0.0012321140706996365,-0.0010650885556057772,0.000748055549509026,2,results/extension/DS03/audit/paired_transport_engines.csv
DS03,pca,-1,0.01,quantile_regression_W,10,0.01448287629762547,0.07571473334586702,0.06123185704824155,0.04913188920058693,0.04127462577192084,4,results/extension/DS03/audit/paired_transport_engines.csv
DS03,pca,-1,0.01,quantile_regression_W,11,0.011725567541458702,0.005573339214543393,-0.006152228326915309,-0.007964586779661328,-0.0034706567362843797,1,results/extension/DS03/audit/paired_transport_engines.csv
DS03,pca,-1,0.01,quantile_regression_W,12,0.006781206765112799,0.006894146878617613,0.0001129401135048138,-0.001052538777797922,0.0007620296168498863,2,results/extension/DS03/audit/paired_transport_engines.csv
DS03,pca,-1,0.01,quantile_regression_W,13,0.01248955978698134,0.014070485648540633,0.001580925861559293,0.0031570282097055247,0.0014044722952137236,4,results/extension/DS03/audit/paired_transport_engines.csv
DS03,pca,-1,0.01,quantile_regression_W,14,0.004305453954320084,0.002979508565599592,-0.0013259453887204918,-0.0046185911012624516,-0.0015048498007370677,1,results/extension/DS03/audit/paired_transport_engines.csv
DS03,pca,-1,0.01,quantile_regression_W,15,0.011526870146844006,0.005394871476853431,-0.006131998669990575,-0.011948320213189388,-0.0018629906556390996,1,results/extension/DS03/audit/paired_transport_engines.csv
DS03,pca,-1,0.02,phase_conditioned,10,0.023780754962075757,0.04558250297675001,0.021801748014674254,0.010856741748615142,0.016145492779323495,4,results/extension/DS03/audit/paired_transport_engines.csv
DS03,pca,-1,0.02,phase_conditioned,11,0.020301481242956044,0.007513421181063934,-0.01278806006189211,-0.029218690664138524,-0.009447937491737092,1,results/extension/DS03/audit/paired_transport_engines.csv
DS03,pca,-1,0.02,phase_conditioned,12,0.01122835212945773,0.01266792783126747,0.0014395757018097408,-0.0018984576982877602,-0.00029043699855840245,3,results/extension/DS03/audit/paired_transport_engines.csv
DS03,pca,-1,0.02,phase_conditioned,13,0.01723037431516034,0.010746639215211337,-0.006483735099949001,-0.014078545701374678,-0.00218643037918532,1,results/extension/DS03/audit/paired_transport_engines.csv
DS03,pca,-1,0.02,phase_conditioned,14,0.017646644449863174,0.010122108547598332,-0.0075245359022648416,-0.013665823665462887,-0.006459247384008397,1,results/extension/DS03/audit/paired_transport_engines.csv
DS03,pca,-1,0.02,phase_conditioned,15,0.023591912047359113,0.014805122321788471,-0.008786789725570641,-0.012191863122009164,-0.005069362683871703,1,results/extension/DS03/audit/paired_transport_engines.csv
DS03,pca,-1,0.02,quantile_regression_W,10,0.023780754962075757,0.08780535188318606,0.0640245969211103,0.030358072364449127,0.047502670974132966,4,results/extension/DS03/audit/paired_transport_engines.csv
DS03,pca,-1,0.02,quantile_regression_W,11,0.020301481242956044,0.013777469714393736,-0.006524011528562308,-0.0132288090517419,-0.005263457361454237,1,results/extension/DS03/audit/paired_transport_engines.csv
DS03,pca,-1,0.02,quantile_regression_W,12,0.01122835212945773,0.014296524268006889,0.003068172138549159,-0.011438361358530803,0.00035672979392963565,2,results/extension/DS03/audit/paired_transport_engines.csv
DS03,pca,-1,0.02,quantile_regression_W,13,0.01723037431516034,0.017331960760566794,0.0001015864454064555,0.0034248525416072095,0.0007994635096165627,4,results/extension/DS03/audit/paired_transport_engines.csv
DS03,pca,-1,0.02,quantile_regression_W,14,0.017646644449863174,0.009439260748252378,-0.008207383701610796,-0.017643164395500087,-0.00625589370610133,1,results/extension/DS03/audit/paired_transport_engines.csv
DS03,pca,-1,0.02,quantile_regression_W,15,0.023591912047359113,0.006194686377664772,-0.01739722566969434,-0.026423114002837596,-0.011048178928424602,1,results/extension/DS03/audit/paired_transport_engines.csv
DS03,isolation_forest,0,0.005,phase_conditioned,10,0.01051095894934995,0.0038177985226609716,-0.0066931604266889785,-0.010594269657747447,-0.003525478459820406,1,results/extension/DS03/audit/paired_transport_engines.csv
DS03,isolation_forest,0,0.005,phase_conditioned,11,0.008152068909998391,0.003442682337787796,-0.004709386572210595,-0.005733347252120486,-0.002343045416706851,1,results/extension/DS03/audit/paired_transport_engines.csv
DS03,isolation_forest,0,0.005,phase_conditioned,12,0.0024919009300867385,0.004176384222266144,0.0016844832921794053,0.0037660279099166116,0.0015851737846504757,4,results/extension/DS03/audit/paired_transport_engines.csv
DS03,isolation_forest,0,0.005,phase_conditioned,13,0.009683345465690968,0.005928700049806521,-0.0037546454158844467,-0.005374483129339697,-0.0022515843471878757,1,results/extension/DS03/audit/paired_transport_engines.csv
DS03,isolation_forest,0,0.005,phase_conditioned,14,0.0031698718910323723,0.003496301715028855,0.00032642982399648263,0.0011846843250645327,0.0005190762891030356,4,results/extension/DS03/audit/paired_transport_engines.csv
DS03,isolation_forest,0,0.005,phase_conditioned,15,0.0026899941087098075,0.0013050880594340083,-0.0013849060492757991,-0.002851259331574341,-0.001119702147634085,1,results/extension/DS03/audit/paired_transport_engines.csv
DS03,isolation_forest,0,0.005,quantile_regression_W,10,0.01051095894934995,0.03437143573353387,0.02386047678418392,0.016095848923145736,0.013955845956085837,4,results/extension/DS03/audit/paired_transport_engines.csv
DS03,isolation_forest,0,0.005,quantile_regression_W,11,0.008152068909998391,0.004684935175412341,-0.00346713373458605,-0.0048096942768144895,-0.0021454400533907543,1,results/extension/DS03/audit/paired_transport_engines.csv
DS03,isolation_forest,0,0.005,quantile_regression_W,12,0.0024919009300867385,0.0033906033825563996,0.000898702452469661,0.00020994480071131853,0.0006241322717996478,4,results/extension/DS03/audit/paired_transport_engines.csv
DS03,isolation_forest,0,0.005,quantile_regression_W,13,0.009683345465690968,0.003643936315614496,-0.006039409150076472,-0.009836608259560509,-0.0028711922801685523,1,results/extension/DS03/audit/paired_transport_engines.csv
DS03,isolation_forest,0,0.005,quantile_regression_W,14,0.0031698718910323723,0.004789985298970928,0.0016201134079385556,0.004004153688683141,0.0015180735437577923,4,results/extension/DS03/audit/paired_transport_engines.csv
DS03,isolation_forest,0,0.005,quantile_regression_W,15,0.0026899941087098075,0.00558994118509588,0.0028999470763860723,0.002951569774413642,0.0014400175572311107,4,results/extension/DS03/audit/paired_transport_engines.csv
DS03,isolation_forest,0,0.01,phase_conditioned,10,0.02113200277413886,0.023668609387729522,0.002536606613590661,-0.00852232983189357,0.0020664559827057276,2,results/extension/DS03/audit/paired_transport_engines.csv
DS03,isolation_forest,0,0.01,phase_conditioned,11,0.012812349058122686,0.005164627274190951,-0.007647721783931735,-0.010042214450797943,-0.003902721848412999,1,results/extension/DS03/audit/paired_transport_engines.csv
DS03,isolation_forest,0,0.01,phase_conditioned,12,0.008454376679874755,0.010696275799757177,0.002241899119882422,0.0012586498988731154,0.0009858653178315743,4,results/extension/DS03/audit/paired_transport_engines.csv
DS03,isolation_forest,0,0.01,phase_conditioned,13,0.01664648864028198,0.00774252149691171,-0.008903967143370271,-0.02162843748027141,-0.002809667492220818,1,results/extension/DS03/audit/paired_transport_engines.csv
DS03,isolation_forest,0,0.01,phase_conditioned,14,0.007119798385887012,0.004445799127584058,-0.0026739992583029535,-0.0018525913531890117,-0.0008841397143552077,1,results/extension/DS03/audit/paired_transport_engines.csv
DS03,isolation_forest,0,0.01,phase_conditioned,15,0.006217171560571765,0.002528715032828817,-0.003688456527742948,-0.007521777047463098,-0.002677237883038258,1,results/extension/DS03/audit/paired_transport_engines.csv
DS03,isolation_forest,0,0.01,quantile_regression_W,10,0.02113200277413886,0.06310271354264586,0.041970710768507,0.025290904611630784,0.025042152758019208,4,results/extension/DS03/audit/paired_transport_engines.csv
DS03,isolation_forest,0,0.01,quantile_regression_W,11,0.012812349058122686,0.008897273113943194,-0.003915075944179492,-0.006602189327941748,-0.002527926645935638,1,results/extension/DS03/audit/paired_transport_engines.csv
DS03,isolation_forest,0,0.01,quantile_regression_W,12,0.008454376679874755,0.004032809102973147,-0.004421567576901608,-0.009866009959262019,-0.002335825078821303,1,results/extension/DS03/audit/paired_transport_engines.csv
DS03,isolation_forest,0,0.01,quantile_regression_W,13,0.01664648864028198,0.016857208536071415,0.0002107198957894338,-0.008130687394994146,0.0005795498442463954,2,results/extension/DS03/audit/paired_transport_engines.csv
DS03,isolation_forest,0,0.01,quantile_regression_W,14,0.007119798385887012,0.009399957997059795,0.002280159611172783,0.003158784483024594,0.0013812056964311393,4,results/extension/DS03/audit/paired_transport_engines.csv
DS03,isolation_forest,0,0.01,quantile_regression_W,15,0.006217171560571765,0.006504016031541731,0.0002868444709699658,0.0007808512337236645,0.00042357145991756516,4,results/extension/DS03/audit/paired_transport_engines.csv
DS03,isolation_forest,0,0.02,phase_conditioned,10,0.04087693611774679,0.07390862944162437,0.03303169332387758,0.02135462841415795,0.02010695234434938,4,results/extension/DS03/audit/paired_transport_engines.csv
DS03,isolation_forest,0,0.02,phase_conditioned,11,0.024477539848655607,0.009587107547377873,-0.014890432301277734,-0.022938209649942507,-0.009631793657783994,1,results/extension/DS03/audit/paired_transport_engines.csv
DS03,isolation_forest,0,0.02,phase_conditioned,12,0.026579290088392587,0.03943473473190841,0.012855444643515821,0.0063830307427737085,0.006688357810824903,4,results/extension/DS03/audit/paired_transport_engines.csv
DS03,isolation_forest,0,0.02,phase_conditioned,13,0.021875790199609207,0.013577570546203222,-0.008298219653405985,-0.0263924161895136,-0.00403113409068114,1,results/extension/DS03/audit/paired_transport_engines.csv
DS03,isolation_forest,0,0.02,phase_conditioned,14,0.019692215990679777,0.0010750765395973888,-0.018617139451082388,-0.03507494259586828,-0.013899717733787209,1,results/extension/DS03/audit/paired_transport_engines.csv
DS03,isolation_forest,0,0.02,phase_conditioned,15,0.013798641902576665,0.007254968838175561,-0.006543673064401104,-0.014484891529183804,-0.005456355594833892,1,results/extension/DS03/audit/paired_transport_engines.csv
DS03,isolation_forest,0,0.02,quantile_regression_W,10,0.04087693611774679,0.08506360844770319,0.044186672329956406,0.01999660587581089,0.029810474746531132,4,results/extension/DS03/audit/paired_transport_engines.csv
DS03,isolation_forest,0,0.02,quantile_regression_W,11,0.024477539848655607,0.013462404889806077,-0.01101513495884953,-0.015319553750116142,-0.006187593451422023,1,results/extension/DS03/audit/paired_transport_engines.csv
DS03,isolation_forest,0,0.02,quantile_regression_W,12,0.026579290088392587,0.03147245672981901,0.00489316664142642,-0.011778850143629616,0.004992690040490178,2,results/extension/DS03/audit/paired_transport_engines.csv
DS03,isolation_forest,0,0.02,quantile_regression_W,13,0.021875790199609207,0.029155204781426,0.007279414581816794,-0.011462259149562639,0.0037809021124699128,2,results/extension/DS03/audit/paired_transport_engines.csv
DS03,isolation_forest,0,0.02,quantile_regression_W,14,0.019692215990679777,0.010969367855749902,-0.008722848134929875,-0.015844907404105133,-0.006158652415969659,1,results/extension/DS03/audit/paired_transport_engines.csv
DS03,isolation_forest,0,0.02,quantile_regression_W,15,0.013798641902576665,0.005953502012088826,-0.007845139890487839,-0.011427341648655923,-0.0038583171164239087,1,results/extension/DS03/audit/paired_transport_engines.csv
DS03,isolation_forest,1,0.005,phase_conditioned,10,0.010720120212683978,0.003949900373187727,-0.00677021983949625,-0.009323958010831716,-0.0036137316759925794,1,results/extension/DS03/audit/paired_transport_engines.csv
DS03,isolation_forest,1,0.005,phase_conditioned,11,0.0075684269843825465,0.0032917404604733544,-0.004276686523909192,-0.005473932857342296,-0.0020649415109368404,1,results/extension/DS03/audit/paired_transport_engines.csv
DS03,isolation_forest,1,0.005,phase_conditioned,12,0.002784512488243286,0.004374029420899568,0.0015895169326562817,0.004103184072362622,0.0017598112200172204,4,results/extension/DS03/audit/paired_transport_engines.csv
DS03,isolation_forest,1,0.005,phase_conditioned,13,0.008945825830427953,0.005535994789471668,-0.0034098310409562847,-0.005514106201426188,-0.002044861947178541,1,results/extension/DS03/audit/paired_transport_engines.csv
DS03,isolation_forest,1,0.005,phase_conditioned,14,0.0033798865920614445,0.0037265978487631742,0.00034671125670172973,0.0013956889802293464,0.0005523982150998016,4,results/extension/DS03/audit/paired_transport_engines.csv
DS03,isolation_forest,1,0.005,phase_conditioned,15,0.0027365042944404827,0.0010444125841085712,-0.0016920917103319115,-0.0025433915598634827,-0.000971397829232302,1,results/extension/DS03/audit/paired_transport_engines.csv
DS03,isolation_forest,1,0.005,quantile_regression_W,10,0.010720120212683978,0.03761452654007646,0.02689440632739248,0.018344762646994882,0.015664896549162227,4,results/extension/DS03/audit/paired_transport_engines.csv
DS03,isolation_forest,1,0.005,quantile_regression_W,11,0.0075684269843825465,0.004763701381559256,-0.0028047256028232905,-0.0039377036452323,-0.001743797287848054,1,results/extension/DS03/audit/paired_transport_engines.csv
DS03,isolation_forest,1,0.005,quantile_regression_W,12,0.002784512488243286,0.004068244063585284,0.0012837315753419982,0.00042263668172551686,0.0009496931785970451,4,results/extension/DS03/audit/paired_transport_engines.csv
DS03,isolation_forest,1,0.005,quantile_regression_W,13,0.008945825830427953,0.005478617955253469,-0.003467207875174484,-0.007463816813045381,-0.001654191860750638,1,results/extension/DS03/audit/paired_transport_engines.csv
DS03,isolation_forest,1,0.005,quantile_regression_W,14,0.0033798865920614445,0.004729981098676907,0.0013500945066154627,0.003181037442227303,0.0012488997112273187,4,results/extension/DS03/audit/paired_transport_engines.csv
DS03,isolation_forest,1,0.005,quantile_regression_W,15,0.0027365042944404827,0.005622525619511559,0.0028860213250710763,0.0034389814846207158,0.0016633196570139674,4,results/extension/DS03/audit/paired_transport_engines.csv
DS03,isolation_forest,1,0.01,phase_conditioned,10,0.021550325300806923,0.02059785673998872,-0.0009524685608182024,-0.01263422120751411,0.0003376093292659036,3,results/extension/DS03/audit/paired_transport_engines.csv
DS03,isolation_forest,1,0.01,phase_conditioned,11,0.013184672355498308,0.0049231202704878435,-0.008261552085010464,-0.010829330405399882,-0.004267539953041865,1,results/extension/DS03/audit/paired_transport_engines.csv
DS03,isolation_forest,1,0.01,phase_conditioned,12,0.006958075867993017,0.009171584267442188,0.002213508399449171,0.00047830493691400876,0.0008756931798166914,4,results/extension/DS03/audit/paired_transport_engines.csv
DS03,isolation_forest,1,0.01,phase_conditioned,13,0.016043063484157696,0.008635703039844981,-0.007407360444312715,-0.01994702415468939,-0.0024869263015067375,1,results/extension/DS03/audit/paired_transport_engines.csv
DS03,isolation_forest,1,0.01,phase_conditioned,14,0.007239806786475053,0.004432252296187922,-0.0028075544902871315,-0.0011214576492354156,-0.0012049132631642015,1,results/extension/DS03/audit/paired_transport_engines.csv
DS03,isolation_forest,1,0.01,phase_conditioned,15,0.006449722489225141,0.004046076090663856,-0.0024036463985612853,-0.006445645761541658,-0.0020109890558403978,1,results/extension/DS03/audit/paired_transport_engines.csv
DS03,isolation_forest,1,0.01,quantile_regression_W,10,0.021550325300806923,0.06271103590900545,0.04116071060819853,0.024183783504415596,0.024457700666415755,4,results/extension/DS03/audit/paired_transport_engines.csv
DS03,isolation_forest,1,0.01,quantile_regression_W,11,0.013184672355498308,0.008739740701649365,-0.004444931653848943,-0.007878845782208143,-0.003179981216378345,1,results/extension/DS03/audit/paired_transport_engines.csv
DS03,isolation_forest,1,0.01,quantile_regression_W,12,0.006958075867993017,0.004917694892283367,-0.00204038097570965,-0.006385662614334375,-0.001965295942210973,1,results/extension/DS03/audit/paired_transport_engines.csv
DS03,isolation_forest,1,0.01,quantile_regression_W,13,0.016043063484157696,0.012441668901574653,-0.0036013945825830434,-0.013547500916602662,-0.0011341692712439396,1,results/extension/DS03/audit/paired_transport_engines.csv
DS03,isolation_forest,1,0.01,quantile_regression_W,14,0.007239806786475053,0.009459962197353814,0.0022201554108787613,0.002819129883910948,0.0014334771112585343,4,results/extension/DS03/audit/paired_transport_engines.csv
DS03,isolation_forest,1,0.01,quantile_regression_W,15,0.006449722489225141,0.006194463904592775,-0.00025525858463236635,0.0006812119350905598,0.00023581850203618915,3,results/extension/DS03/audit/paired_transport_engines.csv
DS03,isolation_forest,1,0.02,phase_conditioned,10,0.040645757879324965,0.07252992417121013,0.03188416629188516,0.019201472421873436,0.01926527717104588,4,results/extension/DS03/audit/paired_transport_engines.csv
DS03,isolation_forest,1,0.02,phase_conditioned,11,0.022766865239091934,0.009504105619062952,-0.013262759620028982,-0.02085582189259156,-0.008368163707084788,1,results/extension/DS03/audit/paired_transport_engines.csv
DS03,isolation_forest,1,0.02,phase_conditioned,12,0.019236332400454432,0.023171358387215176,0.003935025986760744,-0.0002771716794585134,0.0007498735795542343,2,results/extension/DS03/audit/paired_transport_engines.csv
DS03,isolation_forest,1,0.02,phase_conditioned,13,0.020448641814489864,0.013077994428969359,-0.007370647385520505,-0.025174173736170282,-0.003768240273764576,1,results/extension/DS03/audit/paired_transport_engines.csv
DS03,isolation_forest,1,0.02,phase_conditioned,14,0.016039722780594644,0.004949470318892412,-0.011090252461702232,-0.022769634189763514,-0.00874793136895797,1,results/extension/DS03/audit/paired_transport_engines.csv
DS03,isolation_forest,1,0.02,phase_conditioned,15,0.013690118135871756,0.008216179343276175,-0.0054739387925955806,-0.010636433712913212,-0.004208615769906874,1,results/extension/DS03/audit/paired_transport_engines.csv
DS03,isolation_forest,1,0.02,quantile_regression_W,10,0.040645757879324965,0.08561195713479977,0.044966199255474806,0.015357858460131338,0.030588075499723536,4,results/extension/DS03/audit/paired_transport_engines.csv
DS03,isolation_forest,1,0.02,quantile_regression_W,11,0.022766865239091934,0.013304872477512247,-0.009461992761579687,-0.014410848250812826,-0.005670424615558202,1,results/extension/DS03/audit/paired_transport_engines.csv
DS03,isolation_forest,1,0.02,quantile_regression_W,12,0.019236332400454432,0.015209080385125789,-0.004027252015328643,-0.019358688891496695,-0.000739194141559877,1,results/extension/DS03/audit/paired_transport_engines.csv
DS03,isolation_forest,1,0.02,quantile_regression_W,13,0.020448641814489864,0.0317604689475499,0.011311827133060035,-0.008565246864759991,0.006514086625566153,2,results/extension/DS03/audit/paired_transport_engines.csv
DS03,isolation_forest,1,0.02,quantile_regression_W,14,0.016039722780594644,0.013399537967657736,-0.0026401848129369073,-0.010294144551753995,-0.0035226250797434303,1,results/extension/DS03/audit/paired_transport_engines.csv
DS03,isolation_forest,1,0.02,quantile_regression_W,15,0.013690118135871756,0.005464735495853631,-0.008225382640018125,-0.010497835009939447,-0.0039011631700403056,1,results/extension/DS03/audit/paired_transport_engines.csv
DS03,isolation_forest,2,0.005,phase_conditioned,10,0.010169695835489163,0.0036416627219586295,-0.006528033113530534,-0.009175773916939696,-0.003659631992152427,1,results/extension/DS03/audit/paired_transport_engines.csv
DS03,isolation_forest,2,0.005,phase_conditioned,11,0.007910561906295282,0.003553373047818386,-0.004357188858476896,-0.005396902779616172,-0.002320862071668687,1,results/extension/DS03/audit/paired_transport_engines.csv
DS03,isolation_forest,2,0.005,phase_conditioned,12,0.002638206709165012,0.003724623768246887,0.001086417059081875,0.00365865727186901,0.0016335963344566847,4,results/extension/DS03/audit/paired_transport_engines.csv
DS03,isolation_forest,2,0.005,phase_conditioned,13,0.009874909007317727,0.005880809164399832,-0.003994099842917895,-0.005674492237249977,-0.0023877508047262944,1,results/extension/DS03/audit/paired_transport_engines.csv
DS03,isolation_forest,2,0.005,phase_conditioned,14,0.0033798865920614445,0.0037130510173670377,0.0003331644253055932,0.0007718278369625966,0.0004592520901857641,4,results/extension/DS03/audit/paired_transport_engines.csv
DS03,isolation_forest,2,0.005,phase_conditioned,15,0.0027210008991969243,0.0011584581045634501,-0.0015625427946334741,-0.002704009624049767,-0.0010407787942648978,1,results/extension/DS03/audit/paired_transport_engines.csv
DS03,isolation_forest,2,0.005,quantile_regression_W,10,0.010169695835489163,0.031144012032336906,0.020974316196847743,0.013527905020329935,0.012342308699717707,4,results/extension/DS03/audit/paired_transport_engines.csv
DS03,isolation_forest,2,0.005,quantile_regression_W,11,0.007910561906295282,0.0047164416578711075,-0.0031941202484241744,-0.004507810522185605,-0.0020183784441878965,1,results/extension/DS03/audit/paired_transport_engines.csv
DS03,isolation_forest,2,0.005,quantile_regression_W,12,0.002638206709165012,0.004604709602733151,0.001966502893568139,0.001546528902782814,0.0012508022215077619,4,results/extension/DS03/audit/paired_transport_engines.csv
DS03,isolation_forest,2,0.005,quantile_regression_W,13,0.009874909007317727,0.0029420782387056263,-0.006932830768612101,-0.009990842152892105,-0.003610461777212745,1,results/extension/DS03/audit/paired_transport_engines.csv
DS03,isolation_forest,2,0.005,quantile_regression_W,14,0.0033798865920614445,0.004789985298970928,0.0014100987069094835,0.0037369220209161978,0.001288770884278056,4,results/extension/DS03/audit/paired_transport_engines.csv
DS03,isolation_forest,2,0.005,quantile_regression_W,15,0.0027210008991969243,0.005247804623731243,0.0025268037245343186,0.0030442001861787672,0.0013718633636733827,4,results/extension/DS03/audit/paired_transport_engines.csv
DS03,isolation_forest,2,0.01,phase_conditioned,10,0.022320919428879663,0.025611330450585945,0.0032904110217062826,-0.0087516954179458,0.0025746052484712824,2,results/extension/DS03/audit/paired_transport_engines.csv
DS03,isolation_forest,2,0.01,phase_conditioned,11,0.01290291418451135,0.005043873772339398,-0.007859040412171952,-0.010379559008873222,-0.0038280757602168255,1,results/extension/DS03/audit/paired_transport_engines.csv
DS03,isolation_forest,2,0.01,phase_conditioned,12,0.0068888026822577515,0.009566874664709039,0.0026780719824512876,0.0014637249814129557,0.0011767608766112278,4,results/extension/DS03/audit/paired_transport_engines.csv
DS03,isolation_forest,2,0.01,phase_conditioned,13,0.016186736140377765,0.008090710911953495,-0.00809602522842427,-0.021041700638435787,-0.002313254648324726,1,results/extension/DS03/audit/paired_transport_engines.csv
DS03,isolation_forest,2,0.01,phase_conditioned,14,0.007419819387357115,0.0047302825869029235,-0.002689536800454192,-0.001964370513202152,-0.0012931486453394798,1,results/extension/DS03/audit/paired_transport_engines.csv
DS03,isolation_forest,2,0.01,phase_conditioned,15,0.0062791851415459985,0.003829028557254038,-0.0024501565842919605,-0.0056903898652725295,-0.0016300495093016605,1,results/extension/DS03/audit/paired_transport_engines.csv
DS03,isolation_forest,2,0.01,quantile_regression_W,10,0.022320919428879663,0.06435608197029517,0.04203516254141551,0.025506866631175802,0.025136902924268935,4,results/extension/DS03/audit/paired_transport_engines.csv
DS03,isolation_forest,2,0.01,quantile_regression_W,11,0.01290291418451135,0.008897273113943194,-0.004005641070568156,-0.007197630173799338,-0.002937167840341326,1,results/extension/DS03/audit/paired_transport_engines.csv
DS03,isolation_forest,2,0.01,quantile_regression_W,12,0.0068888026822577515,0.004974164949035774,-0.0019146377332219773,-0.003793621953098664,-0.0015733373864667798,1,results/extension/DS03/audit/paired_transport_engines.csv
DS03,isolation_forest,2,0.01,quantile_regression_W,13,0.016186736140377765,0.013303704838895062,-0.002883031301482703,-0.011512823614533286,-0.0018981937677197535,1,results/extension/DS03/audit/paired_transport_engines.csv
DS03,isolation_forest,2,0.01,quantile_regression_W,14,0.007419819387357115,0.009669976898382887,0.002250157511025772,0.0031469746984914213,0.0013755558460298517,4,results/extension/DS03/audit/paired_transport_engines.csv
DS03,isolation_forest,2,0.01,quantile_regression_W,15,0.0062791851415459985,0.0065691849003730925,0.00028999975882709403,0.0017168612522466056,0.0007096901815139963,4,results/extension/DS03/audit/paired_transport_engines.csv
DS03,isolation_forest,2,0.02,phase_conditioned,10,0.04263829412477019,0.0778880741994109,0.03524978007464072,0.019356190813168937,0.021722474762715212,4,results/extension/DS03/audit/paired_transport_engines.csv
DS03,isolation_forest,2,0.02,phase_conditioned,11,0.023058686201899856,0.009232410239896956,-0.0138262759620029,-0.021340572028418568,-0.008473366427225962,1,results/extension/DS03/audit/paired_transport_engines.csv
DS03,isolation_forest,2,0.02,phase_conditioned,12,0.022270497935659068,0.042568822881666996,0.020298324946007928,0.015023490523470049,0.010668486534969317,4,results/extension/DS03/audit/paired_transport_engines.csv
DS03,isolation_forest,2,0.02,phase_conditioned,13,0.02012298379372438,0.015469904323604216,-0.0046530794701201625,-0.025690746265167555,-0.0022998256302822935,1,results/extension/DS03/audit/paired_transport_engines.csv
DS03,isolation_forest,2,0.02,phase_conditioned,14,0.0159197143800066,0.001451501605112357,-0.014468212774894244,-0.02753115135356069,-0.011290407059421187,1,results/extension/DS03/audit/paired_transport_engines.csv
DS03,isolation_forest,2,0.02,phase_conditioned,15,0.013690118135871756,0.008340206505224643,-0.005349911630647113,-0.01157776696129325,-0.004266338802887098,1,results/extension/DS03/audit/paired_transport_engines.csv
DS03,isolation_forest,2,0.02,quantile_regression_W,10,0.04263829412477019,0.0809431597418061,0.038304865617035916,0.012566874636733692,0.0268690219499501,4,results/extension/DS03/audit/paired_transport_engines.csv
DS03,isolation_forest,2,0.02,quantile_regression_W,11,0.023058686201899856,0.012848028481860143,-0.010210657720039713,-0.015579514251761538,-0.0062791388187562885,1,results/extension/DS03/audit/paired_transport_engines.csv
DS03,isolation_forest,2,0.02,quantile_regression_W,12,0.022270497935659068,0.032008922268966886,0.009738424333307818,-0.008202310392292043,0.007277676824525688,2,results/extension/DS03/audit/paired_transport_engines.csv
DS03,isolation_forest,2,0.02,quantile_regression_W,13,0.02012298379372438,0.029682004520899582,0.009559020727175203,-0.00993958651516463,0.004380198412050116,2,results/extension/DS03/audit/paired_transport_engines.csv
DS03,isolation_forest,2,0.02,quantile_regression_W,14,0.0159197143800066,0.013009510665746602,-0.0029102037142599985,-0.009046918336709807,-0.0031990201284471005,1,results/extension/DS03/audit/paired_transport_engines.csv
DS03,isolation_forest,2,0.02,quantile_regression_W,15,0.013690118135871756,0.006100131966959382,-0.007589986168912374,-0.011014991818961638,-0.003749578250456677,1,results/extension/DS03/audit/paired_transport_engines.csv
DS03,lstm_autoencoder,0,0.005,phase_conditioned,10,0.01002658549741851,0.007901734589886637,-0.0021248509075318736,-0.0076691467885839065,-0.001644435467599261,1,results/extension/DS03/audit/paired_transport_engines.csv
DS03,lstm_autoencoder,0,0.005,phase_conditioned,11,0.00955079697311222,0.0037949406214413542,-0.005755856351670865,-0.008811985150171158,-0.002653668535576273,1,results/extension/DS03/audit/paired_transport_engines.csv
DS03,lstm_autoencoder,0,0.005,phase_conditioned,12,0.002596405057999791,0.007875172939548803,0.005278767881549012,0.008900620962007078,0.0034357124400412322,4,results/extension/DS03/audit/paired_transport_engines.csv
DS03,lstm_autoencoder,0,0.005,phase_conditioned,13,0.010372974215547295,0.005488103904064978,-0.004884870311482318,-0.009033423308421109,-0.0013472051407449727,1,results/extension/DS03/audit/paired_transport_engines.csv
DS03,lstm_autoencoder,0,0.005,phase_conditioned,14,0.0017894009591156628,0.004173643284835677,0.0023842423257200143,0.0063745216452723834,0.0014680289378585579,4,results/extension/DS03/audit/paired_transport_engines.csv
DS03,lstm_autoencoder,0,0.005,phase_conditioned,15,0.0025921732188533535,0.003602290685739422,0.0010101174668860685,0.0010645204233196036,0.0009391597954337527,4,results/extension/DS03/audit/paired_transport_engines.csv
DS03,lstm_autoencoder,0,0.005,quantile_regression_W,10,0.01002658549741851,0.02296578304192517,0.012939197544506661,0.00709767249976943,0.007645547904514231,4,results/extension/DS03/audit/paired_transport_engines.csv
DS03,lstm_autoencoder,0,0.005,quantile_regression_W,11,0.00955079697311222,0.003150861374979874,-0.0063999355981323456,-0.0068410263525550685,-0.0037163333417873277,1,results/extension/DS03/audit/paired_transport_engines.csv
DS03,lstm_autoencoder,0,0.005,quantile_regression_W,12,0.002596405057999791,0.0038141288081994526,0.0012177237501996615,0.002219384175825438,0.0006100541129796914,4,results/extension/DS03/audit/paired_transport_engines.csv
DS03,lstm_autoencoder,0,0.005,quantile_regression_W,13,0.010372974215547295,0.0038258447377982315,-0.006547129477749064,-0.00689087289986609,-0.003525279082894046,1,results/extension/DS03/audit/paired_transport_engines.csv
DS03,lstm_autoencoder,0,0.005,quantile_regression_W,14,0.0017894009591156628,0.003529897092796496,0.0017404961336808331,0.005079563023688126,0.0010193830296022135,4,results/extension/DS03/audit/paired_transport_engines.csv
DS03,lstm_autoencoder,0,0.005,quantile_regression_W,15,0.0025921732188533535,0.002973728431943239,0.0003815552130898856,0.0010637046038064523,0.000615638653144896,4,results/extension/DS03/audit/paired_transport_engines.csv
DS03,lstm_autoencoder,0,0.01,phase_conditioned,10,0.026955492684860027,0.015572330612202015,-0.011383162072658012,-0.025812566095970668,-0.004565633388719962,1,results/extension/DS03/audit/paired_transport_engines.csv
DS03,lstm_autoencoder,0,0.01,phase_conditioned,11,0.01670664949283529,0.00990808524483488,-0.00679856424800041,-0.012060146818614316,-0.003583275047141116,1,results/extension/DS03/audit/paired_transport_engines.csv
DS03,lstm_autoencoder,0,0.01,phase_conditioned,12,0.004147768836869056,0.020380890532794987,0.01623312169592593,0.01796689790931133,0.009267428337911103,4,results/extension/DS03/audit/paired_transport_engines.csv
DS03,lstm_autoencoder,0,0.01,phase_conditioned,13,0.016895521244396763,0.014725105586544026,-0.0021704156578527378,-0.009209897309784436,-0.0017574147401212235,1,results/extension/DS03/audit/paired_transport_engines.csv
DS03,lstm_autoencoder,0,0.01,phase_conditioned,14,0.0030695148660406226,0.006351144580120609,0.0032816297140799864,0.007851788753880578,0.002660902447689307,4,results/extension/DS03/audit/paired_transport_engines.csv
DS03,lstm_autoencoder,0,0.01,phase_conditioned,15,0.005563048468407121,0.006526619329633188,0.0009635708612260666,-0.002298725493613171,0.00015060871398736922,2,results/extension/DS03/audit/paired_transport_engines.csv
DS03,lstm_autoencoder,0,0.01,quantile_regression_W,10,0.026955492684860027,0.03673497524597355,0.009779482561113523,0.004994427019583157,0.005915491117698072,4,results/extension/DS03/audit/paired_transport_engines.csv
DS03,lstm_autoencoder,0,0.01,quantile_regression_W,11,0.01670664949283529,0.008364595073257123,-0.008342054419578167,-0.009618066959158188,-0.0061123494578552325,1,results/extension/DS03/audit/paired_transport_engines.csv
DS03,lstm_autoencoder,0,0.01,quantile_regression_W,12,0.004147768836869056,0.007204732190755852,0.003056963353886796,0.005587061021969656,0.002186705444188901,4,results/extension/DS03/audit/paired_transport_engines.csv
DS03,lstm_autoencoder,0,0.01,quantile_regression_W,13,0.016895521244396763,0.0063978391632504485,-0.010497682081146315,-0.008116752116964988,-0.00757246704667052,1,results/extension/DS03/audit/paired_transport_engines.csv
DS03,lstm_autoencoder,0,0.01,quantile_regression_W,14,0.0030695148660406226,0.007299810986769074,0.004230296120728451,0.010468272481081873,0.0036800422302201525,4,results/extension/DS03/audit/paired_transport_engines.csv
DS03,lstm_autoencoder,0,0.01,quantile_regression_W,15,0.005563048468407121,0.00500291052070863,-0.0005601379476984913,0.0010367117623880165,0.000497518626932471,3,results/extension/DS03/audit/paired_transport_engines.csv
DS03,lstm_autoencoder,0,0.02,phase_conditioned,10,0.05838043131254196,0.042484175299155644,-0.015896256013386317,-0.03960058640130385,-0.006909251372330137,1,results/extension/DS03/audit/paired_transport_engines.csv
DS03,lstm_autoencoder,0,0.02,phase_conditioned,11,0.031924005796168095,0.021810900016100466,-0.01011310578006763,-0.018525336596558122,-0.007045270147233048,1,results/extension/DS03/audit/paired_transport_engines.csv
DS03,lstm_autoencoder,0,0.02,phase_conditioned,12,0.013902297098838983,0.05911454951012225,0.045212252411283266,0.04623639286483118,0.02416960797444014,4,results/extension/DS03/audit/paired_transport_engines.csv
DS03,lstm_autoencoder,0,0.02,phase_conditioned,13,0.03138692004137772,0.02457414453351064,-0.006812775507867078,-0.01848469024687641,-0.005848563335012873,1,results/extension/DS03/audit/paired_transport_engines.csv
DS03,lstm_autoencoder,0,0.02,phase_conditioned,14,0.006229036032522277,0.025543188023161623,0.019314151990639346,0.020731319487011197,0.010360151265944743,4,results/extension/DS03/audit/paired_transport_engines.csv
DS03,lstm_autoencoder,0,0.02,phase_conditioned,15,0.009160122571362672,0.00930141701032526,0.00014129443896258864,-0.0073843441856796845,-0.000826176434730477,3,results/extension/DS03/audit/paired_transport_engines.csv
DS03,lstm_autoencoder,0,0.02,quantile_regression_W,10,0.05838043131254196,0.040851037162373885,-0.017529394150168076,-0.032766515056266356,-0.007952032099370749,1,results/extension/DS03/audit/paired_transport_engines.csv
DS03,lstm_autoencoder,0,0.02,quantile_regression_W,11,0.031924005796168095,0.01658831106102077,-0.015335694735147325,-0.02157397826198297,-0.012902577552440968,1,results/extension/DS03/audit/paired_transport_engines.csv
DS03,lstm_autoencoder,0,0.02,quantile_regression_W,12,0.013902297098838983,0.014719720690515112,0.0008174235916761294,0.001387023463319318,-2.783526966496433e-05,3,results/extension/DS03/audit/paired_transport_engines.csv
DS03,lstm_autoencoder,0,0.02,quantile_regression_W,13,0.03138692004137772,0.010247883222865024,-0.021139036818512695,-0.023945272952545473,-0.01688009933232882,1,results/extension/DS03/audit/paired_transport_engines.csv
DS03,lstm_autoencoder,0,0.02,quantile_regression_W,14,0.006229036032522277,0.008719210344724131,0.002490174312201854,0.007335019562617038,0.002378351166505451,4,results/extension/DS03/audit/paired_transport_engines.csv
DS03,lstm_autoencoder,0,0.02,quantile_regression_W,15,0.009160122571362672,0.007924860294237442,-0.0012352622771252299,-0.009855150032543666,-9.397680092348808e-05,1,results/extension/DS03/audit/paired_transport_engines.csv
DS03,lstm_autoencoder,1,0.005,phase_conditioned,10,0.010632052312332808,0.008616162889652345,-0.0020158894226804634,-0.007704156617704309,-0.0019575766948468215,1,results/extension/DS03/audit/paired_transport_engines.csv
DS03,lstm_autoencoder,1,0.005,phase_conditioned,11,0.009258976010304298,0.004150805270863836,-0.0051081707394404615,-0.007833481472123711,-0.002575711442232295,1,results/extension/DS03/audit/paired_transport_engines.csv
DS03,lstm_autoencoder,1,0.005,phase_conditioned,12,0.002763611662660675,0.007479882542281955,0.00471627087962128,0.009282683025476919,0.0030407534796126528,4,results/extension/DS03/audit/paired_transport_engines.csv
DS03,lstm_autoencoder,1,0.005,phase_conditioned,13,0.010468755986360677,0.005650932914447722,-0.0048178230719129545,-0.009166805888754816,-0.0015924621694921653,1,results/extension/DS03/audit/paired_transport_engines.csv
DS03,lstm_autoencoder,1,0.005,phase_conditioned,14,0.0027512259882413502,0.00439039258717386,0.0016391665989325096,0.005599443818337868,0.000759832449653928,4,results/extension/DS03/audit/paired_transport_engines.csv
DS03,lstm_autoencoder,1,0.005,phase_conditioned,15,0.003341615210413985,0.0042702715912608545,0.0009286563808468696,0.0003881028163632734,0.0004717339297291355,4,results/extension/DS03/audit/paired_transport_engines.csv
DS03,lstm_autoencoder,1,0.005,quantile_regression_W,10,0.010632052312332808,0.030877671241461426,0.020245618929128618,0.013764740630944237,0.010646263420870935,4,results/extension/DS03/audit/paired_transport_engines.csv
DS03,lstm_autoencoder,1,0.005,quantile_regression_W,11,0.009258976010304298,0.0036439381742070518,-0.005615037836097246,-0.00600886886683182,-0.0033638690890892657,1,results/extension/DS03/audit/paired_transport_engines.csv
DS03,lstm_autoencoder,1,0.005,quantile_regression_W,12,0.002763611662660675,0.004011774006832877,0.0012481623441722022,0.003083306998295067,0.000427938539019936,4,results/extension/DS03/audit/paired_transport_engines.csv
DS03,lstm_autoencoder,1,0.005,quantile_regression_W,13,0.010468755986360677,0.0027812764926728835,-0.0076874794936877934,-0.0076652409543428385,-0.0038607482140345555,1,results/extension/DS03/audit/paired_transport_engines.csv
DS03,lstm_autoencoder,1,0.005,quantile_regression_W,14,0.0027512259882413502,0.003289880291620414,0.0005386543033790636,0.004390324973118133,0.00015181023635054856,4,results/extension/DS03/audit/paired_transport_engines.csv
DS03,lstm_autoencoder,1,0.005,quantile_regression_W,15,0.003341615210413985,0.002973728431943239,-0.00036788677847074576,-0.00029036980225295456,0.00017820986509919055,3,results/extension/DS03/audit/paired_transport_engines.csv
DS03,lstm_autoencoder,1,0.01,phase_conditioned,10,0.029058113805744225,0.015740431388617478,-0.013317682417126747,-0.030034483820899387,-0.005239176360002724,1,results/extension/DS03/audit/paired_transport_engines.csv
DS03,lstm_autoencoder,1,0.01,phase_conditioned,11,0.01619344710996619,0.009145518138929559,-0.00704792897103663,-0.012214992094274239,-0.00402684840088584,1,results/extension/DS03/audit/paired_transport_engines.csv
DS03,lstm_autoencoder,1,0.01,phase_conditioned,12,0.0038551572787125093,0.021736171894852753,0.017881014616140244,0.020017288525962372,0.010354725867047618,4,results/extension/DS03/audit/paired_transport_engines.csv
DS03,lstm_autoencoder,1,0.01,phase_conditioned,13,0.01666564499444466,0.012163939270806398,-0.00450170572363826,-0.013645462536039855,-0.002408950428739712,1,results/extension/DS03/audit/paired_transport_engines.csv
DS03,lstm_autoencoder,1,0.01,phase_conditioned,14,0.003189523266628664,0.00755122858600102,0.004361705319372356,0.00998851720807159,0.0031944877046765486,4,results/extension/DS03/audit/paired_transport_engines.csv
DS03,lstm_autoencoder,1,0.01,phase_conditioned,15,0.0044867049610649214,0.005363864686366314,0.0008771597253013925,-0.002436093895121961,-0.0004957039786260601,3,results/extension/DS03/audit/paired_transport_engines.csv
DS03,lstm_autoencoder,1,0.01,quantile_regression_W,10,0.029058113805744225,0.049111988469010465,0.02005387466326624,0.013162213924836297,0.010772938659173413,4,results/extension/DS03/audit/paired_transport_engines.csv
DS03,lstm_autoencoder,1,0.01,quantile_regression_W,11,0.01619344710996619,0.008072774110449201,-0.008120672999516987,-0.009254906368032561,-0.0062156797324425745,1,results/extension/DS03/audit/paired_transport_engines.csv
DS03,lstm_autoencoder,1,0.01,quantile_regression_W,12,0.0038551572787125093,0.007035322020498631,0.0031801647417861213,0.006823388176114463,0.0027443563114757747,4,results/extension/DS03/audit/paired_transport_engines.csv
DS03,lstm_autoencoder,1,0.01,quantile_regression_W,13,0.01666564499444466,0.007039577027700089,-0.00962606796674457,-0.008560007183015738,-0.007761960412377224,1,results/extension/DS03/audit/paired_transport_engines.csv
DS03,lstm_autoencoder,1,0.01,quantile_regression_W,14,0.003189523266628664,0.006579760583240828,0.0033902373166121635,0.010664899728292258,0.0032342704299544883,4,results/extension/DS03/audit/paired_transport_engines.csv
DS03,lstm_autoencoder,1,0.01,quantile_regression_W,15,0.0044867049610649214,0.004883879569625748,0.00039717460856082687,0.0011259203511178456,0.0002110825812415857,4,results/extension/DS03/audit/paired_transport_engines.csv
DS03,lstm_autoencoder,1,0.02,phase_conditioned,10,0.0609894428604454,0.04731690133092614,-0.013672541529519258,-0.04509931440947162,-0.0033449298827740517,1,results/extension/DS03/audit/paired_transport_engines.csv
DS03,lstm_autoencoder,1,0.02,phase_conditioned,11,0.03149130574786668,0.02382345838029303,-0.007667847367573654,-0.01842731112724221,-0.006088825457629527,1,results/extension/DS03/audit/paired_transport_engines.csv
DS03,lstm_autoencoder,1,0.02,phase_conditioned,12,0.016340713236720327,0.06145805686534715,0.04511734362862682,0.04668490554732262,0.02506391449837938,4,results/extension/DS03/audit/paired_transport_engines.csv
DS03,lstm_autoencoder,1,0.02,phase_conditioned,13,0.03131029462472702,0.023490574169160106,-0.007819720455566916,-0.022322566525568126,-0.005572286842819272,1,results/extension/DS03/audit/paired_transport_engines.csv
DS03,lstm_autoencoder,1,0.02,phase_conditioned,14,0.00652905703399238,0.02761333293330533,0.02108427589931295,0.024486941436197854,0.011817552262958077,4,results/extension/DS03/audit/paired_transport_engines.csv
DS03,lstm_autoencoder,1,0.02,phase_conditioned,15,0.011126096936814243,0.009347927196055934,-0.0017781697407583084,-0.013186817194292565,-0.0019218800066967507,1,results/extension/DS03/audit/paired_transport_engines.csv
DS03,lstm_autoencoder,1,0.02,quantile_regression_W,10,0.0609894428604454,0.06193896095757348,0.0009495180971280798,-0.018920326404261334,0.0029545225893890803,2,results/extension/DS03/audit/paired_transport_engines.csv
DS03,lstm_autoencoder,1,0.02,quantile_regression_W,11,0.03149130574786668,0.016537997101915957,-0.014953308645950725,-0.0231134876027711,-0.012337505444297561,1,results/extension/DS03/audit/paired_transport_engines.csv
DS03,lstm_autoencoder,1,0.02,quantile_regression_W,12,0.016340713236720327,0.01898694893180748,0.0026462356950871513,0.003955800447713469,0.002191301231249788,4,results/extension/DS03/audit/paired_transport_engines.csv
DS03,lstm_autoencoder,1,0.02,quantile_regression_W,13,0.03131029462472702,0.010152101452051646,-0.021158193172675376,-0.023232503970029433,-0.017529808605593875,1,results/extension/DS03/audit/paired_transport_engines.csv
DS03,lstm_autoencoder,1,0.02,quantile_regression_W,14,0.00652905703399238,0.010973451327433627,0.004444394293441248,0.011186817949677692,0.003685713693246004,4,results/extension/DS03/audit/paired_transport_engines.csv
DS03,lstm_autoencoder,1,0.02,quantile_regression_W,15,0.011126096936814243,0.008511380113719675,-0.0026147168230945678,-0.009188156406363304,-0.0019358025340313594,1,results/extension/DS03/audit/paired_transport_engines.csv
DS03,lstm_autoencoder,2,0.005,phase_conditioned,10,0.010621043824788911,0.008164392053035794,-0.002456651771753117,-0.008673326368883986,-0.0020290467858623228,1,results/extension/DS03/audit/paired_transport_engines.csv
DS03,lstm_autoencoder,2,0.005,phase_conditioned,11,0.008997343422959266,0.0035407515861395804,-0.005456591836819686,-0.008323681740567381,-0.0026202303030742344,1,results/extension/DS03/audit/paired_transport_engines.csv
DS03,lstm_autoencoder,2,0.005,phase_conditioned,12,0.0033906364301389907,0.006999887059886496,0.003609250629747505,0.00864022635860526,0.0025436766842809938,4,results/extension/DS03/audit/paired_transport_engines.csv
DS03,lstm_autoencoder,2,0.005,phase_conditioned,13,0.010200567028083213,0.005793871866295265,-0.004406695161787949,-0.00886932304560816,-0.0010987903945237484,1,results/extension/DS03/audit/paired_transport_engines.csv
DS03,lstm_autoencoder,2,0.005,phase_conditioned,14,0.0030628031103524887,0.004417486249966133,0.0013546831396136442,0.00498493725740189,0.000680132620022192,4,results/extension/DS03/audit/paired_transport_engines.csv
DS03,lstm_autoencoder,2,0.005,phase_conditioned,15,0.002869140911386631,0.003821431893584695,0.0009522909821980639,0.0007302106219234392,0.0009908931343297275,4,results/extension/DS03/audit/paired_transport_engines.csv
DS03,lstm_autoencoder,2,0.005,quantile_regression_W,10,0.010621043824788911,0.020850723820266967,0.010229679995478056,0.005704943233612219,0.0046454456611823205,4,results/extension/DS03/audit/paired_transport_engines.csv
DS03,lstm_autoencoder,2,0.005,quantile_regression_W,11,0.008997343422959266,0.00342255675414587,-0.005574786668813396,-0.0062679292829062455,-0.003439580716855701,1,results/extension/DS03/audit/paired_transport_engines.csv
DS03,lstm_autoencoder,2,0.005,quantile_regression_W,12,0.0033906364301389907,0.0039270689217042664,0.0005364324915652758,0.0017636279149896854,-0.00015853122853315416,3,results/extension/DS03/audit/paired_transport_engines.csv
DS03,lstm_autoencoder,2,0.005,quantile_regression_W,13,0.010200567028083213,0.0033716846312219937,-0.00682888239686122,-0.006674022932596765,-0.00364946889909951,1,results/extension/DS03/audit/paired_transport_engines.csv
DS03,lstm_autoencoder,2,0.005,quantile_regression_W,14,0.0030628031103524887,0.003739911793825568,0.0006771086834730794,0.003986611785980459,0.0002575219326378035,4,results/extension/DS03/audit/paired_transport_engines.csv
DS03,lstm_autoencoder,2,0.005,quantile_regression_W,15,0.002869140911386631,0.00440153104372371,0.0015323901323370786,0.0017184308752597787,0.0010638789185238636,4,results/extension/DS03/audit/paired_transport_engines.csv
DS03,lstm_autoencoder,2,0.01,phase_conditioned,10,0.03083048030031154,0.01688272658219487,-0.01394775371811667,-0.02670077746944837,-0.006718415423463395,1,results/extension/DS03/audit/paired_transport_engines.csv
DS03,lstm_autoencoder,2,0.01,phase_conditioned,11,0.016515456448237,0.009662695218161326,-0.006852761230075674,-0.01110613636200907,-0.004283832238891963,1,results/extension/DS03/audit/paired_transport_engines.csv
DS03,lstm_autoencoder,2,0.01,phase_conditioned,12,0.0051301076392517506,0.020183245334161562,0.015053137694909811,0.020531617989903626,0.009409731100646516,4,results/extension/DS03/audit/paired_transport_engines.csv
DS03,lstm_autoencoder,2,0.01,phase_conditioned,13,0.018098949675544554,0.013875487914496448,-0.004223461761048106,-0.013488327935203371,-0.0031647414802710837,1,results/extension/DS03/audit/paired_transport_engines.csv
DS03,lstm_autoencoder,2,0.01,phase_conditioned,14,0.003489544268098767,0.006321142479973599,0.002831598211874832,0.010476887978598397,0.0024600900695860794,4,results/extension/DS03/audit/paired_transport_engines.csv
DS03,lstm_autoencoder,2,0.01,phase_conditioned,15,0.0037832157578324838,0.0074413196490031325,0.003658103891170649,0.002003078264686115,0.001315709795315949,4,results/extension/DS03/audit/paired_transport_engines.csv
DS03,lstm_autoencoder,2,0.01,quantile_regression_W,10,0.03083048030031154,0.0359202857680015,0.005089805467689959,0.0009871052756874055,0.002277183379517947,4,results/extension/DS03/audit/paired_transport_engines.csv
DS03,lstm_autoencoder,2,0.01,quantile_regression_W,11,0.016515456448237,0.0075595717275801,-0.008955884720656901,-0.0103421699488426,-0.007048955883224128,1,results/extension/DS03/audit/paired_transport_engines.csv
DS03,lstm_autoencoder,2,0.01,quantile_regression_W,12,0.0051301076392517506,0.007402377389389276,0.0022722697501375254,0.005119336104280678,0.0017029936540098375,4,results/extension/DS03/audit/paired_transport_engines.csv
DS03,lstm_autoencoder,2,0.01,quantile_regression_W,13,0.018098949675544554,0.0058039921842075026,-0.012294957491337051,-0.009634067168434662,-0.009472271707051491,1,results/extension/DS03/audit/paired_transport_engines.csv
DS03,lstm_autoencoder,2,0.01,quantile_regression_W,14,0.003489544268098767,0.007839848789415259,0.004350304521316492,0.010944437083142688,0.0026189967640718125,4,results/extension/DS03/audit/paired_transport_engines.csv
DS03,lstm_autoencoder,2,0.01,quantile_regression_W,15,0.0037832157578324838,0.006123186416105613,0.002339970658273129,0.005068568221139396,0.0017071480648911063,4,results/extension/DS03/audit/paired_transport_engines.csv
DS03,lstm_autoencoder,2,0.02,phase_conditioned,10,0.05998767049395083,0.05024515901760257,-0.009742511476348262,-0.04282445697633597,-0.0026231445865902356,1,results/extension/DS03/audit/paired_transport_engines.csv
DS03,lstm_autoencoder,2,0.02,phase_conditioned,11,0.03014289164385767,0.02408509096763806,-0.00605780067621961,-0.017179588984163968,-0.006174038937412779,1,results/extension/DS03/audit/paired_transport_engines.csv
DS03,lstm_autoencoder,2,0.02,phase_conditioned,12,0.010740934266903543,0.07907671457209814,0.06833578030519459,0.07284316400730138,0.03827668902313741,4,results/extension/DS03/audit/paired_transport_engines.csv
DS03,lstm_autoencoder,2,0.02,phase_conditioned,13,0.030250575646756064,0.02489429032297785,-0.005356285323778215,-0.016785981339280213,-0.004094128398820521,1,results/extension/DS03/audit/paired_transport_engines.csv
DS03,lstm_autoencoder,2,0.02,phase_conditioned,14,0.00751912633884372,0.03853409738681708,0.031014971047973364,0.03901623034934892,0.017294300985979828,4,results/extension/DS03/audit/paired_transport_engines.csv
DS03,lstm_autoencoder,2,0.02,phase_conditioned,15,0.008885545146020274,0.010572695420297044,0.0016871502742767698,-0.004155414312292174,0.0003025134045183545,2,results/extension/DS03/audit/paired_transport_engines.csv
DS03,lstm_autoencoder,2,0.02,quantile_regression_W,10,0.05998767049395083,0.05309635729147172,-0.006891313202479113,-0.02189191893927879,0.0026336179403162463,3,results/extension/DS03/audit/paired_transport_engines.csv
DS03,lstm_autoencoder,2,0.02,quantile_regression_W,11,0.03014289164385767,0.02191152793431009,-0.008231363709547579,-0.01547785467506373,-0.009273027114022763,1,results/extension/DS03/audit/paired_transport_engines.csv
DS03,lstm_autoencoder,2,0.02,quantile_regression_W,12,0.010740934266903543,0.01235057773836903,0.0016096434714654873,0.004917424121069755,0.0033290805435224335,4,results/extension/DS03/audit/paired_transport_engines.csv
DS03,lstm_autoencoder,2,0.02,quantile_regression_W,13,0.030250575646756064,0.012843569211907591,-0.017407006434848472,-0.019098498805730408,-0.015282363232971961,1,results/extension/DS03/audit/paired_transport_engines.csv
DS03,lstm_autoencoder,2,0.02,quantile_regression_W,14,0.00751912633884372,0.012861611229783337,0.005342484890939617,0.015084652789209606,0.0037219694922858834,4,results/extension/DS03/audit/paired_transport_engines.csv
DS03,lstm_autoencoder,2,0.02,quantile_regression_W,15,0.008885545146020274,0.008863578951992884,-2.196619402738964e-05,-0.006548895591565448,-0.00038132847855498926,1,results/extension/DS03/audit/paired_transport_engines.csv
DS03,cvae,0,0.005,phase_conditioned,10,0.011688867116546858,0.02177508303565833,0.010086215919111473,0.006451523538698597,0.0055906223686875995,4,results/extension/DS03/audit/paired_transport_engines.csv
DS03,cvae,0,0.005,phase_conditioned,11,0.011362099500885525,0.012254351716284365,0.0008922522153988408,-0.00621245957905287,-0.0010925836116246297,3,results/extension/DS03/audit/paired_transport_engines.csv
DS03,cvae,0,0.005,phase_conditioned,12,0.004456578534852127,0.004653634071323672,0.00019705553647154494,0.00666287703462215,0.00044531130253133407,4,results/extension/DS03/audit/paired_transport_engines.csv
DS03,cvae,0,0.005,phase_conditioned,13,0.007681506455691353,0.009160294534126309,0.0014787880784349556,-0.002686335643703168,-0.00037169283542536156,3,results/extension/DS03/audit/paired_transport_engines.csv
DS03,cvae,0,0.005,phase_conditioned,14,0.0044278303326213,0.004715516540681135,0.00028768620805983466,0.004247963427465192,-4.4059174548772076e-05,3,results/extension/DS03/audit/paired_transport_engines.csv
DS03,cvae,0,0.005,phase_conditioned,15,0.0034350185065184684,0.0024416297169080024,-0.000993388789610466,-0.003923517549720648,-0.0013381323946866502,1,results/extension/DS03/audit/paired_transport_engines.csv
DS03,cvae,0,0.005,quantile_regression_W,10,0.011688867116546858,0.04291000814689478,0.031221141030347923,0.010963632458651562,0.021984020888337202,4,results/extension/DS03/audit/paired_transport_engines.csv
DS03,cvae,0,0.005,quantile_regression_W,11,0.011362099500885525,0.01285139269038802,0.0014892931895024962,-0.001960666639732371,0.0007080189454461011,2,results/extension/DS03/audit/paired_transport_engines.csv
DS03,cvae,0,0.005,quantile_regression_W,12,0.004456578534852127,0.0027278395078832885,-0.0017287390269688386,0.00036716462691146036,-0.001797313768223451,3,results/extension/DS03/audit/paired_transport_engines.csv
DS03,cvae,0,0.005,quantile_regression_W,13,0.007681506455691353,0.004865522393778017,-0.002815984061913336,-0.005352219375859774,-0.0028540003565503545,1,results/extension/DS03/audit/paired_transport_engines.csv
DS03,cvae,0,0.005,quantile_regression_W,14,0.0044278303326213,0.0037099096936785577,-0.0007179206389427424,0.0007480182981133366,-0.0008167148181588723,3,results/extension/DS03/audit/paired_transport_engines.csv
DS03,cvae,0,0.005,quantile_regression_W,15,0.0034350185065184684,0.007773341826928358,0.004338323320409889,0.00010098162616118192,0.0017727331420273147,4,results/extension/DS03/audit/paired_transport_engines.csv
DS03,cvae,0,0.01,phase_conditioned,10,0.038328973219445055,0.0473259384596102,0.008996965240165147,-0.006142442939474177,0.006621887366231594,2,results/extension/DS03/audit/paired_transport_engines.csv
DS03,cvae,0,0.01,phase_conditioned,11,0.03443224337074996,0.02844354969904018,-0.005988693671709781,-0.016291313435726228,-0.005247915802707951,1,results/extension/DS03/audit/paired_transport_engines.csv
DS03,cvae,0,0.01,phase_conditioned,12,0.008620545511547707,0.0088086529417912,0.00018810743024349347,0.008235090517461498,-1.825561348030389e-05,3,results/extension/DS03/audit/paired_transport_engines.csv
DS03,cvae,0,0.01,phase_conditioned,13,0.01697843941240934,0.013875487914496448,-0.003102951497912893,-0.014396399481442022,-0.0037906263548325176,1,results/extension/DS03/audit/paired_transport_engines.csv
DS03,cvae,0,0.01,phase_conditioned,14,0.008207201708880073,0.008970440813893631,0.0007632391050135575,0.005923600330299327,-0.0002618091708912881,3,results/extension/DS03/audit/paired_transport_engines.csv
DS03,cvae,0,0.01,phase_conditioned,15,0.005829586679482807,0.0022286123918604083,-0.003600974287622399,-0.006920787593471875,-0.002872791326664146,1,results/extension/DS03/audit/paired_transport_engines.csv
DS03,cvae,0,0.01,quantile_regression_W,10,0.038328973219445055,0.08474580010716425,0.04641682688771919,0.00989893589783316,0.04383843076454089,4,results/extension/DS03/audit/paired_transport_engines.csv
DS03,cvae,0,0.01,quantile_regression_W,11,0.03443224337074996,0.015703595249715305,-0.018728648121034655,-0.025849113156715744,-0.010413389217988506,1,results/extension/DS03/audit/paired_transport_engines.csv
DS03,cvae,0,0.01,quantile_regression_W,12,0.008620545511547707,0.0047768017955609745,-0.0038437437159867327,0.002171566054658235,-0.0035237958037840564,3,results/extension/DS03/audit/paired_transport_engines.csv
DS03,cvae,0,0.01,quantile_regression_W,13,0.01697843941240934,0.005592830325784183,-0.011385609086625158,-0.014863803244859702,-0.008580482686638973,1,results/extension/DS03/audit/paired_transport_engines.csv
DS03,cvae,0,0.01,quantile_regression_W,14,0.008207201708880073,0.0072770868893765744,-0.000930114819503499,0.0009999491452120537,-0.0018258256219606823,3,results/extension/DS03/audit/paired_transport_engines.csv
DS03,cvae,0,0.01,quantile_regression_W,15,0.005829586679482807,0.00782556645322848,0.0019959797737456727,-0.003439623736799992,0.00012073560711933079,2,results/extension/DS03/audit/paired_transport_engines.csv
DS03,cvae,0,0.02,phase_conditioned,10,0.11272606927853247,0.1035664598608761,-0.009159609417656367,-0.04720880417052456,0.0026864847596281966,3,results/extension/DS03/audit/paired_transport_engines.csv
DS03,cvae,0,0.02,phase_conditioned,11,0.06263177159590043,0.04047665527899788,-0.02215511631690255,-0.04008230483594034,-0.01203542042185395,1,results/extension/DS03/audit/paired_transport_engines.csv
DS03,cvae,0,0.02,phase_conditioned,12,0.01627965304629533,0.01790991744173895,0.0016302643954436181,0.013997206824220763,-0.0010793019489546488,3,results/extension/DS03/audit/paired_transport_engines.csv
DS03,cvae,0,0.02,phase_conditioned,13,0.03731840961422432,0.021885368376690546,-0.015433041237533775,-0.0337659708729946,-0.009603030429849682,1,results/extension/DS03/audit/paired_transport_engines.csv
DS03,cvae,0,0.02,phase_conditioned,14,0.015488905145086565,0.01725358559658224,0.0017646804514956753,0.013435497408682679,-0.0016233579237402013,3,results/extension/DS03/audit/paired_transport_engines.csv
DS03,cvae,0,0.02,phase_conditioned,15,0.01347307060246194,0.008905000081461086,-0.004568070521000854,-0.004458239550863894,-0.0031635075595494635,1,results/extension/DS03/audit/paired_transport_engines.csv
DS03,cvae,0,0.02,quantile_regression_W,10,0.11272606927853247,0.2099198369422469,0.09719376766371442,0.032316888766370844,0.08571566813188114,4,results/extension/DS03/audit/paired_transport_engines.csv
DS03,cvae,0,0.02,quantile_regression_W,11,0.06263177159590043,0.025222186443406857,-0.03740958515249357,-0.04983889248247672,-0.01919671623052385,1,results/extension/DS03/audit/paired_transport_engines.csv
DS03,cvae,0,0.02,quantile_regression_W,12,0.01627965304629533,0.011622949106489703,-0.004656703939805627,0.014223494834794147,-0.006143137538945754,3,results/extension/DS03/audit/paired_transport_engines.csv
DS03,cvae,0,0.02,quantile_regression_W,13,0.03731840961422432,0.0075977958096160834,-0.029720613804608238,-0.03561578605480749,-0.018762664479411533,1,results/extension/DS03/audit/paired_transport_engines.csv
DS03,cvae,0,0.02,quantile_regression_W,14,0.015488905145086565,0.012156384621637,-0.003332520523449565,0.004731722643086893,-0.004716049008097575,3,results/extension/DS03/audit/paired_transport_engines.csv
DS03,cvae,0,0.02,quantile_regression_W,15,0.01347307060246194,0.008479170556513524,-0.004993900045948416,-0.0067532762994871424,-0.003624063124841409,1,results/extension/DS03/audit/paired_transport_engines.csv
DS03,cvae,1,0.005,phase_conditioned,10,0.006448827045652197,0.004319086792532122,-0.002129740253120075,-0.0049654863206766335,-0.001913796576088107,1,results/extension/DS03/audit/paired_transport_engines.csv
DS03,cvae,1,0.005,phase_conditioned,11,0.008987280631138302,0.005425052326517468,-0.0035622283046208335,-0.0065238376557448284,-0.0020346792382763567,1,results/extension/DS03/audit/paired_transport_engines.csv
DS03,cvae,1,0.005,phase_conditioned,12,0.004456578534852127,0.01129161137306943,0.006835032838217302,0.010354921211273098,0.004005969152646625,4,results/extension/DS03/audit/paired_transport_engines.csv
DS03,cvae,1,0.005,phase_conditioned,13,0.005583885674878357,0.0039025156071072356,-0.0016813700677711218,-0.006117000441999049,-0.0006648410099366416,1,results/extension/DS03/audit/paired_transport_engines.csv
DS03,cvae,1,0.005,phase_conditioned,14,0.004218034787915777,0.0043091115987970415,9.107681088126474e-05,0.0037213309286695095,-0.00028974516841554854,3,results/extension/DS03/audit/paired_transport_engines.csv
DS03,cvae,1,0.005,phase_conditioned,15,0.00345698470054586,0.003960962450776721,0.000503977750230861,0.0003377790496476088,0.0003470850101344948,4,results/extension/DS03/audit/paired_transport_engines.csv
DS03,cvae,1,0.005,quantile_regression_W,10,0.006448827045652197,0.004588268471517202,-0.0018605585741349948,-0.008691335520007108,-0.0005785521592643382,1,results/extension/DS03/audit/paired_transport_engines.csv
DS03,cvae,1,0.005,quantile_regression_W,11,0.008987280631138302,0.010235066816937692,0.0012477861857993905,1.9033369907519443e-05,0.0005172424413660108,4,results/extension/DS03/audit/paired_transport_engines.csv
DS03,cvae,1,0.005,quantile_regression_W,12,0.004456578534852127,0.0027416941450303417,-0.0017148843898217854,-0.005122574656122245,-0.0007957583004471287,1,results/extension/DS03/audit/paired_transport_engines.csv
DS03,cvae,1,0.005,quantile_regression_W,13,0.005583885674878357,0.0031031378108118462,-0.002480747864066511,-0.0025053187275687148,-0.002165418453852999,1,results/extension/DS03/audit/paired_transport_engines.csv
DS03,cvae,1,0.005,quantile_regression_W,14,0.004218034787915777,0.004369955896912784,0.0001519211089970069,0.00026438263556080913,-0.0002210427285195566,3,results/extension/DS03/audit/paired_transport_engines.csv
DS03,cvae,1,0.005,quantile_regression_W,15,0.00345698470054586,0.00493970279739481,0.00148271809684895,-0.0012902353569886728,0.0011234833473802207,2,results/extension/DS03/audit/paired_transport_engines.csv
DS03,cvae,1,0.01,phase_conditioned,10,0.015396580763768866,0.009165776813923535,-0.006230803949845331,-0.012309640823944474,-0.003906769662931798,1,results/extension/DS03/audit/paired_transport_engines.csv
DS03,cvae,1,0.01,phase_conditioned,11,0.01641482853002737,0.0112123651585896,-0.005202463371437769,-0.011046915867538844,-0.003006623418918419,1,results/extension/DS03/audit/paired_transport_engines.csv
DS03,cvae,1,0.01,phase_conditioned,12,0.009482169579580426,0.030601970804980658,0.021119801225400234,0.02147511526030461,0.010962490599702992,4,results/extension/DS03/audit/paired_transport_engines.csv
DS03,cvae,1,0.01,phase_conditioned,13,0.008830696141910272,0.006607121230471117,-0.0022235749114391558,-0.00657236908441536,-0.0006781352377656898,1,results/extension/DS03/audit/paired_transport_engines.csv
DS03,cvae,1,0.01,phase_conditioned,14,0.007673176685993287,0.00805462313091242,0.00038144644491913335,0.008872040786523046,0.00116703516055525,4,results/extension/DS03/audit/paired_transport_engines.csv
DS03,cvae,1,0.01,phase_conditioned,15,0.0038496853342705577,0.008014945273014789,0.004165259938744231,0.004800656409849984,0.002427035487649274,4,results/extension/DS03/audit/paired_transport_engines.csv
DS03,cvae,1,0.01,quantile_regression_W,10,0.015396580763768866,0.014942031710221218,-0.0004545490535476475,-0.0157020207080668,0.0017696090586701348,3,results/extension/DS03/audit/paired_transport_engines.csv
DS03,cvae,1,0.01,quantile_regression_W,11,0.01641482853002737,0.01620350990178715,-0.0002113186282402188,-0.001219526066920728,-0.0005006524155935412,1,results/extension/DS03/audit/paired_transport_engines.csv
DS03,cvae,1,0.01,quantile_regression_W,12,0.009482169579580426,0.002308496185599331,-0.0071736733939810945,-0.015890334642270378,-0.006380362771295646,1,results/extension/DS03/audit/paired_transport_engines.csv
DS03,cvae,1,0.01,quantile_regression_W,13,0.008830696141910272,0.005612428642580743,-0.0032182674993295295,-0.0012749655793156938,-0.002154816025231186,1,results/extension/DS03/audit/paired_transport_engines.csv
DS03,cvae,1,0.01,quantile_regression_W,14,0.007673176685993287,0.007869850889562269,0.00019667420356898196,-0.00036622337747346887,-0.00021203296449330208,3,results/extension/DS03/audit/paired_transport_engines.csv
DS03,cvae,1,0.01,quantile_regression_W,15,0.0038496853342705577,0.00871519731133785,0.004865511977067293,0.000401444462119184,0.003301607780773082,4,results/extension/DS03/audit/paired_transport_engines.csv
DS03,cvae,1,0.02,phase_conditioned,10,0.034238818128777285,0.030099626812272264,-0.0041391913165050205,-0.00924666765917595,-0.003294863890915111,1,results/extension/DS03/audit/paired_transport_engines.csv
DS03,cvae,1,0.02,phase_conditioned,11,0.02699323780389631,0.02409515375945902,-0.0028980840444372893,-0.006143251737690175,-0.0017531159693368464,1,results/extension/DS03/audit/paired_transport_engines.csv
DS03,cvae,1,0.02,phase_conditioned,12,0.05510517548070136,0.0778626083519214,0.022757432871220035,0.023488961766611402,0.012992699331939354,4,results/extension/DS03/audit/paired_transport_engines.csv
DS03,cvae,1,0.02,phase_conditioned,13,0.01990740398704641,0.016767512590348834,-0.0031398913966975764,-0.00671261756843065,-0.0017573989951674921,1,results/extension/DS03/audit/paired_transport_engines.csv
DS03,cvae,1,0.02,phase_conditioned,14,0.012371071101617333,0.0190627343914074,0.006691663289790067,0.0110536132402628,0.0044191665597139804,4,results/extension/DS03/audit/paired_transport_engines.csv
DS03,cvae,1,0.02,phase_conditioned,15,0.00903785929118477,0.014774115531301358,0.005736256240116588,0.006778958141418335,0.002864504791982205,4,results/extension/DS03/audit/paired_transport_engines.csv
DS03,cvae,1,0.02,quantile_regression_W,10,0.034238818128777285,0.03826596478034719,0.0040271466515699045,-0.023532296985609602,0.0051189119595223265,2,results/extension/DS03/audit/paired_transport_engines.csv
DS03,cvae,1,0.02,quantile_regression_W,11,0.02699323780389631,0.02307881178554178,-0.003914426018354532,-2.3375434696944197e-05,-0.002929178120765357,1,results/extension/DS03/audit/paired_transport_engines.csv
DS03,cvae,1,0.02,quantile_regression_W,12,0.05510517548070136,0.018653753847022617,-0.036451421633678746,-0.05660473387172834,-0.020490683635327925,1,results/extension/DS03/audit/paired_transport_engines.csv
DS03,cvae,1,0.02,quantile_regression_W,13,0.01990740398704641,0.006090954369564385,-0.013816449617482025,-0.006217703214277438,-0.010581821909757667,1,results/extension/DS03/audit/paired_transport_engines.csv
DS03,cvae,1,0.02,quantile_regression_W,14,0.012371071101617333,0.012859500165011552,0.000488429063394219,-0.01329273969226671,-0.0009164754702661176,3,results/extension/DS03/audit/paired_transport_engines.csv
DS03,cvae,1,0.02,quantile_regression_W,15,0.00903785929118477,0.010681219187001954,0.0016433598958171848,-0.008555568076290538,0.0026866281642860665,2,results/extension/DS03/audit/paired_transport_engines.csv
DS03,cvae,2,0.005,phase_conditioned,10,0.006206640319686479,0.004056429329382965,-0.002150210990303514,-0.004594279424219664,-0.001022465059528961,1,results/extension/DS03/audit/paired_transport_engines.csv
DS03,cvae,2,0.005,phase_conditioned,11,0.008262759620028981,0.004096763806150378,-0.004165995813878603,-0.00559954076575245,-0.0017636079564072732,1,results/extension/DS03/audit/paired_transport_engines.csv
DS03,cvae,2,0.005,phase_conditioned,12,0.0022828926742606333,0.005418725470819097,0.003135832796558464,0.004062184990269288,0.0018231136128170396,4,results/extension/DS03/audit/paired_transport_engines.csv
DS03,cvae,2,0.005,phase_conditioned,13,0.006263936247653346,0.004813699777129278,-0.0014502364705240682,-0.0036302049820900123,-0.0007115354968527548,1,results/extension/DS03/audit/paired_transport_engines.csv
DS03,cvae,2,0.005,phase_conditioned,14,0.002599831988239177,0.003130537267333171,0.0005307052790939938,0.004287952761547456,0.000704813407628765,4,results/extension/DS03/audit/paired_transport_engines.csv
DS03,cvae,2,0.005,phase_conditioned,15,0.005741468879394611,0.0024904721633406185,-0.003250996716053993,-0.0056850297692926524,-0.0017502037133006047,1,results/extension/DS03/audit/paired_transport_engines.csv
DS03,cvae,2,0.005,quantile_regression_W,10,0.006206640319686479,0.005023008793771866,-0.0011836315259146132,-0.0053980828638854105,5.329017843825473e-07,3,results/extension/DS03/audit/paired_transport_engines.csv
DS03,cvae,2,0.005,quantile_regression_W,11,0.008262759620028981,0.005253984865561101,-0.00300877475446788,-0.003938215987001474,-0.0016199418548601373,1,results/extension/DS03/audit/paired_transport_engines.csv
DS03,cvae,2,0.005,quantile_regression_W,12,0.0022828926742606333,0.004068244063585284,0.0017853513893246508,0.0005425327212303368,0.0014525228190463506,4,results/extension/DS03/audit/paired_transport_engines.csv
DS03,cvae,2,0.005,quantile_regression_W,13,0.006263936247653346,0.0012153324451980138,-0.005048603802455332,-0.006712374202528307,-0.00305905511065242,1,results/extension/DS03/audit/paired_transport_engines.csv
DS03,cvae,2,0.005,quantile_regression_W,14,0.002599831988239177,0.004429960097206804,0.0018301281089676273,0.004767265734844954,0.0015721553924503047,4,results/extension/DS03/audit/paired_transport_engines.csv
DS03,cvae,2,0.005,quantile_regression_W,15,0.005741468879394611,0.0036837517717786218,-0.0020577171076159896,-0.0028638936602810227,-0.001182636544738793,1,results/extension/DS03/audit/paired_transport_engines.csv
DS03,cvae,2,0.01,phase_conditioned,10,0.01267748434042647,0.014238030699404292,0.0015605463589778226,-0.002873244453831603,0.0006823958801018964,2,results/extension/DS03/audit/paired_transport_engines.csv
DS03,cvae,2,0.01,phase_conditioned,11,0.017360730961197876,0.009562388156824466,-0.00779834280437341,-0.011279809116067038,-0.003698963375522453,1,results/extension/DS03/audit/paired_transport_engines.csv
DS03,cvae,2,0.01,phase_conditioned,12,0.0031010531665584314,0.015298585425078353,0.012197532258519921,0.012911918700897005,0.006562761671587843,4,results/extension/DS03/audit/paired_transport_engines.csv
DS03,cvae,2,0.01,phase_conditioned,13,0.013370752078464427,0.010082991639269576,-0.0032877604391948513,-0.009312951186439614,-0.0016380564560705751,1,results/extension/DS03/audit/paired_transport_engines.csv
DS03,cvae,2,0.01,phase_conditioned,14,0.003729561069274849,0.013363594751296918,0.00963403368202207,0.01009950280879332,0.005235228253545533,4,results/extension/DS03/audit/paired_transport_engines.csv
DS03,cvae,2,0.01,phase_conditioned,15,0.009901371788817009,0.0036040013685462446,-0.006297370420270764,-0.01205484551614937,-0.0025087243523696694,1,results/extension/DS03/audit/paired_transport_engines.csv
DS03,cvae,2,0.01,quantile_regression_W,10,0.01267748434042647,0.009184501108414496,-0.0034929832320119737,-0.01049617932150248,-0.0008976050618852965,1,results/extension/DS03/audit/paired_transport_engines.csv
DS03,cvae,2,0.01,quantile_regression_W,11,0.017360730961197876,0.010618660441152792,-0.006742070520045084,-0.009262589116746354,-0.0037841592641429988,1,results/extension/DS03/audit/paired_transport_engines.csv
DS03,cvae,2,0.01,quantile_regression_W,12,0.0031010531665584314,0.004208761672531797,0.0011077085059733654,0.0010888977629490149,0.0007947731248922271,4,results/extension/DS03/audit/paired_transport_engines.csv
DS03,cvae,2,0.01,quantile_regression_W,13,0.013370752078464427,0.0028539136431554347,-0.010516838435308993,-0.012484865563806026,-0.00620489369171223,1,results/extension/DS03/audit/paired_transport_engines.csv
DS03,cvae,2,0.01,quantile_regression_W,14,0.003729561069274849,0.007565608788526091,0.0038360477192512423,0.007161190322361153,0.003061187960905526,4,results/extension/DS03/audit/paired_transport_engines.csv
DS03,cvae,2,0.01,quantile_regression_W,15,0.009901371788817009,0.007025366982192605,-0.002876004806624404,-0.005263527674132389,-0.0015700276562564302,1,results/extension/DS03/audit/paired_transport_engines.csv
DS03,cvae,2,0.02,phase_conditioned,10,0.030066601349640575,0.0309345352538847,0.0008679339042441253,-0.007968313510683497,-0.0007903610790258517,3,results/extension/DS03/audit/paired_transport_engines.csv
DS03,cvae,2,0.02,phase_conditioned,11,0.0344095153759459,0.01587385284173241,-0.01853566253421349,-0.02415956965310321,-0.007927543884945074,1,results/extension/DS03/audit/paired_transport_engines.csv
DS03,cvae,2,0.02,phase_conditioned,12,0.010175399706281691,0.024978400203292204,0.014803000497010513,0.01703268173631242,0.007143498130485062,4,results/extension/DS03/audit/paired_transport_engines.csv
DS03,cvae,2,0.02,phase_conditioned,13,0.027555649208842573,0.017284671173334317,-0.010270978035508256,-0.018839465379579954,-0.004738298791409095,1,results/extension/DS03/audit/paired_transport_engines.csv
DS03,cvae,2,0.02,phase_conditioned,14,0.012702050990273373,0.02399984742142203,0.011297796431148657,0.011655575681987364,0.005387693323303621,4,results/extension/DS03/audit/paired_transport_engines.csv
DS03,cvae,2,0.02,phase_conditioned,15,0.02080220540588035,0.00714644507147065,-0.0136557603344097,-0.02312359044770708,-0.005552831378470495,1,results/extension/DS03/audit/paired_transport_engines.csv
DS03,cvae,2,0.02,quantile_regression_W,10,0.030066601349640575,0.014649772538636915,-0.01541682881100366,-0.029297884147219743,-0.007330727353594897,1,results/extension/DS03/audit/paired_transport_engines.csv
DS03,cvae,2,0.02,quantile_regression_W,11,0.0344095153759459,0.01710151344388987,-0.01730800193205603,-0.02416066186683762,-0.010518511778174318,1,results/extension/DS03/audit/paired_transport_engines.csv
DS03,cvae,2,0.02,quantile_regression_W,12,0.010175399706281691,0.0043703626293238595,-0.0058050370769578315,-0.0017326890970978566,-0.004866693056894101,1,results/extension/DS03/audit/paired_transport_engines.csv
DS03,cvae,2,0.02,quantile_regression_W,13,0.027555649208842573,0.005468372859277423,-0.02208727634956515,-0.027200356856901906,-0.013219830405811773,1,results/extension/DS03/audit/paired_transport_engines.csv
DS03,cvae,2,0.02,quantile_regression_W,14,0.012702050990273373,0.01438739700945987,0.001685346019186497,0.011136007565494741,-1.8463808675974955e-05,3,results/extension/DS03/audit/paired_transport_engines.csv
DS03,cvae,2,0.02,quantile_regression_W,15,0.02080220540588035,0.010759706088401572,-0.01004249931747878,-0.016708959272208865,-0.004629911780708482,1,results/extension/DS03/audit/paired_transport_engines.csv
DS01,pca,-1,0.005,phase_conditioned,7,0.004327299649880294,0.00829953779633219,0.003972238146451896,0.002285106892233775,0.0023528191336430683,4,results/extension/DS01/audit/paired_transport_engines.csv
DS01,pca,-1,0.005,phase_conditioned,8,0.012005107761305592,0.007129715138168644,-0.004875392623136948,-0.008044954816529518,-0.0022298980423569826,1,results/extension/DS01/audit/paired_transport_engines.csv
DS01,pca,-1,0.005,phase_conditioned,9,0.0024230083990837365,0.010939170272333928,0.008516161873250192,0.008292328780248387,0.0044256102967211615,4,results/extension/DS01/audit/paired_transport_engines.csv
DS01,pca,-1,0.005,phase_conditioned,10,0.0054621776749764405,0.013854321761617428,0.008392144086640987,0.006843540968507683,0.004728348044560011,4,results/extension/DS01/audit/paired_transport_engines.csv
DS01,pca,-1,0.005,quantile_regression_W,7,0.004327299649880294,0.002802965126748164,-0.00152433452313213,-0.004498467064351538,-0.0009408884361446783,1,results/extension/DS01/audit/paired_transport_engines.csv
DS01,pca,-1,0.005,quantile_regression_W,8,0.012005107761305592,0.009139778248411612,-0.0028653295128939806,-0.009654967741080817,0.001179080225194763,3,results/extension/DS01/audit/paired_transport_engines.csv
DS01,pca,-1,0.005,quantile_regression_W,9,0.0024230083990837365,0.0017406263165285771,-0.0006823820825551594,-0.0031536397309436387,-0.0010065738286424335,1,results/extension/DS01/audit/paired_transport_engines.csv
DS01,pca,-1,0.005,quantile_regression_W,10,0.0054621776749764405,0.009591332967635764,0.004129155292659324,0.004359353053462924,0.00244730459321193,4,results/extension/DS01/audit/paired_transport_engines.csv
DS01,pca,-1,0.01,phase_conditioned,7,0.009028244834696447,0.01045623974951543,0.0014279949148189829,-0.0007192471868315998,0.0008454425351326032,2,results/extension/DS01/audit/paired_transport_engines.csv
DS01,pca,-1,0.01,phase_conditioned,8,0.014953282670985424,0.007877164569577674,-0.0070761181014077495,-0.011022311224899597,-0.002566833153496824,1,results/extension/DS01/audit/paired_transport_engines.csv
DS01,pca,-1,0.01,phase_conditioned,9,0.005498135806799434,0.013065665563756683,0.0075675297569572485,0.006108941999679575,0.0037721834741240895,4,results/extension/DS01/audit/paired_transport_engines.csv
DS01,pca,-1,0.01,phase_conditioned,10,0.0099177589308661,0.012976255779327638,0.003058496848461538,-0.002529030618316738,0.00043116550405628267,2,results/extension/DS01/audit/paired_transport_engines.csv
DS01,pca,-1,0.01,quantile_regression_W,7,0.009028244834696447,0.0043054360657049685,-0.004722808768991478,-0.0063995342710932036,-0.0028642151948114086,1,results/extension/DS01/audit/paired_transport_engines.csv
DS01,pca,-1,0.01,quantile_regression_W,8,0.014953282670985424,0.025742377581356904,0.01078909491037148,-0.0012177908278513706,0.011523250517491517,2,results/extension/DS01/audit/paired_transport_engines.csv
DS01,pca,-1,0.01,quantile_regression_W,9,0.005498135806799434,0.0022976307500952916,-0.0032005050567041424,-0.005921408649593523,-0.002344062576664549,1,results/extension/DS01/audit/paired_transport_engines.csv
DS01,pca,-1,0.01,quantile_regression_W,10,0.0099177589308661,0.018759501606457174,0.008841742675591074,0.0055038751439388835,0.005433384292989244,4,results/extension/DS01/audit/paired_transport_engines.csv
DS01,pca,-1,0.02,phase_conditioned,7,0.02353662418178547,0.02132995377963322,-0.00220667040215225,-0.009770904604121698,-0.0019510719892040437,1,results/extension/DS01/audit/paired_transport_engines.csv
DS01,pca,-1,0.02,phase_conditioned,8,0.022830447240563097,0.008166512751296439,-0.014663934489266658,-0.024582744232097515,-0.00848941234793172,1,results/extension/DS01/audit/paired_transport_engines.csv
DS01,pca,-1,0.02,phase_conditioned,9,0.017738545279758888,0.01668236192415373,-0.0010561833556051586,-0.007939462696617789,-0.001968427579533815,1,results/extension/DS01/audit/paired_transport_engines.csv
DS01,pca,-1,0.02,phase_conditioned,10,0.01742611153945001,0.009731212287438288,-0.007694899252011722,-0.018661643749340356,-0.005879598062388199,1,results/extension/DS01/audit/paired_transport_engines.csv
DS01,pca,-1,0.02,quantile_regression_W,7,0.02353662418178547,0.005865513642463099,-0.017671110539322372,-0.025939052357213173,-0.010664928474607302,1,results/extension/DS01/audit/paired_transport_engines.csv
DS01,pca,-1,0.02,quantile_regression_W,8,0.022830447240563097,0.03157348866946082,0.00874304142889772,-0.0060805728689010095,0.009705682330452043,2,results/extension/DS01/audit/paired_transport_engines.csv
DS01,pca,-1,0.02,quantile_regression_W,9,0.017738545279758888,0.006319674217358106,-0.011418871062400781,-0.022811029679041202,-0.007459310482401926,1,results/extension/DS01/audit/paired_transport_engines.csv
DS01,pca,-1,0.02,quantile_regression_W,10,0.01742611153945001,0.03440012538202335,0.016974013842573337,0.013834953467978806,0.009512850913850039,4,results/extension/DS01/audit/paired_transport_engines.csv
DS01,isolation_forest,0,0.005,phase_conditioned,7,0.006420903533621589,0.006510362308036379,8.945877441478983e-05,-0.0017255908342802759,-0.0002884041765650724,3,results/extension/DS01/audit/paired_transport_engines.csv
DS01,isolation_forest,0,0.005,phase_conditioned,8,0.0038949794443752335,0.002732405444679972,-0.0011625739996952615,-0.0017496665331286744,-0.0004584211451517629,1,results/extension/DS01/audit/paired_transport_engines.csv
DS01,isolation_forest,0,0.005,phase_conditioned,9,0.004353525069992364,0.004689650330009829,0.0003361252600174655,0.0002096272598893622,0.000969060130429693,4,results/extension/DS01/audit/paired_transport_engines.csv
DS01,isolation_forest,0,0.005,phase_conditioned,10,0.003577486507324596,0.0018640786857800568,-0.0017134078215445391,-0.00355814758148444,-0.0011925767281026445,1,results/extension/DS01/audit/paired_transport_engines.csv
DS01,isolation_forest,0,0.005,quantile_regression_W,7,0.006420903533621589,0.003509020426420158,-0.002911883107201431,-0.005829191684460791,-0.002471382321442414,1,results/extension/DS01/audit/paired_transport_engines.csv
DS01,isolation_forest,0,0.005,quantile_regression_W,8,0.0038949794443752335,0.00583869935607727,0.0019437199117020368,-0.00031479699035924687,0.0020965323571986547,2,results/extension/DS01/audit/paired_transport_engines.csv
DS01,isolation_forest,0,0.005,quantile_regression_W,9,0.004353525069992364,0.0038546703995927718,-0.0004988546703995921,-0.00022742409283223533,-0.0001693430474601662,1,results/extension/DS01/audit/paired_transport_engines.csv
DS01,isolation_forest,0,0.005,quantile_regression_W,10,0.003577486507324596,0.002823584806947787,-0.000753901700376809,-0.001031335153197737,0.00013227572365005075,3,results/extension/DS01/audit/paired_transport_engines.csv
DS01,isolation_forest,0,0.01,phase_conditioned,7,0.015726187016509595,0.009591471596839122,-0.006134715419670473,-0.01492733437189201,-0.0044867828188891986,1,results/extension/DS01/audit/paired_transport_engines.csv
DS01,isolation_forest,0,0.01,phase_conditioned,8,0.007316556621402766,0.0014754564182709387,-0.0058411002031318274,-0.009914551607392784,-0.004586185424461573,1,results/extension/DS01/audit/paired_transport_engines.csv
DS01,isolation_forest,0,0.01,phase_conditioned,9,0.009525312755758212,0.006225502672435735,-0.0032998100833224776,-0.005588285726281783,-0.00196568202716816,1,results/extension/DS01/audit/paired_transport_engines.csv
DS01,isolation_forest,0,0.01,phase_conditioned,10,0.006394671464062364,0.0015367134237128759,-0.004857958040349488,-0.010208965702573647,-0.004389881561195534,1,results/extension/DS01/audit/paired_transport_engines.csv
DS01,isolation_forest,0,0.01,quantile_regression_W,7,0.015726187016509595,0.005437602504845684,-0.01028858451166391,-0.01489111475766771,-0.006725561471558177,1,results/extension/DS01/audit/paired_transport_engines.csv
DS01,isolation_forest,0,0.01,quantile_regression_W,8,0.007316556621402766,0.00529149835353091,-0.0020250582678718564,-0.007650770790857117,-0.0012148227457359616,1,results/extension/DS01/audit/paired_transport_engines.csv
DS01,isolation_forest,0,0.01,quantile_regression_W,9,0.009525312755758212,0.007263934843471622,-0.00226137791228659,-0.004828031873407622,-0.0018980247451939993,1,results/extension/DS01/audit/paired_transport_engines.csv
DS01,isolation_forest,0,0.01,quantile_regression_W,10,0.006394671464062364,0.007070210317045098,0.0006755388529827338,-0.002801486114133056,-0.0006080196873789329,3,results/extension/DS01/audit/paired_transport_engines.csv
DS01,isolation_forest,0,0.02,phase_conditioned,7,0.02944575912317848,0.021180855822275236,-0.008264903300903244,-0.022410278543495428,-0.00575678894036165,1,results/extension/DS01/audit/paired_transport_engines.csv
DS01,isolation_forest,0,0.02,phase_conditioned,8,0.012880854297484302,0.0022349570200573057,-0.010645897277426996,-0.016192559653207306,-0.009362764725428465,1,results/extension/DS01/audit/paired_transport_engines.csv
DS01,isolation_forest,0,0.02,phase_conditioned,9,0.03026176650168232,0.014932552812420462,-0.015329213689261857,-0.02546021455190153,-0.010236270098628208,1,results/extension/DS01/audit/paired_transport_engines.csv
DS01,isolation_forest,0,0.02,phase_conditioned,10,0.013857905200376688,0.006974992152349063,-0.0068829130480276245,-0.01452490739395412,-0.007818505665081722,1,results/extension/DS01/audit/paired_transport_engines.csv
DS01,isolation_forest,0,0.02,quantile_regression_W,7,0.02944575912317848,0.011859251528254063,-0.017586507594924417,-0.027187398052837316,-0.01094415709681757,1,results/extension/DS01/audit/paired_transport_engines.csv
DS01,isolation_forest,0,0.02,quantile_regression_W,8,0.012880854297484302,0.014240250053278395,0.0013593957557940933,-0.003514156007006452,-0.0014570142965968872,3,results/extension/DS01/audit/paired_transport_engines.csv
DS01,isolation_forest,0,0.02,quantile_regression_W,9,0.03026176650168232,0.01545049630949351,-0.01481127019218881,-0.027043367064893235,-0.009808365409429712,1,results/extension/DS01/audit/paired_transport_engines.csv
DS01,isolation_forest,0,0.02,quantile_regression_W,10,0.013857905200376688,0.011723344145652402,-0.002134561054724286,-0.011707935508592187,-0.004266648910441378,1,results/extension/DS01/audit/paired_transport_engines.csv
DS01,isolation_forest,1,0.005,phase_conditioned,7,0.005764872521246459,0.006212166393320412,0.00044729387207395263,-0.0016321924481980596,-4.8194777904016044e-05,3,results/extension/DS01/audit/paired_transport_engines.csv
DS01,isolation_forest,1,0.005,phase_conditioned,8,0.004056932851625763,0.002945713181084937,-0.001111219670540826,-0.00173840447798104,-0.0005216628617387624,1,results/extension/DS01/audit/paired_transport_engines.csv
DS01,isolation_forest,1,0.005,phase_conditioned,9,0.003749045558666327,0.004448913675848096,0.0006998681171817688,0.000668906752909466,0.001183607632688264,4,results/extension/DS01/audit/paired_transport_engines.csv
DS01,isolation_forest,1,0.005,phase_conditioned,10,0.00335260858391159,0.0021570576540755467,-0.0011955509298360433,-0.0032966247380805756,-0.0009495969146685172,1,results/extension/DS01/audit/paired_transport_engines.csv
DS01,isolation_forest,1,0.005,quantile_regression_W,7,0.005764872521246459,0.003687937975249739,-0.00207693454599672,-0.005734524430152699,-0.001942956576590086,1,results/extension/DS01/audit/paired_transport_engines.csv
DS01,isolation_forest,1,0.005,quantile_regression_W,8,0.004056932851625763,0.006078670559532856,0.002021737707907093,7.751605001121015e-05,0.0016270978046342825,4,results/extension/DS01/audit/paired_transport_engines.csv
DS01,isolation_forest,1,0.005,quantile_regression_W,9,0.003749045558666327,0.0037592262662255026,1.0180707559175571e-05,-0.00021992341104374973,-8.926987372830488e-05,3,results/extension/DS01/audit/paired_transport_engines.csv
DS01,isolation_forest,1,0.005,quantile_regression_W,10,0.00335260858391159,0.002823584806947787,-0.0005290237769638032,-0.0017538777130397558,-0.000187847215535926,1,results/extension/DS01/audit/paired_transport_engines.csv
DS01,isolation_forest,1,0.01,phase_conditioned,7,0.013138345718990882,0.00962129118831072,-0.0035170545306801616,-0.009589613829594508,-0.00297862593935261,1,results/extension/DS01/audit/paired_transport_engines.csv
DS01,isolation_forest,1,0.01,phase_conditioned,8,0.006930360034882272,0.001209064431341906,-0.0057212956035403665,-0.009483244169712426,-0.004489470753572312,1,results/extension/DS01/audit/paired_transport_engines.csv
DS01,isolation_forest,1,0.01,phase_conditioned,9,0.009486340075607001,0.005271061338763044,-0.004215278736843957,-0.006011420447972248,-0.002223588184661997,1,results/extension/DS01/audit/paired_transport_engines.csv
DS01,isolation_forest,1,0.01,phase_conditioned,10,0.006887261201062282,0.001144894600736619,-0.005742366600325663,-0.010287726022738555,-0.004618469722454531,1,results/extension/DS01/audit/paired_transport_engines.csv
DS01,isolation_forest,1,0.01,quantile_regression_W,7,0.013138345718990882,0.006212911883107202,-0.00692543383588368,-0.012779618077713292,-0.00510987003410205,1,results/extension/DS01/audit/paired_transport_engines.csv
DS01,isolation_forest,1,0.01,quantile_regression_W,8,0.006930360034882272,0.005198176218853738,-0.0017321838160285347,-0.007076606062452938,-0.0018514875799674918,1,results/extension/DS01/audit/paired_transport_engines.csv
DS01,isolation_forest,1,0.01,quantile_regression_W,9,0.009486340075607001,0.007073046576737083,-0.002413293498869918,-0.0050401316235313826,-0.0019406884936885816,1,results/extension/DS01/audit/paired_transport_engines.csv
DS01,isolation_forest,1,0.01,quantile_regression_W,10,0.006887261201062282,0.006588887726273935,-0.0002983734747883469,-0.0039452643748307935,-0.0012301980705637754,1,results/extension/DS01/audit/paired_transport_engines.csv
DS01,isolation_forest,1,0.02,phase_conditioned,7,0.027494499107402332,0.02329804681675861,-0.004196452290643721,-0.01904209363435433,-0.004137816282145558,1,results/extension/DS01/audit/paired_transport_engines.csv
DS01,isolation_forest,1,0.02,phase_conditioned,8,0.012840859096908372,0.0026460695153855754,-0.010194789581522796,-0.01602798490859251,-0.009412338252255107,1,results/extension/DS01/audit/paired_transport_engines.csv
DS01,isolation_forest,1,0.02,phase_conditioned,9,0.02832612338750536,0.015059811656910154,-0.013266311730595205,-0.024681241415430804,-0.009470321252437934,1,results/extension/DS01/audit/paired_transport_engines.csv
DS01,isolation_forest,1,0.02,phase_conditioned,10,0.01370095218164696,0.004882285235952705,-0.008818666945694255,-0.016243180194638412,-0.00854089219783706,1,results/extension/DS01/audit/paired_transport_engines.csv
DS01,isolation_forest,1,0.02,quantile_regression_W,7,0.027494499107402332,0.011292679290293723,-0.01620181981710861,-0.025074255883852706,-0.010432063107403555,1,results/extension/DS01/audit/paired_transport_engines.csv
DS01,isolation_forest,1,0.02,quantile_regression_W,8,0.012840859096908372,0.008610499396178164,-0.004230359700730208,-0.0092534069163774,-0.005848349036087213,1,results/extension/DS01/audit/paired_transport_engines.csv
DS01,isolation_forest,1,0.02,quantile_regression_W,9,0.02832612338750536,0.012555357597353017,-0.015770765790152342,-0.02824325947460126,-0.010806973076390433,1,results/extension/DS01/audit/paired_transport_engines.csv
DS01,isolation_forest,1,0.02,quantile_regression_W,10,0.01370095218164696,0.012424400962645181,-0.0012765512190017793,-0.010914176508130539,-0.00454417679744951,1,results/extension/DS01/audit/paired_transport_engines.csv
DS01,isolation_forest,2,0.005,phase_conditioned,7,0.00612270761890562,0.0062718055762636055,0.00014909795735798537,-0.0015550768429159131,-0.00042711699856544296,3,results/extension/DS01/audit/paired_transport_engines.csv
DS01,isolation_forest,2,0.005,phase_conditioned,8,0.003633362401893609,0.002465770774173766,-0.001167591627719843,-0.0016258430948855465,-0.00042300036755372355,1,results/extension/DS01/audit/paired_transport_engines.csv
DS01,isolation_forest,2,0.005,phase_conditioned,9,0.004194451514380249,0.00441715449223721,0.0002227029778569603,0.00014224815234314524,0.0006246500824709515,4,results/extension/DS01/audit/paired_transport_engines.csv
DS01,isolation_forest,2,0.005,phase_conditioned,10,0.0033633170564550665,0.0015292455791566387,-0.0018340714772984278,-0.003746756565159443,-0.0012455300945531688,1,results/extension/DS01/audit/paired_transport_engines.csv
DS01,isolation_forest,2,0.005,quantile_regression_W,7,0.00612270761890562,0.003359922469062174,-0.002762785149843446,-0.005680093727102805,-0.0023393111053004057,1,results/extension/DS01/audit/paired_transport_engines.csv
DS01,isolation_forest,2,0.005,quantile_regression_W,8,0.003633362401893609,0.005993109327271435,0.002359746925377826,0.0003565055652442438,0.0026222551947172163,4,results/extension/DS01/audit/paired_transport_engines.csv
DS01,isolation_forest,2,0.005,quantile_regression_W,9,0.004194451514380249,0.0033254759564266658,-0.0008689755579535836,-0.0008616906037386598,-0.0004317432141259115,1,results/extension/DS01/audit/paired_transport_engines.csv
DS01,isolation_forest,2,0.005,quantile_regression_W,10,0.0033633170564550665,0.0028549754106937325,-0.000508341645761334,-0.0012243325969418057,9.7844164174007e-05,3,results/extension/DS01/audit/paired_transport_engines.csv
DS01,isolation_forest,2,0.01,phase_conditioned,7,0.014895863605541024,0.009770389145668705,-0.005125474459872319,-0.011347838958381751,-0.004032085537438897,1,results/extension/DS01/audit/paired_transport_engines.csv
DS01,isolation_forest,2,0.01,phase_conditioned,8,0.007142145259748349,0.0011202671023655617,-0.006021878157382787,-0.010923022273732777,-0.004735217825796489,1,results/extension/DS01/audit/paired_transport_engines.csv
DS01,isolation_forest,2,0.01,phase_conditioned,9,0.009694194369746808,0.00555739373886485,-0.004136800630881957,-0.006120565327094622,-0.002643395646566721,1,results/extension/DS01/audit/paired_transport_engines.csv
DS01,isolation_forest,2,0.01,phase_conditioned,10,0.006373254518975415,0.0013016221299271217,-0.005071632389048293,-0.010553101225486127,-0.004450539244792934,1,results/extension/DS01/audit/paired_transport_engines.csv
DS01,isolation_forest,2,0.01,quantile_regression_W,7,0.014895863605541024,0.005825257193976443,-0.009070606411564581,-0.014586327389341784,-0.0062334316774626634,1,results/extension/DS01/audit/paired_transport_engines.csv
DS01,isolation_forest,2,0.01,quantile_regression_W,8,0.007142145259748349,0.0064913543708088346,-0.0006507908889395141,-0.005733821139586252,-0.0007241738271054621,1,results/extension/DS01/audit/paired_transport_engines.csv
DS01,isolation_forest,2,0.01,quantile_regression_W,9,0.009694194369746808,0.0068185288877577,-0.002875665481989108,-0.005903731363586797,-0.0023166792674307844,1,results/extension/DS01/audit/paired_transport_engines.csv
DS01,isolation_forest,2,0.01,quantile_regression_W,10,0.006373254518975415,0.0069865020403892435,0.0006132475214138287,-0.0031869911256982124,-0.0007461331140648968,3,results/extension/DS01/audit/paired_transport_engines.csv
DS01,isolation_forest,2,0.02,phase_conditioned,7,0.02732843442520862,0.024162814969434915,-0.003165619455773705,-0.013809664192773762,-0.003126363507416425,1,results/extension/DS01/audit/paired_transport_engines.csv
DS01,isolation_forest,2,0.02,phase_conditioned,8,0.012627551360503406,0.0033220013598368216,-0.009305550000666584,-0.013652802173903498,-0.008146710793345365,1,results/extension/DS01/audit/paired_transport_engines.csv
DS01,isolation_forest,2,0.02,phase_conditioned,9,0.027403769957259964,0.015505217612624075,-0.011898552344635889,-0.019903046095513573,-0.008309951867569564,1,results/extension/DS01/audit/paired_transport_engines.csv
DS01,isolation_forest,2,0.02,phase_conditioned,10,0.013554462697499214,0.00818876216385895,-0.005365700533640265,-0.009979690954222208,-0.006020237301857856,1,results/extension/DS01/audit/paired_transport_engines.csv
DS01,isolation_forest,2,0.02,quantile_regression_W,7,0.02732843442520862,0.011382138064708515,-0.015946296360500108,-0.02710962663125894,-0.010407318376997186,1,results/extension/DS01/audit/paired_transport_engines.csv
DS01,isolation_forest,2,0.02,quantile_regression_W,8,0.012627551360503406,0.013902820203168288,0.0012752688426648819,-0.002016122710842033,-0.0018907507276269258,3,results/extension/DS01/audit/paired_transport_engines.csv
DS01,isolation_forest,2,0.02,quantile_regression_W,9,0.027403769957259964,0.0136370577755154,-0.013766712181744564,-0.025643284629709807,-0.00942246171582695,1,results/extension/DS01/audit/paired_transport_engines.csv
DS01,isolation_forest,2,0.02,quantile_regression_W,10,0.013554462697499214,0.012968504760908234,-0.0005859579365909799,-0.01054483740202403,-0.003251289426707899,1,results/extension/DS01/audit/paired_transport_engines.csv
DS01,lstm_autoencoder,0,0.005,phase_conditioned,7,0.004482630087967795,0.004452810496496197,-2.9819591471597767e-05,-0.0013138347310744421,-0.0003029062475316249,1,results/extension/DS01/audit/paired_transport_engines.csv
DS01,lstm_autoencoder,0,0.005,phase_conditioned,8,0.004717204435031768,0.0038256075937554155,-0.0008915968412763521,-0.0010023981126216002,-9.380166150392598e-05,1,results/extension/DS01/audit/paired_transport_engines.csv
DS01,lstm_autoencoder,0,0.005,phase_conditioned,9,0.004894375159073555,0.0047034868923390176,-0.0001908882667345374,-1.6125606743227355e-05,1.7234537770330956e-05,3,results/extension/DS01/audit/paired_transport_engines.csv
DS01,lstm_autoencoder,0,0.005,phase_conditioned,10,0.002902852737085582,0.002031495239091765,-0.0008713574979938169,-0.0024439177000919717,-0.0004801064130378501,1,results/extension/DS01/audit/paired_transport_engines.csv
DS01,lstm_autoencoder,0,0.005,quantile_regression_W,7,0.004482630087967795,0.003663292050979373,-0.0008193380369884221,-0.0013261088117614709,-0.0005805082604467223,1,results/extension/DS01/audit/paired_transport_engines.csv
DS01,lstm_autoencoder,0,0.005,quantile_regression_W,8,0.004717204435031768,0.003259623769777003,-0.0014575806652547645,-0.00032521933093119116,-0.000446887105850822,1,results/extension/DS01/audit/paired_transport_engines.csv
DS01,lstm_autoencoder,0,0.005,quantile_regression_W,9,0.004894375159073555,0.0033054145685798538,-0.0015889605904937012,-0.0027602374949708026,-0.0010979815978076454,1,results/extension/DS01/audit/paired_transport_engines.csv
DS01,lstm_autoencoder,0,0.005,quantile_regression_W,10,0.002902852737085582,0.011116251177931979,0.008213398440846398,0.0077530029192392,0.006134262745357302,4,results/extension/DS01/audit/paired_transport_engines.csv
DS01,lstm_autoencoder,0,0.01,phase_conditioned,7,0.006841726519145873,0.007533919785298942,0.000692193266153069,-0.0027667098578485986,-0.0010676051589368907,3,results/extension/DS01/audit/paired_transport_engines.csv
DS01,lstm_autoencoder,0,0.01,phase_conditioned,8,0.005834060047340226,0.005958085029796426,0.00012402498245620008,-0.00040875899140186724,-7.278162067281529e-05,3,results/extension/DS01/audit/paired_transport_engines.csv
DS01,lstm_autoencoder,0,0.01,phase_conditioned,9,0.004062102316110969,0.005302876049885467,0.0012407737337744983,0.0014522607452869853,0.0010792401063307675,4,results/extension/DS01/audit/paired_transport_engines.csv
DS01,lstm_autoencoder,0,0.01,phase_conditioned,10,0.004949027670693051,0.0025143873600502256,-0.0024346403106428258,-0.0049173629536636045,-0.0020443586347031334,1,results/extension/DS01/audit/paired_transport_engines.csv
DS01,lstm_autoencoder,0,0.01,quantile_regression_W,7,0.006841726519145873,0.008667093495528301,0.0018253669763824282,0.0029961067732648967,3.847294934399264e-05,4,results/extension/DS01/audit/paired_transport_engines.csv
DS01,lstm_autoencoder,0,0.01,quantile_regression_W,8,0.005834060047340226,0.004276815746854366,-0.0015572443004858594,-0.000864625134470374,-1.5076900485398205e-05,1,results/extension/DS01/audit/paired_transport_engines.csv
DS01,lstm_autoencoder,0,0.01,quantile_regression_W,9,0.004062102316110969,0.005291422753881395,0.0012293204377704266,0.002434207391849909,0.0013037342184204171,4,results/extension/DS01/audit/paired_transport_engines.csv
DS01,lstm_autoencoder,0,0.01,quantile_regression_W,10,0.004949027670693051,0.01162040606527885,0.0066713783945857984,0.003992713541598459,0.005133148975282449,4,results/extension/DS01/audit/paired_transport_engines.csv
DS01,lstm_autoencoder,0,0.02,phase_conditioned,7,0.024297753975173333,0.01473982406441032,-0.009557929910763013,-0.020021906221761195,-0.006033015524095875,1,results/extension/DS01/audit/paired_transport_engines.csv
DS01,lstm_autoencoder,0,0.02,phase_conditioned,8,0.009213903077114737,0.0069434334546521065,-0.0022704696224626307,-0.008273169061263512,-0.0033969540366371523,1,results/extension/DS01/audit/paired_transport_engines.csv
DS01,lstm_autoencoder,0,0.02,phase_conditioned,9,0.008294165789781364,0.00971494018834309,0.001420774398561725,-0.0011872597082859693,0.0001243647759749224,2,results/extension/DS01/audit/paired_transport_engines.csv
DS01,lstm_autoencoder,0,0.02,phase_conditioned,10,0.011290156772038037,0.006380377713345349,-0.004909779058692687,-0.00800985253794388,-0.00446080326945705,1,results/extension/DS01/audit/paired_transport_engines.csv
DS01,lstm_autoencoder,0,0.02,quantile_regression_W,7,0.024297753975173333,0.015093335467477643,-0.00920441850769569,-0.008438006501787988,-0.0050848022326502665,1,results/extension/DS01/audit/paired_transport_engines.csv
DS01,lstm_autoencoder,0,0.02,quantile_regression_W,8,0.009213903077114737,0.006383500646589074,-0.002830402430525663,-0.010555770051467624,-0.0038661742395669535,1,results/extension/DS01/audit/paired_transport_engines.csv
DS01,lstm_autoencoder,0,0.02,quantile_regression_W,9,0.008294165789781364,0.010169254263171291,0.0018750884733899267,0.003983941563846726,0.0021883035890743795,4,results/extension/DS01/audit/paired_transport_engines.csv
DS01,lstm_autoencoder,0,0.02,quantile_regression_W,10,0.011290156772038037,0.013555363999686546,0.0022652072276485094,-0.008538120410857681,-0.0001262013592950098,3,results/extension/DS01/audit/paired_transport_engines.csv
DS01,lstm_autoencoder,1,0.005,phase_conditioned,7,0.00546667660653049,0.004840465185626956,-0.000626211420903534,-0.001711651496385633,-0.0003988016003587244,1,results/extension/DS01/audit/paired_transport_engines.csv
DS01,lstm_autoencoder,1,0.005,phase_conditioned,8,0.004978821477513392,0.00447886253649562,-0.0004999589410177724,-0.0004289210778366968,0.0001679570473081815,3,results/extension/DS01/audit/paired_transport_engines.csv
DS01,lstm_autoencoder,1,0.005,phase_conditioned,9,0.004958004581318401,0.004830745736828709,-0.0001272588444896916,0.0002846202618275069,0.0003518334523342167,3,results/extension/DS01/audit/paired_transport_engines.csv
DS01,lstm_autoencoder,1,0.005,phase_conditioned,10,0.002860018846911676,0.002439573087789055,-0.00042044575912262086,-0.0018096384325296316,-0.0002586529461607815,1,results/extension/DS01/audit/paired_transport_engines.csv
DS01,lstm_autoencoder,1,0.005,quantile_regression_W,7,0.00546667660653049,0.005704067545667354,0.00023739093913686428,-0.00011874737538180094,-2.0483579628053413e-05,3,results/extension/DS01/audit/paired_transport_engines.csv
DS01,lstm_autoencoder,1,0.005,quantile_regression_W,8,0.004978821477513392,0.002584712651843433,-0.0023941088256699593,-3.582364011907313e-05,-0.0006575210115745442,1,results/extension/DS01/audit/paired_transport_engines.csv
DS01,lstm_autoencoder,1,0.005,quantile_regression_W,9,0.004958004581318401,0.005030693923405621,7.268934208722044e-05,-0.0005666557022595518,-8.09789611250218e-05,3,results/extension/DS01/audit/paired_transport_engines.csv
DS01,lstm_autoencoder,1,0.005,quantile_regression_W,10,0.002860018846911676,0.00934056892093096,0.0064805500740192845,0.005549295496222907,0.005658794303504394,4,results/extension/DS01/audit/paired_transport_engines.csv
DS01,lstm_autoencoder,1,0.01,phase_conditioned,7,0.007712837334128522,0.008995079767407188,0.0012822424332786658,-0.0019457402649672474,-0.00035770613960079377,3,results/extension/DS01/audit/paired_transport_engines.csv
DS01,lstm_autoencoder,1,0.01,phase_conditioned,8,0.005983555500186867,0.004984868482448772,-0.0009986870177380956,-0.0015492304573914324,-0.0005742082077361062,1,results/extension/DS01/audit/paired_transport_engines.csv
DS01,lstm_autoencoder,1,0.01,phase_conditioned,9,0.0037757699160091626,0.0046029524051921615,0.0008271824891829989,0.0006415323623030272,0.0008673891052813835,4,results/extension/DS01/audit/paired_transport_engines.csv
DS01,lstm_autoencoder,1,0.01,phase_conditioned,10,0.005655786858562493,0.0022737260646646437,-0.0033820607938978495,-0.005974447609444133,-0.0025420710735938536,1,results/extension/DS01/audit/paired_transport_engines.csv
DS01,lstm_autoencoder,1,0.01,quantile_regression_W,7,0.007712837334128522,0.009207298773533943,0.0014944614394054208,0.002607480181965197,-0.0001329092670012775,3,results/extension/DS01/audit/paired_transport_engines.csv
DS01,lstm_autoencoder,1,0.01,quantile_regression_W,8,0.005983555500186867,0.003375719258364708,-0.002607836241822159,-0.0023236358830298577,-0.0008899317727582459,1,results/extension/DS01/audit/paired_transport_engines.csv
DS01,lstm_autoencoder,1,0.01,quantile_regression_W,9,0.0037757699160091626,0.006390153870844786,0.0026143839548356234,0.004250068074176157,0.0018212835243474374,4,results/extension/DS01/audit/paired_transport_engines.csv
DS01,lstm_autoencoder,1,0.01,quantile_regression_W,10,0.005655786858562493,0.014982866443930437,0.009327079585367944,0.006303118091175206,0.0074896114411538844,4,results/extension/DS01/audit/paired_transport_engines.csv
DS01,lstm_autoencoder,1,0.02,phase_conditioned,7,0.01901136159200675,0.015425674668257044,-0.0035856869237497063,-0.010908839769297837,-0.002418761662148569,1,results/extension/DS01/audit/paired_transport_engines.csv
DS01,lstm_autoencoder,1,0.02,phase_conditioned,8,0.008900333877956952,0.0051169859616845975,-0.0037833479162723543,-0.00950719953770782,-0.004403103090091879,1,results/extension/DS01/audit/paired_transport_engines.csv
DS01,lstm_autoencoder,1,0.02,phase_conditioned,9,0.008683892591293502,0.011719266989055736,0.0030353743977622333,0.0009933196903776434,0.0016842454499024218,4,results/extension/DS01/audit/paired_transport_engines.csv
DS01,lstm_autoencoder,1,0.02,phase_conditioned,10,0.012703675147776924,0.006270668442911997,-0.006433006704864927,-0.00943895347078613,-0.005124840742058615,1,results/extension/DS01/audit/paired_transport_engines.csv
DS01,lstm_autoencoder,1,0.02,quantile_regression_W,7,0.01901136159200675,0.013792841279686278,-0.005218520312320472,-0.003359200381750284,-0.002816440491155864,1,results/extension/DS01/audit/paired_transport_engines.csv
DS01,lstm_autoencoder,1,0.02,quantile_regression_W,8,0.008900333877956952,0.00573024570384887,-0.003170088174108082,-0.011628897528014954,-0.004424235122181016,1,results/extension/DS01/audit/paired_transport_engines.csv
DS01,lstm_autoencoder,1,0.02,quantile_regression_W,9,0.008683892591293502,0.010296513107660983,0.0016126205163674804,0.005847980718586266,0.0027008663112072194,4,results/extension/DS01/audit/paired_transport_engines.csv
DS01,lstm_autoencoder,1,0.02,quantile_regression_W,10,0.012703675147776924,0.02651673066374109,0.013813055515964165,0.0017540586297123129,0.006376515072903242,4,results/extension/DS01/audit/paired_transport_engines.csv
DS01,lstm_autoencoder,2,0.005,phase_conditioned,7,0.0056754137468316675,0.0053473982406441025,-0.00032801550618756503,-0.0011950379349518437,-0.00022513738805613956,1,results/extension/DS01/audit/paired_transport_engines.csv
DS01,lstm_autoencoder,2,0.005,phase_conditioned,8,0.004542793073377352,0.0041589009318881735,-0.0003838921414891783,-0.0005656827393000679,0.00023357778898345106,3,results/extension/DS01/audit/paired_transport_engines.csv
DS01,lstm_autoencoder,2,0.005,phase_conditioned,9,0.005562484092644439,0.0055306693815220164,-3.18147111224229e-05,0.0003882849852002556,0.0002727804081790121,3,results/extension/DS01/audit/paired_transport_engines.csv
DS01,lstm_autoencoder,2,0.005,phase_conditioned,10,0.0028921442645421054,0.002324474207387255,-0.0005676700571548505,-0.0022694667436592058,-0.00033018086022959113,1,results/extension/DS01/audit/paired_transport_engines.csv
DS01,lstm_autoencoder,2,0.005,quantile_regression_W,7,0.0056754137468316675,0.00406344410876133,-0.0016119696380703374,-0.0017687991751462236,-0.0008426492319595419,1,results/extension/DS01/audit/paired_transport_engines.csv
DS01,lstm_autoencoder,2,0.005,quantile_regression_W,8,0.004542793073377352,0.0034963249034508535,-0.0010464681699264983,0.0017198125542772467,6.730406632927434e-05,3,results/extension/DS01/audit/paired_transport_engines.csv
DS01,lstm_autoencoder,2,0.005,quantile_regression_W,9,0.005562484092644439,0.0038270106525969466,-0.0017354734400474928,-0.0026009667209556395,-0.0010745069102965623,1,results/extension/DS01/audit/paired_transport_engines.csv
DS01,lstm_autoencoder,2,0.005,quantile_regression_W,10,0.0028921442645421054,0.013204403323909878,0.010312259059367772,0.010312259059367774,0.007933663072477816,4,results/extension/DS01/audit/paired_transport_engines.csv
DS01,lstm_autoencoder,2,0.01,phase_conditioned,7,0.0072357238705829715,0.009323095273594753,0.0020873714030117813,-0.0009330304424919889,-0.00031438636123976016,3,results/extension/DS01/audit/paired_transport_engines.csv
DS01,lstm_autoencoder,2,0.01,phase_conditioned,8,0.005796686184128567,0.0044116039408604295,-0.0013850822432681376,-0.0022197771356457768,-0.0009104395804932935,1,results/extension/DS01/audit/paired_transport_engines.csv
DS01,lstm_autoencoder,2,0.01,phase_conditioned,9,0.004443878849580045,0.006161873250190889,0.0017179944006108436,0.002068591110299979,0.0014439721152202604,4,results/extension/DS01/audit/paired_transport_engines.csv
DS01,lstm_autoencoder,2,0.01,phase_conditioned,10,0.0056236614409320655,0.0024202155488123878,-0.0032034458921196777,-0.005419325854345998,-0.0023369798293138063,1,results/extension/DS01/audit/paired_transport_engines.csv
DS01,lstm_autoencoder,2,0.01,quantile_regression_W,7,0.0072357238705829715,0.007286568896180548,5.084502559757689e-05,0.0017602555975892893,-0.0008257032529991803,3,results/extension/DS01/audit/paired_transport_engines.csv
DS01,lstm_autoencoder,2,0.01,quantile_regression_W,8,0.005796686184128567,0.004103857355970733,-0.0016928288281578344,-0.00015568820156353774,0.00011116099038780422,3,results/extension/DS01/audit/paired_transport_engines.csv
DS01,lstm_autoencoder,2,0.01,quantile_regression_W,9,0.004443878849580045,0.005323237465003818,0.0008793586154237729,0.0015024653219457302,0.0008495132534739776,4,results/extension/DS01/audit/paired_transport_engines.csv
DS01,lstm_autoencoder,2,0.01,quantile_regression_W,10,0.0056236614409320655,0.014522402124560954,0.008898740683628888,0.005634117894050569,0.007482305378150962,4,results/extension/DS01/audit/paired_transport_engines.csv
DS01,lstm_autoencoder,2,0.02,phase_conditioned,7,0.025404851856464756,0.02019680930371254,-0.005208042552752215,-0.01337114453150414,-0.0035165966738664282,1,results/extension/DS01/audit/paired_transport_engines.csv
DS01,lstm_autoencoder,2,0.02,phase_conditioned,8,0.008225474177736733,0.0031972163340399165,-0.005028257843696817,-0.01208195162717757,-0.005311126160837027,1,results/extension/DS01/audit/paired_transport_engines.csv
DS01,lstm_autoencoder,2,0.02,phase_conditioned,9,0.010879353573145224,0.014773479256808348,0.0038941256836631244,0.0023381446667716382,0.0018563820855957537,4,results/extension/DS01/audit/paired_transport_engines.csv
DS01,lstm_autoencoder,2,0.02,phase_conditioned,10,0.011782746509037951,0.006211154127864393,-0.005571592381173558,-0.010727928091541081,-0.005268161228526703,1,results/extension/DS01/audit/paired_transport_engines.csv
DS01,lstm_autoencoder,2,0.02,quantile_regression_W,7,0.025404851856464756,0.01091174646365619,-0.014493105392808566,-0.012304235453154413,-0.007278075132384369,1,results/extension/DS01/audit/paired_transport_engines.csv
DS01,lstm_autoencoder,2,0.02,quantile_regression_W,8,0.008225474177736733,0.00611686597608287,-0.0021086082016538634,-0.0066428508455955194,-0.0031940822346348038,1,results/extension/DS01/audit/paired_transport_engines.csv
DS01,lstm_autoencoder,2,0.02,quantile_regression_W,9,0.010879353573145224,0.0100419954186816,-0.000837358154463624,0.0013517404873804179,0.00043015749834821124,3,results/extension/DS01/audit/paired_transport_engines.csv
DS01,lstm_autoencoder,2,0.02,quantile_regression_W,10,0.011782746509037951,0.019040827521354126,0.007258081012316175,-0.002420349011765202,0.0035950901191951785,2,results/extension/DS01/audit/paired_transport_engines.csv
DS01,cvae,0,0.005,phase_conditioned,7,0.0027635306396302374,0.0023627978631880113,-0.00040073277644222605,-0.0016377762715502368,-0.0006495944653740007,1,results/extension/DS01/audit/paired_transport_engines.csv
DS01,cvae,0,0.005,phase_conditioned,8,0.006199701009094306,0.00625198309536189,5.228208626758407e-05,-0.003020105496313932,0.0001710049630014249,2,results/extension/DS01/audit/paired_transport_engines.csv
DS01,cvae,0,0.005,phase_conditioned,9,0.0027093407991855434,0.0032332384998116324,0.000523897700626089,0.0016868697262793788,-0.0002971368307369054,3,results/extension/DS01/audit/paired_transport_engines.csv
DS01,cvae,0,0.005,phase_conditioned,10,0.009145892229932322,0.006530815109343936,-0.002615077120588386,-0.006047410009860385,-0.0008639409566594414,1,results/extension/DS01/audit/paired_transport_engines.csv
DS01,cvae,0,0.005,quantile_regression_W,7,0.0027635306396302374,0.0031511853287609958,0.0003876546891307584,-0.0005631075083245372,9.141926035832922e-05,2,results/extension/DS01/audit/paired_transport_engines.csv
DS01,cvae,0,0.005,quantile_regression_W,8,0.006199701009094306,0.0064919542988174745,0.00029225328972316833,-0.003934499569550824,0.0006425603260768013,2,results/extension/DS01/audit/paired_transport_engines.csv
DS01,cvae,0,0.005,quantile_regression_W,9,0.0027093407991855434,0.003568337999490965,0.0008589972003054214,0.0017009870204097314,0.0004310720987654418,4,results/extension/DS01/audit/paired_transport_engines.csv
DS01,cvae,0,0.005,quantile_regression_W,10,0.009145892229932322,0.004623070292296842,-0.00452282193763548,-0.007663392682161841,-0.001962930260080265,1,results/extension/DS01/audit/paired_transport_engines.csv
DS01,cvae,0,0.01,phase_conditioned,7,0.004214999254510214,0.0038852764050339127,-0.0003297228494763011,-0.002623906433982467,-0.0009063477951861184,1,results/extension/DS01/audit/paired_transport_engines.csv
DS01,cvae,0,0.01,phase_conditioned,8,0.009733399775756822,0.010264234958471652,0.0005308351827148297,-0.004840027287654607,0.00025708931888623193,2,results/extension/DS01/audit/paired_transport_engines.csv
DS01,cvae,0,0.01,phase_conditioned,9,0.00449605497582082,0.005024487834028347,0.0005284328582075264,0.001994337912685336,-0.00046066233375220526,3,results/extension/DS01/audit/paired_transport_engines.csv
DS01,cvae,0,0.01,phase_conditioned,10,0.015282703675147778,0.006344041017055562,-0.008938662658092216,-0.013593470275050132,-0.0035482675602046014,1,results/extension/DS01/audit/paired_transport_engines.csv
DS01,cvae,0,0.01,quantile_regression_W,7,0.004214999254510214,0.0056463396451468615,0.0014313403906366477,-0.0006722560588112245,0.00030257011030745485,2,results/extension/DS01/audit/paired_transport_engines.csv
DS01,cvae,0,0.01,quantile_regression_W,8,0.009733399775756822,0.016223519844285356,0.006490120068528534,-0.0004255287479228778,0.003967230510659023,2,results/extension/DS01/audit/paired_transport_engines.csv
DS01,cvae,0,0.01,quantile_regression_W,9,0.00449605497582082,0.005545940442860779,0.0010498854670399592,0.0010111864330069262,0.0005208058498847824,4,results/extension/DS01/audit/paired_transport_engines.csv
DS01,cvae,0,0.01,quantile_regression_W,10,0.015282703675147778,0.009896341985779147,-0.005386361689368631,-0.012623992085561867,-0.001307620416603518,1,results/extension/DS01/audit/paired_transport_engines.csv
DS01,cvae,0,0.02,phase_conditioned,7,0.0062797359571553114,0.005943044580289249,-0.00033669137686606274,-0.0012269081724681809,-0.0001665014887193561,1,results/extension/DS01/audit/paired_transport_engines.csv
DS01,cvae,0,0.02,phase_conditioned,8,0.01511897346455712,0.013169353010972013,-0.001949620453585106,-0.007774725234433299,-0.0011708941535504835,1,results/extension/DS01/audit/paired_transport_engines.csv
DS01,cvae,0,0.02,phase_conditioned,9,0.007200834553734428,0.008697922756147941,0.0014970882024135136,0.009845956630628792,0.0011693921559028167,4,results/extension/DS01/audit/paired_transport_engines.csv
DS01,cvae,0,0.02,phase_conditioned,10,0.025832262486078988,0.010647648419429452,-0.015184614066649536,-0.019181166061007345,-0.00751093296453279,1,results/extension/DS01/audit/paired_transport_engines.csv
DS01,cvae,0,0.02,quantile_regression_W,7,0.0062797359571553114,0.01048755032056061,0.004207814363405298,0.0014470835203651295,0.0019300558586316649,4,results/extension/DS01/audit/paired_transport_engines.csv
DS01,cvae,0,0.02,quantile_regression_W,8,0.01511897346455712,0.026554413470383554,0.011435440005826435,0.00252241347505628,0.0069353344332177495,4,results/extension/DS01/audit/paired_transport_engines.csv
DS01,cvae,0,0.02,quantile_regression_W,9,0.007200834553734428,0.011187325019088827,0.0039864904653544,0.003322371925143928,0.002582784983141879,4,results/extension/DS01/audit/paired_transport_engines.csv
DS01,cvae,0,0.02,quantile_regression_W,10,0.025832262486078988,0.016794311659384904,-0.009037950826694084,-0.018849094154019527,-0.004020914109528331,1,results/extension/DS01/audit/paired_transport_engines.csv
DS01,cvae,1,0.005,phase_conditioned,7,0.0021989355955263,0.0012423721013985313,-0.0009565634941277688,-0.0023317268174242413,-0.0012408951390146684,1,results/extension/DS01/audit/paired_transport_engines.csv
DS01,cvae,1,0.005,phase_conditioned,8,0.005352560109629998,0.007731805516671333,0.002379245407041335,0.00019483111422326314,0.0015528763588309393,4,results/extension/DS01/audit/paired_transport_engines.csv
DS01,cvae,1,0.005,phase_conditioned,9,0.0024230083990837365,0.003220247606427894,0.0007972392073441574,0.004186384952076953,0.00013337578867667673,4,results/extension/DS01/audit/paired_transport_engines.csv
DS01,cvae,1,0.005,phase_conditioned,10,0.009338644735714899,0.006051143664867643,-0.003287501070847256,-0.00498015838610468,-0.0007112585929419171,1,results/extension/DS01/audit/paired_transport_engines.csv
DS01,cvae,1,0.005,quantile_regression_W,7,0.0021989355955263,0.0031511853287609958,0.0009522497332346957,-0.0011650749647351636,-0.0002618734253351967,3,results/extension/DS01/audit/paired_transport_engines.csv
DS01,cvae,1,0.005,quantile_regression_W,8,0.005352560109629998,0.012424575717580558,0.00707201560795056,0.0032359709961724834,0.004532399529872279,4,results/extension/DS01/audit/paired_transport_engines.csv
DS01,cvae,1,0.005,quantile_regression_W,9,0.0024230083990837365,0.003568337999490965,0.0011453296004072283,0.003049932644475992,9.81209163702988e-05,4,results/extension/DS01/audit/paired_transport_engines.csv
DS01,cvae,1,0.005,quantile_regression_W,10,0.009338644735714899,0.010986207977431234,0.0016475632417163356,-0.0006865486755640634,0.0032137653996532475,2,results/extension/DS01/audit/paired_transport_engines.csv
DS01,cvae,1,0.01,phase_conditioned,7,0.006786371625081304,0.00624617354594746,-0.000540198079133844,-0.0033196996105411825,-0.00011526390740331394,1,results/extension/DS01/audit/paired_transport_engines.csv
DS01,cvae,1,0.01,phase_conditioned,8,0.009160333873178024,0.012263994987268193,0.0031036611140901685,0.00040202002440244654,0.0017871379517912537,4,results/extension/DS01/audit/paired_transport_engines.csv
DS01,cvae,1,0.01,phase_conditioned,9,0.0038597607533723596,0.008356169879832285,0.004496409126459926,0.010063526577127009,0.0033676881652847327,4,results/extension/DS01/audit/paired_transport_engines.csv
DS01,cvae,1,0.01,phase_conditioned,10,0.016664096633256235,0.008086610125931636,-0.0085774865073246,-0.01139858203275364,-0.0034180791812530647,1,results/extension/DS01/audit/paired_transport_engines.csv
DS01,cvae,1,0.01,quantile_regression_W,7,0.006786371625081304,0.003916803339794245,-0.002869568285287059,-0.004408570699763527,-0.002028954504716162,1,results/extension/DS01/audit/paired_transport_engines.csv
DS01,cvae,1,0.01,quantile_regression_W,8,0.009160333873178024,0.016743457451772456,0.007583123578594432,0.0025394352927380695,0.004822992397418624,4,results/extension/DS01/audit/paired_transport_engines.csv
DS01,cvae,1,0.01,quantile_regression_W,9,0.0038597607533723596,0.0027900541720254106,-0.001069706581346949,0.001240567190155883,-7.542982788394555e-05,3,results/extension/DS01/audit/paired_transport_engines.csv
DS01,cvae,1,0.01,quantile_regression_W,10,0.016664096633256235,0.013885275448632552,-0.0027788211846236834,-0.00777033224143764,0.0012759403011782851,3,results/extension/DS01/audit/paired_transport_engines.csv
DS01,cvae,1,0.02,phase_conditioned,7,0.015357938583745036,0.02067392276725809,0.005315984183513055,0.0029228665537022573,0.004523075777251112,4,results/extension/DS01/audit/paired_transport_engines.csv
DS01,cvae,1,0.02,phase_conditioned,8,0.016825713217889626,0.01386260315428815,-0.0029631100636014762,-0.008703044189988286,-0.0012725686337836089,1,results/extension/DS01/audit/paired_transport_engines.csv
DS01,cvae,1,0.02,phase_conditioned,9,0.0069788750318147096,0.02218630694833291,0.015207431916518202,0.024202499596134294,0.011890470568936154,4,results/extension/DS01/audit/paired_transport_engines.csv
DS01,cvae,1,0.02,phase_conditioned,10,0.0266889402895571,0.012907136126102971,-0.013781804163454127,-0.017699992393216686,-0.0061536651902097065,1,results/extension/DS01/audit/paired_transport_engines.csv
DS01,cvae,1,0.02,quantile_regression_W,7,0.015357938583745036,0.007630499589844141,-0.007727438993900895,-0.0051247774343841195,-0.00485492716417646,1,results/extension/DS01/audit/paired_transport_engines.csv
DS01,cvae,1,0.02,quantile_regression_W,8,0.016825713217889626,0.021035075790905088,0.004209362573015463,-0.002900946537798904,0.0034035923665336164,2,results/extension/DS01/audit/paired_transport_engines.csv
DS01,cvae,1,0.02,quantile_regression_W,9,0.0069788750318147096,0.010272634260838163,0.0032937592290234532,0.011418437051929096,0.002634803194048339,4,results/extension/DS01/audit/paired_transport_engines.csv
DS01,cvae,1,0.02,quantile_regression_W,10,0.0266889402895571,0.01635526428510237,-0.010333676004454728,-0.021904810283335945,-0.0023628841497211634,1,results/extension/DS01/audit/paired_transport_engines.csv
DS01,cvae,2,0.005,phase_conditioned,7,0.0030992777255357037,0.003983413697204939,0.000884135971669235,-0.00010160810660695893,0.00012184155870898503,2,results/extension/DS01/audit/paired_transport_engines.csv
DS01,cvae,2,0.005,phase_conditioned,8,0.006560981686807026,0.006065338826007546,-0.0004956428607994796,-0.003797132816301568,-0.0002635754873990207,1,results/extension/DS01/audit/paired_transport_engines.csv
DS01,cvae,2,0.005,phase_conditioned,9,0.0030540453788593094,0.00452915922723534,0.001475113848376031,0.00375852317843566,0.0012432029556675834,4,results/extension/DS01/audit/paired_transport_engines.csv
DS01,cvae,2,0.005,phase_conditioned,10,0.0023527257507586063,0.002351304756680511,-1.4209940780952543e-06,3.7686612085076517e-05,-0.0002987186732485805,3,results/extension/DS01/audit/paired_transport_engines.csv
DS01,cvae,2,0.005,quantile_regression_W,7,0.0030992777255357037,0.00395631429849411,0.0008570365729584067,-9.76921103285986e-05,0.00024979825602729515,2,results/extension/DS01/audit/paired_transport_engines.csv
DS01,cvae,2,0.005,quantile_regression_W,8,0.006560981686807026,0.004767706187397883,-0.001793275499409143,-0.005381298406200629,-0.00033859010496676417,1,results/extension/DS01/audit/paired_transport_engines.csv
DS01,cvae,2,0.005,quantile_regression_W,9,0.0030540453788593094,0.0028365996436752355,-0.0002174457351840739,-0.00022152384419100958,0.00031214977985977643,3,results/extension/DS01/audit/paired_transport_engines.csv
DS01,cvae,2,0.005,quantile_regression_W,10,0.0023527257507586063,0.004685761303973042,0.002333035553214436,4.6099421803055124e-05,0.0014522847480544646,4,results/extension/DS01/audit/paired_transport_engines.csv
DS01,cvae,2,0.01,phase_conditioned,7,0.0072568882246301595,0.008667093495528301,0.001410205270898142,-0.0023429730576510852,0.00047159586527763253,2,results/extension/DS01/audit/paired_transport_engines.csv
DS01,cvae,2,0.01,phase_conditioned,8,0.013994020181886136,0.0063047101014544905,-0.007689310080431645,-0.01412269761879644,-0.0031569585303865295,1,results/extension/DS01/audit/paired_transport_engines.csv
DS01,cvae,2,0.01,phase_conditioned,9,0.004382811402892852,0.00970028286556864,0.005317471462675788,0.0041942788207178,0.002419866252839853,4,results/extension/DS01/audit/paired_transport_engines.csv
DS01,cvae,2,0.01,phase_conditioned,10,0.005816413946714642,0.0029159156805892957,-0.002900498266125346,-0.00541593197963377,-0.0026778682286811278,1,results/extension/DS01/audit/paired_transport_engines.csv
DS01,cvae,2,0.01,quantile_regression_W,7,0.0072568882246301595,0.005795437602504846,-0.0014614506221253135,-0.003614668845050026,-0.0010162996518397038,1,results/extension/DS01/audit/paired_transport_engines.csv
DS01,cvae,2,0.01,quantile_regression_W,8,0.013994020181886136,0.008061376713788449,-0.005932643468097687,-0.014135060531814417,-0.001293071380349035,1,results/extension/DS01/audit/paired_transport_engines.csv
DS01,cvae,2,0.01,quantile_regression_W,9,0.004382811402892852,0.004141107083934162,-0.0002417043189586899,-0.002029822204671238,3.0295844545081066e-05,3,results/extension/DS01/audit/paired_transport_engines.csv
DS01,cvae,2,0.01,quantile_regression_W,10,0.005816413946714642,0.007647519786850561,0.0018311058401359187,-0.0035052967966747953,0.0005428685925348686,2,results/extension/DS01/audit/paired_transport_engines.csv
DS01,cvae,2,0.02,phase_conditioned,7,0.01812568328697361,0.015253396290590426,-0.002872286996383186,-0.009125536039311662,0.0002227292620361962,3,results/extension/DS01/audit/paired_transport_engines.csv
DS01,cvae,2,0.02,phase_conditioned,8,0.024674224492338356,0.00832938831443877,-0.016344836177899585,-0.02785012221024237,-0.007039416522391245,1,results/extension/DS01/audit/paired_transport_engines.csv
DS01,cvae,2,0.02,phase_conditioned,9,0.012672096860101071,0.016150620899953855,0.0034785240398527845,0.0015753697565182717,0.002738773390016643,4,results/extension/DS01/audit/paired_transport_engines.csv
DS01,cvae,2,0.02,phase_conditioned,10,0.01585196607555898,0.0025384534895887823,-0.013313512585970199,-0.021918283598596242,-0.009873000693847396,1,results/extension/DS01/audit/paired_transport_engines.csv
DS01,cvae,2,0.02,quantile_regression_W,7,0.01812568328697361,0.009115849112867154,-0.009009834174106458,-0.010515206215482182,-0.004590078947539395,1,results/extension/DS01/audit/paired_transport_engines.csv
DS01,cvae,2,0.02,quantile_regression_W,8,0.024674224492338356,0.010822967910517404,-0.013851256581820952,-0.028924745056661382,-0.004522189044486398,1,results/extension/DS01/audit/paired_transport_engines.csv
DS01,cvae,2,0.02,quantile_regression_W,9,0.012672096860101071,0.009469330618477984,-0.003202766241623087,-0.003220420262928283,-0.0008977819829044291,1,results/extension/DS01/audit/paired_transport_engines.csv
DS01,cvae,2,0.02,quantile_regression_W,10,0.01585196607555898,0.013947182822662798,-0.0019047832528961833,-0.011594016275811324,-0.0020410297935722944,1,results/extension/DS01/audit/paired_transport_engines.csv
DS04,pca,-1,0.005,phase_conditioned,7,0.0033183746895837,0.003323150726877707,4.776037294007031e-06,0.0006354459222180798,-0.00022817649783007455,3,results/extension/DS04/audit/paired_transport_engines.csv
DS04,pca,-1,0.005,phase_conditioned,8,0.0030907024569758633,0.002792333375905417,-0.0002983690810704461,-0.00166169134197771,-0.0006598279903169111,1,results/extension/DS04/audit/paired_transport_engines.csv
DS04,pca,-1,0.005,phase_conditioned,9,0.002739993663533636,0.002743465823279615,3.4721597459790553e-06,0.0017168550567037253,0.00011273207926101956,4,results/extension/DS04/audit/paired_transport_engines.csv
DS04,pca,-1,0.005,phase_conditioned,10,0.0036100234925606892,0.0023281387788409652,-0.001281884713719724,-0.0027533987834096477,-0.0011301579005629772,1,results/extension/DS04/audit/paired_transport_engines.csv
DS04,pca,-1,0.005,quantile_regression_W,7,0.0033183746895837,0.0010922121287236988,-0.002226162560860001,-0.001368763597533293,-0.0014534112565454706,1,results/extension/DS04/audit/paired_transport_engines.csv
DS04,pca,-1,0.005,quantile_regression_W,8,0.0030907024569758633,0.002292455893494967,-0.0007982465634808963,-0.00388394754283097,-0.0012079270271162042,1,results/extension/DS04/audit/paired_transport_engines.csv
DS04,pca,-1,0.005,quantile_regression_W,9,0.002739993663533636,0.0015497714402674485,-0.0011902222232661876,-0.0004635172231776748,-0.0007907654963121189,1,results/extension/DS04/audit/paired_transport_engines.csv
DS04,pca,-1,0.005,quantile_regression_W,10,0.0036100234925606892,0.002037545731892601,-0.001572477760668088,-0.0028895802755031126,-0.0009275325898328638,1,results/extension/DS04/audit/paired_transport_engines.csv
DS04,pca,-1,0.01,phase_conditioned,7,0.0042120803269392465,0.0039050174246511426,-0.0003070629022881039,-0.00038005485102284714,-0.0005855282572757121,1,results/extension/DS04/audit/paired_transport_engines.csv
DS04,pca,-1,0.01,phase_conditioned,8,0.00405725727892629,0.0033040194128701496,-0.0007532378660561403,-0.0030368193844415078,-0.0013133436344959643,1,results/extension/DS04/audit/paired_transport_engines.csv
DS04,pca,-1,0.01,phase_conditioned,9,0.0031566163269616644,0.0036656457915302566,0.0005090294645685922,0.0032566762519376383,0.0005894142435763998,4,results/extension/DS04/audit/paired_transport_engines.csv
DS04,pca,-1,0.01,phase_conditioned,10,0.004655442443226312,0.0032611184963870646,-0.001394323946839247,-0.0035169611214819763,-0.00159766267312958,1,results/extension/DS04/audit/paired_transport_engines.csv
DS04,pca,-1,0.01,quantile_regression_W,7,0.0042120803269392465,0.0025362121153071696,-0.001675868211632077,-0.0025893986959537423,-0.0015604696190210324,1,results/extension/DS04/audit/paired_transport_engines.csv
DS04,pca,-1,0.01,quantile_regression_W,8,0.00405725727892629,0.00405725727892629,0.0,-0.004824181208306636,-0.0009911649479957575,3,results/extension/DS04/audit/paired_transport_engines.csv
DS04,pca,-1,0.01,quantile_regression_W,9,0.0031566163269616644,0.0035202747265242994,0.0003636583995626349,-0.00024684409968369573,-0.00034104075285576853,3,results/extension/DS04/audit/paired_transport_engines.csv
DS04,pca,-1,0.01,quantile_regression_W,10,0.004655442443226312,0.0032607295224435714,-0.0013947129207827402,-0.0015157345238663855,-0.0005501313115863714,1,results/extension/DS04/audit/paired_transport_engines.csv
DS04,pca,-1,0.02,phase_conditioned,7,0.006058152949688117,0.00413554774646039,-0.0019226052032277272,-0.002275094542763978,-0.0014927168759617869,1,results/extension/DS04/audit/paired_transport_engines.csv
DS04,pca,-1,0.02,phase_conditioned,8,0.005841541292347655,0.003415132551223339,-0.002426408741124316,-0.006203093785560056,-0.002534108976712011,1,results/extension/DS04/audit/paired_transport_engines.csv
DS04,pca,-1,0.02,phase_conditioned,9,0.00402658090652263,0.00489721220305254,0.0008706312965299102,0.0028974700045053346,0.0007676823519900864,4,results/extension/DS04/audit/paired_transport_engines.csv
DS04,pca,-1,0.02,phase_conditioned,10,0.006374314800313235,0.005061268541795543,-0.0013130462585176916,-0.005019790591499828,-0.0021944766199310196,1,results/extension/DS04/audit/paired_transport_engines.csv
DS04,pca,-1,0.02,quantile_regression_W,7,0.006058152949688117,0.002941917715681308,-0.003116235234006809,-0.0048249749401764845,-0.002201541542967562,1,results/extension/DS04/audit/paired_transport_engines.csv
DS04,pca,-1,0.02,quantile_regression_W,8,0.005841541292347655,0.006220370169931811,0.00037882887758415584,-0.007592376790828763,-0.0006464397802635078,3,results/extension/DS04/audit/paired_transport_engines.csv
DS04,pca,-1,0.02,quantile_regression_W,9,0.00402658090652263,0.0060967455823156165,0.002070164675792987,-0.001978041175661905,0.0003802663223155529,2,results/extension/DS04/audit/paired_transport_engines.csv
DS04,pca,-1,0.02,quantile_regression_W,10,0.006374314800313235,0.005719362438632745,-0.0006549523616804897,-0.00048542418095862995,-0.00032701205746882636,1,results/extension/DS04/audit/paired_transport_engines.csv
DS04,isolation_forest,0,0.005,phase_conditioned,7,0.004413386519622221,0.0035856140913664136,-0.0008277724282558076,-0.0037502258122501346,-0.0013023424778177473,1,results/extension/DS04/audit/paired_transport_engines.csv
DS04,isolation_forest,0,0.005,phase_conditioned,8,0.003322843251799646,0.0027375978397708406,-0.0005852454120288055,-0.0024388009916369888,-0.0013923892429831787,1,results/extension/DS04/audit/paired_transport_engines.csv
DS04,isolation_forest,0,0.005,phase_conditioned,9,0.0044930826908860496,0.0029922176222881612,-0.0015008650685978883,0.000543848975606772,-0.0010550409925923548,3,results/extension/DS04/audit/paired_transport_engines.csv
DS04,isolation_forest,0,0.005,phase_conditioned,10,0.007191119808442624,0.002631166797180893,-0.004559953011261731,-0.007245637104370354,-0.0029900794430944596,1,results/extension/DS04/audit/paired_transport_engines.csv
DS04,isolation_forest,0,0.005,quantile_regression_W,7,0.004413386519622221,0.003512707601230662,-0.0009006789183915592,-0.002407622550905167,-0.0012148303796496512,1,results/extension/DS04/audit/paired_transport_engines.csv
DS04,isolation_forest,0,0.005,quantile_regression_W,8,0.003322843251799646,0.0026646171249247387,-0.0006582261268749073,-0.003161202639484497,-0.0014172802926900395,1,results/extension/DS04/audit/paired_transport_engines.csv
DS04,isolation_forest,0,0.005,quantile_regression_W,9,0.0044930826908860496,0.0029744496366446937,-0.001518633054241356,-0.0016916822374102307,-0.0013367331418983144,1,results/extension/DS04/audit/paired_transport_engines.csv
DS04,isolation_forest,0,0.005,quantile_regression_W,10,0.007191119808442624,0.0024549725920125294,-0.004736147216430094,-0.00725166612776584,-0.003079780947047721,1,results/extension/DS04/audit/paired_transport_engines.csv
DS04,isolation_forest,0,0.01,phase_conditioned,7,0.008983203300678517,0.005538122803691985,-0.0034450804969865323,-0.008904483818371986,-0.004412988196596217,1,results/extension/DS04/audit/paired_transport_engines.csv
DS04,isolation_forest,0,0.01,phase_conditioned,8,0.007810578554616943,0.006314473900271853,-0.00149610465434509,-0.005409234139038975,-0.002754062774711034,1,results/extension/DS04/audit/paired_transport_engines.csv
DS04,isolation_forest,0,0.01,phase_conditioned,9,0.008479248072658149,0.006464170856949948,-0.002015077215708201,-0.0018536561517925234,-0.0018786413891624986,1,results/extension/DS04/audit/paired_transport_engines.csv
DS04,isolation_forest,0,0.01,phase_conditioned,10,0.012145782942155991,0.005419666478013083,-0.006726116464142908,-0.013237331999114192,-0.005638028355900897,1,results/extension/DS04/audit/paired_transport_engines.csv
DS04,isolation_forest,0,0.01,quantile_regression_W,7,0.008983203300678517,0.0057568422740992406,-0.0032263610265792766,-0.008838426968354091,-0.004140046697453922,1,results/extension/DS04/audit/paired_transport_engines.csv
DS04,isolation_forest,0,0.01,quantile_regression_W,8,0.007810578554616943,0.003851374774215914,-0.003959203780401029,-0.006289398806119299,-0.004314755097972016,1,results/extension/DS04/audit/paired_transport_engines.csv
DS04,isolation_forest,0,0.01,quantile_regression_W,9,0.008479248072658149,0.004882820134681332,-0.003596427937976817,-0.005969593419630893,-0.003911969083482498,1,results/extension/DS04/audit/paired_transport_engines.csv
DS04,isolation_forest,0,0.01,quantile_regression_W,10,0.012145782942155991,0.004048551292090838,-0.008097231650065154,-0.014328890100695279,-0.006070688457398761,1,results/extension/DS04/audit/paired_transport_engines.csv
DS04,isolation_forest,0,0.02,phase_conditioned,7,0.017829530122602216,0.007416339802569226,-0.01041319032003299,-0.023095925873638873,-0.011601469986348797,1,results/extension/DS04/audit/paired_transport_engines.csv
DS04,isolation_forest,0,0.02,phase_conditioned,8,0.017299713550694228,0.00987392581510336,-0.007425787735590867,-0.01902731987343593,-0.00852220636068885,1,results/extension/DS04/audit/paired_transport_engines.csv
DS04,isolation_forest,0,0.02,phase_conditioned,9,0.017423642081697197,0.009499120484710648,-0.007924521596986549,-0.019288065410998957,-0.008896053046211806,1,results/extension/DS04/audit/paired_transport_engines.csv
DS04,isolation_forest,0,0.02,phase_conditioned,10,0.02014682824255831,0.010576095397291286,-0.009570732845267023,-0.0262840955358856,-0.011645078975881552,1,results/extension/DS04/audit/paired_transport_engines.csv
DS04,isolation_forest,0,0.02,quantile_regression_W,7,0.017829530122602216,0.009691022294804685,-0.008138507827797532,-0.02219465446900205,-0.010485680481153177,1,results/extension/DS04/audit/paired_transport_engines.csv
DS04,isolation_forest,0,0.02,quantile_regression_W,8,0.017299713550694228,0.0059694575708369065,-0.011330255979857321,-0.018974451970263345,-0.010847427095363142,1,results/extension/DS04/audit/paired_transport_engines.csv
DS04,isolation_forest,0,0.02,quantile_regression_W,9,0.017423642081697197,0.008433041346102593,-0.008990600735594604,-0.02388144415885825,-0.011488538636211727,1,results/extension/DS04/audit/paired_transport_engines.csv
DS04,isolation_forest,0,0.02,quantile_regression_W,10,0.02014682824255831,0.007259302157231794,-0.012887526085326515,-0.027595370562193314,-0.012139447129372257,1,results/extension/DS04/audit/paired_transport_engines.csv
DS04,isolation_forest,1,0.005,phase_conditioned,7,0.00445249408498074,0.0035272888992578123,-0.0009252051857229276,-0.003913422347879773,-0.0012940502122799056,1,results/extension/DS04/audit/paired_transport_engines.csv
DS04,isolation_forest,1,0.005,phase_conditioned,8,0.0034735989145592283,0.002792333375905417,-0.0006812655386538111,-0.002115403432365252,-0.0013216296709766314,1,results/extension/DS04/audit/paired_transport_engines.csv
DS04,isolation_forest,1,0.005,phase_conditioned,9,0.0044930826908860496,0.003045521579218564,-0.0014475611116674856,-5.764143758165601e-05,-0.0011134527060879776,1,results/extension/DS04/audit/paired_transport_engines.csv
DS04,isolation_forest,1,0.005,phase_conditioned,10,0.0071546558409198635,0.0027682067345340643,-0.004386449106385799,-0.007159906090673293,-0.0029421202146303594,1,results/extension/DS04/audit/paired_transport_engines.csv
DS04,isolation_forest,1,0.005,quantile_regression_W,7,0.00445249408498074,0.003789752263746519,-0.0006627418212342209,-0.0018579040125381169,-0.0008897016090149675,1,results/extension/DS04/audit/paired_transport_engines.csv
DS04,isolation_forest,1,0.005,quantile_regression_W,8,0.0034735989145592283,0.002518655695232535,-0.0009549432193266933,-0.003512038143019734,-0.0013677450666166689,1,results/extension/DS04/audit/paired_transport_engines.csv
DS04,isolation_forest,1,0.005,quantile_regression_W,9,0.0044930826908860496,0.0030277535935750964,-0.0014653290973109532,-0.0017651337869382935,-0.001278880788844914,1,results/extension/DS04/audit/paired_transport_engines.csv
DS04,isolation_forest,1,0.005,quantile_regression_W,10,0.0071546558409198635,0.0027486296006264685,-0.004406026240293395,-0.006875616828557893,-0.0029191780442711203,1,results/extension/DS04/audit/paired_transport_engines.csv
DS04,isolation_forest,1,0.01,phase_conditioned,7,0.009080972214074813,0.005771423572126391,-0.003309548641948422,-0.00961016927416394,-0.0042156066607590935,1,results/extension/DS04/audit/paired_transport_engines.csv
DS04,isolation_forest,1,0.01,phase_conditioned,8,0.007810578554616943,0.006569906402233211,-0.0012406721523837323,-0.0038955388909822867,-0.002224557633309702,1,results/extension/DS04/audit/paired_transport_engines.csv
DS04,isolation_forest,1,0.01,phase_conditioned,9,0.008753828281761538,0.006730690641601962,-0.002023137640159576,-0.0016978418746892519,-0.0018430668496818648,1,results/extension/DS04/audit/paired_transport_engines.csv
DS04,isolation_forest,1,0.01,phase_conditioned,10,0.012753515734201986,0.005445990233886571,-0.007307525500315415,-0.013940936016506518,-0.005802922755651922,1,results/extension/DS04/audit/paired_transport_engines.csv
DS04,isolation_forest,1,0.01,quantile_regression_W,7,0.009080972214074813,0.006238025108995203,-0.00284294710507961,-0.008104258925493501,-0.003600625277149358,1,results/extension/DS04/audit/paired_transport_engines.csv
DS04,isolation_forest,1,0.01,quantile_regression_W,8,0.007810578554616943,0.004289259063292525,-0.003521319491324418,-0.0037640956257696543,-0.003762137379830036,1,results/extension/DS04/audit/paired_transport_engines.csv
DS04,isolation_forest,1,0.01,quantile_regression_W,9,0.008753828281761538,0.005362555747054957,-0.003391272534706581,-0.0043121484874747195,-0.003656630102737568,1,results/extension/DS04/audit/paired_transport_engines.csv
DS04,isolation_forest,1,0.01,quantile_regression_W,10,0.012753515734201986,0.0037875936138568253,-0.00896592212034516,-0.01497944518864935,-0.006348178119149922,1,results/extension/DS04/audit/paired_transport_engines.csv
DS04,isolation_forest,1,0.02,phase_conditioned,7,0.01780997633992296,0.008597424942768406,-0.009212551397154553,-0.02274589974023941,-0.010763869094202256,1,results/extension/DS04/audit/paired_transport_engines.csv
DS04,isolation_forest,1,0.02,phase_conditioned,8,0.017244978014559653,0.011078107610064041,-0.006166870404495612,-0.014572981949155486,-0.006515864184810248,1,results/extension/DS04/audit/paired_transport_engines.csv
DS04,isolation_forest,1,0.02,phase_conditioned,9,0.0174769460386276,0.011293687034700876,-0.006183259003926725,-0.017134462479924263,-0.007560925500886807,1,results/extension/DS04/audit/paired_transport_engines.csv
DS04,isolation_forest,1,0.02,phase_conditioned,10,0.02052362257362683,0.010734037932532215,-0.009789584641094614,-0.026036986654794612,-0.01141218800031375,1,results/extension/DS04/audit/paired_transport_engines.csv
DS04,isolation_forest,1,0.02,quantile_regression_W,7,0.01780997633992296,0.010463831090243654,-0.007346145249679305,-0.02068779275477823,-0.009503064275808625,1,results/extension/DS04/audit/paired_transport_engines.csv
DS04,isolation_forest,1,0.02,quantile_regression_W,8,0.017244978014559653,0.006352606323778941,-0.010892371690780712,-0.01377705708687088,-0.00976593036661862,1,results/extension/DS04/audit/paired_transport_engines.csv
DS04,isolation_forest,1,0.02,quantile_regression_W,9,0.0174769460386276,0.009445816527780246,-0.008031129510847355,-0.020904394450568627,-0.010559268713773506,1,results/extension/DS04/audit/paired_transport_engines.csv
DS04,isolation_forest,1,0.02,quantile_regression_W,10,0.02052362257362683,0.007680482251207602,-0.012843140322419226,-0.027413199830072284,-0.012122303565475223,1,results/extension/DS04/audit/paired_transport_engines.csv
DS04,isolation_forest,2,0.005,phase_conditioned,7,0.004511155433018518,0.0035856140913664136,-0.0009255413416521044,-0.003522143309394545,-0.001370457429711233,1,results/extension/DS04/audit/paired_transport_engines.csv
DS04,isolation_forest,2,0.005,phase_conditioned,8,0.003322843251799646,0.002792333375905417,-0.0005305098758942289,-0.002433935755905424,-0.001323954655209709,1,results/extension/DS04/audit/paired_transport_engines.csv
DS04,isolation_forest,2,0.005,phase_conditioned,9,0.004535325799978879,0.0030632895648620316,-0.0014720362351168473,0.00029971830738338093,-0.0010243835833343234,3,results/extension/DS04/audit/paired_transport_engines.csv
DS04,isolation_forest,2,0.005,phase_conditioned,10,0.007166810496760784,0.002846515270164448,-0.0043202952265963355,-0.006954670396048847,-0.0028717007137021564,1,results/extension/DS04/audit/paired_transport_engines.csv
DS04,isolation_forest,2,0.005,quantile_regression_W,7,0.004511155433018518,0.0039064026479637215,-0.0006047527850547964,-0.002254596244789522,-0.0009807255041626582,1,results/extension/DS04/audit/paired_transport_engines.csv
DS04,isolation_forest,2,0.005,quantile_regression_W,8,0.003322843251799646,0.002609881588790162,-0.0007129616630094839,-0.003087498989144374,-0.0014704690520217683,1,results/extension/DS04/audit/paired_transport_engines.csv
DS04,isolation_forest,2,0.005,quantile_regression_W,9,0.004535325799978879,0.003276505392583643,-0.001258820407395236,-0.00155697821044364,-0.001124565382647106,1,results/extension/DS04/audit/paired_transport_engines.csv
DS04,isolation_forest,2,0.005,quantile_regression_W,10,0.007166810496760784,0.0029639780736100234,-0.00420283242315076,-0.007055991397739829,-0.002938039036568601,1,results/extension/DS04/audit/paired_transport_engines.csv
DS04,isolation_forest,2,0.01,phase_conditioned,7,0.008963649517999257,0.0057568422740992406,-0.0032068072439000164,-0.0077940672008800635,-0.0041550064064347905,1,results/extension/DS04/audit/paired_transport_engines.csv
DS04,isolation_forest,2,0.01,phase_conditioned,8,0.007792333375905417,0.006296228721560328,-0.0014961046543450892,-0.004278081738170805,-0.0026886866778520024,1,results/extension/DS04/audit/paired_transport_engines.csv
DS04,isolation_forest,2,0.01,phase_conditioned,9,0.008331397190833246,0.006624082727741156,-0.0017073144630920896,-0.0015411883520593996,-0.001785974474781635,1,results/extension/DS04/audit/paired_transport_engines.csv
DS04,isolation_forest,2,0.01,phase_conditioned,10,0.012267329500565192,0.005472313989760059,-0.006795015510805133,-0.013504044262334185,-0.005421930408894697,1,results/extension/DS04/audit/paired_transport_engines.csv
DS04,isolation_forest,2,0.01,quantile_regression_W,7,0.008963649517999257,0.0065879762616468125,-0.0023756732563524445,-0.007727921330452501,-0.0035969517074564226,1,results/extension/DS04/audit/paired_transport_engines.csv
DS04,isolation_forest,2,0.01,quantile_regression_W,8,0.007792333375905417,0.0037601488806582864,-0.004032184495247131,-0.004157093022935207,-0.003682762111801286,1,results/extension/DS04/audit/paired_transport_engines.csv
DS04,isolation_forest,2,0.01,quantile_regression_W,9,0.008331397190833246,0.005664611502993906,-0.00266678568783934,-0.0036201019677666252,-0.0033378761178667737,1,results/extension/DS04/audit/paired_transport_engines.csv
DS04,isolation_forest,2,0.01,quantile_regression_W,10,0.012267329500565192,0.004420516836335161,-0.00784681266423003,-0.013948108623713089,-0.005899133072082664,1,results/extension/DS04/audit/paired_transport_engines.csv
DS04,isolation_forest,2,0.02,phase_conditioned,7,0.017653546078488885,0.008247473790116797,-0.009406072288372088,-0.02117126379333313,-0.010844323241629109,1,results/extension/DS04/audit/paired_transport_engines.csv
DS04,isolation_forest,2,0.02,phase_conditioned,8,0.017263223193271178,0.010731449214545058,-0.00653177397872612,-0.015008976490464924,-0.007672692997953577,1,results/extension/DS04/audit/paired_transport_engines.csv
DS04,isolation_forest,2,0.02,phase_conditioned,9,0.017530249995558005,0.01104493523569233,-0.0064853147598656746,-0.0179693668633605,-0.007791588171854279,1,results/extension/DS04/audit/paired_transport_engines.csv
DS04,isolation_forest,2,0.02,phase_conditioned,10,0.019587714073875998,0.011089408636824302,-0.008498305437051696,-0.024992884322533715,-0.010681258024590535,1,results/extension/DS04/audit/paired_transport_engines.csv
DS04,isolation_forest,2,0.02,quantile_regression_W,7,0.017653546078488885,0.010988757819221068,-0.006664788259267817,-0.02133150688950802,-0.00947745898280188,1,results/extension/DS04/audit/paired_transport_engines.csv
DS04,isolation_forest,2,0.02,quantile_regression_W,8,0.017263223193271178,0.007136019296724833,-0.010127203896546345,-0.01537155274372347,-0.009573240636264614,1,results/extension/DS04/audit/paired_transport_engines.csv
DS04,isolation_forest,2,0.02,quantile_regression_W,9,0.017530249995558005,0.010209839910449353,-0.007320410085108652,-0.02057867277050231,-0.010079286610236302,1,results/extension/DS04/audit/paired_transport_engines.csv
DS04,isolation_forest,2,0.02,quantile_regression_W,10,0.019587714073875998,0.008536004317095964,-0.011051709756780034,-0.02640375099321559,-0.011208121864204664,1,results/extension/DS04/audit/paired_transport_engines.csv
DS04,lstm_autoencoder,0,0.005,phase_conditioned,7,0.004256956258188146,0.0031627564485790524,-0.0010941998096090939,-0.0021978816340176965,-0.0012589418139208274,1,results/extension/DS04/audit/paired_transport_engines.csv
DS04,lstm_autoencoder,0,0.005,phase_conditioned,8,0.004578958761770754,0.0027011074823477896,-0.0018778512794229646,-0.00386895669532015,-0.0016645128380052732,1,results/extension/DS04/audit/paired_transport_engines.csv
DS04,lstm_autoencoder,0,0.005,phase_conditioned,9,0.004112894709050586,0.0032232014356532402,-0.000889693273397346,0.0009893421075938685,-0.0006555911402769,3,results/extension/DS04/audit/paired_transport_engines.csv
DS04,lstm_autoencoder,0,0.005,phase_conditioned,10,0.004451840250587314,0.0027361569948800295,-0.0017156832557072847,-0.0033830652735231163,-0.0015771297052179565,1,results/extension/DS04/audit/paired_transport_engines.csv
DS04,lstm_autoencoder,0,0.005,quantile_regression_W,7,0.004256956258188146,0.0017337892419183156,-0.0025231670162698307,-0.0028609302442470187,-0.001814320697381212,1,results/extension/DS04/audit/paired_transport_engines.csv
DS04,lstm_autoencoder,0,0.005,quantile_regression_W,8,0.004578958761770754,0.0032259984846844903,-0.001352960277086264,-0.004762345909892129,-0.0016180745275009164,1,results/extension/DS04/audit/paired_transport_engines.csv
DS04,lstm_autoencoder,0,0.005,quantile_regression_W,9,0.004112894709050586,0.0005935395604200356,-0.0035193551486305506,-0.002865369931331384,-0.0025480056172385007,1,results/extension/DS04/audit/paired_transport_engines.csv
DS04,lstm_autoencoder,0,0.005,quantile_regression_W,10,0.004451840250587314,0.0019069586848651566,-0.0025448815657221576,-0.003194252620343001,-0.0016626737727634922,1,results/extension/DS04/audit/paired_transport_engines.csv
DS04,lstm_autoencoder,0,0.01,phase_conditioned,7,0.006695410727205179,0.0053339846313118795,-0.0013614260958932992,-0.004174147696523715,-0.002277516822692743,1,results/extension/DS04/audit/paired_transport_engines.csv
DS04,lstm_autoencoder,0,0.01,phase_conditioned,8,0.0074396579716419515,0.0048183692459267645,-0.002621288725715187,-0.00682963305164893,-0.002967274750951088,1,results/extension/DS04/audit/paired_transport_engines.csv
DS04,lstm_autoencoder,0,0.01,phase_conditioned,9,0.006683915936212905,0.0053092517901245535,-0.0013746641460883518,0.0018311880371492213,-0.0005907417234725671,3,results/extension/DS04/audit/paired_transport_engines.csv
DS04,lstm_autoencoder,0,0.01,phase_conditioned,10,0.007533281127642913,0.005261723942772155,-0.002271557184870758,-0.004946631081989696,-0.002599334774014691,1,results/extension/DS04/audit/paired_transport_engines.csv
DS04,lstm_autoencoder,0,0.01,quantile_regression_W,7,0.006695410727205179,0.0016594975284699841,-0.0050359131987351945,-0.007452219368110462,-0.004091680667633551,1,results/extension/DS04/audit/paired_transport_engines.csv
DS04,lstm_autoencoder,0,0.01,quantile_regression_W,8,0.0074396579716419515,0.003813724429050763,-0.0036259335425911886,-0.01070666371091621,-0.0038174258800537635,1,results/extension/DS04/audit/paired_transport_engines.csv
DS04,lstm_autoencoder,0,0.01,quantile_regression_W,9,0.006683915936212905,0.0007086281550322104,-0.005975287781180695,-0.005925539150859292,-0.004294897241967603,1,results/extension/DS04/audit/paired_transport_engines.csv
DS04,lstm_autoencoder,0,0.01,quantile_regression_W,10,0.007533281127642913,0.00445884938863077,-0.003074431739012143,-0.003674329441925912,-0.0024794401727236807,1,results/extension/DS04/audit/paired_transport_engines.csv
DS04,lstm_autoencoder,0,0.02,phase_conditioned,7,0.010555522965917757,0.0075913153788950295,-0.0029642075870227273,-0.008812384368709373,-0.004416735319162596,1,results/extension/DS04/audit/paired_transport_engines.csv
DS04,lstm_autoencoder,0,0.02,phase_conditioned,8,0.010265721398419744,0.006863471327701655,-0.0034022500707180884,-0.009877959564555954,-0.004660149150786387,1,results/extension/DS04/audit/paired_transport_engines.csv
DS04,lstm_autoencoder,0,0.02,phase_conditioned,9,0.008721089872214595,0.00711821040848599,-0.0016028794637286056,0.0015124249403667446,-0.0010250844718076215,3,results/extension/DS04/audit/paired_transport_engines.csv
DS04,lstm_autoencoder,0,0.02,phase_conditioned,10,0.010524667188723571,0.008049014833436435,-0.0024756523552871366,-0.006754051948992302,-0.003852174117344922,1,results/extension/DS04/audit/paired_transport_engines.csv
DS04,lstm_autoencoder,0,0.02,quantile_regression_W,7,0.010555522965917757,0.0032277173701235444,-0.007327805595794212,-0.013652312523547611,-0.0068378256487630126,1,results/extension/DS04/audit/paired_transport_engines.csv
DS04,lstm_autoencoder,0,0.02,quantile_regression_W,8,0.010265721398419744,0.005990366922827145,-0.004275354475592599,-0.015474306781360737,-0.005080468137696151,1,results/extension/DS04/audit/paired_transport_engines.csv
DS04,lstm_autoencoder,0,0.02,quantile_regression_W,9,0.008721089872214595,0.0014806209737036648,-0.0072404688985109305,-0.008873670272779738,-0.006034948593368597,1,results/extension/DS04/audit/paired_transport_engines.csv
DS04,lstm_autoencoder,0,0.02,quantile_regression_W,10,0.010524667188723571,0.008088500467246667,-0.0024361667214769043,-0.002799139533662884,-0.0028535914779856475,1,results/extension/DS04/audit/paired_transport_engines.csv
DS04,lstm_autoencoder,1,0.005,phase_conditioned,7,0.004041864648716294,0.003279406832796256,-0.0007624578159200384,-0.0013207918886262542,-0.000963932283640747,1,results/extension/DS04/audit/paired_transport_engines.csv
DS04,lstm_autoencoder,1,0.005,phase_conditioned,8,0.003929537828769348,0.0027193526610593153,-0.0012101851677100324,-0.003069379378692583,-0.0013780184900510145,1,results/extension/DS04/audit/paired_transport_engines.csv
DS04,lstm_autoencoder,1,0.005,phase_conditioned,9,0.0039650438272256835,0.0034897212203052544,-0.0004753226069204291,0.0013321922150767939,-0.0004821813862126369,3,results/extension/DS04/audit/paired_transport_engines.csv
DS04,lstm_autoencoder,1,0.005,phase_conditioned,10,0.004393108848864526,0.0026440238493228214,-0.0017490849995417048,-0.0031403452651693827,-0.001535308670109764,1,results/extension/DS04/audit/paired_transport_engines.csv
DS04,lstm_autoencoder,1,0.005,quantile_regression_W,7,0.004041864648716294,0.0014175013315665718,-0.0026243633171497225,-0.002601024115747959,-0.0017973567351437442,1,results/extension/DS04/audit/paired_transport_engines.csv
DS04,lstm_autoencoder,1,0.005,quantile_regression_W,8,0.003929537828769348,0.0022653966879532415,-0.0016641411408161062,-0.005226946357624098,-0.0015797035195862959,1,results/extension/DS04/audit/paired_transport_engines.csv
DS04,lstm_autoencoder,1,0.005,quantile_regression_W,9,0.0039650438272256835,0.000808427500264019,-0.0031566163269616644,-0.002105696402465974,-0.002300859814790738,1,results/extension/DS04/audit/paired_transport_engines.csv
DS04,lstm_autoencoder,1,0.005,quantile_regression_W,10,0.004393108848864526,0.0022435395458104933,-0.002149569303054033,-0.0027185952010683567,-0.0013895306634409683,1,results/extension/DS04/audit/paired_transport_engines.csv
DS04,lstm_autoencoder,1,0.01,phase_conditioned,7,0.006558534248450363,0.00537772852539333,-0.0011808057230570327,-0.0027928813247464672,-0.0017631204181340438,1,results/extension/DS04/audit/paired_transport_engines.csv
DS04,lstm_autoencoder,1,0.01,phase_conditioned,8,0.005986130479026118,0.00503731139046507,-0.0009488190885610483,-0.0049671111115072554,-0.00226240190462457,1,results/extension/DS04/audit/paired_transport_engines.csv
DS04,lstm_autoencoder,1,0.01,phase_conditioned,9,0.006324849508923857,0.0053270197757680215,-0.000997829733155835,0.0018666529082813459,-0.0006931809009969184,3,results/extension/DS04/audit/paired_transport_engines.csv
DS04,lstm_autoencoder,1,0.01,phase_conditioned,10,0.006926389976507439,0.005116943285467971,-0.001809446691039468,-0.004469579022975106,-0.002258119579307421,1,results/extension/DS04/audit/paired_transport_engines.csv
DS04,lstm_autoencoder,1,0.01,quantile_regression_W,7,0.006558534248450363,0.002185457993946243,-0.00437307625450412,-0.006340207384090756,-0.0036367643278409295,1,results/extension/DS04/audit/paired_transport_engines.csv
DS04,lstm_autoencoder,1,0.01,quantile_regression_W,8,0.005986130479026118,0.0035296027708626478,-0.0024565277081634706,-0.009198631194718384,-0.0029303818134011526,1,results/extension/DS04/audit/paired_transport_engines.csv
DS04,lstm_autoencoder,1,0.01,quantile_regression_W,9,0.006324849508923857,0.0005185341641144783,-0.005806315344809378,-0.004978042164758891,-0.004213009106760928,1,results/extension/DS04/audit/paired_transport_engines.csv
DS04,lstm_autoencoder,1,0.01,quantile_regression_W,10,0.006926389976507439,0.0042087737078326335,-0.0027176162686748054,-0.0030284925316989304,-0.0019279587638260241,1,results/extension/DS04/audit/paired_transport_engines.csv
DS04,lstm_autoencoder,1,0.02,phase_conditioned,7,0.009871140572143682,0.007474664994677827,-0.002396475577465855,-0.005660408772239767,-0.0032223784729344335,1,results/extension/DS04/audit/paired_transport_engines.csv
DS04,lstm_autoencoder,1,0.02,phase_conditioned,8,0.009428259148984285,0.006772245434144028,-0.002656013714840257,-0.008437421075573196,-0.003999617398583775,1,results/extension/DS04/audit/paired_transport_engines.csv
DS04,lstm_autoencoder,1,0.02,phase_conditioned,9,0.008298658781286303,0.007544642063929213,-0.0007540167173570901,0.0034478970628394265,-0.0005889558793483289,3,results/extension/DS04/audit/paired_transport_engines.csv
DS04,lstm_autoencoder,1,0.02,phase_conditioned,10,0.009819890368050118,0.008246443002487596,-0.0015734473655625216,-0.005747090625423702,-0.003314695499025847,1,results/extension/DS04/audit/paired_transport_engines.csv
DS04,lstm_autoencoder,1,0.02,quantile_regression_W,7,0.009871140572143682,0.0038382893591592283,-0.0060328512129844535,-0.00985132968454216,-0.005454129905673379,1,results/extension/DS04/audit/paired_transport_engines.csv
DS04,lstm_autoencoder,1,0.02,quantile_regression_W,8,0.009428259148984285,0.006355666197640438,-0.0030725929513438464,-0.01240708890022003,-0.003986915042629717,1,results/extension/DS04/audit/paired_transport_engines.csv
DS04,lstm_autoencoder,1,0.02,quantile_regression_W,9,0.008298658781286303,0.0010138500375247335,-0.00728480874376157,-0.0071675719854102475,-0.005932227308725334,1,results/extension/DS04/audit/paired_transport_engines.csv
DS04,lstm_autoencoder,1,0.02,quantile_regression_W,10,0.009819890368050118,0.0081279861010569,-0.0016919042669932185,-0.0021850463522263656,-0.002308000714670292,1,results/extension/DS04/audit/paired_transport_engines.csv
DS04,lstm_autoencoder,2,0.005,phase_conditioned,7,0.004413386519622221,0.003366894620959158,-0.0010464918986630633,-0.0016764782127907957,-0.001110534923629849,1,results/extension/DS04/audit/paired_transport_engines.csv
DS04,lstm_autoencoder,2,0.005,phase_conditioned,8,0.0045248403506873034,0.002591636410078637,-0.0019332039406086666,-0.0039623572531006825,-0.0017011370233404309,1,results/extension/DS04/audit/paired_transport_engines.csv
DS04,lstm_autoencoder,2,0.005,phase_conditioned,9,0.004281867145421903,0.003187665464366305,-0.0010942016810555977,0.00043392316800131524,-0.000730331254241344,3,results/extension/DS04/audit/paired_transport_engines.csv
DS04,lstm_autoencoder,2,0.005,phase_conditioned,10,0.004706342991386061,0.002275491267093989,-0.0024308517242920724,-0.004509297873089369,-0.0019735399675047936,1,results/extension/DS04/audit/paired_transport_engines.csv
DS04,lstm_autoencoder,2,0.005,quantile_regression_W,7,0.004413386519622221,0.0021420655866785264,-0.002271320932943695,-0.002258330039559957,-0.0016573719198733558,1,results/extension/DS04/audit/paired_transport_engines.csv
DS04,lstm_autoencoder,2,0.005,quantile_regression_W,8,0.0045248403506873034,0.003253057690226214,-0.0012717826604610894,-0.0044080898917274935,-0.0014014316039278043,1,results/extension/DS04/audit/paired_transport_engines.csv
DS04,lstm_autoencoder,2,0.005,quantile_regression_W,9,0.004281867145421903,0.0012687230148718041,-0.0030131441305500987,-0.002076422808792795,-0.0020988725991529103,1,results/extension/DS04/audit/paired_transport_engines.csv
DS04,lstm_autoencoder,2,0.005,quantile_regression_W,10,0.004706342991386061,0.001519185591229444,-0.0031871574001566174,-0.004600829893078326,-0.0020932837757233463,1,results/extension/DS04/audit/paired_transport_engines.csv
DS04,lstm_autoencoder,2,0.01,phase_conditioned,7,0.0074384544690170315,0.005946399148452196,-0.001492055320564836,-0.00395537165190737,-0.0021379670746204944,1,results/extension/DS04/audit/paired_transport_engines.csv
DS04,lstm_autoencoder,2,0.01,phase_conditioned,8,0.0067631778330988195,0.005657647466656936,-0.0011055303664418833,-0.00545280795132703,-0.002527966648792621,1,results/extension/DS04/audit/paired_transport_engines.csv
DS04,lstm_autoencoder,2,0.01,phase_conditioned,9,0.006578308163480833,0.005895595316358985,-0.0006827128471218477,0.0020600073059536296,-0.0007098672083068287,3,results/extension/DS04/audit/paired_transport_engines.csv
DS04,lstm_autoencoder,2,0.01,phase_conditioned,10,0.00778778386844166,0.005209076431025179,-0.002578707437416481,-0.005797857328984484,-0.0026778060034375207,1,results/extension/DS04/audit/paired_transport_engines.csv
DS04,lstm_autoencoder,2,0.01,quantile_regression_W,7,0.0074384544690170315,0.0027822574765605634,-0.004656196992456468,-0.006163140624970075,-0.003774704597626418,1,results/extension/DS04/audit/paired_transport_engines.csv
DS04,lstm_autoencoder,2,0.01,quantile_regression_W,8,0.0067631778330988195,0.004639030198073385,-0.002124147635025435,-0.008330307783464079,-0.0030123913344641566,1,results/extension/DS04/audit/paired_transport_engines.csv
DS04,lstm_autoencoder,2,0.01,quantile_regression_W,9,0.006578308163480833,0.0019333345178657105,-0.004644973645615122,-0.0030005743289532056,-0.0034003564675004374,1,results/extension/DS04/audit/paired_transport_engines.csv
DS04,lstm_autoencoder,2,0.01,quantile_regression_W,10,0.00778778386844166,0.004193422083007048,-0.0035943617854346122,-0.0037227738966441777,-0.0024014651990455203,1,results/extension/DS04/audit/paired_transport_engines.csv
DS04,lstm_autoencoder,2,0.02,phase_conditioned,7,0.010555522965917757,0.00880156311514851,-0.001753959850769246,-0.006039768896879814,-0.003230397748466453,1,results/extension/DS04/audit/paired_transport_engines.csv
DS04,lstm_autoencoder,2,0.02,phase_conditioned,8,0.00954132589605397,0.008031162765239287,-0.0015101631308146839,-0.008396730941183771,-0.003848576178635322,1,results/extension/DS04/audit/paired_transport_engines.csv
DS04,lstm_autoencoder,2,0.02,phase_conditioned,9,0.00905903474495723,0.00807768163323324,-0.0009813531117239902,0.002143596999225174,-0.0009121585806819398,3,results/extension/DS04/audit/paired_transport_engines.csv
DS04,lstm_autoencoder,2,0.02,phase_conditioned,10,0.010642129992169147,0.008562328072969451,-0.0020798019191996964,-0.0057598364673574105,-0.0033188907943947294,1,results/extension/DS04/audit/paired_transport_engines.csv
DS04,lstm_autoencoder,2,0.02,quantile_regression_W,7,0.010555522965917757,0.002617145381087857,-0.0079383775848299,-0.011451907918332106,-0.006322367486868765,1,results/extension/DS04/audit/paired_transport_engines.csv
DS04,lstm_autoencoder,2,0.02,quantile_regression_W,8,0.00954132589605397,0.0066397878558285515,-0.002901538040225419,-0.012992014645230972,-0.004432011668157489,1,results/extension/DS04/audit/paired_transport_engines.csv
DS04,lstm_autoencoder,2,0.02,quantile_regression_W,9,0.00905903474495723,0.0021609424139585297,-0.0068980923309987004,-0.006920253847465313,-0.00541939087880596,1,results/extension/DS04/audit/paired_transport_engines.csv
DS04,lstm_autoencoder,2,0.02,quantile_regression_W,10,0.010642129992169147,0.007548863471840162,-0.0030932665203289855,-0.002681680081799148,-0.0026567253602237132,1,results/extension/DS04/audit/paired_transport_engines.csv
DS04,cvae,0,0.005,phase_conditioned,7,0.00498541870197285,0.005,1.4581298027150323e-05,0.0060371463632390154,-0.0015016277609923722,3,results/extension/DS04/audit/paired_transport_engines.csv
DS04,cvae,0,0.005,phase_conditioned,8,0.005,0.005,0.0,0.004409603135717786,-0.0010662890535064343,3,results/extension/DS04/audit/paired_transport_engines.csv
DS04,cvae,0,0.005,phase_conditioned,9,0.00492892805742613,0.004964464028713065,3.553597128693516e-05,0.006393123889757734,-0.0012302735845716901,3,results/extension/DS04/audit/paired_transport_engines.csv
DS04,cvae,0,0.005,phase_conditioned,10,0.004894704976506048,0.005,0.00010529502349395248,0.005008849637841523,-0.0017047894501588095,3,results/extension/DS04/audit/paired_transport_engines.csv
DS04,cvae,0,0.005,quantile_regression_W,7,0.00498541870197285,0.006575839346121507,0.0015904206441486575,0.004866425318057276,-0.0007118033345795312,3,results/extension/DS04/audit/paired_transport_engines.csv
DS04,cvae,0,0.005,quantile_regression_W,8,0.005,0.002870576263520899,-0.0021294237364791013,0.0016326130831799705,-0.0022913388965483533,3,results/extension/DS04/audit/paired_transport_engines.csv
DS04,cvae,0,0.005,quantile_regression_W,9,0.00492892805742613,0.0036482205090294646,-0.0012807075483966652,0.004382219870804321,-0.0023743712169664124,3,results/extension/DS04/audit/paired_transport_engines.csv
DS04,cvae,0,0.005,quantile_regression_W,10,0.004894704976506048,0.0026440238493228214,-0.0022506811271832262,0.004008966630890503,-0.0026221912877670028,3,results/extension/DS04/audit/paired_transport_engines.csv
DS04,cvae,0,0.01,phase_conditioned,7,0.008264825534769106,0.013660077041903756,0.0053952515071346505,0.015728436424990166,0.0035096776033673015,4,results/extension/DS04/audit/paired_transport_engines.csv
DS04,cvae,0,0.01,phase_conditioned,8,0.009288438030250507,0.01,0.0007115619697494937,0.007394497351877141,-0.0011012454646264543,3,results/extension/DS04/audit/paired_transport_engines.csv
DS04,cvae,0,0.01,phase_conditioned,9,0.009022760789609282,0.010846974337311225,0.0018242135477019427,0.016915436665434387,0.0017894676697273381,4,results/extension/DS04/audit/paired_transport_engines.csv
DS04,cvae,0,0.01,phase_conditioned,10,0.0075387288258288694,0.009986838122063257,0.0024481092962343872,0.011079789777535154,0.0005280862773042443,4,results/extension/DS04/audit/paired_transport_engines.csv
DS04,cvae,0,0.01,quantile_regression_W,7,0.008264825534769106,0.011880682818091159,0.0036158572833220534,-0.0004952408368956735,0.00125870864625135,2,results/extension/DS04/audit/paired_transport_engines.csv
DS04,cvae,0,0.01,quantile_regression_W,8,0.009288438030250507,0.006796442166358874,-0.002491995863891632,0.004328186817327767,-0.0030363547682215816,3,results/extension/DS04/audit/paired_transport_engines.csv
DS04,cvae,0,0.01,quantile_regression_W,9,0.009022760789609282,0.004867462245221248,-0.004155298544388034,0.0017566278302161781,-0.004133964331230764,3,results/extension/DS04/audit/paired_transport_engines.csv
DS04,cvae,0,0.01,quantile_regression_W,10,0.0075387288258288694,0.005235400186898667,-0.0023033286389302025,0.003834772560734328,-0.0024833553729943,3,results/extension/DS04/audit/paired_transport_engines.csv
DS04,cvae,0,0.02,phase_conditioned,7,0.017270873117944324,0.0323259224496979,0.015055049331753573,0.01925446316357288,0.00970118313808693,4,results/extension/DS04/audit/paired_transport_engines.csv
DS04,cvae,0,0.02,phase_conditioned,8,0.0160590413983105,0.018485650166943386,0.0024266087686328867,0.009150385367521907,0.0005350360016948656,4,results/extension/DS04/audit/paired_transport_engines.csv
DS04,cvae,0,0.02,phase_conditioned,9,0.014012188838151418,0.021060302038230016,0.007048113200078598,0.025394284670814966,0.008012578696915186,4,results/extension/DS04/audit/paired_transport_engines.csv
DS04,cvae,0,0.02,phase_conditioned,10,0.01265567211129684,0.015511799623570292,0.002856127512273453,0.012917089393283444,0.0024935410133406135,4,results/extension/DS04/audit/paired_transport_engines.csv
DS04,cvae,0,0.02,quantile_regression_W,7,0.017270873117944324,0.02692907843022233,0.009658205312278005,-0.008670486307850018,0.004159366070117666,2,results/extension/DS04/audit/paired_transport_engines.csv
DS04,cvae,0,0.02,quantile_regression_W,8,0.0160590413983105,0.010992349150114952,-0.005066692248195547,-0.0003021891523793327,-0.003926178556047382,1,results/extension/DS04/audit/paired_transport_engines.csv
DS04,cvae,0,0.02,quantile_regression_W,9,0.014012188838151418,0.003369165437714327,-0.010643023400437091,-0.008446381727609972,-0.006074873220838663,1,results/extension/DS04/audit/paired_transport_engines.csv
DS04,cvae,0,0.02,quantile_regression_W,10,0.01265567211129684,0.010970951735393607,-0.0016847203759032328,0.0036876375057833463,-0.001095545976438168,3,results/extension/DS04/audit/paired_transport_engines.csv
DS04,cvae,1,0.005,phase_conditioned,7,0.005,0.039269763985843066,0.03426976398584307,0.043702704288144545,0.01819106326208119,4,results/extension/DS04/audit/paired_transport_engines.csv
DS04,cvae,1,0.005,phase_conditioned,8,0.005,0.005,0.0,0.005709870727019183,-0.0011496162446994669,3,results/extension/DS04/audit/paired_transport_engines.csv
DS04,cvae,1,0.005,phase_conditioned,9,0.004946696043069597,0.005,5.330395693040318e-05,0.008549188081865817,-0.00040690010962564013,3,results/extension/DS04/audit/paired_transport_engines.csv
DS04,cvae,1,0.005,phase_conditioned,10,0.004784651527016445,0.005,0.00021534847298355485,0.0029136820696677654,-0.0014146736898586242,3,results/extension/DS04/audit/paired_transport_engines.csv
DS04,cvae,1,0.005,quantile_regression_W,7,0.005,0.03966083963942825,0.03466083963942825,0.037572351463093255,0.018286598296902476,4,results/extension/DS04/audit/paired_transport_engines.csv
DS04,cvae,1,0.005,quantile_regression_W,8,0.005,0.005363261508146471,0.0003632615081464712,0.006066725119498373,-0.0013068603931681126,3,results/extension/DS04/audit/paired_transport_engines.csv
DS04,cvae,1,0.005,quantile_regression_W,9,0.004946696043069597,0.0012826063998310276,-0.0036640896432385693,0.0007942806628378765,-0.0037091172798228464,3,results/extension/DS04/audit/paired_transport_engines.csv
DS04,cvae,1,0.005,quantile_regression_W,10,0.004784651527016445,0.004152455848212658,-0.0006321956788037869,0.00611829098948385,-0.0010963198370395242,3,results/extension/DS04/audit/paired_transport_engines.csv
DS04,cvae,1,0.01,phase_conditioned,7,0.02107096067734303,0.05012788173872235,0.029056921061379325,0.03242520090565106,0.016558099532802593,4,results/extension/DS04/audit/paired_transport_engines.csv
DS04,cvae,1,0.01,phase_conditioned,8,0.009014760349577624,0.01,0.0009852396504223763,0.007577318189309066,-0.0005199854619000925,3,results/extension/DS04/audit/paired_transport_engines.csv
DS04,cvae,1,0.01,phase_conditioned,9,0.007654625895062277,0.01,0.0023453741049377233,0.011596614996267327,0.001293181079975731,4,results/extension/DS04/audit/paired_transport_engines.csv
DS04,cvae,1,0.01,phase_conditioned,10,0.008302117746160022,0.009960514366189768,0.0016583966200297458,0.004378624302147061,-0.0009502425243934484,3,results/extension/DS04/audit/paired_transport_engines.csv
DS04,cvae,1,0.01,quantile_regression_W,7,0.02107096067734303,0.04138734088109344,0.020316380203750414,0.011616120094529551,0.011266152718953393,4,results/extension/DS04/audit/paired_transport_engines.csv
DS04,cvae,1,0.01,quantile_regression_W,8,0.009014760349577624,0.00815395281796785,-0.0008608075316097735,0.006170723764221101,-0.0016646763453393313,3,results/extension/DS04/audit/paired_transport_engines.csv
DS04,cvae,1,0.01,quantile_regression_W,9,0.007654625895062277,0.0026074559087548846,-0.005047169986307392,-0.002656554975902988,-0.004129515775137839,1,results/extension/DS04/audit/paired_transport_engines.csv
DS04,cvae,1,0.01,quantile_regression_W,10,0.008302117746160022,0.005511799623570291,-0.002790318122589731,0.00600965270623625,-0.0017591823776816262,3,results/extension/DS04/audit/paired_transport_engines.csv
DS04,cvae,1,0.02,phase_conditioned,7,0.04161396922234606,0.056435736493224614,0.014821767270878555,0.021879115516019343,0.008906081494337529,4,results/extension/DS04/audit/paired_transport_engines.csv
DS04,cvae,1,0.02,phase_conditioned,8,0.014033826561331168,0.016515170866098633,0.0024813443047674646,0.0061798047380573345,0.0009024361820940009,4,results/extension/DS04/audit/paired_transport_engines.csv
DS04,cvae,1,0.02,phase_conditioned,9,0.011151543149553135,0.014189868694586095,0.0030383255450329594,0.01264863286365161,0.0027799133145650357,4,results/extension/DS04/audit/paired_transport_engines.csv
DS04,cvae,1,0.02,phase_conditioned,10,0.01505113389578425,0.01668320675994051,0.0016320728641562587,0.0019948343737896425,-0.0006425718505669604,3,results/extension/DS04/audit/paired_transport_engines.csv
DS04,cvae,1,0.02,quantile_regression_W,7,0.04161396922234606,0.04677616784967051,0.005162198627324449,-0.0017517383455574326,0.003977207557404442,2,results/extension/DS04/audit/paired_transport_engines.csv
DS04,cvae,1,0.02,quantile_regression_W,8,0.014033826561331168,0.012494663285226876,-0.0015391632761042918,-0.001051044681279728,-0.0019479382396319096,1,results/extension/DS04/audit/paired_transport_engines.csv
DS04,cvae,1,0.02,quantile_regression_W,9,0.011151543149553135,0.004310868676818111,-0.0068406744727350245,-0.005076192938749209,-0.004111090237031012,1,results/extension/DS04/audit/paired_transport_engines.csv
DS04,cvae,1,0.02,quantile_regression_W,10,0.01505113389578425,0.010536609763481053,-0.004514524132303197,0.00303351714490804,-0.0024773806941957993,3,results/extension/DS04/audit/paired_transport_engines.csv
DS04,cvae,2,0.005,phase_conditioned,7,0.004897930913809948,0.007279775522574842,0.0023818446087648945,0.012070063167555184,0.0004352365372425346,4,results/extension/DS04/audit/paired_transport_engines.csv
DS04,cvae,2,0.005,phase_conditioned,8,0.004908774106442373,0.005,9.122589355762753e-05,0.007025986380498418,-0.0009747819710284144,3,results/extension/DS04/audit/paired_transport_engines.csv
DS04,cvae,2,0.005,phase_conditioned,9,0.004804552157921856,0.004964464028713065,0.00015991187079120867,0.008498325586227878,-0.00015445351644117165,3,results/extension/DS04/audit/paired_transport_engines.csv
DS04,cvae,2,0.005,phase_conditioned,10,0.0049021143304620205,0.004986838122063256,8.472379160123517e-05,0.005495242010064488,-0.0014550699469859764,3,results/extension/DS04/audit/paired_transport_engines.csv
DS04,cvae,2,0.005,quantile_regression_W,7,0.004897930913809948,0.006360747736649655,0.0014628168228397074,0.005110269958191826,-0.0009285683512362027,3,results/extension/DS04/audit/paired_transport_engines.csv
DS04,cvae,2,0.005,quantile_regression_W,8,0.004908774106442373,0.003511287830249124,-0.0013974862761932487,0.0043293695274009185,-0.0023796365936867717,3,results/extension/DS04/audit/paired_transport_engines.csv
DS04,cvae,2,0.005,quantile_regression_W,9,0.004804552157921856,0.002211954799873271,-0.0025925973580485854,0.0030214270439834867,-0.002255906354768387,3,results/extension/DS04/audit/paired_transport_engines.csv
DS04,cvae,2,0.005,quantile_regression_W,10,0.0049021143304620205,0.003565355304894903,-0.0013367590255671177,0.003926206953551184,-0.0020209843545504745,3,results/extension/DS04/audit/paired_transport_engines.csv
DS04,cvae,2,0.01,phase_conditioned,7,0.006675856944525918,0.01772726383918969,0.011051406894663772,0.023862671639526423,0.006655683108689245,4,results/extension/DS04/audit/paired_transport_engines.csv
DS04,cvae,2,0.01,phase_conditioned,8,0.008157236950135927,0.01,0.0018427630498640737,0.008675464857598495,0.0001865107474870115,4,results/extension/DS04/audit/paired_transport_engines.csv
DS04,cvae,2,0.01,phase_conditioned,9,0.007743465823279615,0.009893392086139194,0.0021499262628595786,0.012279621547123913,0.0014701384589973646,4,results/extension/DS04/audit/paired_transport_engines.csv
DS04,cvae,2,0.01,phase_conditioned,10,0.008249470234413046,0.00986838122063256,0.0016189109862195135,0.0082757292565347,-0.0006825329551561456,3,results/extension/DS04/audit/paired_transport_engines.csv
DS04,cvae,2,0.01,quantile_regression_W,7,0.006675856944525918,0.011528714729864492,0.004852857785338574,0.006847479555477707,0.0016784241776375197,4,results/extension/DS04/audit/paired_transport_engines.csv
DS04,cvae,2,0.01,quantile_regression_W,8,0.008157236950135927,0.005948441563336223,-0.0022087953867997038,0.0048445233151338946,-0.0021783157565643846,3,results/extension/DS04/audit/paired_transport_engines.csv
DS04,cvae,2,0.01,quantile_regression_W,9,0.007743465823279615,0.005733445981624247,-0.002010019841655368,0.0036982879066332778,-0.001989436553723346,3,results/extension/DS04/audit/paired_transport_engines.csv
DS04,cvae,2,0.01,quantile_regression_W,10,0.008249470234413046,0.007091224975979573,-0.001158245258433473,0.004287040558298627,-0.001660778634315004,3,results/extension/DS04/audit/paired_transport_engines.csv
DS04,cvae,2,0.02,phase_conditioned,7,0.005903841407173573,0.03394888641207641,0.02804504500490284,0.03409628368617025,0.015405794206958479,4,results/extension/DS04/audit/paired_transport_engines.csv
DS04,cvae,2,0.02,phase_conditioned,8,0.014015581382619643,0.016077286577022024,0.00206170519440238,0.0014616604531436407,-1.4505369637986612e-05,3,results/extension/DS04/audit/paired_transport_engines.csv
DS04,cvae,2,0.02,phase_conditioned,9,0.011133775163909667,0.01511380394804641,0.003980028784136743,0.013068863409750055,0.003235902701328579,4,results/extension/DS04/audit/paired_transport_engines.csv
DS04,cvae,2,0.02,phase_conditioned,10,0.015761875304368428,0.016999091830422364,0.0012372165260539358,0.007280906650632114,-7.632976486174163e-05,3,results/extension/DS04/audit/paired_transport_engines.csv
DS04,cvae,2,0.02,quantile_regression_W,7,0.005903841407173573,0.024680393422107507,0.018776552014933934,0.011704645202656568,0.009750321023954893,4,results/extension/DS04/audit/paired_transport_engines.csv
DS04,cvae,2,0.02,quantile_regression_W,8,0.014015581382619643,0.008127991557682885,-0.005887589824936758,-0.0009291638215549649,-0.003272245180850208,1,results/extension/DS04/audit/paired_transport_engines.csv
DS04,cvae,2,0.02,quantile_regression_W,9,0.011133775163909667,0.007791741472172353,-0.0033420336917373145,-0.0005561066034291094,-0.0021927417760908953,1,results/extension/DS04/audit/paired_transport_engines.csv
DS04,cvae,2,0.02,quantile_regression_W,10,0.015761875304368428,0.014077154928465195,-0.0016847203759032328,0.003395925765601271,-0.0010612317712667164,3,results/extension/DS04/audit/paired_transport_engines.csv
DS05,pca,-1,0.005,phase_conditioned,7,0.006367585565184246,0.013883806038426347,0.007516220473242101,0.006977752773624843,0.0044567096290071126,4,results/extension/DS05/audit/paired_transport_engines.csv
DS05,pca,-1,0.005,phase_conditioned,8,0.0038934744901010826,0.0022944449774537083,-0.0015990295126473743,-0.002851176533309106,-0.00172745191816034,1,results/extension/DS05/audit/paired_transport_engines.csv
DS05,pca,-1,0.005,phase_conditioned,9,0.013658674416727214,0.01076740632828184,-0.002891268088445375,-0.007923499321549971,-0.002854669616320498,1,results/extension/DS05/audit/paired_transport_engines.csv
DS05,pca,-1,0.005,phase_conditioned,10,0.0035890554971504457,0.0024143750345819734,-0.0011746804625684722,-0.0010169624228128981,-0.0007316922573693517,1,results/extension/DS05/audit/paired_transport_engines.csv
DS05,pca,-1,0.005,quantile_regression_W,7,0.006367585565184246,0.13681152790484905,0.1304439423396648,0.11947390541914829,0.0753367105872477,4,results/extension/DS05/audit/paired_transport_engines.csv
DS05,pca,-1,0.005,quantile_regression_W,8,0.0038934744901010826,0.0030561038339613615,-0.0008373706561397212,-0.000905535868980515,-0.0008503939520425286,1,results/extension/DS05/audit/paired_transport_engines.csv
DS05,pca,-1,0.005,quantile_regression_W,9,0.013658674416727214,0.09643480973175296,0.08277613531502574,0.060085264364401925,0.05636525092557703,4,results/extension/DS05/audit/paired_transport_engines.csv
DS05,pca,-1,0.005,quantile_regression_W,10,0.0035890554971504457,0.04806257953853815,0.044473524041387706,0.03144379189637406,0.031731904811012776,4,results/extension/DS05/audit/paired_transport_engines.csv
DS05,pca,-1,0.01,phase_conditioned,7,0.02266779520408964,0.06571820677035682,0.04305041156626718,0.03987467144142007,0.024988900954443064,4,results/extension/DS05/audit/paired_transport_engines.csv
DS05,pca,-1,0.01,phase_conditioned,8,0.010690732927019846,0.014134218553741253,0.003443485626721407,0.0018745314941320639,0.0006156818669298125,4,results/extension/DS05/audit/paired_transport_engines.csv
DS05,pca,-1,0.01,phase_conditioned,9,0.049467586986356664,0.053284120052679,0.0038165330663223335,-0.02396679498994471,0.0070196697414825066,2,results/extension/DS05/audit/paired_transport_engines.csv
DS05,pca,-1,0.01,phase_conditioned,10,0.014901577180397555,0.03758479499806341,0.02268321781766585,0.017264995490924324,0.012893060703298832,4,results/extension/DS05/audit/paired_transport_engines.csv
DS05,pca,-1,0.01,quantile_regression_W,7,0.02266779520408964,0.2417291857273559,0.2190613905232663,0.19235452406575473,0.12898551080118398,4,results/extension/DS05/audit/paired_transport_engines.csv
DS05,pca,-1,0.01,quantile_regression_W,8,0.010690732927019846,0.006022489383336324,-0.004668243543683522,-0.007451819186394711,-0.003944276347987225,1,results/extension/DS05/audit/paired_transport_engines.csv
DS05,pca,-1,0.01,quantile_regression_W,9,0.049467586986356664,0.21819713038053648,0.1687295433941798,0.12294347052480226,0.1119563857349809,4,results/extension/DS05/audit/paired_transport_engines.csv
DS05,pca,-1,0.01,quantile_regression_W,10,0.014901577180397555,0.09593150002766558,0.08102992284726802,0.046990586108527355,0.058703135868174175,4,results/extension/DS05/audit/paired_transport_engines.csv
DS05,pca,-1,0.02,phase_conditioned,7,0.06015605206219661,0.16150045745654165,0.10134440539434504,0.10203855739596965,0.057085962163104395,4,results/extension/DS05/audit/paired_transport_engines.csv
DS05,pca,-1,0.02,phase_conditioned,8,0.01730270354742929,0.01660506011125067,-0.0006976434361786188,-0.004899888471197326,-0.0010467137297330426,1,results/extension/DS05/audit/paired_transport_engines.csv
DS05,pca,-1,0.02,phase_conditioned,9,0.11098409622991846,0.1543675053718722,0.043383409141953724,-0.0027228126039811756,0.033538467436894176,2,results/extension/DS05/audit/paired_transport_engines.csv
DS05,pca,-1,0.02,phase_conditioned,10,0.031312706808685364,0.10958556963426104,0.07827286282557568,0.06882358875216038,0.045298453610069636,4,results/extension/DS05/audit/paired_transport_engines.csv
DS05,pca,-1,0.02,quantile_regression_W,7,0.06015605206219661,0.3583897529734675,0.2982337009112709,0.26517262595355645,0.18310639459251643,4,results/extension/DS05/audit/paired_transport_engines.csv
DS05,pca,-1,0.02,quantile_regression_W,8,0.01730270354742929,0.011835636102637718,-0.005467067444791571,-0.012072914081129038,-0.004471757109996193,1,results/extension/DS05/audit/paired_transport_engines.csv
DS05,pca,-1,0.02,quantile_regression_W,9,0.11098409622991846,0.3439287447147709,0.23294464848485247,0.16682752821627284,0.1569012805230507,4,results/extension/DS05/audit/paired_transport_engines.csv
DS05,pca,-1,0.02,quantile_regression_W,10,0.031312706808685364,0.12928346151718034,0.09797075470849498,0.02888700403333097,0.0892076592914118,4,results/extension/DS05/audit/paired_transport_engines.csv
DS05,isolation_forest,0,0.005,phase_conditioned,7,0.004742043250636203,0.00267612076852699,-0.002065922482109213,-0.003374165521696208,-0.0012600127251969915,1,results/extension/DS05/audit/paired_transport_engines.csv
DS05,isolation_forest,0,0.005,phase_conditioned,8,0.00776990250613075,0.012076380166277885,0.004306477660147135,0.0038742753664740854,0.0024550997283562855,4,results/extension/DS05/audit/paired_transport_engines.csv
DS05,isolation_forest,0,0.005,phase_conditioned,9,0.004431621265682402,0.0039602828030775635,-0.0004713384626048381,-0.0032666076964790597,-0.0009717632434511781,1,results/extension/DS05/audit/paired_transport_engines.csv
DS05,isolation_forest,0,0.005,phase_conditioned,10,0.0015418026890942293,0.002729633118373065,0.0011878304292788355,0.002323820390229349,0.0002532121323472836,4,results/extension/DS05/audit/paired_transport_engines.csv
DS05,isolation_forest,0,0.005,quantile_regression_W,7,0.004742043250636203,0.008374289525902176,0.0036322462752659728,-0.000356774767734944,0.0012221641713165213,2,results/extension/DS05/audit/paired_transport_engines.csv
DS05,isolation_forest,0,0.005,quantile_regression_W,8,0.00776990250613075,0.004043004964411747,-0.003726897541719003,-0.0039984124606482945,-0.0020303932896140234,1,results/extension/DS05/audit/paired_transport_engines.csv
DS05,isolation_forest,0,0.005,quantile_regression_W,9,0.004431621265682402,0.0170281416787967,0.012596520413114298,0.00547171214638305,0.007206711505492842,4,results/extension/DS05/audit/paired_transport_engines.csv
DS05,isolation_forest,0,0.005,quantile_regression_W,10,0.0015418026890942293,0.012342197122973964,0.010800394433879734,0.009267413731998228,0.00659369049403268,4,results/extension/DS05/audit/paired_transport_engines.csv
DS05,isolation_forest,0,0.01,phase_conditioned,7,0.00756633119853614,0.0071829192596011525,-0.0003834119389349872,-0.0026255392693460815,-0.0015054161570002512,1,results/extension/DS05/audit/paired_transport_engines.csv
DS05,isolation_forest,0,0.01,phase_conditioned,8,0.0071960045457264196,0.013117411328428733,0.005921406782702313,0.006228420118594093,0.003057892993390647,4,results/extension/DS05/audit/paired_transport_engines.csv
DS05,isolation_forest,0,0.01,phase_conditioned,9,0.008960282803077563,0.004243786309449785,-0.004716496493627778,-0.007320032458752505,-0.0027318458215098394,1,results/extension/DS05/audit/paired_transport_engines.csv
DS05,isolation_forest,0,0.01,phase_conditioned,10,0.004992530293808444,0.0050245151317537375,3.198483794529354e-05,0.006397826897175012,1.2869177811909716e-05,4,results/extension/DS05/audit/paired_transport_engines.csv
DS05,isolation_forest,0,0.01,quantile_regression_W,7,0.00756633119853614,0.029614203179958935,0.022047871981422794,0.004055024367606809,0.014372737666122794,4,results/extension/DS05/audit/paired_transport_engines.csv
DS05,isolation_forest,0,0.01,quantile_regression_W,8,0.0071960045457264196,0.004826245588851008,-0.002369758956875412,-0.008055262170921272,-0.0025877264297973555,1,results/extension/DS05/audit/paired_transport_engines.csv
DS05,isolation_forest,0,0.01,quantile_regression_W,9,0.008960282803077563,0.030701462535523666,0.021741179732446103,0.012024353183074137,0.012115431305988862,4,results/extension/DS05/audit/paired_transport_engines.csv
DS05,isolation_forest,0,0.01,quantile_regression_W,10,0.004992530293808444,0.039023405079400206,0.03403087478559176,0.03172572781556544,0.021765992700895225,4,results/extension/DS05/audit/paired_transport_engines.csv
DS05,isolation_forest,0,0.02,phase_conditioned,7,0.01577310155535224,0.015543601088634592,-0.00022950046671764944,-0.009242852334970245,-0.005229005367935894,1,results/extension/DS05/audit/paired_transport_engines.csv
DS05,isolation_forest,0,0.02,phase_conditioned,8,0.013380024944833542,0.013629473280245611,0.000249448335412069,0.005350654177759082,0.001724738289421126,4,results/extension/DS05/audit/paired_transport_engines.csv
DS05,isolation_forest,0,0.02,phase_conditioned,9,0.017019477368822346,0.0106283866612184,-0.006391090707603946,-0.01654286272665618,-0.007616512342851623,1,results/extension/DS05/audit/paired_transport_engines.csv
DS05,isolation_forest,0,0.02,phase_conditioned,10,0.009072096497537764,0.007171220846210285,-0.0019008756513274796,-0.0019693015681409836,-0.001218377199293001,1,results/extension/DS05/audit/paired_transport_engines.csv
DS05,isolation_forest,0,0.02,quantile_regression_W,7,0.01577310155535224,0.04655077767612076,0.030777676120768517,-0.009591378037817146,0.023848319599415947,2,results/extension/DS05/audit/paired_transport_engines.csv
DS05,isolation_forest,0,0.02,quantile_regression_W,8,0.013380024944833542,0.00455339153794493,-0.008826633406888612,-0.014390002683338057,-0.005952265860302044,1,results/extension/DS05/audit/paired_transport_engines.csv
DS05,isolation_forest,0,0.02,quantile_regression_W,9,0.017019477368822346,0.046001247660636305,0.02898177029181396,0.0060276052119151505,0.014692828915218345,4,results/extension/DS05/audit/paired_transport_engines.csv
DS05,isolation_forest,0,0.02,quantile_regression_W,10,0.009072096497537764,0.08205831903945111,0.07298622254191335,0.049597096150106004,0.04668948831656074,4,results/extension/DS05/audit/paired_transport_engines.csv
DS05,isolation_forest,1,0.005,phase_conditioned,7,0.004372092241118374,0.0028036319651127627,-0.001568460276005611,-0.002728000425741766,-0.0010212992402625293,1,results/extension/DS05/audit/paired_transport_engines.csv
DS05,isolation_forest,1,0.005,phase_conditioned,8,0.004719480830193193,0.011956755786829355,0.007237274956636162,0.007083768288690274,0.004000422980368608,4,results/extension/DS05/audit/paired_transport_engines.csv
DS05,isolation_forest,1,0.005,phase_conditioned,9,0.004556387329313094,0.0037939280515699733,-0.0007624592777431202,-0.0033155391195127185,-0.001025168218487289,1,results/extension/DS05/audit/paired_transport_engines.csv
DS05,isolation_forest,1,0.005,phase_conditioned,10,0.0018184584739666908,0.002814168055454919,0.0009957095814882282,0.0025649124458110182,0.0001596023924067861,4,results/extension/DS05/audit/paired_transport_engines.csv
DS05,isolation_forest,1,0.005,quantile_regression_W,7,0.004372092241118374,0.009685934014192665,0.005313841773074291,0.0011753726462834097,0.0020169182017255468,4,results/extension/DS05/audit/paired_transport_engines.csv
DS05,isolation_forest,1,0.005,quantile_regression_W,8,0.004719480830193193,0.0037439440157904184,-0.0009755368144027743,-0.0015156884022373713,-0.0006779928376406822,1,results/extension/DS05/audit/paired_transport_engines.csv
DS05,isolation_forest,1,0.005,quantile_regression_W,9,0.004556387329313094,0.013562417689055244,0.009006030359742151,0.0006198190091326397,0.005777967600280238,4,results/extension/DS05/audit/paired_transport_engines.csv
DS05,isolation_forest,1,0.005,quantile_regression_W,10,0.0018184584739666908,0.012720168085910574,0.010901709611943883,0.007665953748842177,0.007744449041580471,4,results/extension/DS05/audit/paired_transport_engines.csv
DS05,isolation_forest,1,0.01,phase_conditioned,7,0.008005489478499543,0.007501233467555825,-0.000504256010943718,-0.001535634582932821,-0.001349667845141747,1,results/extension/DS05/audit/paired_transport_engines.csv
DS05,isolation_forest,1,0.01,phase_conditioned,8,0.0065460999712175,0.013566002751360726,0.007019902780143226,0.008733790519279581,0.003996464137110158,4,results/extension/DS05/audit/paired_transport_engines.csv
DS05,isolation_forest,1,0.01,phase_conditioned,9,0.009112774658626187,0.004892248654218559,-0.004220526004407628,-0.005754392154403593,-0.002555869796789787,1,results/extension/DS05/audit/paired_transport_engines.csv
DS05,isolation_forest,1,0.01,phase_conditioned,10,0.005601173020527859,0.005442114858705561,-0.00015905816182229787,0.006905678031608382,-0.00035594917503669037,3,results/extension/DS05/audit/paired_transport_engines.csv
DS05,isolation_forest,1,0.01,quantile_regression_W,7,0.008005489478499543,0.036505705782177586,0.028500216303678043,0.011508937430250001,0.01737408903593206,4,results/extension/DS05/audit/paired_transport_engines.csv
DS05,isolation_forest,1,0.01,quantile_regression_W,8,0.0065460999712175,0.006261738142233388,-0.0002843618289841126,-0.00508107564410277,-0.0012716221883689069,1,results/extension/DS05/audit/paired_transport_engines.csv
DS05,isolation_forest,1,0.01,quantile_regression_W,9,0.009112774658626187,0.026750537187218405,0.01763776252859222,0.006420483620850901,0.010531316066236548,4,results/extension/DS05/audit/paired_transport_engines.csv
DS05,isolation_forest,1,0.01,quantile_regression_W,10,0.005601173020527859,0.04284125491064018,0.03724008189011232,0.03264041519929281,0.023520223964270316,4,results/extension/DS05/audit/paired_transport_engines.csv
DS05,isolation_forest,1,0.02,phase_conditioned,7,0.015809698078682526,0.01579825245499833,-1.1445623684196854e-05,-0.009260220861629958,-0.005511337978520362,1,results/extension/DS05/audit/paired_transport_engines.csv
DS05,isolation_forest,1,0.02,phase_conditioned,8,0.013053823275448528,0.013994051616617098,0.0009402283411685704,0.007491438133139079,0.0027264940623760586,4,results/extension/DS05/audit/paired_transport_engines.csv
DS05,isolation_forest,1,0.02,phase_conditioned,9,0.01681153392943786,0.009491356796418356,-0.007320177133019504,-0.01576653218266833,-0.006725982082716303,1,results/extension/DS05/audit/paired_transport_engines.csv
DS05,isolation_forest,1,0.02,phase_conditioned,10,0.00994952056614255,0.007771527669697846,-0.0021779928964447033,-0.008951633133262055,-0.003693553347508983,1,results/extension/DS05/audit/paired_transport_engines.csv
DS05,isolation_forest,1,0.02,quantile_regression_W,7,0.015809698078682526,0.04504750839553723,0.0292378103168547,-0.008194057038892422,0.021173644735527988,2,results/extension/DS05/audit/paired_transport_engines.csv
DS05,isolation_forest,1,0.02,quantile_regression_W,8,0.013053823275448528,0.004975534874796125,-0.008078288400652403,-0.014117544545639845,-0.005609230736158222,1,results/extension/DS05/audit/paired_transport_engines.csv
DS05,isolation_forest,1,0.02,quantile_regression_W,9,0.01681153392943786,0.04534969155056491,0.02853815762112705,0.008511357908621918,0.0156059604410791,4,results/extension/DS05/audit/paired_transport_engines.csv
DS05,isolation_forest,1,0.02,quantile_regression_W,10,0.00994952056614255,0.0777978199524152,0.06784829938627265,0.03993997571103467,0.041968193103674535,4,results/extension/DS05/audit/paired_transport_engines.csv
DS05,isolation_forest,2,0.005,phase_conditioned,7,0.005011098530285535,0.0028042086001829826,-0.0022068899301025528,-0.003843206045973274,-0.0015238893487059934,1,results/extension/DS05/audit/paired_transport_engines.csv
DS05,isolation_forest,2,0.005,phase_conditioned,8,0.0069325318499910285,0.012554877684072013,0.005622345834080985,0.005302505791435446,0.0030192344576430337,4,results/extension/DS05/audit/paired_transport_engines.csv
DS05,isolation_forest,2,0.005,phase_conditioned,9,0.004556387329313094,0.003988008594995495,-0.0005683787343175985,-0.0038353538723697907,-0.0011220127221558858,1,results/extension/DS05/audit/paired_transport_engines.csv
DS05,isolation_forest,2,0.005,phase_conditioned,10,0.0015694682675814753,0.0027900152162886748,0.0012205469487071995,0.0019738868205932737,0.000586801772217569,4,results/extension/DS05/audit/paired_transport_engines.csv
DS05,isolation_forest,2,0.005,quantile_regression_W,7,0.005011098530285535,0.008037970426340513,0.003026871896054978,8.085176796714458e-05,0.0008443298582498904,4,results/extension/DS05/audit/paired_transport_engines.csv
DS05,isolation_forest,2,0.005,quantile_regression_W,8,0.0069325318499910285,0.004431784197619475,-0.0025007476523715537,-0.0023309309009564147,-0.0014198986782476518,1,results/extension/DS05/audit/paired_transport_engines.csv
DS05,isolation_forest,2,0.005,quantile_regression_W,9,0.004556387329313094,0.013423788729465584,0.008867401400152491,0.0006830145429635032,0.007285748016415823,4,results/extension/DS05/audit/paired_transport_engines.csv
DS05,isolation_forest,2,0.005,quantile_regression_W,10,0.0015694682675814753,0.01265346732774529,0.011083999060163816,0.011676098020855508,0.006575586156018463,4,results/extension/DS05/audit/paired_transport_engines.csv
DS05,isolation_forest,2,0.01,phase_conditioned,7,0.007804208600182983,0.006657700816475943,-0.00114650778370704,-0.005182336978447008,-0.0022264486664521944,1,results/extension/DS05/audit/paired_transport_engines.csv
DS05,isolation_forest,2,0.01,phase_conditioned,8,0.007584783778934146,0.012878162569531669,0.005293378790597523,0.005293378790597525,0.002384746986436142,4,results/extension/DS05/audit/paired_transport_engines.csv
DS05,isolation_forest,2,0.01,phase_conditioned,9,0.008988008594995494,0.0035331426439497576,-0.005454865951045737,-0.01009682929971773,-0.004076514674075664,1,results/extension/DS05/audit/paired_transport_engines.csv
DS05,isolation_forest,2,0.01,phase_conditioned,10,0.005269186078680905,0.0037081853971934406,-0.0015610006814874644,0.0023700192268119582,-0.0003846345382000388,3,results/extension/DS05/audit/paired_transport_engines.csv
DS05,isolation_forest,2,0.01,quantile_regression_W,7,0.007804208600182983,0.028579682004106252,0.02077547340392327,-0.0005693545688573044,0.01357003851796583,2,results/extension/DS05/audit/paired_transport_engines.csv
DS05,isolation_forest,2,0.01,quantile_regression_W,8,0.007584783778934146,0.00608230157306059,-0.0015024822058735555,-0.0061901920782711384,-0.002193232461704747,1,results/extension/DS05/audit/paired_transport_engines.csv
DS05,isolation_forest,2,0.01,quantile_regression_W,9,0.008988008594995494,0.029675608234560197,0.0206875996395647,0.003390433255452331,0.012817168731303612,4,results/extension/DS05/audit/paired_transport_engines.csv
DS05,isolation_forest,2,0.01,quantile_regression_W,10,0.005269186078680905,0.018550876998838048,0.013281690920157144,0.0006149759478121406,0.013159004993719832,4,results/extension/DS05/audit/paired_transport_engines.csv
DS05,isolation_forest,2,0.02,phase_conditioned,7,0.016102470265324794,0.014970635514316183,-0.0011318347510086112,-0.011456831107551697,-0.006233722791746426,1,results/extension/DS05/audit/paired_transport_engines.csv
DS05,isolation_forest,2,0.02,phase_conditioned,8,0.01265086827209057,0.012977069941475582,0.0003262016693850126,0.006498631771915106,0.0022887411769745743,4,results/extension/DS05/audit/paired_transport_engines.csv
DS05,isolation_forest,2,0.02,phase_conditioned,9,0.0189319447808186,0.009660134666974613,-0.009271810113843986,-0.018289041753955015,-0.008294872453958723,1,results/extension/DS05/audit/paired_transport_engines.csv
DS05,isolation_forest,2,0.02,phase_conditioned,10,0.01079486993696109,0.0073490895346510435,-0.003445780402310047,-0.008836141714765091,-0.0037814473862753896,1,results/extension/DS05/audit/paired_transport_engines.csv
DS05,isolation_forest,2,0.02,quantile_regression_W,7,0.016102470265324794,0.057456541628545285,0.04135407136322049,0.0009738065679827795,0.03037515984790727,4,results/extension/DS05/audit/paired_transport_engines.csv
DS05,isolation_forest,2,0.02,quantile_regression_W,8,0.01265086827209057,0.0042463782020531506,-0.00840449007003742,-0.014373934481533283,-0.005788983860847837,1,results/extension/DS05/audit/paired_transport_engines.csv
DS05,isolation_forest,2,0.02,quantile_regression_W,9,0.0189319447808186,0.05176821237956608,0.032836267598747484,0.005111328211850737,0.01822440139795871,4,results/extension/DS05/audit/paired_transport_engines.csv
DS05,isolation_forest,2,0.02,quantile_regression_W,10,0.01079486993696109,0.06208377137165938,0.05128890143469829,0.013131875802169304,0.03422598058107655,4,results/extension/DS05/audit/paired_transport_engines.csv
DS05,lstm_autoencoder,0,0.005,phase_conditioned,7,0.0059640026457102495,0.004383302877770429,-0.0015806997679398208,-0.002440718066201485,-0.0007863534529842869,1,results/extension/DS05/audit/paired_transport_engines.csv
DS05,lstm_autoencoder,0,0.005,phase_conditioned,8,0.004078959992324667,0.002735776647798139,-0.001343183344526528,0.00011170540746451279,-0.00018651609832915934,3,results/extension/DS05/audit/paired_transport_engines.csv
DS05,lstm_autoencoder,0,0.005,phase_conditioned,9,0.003946419907118597,0.004993426546094124,0.0010470066389755275,0.0006242761094489941,-9.640048446932009e-05,3,results/extension/DS05/audit/paired_transport_engines.csv
DS05,lstm_autoencoder,0,0.005,phase_conditioned,10,0.003199079529537319,0.0027417095379561867,-0.0004573699915811323,0.0007253874460817532,-0.0004322326444533616,3,results/extension/DS05/audit/paired_transport_engines.csv
DS05,lstm_autoencoder,0,0.005,quantile_regression_W,7,0.0059640026457102495,0.017140896614821592,0.011176893969111344,0.0017864429514547753,0.00790619224419159,4,results/extension/DS05/audit/paired_transport_engines.csv
DS05,lstm_autoencoder,0,0.005,quantile_regression_W,8,0.004078959992324667,0.0034149769723069564,-0.0006639830200177105,0.0014179076836365306,-6.6061292329409015e-06,3,results/extension/DS05/audit/paired_transport_engines.csv
DS05,lstm_autoencoder,0,0.005,quantile_regression_W,9,0.003946419907118597,0.02761939419144659,0.02367297428432799,0.018899421365945822,0.012264358921810787,4,results/extension/DS05/audit/paired_transport_engines.csv
DS05,lstm_autoencoder,0,0.005,quantile_regression_W,10,0.003199079529537319,0.00849578673544256,0.00529670720590524,0.0105313652688102,0.0032892706698734167,4,results/extension/DS05/audit/paired_transport_engines.csv
DS05,lstm_autoencoder,0,0.01,phase_conditioned,7,0.009741931144269684,0.007125304387961355,-0.002616626756308329,-0.005855419071038429,-0.0014868081121615136,1,results/extension/DS05/audit/paired_transport_engines.csv
DS05,lstm_autoencoder,0,0.01,phase_conditioned,8,0.0042243116185359305,0.011980979723667682,0.007756668105131752,0.007321038959213651,0.004046861260956982,4,results/extension/DS05/audit/paired_transport_engines.csv
DS05,lstm_autoencoder,0,0.01,phase_conditioned,9,0.008729312989424398,0.008334606569900689,-0.00039470641952370905,-0.004151551224403449,-0.0014714432070015333,1,results/extension/DS05/audit/paired_transport_engines.csv
DS05,lstm_autoencoder,0,0.01,phase_conditioned,10,0.0016624052293394403,0.0036391301942123606,0.0019767249648729203,0.003415268065614413,0.0011310012737177097,4,results/extension/DS05/audit/paired_transport_engines.csv
DS05,lstm_autoencoder,0,0.01,quantile_regression_W,7,0.009741931144269684,0.028956999085086914,0.019215067940817232,0.010773534739808056,0.012055608705441898,4,results/extension/DS05/audit/paired_transport_engines.csv
DS05,lstm_autoencoder,0,0.01,quantile_regression_W,8,0.0042243116185359305,0.0050355882528859384,0.000811276634350008,0.001290930996059269,0.0005375562840884596,4,results/extension/DS05/audit/paired_transport_engines.csv
DS05,lstm_autoencoder,0,0.01,quantile_regression_W,9,0.008729312989424398,0.03961530463713869,0.030885991647714293,0.0180257391237666,0.0164491150112252,4,results/extension/DS05/audit/paired_transport_engines.csv
DS05,lstm_autoencoder,0,0.01,quantile_regression_W,10,0.0016624052293394403,0.017191675745380976,0.015529270516041535,0.020583987307805085,0.009067251025179423,4,results/extension/DS05/audit/paired_transport_engines.csv
DS05,lstm_autoencoder,0,0.02,phase_conditioned,7,0.016793309492046053,0.008217172453223617,-0.008576137038822436,-0.02004914710286635,-0.005009554427319432,1,results/extension/DS05/audit/paired_transport_engines.csv
DS05,lstm_autoencoder,0,0.02,phase_conditioned,8,0.007757843231315361,0.023393743644954845,0.015635900413639485,0.015750312415829033,0.0070300813706635976,4,results/extension/DS05/audit/paired_transport_engines.csv
DS05,lstm_autoencoder,0,0.02,phase_conditioned,9,0.025117865504157583,0.014057597669088779,-0.011060267835068804,-0.021651520347718695,-0.007543081875803126,1,results/extension/DS05/audit/paired_transport_engines.csv
DS05,lstm_autoencoder,0,0.02,phase_conditioned,10,0.003234659436728824,0.012728379350412215,0.00949371991368339,0.00990721652020949,0.004943904904313512,4,results/extension/DS05/audit/paired_transport_engines.csv
DS05,lstm_autoencoder,0,0.02,quantile_regression_W,7,0.016793309492046053,0.06201280878316559,0.04521949929111954,0.026938136819523006,0.027385590206439978,4,results/extension/DS05/audit/paired_transport_engines.csv
DS05,lstm_autoencoder,0,0.02,quantile_regression_W,8,0.007757843231315361,0.007559064537352713,-0.0001987786939626479,-0.0003837046942675795,-0.0011173524873386454,1,results/extension/DS05/audit/paired_transport_engines.csv
DS05,lstm_autoencoder,0,0.02,quantile_regression_W,9,0.025117865504157583,0.08488667082553546,0.05976880532137788,0.036990905584361605,0.03288101386027291,4,results/extension/DS05/audit/paired_transport_engines.csv
DS05,lstm_autoencoder,0,0.02,quantile_regression_W,10,0.003234659436728824,0.027779976432398778,0.024545316995669954,0.019947099475200424,0.013724111134048467,4,results/extension/DS05/audit/paired_transport_engines.csv
DS05,lstm_autoencoder,1,0.005,phase_conditioned,7,0.006401217475140413,0.004472987970986873,-0.0019282295041535401,-0.00233079126078666,-0.0007647006898041362,1,results/extension/DS05/audit/paired_transport_engines.csv
DS05,lstm_autoencoder,1,0.005,phase_conditioned,8,0.0033689916530749305,0.0023745897796530707,-0.0009944018734218598,0.00033411855555351986,-2.99184100388504e-05,3,results/extension/DS05/audit/paired_transport_engines.csv
DS05,lstm_autoencoder,1,0.005,phase_conditioned,9,0.004162832001291676,0.00542869579121289,0.0012658637899212143,0.0010301945586187952,8.249039237999498e-05,4,results/extension/DS05/audit/paired_transport_engines.csv
DS05,lstm_autoencoder,1,0.005,phase_conditioned,10,0.0028878093247659917,0.0028624737337874066,-2.5335590978585107e-05,0.0003988111440263037,-0.00019238312226873503,3,results/extension/DS05/audit/paired_transport_engines.csv
DS05,lstm_autoencoder,1,0.005,quantile_regression_W,7,0.006401217475140413,0.015182982616651419,0.008781765141511005,0.004859442137425183,0.005311722699569946,4,results/extension/DS05/audit/paired_transport_engines.csv
DS05,lstm_autoencoder,1,0.005,quantile_regression_W,8,0.0033689916530749305,0.00314582211854776,-0.00022316953452717041,0.0024507917574854853,0.0005102464925796101,3,results/extension/DS05/audit/paired_transport_engines.csv
DS05,lstm_autoencoder,1,0.005,quantile_regression_W,9,0.004162832001291676,0.017069730366673596,0.01290689836538192,0.006762987689436145,0.006226515813750693,4,results/extension/DS05/audit/paired_transport_engines.csv
DS05,lstm_autoencoder,1,0.005,quantile_regression_W,10,0.0028878093247659917,0.008740356182048603,0.005852546857282611,0.010660581159376526,0.0036091364590221673,4,results/extension/DS05/audit/paired_transport_engines.csv
DS05,lstm_autoencoder,1,0.01,phase_conditioned,7,0.009730720507617628,0.007061641546370423,-0.002669078961247205,-0.005926169537642448,-0.0011485801975759415,1,results/extension/DS05/audit/paired_transport_engines.csv
DS05,lstm_autoencoder,1,0.01,phase_conditioned,8,0.004055864585202464,0.014582809976673246,0.010526945391470782,0.008588923708653934,0.0049575574755068574,4,results/extension/DS05/audit/paired_transport_engines.csv
DS05,lstm_autoencoder,1,0.01,phase_conditioned,9,0.007568822152256396,0.007401886758931902,-0.0001669353933244945,-0.002495901914430755,-0.000970657236086565,1,results/extension/DS05/audit/paired_transport_engines.csv
DS05,lstm_autoencoder,1,0.01,phase_conditioned,10,0.00205997897416035,0.004330769656393514,0.002270790682233164,0.003395346873813484,0.0015429804254671433,4,results/extension/DS05/audit/paired_transport_engines.csv
DS05,lstm_autoencoder,1,0.01,quantile_regression_W,7,0.009730720507617628,0.02912168344007319,0.019390962932455562,0.013692555276710545,0.012716838105174662,4,results/extension/DS05/audit/paired_transport_engines.csv
DS05,lstm_autoencoder,1,0.01,quantile_regression_W,8,0.004055864585202464,0.005600115130000959,0.001544250544798495,0.0024977979008716043,0.0007060941311671704,4,results/extension/DS05/audit/paired_transport_engines.csv
DS05,lstm_autoencoder,1,0.01,quantile_regression_W,9,0.007568822152256396,0.03376516254245512,0.02619634039019872,0.01372954532471148,0.013809683158982828,4,results/extension/DS05/audit/paired_transport_engines.csv
DS05,lstm_autoencoder,1,0.01,quantile_regression_W,10,0.00205997897416035,0.017703048224648153,0.015643069250487803,0.02060425108882661,0.009270450971189928,4,results/extension/DS05/audit/paired_transport_engines.csv
DS05,lstm_autoencoder,1,0.02,phase_conditioned,7,0.015010818264369234,0.007410006614275624,-0.00760081165009361,-0.014151589326214378,-0.005068912429465184,1,results/extension/DS05/audit/paired_transport_engines.csv
DS05,lstm_autoencoder,1,0.02,phase_conditioned,8,0.00978647048268437,0.022526466893952986,0.012739996411268616,0.012298664740924184,0.005426566170764183,4,results/extension/DS05/audit/paired_transport_engines.csv
DS05,lstm_autoencoder,1,0.02,phase_conditioned,9,0.015955033502865906,0.009571659530619857,-0.006383373972246049,-0.012940523760836885,-0.005253036389811697,1,results/extension/DS05/audit/paired_transport_engines.csv
DS05,lstm_autoencoder,1,0.02,phase_conditioned,10,0.0051793348308093595,0.012119736623692801,0.006940401792883442,0.007834130143111604,0.00400660667522308,4,results/extension/DS05/audit/paired_transport_engines.csv
DS05,lstm_autoencoder,1,0.02,quantile_regression_W,7,0.015010818264369234,0.060622140896614815,0.045611322632245585,0.029450944809298385,0.028340446110520157,4,results/extension/DS05/audit/paired_transport_engines.csv
DS05,lstm_autoencoder,1,0.02,quantile_regression_W,8,0.00978647048268437,0.00878250023985417,-0.0010039702428302003,-0.0013420798345885054,-0.001661112172580418,1,results/extension/DS05/audit/paired_transport_engines.csv
DS05,lstm_autoencoder,1,0.02,quantile_regression_W,9,0.015955033502865906,0.07448949885631108,0.05853446535344517,0.03658799817348204,0.03242156242058208,4,results/extension/DS05/audit/paired_transport_engines.csv
DS05,lstm_autoencoder,1,0.02,quantile_regression_W,10,0.0051793348308093595,0.02624585899459724,0.02106652416378788,0.019842343998179194,0.012155872194506137,4,results/extension/DS05/audit/paired_transport_engines.csv
DS05,lstm_autoencoder,2,0.005,phase_conditioned,7,0.006300321745271914,0.00452904115424715,-0.001771280591024764,-0.0025215093192955777,-0.0005770609363509715,1,results/extension/DS05/audit/paired_transport_engines.csv
DS05,lstm_autoencoder,2,0.005,phase_conditioned,8,0.003580063321500528,0.0026590233138251945,-0.0009210400076753336,0.0006041708302934436,0.0002505952611975286,3,results/extension/DS05/audit/paired_transport_engines.csv
DS05,lstm_autoencoder,2,0.005,phase_conditioned,9,0.00387018648583192,0.006414713877094178,0.0025445273912622583,0.002031600240780523,0.0005307588153775594,4,results/extension/DS05/audit/paired_transport_engines.csv
DS05,lstm_autoencoder,2,0.005,phase_conditioned,10,0.002687707050270138,0.003091925705866725,0.000404218655596587,0.0013448483241629565,-7.220264619580427e-05,3,results/extension/DS05/audit/paired_transport_engines.csv
DS05,lstm_autoencoder,2,0.005,quantile_regression_W,7,0.006300321745271914,0.027095150960658735,0.02079482921538682,0.007711346421689507,0.014276958980647361,4,results/extension/DS05/audit/paired_transport_engines.csv
DS05,lstm_autoencoder,2,0.005,quantile_regression_W,8,0.003580063321500528,0.00403770507531421,0.00045764175381368156,0.002382996141037798,0.0006655649194296895,4,results/extension/DS05/audit/paired_transport_engines.csv
DS05,lstm_autoencoder,2,0.005,quantile_regression_W,9,0.00387018648583192,0.038307686975809246,0.034437500489977325,0.02920414730909992,0.01848226730434957,4,results/extension/DS05/audit/paired_transport_engines.csv
DS05,lstm_autoencoder,2,0.005,quantile_regression_W,10,0.002687707050270138,0.013142606220957379,0.01045489917068724,0.014949449051725253,0.0059312013010418925,4,results/extension/DS05/audit/paired_transport_engines.csv
DS05,lstm_autoencoder,2,0.01,phase_conditioned,7,0.009764352417573794,0.011183810539383424,0.0014194581218096303,-0.00222189594955359,0.0005305133196047739,2,results/extension/DS05/audit/paired_transport_engines.csv
DS05,lstm_autoencoder,2,0.01,phase_conditioned,8,0.004594174292720856,0.014104312458879118,0.009510138166158262,0.007322668147929347,0.004224293529898527,4,results/extension/DS05/audit/paired_transport_engines.csv
DS05,lstm_autoencoder,2,0.01,phase_conditioned,9,0.010283361588762413,0.01430401336010091,0.004020651771338497,-8.276543251538836e-05,0.00023473557554849062,2,results/extension/DS05/audit/paired_transport_engines.csv
DS05,lstm_autoencoder,2,0.01,phase_conditioned,10,0.0018831968697920441,0.0062950257289879925,0.004411828859195948,0.005401527114538646,0.0027328420561492936,4,results/extension/DS05/audit/paired_transport_engines.csv
DS05,lstm_autoencoder,2,0.01,quantile_regression_W,7,0.009764352417573794,0.05344007319304666,0.04367572077547287,0.029224716168697432,0.026756807757349253,4,results/extension/DS05/audit/paired_transport_engines.csv
DS05,lstm_autoencoder,2,0.01,quantile_regression_W,8,0.004594174292720856,0.005185118727196603,0.0005909444344757474,0.0013143446071707497,0.0001974780582998121,4,results/extension/DS05/audit/paired_transport_engines.csv
DS05,lstm_autoencoder,2,0.01,quantile_regression_W,9,0.010283361588762413,0.06792333818534692,0.057639976596584507,0.049501534629969035,0.03130936133213028,4,results/extension/DS05/audit/paired_transport_engines.csv
DS05,lstm_autoencoder,2,0.01,quantile_regression_W,10,0.0018831968697920441,0.023283678324476954,0.02140048145468491,0.024689173045002663,0.012388560848166325,4,results/extension/DS05/audit/paired_transport_engines.csv
DS05,lstm_autoencoder,2,0.02,phase_conditioned,7,0.021602672615777852,0.026075981601438782,0.00447330898566093,-0.0037243122403226026,0.0007818969945096819,2,results/extension/DS05/audit/paired_transport_engines.csv
DS05,lstm_autoencoder,2,0.02,phase_conditioned,8,0.013763981099348049,0.022197499850469527,0.008433518751121478,0.004595852052474255,0.0029766253292285196,4,results/extension/DS05/audit/paired_transport_engines.csv
DS05,lstm_autoencoder,2,0.02,phase_conditioned,9,0.038710745136029706,0.03825501447936469,-0.00045573065666501544,-0.0060286148321692795,-0.0015001017344762613,1,results/extension/DS05/audit/paired_transport_engines.csv
DS05,lstm_autoencoder,2,0.02,phase_conditioned,10,0.005839650307087919,0.02017041996348144,0.01433076965639352,0.017106114907943917,0.007977233935313053,4,results/extension/DS05/audit/paired_transport_engines.csv
DS05,lstm_autoencoder,2,0.02,quantile_regression_W,7,0.021602672615777852,0.14733760292772188,0.12573493031194402,0.09384517565123979,0.07293531978503157,4,results/extension/DS05/audit/paired_transport_engines.csv
DS05,lstm_autoencoder,2,0.02,quantile_regression_W,8,0.013763981099348049,0.007559064537352713,-0.006204916561995335,-0.006427501230516877,-0.003898208567121607,1,results/extension/DS05/audit/paired_transport_engines.csv
DS05,lstm_autoencoder,2,0.02,quantile_regression_W,9,0.038710745136029706,0.14100367366742914,0.10229292853139943,0.08358981747293305,0.05779638622036823,4,results/extension/DS05/audit/paired_transport_engines.csv
DS05,lstm_autoencoder,2,0.02,quantile_regression_W,10,0.005839650307087919,0.03135958378726905,0.025519933480181133,0.0255901607451122,0.015784614152261046,4,results/extension/DS05/audit/paired_transport_engines.csv
DS05,cvae,0,0.005,phase_conditioned,7,0.009775619107409109,0.008735258073244098,-0.0010403610341650112,-0.0032178541723168873,-0.0008335040444240899,1,results/extension/DS05/audit/paired_transport_engines.csv
DS05,cvae,0,0.005,phase_conditioned,8,0.0032953525928584243,0.0017182372245663387,-0.0015771153682920857,-0.0009928937349139091,-0.0009384699869217092,1,results/extension/DS05/audit/paired_transport_engines.csv
DS05,cvae,0,0.005,phase_conditioned,9,0.003544395924308588,0.008999680210350525,0.005455284286041936,0.004384190412780788,0.002222793181005268,4,results/extension/DS05/audit/paired_transport_engines.csv
DS05,cvae,0,0.005,phase_conditioned,10,0.003948708017484646,0.0032006134821148226,-0.0007480945353698235,0.0026563876856609335,-0.0004565551970302415,3,results/extension/DS05/audit/paired_transport_engines.csv
DS05,cvae,0,0.005,quantile_regression_W,7,0.009775619107409109,0.0023317563704442776,-0.007443862736964831,-0.01024349677173153,-0.004208818799744539,1,results/extension/DS05/audit/paired_transport_engines.csv
DS05,cvae,0,0.005,quantile_regression_W,8,0.0032953525928584243,0.0020392966086488426,-0.0012560559842095817,-0.0012474843556284886,-0.0010816193521616228,1,results/extension/DS05/audit/paired_transport_engines.csv
DS05,cvae,0,0.005,quantile_regression_W,9,0.003544395924308588,0.002671033478893741,-0.0008733624454148473,-0.003787001473964956,-0.0016189306705158577,1,results/extension/DS05/audit/paired_transport_engines.csv
DS05,cvae,0,0.005,quantile_regression_W,10,0.003948708017484646,0.0038103801250484147,-0.0001383278924362314,0.004088797012633033,-5.916772417559248e-05,3,results/extension/DS05/audit/paired_transport_engines.csv
DS05,cvae,0,0.01,phase_conditioned,7,0.016714947141848187,0.01314144291830466,-0.0035735042235435274,-0.008623824443122666,-0.0016459441329561633,1,results/extension/DS05/audit/paired_transport_engines.csv
DS05,cvae,0,0.01,phase_conditioned,8,0.006231832047371254,0.004775016789791807,-0.0014568152575794475,-0.0010692547012425193,-0.0011787637598103889,1,results/extension/DS05/audit/paired_transport_engines.csv
DS05,cvae,0,0.01,phase_conditioned,9,0.007407638455673391,0.010564251070407022,0.0031566126147336317,0.0011140473464383294,0.0005785892224941299,4,results/extension/DS05/audit/paired_transport_engines.csv
DS05,cvae,0,0.01,phase_conditioned,10,0.007454766779173352,0.006232157090065938,-0.0012226096891074147,0.00591474948555459,-0.00046570274643694884,3,results/extension/DS05/audit/paired_transport_engines.csv
DS05,cvae,0,0.01,quantile_regression_W,7,0.016714947141848187,0.004977410567146108,-0.011737536574702079,-0.01810533163417143,-0.006571751736232472,1,results/extension/DS05/audit/paired_transport_engines.csv
DS05,cvae,0,0.01,quantile_regression_W,8,0.006231832047371254,0.00351037741491716,-0.002721454632454094,-0.00293001493515058,-0.00225384966434497,1,results/extension/DS05/audit/paired_transport_engines.csv
DS05,cvae,0,0.01,quantile_regression_W,9,0.007407638455673391,0.004524156096208498,-0.0028834823594648925,-0.006284225073600682,-0.0027204671358381427,1,results/extension/DS05/audit/paired_transport_engines.csv
DS05,cvae,0,0.01,quantile_regression_W,10,0.007454766779173352,0.007537763514635091,8.29967354617385e-05,0.007242589496178838,0.00014688558940592795,4,results/extension/DS05/audit/paired_transport_engines.csv
DS05,cvae,0,0.02,phase_conditioned,7,0.03453974731224986,0.017990800719390108,-0.016548946592859753,-0.025002743482155275,-0.009247765580801181,1,results/extension/DS05/audit/paired_transport_engines.csv
DS05,cvae,0,0.02,phase_conditioned,8,0.01217690264103766,0.010624580255204834,-0.0015523223858328258,-0.0025839899280290547,-0.0005667536580703549,1,results/extension/DS05/audit/paired_transport_engines.csv
DS05,cvae,0,0.02,phase_conditioned,9,0.015934851053523855,0.012902801712651232,-0.0030320493408726237,-0.007066152064931677,-0.002856731184037257,1,results/extension/DS05/audit/paired_transport_engines.csv
DS05,cvae,0,0.02,phase_conditioned,10,0.012391965916007304,0.012527736398603728,0.00013577048259642323,0.012782680126825105,0.0018284507563544137,4,results/extension/DS05/audit/paired_transport_engines.csv
DS05,cvae,0,0.02,quantile_regression_W,7,0.03453974731224986,0.010032945520523306,-0.024506801791726554,-0.03810241020892692,-0.012735916552787005,1,results/extension/DS05/audit/paired_transport_engines.csv
DS05,cvae,0,0.02,quantile_regression_W,8,0.01217690264103766,0.0034021173515162394,-0.008774785289521421,-0.012873413323676655,-0.006415148238071557,1,results/extension/DS05/audit/paired_transport_engines.csv
DS05,cvae,0,0.02,quantile_regression_W,9,0.015934851053523855,0.009466376039396141,-0.006468475014127714,-0.015285276844029978,-0.005857574939907439,1,results/extension/DS05/audit/paired_transport_engines.csv
DS05,cvae,0,0.02,quantile_regression_W,10,0.012391965916007304,0.012585624965418027,0.00019365904941072258,0.007089185082510855,0.0006355628509525906,4,results/extension/DS05/audit/paired_transport_engines.csv
DS05,cvae,1,0.005,phase_conditioned,7,0.005549209089584198,0.008512438127675829,0.002963229038091631,0.004024528214669855,0.00138953305562835,4,results/extension/DS05/audit/paired_transport_engines.csv
DS05,cvae,1,0.005,phase_conditioned,8,0.007291404988336623,0.005706381960643579,-0.0015850230276930437,-0.0055864247745870494,-0.0010886849515345698,1,results/extension/DS05/audit/paired_transport_engines.csv
DS05,cvae,1,0.005,phase_conditioned,9,0.002976017189990989,0.005721836303231652,0.0027458191132406625,0.004656733119866112,0.0020521861507170353,4,results/extension/DS05/audit/paired_transport_engines.csv
DS05,cvae,1,0.005,phase_conditioned,10,0.003769988380457035,0.004827245036351913,0.0010572566558948778,0.0004308167901500371,0.000393964575164725,4,results/extension/DS05/audit/paired_transport_engines.csv
DS05,cvae,1,0.005,quantile_regression_W,7,0.005549209089584198,0.003403495090003342,-0.002145713999580856,-0.002164012261245998,-0.0012944642578636388,1,results/extension/DS05/audit/paired_transport_engines.csv
DS05,cvae,1,0.005,quantile_regression_W,8,0.007291404988336623,0.005553583421279862,-0.0017378215670567614,-0.004132900080296846,-0.0016141786473684821,1,results/extension/DS05/audit/paired_transport_engines.csv
DS05,cvae,1,0.005,quantile_regression_W,9,0.002976017189990989,0.002518541623345117,-0.0004574755666458723,-0.0006973178037521311,-0.0004003481760172633,1,results/extension/DS05/audit/paired_transport_engines.csv
DS05,cvae,1,0.005,quantile_regression_W,10,0.003769988380457035,0.008651421837828223,0.004881433457371188,0.004054123971545484,0.0022387876185515202,4,results/extension/DS05/audit/paired_transport_engines.csv
DS05,cvae,1,0.01,phase_conditioned,7,0.00910292485510252,0.011629450430519965,0.0025265255754174445,0.003825702153642514,0.0015296161493185507,4,results/extension/DS05/audit/paired_transport_engines.csv
DS05,cvae,1,0.01,phase_conditioned,8,0.011921167533943419,0.011279861843998847,-0.000641305689944572,-0.0025623865241803847,0.001058872270332004,3,results/extension/DS05/audit/paired_transport_engines.csv
DS05,cvae,1,0.01,phase_conditioned,9,0.005536147501213003,0.008521150532094445,0.0029850030308814415,0.007518823760258895,0.003003669020947094,4,results/extension/DS05/audit/paired_transport_engines.csv
DS05,cvae,1,0.01,phase_conditioned,10,0.0061290322580645155,0.014545879004824689,0.008416846746760173,0.010723442887136473,0.00530508758631649,4,results/extension/DS05/audit/paired_transport_engines.csv
DS05,cvae,1,0.01,quantile_regression_W,7,0.00910292485510252,0.006616001655233883,-0.0024869231998686375,-0.0012060448833087108,-0.001161984625326815,1,results/extension/DS05/audit/paired_transport_engines.csv
DS05,cvae,1,0.01,quantile_regression_W,8,0.011921167533943419,0.009437781828648182,-0.0024833857052952366,-0.002811819070025522,-0.0019028104919088526,1,results/extension/DS05/audit/paired_transport_engines.csv
DS05,cvae,1,0.01,quantile_regression_W,9,0.005536147501213003,0.0033319470437374373,-0.002204200457475566,-0.0013070128297817812,-0.0007933486298967829,1,results/extension/DS05/audit/paired_transport_engines.csv
DS05,cvae,1,0.01,quantile_regression_W,10,0.0061290322580645155,0.013701002734731084,0.007571970476666568,0.010240281877777284,0.004643279109811748,4,results/extension/DS05/audit/paired_transport_engines.csv
DS05,cvae,1,0.02,phase_conditioned,7,0.013553435499602019,0.011322118062739733,-0.002231317436862286,-0.00045638605534353144,-0.00011963970403900195,1,results/extension/DS05/audit/paired_transport_engines.csv
DS05,cvae,1,0.02,phase_conditioned,8,0.02895627728931156,0.022077875471020993,-0.0068784018182905665,-0.007049060739335582,-0.00026630462896283513,1,results/extension/DS05/audit/paired_transport_engines.csv
DS05,cvae,1,0.02,phase_conditioned,9,0.010642545227698067,0.011640673736743606,0.0009981285090455393,0.008554152735924773,0.0025581051085280804,4,results/extension/DS05/audit/paired_transport_engines.csv
DS05,cvae,1,0.02,phase_conditioned,10,0.01416698943174902,0.03349400804855815,0.01932701861680913,0.026705710982096672,0.011095864920996875,4,results/extension/DS05/audit/paired_transport_engines.csv
DS05,cvae,1,0.02,quantile_regression_W,7,0.013553435499602019,0.010558163963648518,-0.002995271535953501,-0.0008909714444621936,-0.0006661073595613364,1,results/extension/DS05/audit/paired_transport_engines.csv
DS05,cvae,1,0.02,quantile_regression_W,8,0.02895627728931156,0.01415523361796028,-0.01480104367135128,-0.012221272837747134,-0.009055397108296557,1,results/extension/DS05/audit/paired_transport_engines.csv
DS05,cvae,1,0.02,quantile_regression_W,9,0.010642545227698067,0.00697781015154476,-0.0036647350761533064,0.0018288931369920946,-0.00029945668291797307,3,results/extension/DS05/audit/paired_transport_engines.csv
DS05,cvae,1,0.02,quantile_regression_W,10,0.01416698943174902,0.021287769304311092,0.007120779872562072,0.013303906699120533,0.0032927201128375057,4,results/extension/DS05/audit/paired_transport_engines.csv
DS05,cvae,2,0.005,phase_conditioned,7,0.00307868252516011,0.0008295310590688441,-0.002249151466091266,-0.0033610709017845367,-0.0018103100700979382,1,results/extension/DS05/audit/paired_transport_engines.csv
DS05,cvae,2,0.005,phase_conditioned,8,0.004109235818096578,0.004347596661229972,0.00023836084313339466,0.0017345275061188257,-0.0005985980123783623,3,results/extension/DS05/audit/paired_transport_engines.csv
DS05,cvae,2,0.005,phase_conditioned,9,0.11367749213850445,0.05719020377707108,-0.056487288361433366,-0.06036231863510738,-0.03210546822717438,1,results/extension/DS05/audit/paired_transport_engines.csv
DS05,cvae,2,0.005,phase_conditioned,10,0.004446688430255077,0.00431075883229206,-0.0001359295979630167,0.000847369446495795,-0.0006914314477458861,3,results/extension/DS05/audit/paired_transport_engines.csv
DS05,cvae,2,0.005,quantile_regression_W,7,0.00307868252516011,0.0060088451923184715,0.0029301626671583616,0.0011961023348502691,0.0021231236328147166,4,results/extension/DS05/audit/paired_transport_engines.csv
DS05,cvae,2,0.005,quantile_regression_W,8,0.004109235818096578,0.0038635683952389496,-0.000245667422857628,0.004589792617437872,-0.0013142528629172057,3,results/extension/DS05/audit/paired_transport_engines.csv
DS05,cvae,2,0.005,quantile_regression_W,9,0.11367749213850445,0.0053220992413878865,-0.10835539289711656,-0.11095094443515183,-0.06236749700565892,1,results/extension/DS05/audit/paired_transport_engines.csv
DS05,cvae,2,0.005,quantile_regression_W,10,0.004446688430255077,0.004087035909920877,-0.00035965252033420044,0.005865751575092351,-0.0014353265921346354,3,results/extension/DS05/audit/paired_transport_engines.csv
DS05,cvae,2,0.01,phase_conditioned,7,0.0072552607502287285,0.003617800130508825,-0.0036374606197199033,-0.0012037013630977452,-0.0029749641051913813,1,results/extension/DS05/audit/paired_transport_engines.csv
DS05,cvae,2,0.01,phase_conditioned,8,0.008687294889826535,0.008503309987527583,-0.00018398490229895245,0.002420261825147068,-0.001749222072410959,3,results/extension/DS05/audit/paired_transport_engines.csv
DS05,cvae,2,0.01,phase_conditioned,9,0.17378133494412562,0.10600369534706061,-0.06777763959706501,-0.08041185288518966,-0.03724291370419962,1,results/extension/DS05/audit/paired_transport_engines.csv
DS05,cvae,2,0.01,phase_conditioned,10,0.009004039174459138,0.00884385352513507,-0.00016018564932406866,0.002579627643467121,-0.00143336660744857,3,results/extension/DS05/audit/paired_transport_engines.csv
DS05,cvae,2,0.01,quantile_regression_W,7,0.0072552607502287285,0.01002219706057107,0.0027669363103423423,0.0037136607195363937,0.0019258012991817258,4,results/extension/DS05/audit/paired_transport_engines.csv
DS05,cvae,2,0.01,quantile_regression_W,8,0.008687294889826535,0.006620611280578982,-0.002066683609247553,0.007700178138809627,-0.004046739502162725,3,results/extension/DS05/audit/paired_transport_engines.csv
DS05,cvae,2,0.01,quantile_regression_W,9,0.17378133494412562,0.013069269991294616,-0.160712064952831,-0.16882526983463186,-0.09270510702850301,1,results/extension/DS05/audit/paired_transport_engines.csv
DS05,cvae,2,0.01,quantile_regression_W,10,0.009004039174459138,0.007205776572788137,-0.0017982626016710013,0.010052238765694542,-0.003997433555255256,3,results/extension/DS05/audit/paired_transport_engines.csv
DS05,cvae,2,0.02,phase_conditioned,7,0.015864592863677952,0.011373684964428388,-0.004490907899249564,0.005294684136533735,-0.005502372100460169,3,results/extension/DS05/audit/paired_transport_engines.csv
DS05,cvae,2,0.02,phase_conditioned,8,0.01762462884825754,0.01773577664779814,0.00011114779954059933,0.007855001749184973,-0.003530304437791232,3,results/extension/DS05/audit/paired_transport_engines.csv
DS05,cvae,2,0.02,phase_conditioned,9,0.25306482846838524,0.15015474265816264,-0.1029100858102226,-0.1326085600170524,-0.05443005396047529,1,results/extension/DS05/audit/paired_transport_engines.csv
DS05,cvae,2,0.02,phase_conditioned,10,0.018312399712277983,0.0182880138737577,-2.4385838520282754e-05,0.008399819122061534,-0.003044566274816911,3,results/extension/DS05/audit/paired_transport_engines.csv
DS05,cvae,2,0.02,quantile_regression_W,7,0.015864592863677952,0.017006311588435106,0.0011417187247571535,0.008355017770048972,-0.0008033054558153774,3,results/extension/DS05/audit/paired_transport_engines.csv
DS05,cvae,2,0.02,quantile_regression_W,8,0.01762462884825754,0.009921646031461211,-0.007702982816796329,0.012099377348223337,-0.010790234783760778,3,results/extension/DS05/audit/paired_transport_engines.csv
DS05,cvae,2,0.02,quantile_regression_W,9,0.25306482846838524,0.03406221685291452,-0.21900261161547072,-0.2375906474595008,-0.1262882825537141,1,results/extension/DS05/audit/paired_transport_engines.csv
DS05,cvae,2,0.02,quantile_regression_W,10,0.018312399712277983,0.011755657610800642,-0.006556742101477341,0.016655121740041655,-0.010516046531598659,3,results/extension/DS05/audit/paired_transport_engines.csv
DS06,pca,-1,0.005,phase_conditioned,7,0.007021270239588934,0.019327471046019975,0.01230620080643104,0.014160609163578123,0.006638389144610648,4,results/extension/DS06/audit/paired_transport_engines.csv
DS06,pca,-1,0.005,phase_conditioned,8,0.003749662070829954,0.0021416816439661333,-0.0016079804268638205,-0.004713263146678859,-0.0018272160442186602,1,results/extension/DS06/audit/paired_transport_engines.csv
DS06,pca,-1,0.005,phase_conditioned,9,0.014074393494769383,0.01130116888969862,-0.002773224605070762,-0.01004755683771862,-0.0019032987892232886,1,results/extension/DS06/audit/paired_transport_engines.csv
DS06,pca,-1,0.005,phase_conditioned,10,0.0032442043865131094,0.002410052673868405,-0.0008341517126447045,-0.0022370125010403802,-0.0007305140230760962,1,results/extension/DS06/audit/paired_transport_engines.csv
DS06,pca,-1,0.005,quantile_regression_W,7,0.007021270239588934,0.15918489695038504,0.1521636267107961,0.1453782950983597,0.08807540093117139,4,results/extension/DS06/audit/paired_transport_engines.csv
DS06,pca,-1,0.005,quantile_regression_W,8,0.003749662070829954,0.0035749550681015993,-0.0001747070027283545,0.00013039146156041976,-0.00030348235241885353,3,results/extension/DS06/audit/paired_transport_engines.csv
DS06,pca,-1,0.005,quantile_regression_W,9,0.014074393494769383,0.10620737568247948,0.0921329821877101,0.06106895770472121,0.06758869744110854,4,results/extension/DS06/audit/paired_transport_engines.csv
DS06,pca,-1,0.005,quantile_regression_W,10,0.0032442043865131094,0.04966773799958337,0.046423533613070264,0.03171061977249542,0.03373755234659368,4,results/extension/DS06/audit/paired_transport_engines.csv
DS06,pca,-1,0.01,phase_conditioned,7,0.024414769671984228,0.08526727536409502,0.06085250569211079,0.06237181562107681,0.03532803469784952,4,results/extension/DS06/audit/paired_transport_engines.csv
DS06,pca,-1,0.01,phase_conditioned,8,0.009065084253140029,0.013992971073263043,0.004927886820123014,0.0027841480530976133,0.0011783925704995108,4,results/extension/DS06/audit/paired_transport_engines.csv
DS06,pca,-1,0.01,phase_conditioned,9,0.04860083779485226,0.07142348056363815,0.022822642768785886,-0.0057832707079703075,0.01748383751110362,2,results/extension/DS06/audit/paired_transport_engines.csv
DS06,pca,-1,0.01,phase_conditioned,10,0.014632328251964274,0.02606820819569681,0.011435879943732534,0.004821657620952529,0.006757043321692356,4,results/extension/DS06/audit/paired_transport_engines.csv
DS06,pca,-1,0.01,quantile_regression_W,7,0.024414769671984228,0.27224768674551136,0.24783291707352714,0.21864182489936834,0.1445495032398547,4,results/extension/DS06/audit/paired_transport_engines.csv
DS06,pca,-1,0.01,quantile_regression_W,8,0.009065084253140029,0.006384157880508246,-0.002680926372631783,-0.006288903679316352,-0.003148327629087136,1,results/extension/DS06/audit/paired_transport_engines.csv
DS06,pca,-1,0.01,quantile_regression_W,9,0.04860083779485226,0.2285980972308497,0.17999725943599743,0.125215857058903,0.1201376891414976,4,results/extension/DS06/audit/paired_transport_engines.csv
DS06,pca,-1,0.01,quantile_regression_W,10,0.014632328251964274,0.0932943487188644,0.07866202046690013,0.04707969660627846,0.05400949460753341,4,results/extension/DS06/audit/paired_transport_engines.csv
DS06,pca,-1,0.02,phase_conditioned,7,0.06334827029933679,0.19206364769083073,0.12871537739149394,0.1368258204256337,0.06977159389788654,4,results/extension/DS06/audit/paired_transport_engines.csv
DS06,pca,-1,0.02,phase_conditioned,8,0.016279021487145776,0.013387402000540689,-0.0028916194866050876,-0.007352328436173089,-0.0025813341300083767,1,results/extension/DS06/audit/paired_transport_engines.csv
DS06,pca,-1,0.02,phase_conditioned,9,0.11520082435429314,0.17969267989668813,0.06449185554239499,0.046512579289372497,0.04225383546224837,4,results/extension/DS06/audit/paired_transport_engines.csv
DS06,pca,-1,0.02,phase_conditioned,10,0.02915720905244779,0.07743177692467934,0.048274567872231555,0.036636704092037356,0.028414542683521785,4,results/extension/DS06/audit/paired_transport_engines.csv
DS06,pca,-1,0.02,quantile_regression_W,7,0.06334827029933679,0.38310885062401695,0.31976058032468013,0.280216127021364,0.19759492693702752,4,results/extension/DS06/audit/paired_transport_engines.csv
DS06,pca,-1,0.02,quantile_regression_W,8,0.016279021487145776,0.01253176534198432,-0.0037472561451614567,-0.013905821039256614,-0.0043140247485671055,1,results/extension/DS06/audit/paired_transport_engines.csv
DS06,pca,-1,0.02,quantile_regression_W,9,0.11520082435429314,0.3611096217347239,0.24590879738043075,0.19360009302319914,0.16179885865999266,4,results/extension/DS06/audit/paired_transport_engines.csv
DS06,pca,-1,0.02,quantile_regression_W,10,0.02915720905244779,0.12233848168318305,0.09318127263073527,0.02846436781904553,0.0811860284771351,4,results/extension/DS06/audit/paired_transport_engines.csv
DS06,isolation_forest,0,0.005,phase_conditioned,7,0.004882296707892693,0.0029165390036154175,-0.0019657577042772752,-0.003491923803346557,-0.0014159767896407978,1,results/extension/DS06/audit/paired_transport_engines.csv
DS06,isolation_forest,0,0.005,phase_conditioned,8,0.0026613758905177456,0.0021800283727206674,-0.00048134751779707824,-6.232984582147305e-05,9.79429849789755e-05,3,results/extension/DS06/audit/paired_transport_engines.csv
DS06,isolation_forest,0,0.005,phase_conditioned,9,0.004744405367263278,0.004378821067773891,-0.0003655842994893868,-0.004104516881880773,-0.0011926631044427002,1,results/extension/DS06/audit/paired_transport_engines.csv
DS06,isolation_forest,0,0.005,phase_conditioned,10,0.0028306864136693538,0.002783896313209321,-4.6790100460032766e-05,-0.00028650627404151405,-8.823928456365405e-05,1,results/extension/DS06/audit/paired_transport_engines.csv
DS06,isolation_forest,0,0.005,quantile_regression_W,7,0.004882296707892693,0.01151430961343132,0.006632012905538627,0.004019976713870851,0.002910528179674321,4,results/extension/DS06/audit/paired_transport_engines.csv
DS06,isolation_forest,0,0.005,quantile_regression_W,8,0.0026613758905177456,0.004831035414977021,0.002169659524459275,0.0034030586165951803,0.0014093680128311815,4,results/extension/DS06/audit/paired_transport_engines.csv
DS06,isolation_forest,0,0.005,quantile_regression_W,9,0.004744405367263278,0.01414211920096773,0.009397713833704451,0.0021398188624776916,0.006037686542254613,4,results/extension/DS06/audit/paired_transport_engines.csv
DS06,isolation_forest,0,0.005,quantile_regression_W,10,0.0028306864136693538,0.009595998821607433,0.006765312407938079,0.008913418342138511,0.004929963142703516,4,results/extension/DS06/audit/paired_transport_engines.csv
DS06,isolation_forest,0,0.01,phase_conditioned,7,0.007508017239618441,0.007154742396139094,-0.0003532748434793469,-0.004356381732408066,-0.0017355033542827691,1,results/extension/DS06/audit/paired_transport_engines.csv
DS06,isolation_forest,0,0.01,phase_conditioned,8,0.006167254931681861,0.012573668559070017,0.006406413627388157,0.008641471816301828,0.003644010850322136,4,results/extension/DS06/audit/paired_transport_engines.csv
DS06,isolation_forest,0,0.01,phase_conditioned,9,0.009117272043678687,0.004390480117368417,-0.00472679192631027,-0.009767001599032654,-0.003708008544823196,1,results/extension/DS06/audit/paired_transport_engines.csv
DS06,isolation_forest,0,0.01,phase_conditioned,10,0.005554246230482874,0.0055006829320549564,-5.356329842791732e-05,0.0016009821254864103,-0.0004177675802136266,3,results/extension/DS06/audit/paired_transport_engines.csv
DS06,isolation_forest,0,0.01,quantile_regression_W,7,0.007508017239618441,0.025817831481514827,0.018309814241896386,-0.005158043023704005,0.013582812045767218,2,results/extension/DS06/audit/paired_transport_engines.csv
DS06,isolation_forest,0,0.01,quantile_regression_W,8,0.006167254931681861,0.0075331170586645044,0.0013658621269826438,-0.0007865983606156705,-2.17579409126532e-05,3,results/extension/DS06/audit/paired_transport_engines.csv
DS06,isolation_forest,0,0.01,quantile_regression_W,9,0.009117272043678687,0.02933043449831628,0.02021316245463759,0.0035431709843540583,0.011983799534829392,4,results/extension/DS06/audit/paired_transport_engines.csv
DS06,isolation_forest,0,0.01,quantile_regression_W,10,0.005554246230482874,0.022467339225664372,0.016913092995181497,0.005739901134325949,0.012269002585344618,4,results/extension/DS06/audit/paired_transport_engines.csv
DS06,isolation_forest,0,0.02,phase_conditioned,7,0.01983987572444285,0.01555203399902757,-0.004287841725415279,-0.012925928322239072,-0.007295319452725449,1,results/extension/DS06/audit/paired_transport_engines.csv
DS06,isolation_forest,0,0.02,phase_conditioned,8,0.013287282648708345,0.013308936575647995,2.1653926939649987e-05,0.002568977597601059,0.000885093805921609,4,results/extension/DS06/audit/paired_transport_engines.csv
DS06,isolation_forest,0,0.02,phase_conditioned,9,0.017767971147599742,0.011801470940769224,-0.005966500206830518,-0.014170144242080147,-0.007211108109268338,1,results/extension/DS06/audit/paired_transport_engines.csv
DS06,isolation_forest,0,0.02,phase_conditioned,10,0.011637651400172604,0.00875170733013739,-0.0028859440700352134,-0.010990491770509009,-0.00443712697940789,1,results/extension/DS06/audit/paired_transport_engines.csv
DS06,isolation_forest,0,0.02,quantile_regression_W,7,0.01983987572444285,0.050939804318075044,0.031099928593632194,-0.011625509380379859,0.026017331878911813,2,results/extension/DS06/audit/paired_transport_engines.csv
DS06,isolation_forest,0,0.02,quantile_regression_W,8,0.013287282648708345,0.003961108612158749,-0.009326174036549596,-0.015051375561906426,-0.005809588567935564,1,results/extension/DS06/audit/paired_transport_engines.csv
DS06,isolation_forest,0,0.02,quantile_regression_W,9,0.017767971147599742,0.054901101775264,0.037133130627664254,0.015312116796206213,0.02090003058029041,4,results/extension/DS06/audit/paired_transport_engines.csv
DS06,isolation_forest,0,0.02,quantile_regression_W,10,0.011637651400172604,0.060796357468083206,0.049158706067910604,0.017934476667601694,0.029810088811611637,4,results/extension/DS06/audit/paired_transport_engines.csv
DS06,isolation_forest,1,0.005,phase_conditioned,7,0.0036634402820099185,0.0029573911800151154,-0.0007060491019948031,-0.0023193352680891868,-0.0007785903010892573,1,results/extension/DS06/audit/paired_transport_engines.csv
DS06,isolation_forest,1,0.005,phase_conditioned,8,0.006422005947553392,0.007773722627737226,0.001351716680183834,0.001013012654741744,0.0008635352969885426,4,results/extension/DS06/audit/paired_transport_engines.csv
DS06,isolation_forest,1,0.005,phase_conditioned,9,0.004378821067773891,0.0042807401837381895,-9.80808840357018e-05,-0.002640586652275661,-0.0006132109022500116,1,results/extension/DS06/audit/paired_transport_engines.csv
DS06,isolation_forest,1,0.005,phase_conditioned,10,0.002616433219957685,0.002743603518904036,0.00012717029894635098,-0.00010267357483932172,0.0002672881467842424,2,results/extension/DS06/audit/paired_transport_engines.csv
DS06,isolation_forest,1,0.005,quantile_regression_W,7,0.0036634402820099185,0.009291689072115673,0.005628248790105755,0.0016500258037435885,0.003809658262751025,4,results/extension/DS06/audit/paired_transport_engines.csv
DS06,isolation_forest,1,0.005,quantile_regression_W,8,0.006422005947553392,0.004222762908894296,-0.002199243038659096,-0.0018053581076268536,-0.0009970964948911717,1,results/extension/DS06/audit/paired_transport_engines.csv
DS06,isolation_forest,1,0.005,quantile_regression_W,9,0.004378821067773891,0.03233612318959035,0.02795730212181646,0.022019039090074334,0.015754472303107704,4,results/extension/DS06/audit/paired_transport_engines.csv
DS06,isolation_forest,1,0.005,quantile_regression_W,10,0.002616433219957685,0.013837603785376306,0.01122117056541862,0.006823212066996757,0.009072032919919409,4,results/extension/DS06/audit/paired_transport_engines.csv
DS06,isolation_forest,1,0.01,phase_conditioned,7,0.007467165063218743,0.007298806072283949,-0.00016835899093479382,-0.001554509436056381,-0.0012217849135422879,1,results/extension/DS06/audit/paired_transport_engines.csv
DS06,isolation_forest,1,0.01,phase_conditioned,8,0.006448755981897317,0.012404703974047039,0.005955947992149721,0.006663114257703587,0.0030994858166828055,4,results/extension/DS06/audit/paired_transport_engines.csv
DS06,isolation_forest,1,0.01,phase_conditioned,9,0.008855723019583484,0.0040644567395744435,-0.00479126628000904,-0.0068073501490979954,-0.002982418158556781,1,results/extension/DS06/audit/paired_transport_engines.csv
DS06,isolation_forest,1,0.01,phase_conditioned,10,0.006143442513189963,0.006491603952971424,0.0003481614397814617,0.004914862786533607,-0.000569205381279329,3,results/extension/DS06/audit/paired_transport_engines.csv
DS06,isolation_forest,1,0.01,quantile_regression_W,7,0.007467165063218743,0.028237637110117036,0.020770472046898292,0.0013488313705524758,0.01708642333788566,4,results/extension/DS06/audit/paired_transport_engines.csv
DS06,isolation_forest,1,0.01,quantile_regression_W,8,0.006448755981897317,0.0051338199513382,-0.0013149360305591178,-0.0047137873913017814,-0.0018011546892871136,1,results/extension/DS06/audit/paired_transport_engines.csv
DS06,isolation_forest,1,0.01,quantile_regression_W,9,0.008855723019583484,0.04623304018046882,0.03737731716088534,0.030776568735198108,0.02134165063275907,4,results/extension/DS06/audit/paired_transport_engines.csv
DS06,isolation_forest,1,0.01,quantile_regression_W,10,0.006143442513189963,0.0453522006963664,0.039208758183176436,0.030023344174714944,0.02379589026435875,4,results/extension/DS06/audit/paired_transport_engines.csv
DS06,isolation_forest,1,0.02,phase_conditioned,7,0.015980163709147396,0.015119842970593003,-0.0008603207385543925,-0.009973860326903655,-0.005902753806675251,1,results/extension/DS06/audit/paired_transport_engines.csv
DS06,isolation_forest,1,0.02,phase_conditioned,8,0.012897511963794635,0.013655399406682402,0.0007578874428877669,0.007576329007891781,0.0025301915541397057,4,results/extension/DS06/audit/paired_transport_engines.csv
DS06,isolation_forest,1,0.02,phase_conditioned,9,0.017622365090387757,0.011590514637490772,-0.006031850452896986,-0.012618962624734699,-0.0053608560868246315,1,results/extension/DS06/audit/paired_transport_engines.csv
DS06,isolation_forest,1,0.02,phase_conditioned,10,0.010774633217272268,0.010706767722756368,-6.786549451590074e-05,0.003582951687810622,-7.504627344378893e-05,3,results/extension/DS06/audit/paired_transport_engines.csv
DS06,isolation_forest,1,0.02,quantile_regression_W,7,0.015980163709147396,0.058252343893620925,0.042272180184473526,-0.0012155005283305334,0.03107035044827535,2,results/extension/DS06/audit/paired_transport_engines.csv
DS06,isolation_forest,1,0.02,quantile_regression_W,8,0.012897511963794635,0.003995709491021071,-0.008901802472773564,-0.011621648577630744,-0.0052761049645581315,1,results/extension/DS06/audit/paired_transport_engines.csv
DS06,isolation_forest,1,0.02,quantile_regression_W,9,0.017622365090387757,0.06743910811782783,0.049816743027440075,0.026345429234162998,0.02784134064361353,4,results/extension/DS06/audit/paired_transport_engines.csv
DS06,isolation_forest,1,0.02,quantile_regression_W,10,0.010774633217272268,0.07749129542005177,0.0667166622027795,0.03882330379837416,0.04005993548634201,4,results/extension/DS06/audit/paired_transport_engines.csv
DS06,isolation_forest,2,0.005,phase_conditioned,7,0.004081675330106948,0.0031207998856139065,-0.0009608754444930413,-0.0028416434140054693,-0.0010320608927093995,1,results/extension/DS06/audit/paired_transport_engines.csv
DS06,isolation_forest,2,0.005,phase_conditioned,8,0.002942876940733202,0.004630981346309813,0.0016881044055766107,0.0017667397635175476,0.0009003326118871184,4,results/extension/DS06/audit/paired_transport_engines.csv
DS06,isolation_forest,2,0.005,phase_conditioned,9,0.004460555137803642,0.004378821067773891,-8.173407002975107e-05,-0.002691442633906008,-0.0006160272660186189,1,results/extension/DS06/audit/paired_transport_engines.csv
DS06,isolation_forest,2,0.005,phase_conditioned,10,0.002696778167599561,0.0024078302330266606,-0.0002889479345729003,-0.0006769658495340471,-0.00016311315282910733,1,results/extension/DS06/audit/paired_transport_engines.csv
DS06,isolation_forest,2,0.005,quantile_regression_W,7,0.004081675330106948,0.008156479655852304,0.0040748043257453565,0.002216030299559111,0.0014471470262563337,4,results/extension/DS06/audit/paired_transport_engines.csv
DS06,isolation_forest,2,0.005,quantile_regression_W,8,0.002942876940733202,0.004662070829954042,0.0017191938892208401,0.002516523082288777,0.0009870873420893826,4,results/extension/DS06/audit/paired_transport_engines.csv
DS06,isolation_forest,2,0.005,quantile_regression_W,9,0.004460555137803642,0.01551525157746755,0.011054696439663909,0.004948426418831042,0.007371951008877793,4,results/extension/DS06/audit/paired_transport_engines.csv
DS06,isolation_forest,2,0.005,quantile_regression_W,10,0.002696778167599561,0.00932818232946785,0.006631404161868288,0.006062996995293864,0.004052831358974344,4,results/extension/DS06/audit/paired_transport_engines.csv
DS06,isolation_forest,2,0.01,phase_conditioned,7,0.007589721592417836,0.006866615043849382,-0.000723106548568454,-0.0040331382149363815,-0.001577896985628699,1,results/extension/DS06/audit/paired_transport_engines.csv
DS06,isolation_forest,2,0.01,phase_conditioned,8,0.006457150581238172,0.012370911057042444,0.0059137604758042715,0.00580549084110602,0.002525781173477114,4,results/extension/DS06/audit/paired_transport_engines.csv
DS06,isolation_forest,2,0.01,phase_conditioned,9,0.009068231601660837,0.003997334279440391,-0.005070897322220446,-0.009125465992277123,-0.0034646153024612382,1,results/extension/DS06/audit/paired_transport_engines.csv
DS06,isolation_forest,2,0.01,phase_conditioned,10,0.0052596480891293285,0.005206084790701411,-5.356329842791732e-05,0.00200206867636828,-0.0006010796735643966,3,results/extension/DS06/audit/paired_transport_engines.csv
DS06,isolation_forest,2,0.01,quantile_regression_W,7,0.007589721592417836,0.012680289179661826,0.00509056758724399,-0.00023176867459327732,0.0029738165826346252,2,results/extension/DS06/audit/paired_transport_engines.csv
DS06,isolation_forest,2,0.01,quantile_regression_W,8,0.006457150581238172,0.006620708299540416,0.000163557718302244,-0.004418846300666596,-0.0014871930278649416,3,results/extension/DS06/audit/paired_transport_engines.csv
DS06,isolation_forest,2,0.01,quantile_regression_W,9,0.009068231601660837,0.03568934514663092,0.026621113544970085,0.01356186888535739,0.015000021215270672,4,results/extension/DS06/audit/paired_transport_engines.csv
DS06,isolation_forest,2,0.01,quantile_regression_W,10,0.0052596480891293285,0.03362705710799631,0.02836740901886698,0.023775373561207992,0.017044195340993027,4,results/extension/DS06/audit/paired_transport_engines.csv
DS06,isolation_forest,2,0.02,phase_conditioned,7,0.01626202585942766,0.015480002160955143,-0.0007820236984725174,-0.01043727852311253,-0.005664633875347845,1,results/extension/DS06/audit/paired_transport_engines.csv
DS06,isolation_forest,2,0.02,phase_conditioned,8,0.013070743379311838,0.014164639091646388,0.00109389571233455,0.006549351825018035,0.0024516634842714716,4,results/extension/DS06/audit/paired_transport_engines.csv
DS06,isolation_forest,2,0.02,phase_conditioned,9,0.017969579534508635,0.012213794624449836,-0.005755784910058799,-0.014461026873932845,-0.00657534538760861,1,results/extension/DS06/audit/paired_transport_engines.csv
DS06,isolation_forest,2,0.02,phase_conditioned,10,0.011994762372407226,0.011081710811751789,-0.0009130515606554368,-0.0013119010218952433,-0.0014931956110286982,1,results/extension/DS06/audit/paired_transport_engines.csv
DS06,isolation_forest,2,0.02,quantile_regression_W,7,0.01626202585942766,0.04236156381120455,0.026099537951776892,-0.011490035579876146,0.016696985193954274,2,results/extension/DS06/audit/paired_transport_engines.csv
DS06,isolation_forest,2,0.02,quantile_regression_W,8,0.013070743379311838,0.004860731462579149,-0.00821001191673269,-0.013061825027322845,-0.005452722257108919,1,results/extension/DS06/audit/paired_transport_engines.csv
DS06,isolation_forest,2,0.02,quantile_regression_W,9,0.017969579534508635,0.05903684571876941,0.04106726618426078,0.013012813106738214,0.022510940151188805,4,results/extension/DS06/audit/paired_transport_engines.csv
DS06,isolation_forest,2,0.02,quantile_regression_W,10,0.011994762372407226,0.07204535309347379,0.06005059072106657,0.03981286323466539,0.036763593291156166,4,results/extension/DS06/audit/paired_transport_engines.csv
DS06,lstm_autoencoder,0,0.005,phase_conditioned,7,0.005157136882356456,0.0037470872916293236,-0.0014100495907271322,-0.0019207017957233521,-0.0005136654595433564,1,results/extension/DS06/audit/paired_transport_engines.csv
DS06,lstm_autoencoder,0,0.005,phase_conditioned,8,0.003917303653017475,0.0030944544293107553,-0.0008228492237067194,0.0001486413077894386,-6.042005912077755e-05,3,results/extension/DS06/audit/paired_transport_engines.csv
DS06,lstm_autoencoder,0,0.005,phase_conditioned,9,0.003986497531631085,0.004176599192612694,0.00019010166098160867,-2.352915014553012e-05,-0.00024748264496710255,3,results/extension/DS06/audit/paired_transport_engines.csv
DS06,lstm_autoencoder,0,0.005,phase_conditioned,10,0.003634135890088112,0.002649586998858371,-0.000984548891229741,-0.0008388414912395741,-0.00033498365504136454,1,results/extension/DS06/audit/paired_transport_engines.csv
DS06,lstm_autoencoder,0,0.005,quantile_regression_W,7,0.005157136882356456,0.023514819126988988,0.018357682244632533,0.013497910562020465,0.010841125239827453,4,results/extension/DS06/audit/paired_transport_engines.csv
DS06,lstm_autoencoder,0,0.005,quantile_regression_W,8,0.003917303653017475,0.003310354149770208,-0.0006069495032472666,0.0018547807885011085,-4.718271451258473e-05,3,results/extension/DS06/audit/paired_transport_engines.csv
DS06,lstm_autoencoder,0,0.005,quantile_regression_W,9,0.003986497531631085,0.025862784843234052,0.021876287311602967,0.018155716535858697,0.01162913675931923,4,results/extension/DS06/audit/paired_transport_engines.csv
DS06,lstm_autoencoder,0,0.005,quantile_regression_W,10,0.003634135890088112,0.017121642250729797,0.013487506360641686,0.017621845728015718,0.007697867894278029,4,results/extension/DS06/audit/paired_transport_engines.csv
DS06,lstm_autoencoder,0,0.01,phase_conditioned,7,0.00833064467945271,0.00910644504871153,0.0007758003692588215,-0.0026149302719160866,-0.00029046100837107434,3,results/extension/DS06/audit/paired_transport_engines.csv
DS06,lstm_autoencoder,0,0.01,phase_conditioned,8,0.004521556484268423,0.0069640443363071115,0.002442487852038689,0.0027358918713139705,0.001451918242709578,4,results/extension/DS06/audit/paired_transport_engines.csv
DS06,lstm_autoencoder,0,0.01,phase_conditioned,9,0.008547971595618377,0.00624363535244086,-0.002304336243177517,-0.005361190462290211,-0.0017353897281719944,1,results/extension/DS06/audit/paired_transport_engines.csv
DS06,lstm_autoencoder,0,0.01,phase_conditioned,10,0.0029028629583009724,0.002736958009701515,-0.00016590494859945737,0.00026522795046709374,-0.00017895880269828577,3,results/extension/DS06/audit/paired_transport_engines.csv
DS06,lstm_autoencoder,0,0.01,quantile_regression_W,7,0.00833064467945271,0.049235655779561655,0.04090501110010895,0.03214457927357277,0.022900678812716534,4,results/extension/DS06/audit/paired_transport_engines.csv
DS06,lstm_autoencoder,0,0.01,quantile_regression_W,8,0.004521556484268423,0.004659708538143393,0.00013815205387497035,0.0025550078210328135,0.0008677232792433081,4,results/extension/DS06/audit/paired_transport_engines.csv
DS06,lstm_autoencoder,0,0.01,quantile_regression_W,9,0.008547971595618377,0.04139438323470755,0.032846411639089176,0.020317971117682514,0.018019868252528097,4,results/extension/DS06/audit/paired_transport_engines.csv
DS06,lstm_autoencoder,0,0.01,quantile_regression_W,10,0.0029028629583009724,0.024012694501727418,0.021109831543426445,0.018008629475063008,0.01260411819491461,4,results/extension/DS06/audit/paired_transport_engines.csv
DS06,lstm_autoencoder,0,0.02,phase_conditioned,7,0.015621676525064226,0.013422772865606596,-0.0021989036594576294,-0.012595782553180692,-0.0027954122819192455,1,results/extension/DS06/audit/paired_transport_engines.csv
DS06,lstm_autoencoder,0,0.02,phase_conditioned,8,0.008588807785888077,0.020585293322519602,0.011996485536631525,0.010199209600640531,0.004349215351473128,4,results/extension/DS06/audit/paired_transport_engines.csv
DS06,lstm_autoencoder,0,0.02,phase_conditioned,9,0.023132994332564234,0.01410779867097529,-0.009025195661588943,-0.01687166638444506,-0.005538623003175952,1,results/extension/DS06/audit/paired_transport_engines.csv
DS06,lstm_autoencoder,0,0.02,phase_conditioned,10,0.005653079041031496,0.008985507246376812,0.0033324282053453155,0.0017391814009768969,0.001188087222537315,4,results/extension/DS06/audit/paired_transport_engines.csv
DS06,lstm_autoencoder,0,0.02,quantile_regression_W,7,0.015621676525064226,0.09122005024817696,0.07559837372311273,0.058415536063104415,0.04328141991686192,4,results/extension/DS06/audit/paired_transport_engines.csv
DS06,lstm_autoencoder,0,0.02,quantile_regression_W,8,0.008588807785888077,0.008442822384428224,-0.00014598540145985273,-0.00023779805168397047,-0.0014331957131267286,1,results/extension/DS06/audit/paired_transport_engines.csv
DS06,lstm_autoencoder,0,0.02,quantile_regression_W,9,0.023132994332564234,0.07739431784745153,0.0542613235148873,0.037483143815080486,0.031781591177057665,4,results/extension/DS06/audit/paired_transport_engines.csv
DS06,lstm_autoencoder,0,0.02,quantile_regression_W,10,0.005653079041031496,0.030510190417525913,0.024857111376494417,0.01915399955298692,0.01688042811522592,4,results/extension/DS06/audit/paired_transport_engines.csv
DS06,lstm_autoencoder,1,0.005,phase_conditioned,7,0.005874111250522794,0.0050304334515856005,-0.0008436777989371935,-0.0017219995915306935,-0.00018066622693000464,1,results/extension/DS06/audit/paired_transport_engines.csv
DS06,lstm_autoencoder,1,0.005,phase_conditioned,8,0.003116108356250406,0.0021973288121518286,-0.0009187795440985776,0.0008046592231358103,-6.665523673717337e-06,3,results/extension/DS06/audit/paired_transport_engines.csv
DS06,lstm_autoencoder,1,0.005,phase_conditioned,9,0.004464393718778701,0.0049341240998398645,0.0004697303810611633,-0.00010240810914709589,-0.0003249190277159952,3,results/extension/DS06/audit/paired_transport_engines.csv
DS06,lstm_autoencoder,1,0.005,phase_conditioned,10,0.002884249712097271,0.0025152776845074206,-0.0003689720275898505,0.0003758737035857618,-0.00024633361871818633,3,results/extension/DS06/audit/paired_transport_engines.csv
DS06,lstm_autoencoder,1,0.005,quantile_regression_W,7,0.005874111250522794,0.05887237780092735,0.05299826655040456,0.044703964015405454,0.031681064287438415,4,results/extension/DS06/audit/paired_transport_engines.csv
DS06,lstm_autoencoder,1,0.005,quantile_regression_W,8,0.003116108356250406,0.0032765612327656122,0.00016045287651520607,0.0030594989381994876,0.0005086261529887537,4,results/extension/DS06/audit/paired_transport_engines.csv
DS06,lstm_autoencoder,1,0.005,quantile_regression_W,9,0.004464393718778701,0.030063916042763265,0.025599522323984564,0.01769896917344612,0.013942314312550552,4,results/extension/DS06/audit/paired_transport_engines.csv
DS06,lstm_autoencoder,1,0.005,quantile_regression_W,10,0.002884249712097271,0.019317737486274404,0.016433487774177132,0.02063129901438468,0.009475255065753228,4,results/extension/DS06/audit/paired_transport_engines.csv
DS06,lstm_autoencoder,1,0.01,phase_conditioned,7,0.009107366911632908,0.009862779348472026,0.0007554124368391174,-0.0026557442925356396,-0.0006425354204437567,3,results/extension/DS06/audit/paired_transport_engines.csv
DS06,lstm_autoencoder,1,0.01,phase_conditioned,8,0.003243974794829042,0.00517301973506353,0.001929044940234488,0.0024856279748689163,0.0012568701966643647,4,results/extension/DS06/audit/paired_transport_engines.csv
DS06,lstm_autoencoder,1,0.01,phase_conditioned,9,0.008312761810891333,0.00969564758790645,0.0013828857770151158,-0.0011835640219190705,-0.0006508285321738952,3,results/extension/DS06/audit/paired_transport_engines.csv
DS06,lstm_autoencoder,1,0.01,phase_conditioned,10,0.0016311866227922897,0.003748772431032943,0.002117585808240653,0.0022260663252850754,0.001057978664585721,4,results/extension/DS06/audit/paired_transport_engines.csv
DS06,lstm_autoencoder,1,0.01,quantile_regression_W,7,0.009107366911632908,0.10810364197152604,0.09899627505989313,0.07983909910106429,0.057469063135368384,4,results/extension/DS06/audit/paired_transport_engines.csv
DS06,lstm_autoencoder,1,0.01,quantile_regression_W,8,0.003243974794829042,0.006218791277798228,0.0029748164829691863,0.00784253743532793,0.0030505976984493578,4,results/extension/DS06/audit/paired_transport_engines.csv
DS06,lstm_autoencoder,1,0.01,quantile_regression_W,9,0.008312761810891333,0.07310720240625103,0.0647944405953597,0.05062923069294848,0.03685144078577998,4,results/extension/DS06/audit/paired_transport_engines.csv
DS06,lstm_autoencoder,1,0.01,quantile_regression_W,10,0.0016311866227922897,0.026208789737272017,0.024577603114479728,0.024027967991204498,0.013895958273365911,4,results/extension/DS06/audit/paired_transport_engines.csv
DS06,lstm_autoencoder,1,0.02,phase_conditioned,7,0.01773675091115493,0.021567089486692403,0.0038303385755374744,-0.010228385450484566,0.0030860622930577366,2,results/extension/DS06/audit/paired_transport_engines.csv
DS06,lstm_autoencoder,1,0.02,phase_conditioned,8,0.004972174703882549,0.01774668829413355,0.012774513590251002,0.013486437660519802,0.006855219014990168,4,results/extension/DS06/audit/paired_transport_engines.csv
DS06,lstm_autoencoder,1,0.02,phase_conditioned,9,0.021357024365453028,0.023581654472753077,0.002224630107300049,-0.018695606179695082,-0.00015944803146565947,3,results/extension/DS06/audit/paired_transport_engines.csv
DS06,lstm_autoencoder,1,0.02,phase_conditioned,10,0.005935128601168491,0.01517543076511026,0.009240302163941769,0.0085084976621464,0.005137194152026657,4,results/extension/DS06/audit/paired_transport_engines.csv
DS06,lstm_autoencoder,1,0.02,quantile_regression_W,7,0.01773675091115493,0.28771901873072286,0.2699822678195679,0.22406598270135497,0.16317418530773928,4,results/extension/DS06/audit/paired_transport_engines.csv
DS06,lstm_autoencoder,1,0.02,quantile_regression_W,8,0.004972174703882549,0.0094566098945661,0.004484435190683551,0.008525867067193011,0.0033283187578401004,4,results/extension/DS06/audit/paired_transport_engines.csv
DS06,lstm_autoencoder,1,0.02,quantile_regression_W,9,0.021357024365453028,0.13313695360774186,0.11177992924228883,0.0746974206047639,0.06355163107333248,4,results/extension/DS06/audit/paired_transport_engines.csv
DS06,lstm_autoencoder,1,0.02,quantile_regression_W,10,0.005935128601168491,0.034393529553549906,0.028458400952381415,0.02505384109500214,0.019990703023139045,4,results/extension/DS06/audit/paired_transport_engines.csv
DS06,lstm_autoencoder,2,0.005,phase_conditioned,7,0.005288582183186951,0.0039024317380653645,-0.0013861504451215863,-0.0016312635035197719,-0.0001506758209789548,1,results/extension/DS06/audit/paired_transport_engines.csv
DS06,lstm_autoencoder,2,0.005,phase_conditioned,8,0.0037007643836209697,0.002553106255819493,-0.0011476581278014766,-0.00033662811969117695,-9.036577238343653e-05,1,results/extension/DS06/audit/paired_transport_engines.csv
DS06,lstm_autoencoder,2,0.005,phase_conditioned,9,0.0038720698335894333,0.005480692703788583,0.0016086228701991494,0.0014301087257317328,0.00030583711701143244,4,results/extension/DS06/audit/paired_transport_engines.csv
DS06,lstm_autoencoder,2,0.005,phase_conditioned,10,0.002616433219957685,0.002743603518904036,0.00012717029894635098,0.00014409256109851158,4.2439698341156405e-05,4,results/extension/DS06/audit/paired_transport_engines.csv
DS06,lstm_autoencoder,2,0.005,quantile_regression_W,7,0.005288582183186951,0.024148027861184303,0.01885944567799735,0.012086917834473064,0.011987605695632187,4,results/extension/DS06/audit/paired_transport_engines.csv
DS06,lstm_autoencoder,2,0.005,quantile_regression_W,8,0.0037007643836209697,0.0032765612327656122,-0.00042420315085535745,0.0021132972620708044,0.00037307996212899205,3,results/extension/DS06/audit/paired_transport_engines.csv
DS06,lstm_autoencoder,2,0.005,quantile_regression_W,9,0.0038720698335894333,0.02367231176643672,0.01980024193284729,0.013581967252620591,0.010474610375949576,4,results/extension/DS06/audit/paired_transport_engines.csv
DS06,lstm_autoencoder,2,0.005,quantile_regression_W,10,0.002616433219957685,0.02301360507780069,0.020397171857843004,0.024105133610516846,0.011551501528091881,4,results/extension/DS06/audit/paired_transport_engines.csv
DS06,lstm_autoencoder,2,0.01,phase_conditioned,7,0.009513652386927167,0.010763177324377376,0.0012495249374502096,-0.001916518733526362,0.0004351521644269654,2,results/extension/DS06/audit/paired_transport_engines.csv
DS06,lstm_autoencoder,2,0.01,phase_conditioned,8,0.00400186223771681,0.010512300621789672,0.006510438384072862,0.0061371686764045644,0.003190787810893008,4,results/extension/DS06/audit/paired_transport_engines.csv
DS06,lstm_autoencoder,2,0.01,phase_conditioned,9,0.010026433099616943,0.010951796484700875,0.000925363385083932,-0.002425733486135867,-0.00042647753351397234,3,results/extension/DS06/audit/paired_transport_engines.csv
DS06,lstm_autoencoder,2,0.01,phase_conditioned,10,0.002705661137599893,0.0045225128708746235,0.0018168517332747304,0.00016932941953965667,0.0005416010887073341,4,results/extension/DS06/audit/paired_transport_engines.csv
DS06,lstm_autoencoder,2,0.01,quantile_regression_W,7,0.009513652386927167,0.05211573421574034,0.04260208182881317,0.024943242857664135,0.02585113664637468,4,results/extension/DS06/audit/paired_transport_engines.csv
DS06,lstm_autoencoder,2,0.01,quantile_regression_W,8,0.00400186223771681,0.006500292328013685,0.0024984300902968753,0.006446794513113852,0.0023020022659827276,4,results/extension/DS06/audit/paired_transport_engines.csv
DS06,lstm_autoencoder,2,0.01,quantile_regression_W,9,0.010026433099616943,0.04383005852159414,0.0338036254219772,0.02430780177571155,0.018594519676251853,4,results/extension/DS06/audit/paired_transport_engines.csv
DS06,lstm_autoencoder,2,0.01,quantile_regression_W,10,0.002705661137599893,0.02886017300945392,0.026154511871854025,0.023862304849234395,0.01523424060770074,4,results/extension/DS06/audit/paired_transport_engines.csv
DS06,lstm_autoencoder,2,0.02,phase_conditioned,7,0.01933799366672641,0.01455727431524734,-0.004780719351479071,-0.013032858984218007,-0.003418227843473124,1,results/extension/DS06/audit/paired_transport_engines.csv
DS06,lstm_autoencoder,2,0.02,phase_conditioned,8,0.010886726142200594,0.019301162476344957,0.008414436334144362,0.007375047841041142,0.0023711983973638898,4,results/extension/DS06/audit/paired_transport_engines.csv
DS06,lstm_autoencoder,2,0.02,phase_conditioned,9,0.029718868304921483,0.01762693336657493,-0.012091934938346552,-0.018924903192833752,-0.006565227927356865,1,results/extension/DS06/audit/paired_transport_engines.csv
DS06,lstm_autoencoder,2,0.02,phase_conditioned,10,0.006700691692968906,0.010562747373746392,0.003862055680777486,0.003430080682201502,0.002113263951036566,4,results/extension/DS06/audit/paired_transport_engines.csv
DS06,lstm_autoencoder,2,0.02,quantile_regression_W,7,0.01933799366672641,0.10901117307024531,0.0896731794035189,0.05324512428441123,0.055179965850085784,4,results/extension/DS06/audit/paired_transport_engines.csv
DS06,lstm_autoencoder,2,0.02,quantile_regression_W,8,0.010886726142200594,0.011517977831846445,0.0006312516896458502,0.0030729484913608433,-0.0004179253081957688,3,results/extension/DS06/audit/paired_transport_engines.csv
DS06,lstm_autoencoder,2,0.02,quantile_regression_W,9,0.029718868304921483,0.09014483277209272,0.06042596446717123,0.04824757301919977,0.03637322016568212,4,results/extension/DS06/audit/paired_transport_engines.csv
DS06,lstm_autoencoder,2,0.02,quantile_regression_W,10,0.006700691692968906,0.037848362302150565,0.03114767060918166,0.02394650616731779,0.02139506589764649,4,results/extension/DS06/audit/paired_transport_engines.csv
DS06,cvae,0,0.005,phase_conditioned,7,0.00814453008304953,0.005246528965802885,-0.0028980011172466446,-0.003510783763242111,-0.0007270603046538029,1,results/extension/DS06/audit/paired_transport_engines.csv
DS06,cvae,0,0.005,phase_conditioned,8,0.0053406326034063254,0.005813733441470668,0.0004731008380643425,-0.0019508169365452903,0.0007568528768116824,2,results/extension/DS06/audit/paired_transport_engines.csv
DS06,cvae,0,0.005,phase_conditioned,9,0.0037412953215418317,0.0035287867394644783,-0.00021250858207735347,0.0019929436794701074,0.00048322577059663804,3,results/extension/DS06/audit/paired_transport_engines.csv
DS06,cvae,0,0.005,phase_conditioned,10,0.0036609175393020705,0.00394507083746217,0.00028415329816009957,-0.00013700204920369385,3.6924415252892646e-05,2,results/extension/DS06/audit/paired_transport_engines.csv
DS06,cvae,0,0.005,quantile_regression_W,7,0.00814453008304953,0.004634258342187247,-0.0035102717408622827,-0.0039800717694588065,-0.0019788123224592623,1,results/extension/DS06/audit/paired_transport_engines.csv
DS06,cvae,0,0.005,quantile_regression_W,8,0.0053406326034063254,0.005047422099997835,-0.0002932105034084906,-0.002633433485233376,-0.0008822378788769171,1,results/extension/DS06/audit/paired_transport_engines.csv
DS06,cvae,0,0.005,quantile_regression_W,9,0.0037412953215418317,0.0031314065990967225,-0.0006098887224451092,0.0020860942012579427,0.00018406341667280036,3,results/extension/DS06/audit/paired_transport_engines.csv
DS06,cvae,0,0.005,quantile_regression_W,10,0.0036609175393020705,0.0038915075390342528,0.00023058999973218225,0.002011618981148557,0.0005561723639712036,4,results/extension/DS06/audit/paired_transport_engines.csv
DS06,cvae,0,0.01,phase_conditioned,7,0.010959550696062614,0.00735967297545515,-0.003599877720607464,-0.004600756042400058,-0.0011265567556206831,1,results/extension/DS06/audit/paired_transport_engines.csv
DS06,cvae,0,0.01,phase_conditioned,8,0.008619897269532306,0.012066774804001082,0.0034468775344687758,0.0041349889234137994,0.0032413441101046808,4,results/extension/DS06/audit/paired_transport_engines.csv
DS06,cvae,0,0.01,phase_conditioned,9,0.006894105338869454,0.006321966848661196,-0.0005721384902082583,-0.0008734680448969469,5.4921921212511965e-05,3,results/extension/DS06/audit/paired_transport_engines.csv
DS06,cvae,0,0.01,phase_conditioned,10,0.00309585453679731,0.009148879187980396,0.0060530246511830855,0.006000644018586215,0.003184835898312914,4,results/extension/DS06/audit/paired_transport_engines.csv
DS06,cvae,0,0.01,quantile_regression_W,7,0.010959550696062614,0.007431704813527578,-0.0035278458825350363,-0.004998524232924153,-0.001548626889440006,1,results/extension/DS06/audit/paired_transport_engines.csv
DS06,cvae,0,0.01,quantile_regression_W,8,0.008619897269532306,0.007193217990082502,-0.0014266792794498037,0.00040326111195188204,-0.0019387938707408781,3,results/extension/DS06/audit/paired_transport_engines.csv
DS06,cvae,0,0.01,quantile_regression_W,9,0.006894105338869454,0.0028727890934056952,-0.004021316245463759,-0.0022897941503782666,-0.002317393831078037,1,results/extension/DS06/audit/paired_transport_engines.csv
DS06,cvae,0,0.01,quantile_regression_W,10,0.00309585453679731,0.006952783952435792,0.0038569294156384822,0.006833009385601767,0.0027855956263824295,4,results/extension/DS06/audit/paired_transport_engines.csv
DS06,cvae,0,0.02,phase_conditioned,7,0.013972635478281651,0.008416560119572852,-0.005556075358708799,-0.004597925157379928,-0.001959650844312267,1,results/extension/DS06/audit/paired_transport_engines.csv
DS06,cvae,0,0.02,phase_conditioned,8,0.03237902135712355,0.028425250067585835,-0.0039537712895377115,-0.002144396546854166,0.0009891810690926747,3,results/extension/DS06/audit/paired_transport_engines.csv
DS06,cvae,0,0.02,phase_conditioned,9,0.012235263347173637,0.013052604047471147,0.0008173407002975107,-0.0036062278340430716,7.914447211417736e-05,2,results/extension/DS06/audit/paired_transport_engines.csv
DS06,cvae,0,0.02,phase_conditioned,10,0.0025501486381531366,0.021056268244998528,0.01850611960684539,0.023938379993895514,0.010498960943780783,4,results/extension/DS06/audit/paired_transport_engines.csv
DS06,cvae,0,0.02,quantile_regression_W,7,0.013972635478281651,0.007768273576921,-0.006204361901360651,-0.008024159695211221,-0.002719655731777104,1,results/extension/DS06/audit/paired_transport_engines.csv
DS06,cvae,0,0.02,quantile_regression_W,8,0.03237902135712355,0.010705268400424416,-0.02167375295669913,-0.012650094971221217,-0.011637739550275555,1,results/extension/DS06/audit/paired_transport_engines.csv
DS06,cvae,0,0.02,quantile_regression_W,9,0.012235263347173637,0.00644849118906725,-0.005786772158106386,-0.0061675880000454115,-0.0046052001490706805,1,results/extension/DS06/audit/paired_transport_engines.csv
DS06,cvae,0,0.02,quantile_regression_W,10,0.0025501486381531366,0.01698545756447682,0.014435308926323682,0.024821286368813936,0.009806468977138555,4,results/extension/DS06/audit/paired_transport_engines.csv
DS06,cvae,1,0.005,phase_conditioned,7,0.006041405269761606,0.006471070213034161,0.0004296649432725553,-0.001041013407116563,-0.00046487951458541905,3,results/extension/DS06/audit/paired_transport_engines.csv
DS06,cvae,1,0.005,phase_conditioned,8,0.002646794228573406,0.002096512570965126,-0.00055028165760828,-0.0008205747152660561,-0.00036349933176535194,1,results/extension/DS06/audit/paired_transport_engines.csv
DS06,cvae,1,0.005,phase_conditioned,9,0.003022035505280021,0.00581630500445885,0.0027942694991788287,0.0026380786316597404,0.0013409533112672045,4,results/extension/DS06/audit/paired_transport_engines.csv
DS06,cvae,1,0.005,phase_conditioned,10,0.0034227598726304202,0.0025018467530723257,-0.0009209131195580945,-0.0004132297384919106,-0.0006216123657187627,1,results/extension/DS06/audit/paired_transport_engines.csv
DS06,cvae,1,0.005,quantile_regression_W,7,0.006041405269761606,0.004256091192306999,-0.0017853140774546066,-0.003317270692443271,-0.001221261777873859,1,results/extension/DS06/audit/paired_transport_engines.csv
DS06,cvae,1,0.005,quantile_regression_W,8,0.002646794228573406,0.0049391524652995815,0.0022923582367261755,0.0016164998966342594,0.0009878282201343624,4,results/extension/DS06/audit/paired_transport_engines.csv
DS06,cvae,1,0.005,quantile_regression_W,9,0.003022035505280021,0.002939628141570858,-8.24073637091631e-05,-0.0018178639286812659,-4.732329154972983e-05,1,results/extension/DS06/audit/paired_transport_engines.csv
DS06,cvae,1,0.005,quantile_regression_W,10,0.0034227598726304202,0.004186105680387798,0.0007633458077573778,0.00419164057870343,0.0009243006905650729,4,results/extension/DS06/audit/paired_transport_engines.csv
DS06,cvae,1,0.01,phase_conditioned,7,0.009107366911632908,0.010150906700761736,0.0010435397891288278,-0.0029803995862413956,-0.0007571522868519811,3,results/extension/DS06/audit/paired_transport_engines.csv
DS06,cvae,1,0.01,phase_conditioned,8,0.0043420642884329265,0.006088867716160325,0.0017468034277273985,-0.0002961637921071389,0.0014194304805130258,2,results/extension/DS06/audit/paired_transport_engines.csv
DS06,cvae,1,0.01,phase_conditioned,9,0.004867100402131625,0.010865496178814235,0.00599839577668261,0.005137758392148561,0.0027103655457525067,4,results/extension/DS06/audit/paired_transport_engines.csv
DS06,cvae,1,0.01,phase_conditioned,10,0.006131297800791596,0.0040635283056879995,-0.0020677694951035967,0.0005796735959556166,-0.0006370727183986338,3,results/extension/DS06/audit/paired_transport_engines.csv
DS06,cvae,1,0.01,quantile_regression_W,7,0.009107366911632908,0.004136248221713998,-0.00497111868991891,-0.009178892859087774,-0.0035081184946250195,1,results/extension/DS06/audit/paired_transport_engines.csv
DS06,cvae,1,0.01,quantile_regression_W,8,0.0043420642884329265,0.006218791277798228,0.001876726989365302,0.0018429340723607052,0.0009283648729697448,4,results/extension/DS06/audit/paired_transport_engines.csv
DS06,cvae,1,0.01,quantile_regression_W,9,0.004867100402131625,0.00803676393030771,0.003169663528176085,0.0002369399448561675,0.0015711277617007635,4,results/extension/DS06/audit/paired_transport_engines.csv
DS06,cvae,1,0.01,quantile_regression_W,10,0.006131297800791596,0.006220575543850252,8.927774305865586e-05,0.0057362655460812305,0.0014428401963769437,4,results/extension/DS06/audit/paired_transport_engines.csv
DS06,cvae,1,0.02,phase_conditioned,7,0.016219155165202847,0.017762691109470385,0.0015435359442675378,-0.005809855807678045,-0.0013305406003078259,3,results/extension/DS06/audit/paired_transport_engines.csv
DS06,cvae,1,0.02,phase_conditioned,8,0.009116639562644892,0.01832116788321168,0.009204528320566788,0.00936419023621194,0.007169432149293247,4,results/extension/DS06/audit/paired_transport_engines.csv
DS06,cvae,1,0.02,phase_conditioned,9,0.009897668944322752,0.02300631910017548,0.013108650155852728,0.012040877847449359,0.006166638625652684,4,results/extension/DS06/audit/paired_transport_engines.csv
DS06,cvae,1,0.02,phase_conditioned,10,0.010625836978841176,0.00801360507780069,-0.0026122319010404866,-4.4237810650318496e-05,-0.0005032372323430555,1,results/extension/DS06/audit/paired_transport_engines.csv
DS06,cvae,1,0.02,quantile_regression_W,7,0.016219155165202847,0.006468303758140646,-0.009750851407062201,-0.018860886744194786,-0.007793860916768165,1,results/extension/DS06/audit/paired_transport_engines.csv
DS06,cvae,1,0.02,quantile_regression_W,8,0.009116639562644892,0.006331175158615015,-0.002785464404029877,-0.0049482110923240105,-0.0018737510227506012,1,results/extension/DS06/audit/paired_transport_engines.csv
DS06,cvae,1,0.02,quantile_regression_W,9,0.009897668944322752,0.014347521742882622,0.00444985279855987,0.0020044231796123857,0.0030964780890706247,4,results/extension/DS06/audit/paired_transport_engines.csv
DS06,cvae,1,0.02,quantile_regression_W,10,0.010625836978841176,0.009584263309823529,-0.0010415736690176473,0.002837690397448295,0.0008002054171307414,3,results/extension/DS06/audit/paired_transport_engines.csv
DS06,cvae,2,0.005,phase_conditioned,7,0.007833841190177451,0.005012425492067494,-0.002821415698109957,-0.004642096656999294,-0.00048148917280251176,1,results/extension/DS06/audit/paired_transport_engines.csv
DS06,cvae,2,0.005,phase_conditioned,8,0.004458651826508737,0.004394430927277642,-6.422089923109522e-05,-4.7341488607067356e-05,-1.946507190198456e-05,1,results/extension/DS06/audit/paired_transport_engines.csv
DS06,cvae,2,0.005,phase_conditioned,9,0.010879256283141715,0.04692401737512825,0.03604476109198654,0.036777979471073835,0.020783304206431406,4,results/extension/DS06/audit/paired_transport_engines.csv
DS06,cvae,2,0.005,phase_conditioned,10,0.004598275261790621,0.003938956416627493,-0.0006593188451631277,-0.00029424835834354363,-0.00010783974154121015,1,results/extension/DS06/audit/paired_transport_engines.csv
DS06,cvae,2,0.005,quantile_regression_W,7,0.007833841190177451,0.007461507986530047,-0.00037233320364740436,-0.005073092598715429,0.0018092113731418098,3,results/extension/DS06/audit/paired_transport_engines.csv
DS06,cvae,2,0.005,quantile_regression_W,8,0.004458651826508737,0.0033109936987072604,-0.001147658127801477,-0.005179427552857876,-0.00097040952922515,1,results/extension/DS06/audit/paired_transport_engines.csv
DS06,cvae,2,0.005,quantile_regression_W,9,0.010879256283141715,0.010361454447821876,-0.0005178018353198394,-0.0015094552108975302,-0.00029326184180138246,1,results/extension/DS06/audit/paired_transport_engines.csv
DS06,cvae,2,0.005,quantile_regression_W,10,0.004598275261790621,0.004285778055530756,-0.0003124972062598652,0.000694822651372262,2.0683331112731056e-05,3,results/extension/DS06/audit/paired_transport_engines.csv
DS06,cvae,2,0.01,phase_conditioned,7,0.010314273764712912,0.00478453476436585,-0.0055297390003470615,-0.010135508312488549,-0.0025107288363814834,1,results/extension/DS06/audit/paired_transport_engines.csv
DS06,cvae,2,0.01,phase_conditioned,8,0.008805577661672606,0.006558529332251961,-0.002247048329420645,-0.006209716959376688,-0.0034450933642539245,1,results/extension/DS06/audit/paired_transport_engines.csv
DS06,cvae,2,0.01,phase_conditioned,9,0.026514618312924905,0.06789082052413054,0.04137620221120563,0.04271308641289675,0.023871488715363817,4,results/extension/DS06/audit/paired_transport_engines.csv
DS06,cvae,2,0.01,phase_conditioned,10,0.008580572591660195,0.005836411255120542,-0.0027441613365396522,-0.0037782111578849413,-0.0004727289644411549,1,results/extension/DS06/audit/paired_transport_engines.csv
DS06,cvae,2,0.01,quantile_regression_W,7,0.010314273764712912,0.010409870347135091,9.55965824221798e-05,-0.010699277454273508,0.0033666381239730063,2,results/extension/DS06/audit/paired_transport_engines.csv
DS06,cvae,2,0.01,quantile_regression_W,8,0.008805577661672606,0.005972369589225006,-0.0028332080724475994,-0.011607419667679152,-0.0038668911592749534,1,results/extension/DS06/audit/paired_transport_engines.csv
DS06,cvae,2,0.01,quantile_regression_W,9,0.026514618312924905,0.021605089800262732,-0.004909528512662173,-0.00648476545521065,-0.0029091874901952443,1,results/extension/DS06/audit/paired_transport_engines.csv
DS06,cvae,2,0.01,quantile_regression_W,10,0.008580572591660195,0.006637205011457311,-0.0019433675802028837,-0.002843239986354251,2.6994837987566293e-05,3,results/extension/DS06/audit/paired_transport_engines.csv
DS06,cvae,2,0.02,phase_conditioned,7,0.018740515026587797,0.0046758678377247995,-0.014064647188862998,-0.023703910623379492,-0.008917612400944094,1,results/extension/DS06/audit/paired_transport_engines.csv
DS06,cvae,2,0.02,phase_conditioned,8,0.018112868066848895,0.0116639632333063,-0.006448904833542594,-0.012923428988498097,-0.007910598854218324,1,results/extension/DS06/audit/paired_transport_engines.csv
DS06,cvae,2,0.02,phase_conditioned,9,0.04328689098353582,0.08933289863549627,0.04604600765196046,0.04818744028673994,0.026636615900495715,4,results/extension/DS06/audit/paired_transport_engines.csv
DS06,cvae,2,0.02,phase_conditioned,10,0.016866547041966846,0.010412169581402822,-0.006454377460564023,-0.010293320412086209,-0.002282860208507615,1,results/extension/DS06/audit/paired_transport_engines.csv
DS06,cvae,2,0.02,quantile_regression_W,7,0.018740515026587797,0.019023248275737873,0.00028273324915007586,-0.023307548425863182,0.005239607642565546,2,results/extension/DS06/audit/paired_transport_engines.csv
DS06,cvae,2,0.02,quantile_regression_W,8,0.018112868066848895,0.012053008813148264,-0.006059859253700631,-0.01648394680121131,-0.008246461773688974,1,results/extension/DS06/audit/paired_transport_engines.csv
DS06,cvae,2,0.02,quantile_regression_W,9,0.04328689098353582,0.03351577857259294,-0.009771112410942875,-0.009934580551002388,-0.0056574572680182025,1,results/extension/DS06/audit/paired_transport_engines.csv
DS06,cvae,2,0.02,quantile_regression_W,10,0.016866547041966846,0.011483435549961167,-0.005383111492005679,-0.01446863798906446,-0.0006243433617515639,1,results/extension/DS06/audit/paired_transport_engines.csv
DS07,pca,-1,0.005,phase_conditioned,7,0.004066788655077768,0.0023284537968892957,-0.0017383348581884723,-0.0030621397407172234,-0.0012289422429288498,1,results/extension/DS07/audit/paired_transport_engines.csv
DS07,pca,-1,0.005,phase_conditioned,8,0.003008668150404123,0.0027275867892950913,-0.00028108136110903187,-0.00022604556118020628,-0.0003655721600578049,1,results/extension/DS07/audit/paired_transport_engines.csv
DS07,pca,-1,0.005,phase_conditioned,9,0.004667290496984821,0.00416822624246205,-0.0004990642545227705,-0.0008386154000908138,-0.000376970373918927,1,results/extension/DS07/audit/paired_transport_engines.csv
DS07,pca,-1,0.005,phase_conditioned,10,0.002842084877994799,0.003091925705866725,0.00024984082787192583,0.0005095322935734529,-0.00013409889569495227,3,results/extension/DS07/audit/paired_transport_engines.csv
DS07,pca,-1,0.005,quantile_regression_W,7,0.004066788655077768,0.003938700823421775,-0.00012808783165599302,-0.003637017103749355,3.731155478647972e-05,3,results/extension/DS07/audit/paired_transport_engines.csv
DS07,pca,-1,0.005,quantile_regression_W,8,0.003008668150404123,0.0016030221389246807,-0.0014056460114794424,-0.0024497277569384543,-0.0010095695552765538,1,results/extension/DS07/audit/paired_transport_engines.csv
DS07,pca,-1,0.005,quantile_regression_W,9,0.004667290496984821,0.014658180396894486,0.009990889899909665,0.006911177895613749,0.004625911357054503,4,results/extension/DS07/audit/paired_transport_engines.csv
DS07,pca,-1,0.005,quantile_regression_W,10,0.002842084877994799,0.0027867537210203067,-5.5331156974492476e-05,0.0026014811513123473,-0.00024716903778150816,3,results/extension/DS07/audit/paired_transport_engines.csv
DS07,pca,-1,0.01,phase_conditioned,7,0.006047575480329369,0.0031747483989021047,-0.002872827081427264,-0.004924373588753416,-0.0017806209415166178,1,results/extension/DS07/audit/paired_transport_engines.csv
DS07,pca,-1,0.01,phase_conditioned,8,0.005471477613030458,0.013456717816563194,0.007985240203532737,0.011416119411576636,0.005104749959583444,4,results/extension/DS07/audit/paired_transport_engines.csv
DS07,pca,-1,0.01,phase_conditioned,9,0.008807790947528938,0.0073660497677964926,-0.0014417411797324458,-0.0033168559136958226,-0.0013847139989724786,1,results/extension/DS07/audit/paired_transport_engines.csv
DS07,pca,-1,0.01,phase_conditioned,10,0.0044115531455762745,0.0028024539284592902,-0.0016090992171169842,-0.0035953970376395175,-0.0009256843153709398,1,results/extension/DS07/audit/paired_transport_engines.csv
DS07,pca,-1,0.01,quantile_regression_W,7,0.006047575480329369,0.00687099725526075,0.0008234217749313816,-0.0031787755098524224,0.0014593910148325475,2,results/extension/DS07/audit/paired_transport_engines.csv
DS07,pca,-1,0.01,quantile_regression_W,8,0.005471477613030458,0.003733161532154153,-0.001738316080876305,-0.004740129882838981,-0.00016617649408850977,1,results/extension/DS07/audit/paired_transport_engines.csv
DS07,pca,-1,0.01,quantile_regression_W,9,0.008807790947528938,0.011470321743919555,0.0026625307963906164,-0.00048477281410813644,0.0001072987928710965,2,results/extension/DS07/audit/paired_transport_engines.csv
DS07,pca,-1,0.01,quantile_regression_W,10,0.0044115531455762745,0.010121395379860816,0.005709842234284542,0.006844610561121261,0.003319377712748245,4,results/extension/DS07/audit/paired_transport_engines.csv
DS07,pca,-1,0.02,phase_conditioned,7,0.012973467520585546,0.010275500946984768,-0.0026979665736007775,-0.00573604910630781,-0.001752716041673168,1,results/extension/DS07/audit/paired_transport_engines.csv
DS07,pca,-1,0.02,phase_conditioned,8,0.011673362062668906,0.016283237671313105,0.004609875608644199,0.0123273265235209,0.004605545833873802,4,results/extension/DS07/audit/paired_transport_engines.csv
DS07,pca,-1,0.02,phase_conditioned,9,0.017282872392042698,0.010836625771123588,-0.0064462466209191105,-0.010311185669922097,-0.0047582204653454675,1,results/extension/DS07/audit/paired_transport_engines.csv
DS07,pca,-1,0.02,phase_conditioned,10,0.011755657610800642,0.006748782711163484,-0.005006874899637158,-0.007308107380411082,-0.003681592810431237,1,results/extension/DS07/audit/paired_transport_engines.csv
DS07,pca,-1,0.02,quantile_regression_W,7,0.012973467520585546,0.0135224153705398,0.0005489478499542538,0.006906403884709863,-0.00011983858123776857,3,results/extension/DS07/audit/paired_transport_engines.csv
DS07,pca,-1,0.02,quantile_regression_W,8,0.011673362062668906,0.007102519614918087,-0.004570842447750819,-0.015415950878429592,-0.0004041054905060846,1,results/extension/DS07/audit/paired_transport_engines.csv
DS07,pca,-1,0.02,quantile_regression_W,9,0.017282872392042698,0.023002824808570365,0.005719952416527667,-0.0018073093343372905,0.0003677982272689822,2,results/extension/DS07/audit/paired_transport_engines.csv
DS07,pca,-1,0.02,quantile_regression_W,10,0.011755657610800642,0.012839006603375055,0.0010833489925744129,-0.010338045592359044,0.0003829850880203208,2,results/extension/DS07/audit/paired_transport_engines.csv
DS07,isolation_forest,0,0.005,phase_conditioned,7,0.003956999085086917,0.0033714547118023786,-0.0005855443732845382,-0.0019083994982270836,-0.00047469505399974025,1,results/extension/DS07/audit/paired_transport_engines.csv
DS07,isolation_forest,0,0.005,phase_conditioned,8,0.006655148178517044,0.013390535316856036,0.006735387138338993,0.006815195936447933,0.0037396978185700843,4,results/extension/DS07/audit/paired_transport_engines.csv
DS07,isolation_forest,0,0.005,phase_conditioned,9,0.00416822624246205,0.0037939280515699733,-0.0003742981908920768,-0.0024228167991103703,-0.0006097618469262552,1,results/extension/DS07/audit/paired_transport_engines.csv
DS07,isolation_forest,0,0.005,phase_conditioned,10,0.002596792502958723,0.0032972248387797987,0.0007004323358210758,0.004296957539163078,0.00095396474826539,4,results/extension/DS07/audit/paired_transport_engines.csv
DS07,isolation_forest,0,0.005,quantile_regression_W,7,0.003956999085086917,0.0040484903934126255,9.149130832570868e-05,0.00022601894815037563,6.024644668618708e-06,4,results/extension/DS07/audit/paired_transport_engines.csv
DS07,isolation_forest,0,0.005,quantile_regression_W,8,0.006655148178517044,0.004619304205224318,-0.0020358439732927258,-0.004713515436297619,-0.00155327869163743,1,results/extension/DS07/audit/paired_transport_engines.csv
DS07,isolation_forest,0,0.005,quantile_regression_W,9,0.00416822624246205,0.005437578837031641,0.0012693525945695911,-0.0007679138679676954,0.00030970122637623927,2,results/extension/DS07/audit/paired_transport_engines.csv
DS07,isolation_forest,0,0.005,quantile_regression_W,10,0.002596792502958723,0.006472530404428931,0.003875737901470208,0.00931091745107459,0.0033824874779330777,4,results/extension/DS07/audit/paired_transport_engines.csv
DS07,isolation_forest,0,0.01,phase_conditioned,7,0.008517840805123513,0.007676306281930894,-0.0008415345231926191,-0.0010657472562337275,-0.0009297553556595652,1,results/extension/DS07/audit/paired_transport_engines.csv
DS07,isolation_forest,0,0.01,phase_conditioned,8,0.008185545273515287,0.012431767599859435,0.004246222326344147,0.004538385060987343,0.0020348735285789015,4,results/extension/DS07/audit/paired_transport_engines.csv
DS07,isolation_forest,0,0.01,phase_conditioned,9,0.008849379635405837,0.005203437998197824,-0.0036459416372080127,-0.003999134500693924,-0.001376357289476919,1,results/extension/DS07/audit/paired_transport_engines.csv
DS07,isolation_forest,0,0.01,phase_conditioned,10,0.005597749961091225,0.0060201880961380265,0.0004224381350468017,0.003603979661080111,0.00010647749486735782,4,results/extension/DS07/audit/paired_transport_engines.csv
DS07,isolation_forest,0,0.01,quantile_regression_W,7,0.008517840805123513,0.00626715462031107,-0.002250686184812443,0.0021550940194453583,-0.001118735554762544,3,results/extension/DS07/audit/paired_transport_engines.csv
DS07,isolation_forest,0,0.01,quantile_regression_W,8,0.008185545273515287,0.005929483425090781,-0.002256061848424506,-0.008871356567583078,-0.0030327743954009032,1,results/extension/DS07/audit/paired_transport_engines.csv
DS07,isolation_forest,0,0.01,quantile_regression_W,9,0.008849379635405837,0.01028887665002576,0.001439497014619923,0.0029422817729483335,0.0009278507430303916,4,results/extension/DS07/audit/paired_transport_engines.csv
DS07,isolation_forest,0,0.01,quantile_regression_W,10,0.005597749961091225,0.009698957244814016,0.004101207283722791,0.012371002005130416,0.002847753822138024,4,results/extension/DS07/audit/paired_transport_engines.csv
DS07,isolation_forest,0,0.02,phase_conditioned,7,0.016614821591948766,0.016625869395680476,1.1047803731709799e-05,-0.004630155770219257,-0.0016873235681123273,3,results/extension/DS07/audit/paired_transport_engines.csv
DS07,isolation_forest,0,0.02,phase_conditioned,8,0.014649769921846469,0.015891461544080054,0.0012416916222335855,0.008580640745924496,0.0021431619957808633,4,results/extension/DS07/audit/paired_transport_engines.csv
DS07,isolation_forest,0,0.02,phase_conditioned,9,0.017296735288001665,0.008119498163166285,-0.00917723712483538,-0.013819200473507372,-0.004686850843872761,1,results/extension/DS07/audit/paired_transport_engines.csv
DS07,isolation_forest,0,0.02,phase_conditioned,10,0.011262200680347733,0.013952464593014208,0.0026902639126664754,-0.0034928629138919857,-6.9451662188108054e-06,3,results/extension/DS07/audit/paired_transport_engines.csv
DS07,isolation_forest,0,0.02,quantile_regression_W,7,0.016614821591948766,0.00828911253430924,-0.008325709057639526,-0.009603721635973849,-0.007897908801504542,1,results/extension/DS07/audit/paired_transport_engines.csv
DS07,isolation_forest,0,0.02,quantile_regression_W,8,0.014649769921846469,0.005081440362281791,-0.009568329559564678,-0.012186039683853147,-0.004496960692022411,1,results/extension/DS07/audit/paired_transport_engines.csv
DS07,isolation_forest,0,0.02,quantile_regression_W,9,0.017296735288001665,0.009224186647291514,-0.00807254864071015,-0.007340333323579952,-0.0026004740505545416,1,results/extension/DS07/audit/paired_transport_engines.csv
DS07,isolation_forest,0,0.02,quantile_regression_W,10,0.011262200680347733,0.00965968649614762,-0.0016025141842001128,-0.00824831928206195,-0.000979348259326624,1,results/extension/DS07/audit/paired_transport_engines.csv
DS07,isolation_forest,1,0.005,phase_conditioned,7,0.003920402561756633,0.003353156450137237,-0.0005672461116193964,-0.0018116267799975537,-0.0004479734743587237,1,results/extension/DS07/audit/paired_transport_engines.csv
DS07,isolation_forest,1,0.005,phase_conditioned,8,0.010022841747686542,0.01362480965210261,0.0036019679044160674,0.003474146708009671,0.0020358066164561806,4,results/extension/DS07/audit/paired_transport_engines.csv
DS07,isolation_forest,1,0.005,phase_conditioned,9,0.00416822624246205,0.0037939280515699733,-0.0003742981908920768,-0.0021301712836506144,-0.0005210600448042955,1,results/extension/DS07/audit/paired_transport_engines.csv
DS07,isolation_forest,1,0.005,phase_conditioned,10,0.002705480279206821,0.0034179890346110187,0.0007125087554041977,0.0038663847029502614,0.0009604380245310674,4,results/extension/DS07/audit/paired_transport_engines.csv
DS07,isolation_forest,1,0.005,quantile_regression_W,7,0.003920402561756633,0.004030192131747484,0.00010978956999085042,0.0002667384831196275,3.130282749839357e-05,4,results/extension/DS07/audit/paired_transport_engines.csv
DS07,isolation_forest,1,0.005,quantile_regression_W,8,0.010022841747686542,0.0046485884971301395,-0.005374253250556403,-0.008088445055391694,-0.0034101297342674073,1,results/extension/DS07/audit/paired_transport_engines.csv
DS07,isolation_forest,1,0.005,quantile_regression_W,9,0.00416822624246205,0.004380496384600352,0.00021227014213830164,-0.0015133921447899696,-0.0001764260188108998,3,results/extension/DS07/audit/paired_transport_engines.csv
DS07,isolation_forest,1,0.005,quantile_regression_W,10,0.002705480279206821,0.005849989994886275,0.003144509715679454,0.008109374431000653,0.0028844463991648944,4,results/extension/DS07/audit/paired_transport_engines.csv
DS07,isolation_forest,1,0.01,phase_conditioned,7,0.008536139066788656,0.007692221992328628,-0.000843917074460028,-0.0011690255373696373,-0.0010921968216619253,1,results/extension/DS07/audit/paired_transport_engines.csv
DS07,isolation_forest,1,0.01,phase_conditioned,8,0.008390535316856037,0.012226777556518685,0.0038362422396626475,0.004402307538033841,0.001975815776932812,4,results/extension/DS07/audit/paired_transport_engines.csv
DS07,isolation_forest,1,0.01,phase_conditioned,9,0.008849379635405837,0.004898454287100575,-0.0039509253483052615,-0.004505942705211696,-0.0016748681250931515,1,results/extension/DS07/audit/paired_transport_engines.csv
DS07,isolation_forest,1,0.01,phase_conditioned,10,0.00561998354714632,0.006086888854303311,0.0004669053071569909,0.003537784519241316,0.000143718011212963,4,results/extension/DS07/audit/paired_transport_engines.csv
DS07,isolation_forest,1,0.01,quantile_regression_W,7,0.008536139066788656,0.005639095351020993,-0.002897043715767663,0.0006567281029339206,-0.001620528559958586,3,results/extension/DS07/audit/paired_transport_engines.csv
DS07,isolation_forest,1,0.01,quantile_regression_W,8,0.008390535316856037,0.005870914841279138,-0.0025196204755768992,-0.009007093998329073,-0.0031087782443142372,1,results/extension/DS07/audit/paired_transport_engines.csv
DS07,isolation_forest,1,0.01,quantile_regression_W,9,0.008849379635405837,0.004994581342050563,-0.0038547982933552737,-0.002951990036259894,-0.0017779046127484556,1,results/extension/DS07/audit/paired_transport_engines.csv
DS07,isolation_forest,1,0.01,quantile_regression_W,10,0.00561998354714632,0.010254796896191387,0.004634813349045067,0.011714988195501107,0.0026765054823839375,4,results/extension/DS07/audit/paired_transport_engines.csv
DS07,isolation_forest,1,0.02,phase_conditioned,7,0.016614821591948766,0.01664178510607821,2.6963514129445254e-05,-0.004020076317262578,-0.0015263266305035172,3,results/extension/DS07/audit/paired_transport_engines.csv
DS07,isolation_forest,1,0.02,phase_conditioned,8,0.014448908041779271,0.015745380176758455,0.001296472134979184,0.00907165284773348,0.002118936046788122,4,results/extension/DS07/audit/paired_transport_engines.csv
DS07,isolation_forest,1,0.02,phase_conditioned,9,0.01714424343245304,0.008410618978304567,-0.008733624454148471,-0.012911391467953268,-0.0038238334308643507,1,results/extension/DS07/audit/paired_transport_engines.csv
DS07,isolation_forest,1,0.02,phase_conditioned,10,0.011328901438513018,0.013752362318518355,0.0024234608800053365,-0.0020020093284845563,-0.00022650492828888043,3,results/extension/DS07/audit/paired_transport_engines.csv
DS07,isolation_forest,1,0.02,quantile_regression_W,7,0.016614821591948766,0.006440988106129917,-0.010173833485818849,-0.01210206298997239,-0.009148255863548217,1,results/extension/DS07/audit/paired_transport_engines.csv
DS07,isolation_forest,1,0.02,quantile_regression_W,8,0.014448908041779271,0.004570155576656198,-0.009878752465123073,-0.010449594945527965,-0.004624288466496856,1,results/extension/DS07/audit/paired_transport_engines.csv
DS07,isolation_forest,1,0.02,quantile_regression_W,9,0.01714424343245304,0.009254460321304593,-0.007889783111148446,-0.006301539004721628,-0.0033651461985404396,1,results/extension/DS07/audit/paired_transport_engines.csv
DS07,isolation_forest,1,0.02,quantile_regression_W,10,0.011328901438513018,0.011882962403005983,0.000554060964492965,-0.007195705155024426,0.000608053184799057,2,results/extension/DS07/audit/paired_transport_engines.csv
DS07,isolation_forest,2,0.005,phase_conditioned,7,0.0036276303751143642,0.00327996340347667,-0.0003476669716376943,-0.0013005710870624097,-0.0003420852687494539,1,results/extension/DS07/audit/paired_transport_engines.csv
DS07,isolation_forest,2,0.005,phase_conditioned,8,0.011867752137753308,0.01344910390066768,0.0015813517629143722,0.001526571250168772,0.0009435157046372234,4,results/extension/DS07/audit/paired_transport_engines.csv
DS07,isolation_forest,2,0.005,phase_conditioned,9,0.003974145699036528,0.00373847646773411,-0.0002356692313024186,-0.0011035145530106615,-0.0002877997086215547,1,results/extension/DS07/audit/paired_transport_engines.csv
DS07,isolation_forest,2,0.005,phase_conditioned,10,0.002584716083375601,0.0032851484191966764,0.0007004323358210753,0.0018900522107726612,0.0006018913113687839,4,results/extension/DS07/audit/paired_transport_engines.csv
DS07,isolation_forest,2,0.005,quantile_regression_W,7,0.0036276303751143642,0.0039752973467520585,0.0003476669716376943,-0.0004034456840500229,0.0001139874366646791,2,results/extension/DS07/audit/paired_transport_engines.csv
DS07,isolation_forest,2,0.005,quantile_regression_W,8,0.011867752137753308,0.00447288274569521,-0.007394869392058098,-0.009415174702115801,-0.0044332742596971545,1,results/extension/DS07/audit/paired_transport_engines.csv
DS07,isolation_forest,2,0.005,quantile_regression_W,9,0.003974145699036528,0.003421127436175315,-0.0005530182628612134,-0.002359751127961722,-0.0005296448136944071,1,results/extension/DS07/audit/paired_transport_engines.csv
DS07,isolation_forest,2,0.005,quantile_regression_W,10,0.002584716083375601,0.007917713498010095,0.005332997414634494,0.007973953537027014,0.0029636709847681163,4,results/extension/DS07/audit/paired_transport_engines.csv
DS07,isolation_forest,2,0.01,phase_conditioned,7,0.008060384263494967,0.007501233467555825,-0.0005591507959391423,-0.0007721528923281965,-0.0009044313509835328,1,results/extension/DS07/audit/paired_transport_engines.csv
DS07,isolation_forest,2,0.01,phase_conditioned,8,0.008712662527820077,0.012197493264612861,0.0034848307367927843,0.0038135138132663823,0.0017101332328448397,4,results/extension/DS07/audit/paired_transport_engines.csv
DS07,isolation_forest,2,0.01,phase_conditioned,9,0.008641436196021349,0.005744090940597491,-0.0028973452554238582,-0.0031092609735154063,-0.001212549329833829,1,results/extension/DS07/audit/paired_transport_engines.csv
DS07,isolation_forest,2,0.01,phase_conditioned,10,0.005886786579807457,0.006398159059074638,0.000511372479267181,0.0037759107407622297,0.0002652437958851105,4,results/extension/DS07/audit/paired_transport_engines.csv
DS07,isolation_forest,2,0.01,quantile_regression_W,7,0.008060384263494967,0.00567092677181646,-0.002389457491678507,0.0007046782242888039,-0.002046022706311129,3,results/extension/DS07/audit/paired_transport_engines.csv
DS07,isolation_forest,2,0.01,quantile_regression_W,8,0.008712662527820077,0.006163757760337355,-0.0025489047674827217,-0.00954766307586049,-0.0029708993344982346,1,results/extension/DS07/audit/paired_transport_engines.csv
DS07,isolation_forest,2,0.01,quantile_regression_W,9,0.008641436196021349,0.004701440830031801,-0.003939995365989548,-0.0016953752834544516,-0.002490365620504691,1,results/extension/DS07/audit/paired_transport_engines.csv
DS07,isolation_forest,2,0.01,quantile_regression_W,10,0.005886786579807457,0.010588300687017807,0.00470151410721035,0.011809354532153638,0.0022877093139840867,4,results/extension/DS07/audit/paired_transport_engines.csv
DS07,isolation_forest,2,0.02,phase_conditioned,7,0.01613906678865508,0.016164313794146203,2.524700549112399e-05,-0.005221330947670837,-0.0016421968593464866,3,results/extension/DS07/audit/paired_transport_engines.csv
DS07,isolation_forest,2,0.02,phase_conditioned,8,0.014430647870864071,0.015343656416624059,0.0009130085457599874,0.007698588912764225,0.0020382178616940878,4,results/extension/DS07/audit/paired_transport_engines.csv
DS07,isolation_forest,2,0.02,phase_conditioned,9,0.016756082345601997,0.008479933458099397,-0.0082761488875026,-0.014542799408209791,-0.003983362928720331,1,results/extension/DS07/audit/paired_transport_engines.csv
DS07,isolation_forest,2,0.02,phase_conditioned,10,0.01161793805722925,0.013152055495030793,0.001534117437801543,0.002934946694723512,0.00010883922762780843,4,results/extension/DS07/audit/paired_transport_engines.csv
DS07,isolation_forest,2,0.02,quantile_regression_W,7,0.01613906678865508,0.010096608362114241,-0.006042458426540838,-0.00433005408888807,-0.00576527968538813,1,results/extension/DS07/audit/paired_transport_engines.csv
DS07,isolation_forest,2,0.02,quantile_regression_W,8,0.014430647870864071,0.007087165471602512,-0.00734348239926156,-0.011217384285976429,-0.003580760569078631,1,results/extension/DS07/audit/paired_transport_engines.csv
DS07,isolation_forest,2,0.02,quantile_regression_W,9,0.016756082345601997,0.006289595896582796,-0.0104664864490192,-0.011394879118753597,-0.005417475514752534,1,results/extension/DS07/audit/paired_transport_engines.csv
DS07,isolation_forest,2,0.02,quantile_regression_W,10,0.01161793805722925,0.011816261644840693,0.0001983235876114424,0.001567060773488206,-0.0014031324243846807,3,results/extension/DS07/audit/paired_transport_engines.csv
DS07,lstm_autoencoder,0,0.005,phase_conditioned,7,0.005571630362888308,0.004147879508077264,-0.0014237508548110445,-0.0016982247797881714,-0.0007273246548535253,1,results/extension/DS07/audit/paired_transport_engines.csv
DS07,lstm_autoencoder,0,0.005,phase_conditioned,8,0.004360894017968008,0.0035209261558688193,-0.0008399678620991885,0.0004485409817569664,0.00022087760168188223,3,results/extension/DS07/audit/paired_transport_engines.csv
DS07,lstm_autoencoder,0,0.005,phase_conditioned,9,0.003946419907118597,0.004993426546094124,0.0010470066389755275,0.0011440243318616176,0.0001705891927627056,4,results/extension/DS07/audit/paired_transport_engines.csv
DS07,lstm_autoencoder,0,0.005,phase_conditioned,10,0.004132890143851302,0.003212689901697945,-0.0009202002421533568,-0.00022856077997220232,-0.0002217296746294807,1,results/extension/DS07/audit/paired_transport_engines.csv
DS07,lstm_autoencoder,0,0.005,quantile_regression_W,7,0.005571630362888308,0.008870082342177493,0.0032984519792891845,-0.0005618285859989875,0.0030825029561062094,2,results/extension/DS07/audit/paired_transport_engines.csv
DS07,lstm_autoencoder,0,0.005,quantile_regression_W,8,0.004360894017968008,0.003945765491390418,-0.00041512852657758954,-0.0004404365202836519,-0.0002766901734822299,1,results/extension/DS07/audit/paired_transport_engines.csv
DS07,lstm_autoencoder,0,0.005,quantile_regression_W,9,0.003946419907118597,0.0026127702666690353,-0.0013336496404495616,-0.003510146884833867,-0.001801939827919107,1,results/extension/DS07/audit/paired_transport_engines.csv
DS07,lstm_autoencoder,0,0.005,quantile_regression_W,10,0.004132890143851302,0.006405829646263646,0.0022729395024123442,0.007376132110169773,0.0017399171823257154,4,results/extension/DS07/audit/paired_transport_engines.csv
DS07,lstm_autoencoder,0,0.01,phase_conditioned,7,0.006457214605217429,0.0046569075937785915,-0.0018003070114388378,-0.003737166141624927,-0.001343715714769998,1,results/extension/DS07/audit/paired_transport_engines.csv
DS07,lstm_autoencoder,0,0.01,phase_conditioned,8,0.005270615732963261,0.013983835070867987,0.008713219337904726,0.010700810943238081,0.0052221741943379125,4,results/extension/DS07/audit/paired_transport_engines.csv
DS07,lstm_autoencoder,0,0.01,phase_conditioned,9,0.00747695293546822,0.006520413114299578,-0.0009565398211686419,-0.00010376742256860971,-0.0006066018623696384,1,results/extension/DS07/audit/paired_transport_engines.csv
DS07,lstm_autoencoder,0,0.01,phase_conditioned,10,0.003663427974297975,0.004336159215515784,0.0006727312412178089,0.006840506788879429,0.0010353419651458924,4,results/extension/DS07/audit/paired_transport_engines.csv
DS07,lstm_autoencoder,0,0.01,quantile_regression_W,7,0.006457214605217429,0.016642268984446477,0.010185054379229048,0.004116108599336445,0.006795121767139743,4,results/extension/DS07/audit/paired_transport_engines.csv
DS07,lstm_autoencoder,0,0.01,quantile_regression_W,8,0.005270615732963261,0.006690875014642146,0.0014202592816788852,0.001485420093060007,0.0007538629936532865,4,results/extension/DS07/audit/paired_transport_engines.csv
DS07,lstm_autoencoder,0,0.01,quantile_regression_W,9,0.00747695293546822,0.010253344466750759,0.0027763915312825392,-0.0027245012775708143,0.00012543806443279706,2,results/extension/DS07/audit/paired_transport_engines.csv
DS07,lstm_autoencoder,0,0.01,quantile_regression_W,10,0.003663427974297975,0.011010738822064612,0.0073473108477666365,0.017081732774004033,0.0049187558416377225,4,results/extension/DS07/audit/paired_transport_engines.csv
DS07,lstm_autoencoder,0,0.02,phase_conditioned,7,0.013870082342177494,0.007319304666056726,-0.006550777676120768,-0.009409490022394912,-0.003946924769607294,1,results/extension/DS07/audit/paired_transport_engines.csv
DS07,lstm_autoencoder,0,0.02,phase_conditioned,8,0.010486450953180923,0.0188309710671196,0.008344520113938677,0.012344906510021084,0.005250272670870229,4,results/extension/DS07/audit/paired_transport_engines.csv
DS07,lstm_autoencoder,0,0.02,phase_conditioned,9,0.015550010397171968,0.009880085949954947,-0.005669924447217022,-0.008663510888135884,-0.004078358001126075,1,results/extension/DS07/audit/paired_transport_engines.csv
DS07,lstm_autoencoder,0,0.02,phase_conditioned,10,0.00843853525135069,0.010376805178996293,0.001938269927645602,0.01460856646107819,0.0034381549376174617,4,results/extension/DS07/audit/paired_transport_engines.csv
DS07,lstm_autoencoder,0,0.02,quantile_regression_W,7,0.013870082342177494,0.043677950594693496,0.029807868252516002,0.02257629663015567,0.018807965974339348,4,results/extension/DS07/audit/paired_transport_engines.csv
DS07,lstm_autoencoder,0,0.02,quantile_regression_W,8,0.010486450953180923,0.008549841864823708,-0.0019366090883572145,-0.0017080435965184694,-0.0008544752594702209,1,results/extension/DS07/audit/paired_transport_engines.csv
DS07,lstm_autoencoder,0,0.02,quantile_regression_W,9,0.015550010397171968,0.008363565299269814,-0.007186445097902155,-0.018893993618225025,-0.004624942823477889,1,results/extension/DS07/audit/paired_transport_engines.csv
DS07,lstm_autoencoder,0,0.02,quantile_regression_W,10,0.00843853525135069,0.0233999599795451,0.014961424728194408,0.028347138223463592,0.01271315524744204,4,results/extension/DS07/audit/paired_transport_engines.csv
DS07,lstm_autoencoder,1,0.005,phase_conditioned,7,0.005235311263326644,0.003789139135211489,-0.0014461721281151547,-0.001702347791427139,-0.0007312008558634105,1,results/extension/DS07/audit/paired_transport_engines.csv
DS07,lstm_autoencoder,1,0.005,phase_conditioned,8,0.004032210941494412,0.002991381199328026,-0.0010408297421663866,0.0002183948097839476,6.457103869571311e-05,3,results/extension/DS07/audit/paired_transport_engines.csv
DS07,lstm_autoencoder,1,0.005,phase_conditioned,9,0.003696887779857212,0.004504859026062856,0.0008079712462056438,0.0007875656106177999,-2.2547002503629614e-05,3,results/extension/DS07/audit/paired_transport_engines.csv
DS07,lstm_autoencoder,1,0.005,phase_conditioned,10,0.0038660871111901637,0.0032609955800304326,-0.0006050915311597311,0.00011421350950866892,-0.0001814607597444974,3,results/extension/DS07/audit/paired_transport_engines.csv
DS07,lstm_autoencoder,1,0.005,quantile_regression_W,7,0.005235311263326644,0.009309240622140898,0.004073929358814254,-0.00036474792595623303,0.002544517435895274,2,results/extension/DS07/audit/paired_transport_engines.csv
DS07,lstm_autoencoder,1,0.005,quantile_regression_W,8,0.004032210941494412,0.003037952442309945,-0.0009942584991844672,-0.000298823408443118,-0.00048724060060690026,1,results/extension/DS07/audit/paired_transport_engines.csv
DS07,lstm_autoencoder,1,0.005,quantile_regression_W,9,0.003696887779857212,0.0020531383800877646,-0.0016437493997694475,-0.004325831059478731,-0.0021826688220273876,1,results/extension/DS07/audit/paired_transport_engines.csv
DS07,lstm_autoencoder,1,0.005,quantile_regression_W,10,0.0038660871111901637,0.006694866264979878,0.0028287791537897145,0.008125630810957867,0.0018771543137367894,4,results/extension/DS07/audit/paired_transport_engines.csv
DS07,lstm_autoencoder,1,0.01,phase_conditioned,7,0.006614821591948765,0.004967978042086002,-0.0016468435498627632,-0.0034853879607998593,-0.0013402353926947126,1,results/extension/DS07/audit/paired_transport_engines.csv
DS07,lstm_autoencoder,1,0.01,phase_conditioned,8,0.00997188707977041,0.015828745460934754,0.005856858381164344,0.005747297355673146,0.003223215594394406,4,results/extension/DS07/audit/paired_transport_engines.csv
DS07,lstm_autoencoder,1,0.01,phase_conditioned,9,0.00764330768697581,0.006423372842586816,-0.0012199348443889934,-0.000926841483436882,-0.0008980227708674272,1,results/extension/DS07/audit/paired_transport_engines.csv
DS07,lstm_autoencoder,1,0.01,phase_conditioned,10,0.0037523623185183545,0.00419124218051832,0.00043887986199996586,0.005280356097268044,0.001433245190986518,4,results/extension/DS07/audit/paired_transport_engines.csv
DS07,lstm_autoencoder,1,0.01,quantile_regression_W,7,0.006614821591948765,0.01719121683440073,0.010576395242451967,0.00503356886374717,0.006576957251297919,4,results/extension/DS07/audit/paired_transport_engines.csv
DS07,lstm_autoencoder,1,0.01,quantile_regression_W,8,0.00997188707977041,0.006105189176525712,-0.0038666979032446975,-0.0061725922864161245,-0.002572347029921073,1,results/extension/DS07/audit/paired_transport_engines.csv
DS07,lstm_autoencoder,1,0.01,quantile_regression_W,9,0.00764330768697581,0.0043203715256117,-0.00332293616136411,-0.00734005087840617,-0.0020331512966467033,1,results/extension/DS07/audit/paired_transport_engines.csv
DS07,lstm_autoencoder,1,0.01,quantile_regression_W,10,0.0037523623185183545,0.011433176957111412,0.007680814638593058,0.015369632211768514,0.005256489435943018,4,results/extension/DS07/audit/paired_transport_engines.csv
DS07,lstm_autoencoder,1,0.02,phase_conditioned,7,0.01414455626715462,0.007703568161024703,-0.006440988106129917,-0.009097908992667063,-0.003449024719050421,1,results/extension/DS07/audit/paired_transport_engines.csv
DS07,lstm_autoencoder,1,0.02,phase_conditioned,8,0.011034256080636915,0.01944594119714185,0.008411685116504935,0.01349320966765017,0.005769421899979513,4,results/extension/DS07/audit/paired_transport_engines.csv
DS07,lstm_autoencoder,1,0.02,phase_conditioned,9,0.015799542524433354,0.009686005406529424,-0.00611353711790393,-0.008817985329738919,-0.003994757678915762,1,results/extension/DS07/audit/paired_transport_engines.csv
DS07,lstm_autoencoder,1,0.02,phase_conditioned,10,0.007949396358138605,0.009950419103097139,0.002001022744958534,0.015861477567068863,0.0030630307689677623,4,results/extension/DS07/audit/paired_transport_engines.csv
DS07,lstm_autoencoder,1,0.02,quantile_regression_W,7,0.01414455626715462,0.04583714547118023,0.03169258920402561,0.027198213413927513,0.019824569366006517,4,results/extension/DS07/audit/paired_transport_engines.csv
DS07,lstm_autoencoder,1,0.02,quantile_regression_W,8,0.011034256080636915,0.008959821951505213,-0.002074434129131702,-0.001732519540735715,-0.0008442750774158899,1,results/extension/DS07/audit/paired_transport_engines.csv
DS07,lstm_autoencoder,1,0.02,quantile_regression_W,9,0.015799542524433354,0.010983572468288624,-0.0048159700561447305,-0.00971182861753974,-0.0026299156258996065,1,results/extension/DS07/audit/paired_transport_engines.csv
DS07,lstm_autoencoder,1,0.02,quantile_regression_W,10,0.007949396358138605,0.022844120328167728,0.014894723970029123,0.029248732712351927,0.009848640892674607,4,results/extension/DS07/audit/paired_transport_engines.csv
DS07,lstm_autoencoder,2,0.005,phase_conditioned,7,0.005493155906323921,0.0041030369614690415,-0.0013901189448548793,-0.0016462946081668654,-0.000700179401474048,1,results/extension/DS07/audit/paired_transport_engines.csv
DS07,lstm_autoencoder,2,0.005,phase_conditioned,8,0.004068731283324812,0.00344788547220802,-0.0006208458111167923,0.00028696723796368083,0.00020968749553736815,3,results/extension/DS07/audit/paired_transport_engines.csv
DS07,lstm_autoencoder,2,0.005,phase_conditioned,9,0.0034889443404727246,0.004664753850800362,0.0011758095103276377,0.0014329627050477921,0.0002927119498768098,4,results/extension/DS07/audit/paired_transport_engines.csv
DS07,lstm_autoencoder,2,0.005,phase_conditioned,10,0.0037771527669697848,0.0033547146319229827,-0.0004224381350468021,0.00013087343469812178,3.508750544737498e-05,3,results/extension/DS07/audit/paired_transport_engines.csv
DS07,lstm_autoencoder,2,0.005,quantile_regression_W,7,0.005493155906323921,0.008504117108874658,0.003010961202550737,-0.0056923643203382335,0.0034871535242679266,2,results/extension/DS07/audit/paired_transport_engines.csv
DS07,lstm_autoencoder,2,0.005,quantile_regression_W,8,0.004068731283324812,0.003330795361368162,-0.0007379359219566502,-0.0009537618591543085,-0.0004982011629827351,1,results/extension/DS07/audit/paired_transport_engines.csv
DS07,lstm_autoencoder,2,0.005,quantile_regression_W,9,0.0034889443404727246,0.002861495549594045,-0.0006274487908786795,-0.003433212898410769,-0.0014269911149193302,1,results/extension/DS07/audit/paired_transport_engines.csv
DS07,lstm_autoencoder,2,0.005,quantile_regression_W,10,0.0037771527669697848,0.008362385219111989,0.004585232452142204,0.00957776274595065,0.0027247476976504973,4,results/extension/DS07/audit/paired_transport_engines.csv
DS07,lstm_autoencoder,2,0.01,phase_conditioned,7,0.006340347666971637,0.005096065873741995,-0.0012442817932296424,-0.0037330431299859596,-0.0011389792262273676,1,results/extension/DS07/audit/paired_transport_engines.csv
DS07,lstm_autoencoder,2,0.01,phase_conditioned,8,0.008331966733044394,0.014803795244230993,0.006471828511186599,0.0057231615036634105,0.0032847683659562067,4,results/extension/DS07/audit/paired_transport_engines.csv
DS07,lstm_autoencoder,2,0.01,phase_conditioned,9,0.0075462674152630485,0.00787268818732567,0.0003264207720626213,0.00047874660387279937,-0.0004050596905636871,3,results/extension/DS07/audit/paired_transport_engines.csv
DS07,lstm_autoencoder,2,0.01,phase_conditioned,10,0.004552771416501768,0.006737674984783932,0.0021849035682821646,0.006939772610867883,0.0020885970205233853,4,results/extension/DS07/audit/paired_transport_engines.csv
DS07,lstm_autoencoder,2,0.01,quantile_regression_W,7,0.006340347666971637,0.016715462031107048,0.01037511436413541,-0.0009228632980518379,0.00754775689234843,2,results/extension/DS07/audit/paired_transport_engines.csv
DS07,lstm_autoencoder,2,0.01,quantile_regression_W,8,0.008331966733044394,0.006837296474171255,-0.001494670258873139,-0.006265687715596533,-0.0017797035450275792,1,results/extension/DS07/audit/paired_transport_engines.csv
DS07,lstm_autoencoder,2,0.01,quantile_regression_W,9,0.0075462674152630485,0.007051362029527967,-0.0004949053857350814,-0.006771752720817535,-0.0020519750462719326,1,results/extension/DS07/audit/paired_transport_engines.csv
DS07,lstm_autoencoder,2,0.01,quantile_regression_W,10,0.004552771416501768,0.015724259065744713,0.011171487649242945,0.01908162985031637,0.007222186341131731,4,results/extension/DS07/audit/paired_transport_engines.csv
DS07,lstm_autoencoder,2,0.02,phase_conditioned,7,0.01414455626715462,0.008014638609332114,-0.006129917657822507,-0.0128787209223599,-0.0050758770332653465,1,results/extension/DS07/audit/paired_transport_engines.csv
DS07,lstm_autoencoder,2,0.02,phase_conditioned,8,0.011180337447958513,0.01859669673187302,0.007416359283914507,0.011450158135176289,0.004928484305789857,4,results/extension/DS07/audit/paired_transport_engines.csv
DS07,lstm_autoencoder,2,0.02,phase_conditioned,9,0.015037083246690234,0.012014497130776198,-0.003022586115914036,-0.006742627097575615,-0.004290957670008673,1,results/extension/DS07/audit/paired_transport_engines.csv
DS07,lstm_autoencoder,2,0.02,phase_conditioned,10,0.007904929186028415,0.010764123277817738,0.0028591940917893233,0.01018093288330659,0.0038510894138945265,4,results/extension/DS07/audit/paired_transport_engines.csv
DS07,lstm_autoencoder,2,0.02,quantile_regression_W,7,0.01414455626715462,0.035041171088746575,0.020896614821591955,0.007014502107926916,0.013727672943283654,4,results/extension/DS07/audit/paired_transport_engines.csv
DS07,lstm_autoencoder,2,0.02,quantile_regression_W,8,0.011180337447958513,0.010394752254890477,-0.0007855851930680356,-0.00733465099741943,-0.0016558040213501502,1,results/extension/DS07/audit/paired_transport_engines.csv
DS07,lstm_autoencoder,2,0.02,quantile_regression_W,9,0.015037083246690234,0.010761766132945171,-0.004275317113745063,-0.020776084046820062,-0.005821221989912401,1,results/extension/DS07/audit/paired_transport_engines.csv
DS07,lstm_autoencoder,2,0.02,quantile_regression_W,10,0.007904929186028415,0.02620139182248705,0.018296462636458635,0.02161190556237022,0.012312890422830547,4,results/extension/DS07/audit/paired_transport_engines.csv
DS07,cvae,0,0.005,phase_conditioned,7,0.008688187352159728,0.00462900479062883,-0.004059182561530899,-0.0062732722230130575,-0.002475287328068712,1,results/extension/DS07/audit/paired_transport_engines.csv
DS07,cvae,0,0.005,phase_conditioned,8,0.0025694037718167976,0.0036388661122174057,0.001069462340400608,0.0003983327360768821,0.00017009677205311264,4,results/extension/DS07/audit/paired_transport_engines.csv
DS07,cvae,0,0.005,phase_conditioned,9,0.004819782352533444,0.005286567058112886,0.0004667847055794417,0.002829791006542362,0.001042386022923258,4,results/extension/DS07/audit/paired_transport_engines.csv
DS07,cvae,0,0.005,phase_conditioned,10,0.004253029380844354,0.002934932251286139,-0.0013180971295582147,0.0006440943026638042,-0.0008178692067462401,3,results/extension/DS07/audit/paired_transport_engines.csv
DS07,cvae,0,0.005,quantile_regression_W,7,0.008688187352159728,0.0025758781493211945,-0.006112309202838534,-0.00849108321930697,-0.003545945709472419,1,results/extension/DS07/audit/paired_transport_engines.csv
DS07,cvae,0,0.005,quantile_regression_W,8,0.0025694037718167976,0.002724052297129501,0.00015464852531270334,9.793465079136355e-05,-0.00022772027633821993,3,results/extension/DS07/audit/paired_transport_engines.csv
DS07,cvae,0,0.005,quantile_regression_W,9,0.004819782352533444,0.0030037429819089207,-0.0018160393706245235,-0.002553332173580801,-0.001051003382610793,1,results/extension/DS07/audit/paired_transport_engines.csv
DS07,cvae,0,0.005,quantile_regression_W,10,0.004253029380844354,0.0060278586833270335,0.0017748293024826799,0.005899558629279761,0.0012280000867511878,4,results/extension/DS07/audit/paired_transport_engines.csv
DS07,cvae,0,0.01,phase_conditioned,7,0.01727547897445096,0.006536423103245212,-0.010739055871205749,-0.014801269960867228,-0.005632038855067189,1,results/extension/DS07/audit/paired_transport_engines.csv
DS07,cvae,0,0.01,phase_conditioned,8,0.00478604001289748,0.008241910744284568,0.003455870731387088,0.0019327723579987723,0.00314142983983756,4,results/extension/DS07/audit/paired_transport_engines.csv
DS07,cvae,0,0.01,phase_conditioned,9,0.009182089138421017,0.007657170582934775,-0.0015249185554862422,-0.0020077210956727584,-0.0006534411082551586,1,results/extension/DS07/audit/paired_transport_engines.csv
DS07,cvae,0,0.01,phase_conditioned,10,0.007620760250096829,0.007986971118571716,0.00036621086847488625,0.0033263828366897497,0.0008161277673568151,4,results/extension/DS07/audit/paired_transport_engines.csv
DS07,cvae,0,0.01,quantile_regression_W,7,0.01727547897445096,0.004737947828301316,-0.012537531146149646,-0.01714869308576538,-0.007537636497071834,1,results/extension/DS07/audit/paired_transport_engines.csv
DS07,cvae,0,0.01,quantile_regression_W,8,0.00478604001289748,0.004188152801110219,-0.0005978872117872614,-0.002882061980441355,-0.0009267966361536442,1,results/extension/DS07/audit/paired_transport_engines.csv
DS07,cvae,0,0.01,quantile_regression_W,9,0.009182089138421017,0.004260761072988148,-0.004921328065432869,-0.006798768799163187,-0.0029299589998003457,1,results/extension/DS07/audit/paired_transport_engines.csv
DS07,cvae,0,0.01,quantile_regression_W,10,0.007620760250096829,0.008698445872334747,0.0010776856222379175,0.006238886459170879,0.001931163246854285,4,results/extension/DS07/audit/paired_transport_engines.csv
DS07,cvae,0,0.02,phase_conditioned,7,0.03086265849037567,0.010941357159673096,-0.019921301330702572,-0.026966132071782167,-0.010134063323965017,1,results/extension/DS07/audit/paired_transport_engines.csv
DS07,cvae,0,0.02,phase_conditioned,8,0.008988622579803159,0.020610620115404283,0.011621997535601124,0.012722963081721859,0.011467647203942357,4,results/extension/DS07/audit/paired_transport_engines.csv
DS07,cvae,0,0.02,phase_conditioned,9,0.017657170582934777,0.014357801344700908,-0.0032993692382338683,-0.006527575084039894,-0.002580914046016876,1,results/extension/DS07/audit/paired_transport_engines.csv
DS07,cvae,0,0.02,phase_conditioned,10,0.011091683727106734,0.022488382951286214,0.01139669922417948,0.015082905537731641,0.006835038319237992,4,results/extension/DS07/audit/paired_transport_engines.csv
DS07,cvae,0,0.02,quantile_regression_W,7,0.03086265849037567,0.0054969680571692325,-0.025365690433206436,-0.03744254313220003,-0.01583823954231618,1,results/extension/DS07/audit/paired_transport_engines.csv
DS07,cvae,0,0.02,quantile_regression_W,8,0.008988622579803159,0.008485866627711634,-0.0005027559520915242,-0.0028454993045572627,-0.0004762500026478777,1,results/extension/DS07/audit/paired_transport_engines.csv
DS07,cvae,0,0.02,quantile_regression_W,9,0.017657170582934777,0.025196937125801695,0.007539766542866918,0.004134659903907913,0.0032608998072683713,4,results/extension/DS07/audit/paired_transport_engines.csv
DS07,cvae,0,0.02,quantile_regression_W,10,0.011091683727106734,0.015951708651088334,0.0048600249239816005,0.014191080377167011,0.005110817836387135,4,results/extension/DS07/audit/paired_transport_engines.csv
DS07,cvae,1,0.005,phase_conditioned,7,0.004406184845060559,0.007589326924607279,0.00318314207954672,0.0035491073128495563,0.0018559089089084232,4,results/extension/DS07/audit/paired_transport_engines.csv
DS07,cvae,1,0.005,phase_conditioned,8,0.010169263207215649,0.00811936277380813,-0.0020499004334075185,-0.004222860772316292,-0.0011823150909262134,1,results/extension/DS07/audit/paired_transport_engines.csv
DS07,cvae,1,0.005,phase_conditioned,9,0.0035454900776378208,0.006325883418906675,0.0027803933412688542,0.0031131028442840346,0.001591701290118732,4,results/extension/DS07/audit/paired_transport_engines.csv
DS07,cvae,1,0.005,phase_conditioned,10,0.001612073258451834,0.0007000700432335822,-0.0009120032152182518,-0.0025795221693503644,-0.0006827569128130041,1,results/extension/DS07/audit/paired_transport_engines.csv
DS07,cvae,1,0.005,quantile_regression_W,7,0.004406184845060559,0.003101096592446403,-0.0013050882526141564,-0.002585966569174083,-0.000572695740167072,1,results/extension/DS07/audit/paired_transport_engines.csv
DS07,cvae,1,0.005,quantile_regression_W,8,0.010169263207215649,0.003506501112803093,-0.006662762094412556,-0.004976252708684706,-0.003344642438783782,1,results/extension/DS07/audit/paired_transport_engines.csv
DS07,cvae,1,0.005,quantile_regression_W,9,0.0035454900776378208,0.0019998401051752627,-0.001545649972462558,-0.0022942463542467125,-0.000889019734843641,1,results/extension/DS07/audit/paired_transport_engines.csv
DS07,cvae,1,0.005,quantile_regression_W,10,0.001612073258451834,0.003848967249927741,0.002236893991475907,0.004755862227945985,0.002014024776863292,4,results/extension/DS07/audit/paired_transport_engines.csv
DS07,cvae,1,0.01,phase_conditioned,7,0.0067114959176202815,0.012425235950406647,0.005713740032786366,0.006354179191066329,0.0030708712870109334,4,results/extension/DS07/audit/paired_transport_engines.csv
DS07,cvae,1,0.01,phase_conditioned,8,0.01615087267189879,0.015330912498535786,-0.0008199601733630043,-0.0057653720556255506,-7.332459560827759e-05,1,results/extension/DS07/audit/paired_transport_engines.csv
DS07,cvae,1,0.01,phase_conditioned,9,0.005065645708600564,0.010955105086432037,0.005889459377831472,0.00643011232023114,0.003236632589356361,4,results/extension/DS07/audit/paired_transport_engines.csv
DS07,cvae,1,0.01,phase_conditioned,10,0.004684926213076347,0.007408897881139248,0.0027239716680629005,0.00022582826754824828,0.0012552842271338406,4,results/extension/DS07/audit/paired_transport_engines.csv
DS07,cvae,1,0.01,quantile_regression_W,7,0.0067114959176202815,0.005708806162563066,-0.0010026897550572157,-0.003930411621479906,-0.00019147593431809076,1,results/extension/DS07/audit/paired_transport_engines.csv
DS07,cvae,1,0.01,quantile_regression_W,8,0.01615087267189879,0.006361113140018989,-0.009789759531879801,-0.004155481875279896,-0.0053703019071905805,1,results/extension/DS07/audit/paired_transport_engines.csv
DS07,cvae,1,0.01,quantile_regression_W,9,0.005065645708600564,0.00603389770284435,0.0009682519942437861,-0.00045962628952969306,0.0006553791256773268,2,results/extension/DS07/audit/paired_transport_engines.csv
DS07,cvae,1,0.01,quantile_regression_W,10,0.004684926213076347,0.009698957244814016,0.0050140310317376684,0.009555633728046095,0.0034687229069301968,4,results/extension/DS07/audit/paired_transport_engines.csv
DS07,cvae,1,0.02,phase_conditioned,7,0.00715216197127835,0.01440976587990005,0.0072576039086217,0.007843148281906239,0.0031163161038791137,4,results/extension/DS07/audit/paired_transport_engines.csv
DS07,cvae,1,0.02,phase_conditioned,8,0.01968021553238843,0.021140165071945074,0.0014599495395566445,-0.0030816002060638018,0.0017096186528288357,2,results/extension/DS07/audit/paired_transport_engines.csv
DS07,cvae,1,0.02,phase_conditioned,9,0.00451514521383517,0.014759358288770053,0.010244213074934883,0.010963965461304157,0.004727544489306049,4,results/extension/DS07/audit/paired_transport_engines.csv
DS07,cvae,1,0.02,phase_conditioned,10,0.010058208342390646,0.022777419570002445,0.012719211227611799,0.01375117950226551,0.006619806765572203,4,results/extension/DS07/audit/paired_transport_engines.csv
DS07,cvae,1,0.02,quantile_regression_W,7,0.00715216197127835,0.012372554948990148,0.005220392977711798,-0.0022129955578357625,0.0030579841408991454,2,results/extension/DS07/audit/paired_transport_engines.csv
DS07,cvae,1,0.02,quantile_regression_W,8,0.01968021553238843,0.01036666423197721,-0.00931355130041122,0.0005670321013761873,-0.00788464527376025,3,results/extension/DS07/audit/paired_transport_engines.csv
DS07,cvae,1,0.02,quantile_regression_W,9,0.00451514521383517,0.01172135661875744,0.00720621140492227,0.0035730144601762714,0.0029993044937226387,4,results/extension/DS07/audit/paired_transport_engines.csv
DS07,cvae,1,0.02,quantile_regression_W,10,0.010058208342390646,0.015484803343931344,0.0054265950015406975,0.01822445590149709,0.004047709760364,4,results/extension/DS07/audit/paired_transport_engines.csv
DS07,cvae,2,0.005,phase_conditioned,7,0.005055941076893757,0.006300154382390858,0.0012442133054971008,0.0013174063521576695,0.0006256307420840993,4,results/extension/DS07/audit/paired_transport_engines.csv
DS07,cvae,2,0.005,phase_conditioned,8,0.0036487473522752176,0.002023592140822438,-0.0016251552114527794,-0.001654439503358601,-0.0007600860169545394,1,results/extension/DS07/audit/paired_transport_engines.csv
DS07,cvae,2,0.005,phase_conditioned,9,0.0056951871657754,0.011353687352319362,0.005658500186543962,0.005713951770379826,0.003142493072069626,4,results/extension/DS07/audit/paired_transport_engines.csv
DS07,cvae,2,0.005,phase_conditioned,10,0.00375491918091469,0.002355264111296283,-0.001399655069618407,-0.001427320648105653,-0.0004133051047135023,1,results/extension/DS07/audit/paired_transport_engines.csv
DS07,cvae,2,0.005,quantile_regression_W,7,0.005055941076893757,0.006029587305629387,0.0009736462287356293,-0.0008561799377785513,0.0003406426581051992,2,results/extension/DS07/audit/paired_transport_engines.csv
DS07,cvae,2,0.005,quantile_regression_W,8,0.0036487473522752176,0.0036370608428894892,-1.1686509385728377e-05,-0.0004954630116699027,-0.00012662602709765736,1,results/extension/DS07/audit/paired_transport_engines.csv
DS07,cvae,2,0.005,quantile_regression_W,9,0.0056951871657754,0.003017605877867887,-0.0026775812879075134,-0.004987965132290963,-0.0018961633633521034,1,results/extension/DS07/audit/paired_transport_engines.csv
DS07,cvae,2,0.005,quantile_regression_W,10,0.00375491918091469,0.006894968539475732,0.0031400493585610418,0.00738560903321384,0.0018981370701190302,4,results/extension/DS07/audit/paired_transport_engines.csv
DS07,cvae,2,0.01,phase_conditioned,7,0.008856290848757302,0.008271235536598176,-0.0005850553121591259,-0.0012437927321042302,-0.00013234077114763348,1,results/extension/DS07/audit/paired_transport_engines.csv
DS07,cvae,2,0.01,phase_conditioned,8,0.005489737783945658,0.0036464800281129205,-0.0018432577558327376,-0.007453968806209682,-0.002212690778530457,1,results/extension/DS07/audit/paired_transport_engines.csv
DS07,cvae,2,0.01,phase_conditioned,9,0.009764776946719492,0.01749302680903228,0.007728249862312788,0.007146008232036222,0.004161802292199902,4,results/extension/DS07/audit/paired_transport_engines.csv
DS07,cvae,2,0.01,phase_conditioned,10,0.005664450719256509,0.0035149626838634884,-0.0021494880353930207,0.00023806068685962908,-0.0010085815629266048,3,results/extension/DS07/audit/paired_transport_engines.csv
DS07,cvae,2,0.01,quantile_regression_W,7,0.008856290848757302,0.008239404115802708,-0.0006168867329545934,-0.0051365573642446205,-0.00035859088044749854,1,results/extension/DS07/audit/paired_transport_engines.csv
DS07,cvae,2,0.01,quantile_regression_W,8,0.005489737783945658,0.0064524139945949886,0.0009626762106493304,-0.0015018540591377524,-0.00047611400606610826,3,results/extension/DS07/audit/paired_transport_engines.csv
DS07,cvae,2,0.01,quantile_regression_W,9,0.009764776946719492,0.004135995009357455,-0.005628781937362037,-0.010525193856635504,-0.004063120581084408,1,results/extension/DS07/audit/paired_transport_engines.csv
DS07,cvae,2,0.01,quantile_regression_W,10,0.005664450719256509,0.01165551281766236,0.00599106209840585,0.012211267976629577,0.004029199151801172,4,results/extension/DS07/audit/paired_transport_engines.csv
DS07,cvae,2,0.02,phase_conditioned,7,0.018418851806594094,0.015842179815696075,-0.002576671990898019,-0.005394604287329859,-0.0010139671887719921,1,results/extension/DS07/audit/paired_transport_engines.csv
DS07,cvae,2,0.02,phase_conditioned,8,0.013855886010840025,0.013452633116645973,-0.0004032528941940519,-0.004176145582911111,0.0016869979591560263,3,results/extension/DS07/audit/paired_transport_engines.csv
DS07,cvae,2,0.02,phase_conditioned,9,0.015318990175351325,0.02766642386341429,0.012347433688062966,0.01035117666997189,0.005897806010248519,4,results/extension/DS07/audit/paired_transport_engines.csv
DS07,cvae,2,0.02,phase_conditioned,10,0.004424279311680407,0.015729372790537387,0.01130509347885698,0.011646131567884344,0.0059338661571787885,4,results/extension/DS07/audit/paired_transport_engines.csv
DS07,cvae,2,0.02,quantile_regression_W,7,0.018418851806594094,0.017704317932230904,-0.0007145338743631893,-0.009387909903640409,-0.00042531501255704124,1,results/extension/DS07/audit/paired_transport_engines.csv
DS07,cvae,2,0.02,quantile_regression_W,8,0.013855886010840025,0.0111518515813308,-0.0027040344295092243,0.0022380464986271366,-0.0015421100443855432,3,results/extension/DS07/audit/paired_transport_engines.csv
DS07,cvae,2,0.02,quantile_regression_W,9,0.015318990175351325,0.009145273331319842,-0.006173716844031483,-0.01106731911754642,-0.004786642962367747,1,results/extension/DS07/audit/paired_transport_engines.csv
DS07,cvae,2,0.02,quantile_regression_W,10,0.004424279311680407,0.019820352624674836,0.015396073312994429,0.022408914592976018,0.00966141289289356,4,results/extension/DS07/audit/paired_transport_engines.csv
DS08a,pca,-1,0.005,phase_conditioned,10,0.003498444408056329,0.0023875083948959033,-0.0011109360131604257,-0.0032527991677942366,-0.001104179307467865,1,results/extension/DS08a/audit/paired_transport_engines.csv
DS08a,pca,-1,0.005,phase_conditioned,11,0.012706380423727775,0.008356370008209879,-0.004350010415517896,-0.005534614447055554,-0.002606517802259559,1,results/extension/DS08a/audit/paired_transport_engines.csv
DS08a,pca,-1,0.005,phase_conditioned,12,0.007765634651437489,0.005630804408370269,-0.00213483024306722,-0.002662411901846023,-0.0012316847679526774,1,results/extension/DS08a/audit/paired_transport_engines.csv
DS08a,pca,-1,0.005,phase_conditioned,13,0.0044051364767086565,0.003371480173109033,-0.0010336563035996237,-0.0021247133344451004,-0.0004745168140002122,1,results/extension/DS08a/audit/paired_transport_engines.csv
DS08a,pca,-1,0.005,phase_conditioned,14,0.04107811800805472,0.0457958831426197,0.004717765134564983,0.004493836791634717,0.0024037305569592285,4,results/extension/DS08a/audit/paired_transport_engines.csv
DS08a,pca,-1,0.005,phase_conditioned,15,0.003265609514370664,0.0021368791983261757,-0.0011287303160444884,-0.0004690725135295432,-0.00021536714041223474,1,results/extension/DS08a/audit/paired_transport_engines.csv
DS08a,pca,-1,0.005,quantile_regression_W,10,0.003498444408056329,0.0028268287481339307,-0.0006716156599223984,-0.0002607570505309166,0.00020826132771121662,3,results/extension/DS08a/audit/paired_transport_engines.csv
DS08a,pca,-1,0.005,quantile_regression_W,11,0.012706380423727775,0.0033315477967649594,-0.009374832626962815,-0.01520216959349885,-0.0053799131288199825,1,results/extension/DS08a/audit/paired_transport_engines.csv
DS08a,pca,-1,0.005,quantile_regression_W,12,0.007765634651437489,0.003898285359608969,-0.0038673492918285196,-0.00697149699666684,-0.0026215245007999185,1,results/extension/DS08a/audit/paired_transport_engines.csv
DS08a,pca,-1,0.005,quantile_regression_W,13,0.0044051364767086565,0.0020826244544714847,-0.002322512022237172,-0.0025180186047413507,-0.0008975053471923595,1,results/extension/DS08a/audit/paired_transport_engines.csv
DS08a,pca,-1,0.005,quantile_regression_W,14,0.04107811800805472,0.09494246627884677,0.05386434827079205,0.04767125875692577,0.03146649611513166,4,results/extension/DS08a/audit/paired_transport_engines.csv
DS08a,pca,-1,0.005,quantile_regression_W,15,0.003265609514370664,0.004917542774685632,0.001651933260314968,0.0006006176628026091,0.0010088176092574999,4,results/extension/DS08a/audit/paired_transport_engines.csv
DS08a,pca,-1,0.01,phase_conditioned,10,0.014807597838545931,0.008330502113538496,-0.006477095725007435,-0.016351269322789477,-0.002911355670771754,1,results/extension/DS08a/audit/paired_transport_engines.csv
DS08a,pca,-1,0.01,phase_conditioned,11,0.015965273437978655,0.01252202575696308,-0.0034432476810155755,-0.003365568728127856,-0.0020664450149532653,1,results/extension/DS08a/audit/paired_transport_engines.csv
DS08a,pca,-1,0.01,phase_conditioned,12,0.01333141884935901,0.008075618504751894,-0.005255800344607115,-0.005255800344607115,-0.002866522302313844,1,results/extension/DS08a/audit/paired_transport_engines.csv
DS08a,pca,-1,0.01,phase_conditioned,13,0.003698785737814783,0.0036755677195058805,-2.3218018308902334e-05,-0.002480456813357454,-0.001077881350076004,1,results/extension/DS08a/audit/paired_transport_engines.csv
DS08a,pca,-1,0.01,phase_conditioned,14,0.04190820175158218,0.05386243048008694,0.01195422872850476,0.01197022361014264,0.006107877494298999,4,results/extension/DS08a/audit/paired_transport_engines.csv
DS08a,pca,-1,0.01,phase_conditioned,15,0.006889109128950556,0.004604118489153177,-0.002284990639797379,-0.002284990639797379,-0.0007346081686642643,1,results/extension/DS08a/audit/paired_transport_engines.csv
DS08a,pca,-1,0.01,quantile_regression_W,10,0.014807597838545931,0.008044866546585884,-0.006762731291960047,-0.005964074471934526,-0.004563203724753278,1,results/extension/DS08a/audit/paired_transport_engines.csv
DS08a,pca,-1,0.01,quantile_regression_W,11,0.015965273437978655,0.010235367227249775,-0.00572990621072888,-0.0042218511066556795,-0.0029154849374953785,1,results/extension/DS08a/audit/paired_transport_engines.csv
DS08a,pca,-1,0.01,quantile_regression_W,12,0.01333141884935901,0.006477616572270929,-0.006853802277088081,-0.0073295731006834085,-0.002748074167937417,1,results/extension/DS08a/audit/paired_transport_engines.csv
DS08a,pca,-1,0.01,quantile_regression_W,13,0.003698785737814783,0.004769234460667283,0.0010704487228525,-0.0014356537995234165,-7.708692668791572e-05,3,results/extension/DS08a/audit/paired_transport_engines.csv
DS08a,pca,-1,0.01,quantile_regression_W,14,0.04190820175158218,0.0969743655309084,0.055066163779326216,0.04380523014539039,0.03233525734476733,4,results/extension/DS08a/audit/paired_transport_engines.csv
DS08a,pca,-1,0.01,quantile_regression_W,15,0.006889109128950556,0.009835085549371264,0.002945976420420708,0.0002095753759352812,0.002099315292544847,4,results/extension/DS08a/audit/paired_transport_engines.csv
DS08a,pca,-1,0.02,phase_conditioned,10,0.04728344522678893,0.028828665112787897,-0.01845478011400103,-0.030013747910972673,-0.008057418048206873,1,results/extension/DS08a/audit/paired_transport_engines.csv
DS08a,pca,-1,0.02,phase_conditioned,11,0.0205224913918808,0.011895991863642489,-0.00862649952823831,-0.014233341081788906,-0.00610824940033515,1,results/extension/DS08a/audit/paired_transport_engines.csv
DS08a,pca,-1,0.02,phase_conditioned,12,0.022837481983983356,0.013063852897819847,-0.00977362908616351,-0.012456849439573484,-0.0068570770594401555,1,results/extension/DS08a/audit/paired_transport_engines.csv
DS08a,pca,-1,0.02,phase_conditioned,13,0.012122198387454694,0.010975663880464531,-0.0011465345069901628,-0.009983727959742984,-0.0022208538721371716,1,results/extension/DS08a/audit/paired_transport_engines.csv
DS08a,pca,-1,0.02,phase_conditioned,14,0.04595921498433804,0.057504315029086484,0.011545100044748444,0.011353161465093922,0.004680941616727732,4,results/extension/DS08a/audit/paired_transport_engines.csv
DS08a,pca,-1,0.02,phase_conditioned,15,0.014108578350401938,0.00799691663913666,-0.0061116617112652784,-0.002854601311347736,-0.0014755950235374156,1,results/extension/DS08a/audit/paired_transport_engines.csv
DS08a,pca,-1,0.02,quantile_regression_W,10,0.04728344522678893,0.015189127231046342,-0.03209431799574258,-0.028071624325653126,-0.020294937959499833,1,results/extension/DS08a/audit/paired_transport_engines.csv
DS08a,pca,-1,0.02,quantile_regression_W,11,0.0205224913918808,0.02534508874820367,0.004822597356322872,0.002609702855190084,0.001642804029501073,4,results/extension/DS08a/audit/paired_transport_engines.csv
DS08a,pca,-1,0.02,quantile_regression_W,12,0.022837481983983356,0.013290078651947628,-0.009547403332035728,-0.01395365926233752,-0.006367367079577925,1,results/extension/DS08a/audit/paired_transport_engines.csv
DS08a,pca,-1,0.02,quantile_regression_W,13,0.012122198387454694,0.012645735606396891,0.000523537218942197,-0.009236971571902083,-0.0022297182067142624,3,results/extension/DS08a/audit/paired_transport_engines.csv
DS08a,pca,-1,0.02,quantile_regression_W,14,0.04595921498433804,0.041995780860448764,-0.003963434123889276,-0.02697405508629279,-0.005297805236145706,1,results/extension/DS08a/audit/paired_transport_engines.csv
DS08a,pca,-1,0.02,quantile_regression_W,15,0.014108578350401938,0.0171552257266543,0.0030466473762523604,0.0019795761053017173,0.0029985113546586607,4,results/extension/DS08a/audit/paired_transport_engines.csv
DS08a,isolation_forest,0,0.005,phase_conditioned,10,0.004146939645979953,0.003059287694604393,-0.0010876519513755602,0.0001370152156927448,8.21278067231505e-05,3,results/extension/DS08a/audit/paired_transport_engines.csv
DS08a,isolation_forest,0,0.005,phase_conditioned,11,0.01100313690891936,0.005414654279140834,-0.005588482629778526,-0.0057050010591101,-0.002322003610404337,1,results/extension/DS08a/audit/paired_transport_engines.csv
DS08a,isolation_forest,0,0.005,phase_conditioned,12,0.00787400166885207,0.005392396970058193,-0.002481604698793876,-0.0026678099901275704,-0.0012061813325150933,1,results/extension/DS08a/audit/paired_transport_engines.csv
DS08a,isolation_forest,0,0.005,phase_conditioned,13,0.007290287038404308,0.00491628519826891,-0.0023740018401353976,-0.003483551363029103,-0.0013806407664114606,1,results/extension/DS08a/audit/paired_transport_engines.csv
DS08a,isolation_forest,0,0.005,phase_conditioned,14,0.028356772997506875,0.06558748321933132,0.03723071022182445,0.03710275116872144,0.0209210681875219,4,results/extension/DS08a/audit/paired_transport_engines.csv
DS08a,isolation_forest,0,0.005,phase_conditioned,15,0.004724699922915979,0.00422915978416474,-0.0004955401387512388,-0.00011410394291852619,-3.942309072081261e-05,1,results/extension/DS08a/audit/paired_transport_engines.csv
DS08a,isolation_forest,0,0.005,quantile_regression_W,10,0.004146939645979953,0.004249397542764587,0.00010245789678463377,0.0008717590676228602,0.00015097921229375926,4,results/extension/DS08a/audit/paired_transport_engines.csv
DS08a,isolation_forest,0,0.005,quantile_regression_W,11,0.01100313690891936,0.0031939643453606247,-0.007809172563558736,-0.012868254701202519,-0.004533707856847525,1,results/extension/DS08a/audit/paired_transport_engines.csv
DS08a,isolation_forest,0,0.005,quantile_regression_W,12,0.00787400166885207,0.005105725021588442,-0.0027682766472636273,-0.004413090054044602,-0.0018753422816680937,1,results/extension/DS08a/audit/paired_transport_engines.csv
DS08a,isolation_forest,0,0.005,quantile_regression_W,13,0.007290287038404308,0.015175308824617203,0.007885021786212896,0.004218629269507685,0.004083779469640116,4,results/extension/DS08a/audit/paired_transport_engines.csv
DS08a,isolation_forest,0,0.005,quantile_regression_W,14,0.028356772997506875,0.07167946257197697,0.043322689574470094,0.03628163108192539,0.040464690908764936,4,results/extension/DS08a/audit/paired_transport_engines.csv
DS08a,isolation_forest,0,0.005,quantile_regression_W,15,0.004724699922915979,0.005710883890908384,0.0009861839679924057,0.004853499363990033,0.0019769363346554586,4,results/extension/DS08a/audit/paired_transport_engines.csv
DS08a,isolation_forest,0,0.01,phase_conditioned,10,0.007718063552996375,0.005367597677082921,-0.002350465875913454,-0.005405975946324457,-0.0019628918663941544,1,results/extension/DS08a/audit/paired_transport_engines.csv
DS08a,isolation_forest,0,0.01,phase_conditioned,11,0.02022950900023282,0.011652023673859502,-0.008577485326373318,-0.014908319986722094,-0.005601348130967392,1,results/extension/DS08a/audit/paired_transport_engines.csv
DS08a,isolation_forest,0,0.01,phase_conditioned,12,0.010882324255789508,0.007189068079445469,-0.003693256176344039,-0.00730874224973996,-0.0021091956372931014,1,results/extension/DS08a/audit/paired_transport_engines.csv
DS08a,isolation_forest,0,0.01,phase_conditioned,13,0.012967615888774037,0.005709304042618444,-0.0072583118461555934,-0.013786161539180225,-0.004419139032960311,1,results/extension/DS08a/audit/paired_transport_engines.csv
DS08a,isolation_forest,0,0.01,phase_conditioned,14,0.06575273285175479,0.09224381512497604,0.02649108227322125,0.024427742541935263,0.014625463753441571,4,results/extension/DS08a/audit/paired_transport_engines.csv
DS08a,isolation_forest,0,0.01,phase_conditioned,15,0.0187308282953949,0.0028633271490414343,-0.015867501146353467,-0.02299777314282963,-0.009807031815539066,1,results/extension/DS08a/audit/paired_transport_engines.csv
DS08a,isolation_forest,0,0.01,quantile_regression_W,10,0.007718063552996375,0.008617311262987398,0.0008992477099910232,-0.004106185538542634,-0.00029267793876840836,3,results/extension/DS08a/audit/paired_transport_engines.csv
DS08a,isolation_forest,0,0.01,quantile_regression_W,11,0.02022950900023282,0.007106459004932614,-0.013123049995300206,-0.020422187350534925,-0.007840532938035528,1,results/extension/DS08a/audit/paired_transport_engines.csv
DS08a,isolation_forest,0,0.01,quantile_regression_W,12,0.010882324255789508,0.008764440917683853,-0.0021178833381056555,-0.004414415264554567,-0.0017581674772686948,1,results/extension/DS08a/audit/paired_transport_engines.csv
DS08a,isolation_forest,0,0.01,quantile_regression_W,13,0.012967615888774037,0.036286707596715734,0.0233190917079417,0.01192254571584882,0.018755412188571165,4,results/extension/DS08a/audit/paired_transport_engines.csv
DS08a,isolation_forest,0,0.01,quantile_regression_W,14,0.06575273285175479,0.11516780668669692,0.04941507383494213,0.0364167787825507,0.05069658128849623,4,results/extension/DS08a/audit/paired_transport_engines.csv
DS08a,isolation_forest,0,0.01,quantile_regression_W,15,0.0187308282953949,0.011518962735454776,-0.007211865559940125,-0.0075402336852783795,-0.0030167433296261186,1,results/extension/DS08a/audit/paired_transport_engines.csv
DS08a,isolation_forest,0,0.02,phase_conditioned,10,0.02016702145079417,0.007851301702682417,-0.012315719748111752,-0.024993842105979235,-0.008256839301924015,1,results/extension/DS08a/audit/paired_transport_engines.csv
DS08a,isolation_forest,0,0.02,phase_conditioned,11,0.038143096962344844,0.01714051146319646,-0.021002585499148383,-0.041287450054221506,-0.010562578648326075,1,results/extension/DS08a/audit/paired_transport_engines.csv
DS08a,isolation_forest,0,0.02,phase_conditioned,12,0.015422453254713323,0.03384274278245851,0.018420289527745187,0.010833368630200364,0.007133323617143125,4,results/extension/DS08a/audit/paired_transport_engines.csv
DS08a,isolation_forest,0,0.02,phase_conditioned,13,0.024901575473948456,0.007113599963651646,-0.01778797551029681,-0.03265593911707246,-0.009735150833299054,1,results/extension/DS08a/audit/paired_transport_engines.csv
DS08a,isolation_forest,0,0.02,phase_conditioned,14,0.07590232052675318,0.09890302371667838,0.023000703189925198,0.011116506132983428,0.010938516563647561,4,results/extension/DS08a/audit/paired_transport_engines.csv
DS08a,isolation_forest,0,0.02,phase_conditioned,15,0.0413688937270377,0.016195400734793846,-0.025173492992243852,-0.04510521857312701,-0.014559571926307677,1,results/extension/DS08a/audit/paired_transport_engines.csv
DS08a,isolation_forest,0,0.02,quantile_regression_W,10,0.02016702145079417,0.016958084778572274,-0.0032089366722218952,-0.014098947027469434,-0.004091439457726921,1,results/extension/DS08a/audit/paired_transport_engines.csv
DS08a,isolation_forest,0,0.02,quantile_regression_W,11,0.038143096962344844,0.015242164135627453,-0.02290093282671739,-0.02914758193552683,-0.014024166875664901,1,results/extension/DS08a/audit/paired_transport_engines.csv
DS08a,isolation_forest,0,0.02,quantile_regression_W,12,0.015422453254713323,0.01451816930006768,-0.0009042839546456426,-0.002967114542624171,-0.0018021677552790862,1,results/extension/DS08a/audit/paired_transport_engines.csv
DS08a,isolation_forest,0,0.02,quantile_regression_W,13,0.024901575473948456,0.049631566950199754,0.0247299914762513,0.002191076576051776,0.024219719577534174,4,results/extension/DS08a/audit/paired_transport_engines.csv
DS08a,isolation_forest,0,0.02,quantile_regression_W,14,0.07590232052675318,0.12681327111167937,0.05091095058492619,0.026137825825162594,0.04826641755762542,4,results/extension/DS08a/audit/paired_transport_engines.csv
DS08a,isolation_forest,0,0.02,quantile_regression_W,15,0.0413688937270377,0.020491417685593764,-0.020877476041443934,-0.02110477481751801,-0.009830099386977823,1,results/extension/DS08a/audit/paired_transport_engines.csv
DS08a,isolation_forest,1,0.005,phase_conditioned,10,0.004402857752185968,0.0033578588185114097,-0.001044998933674558,0.0001401628409076726,7.111569377561558e-05,3,results/extension/DS08a/audit/paired_transport_engines.csv
DS08a,isolation_forest,1,0.005,phase_conditioned,11,0.012461309414402821,0.007400593071842566,-0.005060716342560255,-0.0052160742483356864,-0.001961906310301704,1,results/extension/DS08a/audit/paired_transport_engines.csv
DS08a,isolation_forest,1,0.005,phase_conditioned,12,0.007884838370593526,0.005717498022301932,-0.0021673403482915946,-0.002275960101569583,-0.0008012510227187065,1,results/extension/DS08a/audit/paired_transport_engines.csv
DS08a,isolation_forest,1,0.005,phase_conditioned,13,0.006676908572532004,0.00477997887251951,-0.0018969297000124945,-0.002821554302423916,-0.0011054159681363643,1,results/extension/DS08a/audit/paired_transport_engines.csv
DS08a,isolation_forest,1,0.005,phase_conditioned,14,0.0516771079716167,0.07696637473630377,0.025289266764687075,0.0252092923564977,0.014379285410799258,4,results/extension/DS08a/audit/paired_transport_engines.csv
DS08a,isolation_forest,1,0.005,phase_conditioned,15,0.004779759938332783,0.004201629776456338,-0.000578130161876445,-0.0001658440353046048,-3.9912120874953296e-05,1,results/extension/DS08a/audit/paired_transport_engines.csv
DS08a,isolation_forest,1,0.005,quantile_regression_W,10,0.004402857752185968,0.004249397542764587,-0.00015346020942138064,-0.0002535556310840669,-0.0001165260248732489,1,results/extension/DS08a/audit/paired_transport_engines.csv
DS08a,isolation_forest,1,0.005,quantile_regression_W,11,0.012461309414402821,0.003951334136015847,-0.008509975278386974,-0.01407561063523714,-0.005022084723443393,1,results/extension/DS08a/audit/paired_transport_engines.csv
DS08a,isolation_forest,1,0.005,quantile_regression_W,12,0.007884838370593526,0.007439610707867529,-0.00044522766272599764,-0.0019969384238401264,-0.0006132745284937605,1,results/extension/DS08a/audit/paired_transport_engines.csv
DS08a,isolation_forest,1,0.005,quantile_regression_W,13,0.006676908572532004,0.017875212663658553,0.01119830409112655,0.007911538957358761,0.0061796853120375216,4,results/extension/DS08a/audit/paired_transport_engines.csv
DS08a,isolation_forest,1,0.005,quantile_regression_W,14,0.0516771079716167,0.07810426388800101,0.026427155916384316,0.019218198866734662,0.027300149465185813,4,results/extension/DS08a/audit/paired_transport_engines.csv
DS08a,isolation_forest,1,0.005,quantile_regression_W,15,0.004779759938332783,0.004835085549371264,5.5325611038481264e-05,-0.0009806183170384874,0.0007875720953187055,2,results/extension/DS08a/audit/paired_transport_engines.csv
DS08a,isolation_forest,1,0.01,phase_conditioned,10,0.008059287694604393,0.007026824161498043,-0.0010324635331063498,-0.006006255883311721,-0.0018691355817734272,1,results/extension/DS08a/audit/paired_transport_engines.csv
DS08a,isolation_forest,1,0.01,phase_conditioned,11,0.024113884498033304,0.013563577546594126,-0.010550306951439178,-0.016939400826453743,-0.00643057997288893,1,results/extension/DS08a/audit/paired_transport_engines.csv
DS08a,isolation_forest,1,0.01,phase_conditioned,12,0.012009341236901136,0.012311947160828061,0.0003026059239269255,-0.0011249679762980747,0.0006882507888175023,2,results/extension/DS08a/audit/paired_transport_engines.csv
DS08a,isolation_forest,1,0.01,phase_conditioned,13,0.013047127912127856,0.0060273521360337135,-0.007019775776094143,-0.011347798966512024,-0.0037251271876700192,1,results/extension/DS08a/audit/paired_transport_engines.csv
DS08a,isolation_forest,1,0.01,phase_conditioned,14,0.07499648405037397,0.09390590040273605,0.018909416352362082,0.015902378604441422,0.010277480096476409,4,results/extension/DS08a/audit/paired_transport_engines.csv
DS08a,isolation_forest,1,0.01,phase_conditioned,15,0.017389537935190408,0.0036130382116506994,-0.013776499723539708,-0.019633492008395505,-0.008417827578783241,1,results/extension/DS08a/audit/paired_transport_engines.csv
DS08a,isolation_forest,1,0.01,quantile_regression_W,10,0.008059287694604393,0.008419784300557027,0.00036049660595263364,-0.006434983990084702,-0.0011401163965317155,3,results/extension/DS08a/audit/paired_transport_engines.csv
DS08a,isolation_forest,1,0.01,quantile_regression_W,11,0.024113884498033304,0.006970520837379112,-0.017143363660654193,-0.024754856852876008,-0.01033479466179146,1,results/extension/DS08a/audit/paired_transport_engines.csv
DS08a,isolation_forest,1,0.01,quantile_regression_W,12,0.012009341236901136,0.007305762363759424,-0.004703578873141712,-0.0067828712930346445,-0.0027176270362122834,1,results/extension/DS08a/audit/paired_transport_engines.csv
DS08a,isolation_forest,1,0.01,quantile_regression_W,13,0.013047127912127856,0.032162881869960795,0.019115753957832937,0.010171837801546488,0.013052441907958965,4,results/extension/DS08a/audit/paired_transport_engines.csv
DS08a,isolation_forest,1,0.01,quantile_regression_W,14,0.07499648405037397,0.11193313303074859,0.03693664898037462,0.02310992364906378,0.03604133053885464,4,results/extension/DS08a/audit/paired_transport_engines.csv
DS08a,isolation_forest,1,0.01,quantile_regression_W,15,0.017389537935190408,0.009322356783235815,-0.008067181151954593,-0.008106816190881716,-0.0029157014037359003,1,results/extension/DS08a/audit/paired_transport_engines.csv
DS08a,isolation_forest,1,0.02,phase_conditioned,10,0.02060913705583756,0.007140204637933079,-0.013468932417904481,-0.029218683175026974,-0.009773357108010437,1,results/extension/DS08a/audit/paired_transport_engines.csv
DS08a,isolation_forest,1,0.02,phase_conditioned,11,0.039515494614564564,0.021343479273119383,-0.01817201534144518,-0.04054355377310713,-0.008940681901832465,1,results/extension/DS08a/audit/paired_transport_engines.csv
DS08a,isolation_forest,1,0.02,phase_conditioned,12,0.016803475832104897,0.04216304525404346,0.025359569421938566,0.018687652401724264,0.011874864066777237,4,results/extension/DS08a/audit/paired_transport_engines.csv
DS08a,isolation_forest,1,0.02,phase_conditioned,13,0.02748003680270795,0.009555754966661743,-0.017924281836046208,-0.034103326589103394,-0.00878123151314575,1,results/extension/DS08a/audit/paired_transport_engines.csv
DS08a,isolation_forest,1,0.02,phase_conditioned,14,0.08085022054593108,0.10491210125934923,0.02406188071341815,0.005539807776757888,0.011784202854922293,4,results/extension/DS08a/audit/paired_transport_engines.csv
DS08a,isolation_forest,1,0.02,phase_conditioned,15,0.044148669401084695,0.017867153937367573,-0.026281515463717122,-0.04659866115251792,-0.014858721813948072,1,results/extension/DS08a/audit/paired_transport_engines.csv
DS08a,isolation_forest,1,0.02,quantile_regression_W,10,0.02060913705583756,0.01672105242365583,-0.0038880846321817306,-0.015606396057390028,-0.00412097389522229,1,results/extension/DS08a/audit/paired_transport_engines.csv
DS08a,isolation_forest,1,0.02,quantile_regression_W,11,0.039515494614564564,0.012911795548996,-0.026603699065568566,-0.029263609451846945,-0.015011248970612349,1,results/extension/DS08a/audit/paired_transport_engines.csv
DS08a,isolation_forest,1,0.02,quantile_regression_W,12,0.016803475832104897,0.014227635968655443,-0.002575839863449454,-0.005072343983858373,-0.002245371984950794,1,results/extension/DS08a/audit/paired_transport_engines.csv
DS08a,isolation_forest,1,0.02,quantile_regression_W,13,0.02748003680270795,0.037086322952881126,0.009606286150173175,-0.011612290894834197,0.012271287355956725,2,results/extension/DS08a/audit/paired_transport_engines.csv
DS08a,isolation_forest,1,0.02,quantile_regression_W,14,0.08085022054593108,0.12241513776129899,0.04156491721536791,0.017641962644177986,0.0373971636067757,4,results/extension/DS08a/audit/paired_transport_engines.csv
DS08a,isolation_forest,1,0.02,quantile_regression_W,15,0.044148669401084695,0.021016270435239005,-0.02313239896584569,-0.025395059142989805,-0.011564723681630251,1,results/extension/DS08a/audit/paired_transport_engines.csv
DS08a,isolation_forest,2,0.005,phase_conditioned,10,0.004338878225634463,0.0030806142034548946,-0.0012582640221795688,-0.0007051885273745276,-0.00022690520562593415,1,results/extension/DS08a/audit/paired_transport_engines.csv
DS08a,isolation_forest,2,0.005,phase_conditioned,11,0.013490607653567622,0.008993554632454753,-0.004497053021112869,-0.004594151712222513,-0.0017709315716283817,1,results/extension/DS08a/audit/paired_transport_engines.csv
DS08a,isolation_forest,2,0.005,phase_conditioned,12,0.0072454729678475055,0.005717498022301932,-0.0015279749455455738,-0.0015900433759901394,-0.0005065408897769984,1,results/extension/DS08a/audit/paired_transport_engines.csv
DS08a,isolation_forest,2,0.005,phase_conditioned,13,0.0062679895952838,0.00459823710485364,-0.00166975249043016,-0.002353974696214612,-0.0007629461590988344,1,results/extension/DS08a/audit/paired_transport_engines.csv
DS08a,isolation_forest,2,0.005,phase_conditioned,14,0.027883717956913637,0.07276002045643418,0.04487630249952054,0.04481232297296903,0.025386605918302142,4,results/extension/DS08a/audit/paired_transport_engines.csv
DS08a,isolation_forest,2,0.005,phase_conditioned,15,0.004807289946041185,0.004174099768747936,-0.0006331901772932491,-0.0027929265632606094,-0.0008276466991488638,1,results/extension/DS08a/audit/paired_transport_engines.csv
DS08a,isolation_forest,2,0.005,quantile_regression_W,10,0.004338878225634463,0.0040518705803342155,-0.00028700764530024785,0.00034874608965911047,-0.00020738985762827318,3,results/extension/DS08a/audit/paired_transport_engines.csv
DS08a,isolation_forest,2,0.005,quantile_regression_W,11,0.013490607653567622,0.0038542354449062027,-0.009636372208661419,-0.014114450111680998,-0.005731618174825101,1,results/extension/DS08a/audit/paired_transport_engines.csv
DS08a,isolation_forest,2,0.005,quantile_regression_W,12,0.0072454729678475055,0.003320302471584941,-0.003925170496262564,-0.006019980023766639,-0.0025435000433236873,1,results/extension/DS08a/audit/paired_transport_engines.csv
DS08a,isolation_forest,2,0.005,quantile_regression_W,13,0.0062679895952838,0.019206672091131,0.0129386824958472,0.008280564547851402,0.006820863704100014,4,results/extension/DS08a/audit/paired_transport_engines.csv
DS08a,isolation_forest,2,0.005,quantile_regression_W,14,0.027883717956913637,0.0701919385796545,0.042308220622740866,0.035376013535782104,0.03925823141205401,4,results/extension/DS08a/audit/paired_transport_engines.csv
DS08a,isolation_forest,2,0.005,quantile_regression_W,15,0.004807289946041185,0.005186031141263145,0.00037874119522196027,0.001952255685362619,0.0013200167247825654,4,results/extension/DS08a/audit/paired_transport_engines.csv
DS08a,isolation_forest,2,0.01,phase_conditioned,10,0.007910002132650886,0.003747876585153874,-0.004162125547497012,-0.007496004702564965,-0.0030472697425276527,1,results/extension/DS08a/audit/paired_transport_engines.csv
DS08a,isolation_forest,2,0.01,phase_conditioned,11,0.026466566187552838,0.01578147018098494,-0.010685096006567897,-0.015462351609162376,-0.006382147594271999,1,results/extension/DS08a/audit/paired_transport_engines.csv
DS08a,isolation_forest,2,0.01,phase_conditioned,12,0.010958181167979713,0.009429598338273391,-0.0015285828297063216,-0.002723400115764201,-0.00033274571577237514,1,results/extension/DS08a/audit/paired_transport_engines.csv
DS08a,isolation_forest,2,0.01,phase_conditioned,13,0.010593614048638641,0.005368538228244943,-0.005225075820393698,-0.01001463126088486,-0.0032905542182541402,1,results/extension/DS08a/audit/paired_transport_engines.csv
DS08a,isolation_forest,2,0.01,phase_conditioned,14,0.07099469411238254,0.09384197404589913,0.02284727993351658,0.022015546088347035,0.012679832232489321,4,results/extension/DS08a/audit/paired_transport_engines.csv
DS08a,isolation_forest,2,0.01,phase_conditioned,15,0.020596971405244642,0.007592286608479286,-0.013004684796765356,-0.01895116646178022,-0.008227924944833938,1,results/extension/DS08a/audit/paired_transport_engines.csv
DS08a,isolation_forest,2,0.01,quantile_regression_W,10,0.007910002132650886,0.007669181843321614,-0.00024082028932927244,-0.0046437648212344015,-0.0009981808427215544,1,results/extension/DS08a/audit/paired_transport_engines.csv
DS08a,isolation_forest,2,0.01,quantile_regression_W,11,0.026466566187552838,0.006970520837379112,-0.019496045350173727,-0.02583316929390579,-0.011323236947219067,1,results/extension/DS08a/audit/paired_transport_engines.csv
DS08a,isolation_forest,2,0.01,quantile_regression_W,12,0.010958181167979713,0.006213825742881527,-0.004744355425098185,-0.008224868447467785,-0.0032966212540466965,1,results/extension/DS08a/audit/paired_transport_engines.csv
DS08a,isolation_forest,2,0.01,quantile_regression_W,13,0.010593614048638641,0.031774539536948,0.021180925488309355,0.012480379908519842,0.014743635659433547,4,results/extension/DS08a/audit/paired_transport_engines.csv
DS08a,isolation_forest,2,0.01,quantile_regression_W,14,0.07099469411238254,0.09925014383430289,0.028255449721920345,0.015513072775734923,0.03441872944112184,4,results/extension/DS08a/audit/paired_transport_engines.csv
DS08a,isolation_forest,2,0.01,quantile_regression_W,15,0.020596971405244642,0.014862469140602219,-0.005734502264642423,-0.0059253531492494994,-0.002328778428448095,1,results/extension/DS08a/audit/paired_transport_engines.csv
DS08a,isolation_forest,2,0.02,phase_conditioned,10,0.018267561814311443,0.007732785525224193,-0.01053477628908725,-0.024315682047953546,-0.007666777477310061,1,results/extension/DS08a/audit/paired_transport_engines.csv
DS08a,isolation_forest,2,0.02,phase_conditioned,11,0.04400029408521118,0.024247570733620067,-0.019752723351591114,-0.040085189269950534,-0.010415195673562708,1,results/extension/DS08a/audit/paired_transport_engines.csv
DS08a,isolation_forest,2,0.02,phase_conditioned,12,0.018426944375209958,0.03845216701285971,0.02002522263764975,0.013213212396358733,0.00867466087824871,4,results/extension/DS08a/audit/paired_transport_engines.csv
DS08a,isolation_forest,2,0.02,phase_conditioned,13,0.02352715335597533,0.009633006610439934,-0.013894146745535397,-0.03022301722412109,-0.00739757915276322,1,results/extension/DS08a/audit/paired_transport_engines.csv
DS08a,isolation_forest,2,0.02,phase_conditioned,14,0.07929041743911014,0.10497602761618614,0.025685610177076004,0.00669968567291733,0.012539313795027436,4,results/extension/DS08a/audit/paired_transport_engines.csv
DS08a,isolation_forest,2,0.02,phase_conditioned,15,0.04583986159438602,0.020238710806134947,-0.025601150788251075,-0.04580817644621826,-0.014504579861284905,1,results/extension/DS08a/audit/paired_transport_engines.csv
DS08a,isolation_forest,2,0.02,quantile_regression_W,10,0.018267561814311443,0.015891439181448266,-0.0023761226328631764,-0.013419186570868161,-0.0036966701971533865,1,results/extension/DS08a/audit/paired_transport_engines.csv
DS08a,isolation_forest,2,0.02,quantile_regression_W,11,0.04400029408521118,0.012737017904998642,-0.03126327618021254,-0.030694046918928016,-0.01633421308775368,1,results/extension/DS08a/audit/paired_transport_engines.csv
DS08a,isolation_forest,2,0.02,quantile_regression_W,12,0.018426944375209958,0.014444875475211422,-0.003982068899998536,-0.008606119924631842,-0.0036614594506094306,1,results/extension/DS08a/audit/paired_transport_engines.csv
DS08a,isolation_forest,2,0.02,quantile_regression_W,13,0.02352715335597533,0.04452077309754897,0.020993619741573637,0.0007407442003356801,0.019339647854524217,4,results/extension/DS08a/audit/paired_transport_engines.csv
DS08a,isolation_forest,2,0.02,quantile_regression_W,14,0.07929041743911014,0.12365530908393531,0.04436489164482517,0.02077294666449818,0.04362398419638424,4,results/extension/DS08a/audit/paired_transport_engines.csv
DS08a,isolation_forest,2,0.02,quantile_regression_W,15,0.04583986159438602,0.025137336469490502,-0.02070252512489552,-0.022936460114033684,-0.01082216402874251,1,results/extension/DS08a/audit/paired_transport_engines.csv
DS08a,lstm_autoencoder,0,0.005,phase_conditioned,10,0.003976327575175943,0.0036777564512689275,-0.0002985711239070158,5.697740846765265e-05,0.0002855150618955803,3,results/extension/DS08a/audit/paired_transport_engines.csv
DS08a,lstm_autoencoder,0,0.005,phase_conditioned,11,0.015034555012314817,0.01292694433212023,-0.0021076106801945875,-0.0023794870153015894,-0.00123245046169888,1,results/extension/DS08a/audit/paired_transport_engines.csv
DS08a,lstm_autoencoder,0,0.005,phase_conditioned,12,0.006757821389481898,0.004802319882372162,-0.0019555015071097363,-0.00200205282994316,-0.00035083951155571395,1,results/extension/DS08a/audit/paired_transport_engines.csv
DS08a,lstm_autoencoder,0,0.005,phase_conditioned,13,0.003853465493009838,0.0037425105407204676,-0.00011095495228937054,-0.0005232058328729604,-0.0003158566250521192,1,results/extension/DS08a/audit/paired_transport_engines.csv
DS08a,lstm_autoencoder,0,0.005,phase_conditioned,14,0.04481141724733108,0.046844275394745255,0.0020328581474141766,0.0019208939759490437,0.0008150110629091614,4,results/extension/DS08a/audit/paired_transport_engines.csv
DS08a,lstm_autoencoder,0,0.005,phase_conditioned,15,0.003678559629996697,0.0041115233972376835,0.00043296376724098664,-6.982100285229248e-05,0.000176834849717446,2,results/extension/DS08a/audit/paired_transport_engines.csv
DS08a,lstm_autoencoder,0,0.005,quantile_regression_W,10,0.003976327575175943,0.0021161063485165728,-0.0018602212266593705,-0.0018338135273187122,-0.0009839096937160697,1,results/extension/DS08a/audit/paired_transport_engines.csv
DS08a,lstm_autoencoder,0,0.005,quantile_regression_W,11,0.015034555012314817,0.00347204903493212,-0.011562505977382696,-0.013241028811973934,-0.006152485120209307,1,results/extension/DS08a/audit/paired_transport_engines.csv
DS08a,lstm_autoencoder,0,0.005,quantile_regression_W,12,0.006757821389481898,0.0024551943517728296,-0.004302627037709068,-0.0068446687996029576,-0.0031042677717629755,1,results/extension/DS08a/audit/paired_transport_engines.csv
DS08a,lstm_autoencoder,0,0.005,quantile_regression_W,13,0.003853465493009838,0.030835542811896394,0.026982077318886556,0.02607871731157844,0.014640264081680785,4,results/extension/DS08a/audit/paired_transport_engines.csv
DS08a,lstm_autoencoder,0,0.005,quantile_regression_W,14,0.04481141724733108,0.113724029917535,0.06891261267020392,0.05552489673930181,0.03948473523734923,4,results/extension/DS08a/audit/paired_transport_engines.csv
DS08a,lstm_autoencoder,0,0.005,quantile_regression_W,15,0.003678559629996697,0.0038096024666886908,0.00013104283669199395,7.126134833907675e-05,-8.450165292807777e-06,3,results/extension/DS08a/audit/paired_transport_engines.csv
DS08a,lstm_autoencoder,0,0.01,phase_conditioned,10,0.006139901898059288,0.005670718703348262,-0.0004691831947110257,0.0011900432897040993,0.0005081738659108159,3,results/extension/DS08a/audit/paired_transport_engines.csv
DS08a,lstm_autoencoder,0,0.01,phase_conditioned,11,0.01612456959403987,0.014960482299746352,-0.0011640872942935195,-0.002146797876013618,-0.0007355437168620228,1,results/extension/DS08a/audit/paired_transport_engines.csv
DS08a,lstm_autoencoder,0,0.01,phase_conditioned,12,0.010535549800062853,0.008461035778467572,-0.0020745140215952806,-0.002369339066206965,-0.0006398416797094575,1,results/extension/DS08a/audit/paired_transport_engines.csv
DS08a,lstm_autoencoder,0,0.01,phase_conditioned,13,0.007263111176862194,0.006800798875656483,-0.00046231230120571086,0.00022376856799303894,-0.0002610504871306263,3,results/extension/DS08a/audit/paired_transport_engines.csv
DS08a,lstm_autoencoder,0,0.01,phase_conditioned,14,0.04900402736048073,0.04998849325576935,0.0009844658952886248,-0.00023114510918994385,0.00024984285361229555,2,results/extension/DS08a/audit/paired_transport_engines.csv
DS08a,lstm_autoencoder,0,0.01,phase_conditioned,15,0.004438938442902764,0.0057081014223871376,0.0012691629794843737,0.00119496577800415,0.0007081126242651135,4,results/extension/DS08a/audit/paired_transport_engines.csv
DS08a,lstm_autoencoder,0,0.01,quantile_regression_W,10,0.006139901898059288,0.004547240871131488,-0.0015926610269277998,-0.004973093398578221,-0.0004025743793481685,1,results/extension/DS08a/audit/paired_transport_engines.csv
DS08a,lstm_autoencoder,0,0.01,quantile_regression_W,11,0.01612456959403987,0.007453415058220201,-0.00867115453581967,-0.008402120146821622,-0.0034045003341357715,1,results/extension/DS08a/audit/paired_transport_engines.csv
DS08a,lstm_autoencoder,0,0.01,quantile_regression_W,12,0.010535549800062853,0.004910388703545659,-0.005625161096517194,-0.014411034580302013,-0.005890607957089922,1,results/extension/DS08a/audit/paired_transport_engines.csv
DS08a,lstm_autoencoder,0,0.01,quantile_regression_W,13,0.007263111176862194,0.03426955238563699,0.027006441208774795,0.0237777126850252,0.014519703844575722,4,results/extension/DS08a/audit/paired_transport_engines.csv
DS08a,lstm_autoencoder,0,0.01,quantile_regression_W,14,0.04900402736048073,0.11800613693025634,0.06900210956977562,0.05670204559024906,0.039054822477713996,4,results/extension/DS08a/audit/paired_transport_engines.csv
DS08a,lstm_autoencoder,0,0.01,quantile_regression_W,15,0.004438938442902764,0.006784168212739642,0.002345229769836878,-2.717247514075899e-05,0.0005079762710703014,2,results/extension/DS08a/audit/paired_transport_engines.csv
DS08a,lstm_autoencoder,0,0.02,phase_conditioned,10,0.01142674344209853,0.01016847941991896,-0.0012582640221795692,-0.001969361086928908,-0.0006193509681374386,1,results/extension/DS08a/audit/paired_transport_engines.csv
DS08a,lstm_autoencoder,0,0.02,phase_conditioned,11,0.016429805536154102,0.015425014397921797,-0.0010047911382323055,-0.0023571155555912326,-0.0007894914949482731,1,results/extension/DS08a/audit/paired_transport_engines.csv
DS08a,lstm_autoencoder,0,0.02,phase_conditioned,12,0.014367289937155714,0.015580087287324667,0.0012127973501689527,0.0032921547112398294,0.001107072131509207,4,results/extension/DS08a/audit/paired_transport_engines.csv
DS08a,lstm_autoencoder,0,0.02,phase_conditioned,13,0.010679784007692877,0.011216066277091501,0.000536282269398624,-0.002155767664152042,-0.000263610935695777,3,results/extension/DS08a/audit/paired_transport_engines.csv
DS08a,lstm_autoencoder,0,0.02,phase_conditioned,14,0.05115003515949626,0.054793837499200915,0.003643802339704655,0.004059669262289428,0.0016624729695079998,4,results/extension/DS08a/audit/paired_transport_engines.csv
DS08a,lstm_autoencoder,0,0.02,phase_conditioned,15,0.009813897147891201,0.008712696839555115,-0.001101200308336086,-0.001513486434907927,-0.0007014460366842898,1,results/extension/DS08a/audit/paired_transport_engines.csv
DS08a,lstm_autoencoder,0,0.02,quantile_regression_W,10,0.01142674344209853,0.010439695018370007,-0.0009870484237285218,-0.01120634193908053,0.002049151410192982,3,results/extension/DS08a/audit/paired_transport_engines.csv
DS08a,lstm_autoencoder,0,0.02,quantile_regression_W,11,0.016429805536154102,0.015556648342963523,-0.0008731571931905793,-0.0022065257280159817,0.002758061278745897,3,results/extension/DS08a/audit/paired_transport_engines.csv
DS08a,lstm_autoencoder,0,0.02,quantile_regression_W,12,0.014367289937155714,0.009913880052758166,-0.0044534098843975484,-0.01960191503769714,-0.006768697263056296,1,results/extension/DS08a/audit/paired_transport_engines.csv
DS08a,lstm_autoencoder,0,0.02,quantile_regression_W,13,0.010679784007692877,0.0785927321152208,0.06791294810752793,0.06036004789918724,0.036963986607324154,4,results/extension/DS08a/audit/paired_transport_engines.csv
DS08a,lstm_autoencoder,0,0.02,quantile_regression_W,14,0.05115003515949626,0.116866329987854,0.06571629482835774,0.06402083737474289,0.03662885683943215,4,results/extension/DS08a/audit/paired_transport_engines.csv
DS08a,lstm_autoencoder,0,0.02,quantile_regression_W,15,0.009813897147891201,0.010599876314162029,0.0007859791662708279,-0.00802278405417134,0.00014335886410770087,2,results/extension/DS08a/audit/paired_transport_engines.csv
DS08a,lstm_autoencoder,1,0.005,phase_conditioned,10,0.0036351034335679253,0.0033134108400196495,-0.0003216925935482758,0.0007054476110896577,0.0002792453165026379,3,results/extension/DS08a/audit/paired_transport_engines.csv
DS08a,lstm_autoencoder,1,0.005,phase_conditioned,11,0.015622725434694701,0.01271863397419402,-0.0029040914605006803,-0.00307886910449804,-0.0016408081019962028,1,results/extension/DS08a/audit/paired_transport_engines.csv
DS08a,lstm_autoencoder,1,0.005,phase_conditioned,12,0.006779494792964813,0.004146176269790527,-0.002633318523174286,-0.0027264211688411335,-0.0006862718567485077,1,results/extension/DS08a/audit/paired_transport_engines.csv
DS08a,lstm_autoencoder,1,0.005,phase_conditioned,13,0.004643672546770107,0.0036870330645757824,-0.0009566394821943248,-0.001928958638292377,-0.0006115439742836537,1,results/extension/DS08a/audit/paired_transport_engines.csv
DS08a,lstm_autoencoder,1,0.005,phase_conditioned,14,0.04114204436489165,0.04490091414690277,0.0037588697820111205,0.0035349414390808617,0.0017055689574866813,4,results/extension/DS08a/audit/paired_transport_engines.csv
DS08a,lstm_autoencoder,1,0.005,phase_conditioned,15,0.0040639797379143265,0.0034583195683294795,-0.0006056601695848471,0.0004250551468447548,0.0003437479108410308,3,results/extension/DS08a/audit/paired_transport_engines.csv
DS08a,lstm_autoencoder,1,0.005,quantile_regression_W,10,0.0036351034335679253,0.0033386649605459577,-0.0002964384730219675,0.0009728697875556018,2.2323856975780577e-05,3,results/extension/DS08a/audit/paired_transport_engines.csv
DS08a,lstm_autoencoder,1,0.005,quantile_regression_W,11,0.015622725434694701,0.004029013088903561,-0.01159371234579114,-0.013870799727987835,-0.00593618212019101,1,results/extension/DS08a/audit/paired_transport_engines.csv
DS08a,lstm_autoencoder,1,0.005,quantile_regression_W,12,0.006779494792964813,0.003913802467220111,-0.0028656923257447025,-0.003960598571253401,-0.0017338899218490261,1,results/extension/DS08a/audit/paired_transport_engines.csv
DS08a,lstm_autoencoder,1,0.005,quantile_regression_W,13,0.004643672546770107,0.01545517257927129,0.010811500032501184,0.007843218643391981,0.006188943326915165,4,results/extension/DS08a/audit/paired_transport_engines.csv
DS08a,lstm_autoencoder,1,0.005,quantile_regression_W,14,0.04114204436489165,0.10064469730870038,0.05950265294380873,0.05186116278582347,0.03381226042384527,4,results/extension/DS08a/audit/paired_transport_engines.csv
DS08a,lstm_autoencoder,1,0.005,quantile_regression_W,15,0.0040639797379143265,0.003598227169655741,-0.0004657525682585854,-0.0001237062684039886,-0.00022393977707968644,1,results/extension/DS08a/audit/paired_transport_engines.csv
DS08a,lstm_autoencoder,1,0.01,phase_conditioned,10,0.00582000426530177,0.005585412667946257,-0.00023459159735551328,0.0007135378223102704,0.000190896906761068,3,results/extension/DS08a/audit/paired_transport_engines.csv
DS08a,lstm_autoencoder,1,0.01,phase_conditioned,11,0.017006825227609698,0.01542611721746376,-0.001580708010145938,-0.0023534648200653277,-0.0008771577691879476,1,results/extension/DS08a/audit/paired_transport_engines.csv
DS08a,lstm_autoencoder,1,0.01,phase_conditioned,12,0.00932183920501956,0.008402688636310595,-0.0009191505687089659,-0.0011363900752649446,-0.0005336904531840292,1,results/extension/DS08a/audit/paired_transport_engines.csv
DS08a,lstm_autoencoder,1,0.01,phase_conditioned,13,0.005802204305052149,0.004526222353724388,-0.0012759819513277612,-0.0024993658249391395,-0.000744327537522281,1,results/extension/DS08a/audit/paired_transport_engines.csv
DS08a,lstm_autoencoder,1,0.01,phase_conditioned,14,0.04746979479639455,0.049055168445950266,0.0015853736495557158,0.0005137165798180313,0.0005103784900679365,4,results/extension/DS08a/audit/paired_transport_engines.csv
DS08a,lstm_autoencoder,1,0.01,phase_conditioned,15,0.006971699152075763,0.006503689021032926,-0.0004680101310428368,0.0013872774385304473,0.0004158717712892026,3,results/extension/DS08a/audit/paired_transport_engines.csv
DS08a,lstm_autoencoder,1,0.01,quantile_regression_W,10,0.00582000426530177,0.006167976928850788,0.000347972663549018,0.00025214280947472544,0.00018183321400432962,4,results/extension/DS08a/audit/paired_transport_engines.csv
DS08a,lstm_autoencoder,1,0.01,quantile_regression_W,11,0.017006825227609698,0.008310482774692197,-0.008696342452917501,-0.007718655512372078,-0.0031580170076194796,1,results/extension/DS08a/audit/paired_transport_engines.csv
DS08a,lstm_autoencoder,1,0.01,quantile_regression_W,12,0.00932183920501956,0.007610365427884243,-0.0017114737771353177,-0.007366348166924212,-0.003500801678492549,1,results/extension/DS08a/audit/paired_transport_engines.csv
DS08a,lstm_autoencoder,1,0.01,quantile_regression_W,13,0.005802204305052149,0.047598406776000864,0.041796202470948715,0.039248864419901996,0.023609250763850634,4,results/extension/DS08a/audit/paired_transport_engines.csv
DS08a,lstm_autoencoder,1,0.01,quantile_regression_W,14,0.04746979479639455,0.11402991753499969,0.06656012273860515,0.051285010774433676,0.03753461374251685,4,results/extension/DS08a/audit/paired_transport_engines.csv
DS08a,lstm_autoencoder,1,0.01,quantile_regression_W,15,0.006971699152075763,0.007691197691197691,0.0007194985391219284,0.0010418499021075823,0.00046348989560971235,4,results/extension/DS08a/audit/paired_transport_engines.csv
DS08a,lstm_autoencoder,1,0.02,phase_conditioned,10,0.011938579654510556,0.0109149072296865,-0.001023672424824056,-0.003561743490813906,-0.0012781992971134006,1,results/extension/DS08a/audit/paired_transport_engines.csv
DS08a,lstm_autoencoder,1,0.02,phase_conditioned,11,0.016405298435221604,0.015228957590461837,-0.001176340844759767,-0.0017559084521993062,-0.0003345977363049136,1,results/extension/DS08a/audit/paired_transport_engines.csv
DS08a,lstm_autoencoder,1,0.02,phase_conditioned,12,0.01649313367988207,0.01613624020482582,-0.00035689347505625177,0.001988661639654235,0.00024665748452137176,3,results/extension/DS08a/audit/paired_transport_engines.csv
DS08a,lstm_autoencoder,1,0.02,phase_conditioned,13,0.006772834149278144,0.004489703192975682,-0.002283130956302462,-0.0035221279235337667,-0.0014813172648424477,1,results/extension/DS08a/audit/paired_transport_engines.csv
DS08a,lstm_autoencoder,1,0.02,phase_conditioned,14,0.05448699098638368,0.0576577382854951,0.0031707472991114177,0.00209909022937374,0.0013902454648448553,4,results/extension/DS08a/audit/paired_transport_engines.csv
DS08a,lstm_autoencoder,1,0.02,phase_conditioned,15,0.01311749807289946,0.012374187864772603,-0.0007433102081268583,0.0009470629108176906,-0.00011062014815635922,3,results/extension/DS08a/audit/paired_transport_engines.csv
DS08a,lstm_autoencoder,1,0.02,quantile_regression_W,10,0.011938579654510556,0.011269308260577569,-0.0006692713939329877,-0.013655156192441481,-0.0021833906690630544,1,results/extension/DS08a/audit/paired_transport_engines.csv
DS08a,lstm_autoencoder,1,0.02,quantile_regression_W,11,0.016405298435221604,0.016834582669825612,0.00042928423460400836,-0.0032436832548853115,0.0029613356548636536,2,results/extension/DS08a/audit/paired_transport_engines.csv
DS08a,lstm_autoencoder,1,0.02,quantile_regression_W,12,0.01649313367988207,0.014972457133990225,-0.001520676545891846,-0.006550200199823275,-0.0035841903704999043,1,results/extension/DS08a/audit/paired_transport_engines.csv
DS08a,lstm_autoencoder,1,0.02,quantile_regression_W,13,0.006772834149278144,0.07199428934771393,0.06522145519843578,0.06166540403261975,0.03691194251189366,4,results/extension/DS08a/audit/paired_transport_engines.csv
DS08a,lstm_autoencoder,1,0.02,quantile_regression_W,14,0.05448699098638368,0.112314773381065,0.057827782394681324,0.049638402996088876,0.03192442499351069,4,results/extension/DS08a/audit/paired_transport_engines.csv
DS08a,lstm_autoencoder,1,0.02,quantile_regression_W,15,0.01311749807289946,0.010063904349618636,-0.0030535937232808244,-0.00912101044326446,-0.0023232624254566313,1,results/extension/DS08a/audit/paired_transport_engines.csv
DS08a,lstm_autoencoder,2,0.005,phase_conditioned,10,0.003933674557474941,0.0033952841002128703,-0.0005383904572620708,-0.00026185270985955127,-6.198365231199678e-05,1,results/extension/DS08a/audit/paired_transport_engines.csv
DS08a,lstm_autoencoder,2,0.005,phase_conditioned,11,0.017950900023281743,0.014519905892732419,-0.0034309941305493245,-0.0035863520363247567,-0.0019671707442962903,1,results/extension/DS08a/audit/paired_transport_engines.csv
DS08a,lstm_autoencoder,2,0.005,phase_conditioned,12,0.006649454372067318,0.003983625743668656,-0.0026658286283986615,-0.002743414166454369,-0.0009874033840573185,1,results/extension/DS08a/audit/paired_transport_engines.csv
DS08a,lstm_autoencoder,2,0.005,phase_conditioned,13,0.004711825709644808,0.0034460067424087913,-0.0012658189672360171,-0.0013952664115736164,-0.0004851157247535891,1,results/extension/DS08a/audit/paired_transport_engines.csv
DS08a,lstm_autoencoder,2,0.005,phase_conditioned,14,0.042305504059323665,0.04738125679217542,0.005075752732851754,0.00493179879811087,0.0024888172734707087,4,results/extension/DS08a/audit/paired_transport_engines.csv
DS08a,lstm_autoencoder,2,0.005,phase_conditioned,15,0.004449399845831957,0.003740465883323027,-0.0007089339625089303,-0.001363067376093003,-0.00027214316233183143,1,results/extension/DS08a/audit/paired_transport_engines.csv
DS08a,lstm_autoencoder,2,0.005,quantile_regression_W,10,0.003933674557474941,0.0033599914693964597,-0.0005736830880784813,0.0008931521349294577,-9.780948261893345e-05,3,results/extension/DS08a/audit/paired_transport_engines.csv
DS08a,lstm_autoencoder,2,0.005,quantile_regression_W,11,0.017950900023281743,0.00422321047112285,-0.013727689552158893,-0.014759563349900022,-0.006956145992304319,1,results/extension/DS08a/audit/paired_transport_engines.csv
DS08a,lstm_autoencoder,2,0.005,quantile_regression_W,12,0.006649454372067318,0.006459378719630313,-0.00019007565243700508,-0.0003297296209372781,-0.00016373233600011205,1,results/extension/DS08a/audit/paired_transport_engines.csv
DS08a,lstm_autoencoder,2,0.005,quantile_regression_W,13,0.004711825709644808,0.04014534569841518,0.03543351998877037,0.03242907786603664,0.019765506435198085,4,results/extension/DS08a/audit/paired_transport_engines.csv
DS08a,lstm_autoencoder,2,0.005,quantile_regression_W,14,0.042305504059323665,0.11101355238764943,0.06870804832832576,0.0561571789095529,0.03944304204669835,4,results/extension/DS08a/audit/paired_transport_engines.csv
DS08a,lstm_autoencoder,2,0.005,quantile_regression_W,15,0.004449399845831957,0.003556998556998557,-0.0008924012888334,-0.0028745822742707924,-0.0010748853488348241,1,results/extension/DS08a/audit/paired_transport_engines.csv
DS08a,lstm_autoencoder,2,0.01,phase_conditioned,10,0.006075922371507785,0.005644135424485443,-0.0004317869470223416,8.003780722509214e-05,8.174656722500975e-05,3,results/extension/DS08a/audit/paired_transport_engines.csv
DS08a,lstm_autoencoder,2,0.01,phase_conditioned,11,0.020094719945104096,0.018440490632160668,-0.0016542293129434282,-0.002602612670571762,-0.0008358404936176476,1,results/extension/DS08a/audit/paired_transport_engines.csv
DS08a,lstm_autoencoder,2,0.01,phase_conditioned,12,0.009397696117209765,0.008787779774546643,-0.0006099163426631221,-0.0007495703111633917,0.00026423174174276896,3,results/extension/DS08a/audit/paired_transport_engines.csv
DS08a,lstm_autoencoder,2,0.01,phase_conditioned,13,0.006837783859752941,0.006671351431318884,-0.00016643242843405667,-0.0014159070811368968,-0.00017986465521274697,1,results/extension/DS08a/audit/paired_transport_engines.csv
DS08a,lstm_autoencoder,2,0.01,phase_conditioned,14,0.05001406379850412,0.05350444288180017,0.0034903790832960455,0.003186476332176405,0.0015408777970197449,4,results/extension/DS08a/audit/paired_transport_engines.csv
DS08a,lstm_autoencoder,2,0.01,phase_conditioned,15,0.006861579121242155,0.00578790882061447,-0.0010736703006276847,-0.0003727838854555559,-0.00021746952152035086,1,results/extension/DS08a/audit/paired_transport_engines.csv
DS08a,lstm_autoencoder,2,0.01,quantile_regression_W,10,0.006075922371507785,0.005891439181448268,-0.00018448319005951678,-0.0030806345501221705,-0.0008883223143448292,1,results/extension/DS08a/audit/paired_transport_engines.csv
DS08a,lstm_autoencoder,2,0.01,quantile_regression_W,11,0.020094719945104096,0.008388161727579913,-0.011706558217524183,-0.010889330615397761,-0.004914901175915412,1,results/extension/DS08a/audit/paired_transport_engines.csv
DS08a,lstm_autoencoder,2,0.01,quantile_regression_W,12,0.009397696117209765,0.006896578477771744,-0.0025011176394380214,-0.00965068999558279,-0.003536961897691672,1,results/extension/DS08a/audit/paired_transport_engines.csv
DS08a,lstm_autoencoder,2,0.01,quantile_regression_W,13,0.006837783859752941,0.0336097081088863,0.026771924249133355,0.022566192568135596,0.014985249257642792,4,results/extension/DS08a/audit/paired_transport_engines.csv
DS08a,lstm_autoencoder,2,0.01,quantile_regression_W,14,0.05001406379850412,0.11658697180847664,0.06657290800997252,0.05081794959666478,0.03760953561442734,4,results/extension/DS08a/audit/paired_transport_engines.csv
DS08a,lstm_autoencoder,2,0.01,quantile_regression_W,15,0.006861579121242155,0.006784168212739642,-7.741090850251278e-05,-0.003534432043341815,-0.0007463691572004187,1,results/extension/DS08a/audit/paired_transport_engines.csv
DS08a,lstm_autoencoder,2,0.02,phase_conditioned,10,0.011554702495201536,0.009677969716357433,-0.0018767327788441028,-0.006803252522409535,-0.002219582021731988,1,results/extension/DS08a/audit/paired_transport_engines.csv
DS08a,lstm_autoencoder,2,0.02,phase_conditioned,11,0.019738264162040952,0.01688318690340526,-0.0028550772586356937,-0.0041547137116819365,-0.001191584091291319,1,results/extension/DS08a/audit/paired_transport_engines.csv
DS08a,lstm_autoencoder,2,0.02,phase_conditioned,12,0.01633860013536537,0.02216164492263169,0.005823044787266321,0.005279946020876371,0.0016031315382922205,4,results/extension/DS08a/audit/paired_transport_engines.csv
DS08a,lstm_autoencoder,2,0.02,phase_conditioned,13,0.011807826022634811,0.00994008432576374,-0.0018677416968710704,-0.00577066526313352,-0.0016826275129786092,1,results/extension/DS08a/audit/paired_transport_engines.csv
DS08a,lstm_autoencoder,2,0.02,phase_conditioned,14,0.05439749408681199,0.05963945534743975,0.005241961260627759,0.0036904577417537915,0.002266368945704679,4,results/extension/DS08a/audit/paired_transport_engines.csv
DS08a,lstm_autoencoder,2,0.02,phase_conditioned,15,0.01248430789560621,0.010997687479352494,-0.0014866204162537165,-0.003338109949254823,-0.001343560212825337,1,results/extension/DS08a/audit/paired_transport_engines.csv
DS08a,lstm_autoencoder,2,0.02,quantile_regression_W,10,0.011554702495201536,0.011624856792952238,7.015429775070192e-05,-0.012113648430051908,-0.0024429045034120188,3,results/extension/DS08a/audit/paired_transport_engines.csv
DS08a,lstm_autoencoder,2,0.02,quantile_regression_W,11,0.019738264162040952,0.016640385287606325,-0.0030978788744346272,-0.006424338105624362,0.0005572387681221074,3,results/extension/DS08a/audit/paired_transport_engines.csv
DS08a,lstm_autoencoder,2,0.02,quantile_regression_W,12,0.01633860013536537,0.011465590813872295,-0.0048730093214930745,-0.023640715678902545,-0.007213091287888449,1,results/extension/DS08a/audit/paired_transport_engines.csv
DS08a,lstm_autoencoder,2,0.02,quantile_regression_W,13,0.011807826022634811,0.056589924777752446,0.044782098755117634,0.03647286513743417,0.025154753685821915,4,results/extension/DS08a/audit/paired_transport_engines.csv
DS08a,lstm_autoencoder,2,0.02,quantile_regression_W,14,0.05439749408681199,0.11589464936393275,0.061497155277120755,0.049389029877248705,0.03402113426416821,4,results/extension/DS08a/audit/paired_transport_engines.csv
DS08a,lstm_autoencoder,2,0.02,quantile_regression_W,15,0.01248430789560621,0.011877963306534735,-0.0006063445890714756,-0.00707952850136275,-0.0020525349236733548,1,results/extension/DS08a/audit/paired_transport_engines.csv
DS08a,cvae,0,0.005,phase_conditioned,10,0.003968396921565417,0.003059287694604393,-0.0009091092269610237,-0.006834918099872177,-0.0013555719479017578,1,results/extension/DS08a/audit/paired_transport_engines.csv
DS08a,cvae,0,0.005,phase_conditioned,11,0.003946194659902707,0.0028573561179507895,-0.0010888385419519178,-0.0034441639753188947,-0.0013203151704028475,1,results/extension/DS08a/audit/paired_transport_engines.csv
DS08a,cvae,0,0.005,phase_conditioned,12,0.004295614386805232,0.0028431220420513615,-0.00145249234475387,-0.000979057956566558,-0.0004741592830537823,1,results/extension/DS08a/audit/paired_transport_engines.csv
DS08a,cvae,0,0.005,phase_conditioned,13,0.011236408018344551,0.012719818122922989,0.0014834101045784372,-0.0022529544641712845,0.00044037244505545827,2,results/extension/DS08a/audit/paired_transport_engines.csv
DS08a,cvae,0,0.005,phase_conditioned,14,0.04933740331138529,0.06740299175349997,0.01806558844211468,0.01368447833324811,0.007922715426785298,4,results/extension/DS08a/audit/paired_transport_engines.csv
DS08a,cvae,0,0.005,phase_conditioned,15,0.014006390434961862,0.0014426646968489398,-0.012563725738112923,-0.01515774266507915,-0.0071997873688889515,1,results/extension/DS08a/audit/paired_transport_engines.csv
DS08a,cvae,0,0.005,quantile_regression_W,10,0.003968396921565417,0.004232245681381958,0.00026384875981654097,-0.005238174052771915,-0.0007201189329666532,3,results/extension/DS08a/audit/paired_transport_engines.csv
DS08a,cvae,0,0.005,quantile_regression_W,11,0.003946194659902707,0.0020948057199573576,-0.0018513889399453497,-0.0021244304593456683,-0.001618985489359418,1,results/extension/DS08a/audit/paired_transport_engines.csv
DS08a,cvae,0,0.005,quantile_regression_W,12,0.004295614386805232,0.004452237029430299,0.00015662264262506723,0.0006291185693843189,8.636462064671698e-05,4,results/extension/DS08a/audit/paired_transport_engines.csv
DS08a,cvae,0,0.005,quantile_regression_W,13,0.011236408018344551,0.014519393423152137,0.0032829854048075854,-0.003452818859308638,0.001990127604449312,2,results/extension/DS08a/audit/paired_transport_engines.csv
DS08a,cvae,0,0.005,quantile_regression_W,14,0.04933740331138529,0.023089241194144346,-0.02624816211724094,-0.03258064778592837,-0.01655216148523516,1,results/extension/DS08a/audit/paired_transport_engines.csv
DS08a,cvae,0,0.005,quantile_regression_W,15,0.014006390434961862,0.002494769298535404,-0.011511621136426458,-0.01590199405060242,-0.006771067082765194,1,results/extension/DS08a/audit/paired_transport_engines.csv
DS08a,cvae,0,0.01,phase_conditioned,10,0.008477157360406091,0.005777351247600768,-0.002699806112805323,-0.014393402288683332,-0.0031718784212851165,1,results/extension/DS08a/audit/paired_transport_engines.csv
DS08a,cvae,0,0.01,phase_conditioned,11,0.007716854879783628,0.00578496285498516,-0.0019318920247984681,-0.006593257176460417,-0.0026180580663158802,1,results/extension/DS08a/audit/paired_transport_engines.csv
DS08a,cvae,0,0.01,phase_conditioned,12,0.008569555370127548,0.007912572642191985,-0.0006569827279355629,-0.0007206028691412406,-0.00024759416561557883,1,results/extension/DS08a/audit/paired_transport_engines.csv
DS08a,cvae,0,0.01,phase_conditioned,13,0.024433020193801315,0.03839657840749583,0.013963558213694514,0.005118159435716169,0.0061394441054411115,4,results/extension/DS08a/audit/paired_transport_engines.csv
DS08a,cvae,0,0.01,phase_conditioned,14,0.0672486096017388,0.09233331202454773,0.025084702422808927,0.014159102913413962,0.007067049794867435,4,results/extension/DS08a/audit/paired_transport_engines.csv
DS08a,cvae,0,0.01,phase_conditioned,15,0.029290867862296434,0.004182642754071325,-0.025108225108225107,-0.030492825539770705,-0.014452069359951981,1,results/extension/DS08a/audit/paired_transport_engines.csv
DS08a,cvae,0,0.01,quantile_regression_W,10,0.008477157360406091,0.008613776924717424,0.00013661956431133306,-0.012501228590221136,-0.0017646487995431354,3,results/extension/DS08a/audit/paired_transport_engines.csv
DS08a,cvae,0,0.01,quantile_regression_W,11,0.007716854879783628,0.005843840752858142,-0.0018730141269254867,-0.002593874809723482,-0.002617362910053803,1,results/extension/DS08a/audit/paired_transport_engines.csv
DS08a,cvae,0,0.01,quantile_regression_W,12,0.008569555370127548,0.011623450883375732,0.0030538955132481845,0.0013299448576503912,0.0010495735427862299,4,results/extension/DS08a/audit/paired_transport_engines.csv
DS08a,cvae,0,0.01,quantile_regression_W,13,0.024433020193801315,0.030862356483869806,0.006429336290068491,-0.007428473494453927,0.0027527025420383336,2,results/extension/DS08a/audit/paired_transport_engines.csv
DS08a,cvae,0,0.01,quantile_regression_W,14,0.0672486096017388,0.039849773061433225,-0.027398836540305574,-0.04299494148796029,-0.021526196387852196,1,results/extension/DS08a/audit/paired_transport_engines.csv
DS08a,cvae,0,0.01,quantile_regression_W,15,0.029290867862296434,0.00501706860477921,-0.024273799257517225,-0.03220945109301938,-0.014085429130464127,1,results/extension/DS08a/audit/paired_transport_engines.csv
DS08a,cvae,0,0.02,phase_conditioned,10,0.01725358511436811,0.011703988057155045,-0.005549597057213066,-0.029976808746751963,-0.006218409682686938,1,results/extension/DS08a/audit/paired_transport_engines.csv
DS08a,cvae,0,0.02,phase_conditioned,11,0.01656736707189187,0.011464549781344948,-0.005102817290546922,-0.0155768739347572,-0.006418142115388015,1,results/extension/DS08a/audit/paired_transport_engines.csv
DS08a,cvae,0,0.02,phase_conditioned,12,0.017396229342850494,0.02108805750694331,0.003691828164092817,-0.0026428116188756505,-0.0002581647430446917,3,results/extension/DS08a/audit/paired_transport_engines.csv
DS08a,cvae,0,0.02,phase_conditioned,13,0.05080775205266662,0.0727141194678056,0.021906367415138975,0.0037859603886273713,0.005097932226068663,4,results/extension/DS08a/audit/paired_transport_engines.csv
DS08a,cvae,0,0.02,phase_conditioned,14,0.08885380042191394,0.11158601291312407,0.02273221249121013,-0.0012542870514747617,-0.0038666354522822743,3,results/extension/DS08a/audit/paired_transport_engines.csv
DS08a,cvae,0,0.02,phase_conditioned,15,0.06142650999793857,0.00613894042465471,-0.05528756957328386,-0.06662050116747549,-0.031595653201197255,1,results/extension/DS08a/audit/paired_transport_engines.csv
DS08a,cvae,0,0.02,quantile_regression_W,10,0.01725358511436811,0.016950309234378333,-0.00030327587998977765,-0.027170804944997143,-0.003707820873278877,1,results/extension/DS08a/audit/paired_transport_engines.csv
DS08a,cvae,0,0.02,quantile_regression_W,11,0.01656736707189187,0.015363746645590561,-0.0012036204263013092,-0.007347899543145929,-0.004614337392939703,1,results/extension/DS08a/audit/paired_transport_engines.csv
DS08a,cvae,0,0.02,quantile_regression_W,12,0.017396229342850494,0.028556491703036386,0.011160262360185892,0.001210136503821506,0.0031152392002808584,4,results/extension/DS08a/audit/paired_transport_engines.csv
DS08a,cvae,0,0.02,quantile_regression_W,13,0.05080775205266662,0.058257531222631456,0.0074497791699648375,-0.02111775493501375,-0.0017493300831620193,3,results/extension/DS08a/audit/paired_transport_engines.csv
DS08a,cvae,0,0.02,quantile_regression_W,14,0.08885380042191394,0.06805216390717893,-0.020801636514735017,-0.044736607594385136,-0.02715285802664362,1,results/extension/DS08a/audit/paired_transport_engines.csv
DS08a,cvae,0,0.02,quantile_regression_W,15,0.06142650999793857,0.008327276731637485,-0.05309923326630109,-0.06983398717190428,-0.03095987891595154,1,results/extension/DS08a/audit/paired_transport_engines.csv
DS08a,cvae,1,0.005,phase_conditioned,10,0.003485817871614417,0.003967724094338877,0.0004819062227244598,0.003050398381976035,0.0010437248617950314,4,results/extension/DS08a/audit/paired_transport_engines.csv
DS08a,cvae,1,0.005,phase_conditioned,11,0.0038542354449062027,0.002494853769371189,-0.0013593816755350136,-0.00178825594185368,-0.0006209682104796901,1,results/extension/DS08a/audit/paired_transport_engines.csv
DS08a,cvae,1,0.005,phase_conditioned,12,0.005056459216072996,0.004297890094170938,-0.0007585691219020585,-0.002030971946015643,-0.0008251560852233961,1,results/extension/DS08a/audit/paired_transport_engines.csv
DS08a,cvae,1,0.005,phase_conditioned,13,0.002965825874694874,0.0028285124710568307,-0.00013731340363804315,-8.68186098186988e-05,-0.0004896871303142448,1,results/extension/DS08a/audit/paired_transport_engines.csv
DS08a,cvae,1,0.005,phase_conditioned,14,0.04803330563191204,0.044875343604168,-0.0031579620277440434,-0.004117654926016595,-0.001896998695892306,1,results/extension/DS08a/audit/paired_transport_engines.csv
DS08a,cvae,1,0.005,phase_conditioned,15,0.0037475458274206395,0.003843739676247109,9.619384882646968e-05,-0.00015078061547440895,0.00029901330298485324,2,results/extension/DS08a/audit/paired_transport_engines.csv
DS08a,cvae,1,0.005,quantile_regression_W,10,0.003485817871614417,0.0008626572830027724,-0.0026231605886116445,-0.003226144066644017,-0.0014209369407374335,1,results/extension/DS08a/audit/paired_transport_engines.csv
DS08a,cvae,1,0.005,quantile_regression_W,11,0.0038542354449062027,0.0029415077484755505,-0.0009127276964306522,-0.0005573747329094721,-0.0003503867247593691,1,results/extension/DS08a/audit/paired_transport_engines.csv
DS08a,cvae,1,0.005,quantile_regression_W,12,0.005056459216072996,0.0040594826558588626,-0.0009969765602141339,-0.001167664743936687,-0.0001521634719625414,1,results/extension/DS08a/audit/paired_transport_engines.csv
DS08a,cvae,1,0.005,quantile_regression_W,13,0.002965825874694874,0.0024665285893927065,-0.0004992972853021674,0.00010272232009102007,-0.0005222494368847164,3,results/extension/DS08a/audit/paired_transport_engines.csv
DS08a,cvae,1,0.005,quantile_regression_W,14,0.04803330563191204,0.022475548168509874,-0.025557757463402168,-0.027349184206844263,-0.013109213106062615,1,results/extension/DS08a/audit/paired_transport_engines.csv
DS08a,cvae,1,0.005,quantile_regression_W,15,0.0037475458274206395,0.0011245104102246962,-0.0026230354171959433,-0.005105493815170985,-0.0020845676361442725,1,results/extension/DS08a/audit/paired_transport_engines.csv
DS08a,cvae,1,0.01,phase_conditioned,10,0.004838984858178717,0.008725556038399243,0.003886571180220526,0.008832346776666965,0.003422291682370351,4,results/extension/DS08a/audit/paired_transport_engines.csv
DS08a,cvae,1,0.01,phase_conditioned,11,0.007184137957820328,0.006276717188570225,-0.0009074207692501036,-0.001287280833703778,-0.0006494309011908358,1,results/extension/DS08a/audit/paired_transport_engines.csv
DS08a,cvae,1,0.01,phase_conditioned,12,0.006943129800605167,0.005539830297250728,-0.001403299503354439,-0.0036494315434440205,-0.0014223821279402997,1,results/extension/DS08a/audit/paired_transport_engines.csv
DS08a,cvae,1,0.01,phase_conditioned,13,0.0054770674120907465,0.006148908857509627,0.0006718414454188809,0.0019795608208813915,-0.0006728940974347615,3,results/extension/DS08a/audit/paired_transport_engines.csv
DS08a,cvae,1,0.01,phase_conditioned,14,0.061853225084702416,0.0553199514159688,-0.006533273668733616,-0.00845265946527872,-0.003868490719111266,1,results/extension/DS08a/audit/paired_transport_engines.csv
DS08a,cvae,1,0.01,phase_conditioned,15,0.006639776062826818,0.006834049113533752,0.00019427305070693346,0.00015352382289841697,0.0005329981389167642,4,results/extension/DS08a/audit/paired_transport_engines.csv
DS08a,cvae,1,0.01,quantile_regression_W,10,0.004838984858178717,0.0030367795204045353,-0.0018022053377741813,-0.002041275257538387,-0.001009052001340464,1,results/extension/DS08a/audit/paired_transport_engines.csv
DS08a,cvae,1,0.01,quantile_regression_W,11,0.007184137957820328,0.004186761270833699,-0.0029973766869866294,-0.00022807428161467167,-0.0012229034558188874,1,results/extension/DS08a/audit/paired_transport_engines.csv
DS08a,cvae,1,0.01,quantile_regression_W,12,0.006943129800605167,0.006335799472541835,-0.0006073303280633323,-0.001604306888277467,0.0004391959762334299,3,results/extension/DS08a/audit/paired_transport_engines.csv
DS08a,cvae,1,0.01,quantile_regression_W,13,0.0054770674120907465,0.003965424159898264,-0.0015116432521924822,-0.0008511610984179661,-0.0018826944221297186,1,results/extension/DS08a/audit/paired_transport_engines.csv
DS08a,cvae,1,0.01,quantile_regression_W,14,0.061853225084702416,0.022256817859765285,-0.03959640722493713,-0.043435178818027345,-0.019187737176180063,1,results/extension/DS08a/audit/paired_transport_engines.csv
DS08a,cvae,1,0.01,quantile_regression_W,15,0.006639776062826818,0.0019191919191919194,-0.004720584143634899,-0.00878520445205691,-0.0035513421534108993,1,results/extension/DS08a/audit/paired_transport_engines.csv
DS08a,cvae,1,0.02,phase_conditioned,10,0.005860524632117723,0.022349780745071702,0.01648925611295398,0.021094919123766855,0.009416956968279985,4,results/extension/DS08a/audit/paired_transport_engines.csv
DS08a,cvae,1,0.02,phase_conditioned,11,0.012834116596108284,0.012061680043555385,-0.0007724365525528989,-0.0023408910122325894,-0.0015882857055150006,1,results/extension/DS08a/audit/paired_transport_engines.csv
DS08a,cvae,1,0.02,phase_conditioned,12,0.012924198929319574,0.0077527931598738616,-0.0051714057694457125,-0.008359889439275646,-0.002791376627903656,1,results/extension/DS08a/audit/paired_transport_engines.csv
DS08a,cvae,1,0.02,phase_conditioned,13,0.010774177294158579,0.012681727112401474,0.001907549818242895,0.0022830381289877903,-0.00042783254060424665,3,results/extension/DS08a/audit/paired_transport_engines.csv
DS08a,cvae,1,0.02,phase_conditioned,14,0.07530141277248609,0.0682439429776897,-0.007057469794796392,-0.011568026416677382,-0.004788326835538613,1,results/extension/DS08a/audit/paired_transport_engines.csv
DS08a,cvae,1,0.02,phase_conditioned,15,0.00884746223976051,0.012364460935889509,0.0035169986961289985,0.006159879436135607,0.0031504295979111474,4,results/extension/DS08a/audit/paired_transport_engines.csv
DS08a,cvae,1,0.02,quantile_regression_W,10,0.005860524632117723,0.006942677675502707,0.0010821530433849837,-0.0004995709379168479,-0.0001142461566752892,3,results/extension/DS08a/audit/paired_transport_engines.csv
DS08a,cvae,1,0.02,quantile_regression_W,11,0.012834116596108284,0.007337325910184584,-0.0054967906859236994,-0.002396642417963059,-0.0033220309867661316,1,results/extension/DS08a/audit/paired_transport_engines.csv
DS08a,cvae,1,0.02,quantile_regression_W,12,0.012924198929319574,0.012683268373515065,-0.00024093055580450863,-0.004673141568060819,0.00023214183928242822,3,results/extension/DS08a/audit/paired_transport_engines.csv
DS08a,cvae,1,0.02,quantile_regression_W,13,0.010774177294158579,0.00927453121063429,-0.0014996460835242885,0.0033510253028918822,-0.0025361165911128095,3,results/extension/DS08a/audit/paired_transport_engines.csv
DS08a,cvae,1,0.02,quantile_regression_W,14,0.07530141277248609,0.027599417728367704,-0.04770199504411839,-0.054083952817630856,-0.025504689942661984,1,results/extension/DS08a/audit/paired_transport_engines.csv
DS08a,cvae,1,0.02,quantile_regression_W,15,0.00884746223976051,0.005240156668728098,-0.003607305571032412,-0.00823124566573564,-0.0033232853185453503,1,results/extension/DS08a/audit/paired_transport_engines.csv
DS08a,cvae,2,0.005,phase_conditioned,10,0.0027180635529963745,0.003144593730006398,0.00042653017701002344,0.002616625170498167,-0.00016272751000702456,3,results/extension/DS08a/audit/paired_transport_engines.csv
DS08a,cvae,2,0.005,phase_conditioned,11,0.007314818218578834,0.006420309034542759,-0.0008945091840360745,-0.002933581697338596,-0.0008590189067766872,1,results/extension/DS08a/audit/paired_transport_engines.csv
DS08a,cvae,2,0.005,phase_conditioned,12,0.003693724181389596,0.0017565990617779536,-0.0019371251196116423,-0.0034422845578923472,-0.0014162388024144856,1,results/extension/DS08a/audit/paired_transport_engines.csv
DS08a,cvae,2,0.005,phase_conditioned,13,0.026660528115364773,0.02425512242029736,-0.0024054056950674127,-0.001644362042966592,-3.952491694304838e-05,1,results/extension/DS08a/audit/paired_transport_engines.csv
DS08a,cvae,2,0.005,phase_conditioned,14,0.051421402544269,0.04789266764687081,-0.003528734897398196,-0.01010263125056518,-0.0014309831799281802,1,results/extension/DS08a/audit/paired_transport_engines.csv
DS08a,cvae,2,0.005,phase_conditioned,15,0.0024672392908270013,0.002935249421869838,0.0004680101310428368,0.0008094855964418677,0.00018501113257733182,4,results/extension/DS08a/audit/paired_transport_engines.csv
DS08a,cvae,2,0.005,quantile_regression_W,10,0.0027180635529963745,0.002052562633044048,-0.0006655009199523264,0.001603604858507966,-0.0013664488681601537,3,results/extension/DS08a/audit/paired_transport_engines.csv
DS08a,cvae,2,0.005,quantile_regression_W,11,0.007314818218578834,0.002156073472288596,-0.005158744746290238,-0.00655696589826911,-0.0032764459199282068,1,results/extension/DS08a/audit/paired_transport_engines.csv
DS08a,cvae,2,0.005,quantile_regression_W,12,0.003693724181389596,0.0061793124372768226,0.0024855882558872267,0.0016786986601078791,0.0010982904861925004,4,results/extension/DS08a/audit/paired_transport_engines.csv
DS08a,cvae,2,0.005,quantile_regression_W,13,0.026660528115364773,0.041021139011193364,0.014360610895828591,0.014792247594035024,0.007398639137413631,4,results/extension/DS08a/audit/paired_transport_engines.csv
DS08a,cvae,2,0.005,quantile_regression_W,14,0.051421402544269,0.026579620277440385,-0.024841782266828618,-0.02921864531603399,-0.013073053951285562,1,results/extension/DS08a/audit/paired_transport_engines.csv
DS08a,cvae,2,0.005,quantile_regression_W,15,0.0024672392908270013,0.002237682951968666,-0.00022955633885833517,0.000411930355152512,-0.00021123594858304669,3,results/extension/DS08a/audit/paired_transport_engines.csv
DS08a,cvae,2,0.01,phase_conditioned,10,0.004775005331627213,0.005222862017487738,0.00044785668586052457,0.004437901326954033,0.00033964512209276555,4,results/extension/DS08a/audit/paired_transport_engines.csv
DS08a,cvae,2,0.01,phase_conditioned,11,0.009887512406719848,0.00844159345170263,-0.001445918955017219,-0.004999731049630182,-0.0011165650038899707,1,results/extension/DS08a/audit/paired_transport_engines.csv
DS08a,cvae,2,0.01,phase_conditioned,12,0.024961607580460704,0.01909188507946881,-0.005869722500991895,-0.008771421624275317,-0.0035961284645624272,1,results/extension/DS08a/audit/paired_transport_engines.csv
DS08a,cvae,2,0.01,phase_conditioned,13,0.09759060861636654,0.08363790145525657,-0.013952707161109967,-0.012566926182657728,-0.005141404280783954,1,results/extension/DS08a/audit/paired_transport_engines.csv
DS08a,cvae,2,0.01,phase_conditioned,14,0.08432973214856486,0.07561017707600845,-0.00871955507255641,-0.01201078708835425,-0.003952977985001195,1,results/extension/DS08a/audit/paired_transport_engines.csv
DS08a,cvae,2,0.01,phase_conditioned,15,0.0048243585508203944,0.00515471864332122,0.0003303600925008256,-0.0005832724716964407,-0.00025306310798289345,3,results/extension/DS08a/audit/paired_transport_engines.csv
DS08a,cvae,2,0.01,quantile_regression_W,10,0.004775005331627213,0.0033191419682331753,-0.001455863363394038,0.0025736866701855455,-0.001393540658666482,3,results/extension/DS08a/audit/paired_transport_engines.csv
DS08a,cvae,2,0.01,quantile_regression_W,11,0.009887512406719848,0.003099045448418679,-0.006788466958301169,-0.007254540675627459,-0.0034720623207462335,1,results/extension/DS08a/audit/paired_transport_engines.csv
DS08a,cvae,2,0.01,quantile_regression_W,12,0.024961607580460704,0.015626064835344365,-0.009335542745116339,-0.010607945569229928,-0.0054219838085578995,1,results/extension/DS08a/audit/paired_transport_engines.csv
DS08a,cvae,2,0.01,quantile_regression_W,13,0.09759060861636654,0.07929492639737022,-0.018295682218996315,-0.01730746135731316,-0.011368000091560151,1,results/extension/DS08a/audit/paired_transport_engines.csv
DS08a,cvae,2,0.01,quantile_regression_W,14,0.08432973214856486,0.06016556926420764,-0.024164162884357222,-0.02659538489331434,-0.01324139223358773,1,results/extension/DS08a/audit/paired_transport_engines.csv
DS08a,cvae,2,0.01,quantile_regression_W,15,0.0048243585508203944,0.0029086786229643377,-0.0019156799278560567,-0.0017796069927628463,-0.0011945134380655703,1,results/extension/DS08a/audit/paired_transport_engines.csv
DS08a,cvae,2,0.02,phase_conditioned,10,0.009592663680955429,0.010893580720836,0.0013009170398805715,0.005014423933571559,0.0005765823557833723,4,results/extension/DS08a/audit/paired_transport_engines.csv
DS08a,cvae,2,0.02,phase_conditioned,11,0.013329657268193459,0.013770785084978369,0.00044112781678491003,-0.0029044740157797184,-0.00031938922325068855,3,results/extension/DS08a/audit/paired_transport_engines.csv
DS08a,cvae,2,0.02,phase_conditioned,12,0.10424440450906715,0.07666954512567974,-0.027574859383387412,-0.03376618532023279,-0.015990230596952267,1,results/extension/DS08a/audit/paired_transport_engines.csv
DS08a,cvae,2,0.02,phase_conditioned,13,0.232900315525536,0.1941014720525956,-0.03879884347294041,-0.03942358079929184,-0.01960959751583409,1,results/extension/DS08a/audit/paired_transport_engines.csv
DS08a,cvae,2,0.02,phase_conditioned,14,0.17994885891453047,0.15161669756440582,-0.028332161350124646,-0.028911856559265786,-0.01431250201660314,1,results/extension/DS08a/audit/paired_transport_engines.csv
DS08a,cvae,2,0.02,phase_conditioned,15,0.009868957163308005,0.011300517564144918,0.0014315604008369124,0.0015870723266577218,2.2610782743499522e-05,4,results/extension/DS08a/audit/paired_transport_engines.csv
DS08a,cvae,2,0.02,quantile_regression_W,10,0.009592663680955429,0.006196168331422957,-0.003396495349532472,-0.0022508389674363166,-0.0030341100749999017,1,results/extension/DS08a/audit/paired_transport_engines.csv
DS08a,cvae,2,0.02,quantile_regression_W,11,0.013329657268193459,0.0057937237314511884,-0.00753593353674227,-0.008040846730512419,-0.0035156146106899867,1,results/extension/DS08a/audit/paired_transport_engines.csv
DS08a,cvae,2,0.02,quantile_regression_W,12,0.10424440450906715,0.033142577076574795,-0.07110182743249235,-0.07321215406760759,-0.04097957481927074,1,results/extension/DS08a/audit/paired_transport_engines.csv
DS08a,cvae,2,0.02,quantile_regression_W,13,0.232900315525536,0.13060045829184314,-0.10229985723369286,-0.10269741735046195,-0.059954437123720034,1,results/extension/DS08a/audit/paired_transport_engines.csv
DS08a,cvae,2,0.02,quantile_regression_W,14,0.17994885891453047,0.09212682989196445,-0.08782202902256601,-0.08679985147537836,-0.04905536620858404,1,results/extension/DS08a/audit/paired_transport_engines.csv
DS08a,cvae,2,0.02,quantile_regression_W,15,0.009868957163308005,0.007384044526901671,-0.0024849126364063345,-7.44777861837586e-05,-0.0020790890453451704,1,results/extension/DS08a/audit/paired_transport_engines.csv
DS08c,pca,-1,0.005,phase_conditioned,7,0.004641741138068985,0.0031979435355641147,-0.00144379760250487,0.0005687444718993212,-0.0007979668903623297,3,results/extension/DS08c/audit/paired_transport_engines.csv
DS08c,pca,-1,0.005,phase_conditioned,8,0.004761885863957457,0.004511573006268146,-0.000250312857689311,0.002205423363377281,-0.0006708924366341336,3,results/extension/DS08c/audit/paired_transport_engines.csv
DS08c,pca,-1,0.005,phase_conditioned,9,0.004881603094105807,0.003608754146982831,-0.0012728489471229764,0.000792544635000357,-0.0008842602215360512,3,results/extension/DS08c/audit/paired_transport_engines.csv
DS08c,pca,-1,0.005,phase_conditioned,10,0.004836534532080098,0.0033857785042909687,-0.0014507560277891292,-0.0017175412656726331,-0.000534244462456672,1,results/extension/DS08c/audit/paired_transport_engines.csv
DS08c,pca,-1,0.005,quantile_regression_W,7,0.004641741138068985,0.003826590611102851,-0.0008151505269661337,0.001006917252511401,-0.0007765192215126054,3,results/extension/DS08c/audit/paired_transport_engines.csv
DS08c,pca,-1,0.005,quantile_regression_W,8,0.004761885863957457,0.004642828795936186,-0.00011905706802127144,0.0014064858262652386,-0.0003698058795443206,3,results/extension/DS08c/audit/paired_transport_engines.csv
DS08c,pca,-1,0.005,quantile_regression_W,9,0.004881603094105807,0.004021541378097815,-0.0008600617160079921,-0.0018889361537544934,-0.0006571661477213797,1,results/extension/DS08c/audit/paired_transport_engines.csv
DS08c,pca,-1,0.005,quantile_regression_W,10,0.004836534532080098,0.0046730690641601964,-0.0001634654679199014,-0.000660163375499798,0.00024549064911772063,3,results/extension/DS08c/audit/paired_transport_engines.csv
DS08c,pca,-1,0.01,phase_conditioned,7,0.0064842231723260665,0.0070142397795130915,0.000530016607187025,-0.003685440634710834,-0.0009937196962619688,3,results/extension/DS08c/audit/paired_transport_engines.csv
DS08c,pca,-1,0.01,phase_conditioned,8,0.009063848262013948,0.009172387593954359,0.00010853933194041043,0.002134555815384609,-0.00045310147349302,3,results/extension/DS08c/audit/paired_transport_engines.csv
DS08c,pca,-1,0.01,phase_conditioned,9,0.007920775428457857,0.008180678499900625,0.0002599030714427672,0.004322027130972093,-0.0006194793638392851,3,results/extension/DS08c/audit/paired_transport_engines.csv
DS08c,pca,-1,0.01,phase_conditioned,10,0.008998774008990601,0.007364119329791582,-0.0016346546791990192,-0.0023082059418195527,-0.00045949812684572405,1,results/extension/DS08c/audit/paired_transport_engines.csv
DS08c,pca,-1,0.01,quantile_regression_W,7,0.0064842231723260665,0.005481957685647752,-0.0010022654866783144,0.001065833079169673,-0.0005771040928363664,3,results/extension/DS08c/audit/paired_transport_engines.csv
DS08c,pca,-1,0.01,quantile_regression_W,8,0.009063848262013948,0.009563457417255339,0.0004996091552413907,0.0036833508476654116,0.0003284040528573834,4,results/extension/DS08c/audit/paired_transport_engines.csv
DS08c,pca,-1,0.01,quantile_regression_W,9,0.007920775428457857,0.008195966915867848,0.0002751914874099901,-0.0007668736482563387,0.0004097603715993575,2,results/extension/DS08c/audit/paired_transport_engines.csv
DS08c,pca,-1,0.01,quantile_regression_W,10,0.008998774008990601,0.009570903146710257,0.0005721291377196562,-0.001473874954288528,0.0014241855713955668,2,results/extension/DS08c/audit/paired_transport_engines.csv
DS08c,pca,-1,0.02,phase_conditioned,7,0.013710469594713968,0.013922476237588778,0.00021200664287480964,-0.003086137475209562,-0.0016149695044745498,3,results/extension/DS08c/audit/paired_transport_engines.csv
DS08c,pca,-1,0.02,phase_conditioned,8,0.018480449352834234,0.018494016769326785,1.3567416492551304e-05,0.004736164448002988,-0.0006794736398195566,3,results/extension/DS08c/audit/paired_transport_engines.csv
DS08c,pca,-1,0.02,phase_conditioned,9,0.01730923878976899,0.017339815621703437,3.057683193444585e-05,0.005753093950153757,0.00041867490808774124,4,results/extension/DS08c/audit/paired_transport_engines.csv
DS08c,pca,-1,0.02,phase_conditioned,10,0.015382100531262771,0.013543114017163875,-0.0018389865140988962,-0.002632588101302071,-0.0004964716094869592,1,results/extension/DS08c/audit/paired_transport_engines.csv
DS08c,pca,-1,0.02,quantile_regression_W,7,0.013710469594713968,0.01406882550803097,0.0003583559133170013,0.001651027308736168,-8.252876290439949e-05,3,results/extension/DS08c/audit/paired_transport_engines.csv
DS08c,pca,-1,0.02,quantile_regression_W,8,0.018480449352834234,0.019027700611159618,0.000547251258325384,0.006284914177403627,0.0016702820359932261,4,results/extension/DS08c/audit/paired_transport_engines.csv
DS08c,pca,-1,0.02,quantile_regression_W,9,0.01730923878976899,0.015566359369505726,-0.0017428794202632644,-0.0060404031802867315,0.0012364869500844332,3,results/extension/DS08c/audit/paired_transport_engines.csv
DS08c,pca,-1,0.02,quantile_regression_W,10,0.015382100531262771,0.019060073559460565,0.003677973028197794,-0.00024043480861788043,0.0032484000036246234,2,results/extension/DS08c/audit/paired_transport_engines.csv
DS08c,isolation_forest,0,0.005,phase_conditioned,7,0.004116638988021625,0.00443464895233384,0.00031800996431221445,0.0035029251613709063,0.0004453622774633851,4,results/extension/DS08c/audit/paired_transport_engines.csv
DS08c,isolation_forest,0,0.005,phase_conditioned,8,0.004742219086641522,0.004837191002089382,9.497191544786e-05,0.002813441635266893,-0.00022203670980318292,3,results/extension/DS08c/audit/paired_transport_engines.csv
DS08c,isolation_forest,0,0.005,phase_conditioned,9,0.00425086761760614,0.004541347520983351,0.0002904799033772113,0.0010981896205719036,-0.0007428480534087479,3,results/extension/DS08c/audit/paired_transport_engines.csv
DS08c,isolation_forest,0,0.005,phase_conditioned,10,0.004121373109930528,0.0037727879057358827,-0.0003485852041946449,0.00024668566350279173,-0.0005115879597690199,3,results/extension/DS08c/audit/paired_transport_engines.csv
DS08c,isolation_forest,0,0.005,quantile_regression_W,7,0.004116638988021625,0.007732999013260162,0.003616360025238537,0.005695250502435757,0.0020688534952462687,4,results/extension/DS08c/audit/paired_transport_engines.csv
DS08c,isolation_forest,0,0.005,quantile_regression_W,8,0.004742219086641522,0.008988006403820584,0.0042457873171790625,0.011070932169945156,0.002368020320736122,4,results/extension/DS08c/audit/paired_transport_engines.csv
DS08c,isolation_forest,0,0.005,quantile_regression_W,9,0.00425086761760614,0.004605343647019358,0.0003544760294132178,0.003032187707138086,-0.0005016270435636255,3,results/extension/DS08c/audit/paired_transport_engines.csv
DS08c,isolation_forest,0,0.005,quantile_regression_W,10,0.004121373109930528,0.002977114834491214,-0.0011442582754393137,-0.0005786550455223155,-0.0008057967285385274,1,results/extension/DS08c/audit/paired_transport_engines.csv
DS08c,isolation_forest,0,0.01,phase_conditioned,7,0.008074272993887141,0.008639624041553303,0.0005653510476661613,-0.0028544459272328,-0.000985816757761277,3,results/extension/DS08c/audit/paired_transport_engines.csv
DS08c,isolation_forest,0,0.01,phase_conditioned,8,0.009552275255745802,0.009606544921716007,5.4269665970205216e-05,0.005530894794948697,-0.0003034562968486877,3,results/extension/DS08c/audit/paired_transport_engines.csv
DS08c,isolation_forest,0,0.01,phase_conditioned,9,0.008562888899081167,0.008838080386491157,0.0002751914874099901,-0.0015444480724706678,-0.000748535815435482,3,results/extension/DS08c/audit/paired_transport_engines.csv
DS08c,isolation_forest,0,0.01,phase_conditioned,10,0.0072006538618716795,0.006496220542463318,-0.0007044333194083617,-0.0010477814928231402,-0.0002197767228396914,1,results/extension/DS08c/audit/paired_transport_engines.csv
DS08c,isolation_forest,0,0.01,quantile_regression_W,7,0.008074272993887141,0.009802381692596748,0.0017281086987096066,0.0016480997804648422,0.0022026302148505043,4,results/extension/DS08c/audit/paired_transport_engines.csv
DS08c,isolation_forest,0,0.01,quantile_regression_W,8,0.009552275255745802,0.05009008764551054,0.04053781238976474,0.0548032302800735,0.02245344492527529,4,results/extension/DS08c/audit/paired_transport_engines.csv
DS08c,isolation_forest,0,0.01,quantile_regression_W,9,0.008562888899081167,0.009388282652880005,0.0008253937537988382,0.011078057864844369,0.001178364735778487,4,results/extension/DS08c/audit/paired_transport_engines.csv
DS08c,isolation_forest,0,0.01,quantile_regression_W,10,0.0072006538618716795,0.007302819779321618,0.00010216591744993848,0.0014041685214551468,-0.0006777411850945898,3,results/extension/DS08c/audit/paired_transport_engines.csv
DS08c,isolation_forest,0,0.02,phase_conditioned,7,0.02430867384869088,0.007277273894648627,-0.017031399954042254,-0.024251054315756623,-0.010253943625553553,1,results/extension/DS08c/audit/paired_transport_engines.csv
DS08c,isolation_forest,0,0.02,phase_conditioned,8,0.019321629175372425,0.019036713429028844,-0.00028491574634358086,-0.0026290721269561536,-0.00013132758641400295,1,results/extension/DS08c/audit/paired_transport_engines.csv
DS08c,isolation_forest,0,0.02,phase_conditioned,9,0.018272408995703954,0.01785962176458897,-0.0004127872311149826,-0.007423785163499834,-0.002399578356905425,1,results/extension/DS08c/audit/paired_transport_engines.csv
DS08c,isolation_forest,0,0.02,phase_conditioned,10,0.015096035962402943,0.01318808359270787,-0.0019079523696950724,-0.00730224440061669,-0.0004341712382320822,1,results/extension/DS08c/audit/paired_transport_engines.csv
DS08c,isolation_forest,0,0.02,quantile_regression_W,7,0.02430867384869088,0.017054316024122763,-0.007254357824568118,-0.005616618014107247,-0.003307594523399047,1,results/extension/DS08c/audit/paired_transport_engines.csv
DS08c,isolation_forest,0,0.02,quantile_regression_W,8,0.019321629175372425,0.04919382411201259,0.029872194936640166,0.04657399458428381,0.01740811082084833,4,results/extension/DS08c/audit/paired_transport_engines.csv
DS08c,isolation_forest,0,0.02,quantile_regression_W,9,0.018272408995703954,0.017908321329202597,-0.00036408766650135663,0.001814592173945962,-0.002279213378207589,3,results/extension/DS08c/audit/paired_transport_engines.csv
DS08c,isolation_forest,0,0.02,quantile_regression_W,10,0.015096035962402943,0.015811197384552514,0.0007151614221495711,-0.00010324021465370203,-0.001160184928814787,3,results/extension/DS08c/audit/paired_transport_engines.csv
DS08c,isolation_forest,1,0.005,phase_conditioned,7,0.004098971767782057,0.00443464895233384,0.0003356771845517822,0.002298617794935766,0.00018190911328424273,4,results/extension/DS08c/audit/paired_transport_engines.csv
DS08c,isolation_forest,1,0.005,phase_conditioned,8,0.004742219086641522,0.004864325835074485,0.00012210674843296347,0.0023246625068264865,-0.00026385848294426277,3,results/extension/DS08c/audit/paired_transport_engines.csv
DS08c,isolation_forest,1,0.005,phase_conditioned,9,0.004230420111687748,0.0045566359369505725,0.0003262158252628246,0.0006823646690981523,-0.0005612475875756834,3,results/extension/DS08c/audit/paired_transport_engines.csv
DS08c,isolation_forest,1,0.005,phase_conditioned,10,0.004407437678790356,0.003755002223210316,-0.0006524354555800397,-0.0003052347611786513,-0.00038485877396673756,1,results/extension/DS08c/audit/paired_transport_engines.csv
DS08c,isolation_forest,1,0.005,quantile_regression_W,7,0.004098971767782057,0.007070666792825185,0.002971695025043127,0.0036494814846001304,0.0018183676868782934,4,results/extension/DS08c/audit/paired_transport_engines.csv
DS08c,isolation_forest,1,0.005,quantile_regression_W,8,0.004742219086641522,0.004543614572585126,-0.0001986045140563962,0.004007230701702188,-0.0009520609555668524,3,results/extension/DS08c/audit/paired_transport_engines.csv
DS08c,isolation_forest,1,0.005,quantile_regression_W,9,0.004230420111687748,0.004644809282317423,0.0004143891706296747,0.0026831892128399083,-7.370473049946253e-05,3,results/extension/DS08c/audit/paired_transport_engines.csv
DS08c,isolation_forest,1,0.005,quantile_regression_W,10,0.004407437678790356,0.0028953821005312627,-0.001512055578259093,-0.0005944537430554227,-0.0011255177610499335,1,results/extension/DS08c/audit/paired_transport_engines.csv
DS08c,isolation_forest,1,0.01,phase_conditioned,7,0.008127274654605844,0.008745627362990708,0.0006183527083848638,-0.0016660176029112805,-0.00047025778821321255,3,results/extension/DS08c/audit/paired_transport_engines.csv
DS08c,isolation_forest,1,0.01,phase_conditioned,8,0.009511573006268146,0.009620112338208558,0.00010853933194041217,0.0024698378476956306,-0.00016985608093748016,3,results/extension/DS08c/audit/paired_transport_engines.csv
DS08c,isolation_forest,1,0.01,phase_conditioned,9,0.008578177315048388,0.008853368802458378,0.0002751914874099901,-0.001109831794171838,-0.0004120507848525143,3,results/extension/DS08c/audit/paired_transport_engines.csv
DS08c,isolation_forest,1,0.01,phase_conditioned,10,0.007404985696771557,0.006460649177412183,-0.0009443365193593746,-0.0016015378337620027,-0.00011107506402133725,1,results/extension/DS08c/audit/paired_transport_engines.csv
DS08c,isolation_forest,1,0.01,quantile_regression_W,7,0.008127274654605844,0.020811632097805732,0.012684357443199889,0.012256589720187663,0.007440929851082194,4,results/extension/DS08c/audit/paired_transport_engines.csv
DS08c,isolation_forest,1,0.01,quantile_regression_W,8,0.009511573006268146,0.0638610153854503,0.054349442379182156,0.06815847484207603,0.030168665958067366,4,results/extension/DS08c/audit/paired_transport_engines.csv
DS08c,isolation_forest,1,0.01,quantile_regression_W,9,0.008578177315048388,0.009506679558774198,0.0009285022437258098,0.01058289099670914,0.00038699999952044803,4,results/extension/DS08c/audit/paired_transport_engines.csv
DS08c,isolation_forest,1,0.01,quantile_regression_W,10,0.007404985696771557,0.006465059256232121,-0.0009399264405394363,0.0013168780730695908,-0.0016178588764339894,3,results/extension/DS08c/audit/paired_transport_engines.csv
DS08c,isolation_forest,1,0.02,phase_conditioned,7,0.015022505778510695,0.011820077029080245,-0.00320242874943045,-0.012641988506478952,-0.004583752893132226,1,results/extension/DS08c/audit/paired_transport_engines.csv
DS08c,isolation_forest,1,0.02,phase_conditioned,8,0.019294494342387322,0.019226657259924566,-6.783708246275652e-05,-0.005536364557718396,-0.00032518299997289814,1,results/extension/DS08c/audit/paired_transport_engines.csv
DS08c,isolation_forest,1,0.02,phase_conditioned,9,0.01821125533183507,0.017966640676359523,-0.000244614655475546,-0.006193619417317497,-0.0005794661577205474,1,results/extension/DS08c/audit/paired_transport_engines.csv
DS08c,isolation_forest,1,0.02,phase_conditioned,10,0.015259501430322845,0.013454868830591375,-0.0018046325997314698,-0.005772640535747344,-1.0073818974916729e-05,1,results/extension/DS08c/audit/paired_transport_engines.csv
DS08c,isolation_forest,1,0.02,quantile_regression_W,7,0.015022505778510695,0.016429808133988196,0.0014073023554775008,0.0005953708119497483,0.0009386145920637669,4,results/extension/DS08c/audit/paired_transport_engines.csv
DS08c,isolation_forest,1,0.02,quantile_regression_W,8,0.019294494342387322,0.0638466339239682,0.04455213958158087,0.06239577973867701,0.025039861102590693,4,results/extension/DS08c/audit/paired_transport_engines.csv
DS08c,isolation_forest,1,0.02,quantile_regression_W,9,0.01821125533183507,0.01777019160565937,-0.0004410637261756979,0.005006562222553714,-0.0023587582980262433,3,results/extension/DS08c/audit/paired_transport_engines.csv
DS08c,isolation_forest,1,0.02,quantile_regression_W,10,0.015259501430322845,0.014912137310993053,-0.0003473641193297919,0.0010910387574759612,-0.0024417553387525593,3,results/extension/DS08c/audit/paired_transport_engines.csv
DS08c,isolation_forest,2,0.005,phase_conditioned,7,0.004116638988021625,0.00450531783329211,0.0003886788452704846,0.004376737977629049,0.00031193960841989325,4,results/extension/DS08c/audit/paired_transport_engines.csv
DS08c,isolation_forest,2,0.005,phase_conditioned,8,0.004755786503134073,0.004877893251567037,0.00012210674843296347,0.0028604193129222084,-0.00029339895352073833,3,results/extension/DS08c/audit/paired_transport_engines.csv
DS08c,isolation_forest,2,0.005,phase_conditioned,9,0.00425015292933678,0.004633078016786681,0.0003829250874499007,0.0010787800184796064,-0.0007171730417278679,3,results/extension/DS08c/audit/paired_transport_engines.csv
DS08c,isolation_forest,2,0.005,phase_conditioned,10,0.004387004495300368,0.003986216096042686,-0.0004007883992576825,0.0001412160766597289,-0.0005058457910300778,3,results/extension/DS08c/audit/paired_transport_engines.csv
DS08c,isolation_forest,2,0.005,quantile_regression_W,7,0.004116638988021625,0.007057149808734674,0.002940510820713049,0.007494419922221544,0.0017827321178795906,4,results/extension/DS08c/audit/paired_transport_engines.csv
DS08c,isolation_forest,2,0.005,quantile_regression_W,8,0.004755786503134073,0.004662671640606397,-9.311486252767606e-05,0.0032373024696291785,-0.00019816847421541507,3,results/extension/DS08c/audit/paired_transport_engines.csv
DS08c,isolation_forest,2,0.005,quantile_regression_W,9,0.00425015292933678,0.004546145194072261,0.00029599226473548106,0.002881369057021562,-4.1483137813703736e-05,3,results/extension/DS08c/audit/paired_transport_engines.csv
DS08c,isolation_forest,2,0.005,quantile_regression_W,10,0.004387004495300368,0.003079280751941153,-0.0013077237433592155,-0.000600922329756388,-0.0009603032572608567,1,results/extension/DS08c/audit/paired_transport_engines.csv
DS08c,isolation_forest,2,0.01,phase_conditioned,7,0.00809194021412671,0.008745627362990708,0.0006536871488639975,-0.000968350941997171,-0.00025433241516925175,3,results/extension/DS08c/audit/paired_transport_engines.csv
DS08c,isolation_forest,2,0.01,phase_conditioned,8,0.00944373592380539,0.009620112338208558,0.0001763764144031687,0.003946516901743434,-0.0002570286218810582,3,results/extension/DS08c/audit/paired_transport_engines.csv
DS08c,isolation_forest,2,0.01,phase_conditioned,9,0.008517023651179501,0.00888394563439282,0.000366921983213319,-0.000793859433731451,-0.0006083011202734946,3,results/extension/DS08c/audit/paired_transport_engines.csv
DS08c,isolation_forest,2,0.01,phase_conditioned,10,0.007118921127911728,0.0066918630502445535,-0.0004270580776671749,-9.120718120036444e-05,-0.00024632438944872676,1,results/extension/DS08c/audit/paired_transport_engines.csv
DS08c,isolation_forest,2,0.01,quantile_regression_W,7,0.00809194021412671,0.011076993745804035,0.002985053531677325,0.0031347940642721586,0.002955496193623477,4,results/extension/DS08c/audit/paired_transport_engines.csv
DS08c,isolation_forest,2,0.01,quantile_regression_W,8,0.00944373592380539,0.023877838981901066,0.014434103058095676,0.028124078452968285,0.007881950927518887,4,results/extension/DS08c/audit/paired_transport_engines.csv
DS08c,isolation_forest,2,0.01,quantile_regression_W,9,0.008517023651179501,0.00925015292933678,0.0007331292781572792,0.0013267106845494918,4.405569563644199e-05,4,results/extension/DS08c/audit/paired_transport_engines.csv
DS08c,isolation_forest,2,0.01,quantile_regression_W,10,0.007118921127911728,0.006281160604822231,-0.000837760523089497,0.0020266452057219595,-0.001649519318330175,3,results/extension/DS08c/audit/paired_transport_engines.csv
DS08c,isolation_forest,2,0.02,phase_conditioned,7,0.01648234006028575,0.013162785767287376,-0.0033195542929983744,-0.010739866908768533,-0.004094958976764599,1,results/extension/DS08c/audit/paired_transport_engines.csv
DS08c,isolation_forest,2,0.02,phase_conditioned,8,0.019321629175372425,0.01926735950940222,-5.4269665970205216e-05,-0.004477592546174847,-0.00010141522122119467,1,results/extension/DS08c/audit/paired_transport_engines.csv
DS08c,isolation_forest,2,0.02,phase_conditioned,9,0.01821125533183507,0.018088948004097296,-0.000122307327737773,-0.007469526069081377,-0.001076000377501168,1,results/extension/DS08c/audit/paired_transport_engines.csv
DS08c,isolation_forest,2,0.02,phase_conditioned,10,0.014421740907233346,0.013561582925744775,-0.0008601579814885713,-0.004828165917504443,0.00014555638489025663,3,results/extension/DS08c/audit/paired_transport_engines.csv
DS08c,isolation_forest,2,0.02,quantile_regression_W,7,0.01648234006028575,0.014725132128519485,-0.001757207931766265,-0.0030025393179187246,-0.0018410619821633573,1,results/extension/DS08c/audit/paired_transport_engines.csv
DS08c,isolation_forest,2,0.02,quantile_regression_W,8,0.019321629175372425,0.03711882343364177,0.017797194258269346,0.03303495559109748,0.01013028527010961,4,results/extension/DS08c/audit/paired_transport_engines.csv
DS08c,isolation_forest,2,0.02,quantile_regression_W,9,0.01821125533183507,0.01652702409377035,-0.0016842312380647186,-0.004203654540751663,-0.0030258958256080704,1,results/extension/DS08c/audit/paired_transport_engines.csv
DS08c,isolation_forest,2,0.02,quantile_regression_W,10,0.014421740907233346,0.014544340008173274,0.00012259910093992757,0.0017222023001463261,-0.002434857799586349,3,results/extension/DS08c/audit/paired_transport_engines.csv
DS08c,lstm_autoencoder,0,0.005,phase_conditioned,7,0.0038692979046676796,0.004752658916646055,0.0008833610119783754,0.0061194491530056645,0.00014615192166218512,4,results/extension/DS08c/audit/paired_transport_engines.csv
DS08c,lstm_autoencoder,0,0.005,phase_conditioned,8,0.004742219086641522,0.0049728651670148975,0.00023064608037337564,0.0033062870042562236,-9.119543816828689e-05,3,results/extension/DS08c/audit/paired_transport_engines.csv
DS08c,lstm_autoencoder,0,0.005,phase_conditioned,9,0.004205002369704475,0.004831827424360562,0.0006268250546560871,0.0025198397425475454,-0.0004712924221435895,3,results/extension/DS08c/audit/paired_transport_engines.csv
DS08c,lstm_autoencoder,0,0.005,phase_conditioned,10,0.004121373109930528,0.004430858159181859,0.0003094850492513313,0.0017971839788788599,-0.00036556694108692616,3,results/extension/DS08c/audit/paired_transport_engines.csv
DS08c,lstm_autoencoder,0,0.005,quantile_regression_W,7,0.0038692979046676796,0.022808204657079254,0.018938906752411576,0.02440248927076506,0.011034365678600031,4,results/extension/DS08c/audit/paired_transport_engines.csv
DS08c,lstm_autoencoder,0,0.005,quantile_regression_W,8,0.004742219086641522,0.003928486387808556,-0.0008137326988329656,0.0029155409993959023,-0.0008905724512314312,3,results/extension/DS08c/audit/paired_transport_engines.csv
DS08c,lstm_autoencoder,0,0.005,quantile_regression_W,9,0.004205002369704475,0.0062064089039734595,0.002001406534268985,0.001837669638601827,0.001127835382787989,4,results/extension/DS08c/audit/paired_transport_engines.csv
DS08c,lstm_autoencoder,0,0.005,quantile_regression_W,10,0.004121373109930528,0.0031405803024111157,-0.0009807928075194119,0.0023052137644937326,-0.0008738370153065851,3,results/extension/DS08c/audit/paired_transport_engines.csv
DS08c,lstm_autoencoder,0,0.01,phase_conditioned,7,0.006678562594961308,0.008286279636761953,0.0016077170418006444,0.004259749697003712,0.00024588537793245567,4,results/extension/DS08c/audit/paired_transport_engines.csv
DS08c,lstm_autoencoder,0,0.01,phase_conditioned,8,0.009389466257835183,0.009647247171193661,0.00025778091335847825,0.0018650513316456445,-0.00017806283038151495,3,results/extension/DS08c/audit/paired_transport_engines.csv
DS08c,lstm_autoencoder,0,0.01,phase_conditioned,9,0.008088948004097296,0.008945099298261707,0.000856151294164411,0.0009352954816833738,-0.0001379474005472718,3,results/extension/DS08c/audit/paired_transport_engines.csv
DS08c,lstm_autoencoder,0,0.01,phase_conditioned,10,0.006853289742541888,0.0068697198755002225,1.6430132958334884e-05,-0.0004108629226059891,0.0002059693894116768,2,results/extension/DS08c/audit/paired_transport_engines.csv
DS08c,lstm_autoencoder,0,0.01,quantile_regression_W,7,0.006678562594961308,0.04314299848061906,0.03646443588565775,0.04604002008037877,0.024581116763367248,4,results/extension/DS08c/audit/paired_transport_engines.csv
DS08c,lstm_autoencoder,0,0.01,quantile_regression_W,8,0.009389466257835183,0.008598357719910325,-0.0007911085379248579,0.012025781691458428,0.00041564915944066697,3,results/extension/DS08c/audit/paired_transport_engines.csv
DS08c,lstm_autoencoder,0,0.01,quantile_regression_W,9,0.008088948004097296,0.025606720787659187,0.01751777278356189,0.021266640332003938,0.00894754400605048,4,results/extension/DS08c/audit/paired_transport_engines.csv
DS08c,lstm_autoencoder,0,0.01,quantile_regression_W,10,0.006853289742541888,0.006975888843481815,0.00012259910093992757,0.005300117254998023,-0.0004247968877291279,3,results/extension/DS08c/audit/paired_transport_engines.csv
DS08c,lstm_autoencoder,0,0.02,phase_conditioned,7,0.012738772481537756,0.014964842231723261,0.0022260697501855047,0.0021314508615519374,0.0003958040932285998,4,results/extension/DS08c/audit/paired_transport_engines.csv
DS08c,lstm_autoencoder,0,0.02,phase_conditioned,8,0.01800558977559493,0.018765365099177814,0.0007597753235828834,0.0021917752212991673,-0.00016357267577754055,3,results/extension/DS08c/audit/paired_transport_engines.csv
DS08c,lstm_autoencoder,0,0.02,phase_conditioned,9,0.01654481799140791,0.017523276613310095,0.000978458621902184,0.0009125051323030479,-0.0008967034249866626,3,results/extension/DS08c/audit/paired_transport_engines.csv
DS08c,lstm_autoencoder,0,0.02,phase_conditioned,10,0.013563547200653862,0.012690084481991996,-0.0008734627186618663,-0.0009354628426621143,-0.0005404933316387004,1,results/extension/DS08c/audit/paired_transport_engines.csv
DS08c,lstm_autoencoder,0,0.02,quantile_regression_W,7,0.012738772481537756,0.02759549132539486,0.014856718843857104,0.021586248853348568,0.011821053883076603,4,results/extension/DS08c/audit/paired_transport_engines.csv
DS08c,lstm_autoencoder,0,0.02,quantile_regression_W,8,0.01800558977559493,0.016811657124250402,-0.0011939326513445286,3.976725446977556e-05,0.00023567122879188628,3,results/extension/DS08c/audit/paired_transport_engines.csv
DS08c,lstm_autoencoder,0,0.02,quantile_regression_W,9,0.01654481799140791,0.030130715956519744,0.013585897965111834,0.02436395481274175,0.005985401392502105,4,results/extension/DS08c/audit/paired_transport_engines.csv
DS08c,lstm_autoencoder,0,0.02,quantile_regression_W,10,0.013563547200653862,0.015361667347772784,0.0017981201471189215,0.00492292639673142,0.000412901712745016,4,results/extension/DS08c/audit/paired_transport_engines.csv
DS08c,lstm_autoencoder,1,0.005,phase_conditioned,7,0.0039046323451468147,0.004613279461815576,0.0007086471166687612,0.007126990931956547,0.0006262843964796767,4,results/extension/DS08c/audit/paired_transport_engines.csv
DS08c,lstm_autoencoder,1,0.005,phase_conditioned,8,0.004687949420671316,0.0048236235855968305,0.00013567416492551478,0.004997171109127435,-0.00013690570510340805,3,results/extension/DS08c/audit/paired_transport_engines.csv
DS08c,lstm_autoencoder,1,0.005,phase_conditioned,9,0.004113271873901145,0.0045566359369505725,0.00044336406304942757,0.0034288645921353566,-0.0005825567733468793,3,results/extension/DS08c/audit/paired_transport_engines.csv
DS08c,lstm_autoencoder,1,0.005,phase_conditioned,10,0.003957907642010625,0.003683859493108048,-0.00027404814890257716,0.002822104263263302,-0.000620988188859182,3,results/extension/DS08c/audit/paired_transport_engines.csv
DS08c,lstm_autoencoder,1,0.005,quantile_regression_W,7,0.0039046323451468147,0.028408713473022155,0.02450408112787534,0.029859958763065738,0.014116511205683474,4,results/extension/DS08c/audit/paired_transport_engines.csv
DS08c,lstm_autoencoder,1,0.005,quantile_regression_W,8,0.004687949420671316,0.0036903722517660133,-0.0009975771689053024,0.005303221591365208,-0.0006652870927039375,3,results/extension/DS08c/audit/paired_transport_engines.csv
DS08c,lstm_autoencoder,1,0.005,quantile_regression_W,9,0.004113271873901145,0.005987851367215839,0.0018745794933146941,0.004697678933149089,9.866489861645386e-05,4,results/extension/DS08c/audit/paired_transport_engines.csv
DS08c,lstm_autoencoder,1,0.005,quantile_regression_W,10,0.003957907642010625,0.003120147118921128,-0.0008377605230894974,0.0034030479585274664,-0.0007426726137603127,3,results/extension/DS08c/audit/paired_transport_engines.csv
DS08c,lstm_autoencoder,1,0.01,phase_conditioned,7,0.006572559273523904,0.008374615737959789,0.0018020564644358854,0.0059419366467498395,0.0008732607621625274,4,results/extension/DS08c/audit/paired_transport_engines.csv
DS08c,lstm_autoencoder,1,0.01,phase_conditioned,8,0.00926735950940222,0.009592977505223456,0.0003256179958212365,0.0029647163369594214,-0.00023102814137238373,3,results/extension/DS08c/audit/paired_transport_engines.csv
DS08c,lstm_autoencoder,1,0.01,phase_conditioned,9,0.008134813251998961,0.008792215138589491,0.0006574018865905303,0.0019089593143398007,-0.0002855036906462055,3,results/extension/DS08c/audit/paired_transport_engines.csv
DS08c,lstm_autoencoder,1,0.01,phase_conditioned,10,0.005463833265222722,0.006407292129835483,0.000943458864612761,0.002537590606950044,-5.714980335150711e-05,3,results/extension/DS08c/audit/paired_transport_engines.csv
DS08c,lstm_autoencoder,1,0.01,quantile_regression_W,7,0.006572559273523904,0.04390268895092046,0.03733012967739656,0.04198470842468474,0.025838664982083787,4,results/extension/DS08c/audit/paired_transport_engines.csv
DS08c,lstm_autoencoder,1,0.01,quantile_regression_W,8,0.00926735950940222,0.036031598636297305,0.026764239126895087,0.03803338747200184,0.014386372240514166,4,results/extension/DS08c/audit/paired_transport_engines.csv
DS08c,lstm_autoencoder,1,0.01,quantile_regression_W,9,0.008134813251998961,0.019476065984803316,0.011341252732804355,0.013590106764535707,0.006436553690084254,4,results/extension/DS08c/audit/paired_transport_engines.csv
DS08c,lstm_autoencoder,1,0.01,quantile_regression_W,10,0.005463833265222722,0.006648957907642011,0.0011851246424192888,0.008783905051185086,-8.184978095491895e-05,3,results/extension/DS08c/audit/paired_transport_engines.csv
DS08c,lstm_autoencoder,1,0.02,phase_conditioned,7,0.012297091975548569,0.013586799053036995,0.0012897070774884264,-0.001521825613337597,-0.00018580228935972422,3,results/extension/DS08c/audit/paired_transport_engines.csv
DS08c,lstm_autoencoder,1,0.02,phase_conditioned,8,0.01808699427455024,0.01842617968686403,0.00033918541231378954,0.0021334020501781337,-8.075695062190191e-05,3,results/extension/DS08c/audit/paired_transport_engines.csv
DS08c,lstm_autoencoder,1,0.02,phase_conditioned,9,0.01614731917626015,0.016957605222522897,0.0008102860462627474,-0.0008649325895552767,-0.0007351252139556098,3,results/extension/DS08c/audit/paired_transport_engines.csv
DS08c,lstm_autoencoder,1,0.02,phase_conditioned,10,0.01115243154883531,0.011534015117830147,0.00038158356899483693,-0.0007716187374097756,-0.00026143922769364045,3,results/extension/DS08c/audit/paired_transport_engines.csv
DS08c,lstm_autoencoder,1,0.02,quantile_regression_W,7,0.012297091975548569,0.043513656761245176,0.031216564785696607,0.029694778934489175,0.020091037466540278,4,results/extension/DS08c/audit/paired_transport_engines.csv
DS08c,lstm_autoencoder,1,0.02,quantile_regression_W,8,0.01808699427455024,0.014186046511627907,-0.0039009477629223313,0.015029049716615494,-0.0012622875019648386,3,results/extension/DS08c/audit/paired_transport_engines.csv
DS08c,lstm_autoencoder,1,0.02,quantile_regression_W,9,0.01614731917626015,0.030237734868290293,0.014090415692030143,0.0205026227499988,0.006968941386483957,4,results/extension/DS08c/audit/paired_transport_engines.csv
DS08c,lstm_autoencoder,1,0.02,quantile_regression_W,10,0.01115243154883531,0.009456477319166327,-0.001695954229668983,0.007303693756287729,-0.004126359578372557,3,results/extension/DS08c/audit/paired_transport_engines.csv
DS08c,lstm_autoencoder,2,0.005,phase_conditioned,7,0.004045970107063355,0.004664322815448218,0.0006183527083848629,0.006932195083433085,0.00021311887147935308,4,results/extension/DS08c/audit/paired_transport_engines.csv
DS08c,lstm_autoencoder,2,0.005,phase_conditioned,8,0.004755786503134073,0.004945730334029794,0.00018994383089572086,0.004753798105044463,-0.0002350807578453849,3,results/extension/DS08c/audit/paired_transport_engines.csv
DS08c,lstm_autoencoder,2,0.005,phase_conditioned,9,0.004235579201638918,0.004785962176458897,0.0005503829748199794,0.003964102123223909,-0.0005309668129492048,3,results/extension/DS08c/audit/paired_transport_engines.csv
DS08c,lstm_autoencoder,2,0.005,phase_conditioned,10,0.003998774008990601,0.004377501111605158,0.0003787271026145572,0.003232483607021722,-0.0005021236696303084,3,results/extension/DS08c/audit/paired_transport_engines.csv
DS08c,lstm_autoencoder,2,0.005,quantile_regression_W,7,0.004045970107063355,0.03224250026500831,0.028196530157944953,0.03380241321527727,0.01656552542100724,4,results/extension/DS08c/audit/paired_transport_engines.csv
DS08c,lstm_autoencoder,2,0.005,quantile_regression_W,8,0.004755786503134073,0.005625737898465172,0.0008699513953310985,0.007496667801395071,0.00011483859517840561,4,results/extension/DS08c/audit/paired_transport_engines.csv
DS08c,lstm_autoencoder,2,0.005,quantile_regression_W,9,0.004235579201638918,0.0057372281067391276,0.0015016489051002096,0.003529532270012615,0.0012060399115794117,4,results/extension/DS08c/audit/paired_transport_engines.csv
DS08c,lstm_autoencoder,2,0.005,quantile_regression_W,10,0.003998774008990601,0.0030588475684511646,-0.0009399264405394363,0.003474482388278221,-0.001206661804794704,3,results/extension/DS08c/audit/paired_transport_engines.csv
DS08c,lstm_autoencoder,2,0.01,phase_conditioned,7,0.006819900356877849,0.008568955160595032,0.001749054803717183,0.005547915437507675,0.00040929425162470646,4,results/extension/DS08c/audit/paired_transport_engines.csv
DS08c,lstm_autoencoder,2,0.01,phase_conditioned,8,0.009294494342387324,0.009647247171193661,0.0003527528288063374,0.0025156228978594373,-0.00029632773235390916,3,results/extension/DS08c/audit/paired_transport_engines.csv
DS08c,lstm_autoencoder,2,0.01,phase_conditioned,9,0.008180678499900625,0.008899234050360041,0.0007185555504594168,0.0019845811776655134,-0.00043623594457549864,3,results/extension/DS08c/audit/paired_transport_engines.csv
DS08c,lstm_autoencoder,2,0.01,phase_conditioned,10,0.0063628933387821825,0.0068697198755002225,0.00050682653671804,0.0014622345889368617,-9.313770305055622e-05,3,results/extension/DS08c/audit/paired_transport_engines.csv
DS08c,lstm_autoencoder,2,0.01,quantile_regression_W,7,0.006819900356877849,0.0482311579096145,0.04141125755273665,0.04269951969519502,0.029043956195131067,4,results/extension/DS08c/audit/paired_transport_engines.csv
DS08c,lstm_autoencoder,2,0.01,quantile_regression_W,8,0.009294494342387324,0.029836567926455566,0.020542073584068243,0.032208078822579235,0.010491320445799807,4,results/extension/DS08c/audit/paired_transport_engines.csv
DS08c,lstm_autoencoder,2,0.01,quantile_regression_W,9,0.008180678499900625,0.03285342995612225,0.024672751456221623,0.027034737775654967,0.013890307033031395,4,results/extension/DS08c/audit/paired_transport_engines.csv
DS08c,lstm_autoencoder,2,0.01,quantile_regression_W,10,0.0063628933387821825,0.009955535793686082,0.0035926424549038993,0.012676370899439845,0.00167658973810791,4,results/extension/DS08c/audit/paired_transport_engines.csv
DS08c,lstm_autoencoder,2,0.02,phase_conditioned,7,0.0129861135648917,0.014717501148369316,0.001731387583477616,0.00016341742897848892,0.00025849385062707425,4,results/extension/DS08c/audit/paired_transport_engines.csv
DS08c,lstm_autoencoder,2,0.02,phase_conditioned,8,0.018032724608580034,0.01871109543320761,0.0006783708246275756,0.004123653597269937,-0.00043072094808430106,3,results/extension/DS08c/audit/paired_transport_engines.csv
DS08c,lstm_autoencoder,2,0.02,phase_conditioned,9,0.016376645415768474,0.017232796709932885,0.000856151294164411,-0.00015953244566225926,-0.0006706637209063695,3,results/extension/DS08c/audit/paired_transport_engines.csv
DS08c,lstm_autoencoder,2,0.02,phase_conditioned,10,0.01176542705353494,0.01220987105380169,0.00044444400026674886,6.0043231465211656e-05,-0.000433830128015485,3,results/extension/DS08c/audit/paired_transport_engines.csv
DS08c,lstm_autoencoder,2,0.02,quantile_regression_W,7,0.0129861135648917,0.038814176177520227,0.025828062612628527,0.02706401565968199,0.01861392822445596,4,results/extension/DS08c/audit/paired_transport_engines.csv
DS08c,lstm_autoencoder,2,0.02,quantile_regression_W,8,0.018032724608580034,0.015753631240574648,-0.002279093368005386,0.006860898407328575,-0.0007852734395096331,3,results/extension/DS08c/audit/paired_transport_engines.csv
DS08c,lstm_autoencoder,2,0.02,quantile_regression_W,9,0.016376645415768474,0.03704107997370393,0.020664434557935454,0.030355483099485936,0.01025071681942751,4,results/extension/DS08c/audit/paired_transport_engines.csv
DS08c,lstm_autoencoder,2,0.02,quantile_regression_W,10,0.01176542705353494,0.013134450347364119,0.0013690232938291785,0.007147434850652291,-0.0022592685890975867,3,results/extension/DS08c/audit/paired_transport_engines.csv
DS08c,cvae,0,0.005,phase_conditioned,7,0.004960193459785443,0.004752658916646055,-0.00020753454313938817,0.0017762812338409663,-0.0014053952569727103,3,results/extension/DS08c/audit/paired_transport_engines.csv
DS08c,cvae,0,0.005,phase_conditioned,8,0.0049204064576894,0.004959297750522345,3.889129283294549e-05,0.0042852600522582975,-0.001363726080501955,3,results/extension/DS08c/audit/paired_transport_engines.csv
DS08c,cvae,0,0.005,phase_conditioned,9,0.0049472372083206925,0.005,5.276279167930765e-05,0.0030324182566831555,-0.0012112473856950084,3,results/extension/DS08c/audit/paired_transport_engines.csv
DS08c,cvae,0,0.005,phase_conditioned,10,0.0049591336330200245,0.005,4.086636697997557e-05,0.0031168427682176166,-0.0016091248617976697,3,results/extension/DS08c/audit/paired_transport_engines.csv
DS08c,cvae,0,0.005,quantile_regression_W,7,0.004960193459785443,0.004345959506731212,-0.0006142339530542315,0.0053388909814207,-0.0010776877665454295,3,results/extension/DS08c/audit/paired_transport_engines.csv
DS08c,cvae,0,0.005,quantile_regression_W,8,0.0049204064576894,0.0009322168426065562,-0.003988189615082844,0.0002926625010314895,-0.004154377486021629,3,results/extension/DS08c/audit/paired_transport_engines.csv
DS08c,cvae,0,0.005,quantile_regression_W,9,0.0049472372083206925,0.0033621761351303354,-0.001585061073190357,0.0024714511417713845,-0.0028536380562185107,3,results/extension/DS08c/audit/paired_transport_engines.csv
DS08c,cvae,0,0.005,quantile_regression_W,10,0.0049591336330200245,0.003201879852881079,-0.0017572537801389455,0.005471960678289971,-0.0025624334249715313,3,results/extension/DS08c/audit/paired_transport_engines.csv
DS08c,cvae,0,0.01,phase_conditioned,7,0.008215758100052716,0.008816296243948977,0.0006005381438962606,0.005269278944113592,-0.002152739422081334,3,results/extension/DS08c/audit/paired_transport_engines.csv
DS08c,cvae,0,0.01,phase_conditioned,8,0.009145252760969256,0.009891460668059588,0.0007462079070903321,0.007155446735568782,-0.002165537895945411,3,results/extension/DS08c/audit/paired_transport_engines.csv
DS08c,cvae,0,0.01,phase_conditioned,9,0.009266156033573362,0.009984711584032779,0.0007185555504594168,0.00590828659215486,-0.002165612495227836,3,results/extension/DS08c/audit/paired_transport_engines.csv
DS08c,cvae,0,0.01,phase_conditioned,10,0.008447078054760932,0.01,0.001552921945239068,0.007667913952902052,-0.002024424944512753,3,results/extension/DS08c/audit/paired_transport_engines.csv
DS08c,cvae,0,0.01,quantile_regression_W,7,0.008215758100052716,0.007313875834776157,-0.0009018822652765591,0.007788294246812148,-0.0015165274796509164,3,results/extension/DS08c/audit/paired_transport_engines.csv
DS08c,cvae,0,0.01,quantile_regression_W,8,0.009145252760969256,0.0015630845150763437,-0.007582168245892912,-0.0010330759411620485,-0.007299083622479327,1,results/extension/DS08c/audit/paired_transport_engines.csv
DS08c,cvae,0,0.01,quantile_regression_W,9,0.009266156033573362,0.0054811847583716485,-0.0037849712752017137,0.003977091489009908,-0.005546675615081697,3,results/extension/DS08c/audit/paired_transport_engines.csv
DS08c,cvae,0,0.01,quantile_regression_W,10,0.008447078054760932,0.004728238659583163,-0.003718839395177769,0.0077653633509066925,-0.00458152700996576,3,results/extension/DS08c/audit/paired_transport_engines.csv
DS08c,cvae,0,0.02,phase_conditioned,7,0.011541110204406584,0.015653863821066392,0.0041127536166598085,0.01471295823717668,-0.001211927002154986,3,results/extension/DS08c/audit/paired_transport_engines.csv
DS08c,cvae,0,0.02,phase_conditioned,8,0.016092584050145173,0.019240224676417117,0.003147640626271944,0.014021519505548079,-0.002414185923934685,3,results/extension/DS08c/audit/paired_transport_engines.csv
DS08c,cvae,0,0.02,phase_conditioned,9,0.017324527205736216,0.019342598113409472,0.0020180709076732563,0.013068448791131233,-0.003516533489653681,3,results/extension/DS08c/audit/paired_transport_engines.csv
DS08c,cvae,0,0.02,phase_conditioned,10,0.014255224544241885,0.018025789239662072,0.0037705646954201873,0.01694639423465589,-0.0026831992116104503,3,results/extension/DS08c/audit/paired_transport_engines.csv
DS08c,cvae,0,0.02,quantile_regression_W,7,0.011541110204406584,0.010511289353733085,-0.0010298208506734994,0.01198921026574707,-0.0019015720102872648,3,results/extension/DS08c/audit/paired_transport_engines.csv
DS08c,cvae,0,0.02,quantile_regression_W,8,0.016092584050145173,0.0051292731783028015,-0.010963310871842371,-0.002610928109693108,-0.010363545238315765,1,results/extension/DS08c/audit/paired_transport_engines.csv
DS08c,cvae,0,0.02,quantile_regression_W,9,0.017324527205736216,0.008969354934191053,-0.008355172271545162,0.005303750217966724,-0.00967685108813296,3,results/extension/DS08c/audit/paired_transport_engines.csv
DS08c,cvae,0,0.02,quantile_regression_W,10,0.014255224544241885,0.0076174908050674305,-0.006637733739174454,0.010461900460093942,-0.007859253915327685,3,results/extension/DS08c/audit/paired_transport_engines.csv
DS08c,cvae,1,0.005,phase_conditioned,7,0.004378218731836553,0.0041873078689798945,-0.00019091086285665838,0.0021974815500167776,-0.0011324659952871583,3,results/extension/DS08c/audit/paired_transport_engines.csv
DS08c,cvae,1,0.005,phase_conditioned,8,0.004796488752611728,0.004932162917537243,0.00013567416492551478,0.003191472244138151,-0.0008213893486204182,3,results/extension/DS08c/audit/paired_transport_engines.csv
DS08c,cvae,1,0.005,phase_conditioned,9,0.0049235579201638915,0.004984711584032778,6.11536638688865e-05,0.002152832334666289,-0.0010098319304696467,3,results/extension/DS08c/audit/paired_transport_engines.csv
DS08c,cvae,1,0.005,phase_conditioned,10,0.004590929301911961,0.004875500222321032,0.0002845709204090706,0.0022052901684679184,-0.0010382664960843714,3,results/extension/DS08c/audit/paired_transport_engines.csv
DS08c,cvae,1,0.005,quantile_regression_W,7,0.004378218731836553,0.005635666584219638,0.0012574478523830852,0.006341340135885264,-7.020727940651754e-05,3,results/extension/DS08c/audit/paired_transport_engines.csv
DS08c,cvae,1,0.005,quantile_regression_W,8,0.004796488752611728,0.0020632589888086358,-0.002733229763803092,-0.00013870715393664865,-0.0027217475869756955,1,results/extension/DS08c/audit/paired_transport_engines.csv
DS08c,cvae,1,0.005,quantile_regression_W,9,0.0049235579201638915,0.002770191605659372,-0.0021533663145045195,0.0006175585435198873,-0.002499725092742955,3,results/extension/DS08c/audit/paired_transport_engines.csv
DS08c,cvae,1,0.005,quantile_regression_W,10,0.004590929301911961,0.0019719875500222323,-0.002618941751889729,0.0026609928619231037,-0.0027523148595709184,3,results/extension/DS08c/audit/paired_transport_engines.csv
DS08c,cvae,1,0.01,phase_conditioned,7,0.007201984293264487,0.00872796014275114,0.0015259758494866535,0.006437028989285381,-0.0005905174376598463,3,results/extension/DS08c/audit/paired_transport_engines.csv
DS08c,cvae,1,0.01,phase_conditioned,8,0.009185955010446912,0.009796488752611727,0.0006105337421648156,0.005551402065047585,-0.0013278770579252712,3,results/extension/DS08c/audit/paired_transport_engines.csv
DS08c,cvae,1,0.01,phase_conditioned,9,0.009449617025180022,0.009923557920163893,0.0004739408949838708,0.005111153042506417,-0.001692890576425866,3,results/extension/DS08c/audit/paired_transport_engines.csv
DS08c,cvae,1,0.01,phase_conditioned,10,0.008008003557136505,0.009626500666963096,0.0016184971098265905,0.006241208112502375,-0.0013265167768594073,3,results/extension/DS08c/audit/paired_transport_engines.csv
DS08c,cvae,1,0.01,quantile_regression_W,7,0.007201984293264487,0.009716617787357338,0.0025146334940928505,0.01182657744648423,0.0005029532609057419,4,results/extension/DS08c/audit/paired_transport_engines.csv
DS08c,cvae,1,0.01,quantile_regression_W,8,0.009185955010446912,0.0022649445092665452,-0.006921010501180366,-0.0024381150332860877,-0.005535012131552849,1,results/extension/DS08c/audit/paired_transport_engines.csv
DS08c,cvae,1,0.01,quantile_regression_W,9,0.009449617025180022,0.005283856581881327,-0.004165760443298695,0.0012808016265103113,-0.004310121069042841,3,results/extension/DS08c/audit/paired_transport_engines.csv
DS08c,cvae,1,0.01,quantile_regression_W,10,0.008008003557136505,0.004566473988439306,-0.003441529568697199,0.006730109172618697,-0.0038609158143107663,3,results/extension/DS08c/audit/paired_transport_engines.csv
DS08c,cvae,1,0.02,phase_conditioned,7,0.007956367175355835,0.014134482880463588,0.006178115705107753,0.01256671190125259,0.00167595515431581,4,results/extension/DS08c/audit/paired_transport_engines.csv
DS08c,cvae,1,0.02,phase_conditioned,8,0.01654030879439937,0.01890103926410333,0.0023607304697039616,0.004186272179363456,0.0003494643522050124,4,results/extension/DS08c/audit/paired_transport_engines.csv
DS08c,cvae,1,0.02,phase_conditioned,9,0.017156354630096775,0.019189713953737253,0.0020333593236404775,0.003533053464966917,-0.0003259265189969225,3,results/extension/DS08c/audit/paired_transport_engines.csv
DS08c,cvae,1,0.02,phase_conditioned,10,0.014006224988883948,0.017456647398843932,0.0034504224099599842,0.004839878887279152,0.0001523360577500698,4,results/extension/DS08c/audit/paired_transport_engines.csv
DS08c,cvae,1,0.02,quantile_regression_W,7,0.007956367175355835,0.01492809441362496,0.006971727238269125,0.019644537380975574,0.0034657562965878363,4,results/extension/DS08c/audit/paired_transport_engines.csv
DS08c,cvae,1,0.02,quantile_regression_W,8,0.01654030879439937,0.004055029441293788,-0.012485279353105581,-0.020187477940295042,-0.009715137338442245,1,results/extension/DS08c/audit/paired_transport_engines.csv
DS08c,cvae,1,0.02,quantile_regression_W,9,0.017156354630096775,0.0070355388045859075,-0.010120815825510868,-0.01637853339350001,-0.007928868021682297,1,results/extension/DS08c/audit/paired_transport_engines.csv
DS08c,cvae,1,0.02,quantile_regression_W,10,0.014006224988883948,0.007799021787461093,-0.0062072032014228555,0.0023461274074860154,-0.003723348123070673,3,results/extension/DS08c/audit/paired_transport_engines.csv
DS08c,cvae,2,0.005,phase_conditioned,7,0.004756694286370825,0.004946998339281298,0.00019030405291047253,0.005380118830924032,-0.0009692757595220246,3,results/extension/DS08c/audit/paired_transport_engines.csv
DS08c,cvae,2,0.005,phase_conditioned,8,0.004986432583507449,0.005,1.3567416492551304e-05,0.006641077536343334,-0.0005187591333241006,3,results/extension/DS08c/audit/paired_transport_engines.csv
DS08c,cvae,2,0.005,phase_conditioned,9,0.005,0.005,0.0,0.005505456124079957,-0.001143043573446786,3,results/extension/DS08c/audit/paired_transport_engines.csv
DS08c,cvae,2,0.005,phase_conditioned,10,0.00476878612716763,0.005,0.00023121387283236983,0.008159289066947614,-0.0006637401564092028,3,results/extension/DS08c/audit/paired_transport_engines.csv
DS08c,cvae,2,0.005,quantile_regression_W,7,0.004756694286370825,0.004769972792480831,1.3278506110005715e-05,0.006505364247242806,-0.0007424540628428377,3,results/extension/DS08c/audit/paired_transport_engines.csv
DS08c,cvae,2,0.005,quantile_regression_W,8,0.004986432583507449,0.002164409953056739,-0.00282202263045071,0.0025943371920056782,-0.002866100784566607,3,results/extension/DS08c/audit/paired_transport_engines.csv
DS08c,cvae,2,0.005,quantile_regression_W,9,0.005,0.00312538232334195,-0.0018746176766580502,0.0045450521767196285,-0.0023566244826675213,3,results/extension/DS08c/audit/paired_transport_engines.csv
DS08c,cvae,2,0.005,quantile_regression_W,10,0.00476878612716763,0.00279012894619831,-0.0019786571809693202,0.0033217106163334997,-0.0024512113444379578,3,results/extension/DS08c/audit/paired_transport_engines.csv
DS08c,cvae,2,0.01,phase_conditioned,7,0.007870350098521188,0.009416981732094272,0.0015466316335730843,0.009509881759110635,-0.0010238564454224828,3,results/extension/DS08c/audit/paired_transport_engines.csv
DS08c,cvae,2,0.01,phase_conditioned,8,0.009864325835074485,0.009986432583507449,0.00012210674843296347,0.013178698541432408,-0.001220529192816476,3,results/extension/DS08c/audit/paired_transport_engines.csv
DS08c,cvae,2,0.01,phase_conditioned,9,0.009266156033573362,0.01,0.000733843966426638,0.011488229585149137,-0.0017772177777591932,3,results/extension/DS08c/audit/paired_transport_engines.csv
DS08c,cvae,2,0.01,phase_conditioned,10,0.008288796577593155,0.01,0.0017112034224068453,0.014316035465999575,-0.0007732012245315863,3,results/extension/DS08c/audit/paired_transport_engines.csv
DS08c,cvae,2,0.01,quantile_regression_W,7,0.007870350098521188,0.008921592876576798,0.0010512427780556104,0.010365128813073088,-0.0013455901055200153,3,results/extension/DS08c/audit/paired_transport_engines.csv
DS08c,cvae,2,0.01,quantile_regression_W,8,0.009864325835074485,0.0024565164301413728,-0.007407809404933113,0.0006662228489532256,-0.006983555798874556,3,results/extension/DS08c/audit/paired_transport_engines.csv
DS08c,cvae,2,0.01,quantile_regression_W,9,0.009266156033573362,0.003330307634627149,-0.005935848398946213,0.0037657020798115832,-0.006055875535336985,3,results/extension/DS08c/audit/paired_transport_engines.csv
DS08c,cvae,2,0.01,quantile_regression_W,10,0.008288796577593155,0.002896025792051584,-0.005392770785541571,0.004674259868594681,-0.005600273627697308,3,results/extension/DS08c/audit/paired_transport_engines.csv
DS08c,cvae,2,0.02,phase_conditioned,7,0.0067245188384451576,0.015300519416275044,0.008576000577829887,0.021084864753861725,0.00396819882517369,4,results/extension/DS08c/audit/paired_transport_engines.csv
DS08c,cvae,2,0.02,phase_conditioned,8,0.017422190866415218,0.019864325835074484,0.002442134968659266,0.01569715520836083,0.0018761636457045316,4,results/extension/DS08c/audit/paired_transport_engines.csv
DS08c,cvae,2,0.02,phase_conditioned,9,0.016346068583834028,0.019220290785671695,0.0028742222018376673,0.022251849133187195,0.0027812704937237084,4,results/extension/DS08c/audit/paired_transport_engines.csv
DS08c,cvae,2,0.02,phase_conditioned,10,0.009583979167958336,0.0175277901289462,0.007943810960987863,0.017486107650812134,0.004397405625923732,4,results/extension/DS08c/audit/paired_transport_engines.csv
DS08c,cvae,2,0.02,quantile_regression_W,7,0.0067245188384451576,0.013656054556376102,0.006931535717930945,0.018041598070823242,0.002928504505576705,4,results/extension/DS08c/audit/paired_transport_engines.csv
DS08c,cvae,2,0.02,quantile_regression_W,8,0.017422190866415218,0.0036098103024049533,-0.013812380564010265,-0.009606685911496098,-0.009065338240262259,1,results/extension/DS08c/audit/paired_transport_engines.csv
DS08c,cvae,2,0.02,quantile_regression_W,9,0.016346068583834028,0.004233478698423349,-0.012112589885410679,-0.004875902643628981,-0.00829696789687654,1,results/extension/DS08c/audit/paired_transport_engines.csv
DS08c,cvae,2,0.02,quantile_regression_W,10,0.009583979167958336,0.007535758071107479,-0.0020482210968508566,0.00742171002118874,-0.0015808077931043323,3,results/extension/DS08c/audit/paired_transport_engines.csv
