subset,family,detector,seed,arm,unit,healthy_flights,design_effect,se_overall_fpr,null_A2_median,null_A2_q95,null_p_material,observed_A2,worst_phase,worst_sign
DS01,F1,isolation_forest,0,phase_conditioned,7,35,31.001584881538296,0.0016222716703319922,0.0032007974984490733,0.006220572166327887,0.1479,0.009591471596839122,climb,over
DS01,F1,isolation_forest,0,phase_conditioned,8,25,41.98123162721114,0.001401894919163631,0.0031009111657482507,0.005932913792319115,0.12665,0.0014754564182709387,climb,under
DS01,F1,isolation_forest,0,phase_conditioned,9,34,27.469775024815174,0.001346637108159275,0.003016033287390906,0.0060276767952702846,0.1267,0.006225502672435735,climb,over
DS01,F1,isolation_forest,0,phase_conditioned,10,17,79.90241125584365,0.0017380956603296935,0.003944289625702863,0.007545792466762183,0.29495,0.0015367134237128759,climb,under
DS01,F1,isolation_forest,0,pooled,7,35,63.07077720030018,0.002511552622285289,0.004569722642683114,0.009001701963603474,0.4226,0.015726187016509595,descent,over
DS01,F1,isolation_forest,0,pooled,8,25,24.901405660357675,0.0010799442036576782,0.0023770520176142214,0.004562553678386987,0.02755,0.007316556621402766,descent,over
DS01,F1,isolation_forest,0,pooled,9,34,67.24332203141925,0.0023442513221041596,0.004727315115583579,0.009400319358393888,0.45645,0.009525312755758212,descent,over
DS01,F1,isolation_forest,0,pooled,10,17,58.27482878916574,0.0014646203751949819,0.0033819249023742497,0.006421876917643952,0.17565,0.006394671464062364,descent,over
DS01,F1,isolation_forest,0,quantile_regression_W,7,35,31.72610695072034,0.0014326314877374665,0.0032267255227682104,0.006364595690037771,0.1595,0.005437602504845684,climb,under
DS01,F1,isolation_forest,0,quantile_regression_W,8,25,120.45645426179179,0.002763268753776906,0.005219239246554147,0.009941026867344294,0.53675,0.00529149835353091,cruise,over
DS01,F1,isolation_forest,0,quantile_regression_W,9,34,40.584440441523284,0.001568979130396464,0.003679514956311699,0.007390346963484978,0.2476,0.007263934843471622,climb,under
DS01,F1,isolation_forest,0,quantile_regression_W,10,17,71.8233455349503,0.0014233103106972582,0.003705950919741816,0.007148457832677151,0.2512,0.007070210317045098,cruise,under
DS01,F1,isolation_forest,1,phase_conditioned,7,35,30.121227738399654,0.0015436691190278205,0.0031642797646941182,0.006226653083750609,0.1419,0.00962129118831072,climb,over
DS01,F1,isolation_forest,1,phase_conditioned,8,25,39.04169456694756,0.001371997284239996,0.003003395911921186,0.005706619980140174,0.1025,0.001209064431341906,climb,under
DS01,F1,isolation_forest,1,phase_conditioned,9,34,32.78660341724561,0.0014439328605122136,0.003302615615419887,0.0065485847234624224,0.174,0.005271061338763044,climb,over
DS01,F1,isolation_forest,1,phase_conditioned,10,17,91.62364821908194,0.0018837475288230336,0.004167397993520549,0.00802703291683668,0.348,0.001144894600736619,climb,under
DS01,F1,isolation_forest,1,pooled,7,35,50.80189576887427,0.002154609630657913,0.0041056891926918825,0.008073644494555571,0.3296,0.013138345718990882,descent,over
DS01,F1,isolation_forest,1,pooled,8,25,23.697132588147564,0.001039375282887811,0.0023330222827553457,0.004470878683577668,0.0231,0.006930360034882272,descent,over
DS01,F1,isolation_forest,1,pooled,9,34,93.38716732297834,0.0027501168210801153,0.005595247763838119,0.011196451402967648,0.58505,0.009486340075607001,descent,over
DS01,F1,isolation_forest,1,pooled,10,17,56.0867758671909,0.0014476105741436237,0.003292487165656376,0.006313246238801631,0.1607,0.006887261201062282,descent,over
DS01,F1,isolation_forest,1,quantile_regression_W,7,35,24.100856680174505,0.0012050048237024853,0.002811374220417894,0.005576974395319649,0.08815,0.006212911883107202,climb,under
DS01,F1,isolation_forest,1,quantile_regression_W,8,25,112.87207124850073,0.0026136045173657074,0.005065694636193904,0.00968325844754781,0.51015,0.005198176218853738,cruise,over
DS01,F1,isolation_forest,1,quantile_regression_W,9,34,56.82444737989001,0.001839685538106697,0.0043443661369970635,0.008716936445537464,0.38535,0.007073046576737083,climb,under
DS01,F1,isolation_forest,1,quantile_regression_W,10,17,82.7560697384043,0.0015567665456593346,0.003992611046897278,0.007697562981731246,0.30465,0.006588887726273935,cruise,under
DS01,F1,isolation_forest,2,phase_conditioned,7,35,30.845411308797953,0.0015373131555755626,0.003181052787729722,0.006303788612561598,0.1511,0.009770389145668705,climb,over
DS01,F1,isolation_forest,2,phase_conditioned,8,25,43.068471349596685,0.0013794963908076302,0.0031416913964371325,0.005987889450687065,0.13165,0.0011202671023655617,climb,under
DS01,F1,isolation_forest,2,phase_conditioned,9,34,27.324225755191794,0.0012798915668104198,0.0030133952209314644,0.0060414647220974685,0.1226,0.00555739373886485,climb,over
DS01,F1,isolation_forest,2,phase_conditioned,10,17,71.25145615273945,0.0016289332955145106,0.003674650321962796,0.0070577831730505875,0.24425,0.0013016221299271217,climb,under
DS01,F1,isolation_forest,2,pooled,7,35,59.06535742733303,0.0024007226797113598,0.004439126445186957,0.00873131763673791,0.39675,0.014895863605541024,descent,over
DS01,F1,isolation_forest,2,pooled,8,25,22.559304436186935,0.0010259797322161057,0.0022690958303434395,0.00435729307082641,0.01875,0.007142145259748349,descent,over
DS01,F1,isolation_forest,2,pooled,9,34,74.60632781105218,0.002477472409776809,0.005015881176906798,0.009871293091246802,0.5029,0.009694194369746808,descent,over
DS01,F1,isolation_forest,2,pooled,10,17,60.00380634704899,0.0014892858539165706,0.0033999124431957385,0.006509848291469181,0.18075,0.006373254518975415,descent,over
DS01,F1,isolation_forest,2,quantile_regression_W,7,35,26.78892697997467,0.001264446368338609,0.0029810081651163393,0.005857145033734015,0.11545,0.005825257193976443,climb,under
DS01,F1,isolation_forest,2,quantile_regression_W,8,25,136.87762917570234,0.002965224461846707,0.00560917406596362,0.010627382273158193,0.59075,0.0064913543708088346,cruise,over
DS01,F1,isolation_forest,2,quantile_regression_W,9,34,51.62308052749733,0.0017792173601998617,0.004122290123769563,0.008283342065501713,0.34115,0.0068185288877577,climb,under
DS01,F1,isolation_forest,2,quantile_regression_W,10,17,97.03594566740857,0.001652560900517178,0.004312029098991959,0.008267519950519761,0.37475,0.0069865020403892435,cruise,under
DS01,F1,lstm_autoencoder,0,phase_conditioned,7,35,31.630607382141275,0.0015746247199394867,0.0032213645699478294,0.00638499723885569,0.1559,0.007533919785298942,climb,over
DS01,F1,lstm_autoencoder,0,phase_conditioned,8,25,77.43588461973832,0.0021015665889469524,0.004194241306352139,0.007999773037048163,0.3451,0.005958085029796426,cruise,over
DS01,F1,lstm_autoencoder,0,phase_conditioned,9,34,18.932436140845585,0.001094199423116568,0.0025107662006267836,0.004993409294991732,0.0497,0.005302876049885467,climb,over
DS01,F1,lstm_autoencoder,0,phase_conditioned,10,17,66.8238438169233,0.0016669101819288255,0.003590294640434707,0.006894508541281746,0.2186,0.0025143873600502256,cruise,over
DS01,F1,lstm_autoencoder,0,pooled,7,35,33.6859846421025,0.0016770072201374268,0.003345108139414023,0.00659146895763807,0.1764,0.006841726519145873,descent,over
DS01,F1,lstm_autoencoder,0,pooled,8,25,37.277975268019794,0.001378120645585592,0.0029244298337113145,0.005576063011070495,0.09275,0.005834060047340226,descent,over
DS01,F1,lstm_autoencoder,0,pooled,9,34,15.520631825449671,0.0009808561498697887,0.002257403281649625,0.00456073293581439,0.0287,0.004062102316110969,climb,over
DS01,F1,lstm_autoencoder,0,pooled,10,17,65.32142060823004,0.0016074672564626272,0.003552410143677588,0.006843318935403703,0.21165,0.004949027670693051,descent,over
DS01,F1,lstm_autoencoder,0,quantile_regression_W,7,35,22.091296011181246,0.0012772152300959392,0.0027204884741900332,0.005341906644316373,0.071,0.008667093495528301,cruise,over
DS01,F1,lstm_autoencoder,0,quantile_regression_W,8,25,50.55004531407725,0.0016934333471741185,0.003408792064440731,0.006533607021219285,0.18515,0.004276815746854366,descent,over
DS01,F1,lstm_autoencoder,0,quantile_regression_W,9,34,20.247442865707654,0.0010755189278649079,0.0025939394829269406,0.005217143848780035,0.0632,0.005291422753881395,climb,under
DS01,F1,lstm_autoencoder,0,quantile_regression_W,10,17,170.64720561736954,0.0033011798979321284,0.005729632528512546,0.010951055660547073,0.6094,0.01162040606527885,descent,over
DS01,F1,lstm_autoencoder,1,phase_conditioned,7,35,34.93181423104292,0.0017044503778973765,0.00339202092735066,0.00671187512889313,0.18815,0.008995079767407188,climb,over
DS01,F1,lstm_autoencoder,1,phase_conditioned,8,25,70.49970930442508,0.0019821131068310754,0.00402920765492668,0.007658163540194203,0.3128,0.004984868482448772,cruise,over
DS01,F1,lstm_autoencoder,1,phase_conditioned,9,34,20.87566211775026,0.00118017060297916,0.0026543348195172457,0.0053383960093373595,0.0703,0.0046029524051921615,climb,over
DS01,F1,lstm_autoencoder,1,phase_conditioned,10,17,73.34474052557259,0.0017489204094051339,0.0037479017173004756,0.007234867638465328,0.2532,0.0022737260646646437,cruise,over
DS01,F1,lstm_autoencoder,1,pooled,7,35,32.2333081584935,0.0016541849907518024,0.0032736572937583125,0.006416398706124758,0.16525,0.007712837334128522,climb,over
DS01,F1,lstm_autoencoder,1,pooled,8,25,34.79167288365889,0.0013379194386453016,0.002833783928710194,0.005397520878040888,0.0784,0.005983555500186867,descent,over
DS01,F1,lstm_autoencoder,1,pooled,9,34,15.728227993177715,0.0010309657232840423,0.0023009282450425564,0.00459278339167887,0.03025,0.0037757699160091626,climb,over
DS01,F1,lstm_autoencoder,1,pooled,10,17,65.0852883809928,0.001623417334141635,0.0035263264906618902,0.006809206240945053,0.209,0.005655786858562493,descent,over
DS01,F1,lstm_autoencoder,1,quantile_regression_W,7,35,31.206204833959138,0.001503872396816913,0.0032061901954696078,0.006304518225298646,0.1544,0.009207298773533943,cruise,over
DS01,F1,lstm_autoencoder,1,quantile_regression_W,8,25,41.5706209966939,0.001471131699014961,0.0030676136753979228,0.005846056704312855,0.11625,0.003375719258364708,climb,under
DS01,F1,lstm_autoencoder,1,quantile_regression_W,9,34,27.546558835993174,0.0012703088802364746,0.0030238375944512154,0.006062367458282337,0.1276,0.006390153870844786,cruise,over
DS01,F1,lstm_autoencoder,1,quantile_regression_W,10,17,231.50439812925475,0.004091317146879141,0.006646122537207137,0.01281223316325504,0.7129,0.014982866443930437,descent,over
DS01,F1,lstm_autoencoder,2,phase_conditioned,7,35,35.16507785116491,0.001692293523250202,0.0033906960753347388,0.006681590680028438,0.18775,0.009323095273594753,climb,over
DS01,F1,lstm_autoencoder,2,phase_conditioned,8,25,71.17779336182686,0.0019763661439930295,0.00403773813279374,0.007755560780496745,0.31575,0.0044116039408604295,cruise,over
DS01,F1,lstm_autoencoder,2,phase_conditioned,9,34,21.45869320905011,0.0011888027029247886,0.00268664577884012,0.005354505546855064,0.0723,0.006161873250190889,climb,over
DS01,F1,lstm_autoencoder,2,phase_conditioned,10,17,62.87975003748526,0.0016211343805809216,0.003473551536058531,0.006695097018771535,0.19355,0.0024202155488123878,cruise,over
DS01,F1,lstm_autoencoder,2,pooled,7,35,35.943380805391676,0.001752146875146229,0.0034613267540506724,0.006818106320189893,0.2008,0.0072357238705829715,climb,over
DS01,F1,lstm_autoencoder,2,pooled,8,25,38.27587685724203,0.0013991367469019331,0.0029662470374443315,0.005707868600385017,0.0992,0.005796686184128567,descent,over
DS01,F1,lstm_autoencoder,2,pooled,9,34,17.136562405035534,0.0010499859267078316,0.002382011076559614,0.0048002759263359425,0.0395,0.004443878849580045,climb,over
DS01,F1,lstm_autoencoder,2,pooled,10,17,62.473351508794075,0.0015983164347632417,0.003455189847592262,0.0066320004448430945,0.1912,0.0056236614409320655,descent,over
DS01,F1,lstm_autoencoder,2,quantile_regression_W,7,35,29.71839294225152,0.0014817825648415276,0.0031326118659931908,0.0061634585756169345,0.13695,0.007286568896180548,cruise,over
DS01,F1,lstm_autoencoder,2,quantile_regression_W,8,25,53.04515119921998,0.001699016897356886,0.0034779822130669587,0.006644533376677568,0.19565,0.004103857355970733,climb,under
DS01,F1,lstm_autoencoder,2,quantile_regression_W,9,34,23.181841646274375,0.0011420985980268375,0.002795622055905068,0.0055836645149365885,0.08925,0.005323237465003818,climb,under
DS01,F1,lstm_autoencoder,2,quantile_regression_W,10,17,206.53168971642143,0.0038723986953164632,0.006300596498601517,0.012094284291919891,0.67785,0.014522402124560954,descent,over
DS01,F1,pca,-1,phase_conditioned,7,35,33.6548571654074,0.0016657250184792765,0.003349284160157148,0.006556411113817093,0.1783,0.01045623974951543,climb,over
DS01,F1,pca,-1,phase_conditioned,8,25,166.13365006594148,0.003449169041782405,0.0061401912903972025,0.011773312939168484,0.6645,0.007877164569577674,descent,over
DS01,F1,pca,-1,phase_conditioned,9,34,22.82018622299579,0.001274060478760334,0.002791105507726429,0.005567585223091877,0.0857,0.013065665563756683,climb,over
DS01,F1,pca,-1,phase_conditioned,10,17,231.29574566483984,0.0035079547162941865,0.006627263847702018,0.012740076106628835,0.7143,0.012976255779327638,climb,over
DS01,F1,pca,-1,pooled,7,35,26.480656138057395,0.0014979084421756945,0.0029571242267720415,0.005828786587055114,0.10725,0.009028244834696447,descent,over
DS01,F1,pca,-1,pooled,8,25,144.64115099762157,0.0031379730100556495,0.005708689342513999,0.01096683979912456,0.6084,0.014953282670985424,descent,over
DS01,F1,pca,-1,pooled,9,34,17.265061555399267,0.0011217810677652104,0.002398423945841637,0.0047909662590102185,0.03835,0.005498135806799434,descent,over
DS01,F1,pca,-1,pooled,10,17,143.4493855446889,0.0026675946428618897,0.005267632821464057,0.010178613873133685,0.5433,0.0099177589308661,descent,over
DS01,F1,pca,-1,quantile_regression_W,7,35,23.266459943806556,0.0012733946447396728,0.0027868541069906564,0.005447159990636211,0.0774,0.0043054360657049685,cruise,over
DS01,F1,pca,-1,quantile_regression_W,8,25,473.44047294779557,0.007879123693842483,0.010480840565749007,0.01981644990752037,0.9046,0.025742377581356904,cruise,over
DS01,F1,pca,-1,quantile_regression_W,9,34,17.956488811821533,0.0010643045957279098,0.002451010374156444,0.0048792178802770595,0.0432,0.0022976307500952916,cruise,over
DS01,F1,pca,-1,quantile_regression_W,10,17,300.71771526234204,0.004561689243716193,0.007567312587459579,0.014496237972546202,0.78995,0.018759501606457174,climb,over
DS04,F2,isolation_forest,0,phase_conditioned,7,21,50.409527547441535,0.0013471892081697548,0.0035506569965362035,0.006732361143804784,0.2111,0.005538122803691985,cruise,under
DS04,F2,isolation_forest,0,phase_conditioned,8,21,17.179082094229745,0.0008125296972291212,0.0021289081358402077,0.004101675400615802,0.01125,0.006314473900271853,cruise,under
DS04,F2,isolation_forest,0,phase_conditioned,9,21,55.39325610063411,0.0013499323386183641,0.003810587023882117,0.007414217581673539,0.2683,0.006464170856949948,cruise,under
DS04,F2,isolation_forest,0,phase_conditioned,10,16,47.40931495976469,0.0013647933220927834,0.0033448408391940133,0.0064413045331877085,0.1698,0.005419666478013083,cruise,under
DS04,F2,isolation_forest,0,pooled,7,21,57.9924375076716,0.0014228082928319022,0.0038056672242612927,0.007264143488454907,0.26345,0.008983203300678517,climb,under
DS04,F2,isolation_forest,0,pooled,8,21,11.662422147345946,0.000658202199668009,0.0017675308310339626,0.003363710234794483,0.0012,0.007810578554616943,cruise,under
DS04,F2,isolation_forest,0,pooled,9,21,35.11377409718282,0.0010995442027148929,0.0030560897670672453,0.005873410644071736,0.11905,0.008479248072658149,climb,under
DS04,F2,isolation_forest,0,pooled,10,16,81.77910583238372,0.001966027122855683,0.00436866486697869,0.008438959838957719,0.38485,0.012145782942155991,descent,over
DS04,F2,isolation_forest,0,quantile_regression_W,7,21,34.08917883122136,0.0011152709428222348,0.0029197601959129425,0.005545672372140941,0.0924,0.0057568422740992406,cruise,under
DS04,F2,isolation_forest,0,quantile_regression_W,8,21,26.13937171110364,0.0011511374305455241,0.0026297434948480717,0.005024649925603806,0.05165,0.003851374774215914,cruise,under
DS04,F2,isolation_forest,0,quantile_regression_W,9,21,26.93628707957194,0.0010427418922238575,0.0026348736658370056,0.005172877994827615,0.0602,0.004882820134681332,cruise,under
DS04,F2,isolation_forest,0,quantile_regression_W,10,16,14.311793559343354,0.000776570274001168,0.0018307422346489342,0.0035569803013493356,0.00315,0.004048551292090838,climb,under
DS04,F2,isolation_forest,1,phase_conditioned,7,21,47.467486247416716,0.0012644732273817208,0.003427647981392261,0.006505819475211039,0.18455,0.005771423572126391,cruise,under
DS04,F2,isolation_forest,1,phase_conditioned,8,21,18.580539352652387,0.0008152929198864818,0.002218881687142159,0.004224793083916583,0.01535,0.006569906402233211,cruise,under
DS04,F2,isolation_forest,1,phase_conditioned,9,21,53.046749208689185,0.0012742685582416238,0.003733034626501719,0.007236042938985306,0.24855,0.006730690641601962,cruise,under
DS04,F2,isolation_forest,1,phase_conditioned,10,16,48.18825288749348,0.0013664941033408899,0.003388903910986568,0.006485715494146346,0.17925,0.005445990233886571,cruise,under
DS04,F2,isolation_forest,1,pooled,7,21,62.86043561104848,0.001472642619243463,0.003921874113211392,0.007616561486716587,0.29615,0.009080972214074813,climb,under
DS04,F2,isolation_forest,1,pooled,8,21,13.76118833655995,0.0006756648711240851,0.0019219877833162328,0.0036584089652267,0.00365,0.007810578554616943,cruise,under
DS04,F2,isolation_forest,1,pooled,9,21,32.26622011364595,0.0010016519083394276,0.002902498024247301,0.005655277864439645,0.09715,0.008753828281761538,climb,under
DS04,F2,isolation_forest,1,pooled,10,16,85.69595759096978,0.0020338679762963584,0.004467296225637906,0.008664959514304574,0.40565,0.012753515734201986,descent,over
DS04,F2,isolation_forest,1,quantile_regression_W,7,21,39.63845234151024,0.0011737229558421757,0.0031169889239859557,0.005932488942391195,0.12695,0.006238025108995203,cruise,under
DS04,F2,isolation_forest,1,quantile_regression_W,8,21,23.345407610861944,0.001057813296376783,0.002492926532099247,0.004777921200268255,0.037,0.004289259063292525,cruise,under
DS04,F2,isolation_forest,1,quantile_regression_W,9,21,25.425481794539905,0.001007676599090743,0.002545232932989574,0.004998467346501515,0.04995,0.005362555747054957,cruise,under
DS04,F2,isolation_forest,1,quantile_regression_W,10,16,15.190490178747769,0.0008074667824179379,0.0018821834326364485,0.0036383923229402508,0.00405,0.0037875936138568253,cruise,under
DS04,F2,isolation_forest,2,phase_conditioned,7,21,56.55183183078726,0.0014324492960710081,0.0037732649080664043,0.007181040196753104,0.2556,0.0057568422740992406,cruise,under
DS04,F2,isolation_forest,2,phase_conditioned,8,21,19.892463232245884,0.0008918149308876875,0.00229828765705144,0.00438690877686199,0.0194,0.006296228721560328,cruise,under
DS04,F2,isolation_forest,2,phase_conditioned,9,21,63.40207968190093,0.0014101537293114044,0.004068761602876166,0.007911327837218311,0.32735,0.006624082727741156,cruise,under
DS04,F2,isolation_forest,2,phase_conditioned,10,16,48.424913845369865,0.0013578884370984107,0.003384461110846146,0.0064958736058284075,0.18085,0.005472313989760059,cruise,under
DS04,F2,isolation_forest,2,pooled,7,21,56.365335928755435,0.0013908765075685316,0.0037306979355086365,0.007174048174400573,0.252,0.008963649517999257,climb,under
DS04,F2,isolation_forest,2,pooled,8,21,12.722376595808731,0.0006871863434985412,0.001845653740513465,0.003514079338183509,0.0022,0.007792333375905417,cruise,under
DS04,F2,isolation_forest,2,pooled,9,21,32.342126620091406,0.0010226000737788257,0.002903647769104592,0.005588108081604112,0.09535,0.008331397190833246,climb,under
DS04,F2,isolation_forest,2,pooled,10,16,83.31127389268934,0.0019899843786286746,0.004422434156808726,0.008498904072118438,0.3944,0.012267329500565192,descent,over
DS04,F2,isolation_forest,2,quantile_regression_W,7,21,34.474273925635856,0.0010954009352379679,0.002912811602904456,0.005563644162691438,0.09145,0.0065879762616468125,cruise,under
DS04,F2,isolation_forest,2,quantile_regression_W,8,21,30.243613585334554,0.0012910819907191566,0.002834142547287462,0.005442527437012109,0.0803,0.0037601488806582864,cruise,under
DS04,F2,isolation_forest,2,quantile_regression_W,9,21,27.225473619358347,0.001042735836132543,0.002688769807632603,0.005176895495730494,0.0617,0.005664611502993906,cruise,under
DS04,F2,isolation_forest,2,quantile_regression_W,10,16,14.432450747977956,0.0007794219376001468,0.0018322188564643379,0.0035435651778370483,0.0037,0.004420516836335161,climb,under
DS04,F2,lstm_autoencoder,0,phase_conditioned,7,21,28.041144850050383,0.0010764437147034096,0.002625272466921954,0.005065536726678129,0.05375,0.0053339846313118795,cruise,under
DS04,F2,lstm_autoencoder,0,phase_conditioned,8,21,18.85910488156262,0.001023355620957521,0.0022300582548592874,0.004283431592731976,0.01645,0.0048183692459267645,cruise,under
DS04,F2,lstm_autoencoder,0,phase_conditioned,9,21,16.617522426357475,0.0008157412547796771,0.002089828511953307,0.004046444550350239,0.0106,0.0053092517901245535,cruise,under
DS04,F2,lstm_autoencoder,0,phase_conditioned,10,16,24.17655997178602,0.0009659442404349871,0.002381289848981435,0.004561919114386852,0.0273,0.005261723942772155,cruise,under
DS04,F2,lstm_autoencoder,0,pooled,7,21,31.05987513009165,0.0011188750235703396,0.002792755839117287,0.005287685116902049,0.0683,0.006695410727205179,climb,under
DS04,F2,lstm_autoencoder,0,pooled,8,21,26.973738639434547,0.0011924200963011292,0.0026642219838810604,0.005096138358985223,0.05575,0.0074396579716419515,descent,over
DS04,F2,lstm_autoencoder,0,pooled,9,21,20.770046063719278,0.0008742147421146414,0.0023260553121155873,0.0045118906215243825,0.0265,0.006683915936212905,climb,under
DS04,F2,lstm_autoencoder,0,pooled,10,16,25.981102885352733,0.00098073907836533,0.0024510157125797634,0.004764341562707597,0.0368,0.007533281127642913,climb,under
DS04,F2,lstm_autoencoder,0,quantile_regression_W,7,21,14.462100732898465,0.0008508006564262204,0.0018875702137095569,0.003631049452103081,0.00395,0.0016594975284699841,cruise,under
DS04,F2,lstm_autoencoder,0,quantile_regression_W,8,21,9.221456145771901,0.0007855482245800136,0.0015704372008586065,0.002988752021745674,0.0002,0.003813724429050763,descent,over
DS04,F2,lstm_autoencoder,0,quantile_regression_W,9,21,4.916479288647312,0.0004992604028398077,0.0011364219090574542,0.0022070390118087355,0.0,0.0007086281550322104,climb,over
DS04,F2,lstm_autoencoder,0,quantile_regression_W,10,16,6.732320292412438,0.0005530365102024485,0.001256090190285115,0.0024225977302576402,0.0,0.00445884938863077,cruise,under
DS04,F2,lstm_autoencoder,1,phase_conditioned,7,21,25.241490954667572,0.001007373305599764,0.0024924872514345154,0.004744957508455917,0.03675,0.00537772852539333,cruise,under
DS04,F2,lstm_autoencoder,1,phase_conditioned,8,21,18.591242056509866,0.0009832380645612736,0.0022255713584727705,0.004236651644213434,0.0161,0.00503731139046507,cruise,under
DS04,F2,lstm_autoencoder,1,phase_conditioned,9,21,19.03734684731583,0.000859851774290456,0.0022623760063101824,0.004333008331113546,0.0186,0.0053270197757680215,cruise,under
DS04,F2,lstm_autoencoder,1,phase_conditioned,10,16,19.53849585138599,0.0008736482423821575,0.0021316931189301934,0.004163501185853441,0.01305,0.005116943285467971,cruise,under
DS04,F2,lstm_autoencoder,1,pooled,7,21,27.693952006279993,0.0010284605065504111,0.002635387733865846,0.0049908257723838435,0.04955,0.006558534248450363,climb,under
DS04,F2,lstm_autoencoder,1,pooled,8,21,21.75733077529265,0.001044672781111903,0.0024036685360682335,0.004605979448131357,0.02795,0.005986130479026118,climb,under
DS04,F2,lstm_autoencoder,1,pooled,9,21,20.345520737930023,0.0008489700811853426,0.002316030909406396,0.004447201451772517,0.0225,0.006324849508923857,climb,under
DS04,F2,lstm_autoencoder,1,pooled,10,16,19.850727787505715,0.0008670861814685895,0.002165123173857322,0.004175561334355531,0.0146,0.006926389976507439,climb,under
DS04,F2,lstm_autoencoder,1,quantile_regression_W,7,21,16.014817925750425,0.0009209806042495944,0.0019901515728104713,0.0038166854015961793,0.00615,0.002185457993946243,descent,over
DS04,F2,lstm_autoencoder,1,quantile_regression_W,8,21,7.882686438468109,0.0007290077820369639,0.0014428967804962205,0.0027573756501565448,0.0,0.0035296027708626478,descent,over
DS04,F2,lstm_autoencoder,1,quantile_regression_W,9,21,6.110575324331348,0.000559959480720991,0.0012563433447618034,0.0024680340942105365,5e-05,0.0005185341641144783,climb,over
DS04,F2,lstm_autoencoder,1,quantile_regression_W,10,16,4.793139557518851,0.0004796698369457668,0.0010608985439954782,0.002041333927984337,0.0,0.0042087737078326335,cruise,under
DS04,F2,lstm_autoencoder,2,phase_conditioned,7,21,29.79201916345097,0.0010706096782640048,0.0027091635755575856,0.005197754027075377,0.0622,0.005946399148452196,cruise,under
DS04,F2,lstm_autoencoder,2,phase_conditioned,8,21,21.294209584148536,0.0010651223949855895,0.002399601539017299,0.004546782515301704,0.02665,0.005657647466656936,cruise,under
DS04,F2,lstm_autoencoder,2,phase_conditioned,9,21,19.523146967589994,0.0008707536273492394,0.002263452759663105,0.004447248023780069,0.02325,0.005895595316358985,cruise,under
DS04,F2,lstm_autoencoder,2,phase_conditioned,10,16,38.0130456362687,0.0012175386554474925,0.0029904307149351975,0.005720020593335127,0.10415,0.005209076431025179,cruise,under
DS04,F2,lstm_autoencoder,2,pooled,7,21,30.592327687223502,0.0010708048172388019,0.0027380823901398815,0.0052732451944522115,0.07055,0.0074384544690170315,climb,under
DS04,F2,lstm_autoencoder,2,pooled,8,21,26.48173123342951,0.0011566132767421838,0.0026552547830870007,0.005069797657060391,0.0552,0.0067631778330988195,descent,over
DS04,F2,lstm_autoencoder,2,pooled,9,21,21.33772962189071,0.000869424920459367,0.002376331348135745,0.004599292915201398,0.0294,0.006578308163480833,climb,under
DS04,F2,lstm_autoencoder,2,pooled,10,16,34.643516971468294,0.0011355814634701389,0.0028493520664967303,0.005499366182812708,0.08405,0.00778778386844166,climb,under
DS04,F2,lstm_autoencoder,2,quantile_regression_W,7,21,18.60409986302684,0.0009544154425835527,0.0021442364120380477,0.0040905139700339035,0.01105,0.0027822574765605634,cruise,under
DS04,F2,lstm_autoencoder,2,quantile_regression_W,8,21,13.294151138756835,0.0009551832506379319,0.0018915939980763841,0.0036001771001408596,0.00305,0.004639030198073385,descent,over
DS04,F2,lstm_autoencoder,2,quantile_regression_W,9,21,5.865382631336253,0.0005422901217828229,0.0012356161507104785,0.002436972588296071,0.0,0.0019333345178657105,cruise,under
DS04,F2,lstm_autoencoder,2,quantile_regression_W,10,16,10.5307050214171,0.0007137950732610082,0.0015720289743258533,0.0030478747577400637,0.00085,0.004193422083007048,climb,over
DS04,F2,pca,-1,phase_conditioned,7,21,18.4827407225981,0.0008792896015631208,0.0021390974570755124,0.004080236224850038,0.01105,0.0039050174246511426,cruise,under
DS04,F2,pca,-1,phase_conditioned,8,21,13.128101278135277,0.0008435012285173492,0.001872793238829577,0.003547215294986151,0.00265,0.0033040194128701496,cruise,under
DS04,F2,pca,-1,phase_conditioned,9,21,9.006127760246196,0.000658036212797124,0.00152940006097283,0.0029618952035500197,0.0005,0.0036656457915302566,climb,over
DS04,F2,pca,-1,phase_conditioned,10,16,22.57250027954001,0.0009917243979805043,0.002295562810526288,0.004435790707024293,0.0225,0.0032611184963870646,cruise,under
DS04,F2,pca,-1,pooled,7,21,17.775410766473705,0.0008580981896693484,0.002097723354451544,0.004017584392014575,0.0108,0.0042120803269392465,climb,under
DS04,F2,pca,-1,pooled,8,21,12.868454176052968,0.0008289247184682433,0.0018546290638688865,0.003508291442675304,0.0023,0.00405725727892629,descent,over
DS04,F2,pca,-1,pooled,9,21,8.78659034378318,0.0006323663277718748,0.0015255473120761626,0.002960952570651651,0.0002,0.0031566163269616644,climb,under
DS04,F2,pca,-1,pooled,10,16,19.486321499900352,0.0009159732481953739,0.0021285954392864155,0.004112814778995697,0.01395,0.004655442443226312,climb,under
DS04,F2,pca,-1,quantile_regression_W,7,21,10.248451712521348,0.0007555037896967733,0.0015890687941815058,0.003067223572526297,0.00065,0.0025362121153071696,descent,over
DS04,F2,pca,-1,quantile_regression_W,8,21,4.735301321563951,0.0005630444236382748,0.001126805370389517,0.002139930053852923,0.0,0.00405725727892629,descent,over
DS04,F2,pca,-1,quantile_regression_W,9,21,9.30511592221155,0.000752021315509094,0.0015620033368485527,0.0030217673665219524,0.00035,0.0035202747265242994,descent,over
DS04,F2,pca,-1,quantile_regression_W,10,16,4.655971310873258,0.0004898299821701272,0.0010403401640829333,0.002024078262951867,0.0,0.0032607295224435714,descent,over
DS05,F3,isolation_forest,0,phase_conditioned,7,23,67.11461011440802,0.0015650820883513898,0.0039873497675575725,0.007669668430895169,0.30415,0.0071829192596011525,cruise,under
DS05,F3,isolation_forest,0,phase_conditioned,8,35,32.005469713333696,0.0014266846280366749,0.003256365810528879,0.006365129414469233,0.15955,0.013117411328428733,climb,over
DS05,F3,isolation_forest,0,phase_conditioned,9,18,42.58528855033497,0.0010985006744922308,0.0026894232310769135,0.005181082753451475,0.06055,0.004243786309449785,cruise,under
DS05,F3,isolation_forest,0,phase_conditioned,10,36,42.043194561858016,0.0013262047575661531,0.0036877894105075432,0.00724997985944022,0.2513,0.0050245151317537375,descent,under
DS05,F3,isolation_forest,0,pooled,7,23,74.93717165658668,0.00166885432664225,0.004249381450749374,0.008112815698617626,0.3578,0.00756633119853614,climb,under
DS05,F3,isolation_forest,0,pooled,8,35,36.03366433017901,0.001505954684366263,0.0034786280758700777,0.006856200632131625,0.20535,0.0071960045457264196,climb,over
DS05,F3,isolation_forest,0,pooled,9,18,55.769440364154185,0.0012368799453731638,0.0031131543624890443,0.005995744890637759,0.1276,0.008960282803077563,climb,under
DS05,F3,isolation_forest,0,pooled,10,36,43.648587557924735,0.0012667817488410025,0.003710045418814859,0.00736825136535622,0.25675,0.004992530293808444,climb,under
DS05,F3,isolation_forest,0,quantile_regression_W,7,23,931.3344551036814,0.011269212679105911,0.014875668832909843,0.0284987608210896,0.96365,0.029614203179958935,cruise,over
DS05,F3,isolation_forest,0,quantile_regression_W,8,35,53.02157219408698,0.0017265166086813197,0.004198774754449606,0.00824045691398257,0.3516,0.004826245588851008,climb,under
DS05,F3,isolation_forest,0,quantile_regression_W,9,18,245.27521243924446,0.00433819065900879,0.006499990420101488,0.012537215606264224,0.7,0.030701462535523666,climb,over
DS05,F3,isolation_forest,0,quantile_regression_W,10,36,211.66101417130912,0.005868660849384845,0.008289147855551817,0.016316685335767515,0.8278,0.039023405079400206,climb,over
DS05,F3,isolation_forest,1,phase_conditioned,7,23,68.78370670073214,0.001600354375283819,0.004042334404362952,0.007757376627098054,0.3161,0.007501233467555825,cruise,under
DS05,F3,isolation_forest,1,phase_conditioned,8,35,30.736569259265615,0.0014072459025476509,0.003224587034501382,0.006299496117426277,0.1518,0.013566002751360726,climb,over
DS05,F3,isolation_forest,1,phase_conditioned,9,18,54.38256342442094,0.0012631089648934724,0.00307184111625302,0.005914465442947138,0.1204,0.004892248654218559,cruise,under
DS05,F3,isolation_forest,1,phase_conditioned,10,36,36.066354371971876,0.0012191320400740584,0.0034064086271093975,0.006694552647514977,0.18985,0.005442114858705561,cruise,under
DS05,F3,isolation_forest,1,pooled,7,23,74.6317711232088,0.0016193499632499713,0.004228881951357514,0.008108892245179251,0.3599,0.008005489478499543,climb,under
DS05,F3,isolation_forest,1,pooled,8,35,35.81206163644362,0.0014200329646984736,0.003432431497188406,0.006750311236879341,0.19745,0.0065460999712175,cruise,under
DS05,F3,isolation_forest,1,pooled,9,18,58.2989044587358,0.0012544358081269652,0.0031406258232347306,0.006062390929784353,0.1353,0.009112774658626187,climb,under
DS05,F3,isolation_forest,1,pooled,10,36,36.51775599901991,0.0010942997415712343,0.003428831287021798,0.006785050017521131,0.1995,0.005601173020527859,climb,under
DS05,F3,isolation_forest,1,quantile_regression_W,7,23,1008.7592763694379,0.012101821262794318,0.015491311452089351,0.029871305870772826,0.96945,0.036505705782177586,cruise,over
DS05,F3,isolation_forest,1,quantile_regression_W,8,35,56.253162418653964,0.0018107243372525968,0.004340659067676061,0.008547483719609315,0.38045,0.006261738142233388,climb,under
DS05,F3,isolation_forest,1,quantile_regression_W,9,18,225.33918876869996,0.004214621412859008,0.006199479225446382,0.011960777576147047,0.6671,0.026750537187218405,climb,over
DS05,F3,isolation_forest,1,quantile_regression_W,10,36,241.14165277779847,0.006540815131712136,0.008747436002679815,0.017331089777031152,0.8497,0.04284125491064018,climb,over
DS05,F3,isolation_forest,2,phase_conditioned,7,23,58.29226825969202,0.0014868714225420333,0.003725606971373457,0.007135566044317357,0.24845,0.006657700816475943,cruise,under
DS05,F3,isolation_forest,2,phase_conditioned,8,35,34.434440408366854,0.0015669657243469835,0.0033850970357121894,0.006670251671441799,0.19145,0.012878162569531669,climb,over
DS05,F3,isolation_forest,2,phase_conditioned,9,18,48.655136200495335,0.0012120151823030439,0.0028973819298119406,0.005547396069633449,0.0879,0.0035331426439497576,cruise,under
DS05,F3,isolation_forest,2,phase_conditioned,10,36,43.398093640678205,0.0014332392170922981,0.0037150023153929915,0.007454370367782514,0.26015,0.0037081853971934406,descent,under
DS05,F3,isolation_forest,2,pooled,7,23,75.52059599770165,0.0017756087037639448,0.004256232743112301,0.008138906941585084,0.3586,0.007804208600182983,climb,under
DS05,F3,isolation_forest,2,pooled,8,35,39.450021566382084,0.0016895089746326636,0.0036326690896627306,0.0071534630177899905,0.2334,0.007584783778934146,climb,over
DS05,F3,isolation_forest,2,pooled,9,18,32.39255187464098,0.0009837222062334982,0.0023663550580497574,0.004546044536070738,0.0265,0.008988008594995494,climb,under
DS05,F3,isolation_forest,2,pooled,10,36,47.424489001648844,0.0014505085487981756,0.003914956233237661,0.007676854899105987,0.29365,0.005269186078680905,climb,under
DS05,F3,isolation_forest,2,quantile_regression_W,7,23,847.7645472535394,0.010768233555591292,0.01413686371526561,0.0271696885978608,0.9571,0.028579682004106252,cruise,over
DS05,F3,isolation_forest,2,quantile_regression_W,8,35,56.93106901992305,0.0018284536244223702,0.004374656631270018,0.008637397606432116,0.3925,0.00608230157306059,climb,under
DS05,F3,isolation_forest,2,quantile_regression_W,9,18,235.76445993233227,0.004587877804176892,0.006338236556583861,0.012208029945907462,0.6884,0.029675608234560197,climb,over
DS05,F3,isolation_forest,2,quantile_regression_W,10,36,139.82763098490523,0.004642272455340225,0.0066333855286766896,0.013171859969718392,0.7107,0.018550876998838048,climb,over
DS05,F3,lstm_autoencoder,0,phase_conditioned,7,23,102.64476768778667,0.0026059834602145163,0.004942368863526879,0.009558222884041437,0.49105,0.007125304387961355,cruise,over
DS05,F3,lstm_autoencoder,0,phase_conditioned,8,35,36.57780709132022,0.0016565532849920914,0.0035065006675581442,0.006834382142068819,0.20875,0.011980979723667682,climb,over
DS05,F3,lstm_autoencoder,0,phase_conditioned,9,18,72.50415673649717,0.0018529743303450344,0.003534096519995612,0.006828485211394794,0.20775,0.008334606569900689,cruise,over
DS05,F3,lstm_autoencoder,0,phase_conditioned,10,36,32.11409373311419,0.0013704653522823827,0.003201175909896401,0.006315093765014555,0.15105,0.0036391301942123606,climb,over
DS05,F3,lstm_autoencoder,0,pooled,7,23,91.39182733090237,0.0024699620256719555,0.0046765489266149905,0.00895942170208789,0.4414,0.009741931144269684,descent,over
DS05,F3,lstm_autoencoder,0,pooled,8,35,43.044399476769684,0.0016856024520723301,0.0038078088140663154,0.007417332020202135,0.26815,0.0042243116185359305,cruise,under
DS05,F3,lstm_autoencoder,0,pooled,9,18,63.233407842518666,0.0016961179768678896,0.0033033601186916333,0.006353377453170895,0.1629,0.008729312989424398,descent,over
DS05,F3,lstm_autoencoder,0,pooled,10,36,33.716013929826985,0.0014120930459858257,0.003253893045070932,0.006460043456703861,0.16775,0.0016624052293394403,cruise,under
DS05,F3,lstm_autoencoder,0,quantile_regression_W,7,23,296.6028886988632,0.005867295299283576,0.008389029486563313,0.01626031887603293,0.8358,0.028956999085086914,climb,over
DS05,F3,lstm_autoencoder,0,quantile_regression_W,8,35,30.806938594546615,0.0014349701998382259,0.003185860972690171,0.006257567502543817,0.1485,0.0050355882528859384,climb,under
DS05,F3,lstm_autoencoder,0,quantile_regression_W,9,18,593.1803028824633,0.007079006725312422,0.010161485405757646,0.01948584870779188,0.89475,0.03961530463713869,climb,over
DS05,F3,lstm_autoencoder,0,quantile_regression_W,10,36,31.287805715154498,0.001595014162890873,0.003161283501643654,0.00625056739479251,0.1453,0.017191675745380976,cruise,over
DS05,F3,lstm_autoencoder,1,phase_conditioned,7,23,80.73247056549442,0.0023505434400149087,0.004364682927054233,0.008455520202539701,0.3878,0.007061641546370423,cruise,over
DS05,F3,lstm_autoencoder,1,phase_conditioned,8,35,37.46171803064513,0.0017494862453348334,0.003558679777841017,0.006915619782858252,0.21475,0.014582809976673246,climb,over
DS05,F3,lstm_autoencoder,1,phase_conditioned,9,18,68.18141492809438,0.0017492504675074272,0.003443780977288518,0.006586197485946215,0.18985,0.007401886758931902,cruise,over
DS05,F3,lstm_autoencoder,1,phase_conditioned,10,36,31.813391644515246,0.0014145515270657103,0.0032022741947964712,0.0063450767415431895,0.15295,0.004330769656393514,climb,over
DS05,F3,lstm_autoencoder,1,pooled,7,23,69.95734555024433,0.002162833224934057,0.004072515910270804,0.007760093751692992,0.32125,0.009730720507617628,descent,over
DS05,F3,lstm_autoencoder,1,pooled,8,35,39.63220522274619,0.0016748741807218151,0.0036594999835664285,0.007170424621817968,0.2412,0.004055864585202464,climb,over
DS05,F3,lstm_autoencoder,1,pooled,9,18,61.99768164671913,0.0016387750231604886,0.0032982284706051853,0.006278419788386579,0.15765,0.007568822152256396,descent,over
DS05,F3,lstm_autoencoder,1,pooled,10,36,31.154006478391178,0.0013552871370766488,0.0031659436949497475,0.006296545101239007,0.1469,0.00205997897416035,climb,under
DS05,F3,lstm_autoencoder,1,quantile_regression_W,7,23,286.2126947840977,0.00581530448692743,0.008262407783214921,0.01583026327492265,0.8282,0.02912168344007319,climb,over
DS05,F3,lstm_autoencoder,1,quantile_regression_W,8,35,31.128220339700263,0.0014852636199826706,0.0032287353524574776,0.006319476330931323,0.15775,0.005600115130000959,cruise,over
DS05,F3,lstm_autoencoder,1,quantile_regression_W,9,18,556.677994946573,0.006651650031497762,0.009719698023436054,0.018721144135278787,0.8856,0.03376516254245512,climb,over
DS05,F3,lstm_autoencoder,1,quantile_regression_W,10,36,31.36126249373336,0.0015933259098378735,0.0031958141219458423,0.00623597133898863,0.1492,0.017703048224648153,cruise,over
DS05,F3,lstm_autoencoder,2,phase_conditioned,7,23,80.18751100603849,0.002475566585704956,0.004349886255970147,0.008446314427609115,0.38195,0.011183810539383424,cruise,over
DS05,F3,lstm_autoencoder,2,phase_conditioned,8,35,40.77007967326443,0.0018114107994111608,0.003695386007624345,0.0072663933863501345,0.2487,0.014104312458879118,climb,over
DS05,F3,lstm_autoencoder,2,phase_conditioned,9,18,69.92322989718569,0.0020332863011460712,0.003476266248705166,0.006693424530014742,0.196,0.01430401336010091,cruise,over
DS05,F3,lstm_autoencoder,2,phase_conditioned,10,36,30.063494705047685,0.001409694232075216,0.003092298204480618,0.00616734794225134,0.13685,0.0062950257289879925,climb,over
DS05,F3,lstm_autoencoder,2,pooled,7,23,69.07505603460469,0.0022392902394311556,0.004033465182145455,0.007775430791385101,0.31505,0.009764352417573794,descent,over
DS05,F3,lstm_autoencoder,2,pooled,8,35,38.26620142488089,0.00164423017927409,0.0035877199170802087,0.007037710847774796,0.22495,0.004594174292720856,climb,over
DS05,F3,lstm_autoencoder,2,pooled,9,18,56.23478796452549,0.0017710403579408026,0.003099438737698753,0.005940041660473134,0.1262,0.010283361588762413,descent,over
DS05,F3,lstm_autoencoder,2,pooled,10,36,30.98692882778495,0.0014205004224305032,0.003153499891165327,0.006238144131391225,0.1427,0.0018831968697920441,descent,over
DS05,F3,lstm_autoencoder,2,quantile_regression_W,7,23,454.62350716580255,0.008729943493774829,0.01042791330086082,0.019968968329836276,0.90145,0.05344007319304666,climb,over
DS05,F3,lstm_autoencoder,2,quantile_regression_W,8,35,31.311330543564832,0.0014836345293162728,0.0032573720544990556,0.006359842928102564,0.1564,0.005185118727196603,climb,under
DS05,F3,lstm_autoencoder,2,quantile_regression_W,9,18,614.1350010132536,0.008255824156288472,0.010191477983357723,0.019554100851289984,0.8963,0.06792333818534692,climb,over
DS05,F3,lstm_autoencoder,2,quantile_regression_W,10,36,52.67852584133578,0.002208893450839168,0.004109706979633367,0.008136004160114051,0.33875,0.023283678324476954,cruise,over
DS05,F3,pca,-1,phase_conditioned,7,23,256.79471172591815,0.006533423417870932,0.0077686471515050716,0.014978504075630457,0.8009,0.06571820677035682,climb,over
DS05,F3,pca,-1,phase_conditioned,8,35,52.082173405037054,0.0020244579312980386,0.004179872774071747,0.008195462911411183,0.34715,0.014134218553741253,climb,over
DS05,F3,pca,-1,phase_conditioned,9,18,448.47051938071047,0.008164905783521805,0.00882932934061276,0.016862948171653323,0.8507,0.053284120052679,climb,over
DS05,F3,pca,-1,phase_conditioned,10,36,233.84462167183963,0.005291943382980318,0.008580746203919501,0.017093671716037446,0.8415,0.03758479499806341,climb,over
DS05,F3,pca,-1,pooled,7,23,114.54869702278296,0.003584478439259078,0.005245518253861058,0.010115711811344573,0.53765,0.02266779520408964,descent,over
DS05,F3,pca,-1,pooled,8,35,69.91016983614594,0.0022518085351584914,0.00486472944752908,0.009580487821987687,0.47725,0.010690732927019846,descent,over
DS05,F3,pca,-1,pooled,9,18,267.3536346763194,0.005563950361708299,0.006741716789759078,0.012985986322433233,0.7223,0.049467586986356664,descent,over
DS05,F3,pca,-1,pooled,10,36,179.688021435747,0.004221517907379953,0.00766787637416078,0.014874979579712053,0.7847,0.014901577180397555,descent,over
DS05,F3,pca,-1,quantile_regression_W,7,23,818.6090972806716,0.0190238673045915,0.013914957106722872,0.02669923743553061,0.95625,0.2417291857273559,climb,over
DS05,F3,pca,-1,quantile_regression_W,8,35,47.30495083140911,0.0017897806583450687,0.004004207175251051,0.007795714914215137,0.30985,0.006022489383336324,climb,under
DS05,F3,pca,-1,quantile_regression_W,9,18,749.6476941945439,0.016899043157523556,0.011386285714514829,0.02197994423242437,0.9269,0.21819713038053648,climb,over
DS05,F3,pca,-1,quantile_regression_W,10,36,285.7031647553857,0.010122653898771029,0.009554849167680662,0.018967348905132343,0.87505,0.09593150002766558,climb,over
DS06,F3,isolation_forest,0,phase_conditioned,7,21,68.4134373790823,0.0016541404553018512,0.0042647917313868855,0.008154574002417753,0.361,0.007154742396139094,cruise,under
DS06,F3,isolation_forest,0,phase_conditioned,8,31,30.36207781580536,0.0014974591587746178,0.0033617939100612673,0.0066131186153886206,0.1864,0.012573668559070017,climb,over
DS06,F3,isolation_forest,0,phase_conditioned,9,16,60.8828800509505,0.0013975099844353556,0.0034426879478097264,0.006663152839722609,0.1952,0.004390480117368417,cruise,under
DS06,F3,isolation_forest,0,phase_conditioned,10,32,37.029928703195615,0.001244056472237553,0.0036470473922349768,0.007183736517075255,0.24305,0.0055006829320549564,cruise,under
DS06,F3,isolation_forest,0,pooled,7,21,77.81532046927822,0.0018958534360710272,0.004507977926776334,0.008806526360594204,0.4118,0.007508017239618441,climb,under
DS06,F3,isolation_forest,0,pooled,8,31,34.529188425651974,0.0015909672066273237,0.0035848855592748446,0.007044217211233948,0.22515,0.006167254931681861,cruise,under
DS06,F3,isolation_forest,0,pooled,9,16,80.03025486932879,0.001642617807562404,0.003955753228081477,0.0076375729866467595,0.3005,0.009117272043678687,climb,under
DS06,F3,isolation_forest,0,pooled,10,32,41.30312999527377,0.001341488694420913,0.003850118961802319,0.007619304660949528,0.2866,0.005554246230482874,cruise,under
DS06,F3,isolation_forest,0,quantile_regression_W,7,21,617.379123465173,0.009768432146094342,0.012829537485255112,0.024654802130082604,0.947,0.025817831481514827,cruise,over
DS06,F3,isolation_forest,0,quantile_regression_W,8,31,65.73706968366454,0.002086275380937731,0.004965710039376233,0.00965309557021796,0.49475,0.0075331170586645044,climb,under
DS06,F3,isolation_forest,0,quantile_regression_W,9,16,214.10484129855735,0.004564263612375787,0.006460256800848002,0.012422227898156795,0.6988,0.02933043449831628,climb,over
DS06,F3,isolation_forest,0,quantile_regression_W,10,32,139.87895873123327,0.00487167055023837,0.007106566546329027,0.0139926572406148,0.7458,0.022467339225664372,climb,over
DS06,F3,isolation_forest,1,phase_conditioned,7,21,61.4437054123495,0.0015456570081653247,0.004010201788248482,0.007786376139573972,0.3141,0.007298806072283949,cruise,under
DS06,F3,isolation_forest,1,phase_conditioned,8,31,30.849064589920292,0.001464377540366245,0.003392969421114946,0.006655232137961268,0.18855,0.012404703974047039,climb,over
DS06,F3,isolation_forest,1,phase_conditioned,9,16,51.68054345416572,0.0013047882078977475,0.0031652288713603614,0.006114090189491983,0.1378,0.0040644567395744435,cruise,under
DS06,F3,isolation_forest,1,phase_conditioned,10,32,31.693034106596006,0.0011457626498401347,0.0033791761970092347,0.006700979731142531,0.18665,0.006491603952971424,cruise,under
DS06,F3,isolation_forest,1,pooled,7,21,62.227448124535435,0.0015386930451740163,0.004076007251521467,0.007844101990010436,0.3263,0.007467165063218743,climb,under
DS06,F3,isolation_forest,1,pooled,8,31,32.972191024410776,0.0014515100271851257,0.0035161688769045516,0.006871703417549953,0.2106,0.006448755981897317,cruise,under
DS06,F3,isolation_forest,1,pooled,9,16,67.11226966071958,0.0014261146202931762,0.0035830973739201565,0.006945487870623122,0.22195,0.008855723019583484,climb,under
DS06,F3,isolation_forest,1,pooled,10,32,34.52724228952197,0.0011053718763957144,0.003539275609716023,0.007021360732355848,0.21935,0.006143442513189963,cruise,under
DS06,F3,isolation_forest,1,quantile_regression_W,7,21,569.5105919560032,0.009632122428709408,0.012236004388869598,0.02374599286638537,0.9371,0.028237637110117036,climb,over
DS06,F3,isolation_forest,1,quantile_regression_W,8,31,79.30286148887811,0.0023617722450960466,0.005469931204821659,0.010793243801112915,0.57475,0.0051338199513382,climb,under
DS06,F3,isolation_forest,1,quantile_regression_W,9,16,371.7230307531918,0.0060608587667667045,0.008474163318703782,0.016428850147279347,0.83775,0.04623304018046882,climb,over
DS06,F3,isolation_forest,1,quantile_regression_W,10,32,185.23731131284032,0.006246192065805181,0.008177039225497406,0.01620080867778707,0.8222,0.0453522006963664,climb,over
DS06,F3,isolation_forest,2,phase_conditioned,7,21,62.882929722680686,0.0015602938467683997,0.004071139100303687,0.00783188016013078,0.322,0.006866615043849382,cruise,under
DS06,F3,isolation_forest,2,phase_conditioned,8,31,33.010092798552684,0.0016122098493975138,0.003557722917417053,0.006923502472212044,0.2181,0.012370911057042444,climb,over
DS06,F3,isolation_forest,2,phase_conditioned,9,16,43.51530539450695,0.0011784111013925173,0.0029167627087829454,0.00560429760580009,0.09285,0.003997334279440391,cruise,under
DS06,F3,isolation_forest,2,phase_conditioned,10,32,40.26338675765745,0.001341420691816489,0.0038038233070875702,0.007532030878522156,0.2741,0.005206084790701411,cruise,under
DS06,F3,isolation_forest,2,pooled,7,21,67.74312014395919,0.0017017055228383772,0.004194872995150959,0.00818396474686871,0.35235,0.007589721592417836,climb,under
DS06,F3,isolation_forest,2,pooled,8,31,37.158424934827075,0.0017045457439779066,0.003751503605085418,0.007322645078600221,0.2568,0.006457150581238172,climb,over
DS06,F3,isolation_forest,2,pooled,9,16,60.209964653732264,0.0013884515945770063,0.003413774694764507,0.006696484278494601,0.18695,0.009068231601660837,climb,under
DS06,F3,isolation_forest,2,pooled,10,32,45.87703981299501,0.0014130592032116163,0.004096672312504658,0.008036403042668477,0.33365,0.0052596480891293285,cruise,under
DS06,F3,isolation_forest,2,quantile_regression_W,7,21,146.3768527397903,0.0037613452669701787,0.006228331015424443,0.011965451955177763,0.6713,0.012680289179661826,descent,over
DS06,F3,isolation_forest,2,quantile_regression_W,8,31,66.47423881700456,0.0021436444022111443,0.005053215975776066,0.009806444656143472,0.50965,0.006620708299540416,climb,under
DS06,F3,isolation_forest,2,quantile_regression_W,9,16,258.2650264279565,0.004944198171603263,0.0071178503893479595,0.013772782576870294,0.7551,0.03568934514663092,climb,over
DS06,F3,isolation_forest,2,quantile_regression_W,10,32,161.5758415282569,0.0051955208929462884,0.0076677054067307345,0.015155722352045578,0.7885,0.03362705710799631,climb,over
DS06,F3,lstm_autoencoder,0,phase_conditioned,7,21,115.19352559346261,0.002935401238129228,0.005520054654012923,0.010680109052410196,0.58115,0.00910644504871153,cruise,over
DS06,F3,lstm_autoencoder,0,phase_conditioned,8,31,32.50993523332147,0.0015621438996346012,0.003514063641743957,0.006892813420391413,0.20935,0.0069640443363071115,climb,over
DS06,F3,lstm_autoencoder,0,phase_conditioned,9,16,76.00887843948104,0.001957906694334254,0.0038257862613455644,0.007383160523136642,0.2724,0.00624363535244086,cruise,over
DS06,F3,lstm_autoencoder,0,phase_conditioned,10,32,30.96500015850253,0.0014103975721773039,0.00333841520856111,0.006594930111981873,0.18135,0.002736958009701515,climb,over
DS06,F3,lstm_autoencoder,0,pooled,7,21,98.0036776685977,0.002677571383859963,0.005075398471351761,0.00989236367139056,0.51235,0.00833064467945271,descent,over
DS06,F3,lstm_autoencoder,0,pooled,8,31,36.38094330953187,0.0015833277163129138,0.0037088897541830744,0.007276061886891732,0.2531,0.004521556484268423,cruise,under
DS06,F3,lstm_autoencoder,0,pooled,9,16,67.69476354762055,0.0018090839844296849,0.003638347023350405,0.007020359182040641,0.2321,0.008547971595618377,descent,over
DS06,F3,lstm_autoencoder,0,pooled,10,32,33.36274876650039,0.0014844615114053207,0.003475982240849709,0.006771344503721926,0.2071,0.0029028629583009724,cruise,under
DS06,F3,lstm_autoencoder,0,quantile_regression_W,7,21,360.3006537646824,0.007233540607981201,0.009660471494256074,0.018605033231363685,0.8784,0.049235655779561655,climb,over
DS06,F3,lstm_autoencoder,0,quantile_regression_W,8,31,32.18374234623174,0.001606252133844806,0.003459459232510961,0.006752003773105347,0.1979,0.004659708538143393,cruise,over
DS06,F3,lstm_autoencoder,0,quantile_regression_W,9,16,697.6009201872998,0.00816156073143976,0.011517354877841189,0.022384189598043485,0.929,0.04139438323470755,climb,over
DS06,F3,lstm_autoencoder,0,quantile_regression_W,10,32,157.26012781464075,0.004483150759368277,0.007498903299983477,0.014882681703923184,0.7794,0.024012694501727418,cruise,over
DS06,F3,lstm_autoencoder,1,phase_conditioned,7,21,98.21438004100587,0.002805599835339692,0.005056582320495433,0.009734135301099563,0.509,0.009862779348472026,cruise,over
DS06,F3,lstm_autoencoder,1,phase_conditioned,8,31,31.927003131779998,0.001528123103934155,0.0034657916554887676,0.006720116703745403,0.19885,0.00517301973506353,climb,over
DS06,F3,lstm_autoencoder,1,phase_conditioned,9,16,82.81720851446372,0.00217061176269123,0.004012552317856487,0.007773785629609322,0.30545,0.00969564758790645,cruise,over
DS06,F3,lstm_autoencoder,1,phase_conditioned,10,32,29.594097332750454,0.0014253237993760272,0.0032766587314134597,0.00647315392399494,0.16695,0.003748772431032943,climb,over
DS06,F3,lstm_autoencoder,1,pooled,7,21,93.62659161271081,0.002748628659010988,0.0050042071959078595,0.009554664833804585,0.50085,0.009107366911632908,descent,over
DS06,F3,lstm_autoencoder,1,pooled,8,31,34.565582231991755,0.0015476248341108835,0.003625691046455646,0.007101558830845263,0.23195,0.003243974794829042,cruise,under
DS06,F3,lstm_autoencoder,1,pooled,9,16,81.48210337726596,0.0021262644183541327,0.003973242787302492,0.007676190042300912,0.3038,0.008312761810891333,descent,over
DS06,F3,lstm_autoencoder,1,pooled,10,32,27.619646305337863,0.001395420789888157,0.003147776740565097,0.00619463583113893,0.1457,0.0016311866227922897,descent,over
DS06,F3,lstm_autoencoder,1,quantile_regression_W,7,21,630.1813519527126,0.012880942955954712,0.012867549222670267,0.024754950950949806,0.9466,0.10810364197152604,climb,over
DS06,F3,lstm_autoencoder,1,quantile_regression_W,8,31,38.200522292798105,0.0017142774901591881,0.0037964692932059532,0.007406152141922345,0.2684,0.006218791277798228,cruise,over
DS06,F3,lstm_autoencoder,1,quantile_regression_W,9,16,818.6190653615242,0.01087593703757079,0.012480795814455275,0.02427762618223849,0.9425,0.07310720240625103,climb,over
DS06,F3,lstm_autoencoder,1,quantile_regression_W,10,32,105.47875746755463,0.003448598673050406,0.0061350418092002,0.012218889982073173,0.65705,0.026208789737272017,cruise,over
DS06,F3,lstm_autoencoder,2,phase_conditioned,7,21,96.98761060701277,0.0028154966330264145,0.005059095403811963,0.009726572541178185,0.5096,0.010763177324377376,cruise,over
DS06,F3,lstm_autoencoder,2,phase_conditioned,8,31,36.9662377271689,0.0017529550947971487,0.003721869083443383,0.007262811140135133,0.25715,0.010512300621789672,climb,over
DS06,F3,lstm_autoencoder,2,phase_conditioned,9,16,69.64196911875189,0.002063113317675505,0.003652906619760173,0.007081444733660215,0.23195,0.010951796484700875,cruise,over
DS06,F3,lstm_autoencoder,2,phase_conditioned,10,32,33.03616278879944,0.001555907445173627,0.0034822394757747814,0.006862522996510004,0.2062,0.0045225128708746235,climb,over
DS06,F3,lstm_autoencoder,2,pooled,7,21,84.67656137969335,0.0025773298725813953,0.004729006777999618,0.009117463047741504,0.4503,0.009513652386927167,descent,over
DS06,F3,lstm_autoencoder,2,pooled,8,31,37.54675543682183,0.0016806419959206345,0.003774652349292854,0.007344422958704323,0.266,0.00400186223771681,cruise,under
DS06,F3,lstm_autoencoder,2,pooled,9,16,55.02840344335389,0.0017753924789706275,0.003248549194287924,0.006272006387787526,0.1562,0.010026433099616943,descent,over
DS06,F3,lstm_autoencoder,2,pooled,10,32,33.340336949124755,0.0015546386001046451,0.003455879347422491,0.006865189336966255,0.2032,0.002705661137599893,descent,over
DS06,F3,lstm_autoencoder,2,quantile_regression_W,7,21,385.6422365808572,0.00825369266088226,0.010091655080840586,0.01946277307643587,0.8964,0.05211573421574034,climb,over
DS06,F3,lstm_autoencoder,2,quantile_regression_W,8,31,30.239966882250226,0.0015192392894275261,0.0033936344355874155,0.006662138285339118,0.18425,0.006500292328013685,cruise,over
DS06,F3,lstm_autoencoder,2,quantile_regression_W,9,16,748.3040476764119,0.008668303644316769,0.011992343899317026,0.023126404245471424,0.93545,0.04383005852159414,climb,over
DS06,F3,lstm_autoencoder,2,quantile_regression_W,10,32,169.66801283920103,0.0046962697265434655,0.007890782774798922,0.015535637344027528,0.8036,0.02886017300945392,cruise,over
DS06,F3,pca,-1,phase_conditioned,7,21,332.36015390804,0.008697212335756887,0.00932785435578604,0.017895389028435026,0.87225,0.08526727536409502,climb,over
DS06,F3,pca,-1,phase_conditioned,8,31,54.63429193425014,0.002211656914300091,0.004532405519566331,0.008925228539662208,0.4183,0.013992971073263043,climb,over
DS06,F3,pca,-1,phase_conditioned,9,16,665.2026708574989,0.01120924465330804,0.011361092893620698,0.021751450653502636,0.92365,0.07142348056363815,climb,over
DS06,F3,pca,-1,phase_conditioned,10,32,184.61701708572886,0.004857467418397034,0.008187561171221864,0.016042761279714084,0.8178,0.02606820819569681,climb,over
DS06,F3,pca,-1,pooled,7,21,163.14195289823763,0.004786744014789027,0.006582304135948262,0.012545123118246165,0.7047,0.024414769671984228,descent,over
DS06,F3,pca,-1,pooled,8,31,70.31139139355822,0.002329874304250982,0.005157797377611033,0.010266029333533499,0.52275,0.009065084253140029,descent,over
DS06,F3,pca,-1,pooled,9,16,359.82664774546544,0.0069372183136670205,0.008316056950275846,0.016239962651144108,0.8305,0.04860083779485226,descent,over
DS06,F3,pca,-1,pooled,10,32,185.93985269193055,0.004583384069860253,0.00821886842894011,0.016243792667182923,0.8175,0.014632328251964274,descent,over
DS06,F3,pca,-1,quantile_regression_W,7,21,831.5377412509288,0.021071345999573252,0.014843919100312188,0.028720091870909827,0.9635,0.27224768674551136,climb,over
DS06,F3,pca,-1,quantile_regression_W,8,31,48.25327998154825,0.0017695080378062032,0.004240141439405476,0.008319184121882315,0.3592,0.006384157880508246,climb,under
DS06,F3,pca,-1,quantile_regression_W,9,16,755.1576688266342,0.01834411444538059,0.01214646861893141,0.023479683836101373,0.93665,0.2285980972308497,climb,over
DS06,F3,pca,-1,quantile_regression_W,10,32,250.37921890609368,0.009723452754064891,0.009569473572520384,0.018775200011817445,0.87575,0.0932943487188644,climb,over
DS07,F3,isolation_forest,0,phase_conditioned,7,23,56.009218139987325,0.0012707411660737935,0.0036402050006991964,0.007036204102053013,0.23215,0.007676306281930894,cruise,under
DS07,F3,isolation_forest,0,phase_conditioned,8,36,33.02212419794391,0.0013342428847295204,0.0032620894056467984,0.006383363447169641,0.1622,0.012431767599859435,climb,over
DS07,F3,isolation_forest,0,phase_conditioned,9,18,52.848522427472545,0.0011406490743229134,0.003015357051309216,0.005835689582390927,0.1101,0.005203437998197824,climb,under
DS07,F3,isolation_forest,0,phase_conditioned,10,36,32.881100770120554,0.001071076490082412,0.00327089564421497,0.006499552654462324,0.1691,0.0060201880961380265,cruise,under
DS07,F3,isolation_forest,0,pooled,7,23,56.2703677645843,0.0012177772251352242,0.003644290876753872,0.006986486130308708,0.2323,0.008517840805123513,climb,under
DS07,F3,isolation_forest,0,pooled,8,36,38.24459417678051,0.0013720545416483247,0.003513162139150862,0.006868147617536439,0.2111,0.008185545273515287,climb,over
DS07,F3,isolation_forest,0,pooled,9,18,63.37899799285744,0.0012205366827126763,0.0032903294370914974,0.006317924962330962,0.164,0.008849379635405837,climb,under
DS07,F3,isolation_forest,0,pooled,10,36,35.05674727144911,0.0010600803504531243,0.003354024431297965,0.006643152100254946,0.1827,0.005597749961091225,cruise,under
DS07,F3,isolation_forest,0,quantile_regression_W,7,23,48.50851321947636,0.001414014350994255,0.003407968182704326,0.006559223943104437,0.18725,0.00626715462031107,climb,under
DS07,F3,isolation_forest,0,quantile_regression_W,8,36,59.84674460266875,0.0017592112078628722,0.0044231876744343715,0.008679868529711796,0.39615,0.005929483425090781,climb,under
DS07,F3,isolation_forest,0,quantile_regression_W,9,18,184.55714855171615,0.0030668594626975685,0.005593391450350104,0.010762650510945984,0.59395,0.01028887665002576,cruise,over
DS07,F3,isolation_forest,0,quantile_regression_W,10,36,95.48926509968948,0.002882131708396824,0.00555058747795136,0.01104323793890406,0.58375,0.009698957244814016,cruise,over
DS07,F3,isolation_forest,1,phase_conditioned,7,23,58.10757893013299,0.0013000242721661053,0.003727634572983171,0.007123903703869396,0.24725,0.007692221992328628,cruise,under
DS07,F3,isolation_forest,1,phase_conditioned,8,36,33.356641366554875,0.0013233412277444162,0.0032824445960116366,0.006511360173842131,0.16885,0.012226777556518685,climb,over
DS07,F3,isolation_forest,1,phase_conditioned,9,18,54.21539504767122,0.0011746690677842243,0.0030373046711654446,0.005835841750026302,0.1152,0.004898454287100575,climb,under
DS07,F3,isolation_forest,1,phase_conditioned,10,36,34.85564491251446,0.0010845928681275264,0.0033380044436456787,0.006589619156545747,0.1788,0.006086888854303311,cruise,under
DS07,F3,isolation_forest,1,pooled,7,23,60.59388579501058,0.001260360236775156,0.003813431252208104,0.007281407073812715,0.26655,0.008536139066788656,climb,under
DS07,F3,isolation_forest,1,pooled,8,36,38.49095280870891,0.001383411326465295,0.0035553155922805656,0.006985401296395147,0.2225,0.008390535316856037,climb,over
DS07,F3,isolation_forest,1,pooled,9,18,63.95798102268422,0.0012359616814822964,0.003318714315394036,0.006379280402164462,0.1664,0.008849379635405837,climb,under
DS07,F3,isolation_forest,1,pooled,10,36,36.84005658416433,0.0010716233735538878,0.0034082453610826385,0.006736578406007879,0.1966,0.00561998354714632,cruise,under
DS07,F3,isolation_forest,1,quantile_regression_W,7,23,49.68841893184626,0.0014142298338234126,0.0034567025269831497,0.0066036318579014,0.18855,0.005639095351020993,cruise,under
DS07,F3,isolation_forest,1,quantile_regression_W,8,36,61.87805324023757,0.0017909677590537824,0.004489195025401332,0.008875698495298864,0.4117,0.005870914841279138,climb,under
DS07,F3,isolation_forest,1,quantile_regression_W,9,18,137.66542832841245,0.002457296365510672,0.00488277268107579,0.009391151163343886,0.48105,0.004994581342050563,cruise,over
DS07,F3,isolation_forest,1,quantile_regression_W,10,36,98.00593449722943,0.002953019693410244,0.005612029585336834,0.011155983899259116,0.5908,0.010254796896191387,cruise,over
DS07,F3,isolation_forest,2,phase_conditioned,7,23,48.28355164966007,0.001177955818958155,0.0033825230861087643,0.00651224627854837,0.18215,0.007501233467555825,cruise,under
DS07,F3,isolation_forest,2,phase_conditioned,8,36,33.38251246556572,0.001363993822512897,0.003301209141551212,0.006442756836562578,0.16505,0.012197493264612861,climb,over
DS07,F3,isolation_forest,2,phase_conditioned,9,18,34.108770390232465,0.0008822237244464586,0.0024233782803708675,0.004606837068367402,0.02925,0.005744090940597491,climb,under
DS07,F3,isolation_forest,2,phase_conditioned,10,36,34.59608505772757,0.0010864215749547355,0.0033330693622002803,0.0065948527336723095,0.1772,0.006398159059074638,cruise,under
DS07,F3,isolation_forest,2,pooled,7,23,48.11866395615984,0.0011231482151601432,0.0033811674646196705,0.006499344478949012,0.1777,0.008060384263494967,climb,under
DS07,F3,isolation_forest,2,pooled,8,36,36.32711504364128,0.0013771856466142374,0.0034232268147152195,0.006710374007212829,0.19365,0.008712662527820077,climb,over
DS07,F3,isolation_forest,2,pooled,9,18,40.011458685118185,0.0009321325312868853,0.002613045812050814,0.005042320333389183,0.05245,0.008641436196021349,climb,under
DS07,F3,isolation_forest,2,pooled,10,36,38.1850634442892,0.0010916544806059845,0.0034834486703859257,0.00688121099413674,0.20955,0.005886786579807457,cruise,under
DS07,F3,isolation_forest,2,quantile_regression_W,7,23,58.95765356073236,0.001540943213871854,0.0037542208168024845,0.007164760354683066,0.25345,0.00567092677181646,cruise,under
DS07,F3,isolation_forest,2,quantile_regression_W,8,36,65.2000254743742,0.0018035138872817642,0.00461496093334208,0.008989536301997074,0.4324,0.006163757760337355,climb,under
DS07,F3,isolation_forest,2,quantile_regression_W,9,18,140.56398007526982,0.0023993356663455172,0.004923629750392381,0.009510040205108134,0.48795,0.004701440830031801,cruise,over
DS07,F3,isolation_forest,2,quantile_regression_W,10,36,88.37166267239178,0.0026656447027533867,0.005343218954154165,0.010560440106189896,0.55315,0.010588300687017807,cruise,over
DS07,F3,lstm_autoencoder,0,phase_conditioned,7,23,98.25781417297453,0.002300490223198947,0.004818629034313956,0.0092926728516716,0.469,0.0046569075937785915,climb,under
DS07,F3,lstm_autoencoder,0,phase_conditioned,8,36,33.37644622878329,0.0014831103923901969,0.003280621870193779,0.006434710728532003,0.1673,0.013983835070867987,climb,over
DS07,F3,lstm_autoencoder,0,phase_conditioned,9,18,83.96948366355882,0.0018278997828205103,0.0037872307200106994,0.0073096915410508605,0.26245,0.006520413114299578,climb,under
DS07,F3,lstm_autoencoder,0,phase_conditioned,10,36,22.585364550581986,0.001027924528544932,0.002682844285853459,0.005283783751921846,0.06705,0.004336159215515784,descent,under
DS07,F3,lstm_autoencoder,0,pooled,7,23,96.72727504112872,0.002339455926646161,0.004801300109877299,0.009272516858247941,0.4656,0.006457214605217429,descent,over
DS07,F3,lstm_autoencoder,0,pooled,8,36,31.513810361037724,0.001338980252020983,0.0032089114111736195,0.006242065048414989,0.15035,0.005270615732963261,cruise,under
DS07,F3,lstm_autoencoder,0,pooled,9,18,81.92382245862973,0.0018355114167750736,0.003754419864028826,0.007146222923388567,0.25495,0.00747695293546822,climb,under
DS07,F3,lstm_autoencoder,0,pooled,10,36,25.56520448277866,0.001063664112540315,0.0028468711265080275,0.005660558810487809,0.09445,0.003663427974297975,cruise,under
DS07,F3,lstm_autoencoder,0,quantile_regression_W,7,23,217.542904052796,0.00451846869428122,0.007207579961862321,0.01379581439129905,0.76185,0.016642268984446477,climb,over
DS07,F3,lstm_autoencoder,0,quantile_regression_W,8,36,29.999328785551693,0.0013530764750696006,0.0031217763649649156,0.006134660808501226,0.13585,0.006690875014642146,climb,under
DS07,F3,lstm_autoencoder,0,quantile_regression_W,9,18,238.0515359804304,0.0034785508489500894,0.006405617418252185,0.012353906819405406,0.693,0.010253344466750759,cruise,over
DS07,F3,lstm_autoencoder,0,quantile_regression_W,10,36,25.152406170693556,0.001250834576969433,0.002841389210326013,0.005576503282235321,0.093,0.011010738822064612,cruise,over
DS07,F3,lstm_autoencoder,1,phase_conditioned,7,23,89.30443302114975,0.0021317107828830355,0.004626677725690904,0.00892287328593137,0.43315,0.004967978042086002,climb,under
DS07,F3,lstm_autoencoder,1,phase_conditioned,8,36,40.148254001156744,0.0016747826484205665,0.003636129810309919,0.00712730163599074,0.23495,0.015828745460934754,climb,over
DS07,F3,lstm_autoencoder,1,phase_conditioned,9,18,81.83091707091417,0.0017488347945083243,0.00379275499490136,0.007227780276536499,0.2582,0.006423372842586816,climb,under
DS07,F3,lstm_autoencoder,1,phase_conditioned,10,36,26.04614482959815,0.001108617773382804,0.0028848787399816896,0.005718628211943366,0.10025,0.00419124218051832,descent,under
DS07,F3,lstm_autoencoder,1,pooled,7,23,88.76049491118185,0.002149466054819641,0.004598034129888551,0.008837858817794477,0.42995,0.006614821591948765,climb,under
DS07,F3,lstm_autoencoder,1,pooled,8,36,37.09907192602934,0.0015748544103035423,0.0035023857042213173,0.0068655934506320114,0.20975,0.00997188707977041,climb,over
DS07,F3,lstm_autoencoder,1,pooled,9,18,78.90658848406925,0.0017436074491245358,0.0037143834502275474,0.007072064065005274,0.24395,0.00764330768697581,climb,under
DS07,F3,lstm_autoencoder,1,pooled,10,36,26.332558804516324,0.0011094917791818564,0.0028950389966844623,0.00575729155960551,0.10315,0.0037523623185183545,cruise,under
DS07,F3,lstm_autoencoder,1,quantile_regression_W,7,23,230.26700075360787,0.004554713805609931,0.007439064989940546,0.01428782462402407,0.77245,0.01719121683440073,climb,over
DS07,F3,lstm_autoencoder,1,quantile_regression_W,8,36,31.094297988434715,0.0013658318218241635,0.0031906205452801907,0.006263599117448893,0.1484,0.006105189176525712,climb,under
DS07,F3,lstm_autoencoder,1,quantile_regression_W,9,18,179.91333195850464,0.0028223061430638864,0.005515579679633422,0.010625942438429143,0.58245,0.0043203715256117,climb,over
DS07,F3,lstm_autoencoder,1,quantile_regression_W,10,36,28.329076370482966,0.0013525062198748074,0.0030032555803817433,0.005944798812192014,0.1207,0.011433176957111412,cruise,over
DS07,F3,lstm_autoencoder,2,phase_conditioned,7,23,97.43460547902784,0.002277165014082837,0.004782127617090612,0.009285464293204778,0.4616,0.005096065873741995,climb,under
DS07,F3,lstm_autoencoder,2,phase_conditioned,8,36,40.177536670546445,0.0016689541979498501,0.0036095228857408856,0.00710766513631119,0.22965,0.014803795244230993,climb,over
DS07,F3,lstm_autoencoder,2,phase_conditioned,9,18,104.25729329834985,0.0021275010375564865,0.0042463863135391786,0.008138231511186743,0.355,0.00787268818732567,cruise,over
DS07,F3,lstm_autoencoder,2,phase_conditioned,10,36,27.494646983830076,0.0011768440168039786,0.002975679093873103,0.005859941884521043,0.1143,0.006737674984783932,climb,over
DS07,F3,lstm_autoencoder,2,pooled,7,23,86.92162938975862,0.0021742629745390594,0.004556337588044603,0.008695639533483165,0.41825,0.006340347666971637,climb,under
DS07,F3,lstm_autoencoder,2,pooled,8,36,37.90876017715213,0.0015696749843905921,0.003541003494477139,0.0068569580393120525,0.2113,0.008331966733044394,climb,over
DS07,F3,lstm_autoencoder,2,pooled,9,18,96.19292054180181,0.002026680277340626,0.004080338368545591,0.007764521327465488,0.3222,0.0075462674152630485,climb,under
DS07,F3,lstm_autoencoder,2,pooled,10,36,26.093285980891103,0.0010909376994469803,0.0028875911885780352,0.005755434333879588,0.1034,0.004552771416501768,cruise,under
DS07,F3,lstm_autoencoder,2,quantile_regression_W,7,23,304.22168447014934,0.005594236340466163,0.00855240715338389,0.016491878211178465,0.839,0.016715462031107048,climb,over
DS07,F3,lstm_autoencoder,2,quantile_regression_W,8,36,33.76216757854793,0.001366110101470446,0.0033317642674922255,0.006535171483674764,0.17035,0.006837296474171255,climb,under
DS07,F3,lstm_autoencoder,2,quantile_regression_W,9,18,195.07824651730596,0.0029460652451236405,0.005761076137932773,0.011131950096148436,0.6168,0.007051362029527967,climb,over
DS07,F3,lstm_autoencoder,2,quantile_regression_W,10,36,44.55561571864648,0.001761821658061017,0.0037743625225926114,0.007438948452756164,0.26515,0.015724259065744713,cruise,over
DS07,F3,pca,-1,phase_conditioned,7,23,75.91771802794706,0.001769447092212858,0.004269861778439022,0.008169929157518758,0.3633,0.0031747483989021047,climb,under
DS07,F3,pca,-1,phase_conditioned,8,36,47.519802529708315,0.0017563100159348416,0.003919333285212392,0.007692369067063055,0.29535,0.013456717816563194,climb,over
DS07,F3,pca,-1,phase_conditioned,9,18,67.02687266869333,0.001633112557378545,0.003382302829299581,0.006535990304677964,0.17875,0.0073660497677964926,climb,under
DS07,F3,pca,-1,phase_conditioned,10,36,89.87756912069405,0.002076093367457872,0.005377306409570988,0.010558684818537611,0.5579,0.0028024539284592902,descent,under
DS07,F3,pca,-1,pooled,7,23,64.17935974690955,0.0016269106378589764,0.0039029740398212687,0.007497487769400062,0.2892,0.006047575480329369,climb,under
DS07,F3,pca,-1,pooled,8,36,50.14301649958681,0.0016485525755343066,0.004055138553976819,0.007934520123174605,0.32075,0.005471477613030458,cruise,under
DS07,F3,pca,-1,pooled,9,18,111.5983339456908,0.002137244685467694,0.004368874501462044,0.008351901517194267,0.38105,0.008807790947528938,climb,under
DS07,F3,pca,-1,pooled,10,36,82.76077747572093,0.002118161898765016,0.005181521772173284,0.010168527875170856,0.5288,0.0044115531455762745,climb,under
DS07,F3,pca,-1,quantile_regression_W,7,23,40.0686152015179,0.0010330165009713856,0.003075782080812455,0.005892121978967215,0.1247,0.00687099725526075,climb,under
DS07,F3,pca,-1,quantile_regression_W,8,36,26.04525630918719,0.0010899315726700628,0.0028842325893292005,0.005685876802933732,0.0985,0.003733161532154153,climb,under
DS07,F3,pca,-1,quantile_regression_W,9,18,159.19687832836956,0.002733430497855057,0.005238478260646645,0.010115508246059158,0.5408,0.011470321743919555,cruise,over
DS07,F3,pca,-1,quantile_regression_W,10,36,48.00648120211775,0.0020041036881619768,0.003927688284417216,0.007790171836870877,0.2989,0.010121395379860816,cruise,over
DS08a,F4,isolation_forest,0,phase_conditioned,10,29,56.514028762728074,0.002099456275725008,0.004762049936795333,0.009551045123280743,0.4576,0.005367597677082921,climb,over
DS08a,F4,isolation_forest,0,phase_conditioned,11,20,537.1025683502346,0.006531230585627343,0.011744047642483145,0.022704611599414226,0.93035,0.011652023673859502,descent,over
DS08a,F4,isolation_forest,0,phase_conditioned,12,17,274.4322811183137,0.003878375112737471,0.007408630983297984,0.01419901373398216,0.77175,0.007189068079445469,cruise,over
DS08a,F4,isolation_forest,0,phase_conditioned,13,14,61.42208698485354,0.0019134311199079834,0.0036478773886200835,0.007037735374919815,0.23485,0.005709304042618444,descent,over
DS08a,F4,isolation_forest,0,phase_conditioned,14,15,2657.1219776403364,0.022352726320259874,0.024218711436995177,0.04579124193428015,0.99165,0.09224381512497604,cruise,over
DS08a,F4,isolation_forest,0,phase_conditioned,15,27,50.30224151217964,0.002197556497471571,0.004773346569495358,0.00944355556645837,0.4605,0.0028633271490414343,climb,over
DS08a,F4,isolation_forest,0,pooled,10,29,81.05251783576774,0.002385573790008644,0.005665399195427477,0.01142854613857704,0.5956,0.007718063552996375,cruise,under
DS08a,F4,isolation_forest,0,pooled,11,20,481.1886206397038,0.0064023228976300755,0.011167083676725562,0.02124902042970867,0.92045,0.02022950900023282,descent,over
DS08a,F4,isolation_forest,0,pooled,12,17,134.63768908012867,0.0024261386035277256,0.00515456566140037,0.009919498643641299,0.5251,0.010882324255789508,descent,over
DS08a,F4,isolation_forest,0,pooled,13,14,75.12490271020347,0.002054380233566325,0.00402015859743135,0.007810817055226655,0.31115,0.012967615888774037,descent,over
DS08a,F4,isolation_forest,0,pooled,14,15,2089.6502334156285,0.017974028670449192,0.021464920948501637,0.0406583360635807,0.98715,0.06575273285175479,cruise,over
DS08a,F4,isolation_forest,0,pooled,15,27,77.26959144048786,0.003206085356817563,0.005901086555206639,0.01173405001154009,0.62985,0.0187308282953949,descent,over
DS08a,F4,isolation_forest,0,quantile_regression_W,10,29,53.403897460770146,0.0017839431417218403,0.004612776541229066,0.009238495747426204,0.4312,0.008617311262987398,climb,under
DS08a,F4,isolation_forest,0,quantile_regression_W,11,20,111.71037002666661,0.002080604808276897,0.005362469755202897,0.010263738654639696,0.5606,0.007106459004932614,climb,under
DS08a,F4,isolation_forest,0,quantile_regression_W,12,17,332.9290546559916,0.0041212141486694194,0.008111375151341858,0.015514335210553287,0.8208,0.008764440917683853,cruise,over
DS08a,F4,isolation_forest,0,quantile_regression_W,13,14,1198.6609442262888,0.012788901229901601,0.01614008953432864,0.031049735523900987,0.9701,0.036286707596715734,climb,over
DS08a,F4,isolation_forest,0,quantile_regression_W,14,15,4808.789912732518,0.040806593952693565,0.032502940478280506,0.06117497403463885,0.9961,0.11516780668669692,cruise,over
DS08a,F4,isolation_forest,0,quantile_regression_W,15,27,70.99566274560642,0.0026714699128271868,0.005700988220143213,0.01128262215126046,0.6069,0.011518962735454776,descent,over
DS08a,F4,isolation_forest,1,phase_conditioned,10,29,68.54702478920919,0.0023105526329666465,0.005187120644768451,0.010468410436343865,0.5294,0.007026824161498043,climb,over
DS08a,F4,isolation_forest,1,phase_conditioned,11,20,580.4981214385921,0.0070562937765039505,0.012253857714693017,0.0235204634588825,0.93845,0.013563577546594126,descent,over
DS08a,F4,isolation_forest,1,phase_conditioned,12,17,366.62892175154684,0.004763899071513935,0.008543078906767532,0.016377170722689353,0.8432,0.012311947160828061,cruise,over
DS08a,F4,isolation_forest,1,phase_conditioned,13,14,64.67278145849211,0.0019890764570337483,0.003769209483792204,0.007247854764727338,0.26125,0.0060273521360337135,descent,over
DS08a,F4,isolation_forest,1,phase_conditioned,14,15,2717.032406252323,0.022917587074185168,0.0244290616079074,0.04614369681968507,0.99035,0.09390590040273605,cruise,over
DS08a,F4,isolation_forest,1,phase_conditioned,15,27,49.86577320875062,0.0021257843688308243,0.004804723448867881,0.009316545311514199,0.46515,0.0036130382116506994,cruise,under
DS08a,F4,isolation_forest,1,pooled,10,29,93.99318186114103,0.002695085167147742,0.006112208122193609,0.012244289098310443,0.65175,0.008059287694604393,cruise,under
DS08a,F4,isolation_forest,1,pooled,11,20,498.2939730804026,0.006850923232419024,0.011306519883071721,0.021739841562779805,0.92325,0.024113884498033304,descent,over
DS08a,F4,isolation_forest,1,pooled,12,17,158.91918449875686,0.002781716403457237,0.00567800511742409,0.010824463508985057,0.60165,0.012009341236901136,descent,over
DS08a,F4,isolation_forest,1,pooled,13,14,91.65373575389361,0.0023253218003146977,0.004458298461814537,0.008578508604786287,0.40655,0.013047127912127856,descent,over
DS08a,F4,isolation_forest,1,pooled,14,15,2432.4418985846346,0.02034144253466666,0.023175030793676617,0.04355609556949924,0.9902,0.07499648405037397,cruise,over
DS08a,F4,isolation_forest,1,pooled,15,27,71.47901071718115,0.0030439345403483436,0.005734958434248162,0.011188252735235533,0.60475,0.017389537935190408,descent,over
DS08a,F4,isolation_forest,1,quantile_regression_W,10,29,62.87034500596126,0.0019238752184424994,0.004951298172709104,0.010015788902583138,0.4924,0.008419784300557027,climb,under
DS08a,F4,isolation_forest,1,quantile_regression_W,11,20,152.943079356596,0.002468517218091446,0.006282969680049182,0.012062068831281704,0.66945,0.006970520837379112,climb,under
DS08a,F4,isolation_forest,1,quantile_regression_W,12,17,298.72455170267955,0.003797520505330864,0.007727001857340405,0.014612038363347636,0.79275,0.007305762363759424,cruise,over
DS08a,F4,isolation_forest,1,quantile_regression_W,13,14,611.6651778119826,0.008254751794603244,0.011579317368216385,0.02230272066799869,0.92365,0.032162881869960795,climb,over
DS08a,F4,isolation_forest,1,quantile_regression_W,14,15,4373.721804776465,0.0373591283302482,0.03077267901785763,0.058590750437232324,0.9954,0.11193313303074859,cruise,over
DS08a,F4,isolation_forest,1,quantile_regression_W,15,27,48.80526013102333,0.0020921603416839854,0.00472094952605201,0.009351087416821014,0.45205,0.009322356783235815,descent,over
DS08a,F4,isolation_forest,2,phase_conditioned,10,29,58.89446741647296,0.002075456833382413,0.00484956837700507,0.009851024656274627,0.47485,0.003747876585153874,climb,over
DS08a,F4,isolation_forest,2,phase_conditioned,11,20,612.1771298720158,0.007335027255188362,0.01254503527707939,0.024056687025813515,0.94535,0.01578147018098494,descent,over
DS08a,F4,isolation_forest,2,phase_conditioned,12,17,317.6617607742123,0.004216551810593721,0.007981595144707282,0.015277786383273225,0.8114,0.009429598338273391,cruise,over
DS08a,F4,isolation_forest,2,phase_conditioned,13,14,63.02806223157051,0.0019084864322255403,0.00369931876423261,0.007139344413111964,0.24665,0.005368538228244943,descent,over
DS08a,F4,isolation_forest,2,phase_conditioned,14,15,2671.615136082911,0.02254001300604848,0.02397565683932857,0.04601687081963081,0.9917,0.09384197404589913,cruise,over
DS08a,F4,isolation_forest,2,phase_conditioned,15,27,57.74510639164951,0.0025514183248523336,0.005161050795328582,0.010018236662637972,0.5286,0.007592286608479286,descent,over
DS08a,F4,isolation_forest,2,pooled,10,29,77.6241278361618,0.002358326297802141,0.005499175964667472,0.011218301876590701,0.57465,0.007910002132650886,cruise,under
DS08a,F4,isolation_forest,2,pooled,11,20,532.5374236050175,0.007270297420028324,0.011808123435060158,0.02256155803284109,0.931,0.026466566187552838,descent,over
DS08a,F4,isolation_forest,2,pooled,12,17,165.23007290631526,0.0027578650296315125,0.005726176221901922,0.011026194755739219,0.6118,0.010958181167979713,descent,over
DS08a,F4,isolation_forest,2,pooled,13,14,53.68813526679235,0.0016864738181067939,0.003403849218193925,0.00656391536418907,0.1875,0.010593614048638641,descent,over
DS08a,F4,isolation_forest,2,pooled,14,15,2343.9729451185767,0.019526233612978183,0.02271163186918317,0.04319039165028905,0.98945,0.07099469411238254,cruise,over
DS08a,F4,isolation_forest,2,pooled,15,27,76.16629520501965,0.0032840338754624226,0.005893477629094588,0.011618784581127143,0.62975,0.020596971405244642,descent,over
DS08a,F4,isolation_forest,2,quantile_regression_W,10,29,55.57769623839944,0.0019186279343401523,0.0046683228338249925,0.009422019709478991,0.4454,0.007669181843321614,climb,under
DS08a,F4,isolation_forest,2,quantile_regression_W,11,20,129.74504348565702,0.002330450565213041,0.0057896577505310975,0.011139298698950598,0.61825,0.006970520837379112,climb,under
DS08a,F4,isolation_forest,2,quantile_regression_W,12,17,294.25471083310094,0.0036193234202403623,0.007647150601464632,0.014533332330034928,0.7903,0.006213825742881527,climb,under
DS08a,F4,isolation_forest,2,quantile_regression_W,13,14,810.7650800749132,0.009588475112006493,0.013244420677205663,0.025625075870853838,0.9476,0.031774539536948,climb,over
DS08a,F4,isolation_forest,2,quantile_regression_W,14,15,4229.92143168135,0.035944664861370546,0.03035042198420551,0.05766671616105243,0.99495,0.09925014383430289,cruise,over
DS08a,F4,isolation_forest,2,quantile_regression_W,15,27,69.27753133335418,0.002789787379427598,0.0056153132480546,0.011030302655410296,0.59505,0.014862469140602219,descent,over
DS08a,F4,lstm_autoencoder,0,phase_conditioned,10,29,14.927942467192603,0.0008800644390978813,0.0024124127430849903,0.004937199766503068,0.04565,0.005670718703348262,cruise,under
DS08a,F4,lstm_autoencoder,0,phase_conditioned,11,20,634.6228422785921,0.007277016778463647,0.012817571840410009,0.024493685049223033,0.94505,0.014960482299746352,descent,over
DS08a,F4,lstm_autoencoder,0,phase_conditioned,12,17,392.68310536310156,0.004746614907986692,0.008874974233242492,0.016900450217541066,0.8529,0.008461035778467572,cruise,over
DS08a,F4,lstm_autoencoder,0,phase_conditioned,13,14,137.63909306969603,0.0026106763077371315,0.005503301499230824,0.010548280612708096,0.5798,0.006800798875656483,climb,under
DS08a,F4,lstm_autoencoder,0,phase_conditioned,14,15,2778.545005000247,0.019646604211435707,0.024721263730828495,0.04679281492237974,0.99105,0.04998849325576935,cruise,over
DS08a,F4,lstm_autoencoder,0,phase_conditioned,15,27,24.454164342107727,0.001385577685913702,0.0033405539772958185,0.006623078628804994,0.17845,0.0057081014223871376,climb,over
DS08a,F4,lstm_autoencoder,0,pooled,10,29,16.94568595544387,0.0009421609786795137,0.002561092869589947,0.005175106136240134,0.05995,0.006139901898059288,cruise,under
DS08a,F4,lstm_autoencoder,0,pooled,11,20,610.1702609361313,0.0071354447008714844,0.01253071323625961,0.024029413734327536,0.9432,0.01612456959403987,descent,over
DS08a,F4,lstm_autoencoder,0,pooled,12,17,405.62039271481615,0.004902062608862018,0.008952980344992093,0.017080916936451848,0.85995,0.010535549800062853,descent,over
DS08a,F4,lstm_autoencoder,0,pooled,13,14,136.97679813619754,0.0026129685041188437,0.005461755655924,0.01046513302102508,0.5742,0.007263111176862194,climb,under
DS08a,F4,lstm_autoencoder,0,pooled,14,15,2774.8664201143565,0.01958629648962893,0.024645233275818766,0.04701654612465809,0.99135,0.04900402736048073,cruise,over
DS08a,F4,lstm_autoencoder,0,pooled,15,27,26.600069211087867,0.0014537113394872344,0.0035019567576164857,0.006910070646381669,0.20825,0.004438938442902764,cruise,under
DS08a,F4,lstm_autoencoder,0,quantile_regression_W,10,29,10.62093515025426,0.0007299094160340488,0.0020482875054697487,0.004116411827511496,0.0158,0.004547240871131488,descent,under
DS08a,F4,lstm_autoencoder,0,quantile_regression_W,11,20,42.11032138327764,0.0012189532557675307,0.00326260521858055,0.006303688572851731,0.157,0.007453415058220201,cruise,under
DS08a,F4,lstm_autoencoder,0,quantile_regression_W,12,17,148.4722305484029,0.0021920215550345714,0.005388702453621914,0.01035966523323673,0.56305,0.004910388703545659,climb,under
DS08a,F4,lstm_autoencoder,0,quantile_regression_W,13,14,529.1865628745326,0.007371683344377132,0.010775074496022781,0.020969489796557626,0.91245,0.03426955238563699,cruise,over
DS08a,F4,lstm_autoencoder,0,quantile_regression_W,14,15,2714.8774175337157,0.026283030991743946,0.024463486452142198,0.046913657690386634,0.991,0.11800613693025634,cruise,over
DS08a,F4,lstm_autoencoder,0,quantile_regression_W,15,27,10.89568935270238,0.0009285533161589596,0.002231609977500432,0.00437455665003158,0.02185,0.006784168212739642,climb,under
DS08a,F4,lstm_autoencoder,1,phase_conditioned,10,29,22.573679885096297,0.001133099007494798,0.0029726218391837875,0.005982855279053723,0.11905,0.005585412667946257,cruise,under
DS08a,F4,lstm_autoencoder,1,phase_conditioned,11,20,750.8459784486148,0.008136999832198157,0.013946073679976793,0.02680771813695589,0.95475,0.01542611721746376,descent,over
DS08a,F4,lstm_autoencoder,1,phase_conditioned,12,17,381.2813051489768,0.004528434950622458,0.008742478443357668,0.016752266677003393,0.84995,0.008402688636310595,cruise,over
DS08a,F4,lstm_autoencoder,1,phase_conditioned,13,14,100.2416455235947,0.002206652861569397,0.004650190828231501,0.009044672257347364,0.44045,0.004526222353724388,climb,under
DS08a,F4,lstm_autoencoder,1,phase_conditioned,14,15,2769.2179426385196,0.01940977917216379,0.024598735849742138,0.04660512583850416,0.99205,0.049055168445950266,cruise,over
DS08a,F4,lstm_autoencoder,1,phase_conditioned,15,27,25.64584886008434,0.0013160499941947677,0.0034028428075738824,0.006716798951187347,0.1938,0.006503689021032926,cruise,under
DS08a,F4,lstm_autoencoder,1,pooled,10,29,27.215134898663475,0.001301595826486539,0.0032636002488558775,0.006570222838820962,0.16925,0.00582000426530177,cruise,under
DS08a,F4,lstm_autoencoder,1,pooled,11,20,702.8448208669922,0.007806650566755932,0.013500929519987121,0.025975249238407848,0.9524,0.017006825227609698,descent,over
DS08a,F4,lstm_autoencoder,1,pooled,12,17,382.70862815771574,0.0046206351479101135,0.008747361390091617,0.016688405585861196,0.8447,0.00932183920501956,descent,over
DS08a,F4,lstm_autoencoder,1,pooled,13,14,102.67022617501415,0.002215462700457067,0.004748748398013076,0.009126473915095766,0.45665,0.005802204305052149,climb,under
DS08a,F4,lstm_autoencoder,1,pooled,14,15,2772.406545375894,0.019359010563590205,0.024408176310929015,0.0466051276299472,0.9921,0.04746979479639455,cruise,over
DS08a,F4,lstm_autoencoder,1,pooled,15,27,27.205319314902145,0.00139885631976599,0.003520499974783763,0.006841826176685251,0.2151,0.006971699152075763,cruise,under
DS08a,F4,lstm_autoencoder,1,quantile_regression_W,10,29,35.46603092535964,0.0015542588787810759,0.003746309901309491,0.007587377709591135,0.26355,0.006167976928850788,climb,under
DS08a,F4,lstm_autoencoder,1,quantile_regression_W,11,20,74.42310390563976,0.001562342055198328,0.004377073194479927,0.008425769809456175,0.3842,0.008310482774692197,climb,under
DS08a,F4,lstm_autoencoder,1,quantile_regression_W,12,17,344.94633750379336,0.0034541701652902332,0.00832863684480652,0.01578790211523697,0.8297,0.007610365427884243,climb,under
DS08a,F4,lstm_autoencoder,1,quantile_regression_W,13,14,673.4928987371372,0.009145131214453052,0.012103806739025913,0.023526366982238832,0.93805,0.047598406776000864,cruise,over
DS08a,F4,lstm_autoencoder,1,quantile_regression_W,14,15,2856.1147844373163,0.026698752515458737,0.025224284970455417,0.047381332888200574,0.99245,0.11402991753499969,cruise,over
DS08a,F4,lstm_autoencoder,1,quantile_regression_W,15,27,12.816231426594904,0.0010321438022443672,0.00243043077197036,0.004761377478012636,0.0365,0.007691197691197691,climb,under
DS08a,F4,lstm_autoencoder,2,phase_conditioned,10,29,22.075031149445593,0.0011623063863355318,0.0029440122008533133,0.005966104192991693,0.11545,0.005644135424485443,climb,over
DS08a,F4,lstm_autoencoder,2,phase_conditioned,11,20,849.4250263999982,0.009055498262535839,0.014755705612816068,0.028410320585677776,0.96455,0.018440490632160668,descent,over
DS08a,F4,lstm_autoencoder,2,phase_conditioned,12,17,340.66180532745636,0.004336080759478825,0.00824760925931645,0.015722840348383255,0.82775,0.008787779774546643,cruise,over
DS08a,F4,lstm_autoencoder,2,phase_conditioned,13,14,92.24977704541388,0.0020629140670604088,0.004478565494424517,0.008621726654055799,0.40365,0.006671351431318884,climb,under
DS08a,F4,lstm_autoencoder,2,phase_conditioned,14,15,2458.403477100547,0.018538880050183216,0.02337406585730126,0.04432390801881092,0.99055,0.05350444288180017,cruise,over
DS08a,F4,lstm_autoencoder,2,phase_conditioned,15,27,28.231913667858503,0.0014617886493563973,0.0035810872589180443,0.007069653467984796,0.2248,0.00578790882061447,cruise,under
DS08a,F4,lstm_autoencoder,2,pooled,10,29,30.428492327742273,0.001465117125597051,0.003465793111688047,0.006971125639255543,0.20415,0.006075922371507785,cruise,under
DS08a,F4,lstm_autoencoder,2,pooled,11,20,812.5492701515323,0.00887263478886441,0.014458243445090748,0.02770998911016245,0.9631,0.020094719945104096,descent,over
DS08a,F4,lstm_autoencoder,2,pooled,12,17,252.90362764144157,0.003659011990211803,0.007188559556461823,0.013661853976943052,0.75575,0.009397696117209765,descent,over
DS08a,F4,lstm_autoencoder,2,pooled,13,14,69.52672375588966,0.0017675773381070532,0.0038822578652262666,0.0075626604827950675,0.2892,0.006837783859752941,climb,under
DS08a,F4,lstm_autoencoder,2,pooled,14,15,2570.7309333382195,0.018841363972835284,0.023591337072156507,0.04490842918810391,0.98985,0.05001406379850412,cruise,over
DS08a,F4,lstm_autoencoder,2,pooled,15,27,28.934779321490314,0.001528065749081006,0.0036459951740526408,0.007135561621227003,0.2342,0.006861579121242155,cruise,under
DS08a,F4,lstm_autoencoder,2,quantile_regression_W,10,29,20.432162796412996,0.0011618580908634999,0.002837191331340802,0.005713289622817387,0.0979,0.005891439181448268,climb,under
DS08a,F4,lstm_autoencoder,2,quantile_regression_W,11,20,82.73574758547552,0.0017105787646473853,0.004620968678475048,0.008901465115336188,0.43095,0.008388161727579913,climb,under
DS08a,F4,lstm_autoencoder,2,quantile_regression_W,12,17,275.00014515408145,0.0030390526620431473,0.007338155416065611,0.014157496683562375,0.7751,0.006896578477771744,climb,under
DS08a,F4,lstm_autoencoder,2,quantile_regression_W,13,14,458.05069990778185,0.006852079879252483,0.010062297905394237,0.019247201207727077,0.89345,0.0336097081088863,cruise,over
DS08a,F4,lstm_autoencoder,2,quantile_regression_W,14,15,2747.71957209311,0.026431915153117276,0.024596889008994587,0.04623282805163017,0.9917,0.11658697180847664,cruise,over
DS08a,F4,lstm_autoencoder,2,quantile_regression_W,15,27,11.360495437898551,0.0009406195786526669,0.002282020497031597,0.00448091123482613,0.02495,0.006784168212739642,climb,under
DS08a,F4,pca,-1,phase_conditioned,10,29,143.75764819564517,0.004253353112243785,0.007525690082346194,0.015171567538341682,0.7784,0.008330502113538496,climb,over
DS08a,F4,pca,-1,phase_conditioned,11,20,408.146111737913,0.005377232745912183,0.010288152716724577,0.019555349566158085,0.90295,0.01252202575696308,descent,over
DS08a,F4,pca,-1,phase_conditioned,12,17,107.23010666478481,0.0021285540081122344,0.00461061361092923,0.00887940601829225,0.43235,0.008075618504751894,descent,over
DS08a,F4,pca,-1,phase_conditioned,13,14,49.32744125717587,0.0014114104601021527,0.0032580873341374423,0.0063286277268494355,0.15905,0.0036755677195058805,climb,under
DS08a,F4,pca,-1,phase_conditioned,14,15,2187.226236129933,0.01713598661284988,0.021995652548916098,0.04145455987888922,0.9894,0.05386243048008694,cruise,over
DS08a,F4,pca,-1,phase_conditioned,15,27,35.17815443928775,0.0014791611688262758,0.004004171204867609,0.00788823339183986,0.31585,0.004604118489153177,cruise,under
DS08a,F4,pca,-1,pooled,10,29,147.74084509660483,0.004295071537412027,0.007612126956083555,0.015350256277190371,0.7859,0.014807597838545931,descent,over
DS08a,F4,pca,-1,pooled,11,20,412.8041074665981,0.005563753918825989,0.01032518099518903,0.01984056074224687,0.9036,0.015965273437978655,descent,over
DS08a,F4,pca,-1,pooled,12,17,127.52225089455777,0.0024372213704771037,0.004992526229827944,0.009697541952462037,0.49905,0.01333141884935901,descent,over
DS08a,F4,pca,-1,pooled,13,14,51.51032856037758,0.0014702948972198037,0.003371780402909902,0.006494797707528025,0.1755,0.003698785737814783,descent,over
DS08a,F4,pca,-1,pooled,14,15,2445.686264027514,0.01723130834600274,0.023156485899642896,0.043831691520568296,0.99,0.04190820175158218,cruise,over
DS08a,F4,pca,-1,pooled,15,27,37.52566605143382,0.001556389924733752,0.0041660782638662215,0.008143625544711767,0.3448,0.006889109128950556,cruise,under
DS08a,F4,pca,-1,quantile_regression_W,10,29,154.32018065179048,0.003928905580089146,0.007836902357330033,0.01587331244900586,0.79525,0.008044866546585884,descent,over
DS08a,F4,pca,-1,quantile_regression_W,11,20,210.14963700469582,0.0033891796365080494,0.0073753816434673665,0.014201920810404254,0.7738,0.010235367227249775,climb,over
DS08a,F4,pca,-1,quantile_regression_W,12,17,65.89597568141565,0.0015093583374390033,0.003637312953432359,0.006962854785102739,0.23155,0.006477616572270929,climb,under
DS08a,F4,pca,-1,quantile_regression_W,13,14,71.0315675628581,0.001515563087616695,0.003961487265824423,0.0076116345307436885,0.30215,0.004769234460667283,cruise,under
DS08a,F4,pca,-1,quantile_regression_W,14,15,3231.8122426990435,0.027382335652998746,0.026661890807830664,0.05049666959029323,0.99315,0.0969743655309084,cruise,over
DS08a,F4,pca,-1,quantile_regression_W,15,27,16.718548786150947,0.0009114039879270212,0.0027407260475644634,0.005434256986611432,0.07805,0.009835085549371264,climb,under
DS08c,F5,isolation_forest,0,phase_conditioned,7,22,50.66843363552293,0.0015666383116152303,0.0036784870889791715,0.007073502514312776,0.2415,0.008639624041553303,cruise,under
DS08c,F5,isolation_forest,0,phase_conditioned,8,22,40.14712601616435,0.0009109740569471172,0.003133933458078293,0.006081977919449761,0.1313,0.009606544921716007,cruise,under
DS08c,F5,isolation_forest,0,phase_conditioned,9,21,37.6239726204359,0.0009889181681131394,0.003070860522699584,0.005879689897225147,0.11975,0.008838080386491157,cruise,under
DS08c,F5,isolation_forest,0,phase_conditioned,10,21,37.84974854633558,0.0009373840239564222,0.0031713932962596962,0.006144758892020108,0.14025,0.006496220542463318,cruise,under
DS08c,F5,isolation_forest,0,pooled,7,22,59.267037084007534,0.0017501563520614634,0.003961830732299726,0.0076240273093071695,0.30335,0.008074272993887141,cruise,under
DS08c,F5,isolation_forest,0,pooled,8,22,45.936555236669015,0.0008460305203408386,0.003352051542309561,0.006446250024146127,0.17285,0.009552275255745802,cruise,under
DS08c,F5,isolation_forest,0,pooled,9,21,42.17284555464524,0.0010256569981089757,0.003275921436736208,0.006232476008736993,0.15705,0.008562888899081167,cruise,under
DS08c,F5,isolation_forest,0,pooled,10,21,45.51650602889905,0.001036807390943979,0.0034321346315183835,0.006662866887447287,0.19715,0.0072006538618716795,climb,under
DS08c,F5,isolation_forest,0,quantile_regression_W,7,22,83.4097192305289,0.0026014014868777787,0.004716741490816755,0.009071345378538763,0.45,0.009802381692596748,descent,over
DS08c,F5,isolation_forest,0,quantile_regression_W,8,22,1070.821517861557,0.011887973844910856,0.01608269639115909,0.0309445794160066,0.97265,0.05009008764551054,cruise,over
DS08c,F5,isolation_forest,0,quantile_regression_W,9,21,460.1686222980305,0.004963283582335324,0.010763048193488898,0.02057622932794269,0.91145,0.009388282652880005,climb,under
DS08c,F5,isolation_forest,0,quantile_regression_W,10,21,32.82251942094038,0.0009714326276420004,0.002919213547454591,0.0056882922628418275,0.0975,0.007302819779321618,climb,under
DS08c,F5,isolation_forest,1,phase_conditioned,7,22,45.449674730520144,0.0014221674037662988,0.0034903803080764714,0.006680498283168229,0.20225,0.008745627362990708,cruise,under
DS08c,F5,isolation_forest,1,phase_conditioned,8,22,39.73642863086822,0.0007987563218577578,0.0031500797841924437,0.006013322379681369,0.12995,0.009620112338208558,cruise,under
DS08c,F5,isolation_forest,1,phase_conditioned,9,21,34.59264924108375,0.0008720614093627172,0.002956601737465536,0.005643645417932337,0.0982,0.008853368802458378,cruise,under
DS08c,F5,isolation_forest,1,phase_conditioned,10,21,38.64667734852266,0.0009240688793594782,0.0031985896507243454,0.006184023016358679,0.14255,0.006460649177412183,cruise,under
DS08c,F5,isolation_forest,1,pooled,7,22,51.96561708291398,0.0015456764394683282,0.0037293507611048807,0.007114993013274987,0.24985,0.008127274654605844,cruise,under
DS08c,F5,isolation_forest,1,pooled,8,22,44.723002125936645,0.0008110252312829904,0.0033156528209479594,0.00633968333806629,0.16125,0.009511573006268146,cruise,under
DS08c,F5,isolation_forest,1,pooled,9,21,39.940681067363904,0.0009353271387444142,0.0032053740190662264,0.006120500845753912,0.1428,0.008578177315048388,cruise,under
DS08c,F5,isolation_forest,1,pooled,10,21,47.52597974106133,0.0010399463329098526,0.0035464095319648107,0.006843756039153234,0.21285,0.007404985696771557,climb,under
DS08c,F5,isolation_forest,1,quantile_regression_W,7,22,159.0836041049626,0.004021180209354693,0.006547597317641285,0.012400152262089025,0.708,0.020811632097805732,cruise,over
DS08c,F5,isolation_forest,1,quantile_regression_W,8,22,1243.4465663758715,0.01411492743582419,0.017485091873565516,0.03364659803733704,0.9758,0.0638610153854503,cruise,over
DS08c,F5,isolation_forest,1,quantile_regression_W,9,21,461.0259514692303,0.004664610374507259,0.010864123786370016,0.0207203955757429,0.9159,0.009506679558774198,climb,under
DS08c,F5,isolation_forest,1,quantile_regression_W,10,21,36.452659089485415,0.001098965056537875,0.003089358906373863,0.0060058290110269665,0.1261,0.006465059256232121,climb,under
DS08c,F5,isolation_forest,2,phase_conditioned,7,22,51.811719931338004,0.001539848674394994,0.003724353414225298,0.007142934574700714,0.24945,0.008745627362990708,cruise,under
DS08c,F5,isolation_forest,2,phase_conditioned,8,22,39.0907240410456,0.0008708276350410149,0.003091353021354295,0.00593344847882988,0.12395,0.009620112338208558,cruise,under
DS08c,F5,isolation_forest,2,phase_conditioned,9,21,41.62024888827638,0.0010379588469747786,0.003203097246514055,0.006146083859483441,0.14605,0.00888394563439282,cruise,under
DS08c,F5,isolation_forest,2,phase_conditioned,10,21,43.77515647692686,0.0010112035887189126,0.0033809414732919388,0.0065680159213243145,0.18195,0.0066918630502445535,cruise,under
DS08c,F5,isolation_forest,2,pooled,7,22,56.55264580771635,0.0016071706836068365,0.003908581952424049,0.007447609540473902,0.28615,0.00809194021412671,cruise,under
DS08c,F5,isolation_forest,2,pooled,8,22,44.43628533502481,0.0008544669900163993,0.003272522402641022,0.006335274027128546,0.16195,0.00944373592380539,cruise,under
DS08c,F5,isolation_forest,2,pooled,9,21,48.732100340286216,0.001097174588268003,0.0035071865195307724,0.0067251057136892695,0.2019,0.008517023651179501,cruise,under
DS08c,F5,isolation_forest,2,pooled,10,21,49.01038741966871,0.0010633666556113153,0.0036023086512619786,0.006909521155223846,0.2242,0.007118921127911728,climb,under
DS08c,F5,isolation_forest,2,quantile_regression_W,7,22,201.2154278053052,0.004160460442310177,0.007275833285662128,0.014019313291772709,0.7664,0.011076993745804035,cruise,over
DS08c,F5,isolation_forest,2,quantile_regression_W,8,22,707.0559715833276,0.00774476641257167,0.013164941943845751,0.025232945708155,0.9487,0.023877838981901066,cruise,over
DS08c,F5,isolation_forest,2,quantile_regression_W,9,21,38.05515728557299,0.0010124067359706325,0.0031184181782297725,0.005936601370277288,0.12435,0.00925015292933678,climb,under
DS08c,F5,isolation_forest,2,quantile_regression_W,10,21,42.51728113718793,0.0012081898529946592,0.0033352507451309406,0.006423892058579028,0.1731,0.006281160604822231,climb,under
DS08c,F5,lstm_autoencoder,0,phase_conditioned,7,22,35.92424093760724,0.0010954889361014292,0.0031186324548423804,0.005987528638064115,0.1276,0.008286279636761953,cruise,under
DS08c,F5,lstm_autoencoder,0,phase_conditioned,8,22,27.21248202942837,0.0006250669162859525,0.0025820544969012245,0.004938053198848307,0.0455,0.009647247171193661,cruise,under
DS08c,F5,lstm_autoencoder,0,phase_conditioned,9,21,20.557311690060732,0.0006969143858341462,0.0022813694141062373,0.004346120060898363,0.0175,0.008945099298261707,cruise,under
DS08c,F5,lstm_autoencoder,0,phase_conditioned,10,21,36.100326844530905,0.0009460810320670458,0.003106752563982722,0.005951394042444898,0.1258,0.0068697198755002225,cruise,under
DS08c,F5,lstm_autoencoder,0,pooled,7,22,38.701203620575065,0.001085457930346143,0.0031980577133012477,0.006071731051906043,0.14275,0.006678562594961308,cruise,under
DS08c,F5,lstm_autoencoder,0,pooled,8,22,28.56595687371252,0.0006042871583904714,0.002633043256052849,0.005070214927566544,0.0556,0.009389466257835183,cruise,under
DS08c,F5,lstm_autoencoder,0,pooled,9,21,24.306683507125875,0.0007372411734658316,0.002480879124119756,0.0047475424940197535,0.0352,0.008088948004097296,cruise,under
DS08c,F5,lstm_autoencoder,0,pooled,10,21,52.53050066714547,0.0011763566199673825,0.0036967968586917896,0.007093887657675618,0.2495,0.006853289742541888,climb,under
DS08c,F5,lstm_autoencoder,0,quantile_regression_W,7,22,1402.317115382632,0.01560685067710129,0.01939918137905452,0.037207019100055035,0.983,0.04314299848061906,cruise,over
DS08c,F5,lstm_autoencoder,0,quantile_regression_W,8,22,419.6368718592792,0.0042720835660212215,0.01007086202283256,0.019336994323315513,0.897,0.008598357719910325,descent,over
DS08c,F5,lstm_autoencoder,0,quantile_regression_W,9,21,560.7321020579047,0.007689487509667584,0.011965681076473961,0.022783839349538343,0.9362,0.025606720787659187,cruise,over
DS08c,F5,lstm_autoencoder,0,quantile_regression_W,10,21,69.67569424377989,0.0016312219771751403,0.004298280955406122,0.008183362081035294,0.36925,0.006975888843481815,climb,under
DS08c,F5,lstm_autoencoder,1,phase_conditioned,7,22,38.45455394247955,0.001210660963537607,0.003232085657257207,0.006079070886961872,0.1423,0.008374615737959789,cruise,under
DS08c,F5,lstm_autoencoder,1,phase_conditioned,8,22,27.57582414961862,0.0007011607160374908,0.0025855578731133937,0.004961575643494977,0.0477,0.009592977505223456,cruise,under
DS08c,F5,lstm_autoencoder,1,phase_conditioned,9,21,18.266890332801133,0.0007056103293582998,0.002150740452888318,0.004129905859354534,0.0124,0.008792215138589491,cruise,under
DS08c,F5,lstm_autoencoder,1,phase_conditioned,10,21,36.713234784532624,0.0010436473977648451,0.0031131764009351658,0.0059673594543425915,0.12865,0.006407292129835483,cruise,under
DS08c,F5,lstm_autoencoder,1,pooled,7,22,38.15694444563859,0.0011437251027311111,0.0031954569951258317,0.006118595653233072,0.1426,0.006572559273523904,cruise,under
DS08c,F5,lstm_autoencoder,1,pooled,8,22,29.02694325675363,0.0006533855763031802,0.002639010597263459,0.005076540782374493,0.05455,0.00926735950940222,cruise,under
DS08c,F5,lstm_autoencoder,1,pooled,9,21,19.023902582685782,0.0006764990231304751,0.0021920236366881445,0.004211581719248378,0.0135,0.008134813251998961,cruise,under
DS08c,F5,lstm_autoencoder,1,pooled,10,21,52.367917888294464,0.001224593652380877,0.003735143647809555,0.007207649194279967,0.25235,0.005463833265222722,climb,under
DS08c,F5,lstm_autoencoder,1,quantile_regression_W,7,22,1368.399387834977,0.015885956056898586,0.01919697857692996,0.036193589828642014,0.98395,0.04390268895092046,cruise,over
DS08c,F5,lstm_autoencoder,1,quantile_regression_W,8,22,857.9091832122815,0.009128274798394535,0.014443765210982874,0.027803202482263357,0.96225,0.036031598636297305,descent,over
DS08c,F5,lstm_autoencoder,1,quantile_regression_W,9,21,384.22106464200755,0.006291638779046764,0.009803725088805285,0.01860207957553202,0.8922,0.019476065984803316,cruise,over
DS08c,F5,lstm_autoencoder,1,quantile_regression_W,10,21,155.14312095154332,0.0029661622870342393,0.006437045128126487,0.012420751305603373,0.69165,0.006648957907642011,climb,under
DS08c,F5,lstm_autoencoder,2,phase_conditioned,7,22,35.35198237381471,0.0011028223887928899,0.0030664155028813336,0.005938464054584908,0.12015,0.008568955160595032,cruise,under
DS08c,F5,lstm_autoencoder,2,phase_conditioned,8,22,29.077112876057313,0.0006838060533268123,0.002679356566852168,0.005123710366939612,0.0593,0.009647247171193661,cruise,under
DS08c,F5,lstm_autoencoder,2,phase_conditioned,9,21,17.581921837262048,0.0006711100729966503,0.0021177727496634064,0.003995929394959566,0.00945,0.008899234050360041,cruise,under
DS08c,F5,lstm_autoencoder,2,phase_conditioned,10,21,34.999252324853224,0.0009736949236299654,0.003031198605517183,0.005889267007708153,0.1154,0.0068697198755002225,cruise,under
DS08c,F5,lstm_autoencoder,2,pooled,7,22,37.2817505576337,0.00106536618528062,0.003153033385131527,0.006060191160737689,0.1338,0.006819900356877849,cruise,under
DS08c,F5,lstm_autoencoder,2,pooled,8,22,31.12488978569754,0.0006411720088213347,0.0027509948352077056,0.0053178246283189295,0.06975,0.009294494342387324,cruise,under
DS08c,F5,lstm_autoencoder,2,pooled,9,21,18.646411951240914,0.0006390773710517806,0.0021562962702693237,0.004149907027950903,0.01315,0.008180678499900625,cruise,under
DS08c,F5,lstm_autoencoder,2,pooled,10,21,58.31963896141057,0.0012408318549130557,0.003939425225905229,0.00759713332423618,0.2944,0.0063628933387821825,climb,under
DS08c,F5,lstm_autoencoder,2,quantile_regression_W,7,22,1355.627641736767,0.016823502092355915,0.019111252059871915,0.03628848290771274,0.98265,0.0482311579096145,cruise,over
DS08c,F5,lstm_autoencoder,2,quantile_regression_W,8,22,947.4310264900311,0.009266090818947158,0.015146100535858062,0.029021625606535574,0.9657,0.029836567926455566,descent,over
DS08c,F5,lstm_autoencoder,2,quantile_regression_W,9,21,732.3176359788906,0.00981977731270137,0.0135693254831322,0.026087744316681295,0.9541,0.03285342995612225,cruise,over
DS08c,F5,lstm_autoencoder,2,quantile_regression_W,10,21,342.17424238054394,0.004973221824701844,0.009546529328186594,0.018350651710138284,0.87335,0.009955535793686082,cruise,over
DS08c,F5,pca,-1,phase_conditioned,7,22,82.12986453343507,0.0017324991349529067,0.004665007206350973,0.00893432764237138,0.4393,0.0070142397795130915,cruise,under
DS08c,F5,pca,-1,phase_conditioned,8,22,33.18225998304562,0.0007039083633011207,0.0028669671286781296,0.0054664400507599235,0.0825,0.009172387593954359,cruise,under
DS08c,F5,pca,-1,phase_conditioned,9,21,38.572213580608924,0.0011558294973087043,0.0031294296036691806,0.005974997300768356,0.127,0.008180678499900625,cruise,under
DS08c,F5,pca,-1,phase_conditioned,10,21,57.979284027644965,0.0012155082740708109,0.003920581442854287,0.007635400633275525,0.2925,0.007364119329791582,climb,under
DS08c,F5,pca,-1,pooled,7,22,133.71769271570858,0.0023783976097213424,0.0059581585519184205,0.011436085249375382,0.63955,0.0064842231723260665,cruise,under
DS08c,F5,pca,-1,pooled,8,22,42.43038441977856,0.000743640665015938,0.0032203088952938224,0.006216158500587011,0.14425,0.009063848262013948,cruise,under
DS08c,F5,pca,-1,pooled,9,21,23.58756681570789,0.0007866498164823359,0.002457840283987862,0.004697022482936667,0.03345,0.007920775428457857,cruise,under
DS08c,F5,pca,-1,pooled,10,21,61.67617452779732,0.0012635016274941614,0.004025784491823867,0.007727956221198735,0.30885,0.008998774008990601,climb,under
DS08c,F5,pca,-1,quantile_regression_W,7,22,93.94197338307268,0.0022332870053621136,0.00501811294413414,0.009583518118190004,0.50295,0.005481957685647752,climb,under
DS08c,F5,pca,-1,quantile_regression_W,8,22,80.78685060364728,0.0011273408255758255,0.004417973783157961,0.00857074816024275,0.39715,0.009563457417255339,climb,under
DS08c,F5,pca,-1,quantile_regression_W,9,21,17.05564372454956,0.0006260533644769814,0.002082208204343725,0.003938147997263788,0.00885,0.008195966915867848,cruise,under
DS08c,F5,pca,-1,quantile_regression_W,10,21,26.88889353262336,0.0006570584934802583,0.002670940922313754,0.005100697575254834,0.05625,0.009570903146710257,climb,under
