dataset,calibration_source_engine,detector,seed,nominal_fpr,scheme,unit,overall_fpr,climb_fpr,cruise_fpr,descent_fpr,spread,mpce,descent_minus_climb,descent_minus_cruise
ds03,4,pca,-1,0.005,pooled,10,0.01154702058851782,0.010011280315848844,0.009592250554207248,0.014674313896013827,0.005082063341806579,0.009674313896013826,0.0046630335801649825,0.005082063341806579
ds03,4,pca,-1,0.005,pooled,11,0.007909435811444564,0.0021739472896548464,0.005083780706035465,0.01436966672033489,0.012195719430680044,0.009369666720334891,0.012195719430680044,0.009285886014299426
ds03,4,pca,-1,0.005,pooled,12,0.003943643849716932,0.0011011661066719371,0.003344132093217682,0.005735819778879991,0.004634653672208054,0.003898833893328063,0.004634653672208054,0.0023916876856623095
ds03,4,pca,-1,0.005,pooled,13,0.009389167689819726,0.006312825481409713,0.0035339169837341313,0.015890195777939542,0.012356278794205412,0.010890195777939541,0.00957737029652983,0.012356278794205412
ds03,4,pca,-1,0.005,pooled,14,0.004699807621208038,0.0028501995139659777,0.0038144644491913335,0.0061638082852420815,0.0033136087712761038,0.0021498004860340224,0.0033136087712761038,0.002349343836050748
ds03,4,pca,-1,0.005,pooled,15,0.009118148711565943,0.00792223496945831,0.006598347969175125,0.011664049028545068,0.005065701059369944,0.006664049028545068,0.0037418140590867576,0.005065701059369944
ds03,4,pca,-1,0.005,pooled,all,0.008229839211109471,0.005630516850217229,0.005648461739405411,0.011945514460260615,0.006314997610043386,0.006945514460260615,0.006314997610043386,0.0062970527208552046
ds03,4,pca,-1,0.005,phase_conditioned,10,0.02044443021356985,0.011530989534373629,0.03531166934577279,0.011129580906879204,0.024182088438893586,0.03031166934577279,-0.00040140862749442514,-0.024182088438893586
ds03,4,pca,-1,0.005,phase_conditioned,11,0.014360258339171615,0.0033869468643173335,0.0238530990727184,0.011974722266945742,0.020466152208401065,0.0188530990727184,0.008587775402628409,-0.011878376805772658
ds03,4,pca,-1,0.005,phase_conditioned,12,0.008607822954194544,0.002174097184967671,0.020524610722123523,0.0038654437640278203,0.018350513537155853,0.015524610722123522,0.0016913465790601495,-0.016659166958095703
ds03,4,pca,-1,0.005,phase_conditioned,13,0.015186372793267454,0.00817488191837229,0.02349377562705478,0.013160415309758247,0.015318893708682491,0.01849377562705478,0.004985533391385957,-0.010333360317296534
ds03,4,pca,-1,0.005,phase_conditioned,14,0.0075698234752257475,0.005760403228225976,0.013236191638693927,0.0043620797095559345,0.008874111929137993,0.008236191638693928,-0.0013983235186700417,-0.008874111929137993
ds03,4,pca,-1,0.005,phase_conditioned,15,0.00947771170423639,0.010232240860748504,0.013001189331856173,0.006567892014190162,0.006433297317666011,0.008001189331856173,-0.003664348846558342,-0.006433297317666011
ds03,4,pca,-1,0.005,phase_conditioned,all,0.01334925491183529,0.007409380520677376,0.02311859249041022,0.008979355382346746,0.015709211969732843,0.01811859249041022,0.0015699748616693696,-0.014139237108063474
ds03,4,pca,-1,0.005,causal_regime,10,0.011150779674041817,0.012032336905433353,0.009371618285161955,0.012395556974427284,0.003023938689265329,0.007395556974427284,0.00036322006899393126,0.003023938689265329
ds03,4,pca,-1,0.005,causal_regime,11,0.008035772395073639,0.0036862584476756092,0.005226126565804457,0.013594831750120754,0.009908573302445144,0.008594831750120754,0.009908573302445144,0.008368705184316295
ds03,4,pca,-1,0.005,causal_regime,12,0.004181677817807514,0.0026258576389869273,0.0041174626397742714,0.004987669372939122,0.002361811733952195,0.002374142361013073,0.002361811733952195,0.000870206733164851
ds03,4,pca,-1,0.005,causal_regime,13,0.009258045161777386,0.009401114206128134,0.0035954834817085936,0.013572276924255776,0.009976793442547182,0.008572276924255776,0.0041711627181276415,0.009976793442547182
ds03,4,pca,-1,0.005,causal_regime,14,0.005783896579166693,0.006600462032342264,0.0053593225511138235,0.0057167628491695795,0.0012411394812284404,0.0016004620323422638,-0.0008836991831726844,0.00035744029805575596
ds03,4,pca,-1,0.005,causal_regime,15,0.007933434748536394,0.01063532913708102,0.006630932403590805,0.006897384924601039,0.004004396733490216,0.005635329137081021,-0.0037379442124799815,0.00026645252101023444
ds03,4,pca,-1,0.005,causal_regime,all,0.008117069945523176,0.008027849473229785,0.005918854634030092,0.009976225586084445,0.004057370952054353,0.004976225586084445,0.0019483761128546596,0.004057370952054353
ds03,4,pca,-1,0.01,pooled,10,0.016421984566616504,0.012345679012345678,0.012187306290120927,0.02372329065709662,0.011535984366975694,0.013723290657096621,0.011377611644750943,0.011535984366975694
ds03,4,pca,-1,0.01,pooled,11,0.011956034868897082,0.003812284377510673,0.008245892305189524,0.020829979069393014,0.017017694691882343,0.010829979069393014,0.017017694691882343,0.01258408676420349
ds03,4,pca,-1,0.01,pooled,12,0.008401955738548636,0.002992913007877573,0.009886090500574773,0.010072321205907618,0.007079408198030044,0.007007086992122427,0.007079408198030044,0.00018623070533284498
ds03,4,pca,-1,0.01,pooled,13,0.014022163680649097,0.010551653142787937,0.006833881275165306,0.021809509214206352,0.014975627939041045,0.011809509214206352,0.011257856071418415,0.014975627939041045
ds03,4,pca,-1,0.01,pooled,14,0.009499877805001848,0.007110497734841439,0.005797985962770827,0.013208160611233033,0.007410174648462206,0.004202014037229173,0.006097662876391594,0.007410174648462206
ds03,4,pca,-1,0.01,pooled,15,0.014152030608952197,0.01091439025146507,0.008211277472751266,0.020450526639501806,0.01223924916675054,0.010450526639501806,0.009536136388036735,0.01223924916675054
ds03,4,pca,-1,0.01,pooled,all,0.012858013453527863,0.008493232051388034,0.008723608049458985,0.018933010322308826,0.010439778270920791,0.008933010322308825,0.010439778270920791,0.010209402272849841
ds03,4,pca,-1,0.01,phase_conditioned,10,0.0281691268291121,0.013505044807921288,0.04955821014698312,0.016061383326544765,0.03605316533906183,0.03955821014698312,0.0025563385186234775,-0.03349682682043835
ds03,4,pca,-1,0.01,phase_conditioned,11,0.017556956743119443,0.004190362167015863,0.028336993655441678,0.015426259861535984,0.024146631488425815,0.018336993655441676,0.01123589769452012,-0.012910733793905694
ds03,4,pca,-1,0.01,phase_conditioned,12,0.011509264024704065,0.004715249738825988,0.02447486675723691,0.006248441353320956,0.019759617018410922,0.01447486675723691,0.0015331916144949685,-0.018226425403915954
ds03,4,pca,-1,0.01,phase_conditioned,13,0.019648512156647712,0.013730773888821607,0.028086636375949662,0.016828857131910655,0.014355862487128055,0.018086636375949663,0.0030980832430890486,-0.011257779244039007
ds03,4,pca,-1,0.01,phase_conditioned,14,0.0108158239389401,0.00828057964057484,0.017641898077509918,0.007112086482971633,0.010529811594538285,0.007641898077509918,-0.0011684931576032061,-0.010529811594538285
ds03,4,pca,-1,0.01,phase_conditioned,15,0.013515880698842945,0.012759294285448513,0.01490737874517343,0.01311381783435293,0.0021480844597249176,0.00490737874517343,0.0003545235489044174,-0.0017935609108205002
ds03,4,pca,-1,0.01,phase_conditioned,all,0.01777737956667251,0.010106762437502487,0.029321588810317094,0.013013858376719131,0.019214826372814606,0.019321588810317092,0.002907095939216644,-0.016307730433597963
ds03,4,pca,-1,0.01,causal_regime,10,0.016682142742787613,0.014601742182114432,0.014645780145197046,0.020277634055857065,0.005675891873742633,0.010277634055857065,0.005675891873742633,0.005631853910660019
ds03,4,pca,-1,0.01,causal_regime,11,0.011113790978036577,0.004568439956521054,0.007127460549861721,0.01924005796168089,0.014671618005159835,0.009240057961680889,0.014671618005159835,0.012112597411819168
ds03,4,pca,-1,0.01,causal_regime,12,0.007398353062274833,0.006352881384645791,0.005873131988713554,0.008922386322702208,0.003049254333988654,0.004126868011286446,0.0025695049380564166,0.003049254333988654
ds03,4,pca,-1,0.01,causal_regime,13,0.013302976481386562,0.015259779580961608,0.004876066639577408,0.01861997624612084,0.013743909606543432,0.008619976246120839,0.003360196665159231,0.013743909606543432
ds03,4,pca,-1,0.01,causal_regime,14,0.009061229093689099,0.00930065104557319,0.00703768690875801,0.010390419680836652,0.003352732772078642,0.00296231309124199,0.001089768635263463,0.003352732772078642
ds03,4,pca,-1,0.01,causal_regime,15,0.012994975337666529,0.014867756038572447,0.008097231952296387,0.014969961229667542,0.006872729277371155,0.004969961229667542,0.00010220519109509565,0.006872729277371155
ds03,4,pca,-1,0.01,causal_regime,all,0.012230058570502805,0.011401873164877088,0.008336350429191433,0.015934876162388277,0.007598525733196844,0.005934876162388277,0.0045330029975111895,0.007598525733196844
ds03,4,pca,-1,0.02,pooled,10,0.02924578143511255,0.016184119822021684,0.025845494373877138,0.041986371492420654,0.02580225167039897,0.021986371492420654,0.02580225167039897,0.016140877118543517
ds03,4,pca,-1,0.02,pooled,11,0.023483291029719723,0.005056790434631925,0.02000976085895559,0.038691434551602,0.03363464411697007,0.018691434551601997,0.03363464411697007,0.01868167369264641
ds03,4,pca,-1,0.02,pooled,12,0.020805455481214617,0.008442273484484852,0.018267321559201587,0.028554407160076477,0.020112133675591625,0.011557726515515149,0.020112133675591625,0.01028708560087489
ds03,4,pca,-1,0.02,pooled,13,0.02501261557656165,0.0165768438900327,0.017755778015834903,0.03599478947166775,0.01941794558163505,0.015994789471667752,0.01941794558163505,0.01823901145583285
ds03,4,pca,-1,0.02,pooled,14,0.021944968385960734,0.01023071615013051,0.010241837046078731,0.03554688558346203,0.02531616943333152,0.015546885583462029,0.02531616943333152,0.025305048537383298
ds03,4,pca,-1,0.02,pooled,15,0.025243165998248284,0.016681653282068772,0.010834324443213477,0.04102186734615427,0.03018754290294079,0.021021867346154268,0.024340214064085496,0.03018754290294079
ds03,4,pca,-1,0.02,pooled,all,0.02467638696541768,0.012752094987033584,0.018207982548200972,0.0373111589274429,0.024559063940409312,0.017311158927442897,0.024559063940409312,0.019103176379241926
ds03,4,pca,-1,0.02,phase_conditioned,10,0.04452707246005572,0.03399761859998747,0.06782866328363854,0.027510210372196964,0.04031845291144158,0.04782866328363854,-0.006487408227790505,-0.04031845291144158
ds03,4,pca,-1,0.02,phase_conditioned,11,0.025052927371777937,0.01246081381244191,0.03401049292337726,0.02423120270487844,0.02154967911093535,0.01401049292337726,0.01177038889243653,-0.00977929021849882
ds03,4,pca,-1,0.02,phase_conditioned,12,0.019209984559958825,0.020809215913261993,0.028278817013272024,0.012413754883759594,0.015865062129512428,0.008278817013272023,-0.008395461029502399,-0.015865062129512428
ds03,4,pca,-1,0.02,phase_conditioned,13,0.028187370119162565,0.02562976868111905,0.034538805363673306,0.024864947703153135,0.00967385766052017,0.014538805363673305,-0.000764820977965916,-0.00967385766052017
ds03,4,pca,-1,0.02,phase_conditioned,14,0.018824296125478597,0.01638114668026762,0.02191409826060421,0.017732802297542604,0.0055329515803365925,0.003618853319732381,0.0013516556172749848,-0.004181295963061608
ds03,4,pca,-1,0.02,phase_conditioned,15,0.02342230212510948,0.026619329633189668,0.017448964629596442,0.02518424145240475,0.009170365003593226,0.0066193296331896675,-0.0014350881807849193,0.007735276822808307
ds03,4,pca,-1,0.02,phase_conditioned,all,0.02767790317136526,0.023434462192258115,0.03707361561129417,0.02257252700953986,0.014501088601754312,0.017073615611294172,-0.0008619351827182549,-0.014501088601754312
ds03,4,pca,-1,0.02,causal_regime,10,0.041533252217348146,0.04349188443943097,0.04082747607190511,0.04089653122557492,0.002664408367525864,0.023491884439430972,-0.0025953532138560526,6.905515366981141e-05
ds03,4,pca,-1,0.02,causal_regime,11,0.02166098152040336,0.01449298193103231,0.013492353993818122,0.03432418290130414,0.020831828907486014,0.014324182901304137,0.01983120097027183,0.020831828907486014
ds03,4,pca,-1,0.02,causal_regime,12,0.025186567164179104,0.025863285992602424,0.019688577698819102,0.028498988611488266,0.008810410912669164,0.008498988611488265,0.002635702618885842,0.008810410912669164
ds03,4,pca,-1,0.02,causal_regime,13,0.023780858494951783,0.027794598522465786,0.01028160516173519,0.031742078847553735,0.021460473685818545,0.011742078847553735,0.003947480325087949,0.021460473685818545
ds03,4,pca,-1,0.02,causal_regime,14,0.021970034026607178,0.021301491104377308,0.01825221238938053,0.02491262293749492,0.006660410548114389,0.00491262293749492,0.003611131833117613,0.006660410548114389
ds03,4,pca,-1,0.02,causal_regime,15,0.02392937814041396,0.02697590772379151,0.011600058651981947,0.03008270272051313,0.018482644068531184,0.01008270272051313,0.0031067949967216214,0.018482644068531184
ds03,4,pca,-1,0.02,causal_regime,all,0.026749487710853424,0.027243251187184833,0.019841797241992476,0.03211614854494568,0.012274351302953207,0.012116148544945683,0.00487289735776085,0.012274351302953207
ds03,4,isolation_forest,0,0.005,pooled,10,0.011246838077551152,0.0027104092247916276,0.008583645895714481,0.020035447329891345,0.017325038105099718,0.015035447329891344,0.017325038105099718,0.011451801434176864
ds03,4,isolation_forest,0,0.005,pooled,11,0.009842768379101632,0.002394492666866208,0.008367903042134375,0.016060215746256642,0.013665723079390435,0.011060215746256642,0.013665723079390435,0.007692312704122267
ds03,4,isolation_forest,0,0.005,pooled,12,0.006948018528049408,0.007284637321060508,0.004221966767687324,0.008589875031172934,0.00436790826348561,0.003589875031172934,0.0013052377101124262,0.00436790826348561
ds03,4,isolation_forest,0,0.005,pooled,13,0.010640791821132978,0.00383008356545961,0.006144336497851329,0.018447569058656757,0.014617485493197148,0.013447569058656756,0.014617485493197148,0.012303232560805427
ds03,4,isolation_forest,0,0.005,pooled,14,0.005821495040136357,0.0022501575110257716,0.007190265486725664,0.006461838575957083,0.0049401079756998915,0.0027498424889742285,0.004211681064931312,-0.0007284269107685802
ds03,4,isolation_forest,0,0.005,pooled,15,0.006744111003549532,0.002713094167622709,0.006744977924045684,0.009599226789970236,0.0068861326223475265,0.004599226789970236,0.0068861326223475265,0.002854248865924552
ds03,4,isolation_forest,0,0.005,pooled,all,0.008906454804627248,0.0033250360518411698,0.007176869033597463,0.013754927924403382,0.010429891872562212,0.008754927924403383,0.010429891872562212,0.006578058890805919
ds03,4,isolation_forest,0,0.005,phase_conditioned,10,0.011318881880183151,0.004418123707463809,0.015223626564125193,0.012076310835654289,0.010805502856661384,0.010223626564125194,0.007658187128190479,-0.0031473157284709046
ds03,4,isolation_forest,0,0.005,phase_conditioned,11,0.010011217157273733,0.0029616093511239936,0.014092240117130308,0.010475366285622283,0.011130630766006315,0.009092240117130307,0.007513756934498289,-0.0036168738315080252
ds03,4,isolation_forest,0,0.005,phase_conditioned,12,0.006015182707153886,0.008752858796623091,0.009279966558679067,0.0025076893236166144,0.006772277235062452,0.004279966558679067,-0.006245169473006476,-0.006772277235062452
ds03,4,isolation_forest,0,0.005,phase_conditioned,13,0.01213082054888685,0.004708126438173671,0.017571078521911518,0.012595302861959312,0.012862952083737847,0.012571078521911517,0.007887176423785641,-0.004975775659952206
ds03,4,isolation_forest,0,0.005,phase_conditioned,14,0.006473201696943872,0.0029402058144070084,0.014208880073237718,0.0025738979652659244,0.011634982107971793,0.009208880073237717,-0.000366307849141084,-0.011634982107971793
ds03,4,isolation_forest,0,0.005,phase_conditioned,15,0.007283455492555202,0.003984372577594493,0.012887143811401294,0.005843007611286231,0.0089027712338068,0.007887143811401293,0.0018586350336917377,-0.007044136200115063
ds03,4,isolation_forest,0,0.005,phase_conditioned,all,0.009302692018639369,0.004427257947479127,0.014303325832603884,0.008193144542417768,0.009876067885124757,0.009303325832603883,0.0037658865949386413,-0.006110181290186116
ds03,4,isolation_forest,0,0.005,causal_regime,10,0.008044891293906696,0.003540765808109294,0.0047068217396329095,0.014707339358645516,0.011166573550536222,0.009707339358645515,0.011166573550536222,0.010000517619012605
ds03,4,isolation_forest,0,0.005,causal_regime,11,0.006757093033494508,0.002804076938830164,0.0037314950382300307,0.012276606021574626,0.009472529082744463,0.007276606021574626,0.009472529082744463,0.008545110983344595
ds03,4,isolation_forest,0,0.005,causal_regime,12,0.006356150283067422,0.008131688172346612,0.0036367436513742293,0.0072875391393499404,0.004494944520972383,0.0031316881723466123,-0.000844149032996672,0.003650795487975711
ds03,4,isolation_forest,0,0.005,causal_regime,13,0.0075057713779388335,0.004405353033789512,0.0030660115991282184,0.0129209608827248,0.009854949283596582,0.0079209608827248,0.008515607848935288,0.009854949283596582
ds03,4,isolation_forest,0,0.005,causal_regime,14,0.0053389814576923315,0.0027001890132309263,0.007743362831858407,0.004822671977024574,0.005043173818627481,0.002743362831858407,0.0021224829637936475,-0.002920690854833833
ds03,4,isolation_forest,0,0.005,causal_regime,15,0.005835983957958788,0.0035502775107748596,0.006142165887355611,0.007248844029039308,0.0036985665182644486,0.002248844029039308,0.0036985665182644486,0.0011066781416836976
ds03,4,isolation_forest,0,0.005,causal_regime,all,0.006773879857478186,0.003986369189223944,0.0046310511867498315,0.010245192452375937,0.006258823263151993,0.005245192452375937,0.006258823263151993,0.005614141265626106
ds03,4,isolation_forest,0,0.01,pooled,10,0.020276328007428516,0.005483486870965721,0.013773757367541842,0.03748390008696705,0.03200041321600133,0.02748390008696705,0.03200041321600133,0.02371014271942521
ds03,4,isolation_forest,0,0.01,pooled,11,0.015914581155941455,0.0030876352809590573,0.012912802993330079,0.027078972790210917,0.02399133750925186,0.017078972790210915,0.02399133750925186,0.014166169796880838
ds03,4,isolation_forest,0,0.01,pooled,12,0.01585820895522388,0.008978739023632719,0.007670602988818058,0.02466125412175455,0.016990651132936494,0.014661254121754551,0.01568251509812183,0.016990651132936494
ds03,4,isolation_forest,0,0.01,pooled,13,0.018933298367325855,0.004844374470146543,0.015637890485513402,0.030410712233247768,0.025566337763101226,0.020410712233247766,0.025566337763101226,0.014772821747734366
ds03,4,isolation_forest,0,0.01,pooled,14,0.012839874421140362,0.0030602142149950494,0.012606805004577358,0.017421225175431466,0.014361010960436417,0.007421225175431466,0.014361010960436417,0.0048144201708541084
ds03,4,isolation_forest,0,0.01,pooled,15,0.011920896141612502,0.004325447272952776,0.011192753221785952,0.017792617162187392,0.013467169889234616,0.007792617162187392,0.013467169889234616,0.00659986394040144
ds03,4,isolation_forest,0,0.01,pooled,all,0.01628820734714937,0.004791603518537229,0.012754295351533678,0.026251542327485028,0.0214599388089478,0.016251542327485026,0.0214599388089478,0.01349724697595135
ds03,4,isolation_forest,0,0.01,phase_conditioned,10,0.020916717364157407,0.014335401391238956,0.023229426040911525,0.023117823842182323,0.00889402464967257,0.013229426040911525,0.008782422450943368,-0.00011160219872920207
ds03,4,isolation_forest,0,0.01,phase_conditioned,11,0.015612139031496093,0.003954063548575119,0.021036684561574752,0.017690388021252616,0.017082621012999632,0.011036684561574752,0.013736324472677496,-0.0033462965403221363
ds03,4,isolation_forest,0,0.01,phase_conditioned,12,0.013413535769428718,0.012282237343648531,0.017640296791723274,0.011166837540524813,0.0064734592511984605,0.007640296791723273,-0.0011153998031237181,-0.0064734592511984605
ds03,4,isolation_forest,0,0.01,phase_conditioned,13,0.019048527255605487,0.008386823301441202,0.02478667208451849,0.021330600360139458,0.016399848783077285,0.014786672084518488,0.012943777058698256,-0.0034560717243790305
ds03,4,isolation_forest,0,0.01,phase_conditioned,14,0.011066480345404528,0.004320302421169482,0.019205828501678363,0.008331301308623912,0.01488552608050888,0.009205828501678363,0.00401099888745443,-0.010874527193054451
ds03,4,isolation_forest,0,0.01,phase_conditioned,15,0.012423362374959664,0.006899010883383461,0.019746167255901857,0.011400454700216367,0.012847156372518397,0.009746167255901857,0.004501443816832906,-0.00834571255568549
ds03,4,isolation_forest,0,0.01,phase_conditioned,all,0.015945265197010224,0.008401380226751538,0.02143894849244504,0.016070300039122454,0.013037568265693501,0.011438948492445039,0.007668919812370917,-0.0053686484533225845
ds03,4,isolation_forest,0,0.01,causal_regime,10,0.01708638852422273,0.00985460926239268,0.010958069362582869,0.028589042151498805,0.018734432889106124,0.018589042151498807,0.018734432889106124,0.017630972788915934
ds03,4,isolation_forest,0,0.01,causal_regime,11,0.013682634845161117,0.00352872603538178,0.01117414999186595,0.02265134438898728,0.0191226183536055,0.01265134438898728,0.0191226183536055,0.01147719439712133
ds03,4,isolation_forest,0,0.01,causal_regime,12,0.013786670097786927,0.010785780839709744,0.006688264186435364,0.019964532128903544,0.013276267942468181,0.009964532128903544,0.0091787512891938,0.013276267942468181
ds03,4,isolation_forest,0,0.01,causal_regime,13,0.014713537010326893,0.006358241492067337,0.009493553987662074,0.024060380828320755,0.01770213933625342,0.014060380828320755,0.01770213933625342,0.014566826840658681
ds03,4,isolation_forest,0,0.01,causal_regime,14,0.0102894454853648,0.003600252017641235,0.010833079035703387,0.012923677151914167,0.009323425134272933,0.006399747982358765,0.009323425134272933,0.0020905981162107797
ds03,4,isolation_forest,0,0.01,causal_regime,15,0.011335453833033698,0.00541068494000186,0.012170286254256342,0.014969961229667542,0.009559276289665682,0.004969961229667542,0.009559276289665682,0.0027996749754112
ds03,4,isolation_forest,0,0.01,causal_regime,all,0.013740857772467151,0.006503109184263945,0.010421583769093634,0.020911703632369317,0.014408594448105373,0.010911703632369317,0.014408594448105373,0.010490119863275683
ds03,4,isolation_forest,0,0.02,pooled,10,0.037314687329896574,0.014554740866077583,0.022430947352938085,0.06890212353724721,0.05434738267116963,0.04890212353724721,0.05434738267116963,0.046471176184309126
ds03,4,isolation_forest,0,0.02,pooled,11,0.02763325638286876,0.004017076513492651,0.02000976085895559,0.050263645145709225,0.04624656863221657,0.030263645145709225,0.04624656863221657,0.030253884286753636
ds03,4,isolation_forest,0,0.02,pooled,12,0.03326042202779207,0.012423412485529547,0.016929668721914516,0.05431017761644823,0.04188676513091868,0.03431017761644822,0.04188676513091868,0.03738050889453371
ds03,4,isolation_forest,0,0.02,pooled,13,0.029125094865162335,0.008568487344071696,0.024220260303153437,0.04594651545917781,0.03737802811510611,0.025946515459177807,0.03737802811510611,0.02172625515602437
ds03,4,isolation_forest,0,0.02,pooled,14,0.029195204942944336,0.004410308721610513,0.018748092767775403,0.04780676799696551,0.043396459275355,0.02780676799696551,0.043396459275355,0.029058675229190107
ds03,4,isolation_forest,0,0.02,pooled,15,0.021564559996312176,0.006961024464357694,0.0191922318708353,0.033509428988786255,0.02654840452442856,0.013509428988786255,0.02654840452442856,0.014317197117950955
ds03,4,isolation_forest,0,0.02,pooled,all,0.029642869004594962,0.008529972781242633,0.020717136951709663,0.049939435432904994,0.04140946265166236,0.029939435432904993,0.04140946265166236,0.02922229848119533
ds03,4,isolation_forest,0,0.02,phase_conditioned,10,0.04825333802952195,0.061117377953249355,0.039472163562055455,0.04841532821805612,0.0216452143911939,0.04111737795324935,-0.012702049735193233,0.008943164656000667
ds03,4,isolation_forest,0,0.02,phase_conditioned,11,0.029417282078964192,0.006569101592652688,0.03799617699690906,0.035521655127998715,0.03142707540425638,0.01799617699690906,0.028952553535346027,-0.002474521868910347
ds03,4,isolation_forest,0,0.02,phase_conditioned,12,0.03202521873391662,0.029392664539627862,0.03093322186226356,0.034040843470309515,0.004648178930681653,0.014040843470309514,0.004648178930681653,0.0031076216080459552
ds03,4,isolation_forest,0,0.02,phase_conditioned,13,0.03409583070094925,0.022117597190262808,0.042320810707645325,0.03527642619056741,0.020203213517382516,0.022320810707645324,0.0131588290003046,-0.007044384517077916
ds03,4,isolation_forest,0,0.02,phase_conditioned,14,0.024376335528665694,0.011400798055863911,0.028265181568507783,0.027472974071364707,0.016864383512643872,0.00859920194413609,0.016072176015500796,-0.0007922074971430763
ds03,4,isolation_forest,0,0.02,phase_conditioned,15,0.023274789102475452,0.01680568044401724,0.031427686993923,0.0223615855198849,0.014622006549905763,0.011427686993923002,0.005555905075867659,-0.009066101474038104
ds03,4,isolation_forest,0,0.02,phase_conditioned,all,0.03262430301256142,0.02536335050962454,0.03625556253179408,0.03410424629089049,0.010892212022169539,0.01625556253179408,0.00874089578126595,-0.002151316240903589
ds03,4,isolation_forest,0,0.02,causal_regime,10,0.04015241266690148,0.04200350943159742,0.022063226904529266,0.0578055680929997,0.03574234118847043,0.0378055680929997,0.01580205866140228,0.03574234118847043
ds03,4,isolation_forest,0,0.02,causal_regime,11,0.025661640001990758,0.005576647395201563,0.019664063770945178,0.044427225889550795,0.03885057849434923,0.024427225889550794,0.03885057849434923,0.024763162118605617
ds03,4,isolation_forest,0,0.02,causal_regime,12,0.030249613998970665,0.023096253211734478,0.01387814818685338,0.04461193161351104,0.03073378342665766,0.02461193161351104,0.021515678401776563,0.03073378342665766
ds03,4,isolation_forest,0,0.02,causal_regime,13,0.029995271642170595,0.01915041782729805,0.023506088926649675,0.041904524730853224,0.022754106903555175,0.021904524730853223,0.022754106903555175,0.01839843580420355
ds03,4,isolation_forest,0,0.02,causal_regime,14,0.02643798447183562,0.00921064474513216,0.01758468111077205,0.040505025874447965,0.031294381129315804,0.020505025874447965,0.031294381129315804,0.022920344763675916
ds03,4,isolation_forest,0,0.02,causal_regime,15,0.022445028350159036,0.012294192428141762,0.02364000716857557,0.028830629660951797,0.016536437232810036,0.008830629660951796,0.016536437232810036,0.0051906224923762255
ds03,4,isolation_forest,0,0.02,causal_regime,all,0.02940806176666185,0.01903782151965782,0.020577357573979955,0.04302717505793133,0.023989353538273507,0.023027175057931327,0.023989353538273507,0.022449817483951372
ds03,4,isolation_forest,1,0.005,pooled,10,0.011034709103134706,0.0023970671178793006,0.008110862462045997,0.020167549180418104,0.017770482062538805,0.015167549180418103,0.017770482062538805,0.012056686718372107
ds03,4,isolation_forest,1,0.005,pooled,11,0.009383362620450447,0.0024259991493249737,0.0077375142345859765,0.015456448236998873,0.013030449087673899,0.010456448236998872,0.013030449087673899,0.0077189340024128965
ds03,4,isolation_forest,1,0.005,pooled,12,0.006156716417910448,0.00705875709405088,0.002967917232730693,0.007827869988085013,0.00485995275535432,0.0028278699880850125,0.0007691128940341329,0.00485995275535432
ds03,4,isolation_forest,1,0.005,pooled,13,0.010116301708963615,0.0035273101610754512,0.006168963097041114,0.01735565687138424,0.01382834671030879,0.012355656871384239,0.01382834671030879,0.011186693774343125
ds03,4,isolation_forest,1,0.005,pooled,14,0.005357780688177164,0.0020101407098496895,0.006713457430576747,0.005906418488715489,0.004703316720727057,0.0029898592901503106,0.0038962777788657996,-0.0008070389418612578
ds03,4,isolation_forest,1,0.005,pooled,15,0.006453694740238786,0.0025425568199435675,0.006093289235732091,0.009467429625805884,0.006924872805862316,0.004467429625805884,0.006924872805862316,0.003374140390073793
ds03,4,isolation_forest,1,0.005,pooled,all,0.008470053194652882,0.003126023765128761,0.006649832035600204,0.013247088386650216,0.010121064621521455,0.008247088386650215,0.010121064621521455,0.006597256351050012
ds03,4,isolation_forest,1,0.005,phase_conditioned,10,0.011442957318049373,0.0035250987027636775,0.01659995167102678,0.011602945871266746,0.013074852968263103,0.01159995167102678,0.008077847168503068,-0.004997005799760035
ds03,4,isolation_forest,1,0.005,phase_conditioned,11,0.01026006194320979,0.0030876352809590573,0.0151089962583374,0.010042666237320882,0.012021360977378343,0.010108996258337399,0.006955030956361825,-0.0050663300210165175
ds03,4,isolation_forest,1,0.005,phase_conditioned,12,0.005732115285640761,0.00866815371149448,0.0085484376632877,0.0024245615007342956,0.006243592210760184,0.003668153711494479,-0.006243592210760184,-0.006123876162553404
ds03,4,isolation_forest,1,0.005,phase_conditioned,13,0.012265916486869867,0.004481046384885552,0.018925541477349685,0.012011034059997702,0.014444495092464132,0.013925541477349684,0.0075299876751121495,-0.006914507417351983
ds03,4,isolation_forest,1,0.005,phase_conditioned,14,0.006329074263226825,0.0028501995139659777,0.013827433628318585,0.0025738979652659244,0.01125353566305266,0.008827433628318584,-0.00027630154870005334,-0.01125353566305266
ds03,4,isolation_forest,1,0.005,phase_conditioned,15,0.00732033374821371,0.0037363182536975597,0.01417422897082064,0.005238937275532955,0.01043791071712308,0.009174228970820639,0.0015026190218353952,-0.008935291695287685
ds03,4,isolation_forest,1,0.005,phase_conditioned,all,0.00935753186697243,0.004163949383521171,0.015139710633773448,0.0078019200096301426,0.010975761250252278,0.010139710633773447,0.003637970626108972,-0.007337790624143305
ds03,4,isolation_forest,1,0.005,causal_regime,10,0.007636643078992028,0.0031334210691232687,0.004202519410386527,0.014399101707416418,0.01126568063829315,0.009399101707416417,0.01126568063829315,0.010196582297029891
ds03,4,isolation_forest,1,0.005,causal_regime,11,0.006676697025730551,0.002930102868665228,0.003517976248576541,0.012196103687006923,0.009266000818341696,0.007196103687006923,0.009266000818341696,0.008678127438430383
ds03,4,isolation_forest,1,0.005,causal_regime,12,0.00603448275862069,0.008159923200722816,0.0031978263141394085,0.006871900024938347,0.004962096886583408,0.0031599232007228162,-0.0012880231757844696,0.0036740737107989383
ds03,4,isolation_forest,1,0.005,causal_regime,13,0.007124324023633843,0.004057163618747729,0.0029798185019639712,0.0122888011953565,0.00930898269339253,0.0072888011953565,0.008231637576608771,0.00930898269339253
ds03,4,isolation_forest,1,0.005,causal_regime,14,0.004818869414278643,0.002580180612642885,0.007075831553249924,0.00422661139559457,0.004495650940607039,0.0024198193873571153,0.0016464307829516852,-0.0028492201576553536
ds03,4,isolation_forest,1,0.005,causal_regime,15,0.005499469875074909,0.0033642367678521595,0.005376431678587139,0.007095080670847566,0.0037308439029954065,0.002095080670847566,0.0037308439029954065,0.0017186489922604272
ds03,4,isolation_forest,1,0.005,causal_regime,all,0.006445613159709858,0.003814912449902484,0.004220878914395443,0.009887823888771855,0.006072911438869372,0.004887823888771855,0.006072911438869372,0.005666944974376412
ds03,4,isolation_forest,1,0.01,pooled,10,0.020252313406551183,0.003854107915021621,0.013889326651327472,0.03844163850328603,0.03458753058826441,0.02844163850328603,0.03458753058826441,0.02455231185195856
ds03,4,isolation_forest,1,0.01,pooled,11,0.01648118159161125,0.0033081806581704187,0.01269928420367659,0.028638705522460152,0.025330524864289734,0.01863870552246015,0.025330524864289734,0.015939421318783564
ds03,4,isolation_forest,1,0.01,pooled,12,0.014339938239835306,0.009119914165513736,0.006416553453861428,0.02215356479813794,0.015737011344276512,0.012153564798137938,0.013033650632624202,0.015737011344276512
ds03,4,isolation_forest,1,0.01,pooled,13,0.018897537677859764,0.004814097129708126,0.016093482570524422,0.0299892724416689,0.025175175311960774,0.0199892724416689,0.025175175311960774,0.013895789871144478
ds03,4,isolation_forest,1,0.01,pooled,14,0.011135410857182245,0.0029702079145540188,0.011481537992065914,0.014576390582242813,0.011606182667688794,0.007029792085445982,0.011606182667688794,0.003094852590176899
ds03,4,isolation_forest,1,0.01,pooled,15,0.011588991840685936,0.004030882763325168,0.010378142361393962,0.017759667871146304,0.013728785107821136,0.007759667871146304,0.013728785107821136,0.007381525509752343
ds03,4,isolation_forest,1,0.01,pooled,all,0.015942948020320095,0.0044578752223579585,0.012428907291900586,0.025882888440819766,0.021425013218461807,0.015882888440819767,0.021425013218461807,0.01345398114891918
ds03,4,isolation_forest,1,0.01,phase_conditioned,10,0.019956133329064072,0.011718994798521025,0.02275664260724304,0.022809586190953225,0.0110905913924322,0.012809586190953225,0.0110905913924322,5.2943583710184094e-05
ds03,4,isolation_forest,1,0.01,phase_conditioned,11,0.016599861412596142,0.004127349202098332,0.02408695298519603,0.017157060054741588,0.019959603783097697,0.01408695298519603,0.013029710852643256,-0.006929892930454443
ds03,4,isolation_forest,1,0.01,phase_conditioned,12,0.012101132269686052,0.012338707400400937,0.015675619186957885,0.009615118180054864,0.006060501006903021,0.005675619186957885,-0.002723589220346073,-0.006060501006903021
ds03,4,isolation_forest,1,0.01,phase_conditioned,13,0.018297552776817536,0.008311129950345162,0.025291517367909078,0.019175510516838436,0.016980387417563914,0.015291517367909077,0.010864380566493274,-0.006116006851070641
ds03,4,isolation_forest,1,0.01,phase_conditioned,14,0.01004505548906198,0.004290300321022472,0.017756332010985656,0.0071662738085561785,0.013466031689963184,0.007756332010985656,0.0028759734875337065,-0.010590058202429479
ds03,4,isolation_forest,1,0.01,phase_conditioned,15,0.012262020006453695,0.006992031254844811,0.019599537301031297,0.011048995595778098,0.012607506046186486,0.009599537301031297,0.0040569643409332865,-0.0085505417052532
ds03,4,isolation_forest,1,0.01,phase_conditioned,all,0.015502684449195515,0.007929874193617523,0.021707049921861038,0.015062144512323572,0.013777175728243515,0.011707049921861038,0.007132270318706049,-0.006644905409537466
ds03,4,isolation_forest,1,0.01,causal_regime,10,0.016990330120713392,0.008867581625618851,0.010558830018596149,0.029436695692378823,0.020569114066759972,0.019436695692378825,0.020569114066759972,0.018877865673782676
ds03,4,isolation_forest,1,0.01,causal_regime,11,0.01337636433939366,0.003765024653822524,0.010289572149015781,0.022570842054419577,0.018805817400597055,0.012570842054419577,0.018805817400597055,0.012281269905403796
ds03,4,isolation_forest,1,0.01,causal_regime,12,0.012647967061245496,0.010531665584323913,0.00528790887240046,0.018565213777051177,0.013277304904650717,0.008565213777051177,0.008033548192727264,0.013277304904650717
ds03,4,isolation_forest,1,0.01,causal_regime,13,0.013962562531538941,0.006766985587985951,0.008680876214399173,0.02262365426612007,0.01585666867813412,0.01262365426612007,0.01585666867813412,0.013942778051720898
ds03,4,isolation_forest,1,0.01,causal_regime,14,0.009380816011931244,0.0036602562179352555,0.010127403112602991,0.011433525698339159,0.0077732694804039035,0.006339743782064745,0.0077732694804039035,0.0013061225857361677
ds03,4,isolation_forest,1,0.01,causal_regime,15,0.011141842990826534,0.005488201916219652,0.011991071864970103,0.014574569737174489,0.009086367820954837,0.004574569737174489,0.009086367820954837,0.0025834978722043857
ds03,4,isolation_forest,1,0.01,causal_regime,all,0.01323339607732882,0.006432689452042632,0.009720395415236411,0.02029477263835806,0.013862083186315429,0.01029477263835806,0.013862083186315429,0.010574377223121649
ds03,4,isolation_forest,1,0.02,pooled,10,0.037370721398610356,0.012627686908566773,0.022000189113373467,0.07086163432006076,0.058233947411493986,0.05086163432006076,0.058233947411493986,0.048861445206687296
ds03,4,isolation_forest,1,0.02,pooled,11,0.028571209806781593,0.004190362167015863,0.023395558809175206,0.049267428755433905,0.04507706658841804,0.029267428755433905,0.04507706658841804,0.0258718699462587
ds03,4,isolation_forest,1,0.02,pooled,12,0.029741379310344828,0.012621057684162973,0.014881387814818686,0.047992463077392,0.03537140539322903,0.027992463077392,0.03537140539322903,0.033111075262573314
ds03,4,isolation_forest,1,0.02,pooled,13,0.029534356089052062,0.008598764684510112,0.024614285890189994,0.046607409677790125,0.038008644993280015,0.026607409677790125,0.038008644993280015,0.02199312378760013
ds03,4,isolation_forest,1,0.02,pooled,14,0.02609333191294703,0.004350304521316492,0.017298596277082696,0.04215773930477661,0.037807434783460124,0.022157739304776613,0.037807434783460124,0.024859143027693917
ds03,4,isolation_forest,1,0.02,pooled,15,0.02107131332687964,0.0072245821834981865,0.019094478567588263,0.03221342354117014,0.024988841357671956,0.012775417816501815,0.024988841357671956,0.013118944973581879
ds03,4,isolation_forest,1,0.02,pooled,all,0.029034996319551025,0.00826054076230891,0.02104710794176012,0.04835384754280899,0.040093306780500076,0.02835384754280899,0.040093306780500076,0.02730673960104887
ds03,4,isolation_forest,1,0.02,phase_conditioned,10,0.04391069770420416,0.04856802657141067,0.038221914037465464,0.046598927773313224,0.010346112533945205,0.02856802657141067,-0.0019690987980974448,0.00837701373584776
ds03,4,isolation_forest,1,0.02,phase_conditioned,11,0.028977018226923473,0.007088958553222326,0.03793517162843663,0.034092738689421996,0.030846213075214308,0.017935171628436632,0.02700378013619967,-0.0038424329390146367
ds03,4,isolation_forest,1,0.02,phase_conditioned,12,0.028589809572825527,0.025580935708840388,0.02970007315288954,0.029330266840311453,0.00411913744404915,0.009700073152889538,0.0037493311314710648,-0.00036980631257808524
ds03,4,isolation_forest,1,0.02,phase_conditioned,13,0.03329717530287317,0.022072181179605185,0.04204991811655769,0.033590667024251945,0.019977736936952508,0.022049918116557692,0.01151848584464676,-0.008459251092305747
ds03,4,isolation_forest,1,0.02,phase_conditioned,14,0.021700578389657915,0.012660886262038342,0.027845590479096734,0.02141754043729172,0.015184704217058392,0.007845590479096734,0.008756654175253377,-0.0064280500418050154
ds03,4,isolation_forest,1,0.02,phase_conditioned,15,0.02392015857649933,0.019487767821152833,0.03271477215334235,0.021131478654350954,0.013227004332189516,0.012714772153342348,0.0016437108331981212,-0.011583293498991395
ds03,4,isolation_forest,1,0.02,phase_conditioned,all,0.030908047477405595,0.02324769681549724,0.0359141342157002,0.03150486021246501,0.01266643740020296,0.0159141342157002,0.008257163396967773,-0.004409274003235188
ds03,4,isolation_forest,1,0.02,causal_regime,10,0.038175210528001026,0.03462430281381212,0.02127525451508179,0.05837800944528231,0.03710275493020052,0.038378009445282316,0.023753706631470195,0.03710275493020052
ds03,4,isolation_forest,1,0.02,causal_regime,11,0.02616698633650706,0.006017738149624285,0.02102651700016268,0.04412534213492191,0.038107603985297625,0.02412534213492191,0.038107603985297625,0.02309882513475923
ds03,4,isolation_forest,1,0.02,causal_regime,12,0.026511837364899638,0.02021628031736172,0.011850768105340161,0.03931946022333675,0.02746869211799659,0.019319460223336752,0.019103179905975032,0.02746869211799659
ds03,4,isolation_forest,1,0.02,causal_regime,13,0.030023085511755334,0.019544023252997457,0.023309076133131396,0.04187579019960921,0.02233176694661175,0.021875790199609207,0.02233176694661175,0.01856671406647781
ds03,4,isolation_forest,1,0.02,causal_regime,14,0.023781026563312675,0.009660676247337314,0.016497558742752518,0.035330136281123845,0.02566946003378653,0.015330136281123844,0.02566946003378653,0.018832577538371326
ds03,4,isolation_forest,1,0.02,causal_regime,15,0.022979763057207395,0.014588694924188397,0.02453607911500676,0.02787510022076025,0.013286405296571853,0.00787510022076025,0.013286405296571853,0.0033390211057534903
ds03,4,isolation_forest,1,0.02,causal_regime,all,0.028447205832488207,0.0179478465339714,0.020449035522293664,0.041462276926780825,0.023514430392809427,0.021462276926780825,0.023514430392809427,0.02101324140448716
ds03,4,isolation_forest,2,0.005,pooled,10,0.011803176331209374,0.0027574105408284767,0.008993391538227168,0.02110327062164929,0.018345860080820814,0.01610327062164929,0.018345860080820814,0.012109879083422124
ds03,4,isolation_forest,2,0.005,pooled,11,0.009861910285712098,0.0024890121142425053,0.008357735480722304,0.016060215746256642,0.013571203632014138,0.011060215746256642,0.013571203632014138,0.007702480265534339
ds03,4,isolation_forest,2,0.005,pooled,12,0.006684251158003088,0.006945816980546066,0.003929355209530776,0.008382055473967137,0.004452700264436361,0.0033820554739671374,0.0014362384934210716,0.004452700264436361
ds03,4,isolation_forest,2,0.005,pooled,13,0.011232829902293849,0.003618142182390699,0.007954391538300519,0.01860081989195816,0.014982677709567462,0.01360081989195816,0.014982677709567462,0.010646428353657643
ds03,4,isolation_forest,2,0.005,pooled,14,0.005564572223510317,0.0020101407098496895,0.007075831553249924,0.0060960741282614,0.0050656908434002345,0.0029898592901503106,0.00408593341841171,-0.000979757424988524
ds03,4,isolation_forest,2,0.005,pooled,15,0.006937721845756696,0.0028526247248147345,0.006973068964955441,0.009807905633230458,0.006955280908415724,0.004807905633230458,0.006955280908415724,0.0028348366682750172
ds03,4,isolation_forest,2,0.005,pooled,all,0.009101870038828157,0.0032760484120350386,0.007587041305951852,0.013924207770321105,0.010648159358286067,0.008924207770321105,0.010648159358286067,0.006337166464369253
ds03,4,isolation_forest,2,0.005,phase_conditioned,10,0.011611059524190708,0.0038071065989847717,0.01686260913417594,0.01159193738372285,0.013055502535191166,0.011862609134175937,0.007784830784738079,-0.005270671750453088
ds03,4,isolation_forest,2,0.005,phase_conditioned,11,0.010528048635756316,0.0029616093511239936,0.015281844802342607,0.010656496538399613,0.012320235451218613,0.010281844802342607,0.00769488718727562,-0.004625348263942994
ds03,4,isolation_forest,2,0.005,phase_conditioned,12,0.0057128152341739576,0.008075218115594206,0.008172222802800711,0.002923328438028208,0.005248894364772503,0.003172222802800711,-0.005151889677565998,-0.005248894364772503
ds03,4,isolation_forest,2,0.005,phase_conditioned,13,0.012714911810166367,0.0044507690444471355,0.019110240971273073,0.012968851768131489,0.014659471926825937,0.014110240971273072,0.008518082723684353,-0.006141389203141584
ds03,4,isolation_forest,2,0.005,phase_conditioned,14,0.0060658850364391755,0.002550178512495875,0.012911962160512665,0.0027906472676041075,0.010361783648016789,0.007911962160512664,0.00024046875510823264,-0.010121314892908557
ds03,4,isolation_forest,2,0.005,phase_conditioned,15,0.00736182178582953,0.003658801277479768,0.013929845712703042,0.005557447088930137,0.010271044435223274,0.008929845712703041,0.0018986458114503687,-0.008372398623772905
ds03,4,isolation_forest,2,0.005,phase_conditioned,all,0.00950351399845058,0.0040782210138604405,0.015084715468765037,0.008255213819254266,0.011006494454904597,0.010084715468765038,0.0041769928053938254,-0.0068295016495107715
ds03,4,isolation_forest,2,0.005,causal_regime,10,0.008389100573148475,0.003180422385160118,0.005032516993937866,0.01556600138706943,0.012385579001909312,0.01056600138706943,0.012385579001909312,0.010533484393131565
ds03,4,isolation_forest,2,0.005,causal_regime,11,0.007002109438108473,0.0027410639739126326,0.004016186757768017,0.012679117694413138,0.009938053720500505,0.007679117694413138,0.009938053720500505,0.008662930936645122
ds03,4,isolation_forest,2,0.005,causal_regime,12,0.006143849716932578,0.0075952226331987465,0.0033859337443829032,0.007259829865055834,0.004209288888815843,0.0025952226331987464,-0.00033539276814291245,0.003873896120672931
ds03,4,isolation_forest,2,0.005,causal_regime,13,0.007652787545743882,0.004117718299624561,0.0034846637853545616,0.013131680778514234,0.009647016993159672,0.008131680778514234,0.009013962478889673,0.009647016993159672
ds03,4,isolation_forest,2,0.005,causal_regime,14,0.005006861719126963,0.002370165911613813,0.00760985657613671,0.004348532878159799,0.005239690664522897,0.002629834088386187,0.0019783669665459857,-0.0032613236979769115
ds03,4,isolation_forest,2,0.005,causal_regime,15,0.00590513068731849,0.0033642367678521595,0.0062236269733948095,0.0074904721633406186,0.004126235395488459,0.0024904721633406185,0.004126235395488459,0.001266845189945809
ds03,4,isolation_forest,2,0.005,causal_regime,all,0.006863477356163188,0.003716937170290221,0.004812076938235847,0.010480303349483884,0.006763366179193663,0.005480303349483884,0.006763366179193663,0.0056682264112480375
ds03,4,isolation_forest,2,0.01,pooled,10,0.021172873106848965,0.005420818449583255,0.015276158056755024,0.03841962152819824,0.03299880307861499,0.02841962152819824,0.03299880307861499,0.02314346347144322
ds03,4,isolation_forest,2,0.01,pooled,11,0.016343359864015895,0.003229414452023504,0.013909224011713031,0.02712928674931573,0.023899872297292225,0.017129286749315728,0.023899872297292225,0.013220062737602699
ds03,4,isolation_forest,2,0.01,pooled,12,0.014796706124549665,0.008978739023632719,0.007085379872504964,0.022763168832608274,0.01567778896010331,0.012763168832608274,0.013784429808975556,0.01567778896010331
ds03,4,isolation_forest,2,0.01,pooled,13,0.019028660205902104,0.0049654838319002055,0.017250932732444314,0.02930922186889391,0.024343738036993707,0.01930922186889391,0.024343738036993707,0.012058289136449598
ds03,4,isolation_forest,2,0.01,pooled,14,0.012087905201747075,0.002880201614112988,0.01212999694842844,0.016215557181175323,0.013335355567062335,0.007119798385887012,0.013335355567062335,0.004085560232746883
ds03,4,isolation_forest,2,0.01,pooled,15,0.011833310284423547,0.00420142011100431,0.011909610778930905,0.017188546826434118,0.012987126715429807,0.007188546826434118,0.012987126715429807,0.005278936047503213
ds03,4,isolation_forest,2,0.01,pooled,all,0.016331461312031784,0.004788541791049346,0.013586097222285874,0.025675990851364773,0.02088744906031543,0.01567599085136477,0.02088744906031543,0.0120898936290789
ds03,4,isolation_forest,2,0.01,phase_conditioned,10,0.02301799494092408,0.014711411919533747,0.027032706107311334,0.024648003610783915,0.012321294187777587,0.017032706107311335,0.009936591691250168,-0.002384702496527419
ds03,4,isolation_forest,2,0.01,phase_conditioned,11,0.01689847515571941,0.00422186864947463,0.024005612493899462,0.01796208340041861,0.01978374384442483,0.014005612493899462,0.013740214750943981,-0.00604352909348085
ds03,4,isolation_forest,2,0.01,phase_conditioned,12,0.01301466803911477,0.0128469379111726,0.016407148082349252,0.010848180886142592,0.00555896719620666,0.006407148082349252,-0.001998757025030008,-0.00555896719620666
ds03,4,isolation_forest,2,0.01,phase_conditioned,13,0.019596857827418913,0.00809918856727625,0.02736015169985101,0.02083253515190989,0.01926096313257476,0.017360151699851008,0.01273334658463364,-0.0065276165479411195
ds03,4,isolation_forest,2,0.01,phase_conditioned,14,0.01072809419667755,0.004710329723080615,0.018576441867561796,0.007870709041155274,0.01386611214448118,0.008576441867561796,0.0031603793180746582,-0.010705732826406522
ds03,4,isolation_forest,2,0.01,phase_conditioned,15,0.012681510164569216,0.0069300176738705775,0.02030010264096841,0.011620116640490286,0.013370084967097833,0.01030010264096841,0.004690098966619708,-0.008679986000478125
ds03,4,isolation_forest,2,0.01,phase_conditioned,all,0.016670541501020715,0.00857589869356088,0.02328357798543545,0.016215128351740948,0.014707679291874567,0.013283577985435448,0.007639229658180067,-0.007068449633694501
ds03,4,isolation_forest,2,0.01,causal_regime,10,0.01808699689411162,0.009243592153913642,0.01212426849896513,0.030548552934312356,0.021304960780398716,0.020548552934312354,0.021304960780398716,0.018424284435347226
ds03,4,isolation_forest,2,0.01,causal_regime,11,0.013870225529943684,0.0036232454827580776,0.011204652676102163,0.023053856061825792,0.019430610579067715,0.013053856061825792,0.019430610579067715,0.01184920338572363
ds03,4,isolation_forest,2,0.01,causal_regime,12,0.013452135872362327,0.01027755032893808,0.0065001567561918695,0.019618166200227216,0.013118009444035347,0.009618166200227216,0.009340615871289136,0.013118009444035347
ds03,4,isolation_forest,2,0.01,causal_regime,13,0.015412857159886042,0.006055468087683178,0.012177853299348626,0.02384966093253132,0.017794192844848143,0.013849660932531321,0.017794192844848143,0.011671807633182695
ds03,4,isolation_forest,2,0.01,causal_regime,14,0.010314511126011242,0.0033302331163181423,0.010623283490997865,0.013248801105421442,0.009918567989103299,0.0066697668836818574,0.009918567989103299,0.002625517614423577
ds03,4,isolation_forest,2,0.01,causal_regime,15,0.01167657769787489,0.005193637406592044,0.013473663630883526,0.01505782600577711,0.009864188599185066,0.005057826005777109,0.009864188599185066,0.0015841623748935833
ds03,4,isolation_forest,2,0.01,causal_regime,all,0.014127826279718756,0.006215306800402923,0.011319838130897658,0.021293523729272623,0.0150782169288697,0.011293523729272623,0.0150782169288697,0.009973685598374965
ds03,4,isolation_forest,2,0.02,pooled,10,0.04029650027216548,0.014492072444695117,0.026822580136792007,0.07254593291427691,0.058053860469581796,0.05254593291427691,0.058053860469581796,0.045723352777484905
ds03,4,isolation_forest,2,0.02,pooled,11,0.02861332200132462,0.00422186864947463,0.02377175858142183,0.04898567058444695,0.04476380193497232,0.02898567058444695,0.04476380193497232,0.02521391200302512
ds03,4,isolation_forest,2,0.02,pooled,12,0.03133041688111168,0.012733997797667786,0.016135437349775315,0.050527861675302724,0.037793863877634934,0.030527861675302723,0.037793863877634934,0.03439242432552741
ds03,4,isolation_forest,2,0.02,pooled,13,0.02949859539958597,0.008084049897057043,0.027138512307142947,0.044883337803149306,0.036799287906092264,0.024883337803149306,0.036799287906092264,0.01774482549600636
ds03,4,isolation_forest,2,0.02,pooled,14,0.026669841647815218,0.004710329723080615,0.018404790967348185,0.04245576959549161,0.037745439872410996,0.02245576959549161,0.037745439872410996,0.024050978628143427
ds03,4,isolation_forest,2,0.02,pooled,15,0.02149080348499516,0.0069300176738705775,0.02018605712051353,0.03268569671275907,0.02575567903888849,0.013069982326129423,0.02575567903888849,0.012499639592245537
ds03,4,isolation_forest,2,0.02,pooled,all,0.029933288483091177,0.0085177258712911,0.02307734611665391,0.04871685876794366,0.04019913289665256,0.02871685876794366,0.04019913289665256,0.02563951265128975
ds03,4,isolation_forest,2,0.02,phase_conditioned,10,0.04931798533508373,0.05986400952560005,0.0420462067009172,0.04952718545998965,0.01781780282468285,0.039864009525600055,-0.0103368240656104,0.00748097875907245
ds03,4,isolation_forest,2,0.02,phase_conditioned,11,0.030029823090499105,0.006884166417240347,0.04010086220920774,0.03484744807599421,0.0332166957919674,0.020100862209207742,0.02796328165875386,-0.005253414133213535
ds03,4,isolation_forest,2,0.02,phase_conditioned,12,0.030178847143592383,0.025467995595335573,0.03135123837391577,0.031713264429604586,0.006245268834269013,0.011713264429604586,0.006245268834269013,0.0003620260556888161
ds03,4,isolation_forest,2,0.02,phase_conditioned,13,0.03463224104294064,0.022677727988373503,0.04495585682095231,0.03416535764913222,0.022278128832578806,0.024955856820952308,0.011487629660758718,-0.010790499171820088
ds03,4,isolation_forest,2,0.02,phase_conditioned,14,0.023762227332827842,0.012000840058804117,0.0293141592920354,0.025129372239833102,0.017313319233231282,0.009314159292035398,0.013128532181028985,-0.004184787052202297
ds03,4,isolation_forest,2,0.02,phase_conditioned,15,0.023874060756926198,0.019177699916281665,0.03154173251437788,0.02203209260947402,0.012364032598096219,0.011541732514377883,0.002854392693192355,-0.009509639904903864
ds03,4,isolation_forest,2,0.02,phase_conditioned,all,0.03286065503495461,0.025397029511991256,0.03796957850788951,0.033252204399771286,0.012572548995898256,0.01796957850788951,0.00785517488778003,-0.004717374108118226
ds03,4,isolation_forest,2,0.02,causal_regime,10,0.041941500432262815,0.04015479100081469,0.02509954717853353,0.060843910655115095,0.03574436347658157,0.0408439106551151,0.020689119654300404,0.03574436347658157
ds03,4,isolation_forest,2,0.02,causal_regime,11,0.026530682562105917,0.0057341798074953924,0.022409305352204326,0.04389389792303977,0.038159718115544375,0.02389389792303977,0.038159718115544375,0.021484592570835445
ds03,4,isolation_forest,2,0.02,causal_regime,12,0.02841610910962429,0.020526865629499957,0.014128958093844707,0.041757876361218096,0.02762891826737339,0.021757876361218096,0.02123101073171814,0.02762891826737339
ds03,4,isolation_forest,2,0.02,causal_regime,13,0.03053962880404334,0.01913527915707884,0.02641202763104429,0.040965863376882114,0.021830584219803273,0.020965863376882114,0.021830584219803273,0.014553835745837823
ds03,4,isolation_forest,2,0.02,causal_regime,14,0.024658323985938174,0.009480663646455252,0.01712694537686909,0.036860928228887264,0.027380264582432014,0.016860928228887264,0.027380264582432014,0.019733982852018175
ds03,4,isolation_forest,2,0.02,causal_regime,15,0.023141105425713362,0.014433660971752815,0.024112481467602927,0.02865490010873266,0.014221239136979844,0.008654900108732658,0.014221239136979844,0.004542418641129732
ds03,4,isolation_forest,2,0.02,causal_regime,all,0.0297116119130688,0.018875549962800012,0.02243802732343115,0.042338770351199255,0.023463220388399243,0.022338770351199255,0.023463220388399243,0.019900743027768106
ds03,4,lstm_autoencoder,0,0.005,pooled,10,0.015361339694534277,0.0035564329134549102,0.016179699729988128,0.022798577703409328,0.019242144789954417,0.017798577703409327,0.019242144789954417,0.0066188779734212
ds03,4,lstm_autoencoder,0,0.005,pooled,11,0.012626001600263392,0.004143102443327715,0.011408003904343583,0.01925012075350185,0.015107018310174136,0.01425012075350185,0.015107018310174136,0.007842116849158268
ds03,4,lstm_autoencoder,0,0.005,pooled,12,0.0061116829644879056,0.007510517548070136,0.004012958511861219,0.006816481476350135,0.003497559036208917,0.0025105175480701356,-0.0006940360717200009,0.002803522964488916
ds03,4,lstm_autoencoder,0,0.005,pooled,13,0.013771838854386445,0.0064339348431633765,0.011562188319604004,0.020133328224972224,0.013699393381808847,0.015133328224972223,0.013699393381808847,0.00857113990536822
ds03,4,lstm_autoencoder,0,0.005,pooled,14,0.005614703504803203,0.004740331823227626,0.006312938663411657,0.0055135603782275324,0.0015726068401840307,0.0013129386634116568,0.0007732285549999062,-0.0007993782851841245
ds03,4,lstm_autoencoder,0,0.005,pooled,15,0.008652560733877287,0.00513162382561781,0.010052298017237166,0.010203297125723512,0.005071673300105701,0.005203297125723511,0.005071673300105701,0.00015099910848634553
ds03,4,lstm_autoencoder,0,0.005,pooled,all,0.011064518695367733,0.0051130849047649665,0.010863836554369595,0.014885341117698396,0.00977225621293343,0.009885341117698395,0.00977225621293343,0.004021504563328801
ds03,4,lstm_autoencoder,0,0.005,phase_conditioned,10,0.016494028369248504,0.00861690794008899,0.024427144072871686,0.013716575479694845,0.015810236132782696,0.019427144072871685,0.005099667539605855,-0.010710568593176841
ds03,4,lstm_autoencoder,0,0.005,phase_conditioned,11,0.013694119989127397,0.006191023803147498,0.01880998861233122,0.013423764289164386,0.012618964809183723,0.01380998861233122,0.007232740486016889,-0.005386224323166834
ds03,4,lstm_autoencoder,0,0.005,phase_conditioned,12,0.005976582604220278,0.012875172939548804,0.00568502455847006,0.002784782066557677,0.010090390872991127,0.007875172939548803,-0.010090390872991127,-0.0029002424919123827
ds03,4,lstm_autoencoder,0,0.005,phase_conditioned,13,0.015953240911818115,0.009976383674458036,0.022644157955007203,0.014530094632389563,0.012667774280549167,0.017644157955007202,0.0045537109579315265,-0.00811406332261764
ds03,4,lstm_autoencoder,0,0.005,phase_conditioned,14,0.00575883093852025,0.007860550238516697,0.008773268233140067,0.0026687257850388792,0.006104542448101187,0.003773268233140067,-0.005191824453477817,-0.006104542448101187
ds03,4,lstm_autoencoder,0,0.005,phase_conditioned,15,0.008675609643663854,0.008201296083842362,0.012952312680232652,0.006128568133642325,0.006823744546590327,0.007952312680232651,-0.0020727279502000375,-0.006823744546590327
ds03,4,lstm_autoencoder,0,0.005,phase_conditioned,all,0.011928053208555943,0.008722861612979275,0.01727993913868406,0.009504122904691685,0.008557077525704783,0.012279939138684057,0.0007812612917124095,-0.007775816233992374
ds03,4,lstm_autoencoder,0,0.005,causal_regime,10,0.012667701962793378,0.010402957949489252,0.013574137695548482,0.01330926144057068,0.0031711797460592297,0.008574137695548482,0.002906303491081428,-0.0002648762549778017
ds03,4,lstm_autoencoder,0,0.005,causal_regime,11,0.010325144425685375,0.0067108807637171345,0.008550919147551652,0.014389792303976816,0.007678911540259682,0.009389792303976817,0.007678911540259682,0.005838873156425164
ds03,4,lstm_autoencoder,0,0.005,causal_regime,12,0.006870818322182192,0.01428692435835898,0.005057999790991744,0.004433483887056998,0.009853440471301982,0.00928692435835898,-0.009853440471301982,-0.0006245159039347456
ds03,4,lstm_autoencoder,0,0.005,causal_regime,13,0.011991751200963154,0.010854426547172096,0.010798763744720673,0.01363932416382514,0.002840560419104467,0.008639324163825141,0.0027848976166530443,0.002840560419104467
ds03,4,lstm_autoencoder,0,0.005,causal_regime,14,0.005965622473853404,0.008670606942485974,0.008220170888007325,0.003142864883903655,0.005527742058582318,0.0036706069424859737,-0.005527742058582318,-0.005077306004103669
ds03,4,lstm_autoencoder,0,0.005,causal_regime,15,0.00849582814732863,0.009178009984186537,0.008895550595480538,0.007743083394655625,0.0014349265895309124,0.004178009984186537,-0.0014349265895309124,-0.0011524672008249139
ds03,4,lstm_autoencoder,0,0.005,causal_regime,all,0.009842594187439511,0.009779157596298984,0.009690606367523521,0.010006319780914262,0.0003157134133907405,0.005006319780914262,0.00022716218461527743,0.0003157134133907405
ds03,4,lstm_autoencoder,0,0.01,pooled,10,0.03570170663763568,0.011891332957322805,0.03428205209022809,0.05391957199000429,0.04202823903268149,0.04391957199000429,0.04202823903268149,0.019637519899776204
ds03,4,lstm_autoencoder,0,0.01,pooled,11,0.025653983239346572,0.007025945588304793,0.0275947616723605,0.0356323458380293,0.02860640024972451,0.0256323458380293,0.02860640024972451,0.008037584165668802
ds03,4,lstm_autoencoder,0,0.01,pooled,12,0.014848172928461143,0.015049270124516475,0.008297627756296373,0.019091689988639197,0.010794062232342824,0.009091689988639197,0.0040424198641227215,0.010794062232342824
ds03,4,lstm_autoencoder,0,0.01,pooled,13,0.02899397233711999,0.01126317064309071,0.0353514831369362,0.03526684801348608,0.024088312493845493,0.0253514831369362,0.024003677370395368,-8.46351234501247e-05
ds03,4,lstm_autoencoder,0,0.01,pooled,14,0.012608017245160764,0.009150640544838138,0.011977418370460787,0.014617031076431223,0.005466390531593085,0.004617031076431223,0.005466390531593085,0.002639612705970436
ds03,4,lstm_autoencoder,0,0.01,pooled,15,0.016562946572627114,0.010092710303556478,0.01766076345329836,0.020406594251447023,0.010313883947890545,0.010406594251447023,0.010313883947890545,0.002745830798148663
ds03,4,lstm_autoencoder,0,0.01,pooled,all,0.023813624844459515,0.010526219103342487,0.0251075842915477,0.030914261638929852,0.020388042535587365,0.02091426163892985,0.020388042535587365,0.0058066773473821505
ds03,4,lstm_autoencoder,0,0.01,phase_conditioned,10,0.03309612244244501,0.018455850097136052,0.04222481377585863,0.03381807373484957,0.023768963678722575,0.032224813775858625,0.015362223637713515,-0.00840674004100906
ds03,4,lstm_autoencoder,0,0.01,phase_conditioned,11,0.024593521613126754,0.009404685013941618,0.033969822677728974,0.025016100466913542,0.024565137663787356,0.023969822677728972,0.015611415452971924,-0.008953722210815432
ds03,4,lstm_autoencoder,0,0.01,phase_conditioned,12,0.014301338136901699,0.026682101815512324,0.009844288849409551,0.011180692177671868,0.016837812966102775,0.016682101815512322,-0.015501409637840457,0.0013364033282623165
ds03,4,lstm_autoencoder,0,0.01,phase_conditioned,13,0.027881417553730435,0.01435145936780913,0.04192678512060877,0.02551626374468411,0.027575325752799636,0.031926785120608765,0.01116480437687498,-0.016410521375924657
ds03,4,lstm_autoencoder,0,0.01,phase_conditioned,14,0.011498862646555667,0.013170921964537518,0.013980012206286238,0.008981549215638462,0.004998462990647776,0.003980012206286238,-0.004189372748899056,-0.004998462990647776
ds03,4,lstm_autoencoder,0,0.01,phase_conditioned,15,0.01631401834693219,0.014077082881150973,0.0211147135013604,0.014662434513284056,0.0070376306202094285,0.011114713501360401,0.0005853516321330833,-0.006452278988076345
ds03,4,lstm_autoencoder,0,0.01,phase_conditioned,all,0.022636499085873795,0.015354563351734315,0.030396285993189765,0.02074054289927473,0.01504172264145545,0.020396285993189767,0.005385979547540413,-0.009655743093915037
ds03,4,lstm_autoencoder,0,0.01,causal_regime,10,0.03099484486567833,0.019771886946167827,0.034219014299072294,0.03550237232906571,0.015730485382897882,0.025502372329065708,0.015730485382897882,0.0012833580299934158
ds03,4,lstm_autoencoder,0,0.01,causal_regime,11,0.02035933187089167,0.01020810031664015,0.02056897673661949,0.026636209950088554,0.016428109633448405,0.016636209950088555,0.016428109633448405,0.006067233213469064
ds03,4,lstm_autoencoder,0,0.01,causal_regime,12,0.01688754503345342,0.029082079227489625,0.009300867384261679,0.015932832719111088,0.019781211843227946,0.019082079227489626,-0.013149246508378537,0.006631965334849409
ds03,4,lstm_autoencoder,0,0.01,causal_regime,13,0.022866974208596076,0.015426304953372896,0.02545159026264268,0.0255641546300908,0.010137849676717905,0.015564154630090801,0.010137849676717905,0.00011256436744811957
ds03,4,lstm_autoencoder,0,0.01,causal_regime,14,0.012702013397584925,0.015031052173652156,0.013541348794629234,0.011054214419247338,0.0039768377544048186,0.005031052173652156,-0.0039768377544048186,-0.002487134375381896
ds03,4,lstm_autoencoder,0,0.01,causal_regime,15,0.015433549993085327,0.01541037487209699,0.014581534401016635,0.01602433854298235,0.0014428041419657141,0.006024338542982349,0.0006139636708853598,0.0014428041419657141
ds03,4,lstm_autoencoder,0,0.01,causal_regime,all,0.02071324243306642,0.016698661718915046,0.021532898566001074,0.022506695958349636,0.00580803423943459,0.012506695958349636,0.00580803423943459,0.0009737973923485618
ds03,4,lstm_autoencoder,0,0.02,pooled,10,0.06379078479715668,0.024033339600175473,0.060883999957974805,0.09477206926540363,0.07073872966522815,0.07477206926540363,0.07073872966522815,0.033888069307428825
ds03,4,lstm_autoencoder,0,0.02,pooled,11,0.04567641755389404,0.011578632303596466,0.048194241093216204,0.06496538399613588,0.05338675169253942,0.04496538399613588,0.05338675169253942,0.01677114290291968
ds03,4,lstm_autoencoder,0,0.02,pooled,12,0.0322439526505404,0.034023209193325236,0.013501933326366391,0.043794508021834905,0.030292574695468512,0.023794508021834904,0.009771298828509668,0.030292574695468512
ds03,4,lstm_autoencoder,0,0.02,pooled,13,0.04930604395386076,0.017333777400993098,0.058869885363180774,0.06209532201831348,0.044761544617320376,0.04209532201831348,0.044761544617320376,0.0032254366551327032
ds03,4,lstm_autoencoder,0,0.02,pooled,14,0.023549169387333077,0.018091266388647206,0.01895788831248093,0.029274702647050854,0.011183436258403647,0.009274702647050853,0.011183436258403647,0.010316814334569924
ds03,4,lstm_autoencoder,0,0.02,pooled,15,0.029401189323744987,0.018356019968373074,0.03005914074846446,0.036782391898867645,0.01842637193049457,0.016782391898867644,0.01842637193049457,0.006723251150403186
ds03,4,lstm_autoencoder,0,0.02,pooled,all,0.042810611742370115,0.019613426287379866,0.04308183738846293,0.056838529597640616,0.03722510331026075,0.03683852959764061,0.03722510331026075,0.013756692209177683
ds03,4,lstm_autoencoder,0,0.02,phase_conditioned,10,0.06199369216483622,0.03207056464247666,0.06577993507107512,0.07905194905271964,0.046981384410242986,0.05905194905271964,0.046981384410242986,0.013272013981644529
ds03,4,lstm_autoencoder,0,0.02,phase_conditioned,11,0.04354018077616603,0.014398462483656012,0.05345087034325687,0.05234664305264853,0.03905240785960086,0.033450870343256875,0.03794818056899252,-0.0011042272906083422
ds03,4,lstm_autoencoder,0,0.02,phase_conditioned,12,0.03290015440041173,0.054550074822825194,0.0147141812101578,0.03433179085039763,0.03983589361266739,0.0345500748228252,-0.020218283972427566,0.019617609640239828
ds03,4,lstm_autoencoder,0,0.02,phase_conditioned,13,0.047994818673437356,0.021739130434782608,0.06457094307561598,0.051712578062143216,0.04283181264083337,0.044570943075615974,0.029973447627360608,-0.012858365013472761
ds03,4,lstm_autoencoder,0,0.02,phase_conditioned,14,0.023668231180403683,0.027541927934955447,0.02076975892584681,0.023977891571161505,0.0067721690091086355,0.007541927934955447,-0.0035640363637939425,0.003208132645314693
ds03,4,lstm_autoencoder,0,0.02,phase_conditioned,15,0.02884801548886738,0.023937242256054075,0.03312207758353834,0.029445683093718766,0.009184835327484268,0.013122077583538342,0.005508440837664691,-0.0036763944898195768
ds03,4,lstm_autoencoder,0,0.02,phase_conditioned,all,0.041778695723032507,0.02691564634598133,0.04717668571638077,0.046478603027476,0.020261039370399442,0.02717668571638077,0.019562956681494673,-0.0006980826889047692
ds03,4,lstm_autoencoder,0,0.02,causal_regime,10,0.060873010790560664,0.033668609387729524,0.06060032989777372,0.08027389117009213,0.04660528178236261,0.06027389117009213,0.04660528178236261,0.019673561272318417
ds03,4,lstm_autoencoder,0,0.02,causal_regime,11,0.04205476882319387,0.015642968540777263,0.04741133886448674,0.053624617613910804,0.03798164907313354,0.03362461761391081,0.03798164907313354,0.00621327874942406
ds03,4,lstm_autoencoder,0,0.02,causal_regime,12,0.04060730828615543,0.06451703983962503,0.015738321663705715,0.04536008201945191,0.04877871817591932,0.04451703983962503,-0.019156957820173126,0.029621760355746193
ds03,4,lstm_autoencoder,0,0.02,causal_regime,13,0.043461157931124914,0.023313552137580237,0.05013975595040203,0.05101337113520555,0.027699818997625313,0.03101337113520555,0.027699818997625313,0.0008736151848035209
ds03,4,lstm_autoencoder,0,0.02,causal_regime,14,0.02653824703442139,0.03300231016171132,0.022085749160817823,0.02678208567016175,0.010916561000893495,0.013002310161711318,-0.006220224491549568,0.004696336509343927
ds03,4,lstm_autoencoder,0,0.02,causal_regime,15,0.027852302586087677,0.025332547827974325,0.028429919027680477,0.02924798734747224,0.003915439519497917,0.009247987347472241,0.003915439519497917,0.0008180683197917642
ds03,4,lstm_autoencoder,0,0.02,causal_regime,all,0.041493682990146594,0.029701818359955053,0.041610716724487976,0.04864162328086912,0.01893980492091407,0.02864162328086912,0.01893980492091407,0.007030906556381146
ds03,4,lstm_autoencoder,1,0.005,pooled,10,0.01731852966603695,0.0034780973867268284,0.019352601884829956,0.024912207311837426,0.0214341099251106,0.019912207311837425,0.0214341099251106,0.00555960542700747
ds03,4,lstm_autoencoder,1,0.005,pooled,11,0.013345737288816915,0.004017076513492651,0.013116154221571499,0.01953187892448881,0.01551480241099616,0.01453187892448881,0.01551480241099616,0.006415724702917312
ds03,4,lstm_autoencoder,1,0.005,pooled,12,0.006105249613998971,0.007425812462941525,0.004201065942104713,0.006719499016320763,0.0032247465208368117,0.002425812462941525,-0.0007063134466207622,0.0025184330742160496
ds03,4,lstm_autoencoder,1,0.005,pooled,13,0.014395664215072733,0.006131161438779217,0.012941277874231959,0.020755909735259186,0.014624748296479969,0.015755909735259185,0.014624748296479969,0.007814631861027228
ds03,4,lstm_autoencoder,1,0.005,pooled,14,0.00558337145399515,0.004830338123668657,0.006332010985657614,0.0053916388956623046,0.0015016728619889567,0.0013320109856576135,0.0005613007719936476,-0.000940372089995309
ds03,4,lstm_autoencoder,1,0.005,pooled,15,0.008827732448255198,0.004852562711233761,0.011388259828280031,0.009917736603367417,0.00653569711704627,0.006388259828280031,0.005065173892133656,-0.0014705232249126142
ds03,4,lstm_autoencoder,1,0.005,pooled,all,0.011733410366585076,0.004956936802882923,0.012408284105022434,0.015342396701676246,0.010385459898793324,0.010342396701676245,0.010385459898793324,0.0029341125966538123
ds03,4,lstm_autoencoder,1,0.005,phase_conditioned,10,0.017178444494252505,0.00856990662405214,0.024689801536020843,0.0153568401237354,0.016119894911968705,0.019689801536020842,0.00678693349968326,-0.009332961412285443
ds03,4,lstm_autoencoder,1,0.005,phase_conditioned,11,0.013594582074752974,0.005576647395201563,0.018311778103139744,0.01404765738206408,0.012735130707938181,0.013311778103139743,0.008471009986862517,-0.004264120721075664
ds03,4,lstm_autoencoder,1,0.005,phase_conditioned,12,0.005751415337107566,0.012395177457153345,0.005517817953809175,0.0026462356950871456,0.009748941762066199,0.007395177457153345,-0.009748941762066199,-0.0028715822587220296
ds03,4,lstm_autoencoder,1,0.005,phase_conditioned,13,0.015333388961072503,0.009325420855032095,0.02031694433157253,0.015258036090571242,0.010991523476540435,0.015316944331572529,0.005932615235539148,-0.0050589082410012875
ds03,4,lstm_autoencoder,1,0.005,phase_conditioned,14,0.005113390691874346,0.007380516636164532,0.00789594140982606,0.002113305697797285,0.005782635712028776,0.00289594140982606,-0.005267210938367246,-0.005782635712028776
ds03,4,lstm_autoencoder,1,0.005,phase_conditioned,15,0.00860185313234684,0.007178071997767511,0.013131527069518891,0.006556908917176465,0.006574618152342426,0.00813152706951889,-0.0006211630805910461,-0.006574618152342426
ds03,4,lstm_autoencoder,1,0.005,phase_conditioned,all,0.011800608490598828,0.008159503755208764,0.01669332404526102,0.01002136687832917,0.008533820290052256,0.011693324045261019,0.0018618631231204063,-0.0066719571669318495
ds03,4,lstm_autoencoder,1,0.005,causal_regime,10,0.012975889340719157,0.009368928996678573,0.01483489351866444,0.013562456654080296,0.005465964521985866,0.009834893518664439,0.004193527657401722,-0.001272436864584144
ds03,4,lstm_autoencoder,1,0.005,causal_regime,11,0.01023326327395514,0.005812946013642307,0.009435496990401823,0.013846401545644824,0.008033455532002517,0.008846401545644825,0.008033455532002517,0.004410904555243001
ds03,4,lstm_autoencoder,1,0.005,causal_regime,12,0.006954451878538343,0.013665753734082502,0.005643222907304839,0.0045304663470863695,0.009135287386996132,0.008665753734082501,-0.009135287386996132,-0.0011127565602184692
ds03,4,lstm_autoencoder,1,0.005,causal_regime,13,0.012830140698446,0.010248879738403778,0.013396869959242979,0.014022451247078656,0.003773571508674878,0.009022451247078657,0.003773571508674878,0.0006255812878356772
ds03,4,lstm_autoencoder,1,0.005,causal_regime,14,0.006003220934823068,0.008040562839398758,0.008048519987793714,0.003630550814164567,0.0044179691736291465,0.0030485199877937135,-0.004410012025234191,-0.0044179691736291465
ds03,4,lstm_autoencoder,1,0.005,causal_regime,15,0.00822385101184714,0.007968745155188986,0.009612408152625491,0.007468505969313227,0.0021439021833122643,0.004612408152625491,-0.0005002391858757588,-0.0021439021833122643
ds03,4,lstm_autoencoder,1,0.005,causal_regime,all,0.010015610046969171,0.008909626989740151,0.010792801132900398,0.010057103734689578,0.0018831741431602472,0.005792801132900398,0.0011474767449494265,-0.0007356973982108207
ds03,4,lstm_autoencoder,1,0.01,pooled,10,0.03848740033940636,0.011170646111424452,0.04010254147361343,0.05598916764825681,0.044818521536832356,0.04598916764825681,0.044818521536832356,0.015886626174643377
ds03,4,lstm_autoencoder,1,0.01,pooled,11,0.026385204071866373,0.006537595110193923,0.028601350252155523,0.03687006923200773,0.030332474121813807,0.02687006923200773,0.030332474121813807,0.008268718979852208
ds03,4,lstm_autoencoder,1,0.01,pooled,12,0.01565877509006691,0.015670440748792952,0.00852753683770509,0.020380171243315138,0.011852634405610048,0.010380171243315138,0.004709730494522186,0.011852634405610048
ds03,4,lstm_autoencoder,1,0.01,pooled,13,0.028831062529552236,0.011323725323967544,0.03414477977663675,0.03577449139879698,0.024450766074829437,0.025774491398796978,0.024450766074829437,0.001629711622160232
ds03,4,lstm_autoencoder,1,0.01,pooled,14,0.012313495967565062,0.008940625843809067,0.011290814769606347,0.014562843750846677,0.0056222179070376105,0.004562843750846677,0.0056222179070376105,0.00327202898124033
ds03,4,lstm_autoencoder,1,0.01,pooled,15,0.017507951873876364,0.00924002356516077,0.01997425829681161,0.02170259969906314,0.01246257613390237,0.01170259969906314,0.01246257613390237,0.0017283414022515285
ds03,4,lstm_autoencoder,1,0.01,pooled,all,0.024686428064408242,0.010180243897211685,0.026647448911783174,0.03198824821691896,0.021808004319707273,0.021988248216918957,0.021808004319707273,0.005340799305135785
ds03,4,lstm_autoencoder,1,0.01,phase_conditioned,10,0.03724264352726458,0.019944225104969605,0.043033798762358036,0.04332940697277601,0.023385181867806408,0.03332940697277601,0.023385181867806408,0.00029560821041797747
ds03,4,lstm_autoencoder,1,0.01,phase_conditioned,11,0.02418005643034069,0.008900581294601364,0.030024808849845454,0.028155691515053937,0.02112422755524409,0.020024808849845456,0.019255110220452572,-0.0018691173347915174
ds03,4,lstm_autoencoder,1,0.01,phase_conditioned,12,0.015459341224909932,0.027585622723550838,0.009112759954018184,0.013716090775582588,0.018472862769532652,0.01758562272355084,-0.01386953194796825,0.004603330821564404
ds03,4,lstm_autoencoder,1,0.01,phase_conditioned,13,0.027595332038001692,0.015623107666222599,0.036447366800881634,0.02828435692119076,0.020824259134659035,0.026447366800881632,0.01266124925496816,-0.008163009879690875
ds03,4,lstm_autoencoder,1,0.01,phase_conditioned,14,0.01160539161930305,0.014220995469682878,0.012149069270674398,0.010038202064537104,0.0041827934051457735,0.004220995469682878,-0.0041827934051457735,-0.0021108672061372936
ds03,4,lstm_autoencoder,1,0.01,phase_conditioned,15,0.01665053242981607,0.013487953861895755,0.021261343456230958,0.01578271040868104,0.007773389594335203,0.011261343456230958,0.002294756546785284,-0.005478633047549919
ds03,4,lstm_autoencoder,1,0.01,phase_conditioned,all,0.02350621273690235,0.015893427389601762,0.028384379539965445,0.02417880465858136,0.012490952150363683,0.018384379539965447,0.008285377268979599,-0.004205574881384084
ds03,4,lstm_autoencoder,1,0.01,causal_regime,10,0.03425282571803657,0.02030456852791878,0.040291654847080825,0.03772608681293277,0.019987086319162045,0.030291654847080823,0.01742151828501399,-0.0025655680341480566
ds03,4,lstm_autoencoder,1,0.01,causal_regime,11,0.02131642720141497,0.009609477149923596,0.02331421831787864,0.026817340202865882,0.017207863052942286,0.016817340202865884,0.017207863052942286,0.003503121884987241
ds03,4,lstm_autoencoder,1,0.01,causal_regime,12,0.018483015954709213,0.030042070192280543,0.010011495454070436,0.018426667405580646,0.020030574738210107,0.02004207019228054,-0.011615402786699897,0.00841517195151021
ds03,4,lstm_autoencoder,1,0.01,causal_regime,13,0.024178199489019482,0.016637398570909533,0.027729550687697783,0.026186736140377764,0.01109215211678825,0.017729550687697784,0.009549337569468231,-0.0015428145473200192
ds03,4,lstm_autoencoder,1,0.01,causal_regime,14,0.013015333905665461,0.01629114037982659,0.013751144339334758,0.01101357392505893,0.00527756645476766,0.006291140379826589,-0.00527756645476766,-0.002737570414275829
ds03,4,lstm_autoencoder,1,0.01,causal_regime,15,0.01567786843682294,0.01418560664785588,0.016976490330569086,0.015859592087776913,0.0027908836827132064,0.006976490330569086,0.001673985439921033,-0.0011168982427921734
ds03,4,lstm_autoencoder,1,0.01,causal_regime,all,0.02206106687449167,0.01692216782553052,0.02433994344663865,0.023347452526407655,0.007417775621108128,0.014339943446638649,0.006425284700877134,-0.0009924909202309942
ds03,4,lstm_autoencoder,1,0.02,pooled,10,0.06702875348211712,0.024534686971235193,0.06659942635610049,0.09733704686313148,0.07280235989189629,0.07733704686313148,0.07280235989189629,0.030737620507030994
ds03,4,lstm_autoencoder,1,0.02,pooled,11,0.04391536214573116,0.010397139211392743,0.0462725719863348,0.06299307679922718,0.052595937587834436,0.042993076799227176,0.052595937587834436,0.016720504812892382
ds03,4,lstm_autoencoder,1,0.02,pooled,12,0.03390375707668554,0.032809102973148485,0.014400668826418644,0.047369004405774615,0.03296833557935597,0.027369004405774614,0.01455990143262613,0.03296833557935597
ds03,4,lstm_autoencoder,1,0.02,pooled,13,0.04948087399125055,0.017848492188446165,0.05680125103123884,0.06380023753879162,0.04595174535034545,0.043800237538791614,0.04595174535034545,0.006998986507552776
ds03,4,lstm_autoencoder,1,0.02,pooled,14,0.022534010941152142,0.017971257988059163,0.019091394568202625,0.02703947546668834,0.009068217478629178,0.007039475466688341,0.009068217478629178,0.007948080898485716
ds03,4,lstm_autoencoder,1,0.02,pooled,15,0.030069607707555433,0.015596415615019689,0.03300803206308346,0.03834199167481246,0.02274557605979277,0.01834199167481246,0.02274557605979277,0.005333959611729
ds03,4,lstm_autoencoder,1,0.02,pooled,all,0.04330030841621746,0.018896982055215193,0.044039669845692735,0.057684928827229226,0.03878794677201403,0.03768492882722922,0.03878794677201403,0.013645258981536491
ds03,4,lstm_autoencoder,1,0.02,phase_conditioned,10,0.0666084979667638,0.04422823839067494,0.06724031056618443,0.08167196908816697,0.03744373069749203,0.06167196908816697,0.03744373069749203,0.01443165852198254
ds03,4,lstm_autoencoder,1,0.02,phase_conditioned,11,0.041327376371996155,0.016194331983805668,0.046872458109646985,0.0518938174207052,0.03569948543689953,0.0318938174207052,0.03569948543689953,0.005021359311058217
ds03,4,lstm_autoencoder,1,0.02,phase_conditioned,12,0.036515697375193,0.0658158511449304,0.014546974605496917,0.03670093380254371,0.051268876539433475,0.04581585114493039,-0.029114917342386686,0.022153959197046793
ds03,4,lstm_autoencoder,1,0.02,phase_conditioned,13,0.04670743385265801,0.025660046021557466,0.05725684311624986,0.05181793801003793,0.03159679709469239,0.037256843116249855,0.026157891988480463,-0.005438905106211929
ds03,4,lstm_autoencoder,1,0.02,phase_conditioned,14,0.023943953227514553,0.034502415169061836,0.019434696368629843,0.022379365466417406,0.015067718800431992,0.014502415169061835,-0.012123049702644429,0.0029446690977875632
ds03,4,lstm_autoencoder,1,0.02,phase_conditioned,15,0.029894435993177523,0.024510867880065734,0.0332687075384089,0.031433623653197726,0.008757839658343168,0.013268707538408902,0.006922755773131992,-0.0018350838852111764
ds03,4,lstm_autoencoder,1,0.02,phase_conditioned,all,0.04261596890039925,0.03247880519146513,0.044493379957012115,0.04730243161094225,0.01482362641947712,0.027302431610942247,0.01482362641947712,0.002809051653930132
ds03,4,lstm_autoencoder,1,0.02,causal_regime,10,0.06734894816048158,0.04460424891896973,0.0701505552578771,0.080394984533075,0.03579073561410527,0.060394984533075,0.03579073561410527,0.010244429275197905
ds03,4,lstm_autoencoder,1,0.02,causal_regime,11,0.04342150095518114,0.016934734321586667,0.051580039043435826,0.05226614071808083,0.03533140639649416,0.03226614071808083,0.03533140639649416,0.000686101674645001
ds03,4,lstm_autoencoder,1,0.02,causal_regime,12,0.04455095213587236,0.07103933139452805,0.017305883582401507,0.049613455623597216,0.053733447812126536,0.05103933139452804,-0.02142587577093083,0.032307572041195706
ds03,4,lstm_autoencoder,1,0.02,causal_regime,13,0.045344554243005805,0.026598643575148358,0.05220839028234396,0.05186582889544462,0.025609746707195603,0.03220839028234396,0.02526718532029626,-0.00034256138689934407
ds03,4,lstm_autoencoder,1,0.02,causal_regime,14,0.02739674522656206,0.03816267138699709,0.023668751907232225,0.025183559565417648,0.014493919479764864,0.01816267138699709,-0.012979111821579441,0.0015148076581854228
ds03,4,lstm_autoencoder,1,0.02,causal_regime,15,0.029401189323744987,0.025348051223217885,0.03163948581762492,0.030763654735362276,0.006291434594407036,0.01163948581762492,0.005415603512144391,-0.0008758310822626451
ds03,4,lstm_autoencoder,1,0.02,causal_regime,all,0.04422408952334903,0.03399129857047944,0.045831595638883414,0.04919084233651329,0.01519954376603385,0.029190842336513288,0.01519954376603385,0.0033592466976298738
ds03,4,lstm_autoencoder,2,0.005,pooled,10,0.0189715346930934,0.0040264460738234,0.02090753406667297,0.027444159446933587,0.02341771337311019,0.022444159446933586,0.02341771337311019,0.006536625380260615
ds03,4,lstm_autoencoder,2,0.005,pooled,11,0.014360258339171615,0.004631452921438586,0.014976817959980479,0.01996457897279021,0.015333126051351623,0.014964578972790209,0.015333126051351623,0.004987761012809731
ds03,4,lstm_autoencoder,2,0.005,pooled,12,0.0055584148224395264,0.008018748058841799,0.003344132093217682,0.00581894760176231,0.004674615965624117,0.0030187480588417985,-0.002199800457079489,0.002474815508544628
ds03,4,lstm_autoencoder,2,0.005,pooled,13,0.016199592328140087,0.006963788300835654,0.017965104108948075,0.020669706141527144,0.01370591784069149,0.015669706141527143,0.01370591784069149,0.0027046020325790683
ds03,4,lstm_autoencoder,2,0.005,pooled,14,0.005019394539450185,0.004920344424109688,0.0054737564845895635,0.0047413909886477555,0.000732365495941808,0.00047375648458956345,-0.00017895343546193206,-0.000732365495941808
ds03,4,lstm_autoencoder,2,0.005,pooled,15,0.008961416125017286,0.005813773216334377,0.010964662180876196,0.009840854924271546,0.005150888964541819,0.005964662180876196,0.004027081707937169,-0.00112380725660465
ds03,4,lstm_autoencoder,2,0.005,pooled,all,0.012494989105407596,0.005615208212777814,0.013845032790867136,0.015613244455144603,0.009998036242366788,0.010613244455144603,0.009998036242366788,0.0017682116642774668
ds03,4,lstm_autoencoder,2,0.005,phase_conditioned,10,0.018002945791040954,0.00839756846525036,0.02559334320925395,0.01679895199198582,0.01719577474400359,0.020593343209253948,0.00840138352673546,-0.00879439121726813
ds03,4,lstm_autoencoder,2,0.005,phase_conditioned,11,0.014149697366456488,0.00593897194347737,0.019023507401984708,0.014570922556754146,0.013084535458507338,0.014023507401984707,0.008631950613276776,-0.004452584845230562
ds03,4,lstm_autoencoder,2,0.005,phase_conditioned,12,0.0052238805970149255,0.01171753677612446,0.004201065942104713,0.0027155088808224113,0.009002027895302049,0.00671753677612446,-0.009002027895302049,-0.001485557061282302
ds03,4,lstm_autoencoder,2,0.005,phase_conditioned,13,0.017089636154851734,0.010566791813007145,0.024220260303153437,0.015669897705068773,0.013653468490146292,0.019220260303153436,0.005103105892061628,-0.008550362598084664
ds03,4,lstm_autoencoder,2,0.005,phase_conditioned,14,0.004555680187490992,0.006900483033812367,0.006484589563625267,0.0021268525291934215,0.004773630504618945,0.0028731474708065786,-0.004773630504618945,-0.004357737034431845
ds03,4,lstm_autoencoder,2,0.005,phase_conditioned,15,0.008740146591066242,0.00860438436017488,0.012382085077958259,0.006381179364957331,0.006000905713000928,0.007382085077958259,-0.0022232049952175485,-0.006000905713000928
ds03,4,lstm_autoencoder,2,0.005,phase_conditioned,all,0.012304208224586943,0.008606515968439712,0.017357848955779305,0.010427638508531704,0.008751332987339593,0.012357848955779304,0.0018211225400919916,-0.006930210447247601
ds03,4,lstm_autoencoder,2,0.005,causal_regime,10,0.013512215426979604,0.00950993294478912,0.01659995167102678,0.013089091689692753,0.00709001872623766,0.01159995167102678,0.0035791587449036325,-0.0035108599813340278
ds03,4,lstm_autoencoder,2,0.005,causal_regime,11,0.010451481009314452,0.006569101592652688,0.00951683748169839,0.013856464337465787,0.007287362744813099,0.008856464337465786,0.007287362744813099,0.004339626855767397
ds03,4,lstm_autoencoder,2,0.005,causal_regime,12,0.006439783839423572,0.013439873507072875,0.004681784930504755,0.004170245781262989,0.009269627725809887,0.008439873507072874,-0.009269627725809887,-0.0005115391492417666
ds03,4,lstm_autoencoder,2,0.005,causal_regime,13,0.01350164697842041,0.012110936175366356,0.015354684594830878,0.012940117236887476,0.0032437484194645216,0.010354684594830878,0.0008291810615211198,-0.0024145673579434018
ds03,4,lstm_autoencoder,2,0.005,causal_regime,14,0.005439244020278103,0.008010560739251748,0.007075831553249924,0.003115771221111382,0.004894789518140366,0.003010560739251748,-0.004894789518140366,-0.003960060332138542
ds03,4,lstm_autoencoder,2,0.005,causal_regime,15,0.008551145530816392,0.010278751046479179,0.008700043988986461,0.007226877835011917,0.003051873211467262,0.005278751046479179,-0.003051873211467262,-0.0014731661539745446
ds03,4,lstm_autoencoder,2,0.005,causal_regime,all,0.010217204419010426,0.00988937978586278,0.01120984780088084,0.009603809925065454,0.0016060378758153849,0.006209847800880839,-0.0002855698607973252,-0.0016060378758153849
ds03,4,lstm_autoencoder,2,0.01,pooled,10,0.04254186545419615,0.011374318480917465,0.045250627751336925,0.06160349629564394,0.050229177814726474,0.05160349629564394,0.050229177814726474,0.016352868544307016
ds03,4,lstm_autoencoder,2,0.01,pooled,11,0.02805437832829901,0.007199231241828006,0.030726370587278347,0.03873168571888585,0.03153245447705784,0.028731685718885847,0.03153245447705784,0.008005315131607502
ds03,4,lstm_autoencoder,2,0.01,pooled,12,0.014140504374678332,0.016348081429821838,0.0072943881283310695,0.017595389176757462,0.010301001048426392,0.007595389176757462,0.001247307746935624,0.010301001048426392
ds03,4,lstm_autoencoder,2,0.01,pooled,13,0.03296738227779698,0.014154656654959429,0.04177902552547006,0.03801578483583005,0.027624368870510632,0.03177902552547006,0.02386112818087062,-0.003763240689640013
ds03,4,lstm_autoencoder,2,0.01,pooled,14,0.012081638791585464,0.00930065104557319,0.01121452548062252,0.013953236338020538,0.004652585292447348,0.0039532363380205375,0.004652585292447348,0.0027387108573980173
ds03,4,lstm_autoencoder,2,0.01,pooled,15,0.01794588115982114,0.011550029456450962,0.020006842731227294,0.02108754626629617,0.00953751680984521,0.011087546266296171,0.00953751680984521,0.001080703535068877
ds03,4,lstm_autoencoder,2,0.01,pooled,all,0.026472198900267942,0.011487601534537817,0.029530112144307313,0.03316756447681242,0.021679962942274603,0.023167564476812418,0.021679962942274603,0.003637452332505106
ds03,4,lstm_autoencoder,2,0.01,phase_conditioned,10,0.03928388460183792,0.016419126402205927,0.0471627740830628,0.04709430971278856,0.03074364768085687,0.037162774083062795,0.03067518331058263,-6.846437027423907e-05
ds03,4,lstm_autoencoder,2,0.01,phase_conditioned,11,0.025608042663481455,0.008648529434931237,0.03187530502684236,0.030238689421993238,0.023226775591911122,0.02187530502684236,0.021590159987062,-0.0016366156048491232
ds03,4,lstm_autoencoder,2,0.01,phase_conditioned,12,0.013381369016984045,0.023886834006268176,0.0075660988609050055,0.012081243592230319,0.01632073514536317,0.013886834006268176,-0.011805590414037857,0.004515144731325313
ds03,4,lstm_autoencoder,2,0.01,phase_conditioned,13,0.031159480754788953,0.017575996124500424,0.04336744117321119,0.030257461399946364,0.025791445048710764,0.033367441173211186,0.01268146527544594,-0.013109979773264824
ds03,4,lstm_autoencoder,2,0.01,phase_conditioned,14,0.010928619321849093,0.01245087156100927,0.011767622825755265,0.009645343954049148,0.002805527606960123,0.0024508715610092706,-0.002805527606960123,-0.002122278871706117
ds03,4,lstm_autoencoder,2,0.01,phase_conditioned,15,0.016954778038998756,0.01550339524355834,0.020691115853956565,0.015464200595283858,0.005226915258672707,0.010691115853956564,-3.919464827448205e-05,-0.005226915258672707
ds03,4,lstm_autoencoder,2,0.01,phase_conditioned,all,0.024599147742413372,0.015366810261685848,0.030694176470318652,0.025267838333985375,0.015327366208632804,0.020694176470318654,0.009901028072299527,-0.005426338136333277
ds03,4,lstm_autoencoder,2,0.01,causal_regime,10,0.03647817873266946,0.018111173779532492,0.04267658461247518,0.042889067471020156,0.024777893691487664,0.032889067471020154,0.024777893691487664,0.00021248285854497811
ds03,4,lstm_autoencoder,2,0.01,causal_regime,11,0.023222961099817387,0.009247152601647789,0.02683219456645518,0.028578328771534375,0.019331176169886586,0.018578328771534376,0.019331176169886586,0.001746134205079193
ds03,4,lstm_autoencoder,2,0.01,causal_regime,12,0.016475810602161606,0.0280938532343225,0.008673842616783363,0.01594668735625814,0.01942001061753914,0.0180938532343225,-0.012147165878064362,0.007272844739474775
ds03,4,lstm_autoencoder,2,0.01,causal_regime,13,0.025978154192146156,0.01827237495458399,0.02936721953381848,0.028217309681621394,0.01109484457923449,0.01936721953381848,0.009944934727037405,-0.0011499098521970848
ds03,4,lstm_autoencoder,2,0.01,causal_regime,14,0.012676947756938483,0.014881041672917103,0.013636710405859018,0.011000027093662792,0.0038810145792543115,0.004881041672917103,-0.0038810145792543115,-0.0026366833121962262
ds03,4,lstm_autoencoder,2,0.01,causal_regime,15,0.016226432489743235,0.016604136305850982,0.015624236302318382,0.016364814550406923,0.0009799000035326001,0.006604136305850982,-0.00023932175544405868,0.0007405782480885414
ds03,4,lstm_autoencoder,2,0.01,causal_regime,all,0.023034281084346003,0.016876241913212273,0.025607123707040755,0.024705453068103164,0.008730881793828481,0.015607123707040755,0.007829211154890891,-0.0009016706389375906
ds03,4,lstm_autoencoder,2,0.02,pooled,10,0.06877381447920336,0.022168954064047126,0.06763954991017115,0.10270918878455289,0.08054023472050575,0.08270918878455288,0.08054023472050575,0.035069638874381734
ds03,4,lstm_autoencoder,2,0.02,pooled,11,0.04796196120318368,0.010507411899998424,0.05423377257198633,0.06567984221542425,0.055172430315425826,0.045679842215424246,0.055172430315425826,0.011446069643437917
ds03,4,lstm_autoencoder,2,0.02,pooled,12,0.030391147709727225,0.03659259677555976,0.011516354896018393,0.03985979107207182,0.02834343617605343,0.01985979107207182,0.003267194296512059,0.02834343617605343
ds03,4,lstm_autoencoder,2,0.02,pooled,13,0.050454359426716416,0.01931694319970934,0.05835272678019529,0.06401095743458105,0.04469401423487171,0.04401095743458104,0.04469401423487171,0.005658230654385754
ds03,4,lstm_autoencoder,2,0.02,pooled,14,0.02174444326078919,0.019291350394527618,0.017432102532804396,0.025915088460809015,0.00848298592800462,0.005915088460809015,0.006623738066281398,0.00848298592800462
ds03,4,lstm_autoencoder,2,0.02,pooled,15,0.030101876181256627,0.019146693125794548,0.030091725182880138,0.037869718503223536,0.018723025377428988,0.017869718503223535,0.018723025377428988,0.007777993320343398
ds03,4,lstm_autoencoder,2,0.02,pooled,all,0.04412908527905373,0.01999920395085315,0.04542371483173771,0.05788994552950736,0.03789074157865421,0.03788994552950736,0.03789074157865421,0.01246623069776965
ds03,4,lstm_autoencoder,2,0.02,phase_conditioned,10,0.06746501873138869,0.038713417309017985,0.06853258528487828,0.08654872907011306,0.047835311761095074,0.06654872907011306,0.047835311761095074,0.01801614378523478
ds03,4,lstm_autoencoder,2,0.02,phase_conditioned,11,0.04504473463574866,0.015343656957418988,0.05528103139742964,0.053886250201255835,0.03993737444001065,0.035281031397429635,0.03854259324383685,-0.001394781196173804
ds03,4,lstm_autoencoder,2,0.02,phase_conditioned,12,0.033845856922285124,0.06934522969195583,0.011746263977427108,0.031075951120840144,0.05759896571452873,0.04934522969195583,-0.038269278571115686,0.019329687143413037
ds03,4,lstm_autoencoder,2,0.02,phase_conditioned,13,0.04771270656764929,0.024358120382705583,0.0589930183591297,0.05371441707214283,0.03463489797642412,0.0389930183591297,0.029356296689437244,-0.005278601286986873
ds03,4,lstm_autoencoder,2,0.02,phase_conditioned,14,0.023981551688484218,0.03909273649155441,0.017660970399755876,0.021647836571026036,0.021431766091798535,0.01909273649155441,-0.017444899920528376,0.00398686617127016
ds03,4,lstm_autoencoder,2,0.02,phase_conditioned,15,0.02968699580509842,0.02651080586648476,0.030531615047491814,0.03136772507111555,0.004856919204630789,0.01136772507111555,0.004856919204630789,0.0008361100236237359
ds03,4,lstm_autoencoder,2,0.02,phase_conditioned,all,0.04337600285476168,0.032218558354995055,0.046088239742255996,0.048004002527912364,0.015785444172917308,0.028004002527912363,0.015785444172917308,0.0019157627856563678
ds03,4,lstm_autoencoder,2,0.02,causal_regime,10,0.07035077327014826,0.0421758475903992,0.07415345499627027,0.08616343200607668,0.04398758441567748,0.06616343200607668,0.04398758441567748,0.01200997700980641
ds03,4,lstm_autoencoder,2,0.02,causal_regime,11,0.047322621522394116,0.017076513492651112,0.05704001952171791,0.057025841249396234,0.0399635060290668,0.03704001952171791,0.03994932775674512,-1.4178272321675733e-05
ds03,4,lstm_autoencoder,2,0.02,causal_regime,12,0.04365671641791045,0.08261569302877149,0.01582192496603616,0.042990939067305826,0.06679376806273533,0.06261569302877149,-0.03962475396146566,0.027169014101269668
ds03,4,lstm_autoencoder,2,0.02,causal_regime,13,0.04901598502819134,0.026462395543175487,0.05680125103123884,0.05722960806099383,0.030767212517818342,0.03722960806099383,0.030767212517818342,0.0004283570297549874
ds03,4,lstm_autoencoder,2,0.02,causal_regime,14,0.02886935161454058,0.048003360235216466,0.021399145559963383,0.025535777181717196,0.026604214675253084,0.028003360235216466,-0.02246758305349927,0.004136631621753813
ds03,4,lstm_autoencoder,2,0.02,causal_regime,15,0.029534873000507077,0.027611546928777403,0.028886101109499993,0.031334775780074466,0.0037232288512970627,0.011334775780074465,0.0037232288512970627,0.0024486746705744723
ds03,4,lstm_autoencoder,2,0.02,causal_regime,all,0.04640069082761055,0.0362232979091463,0.04796724121337666,0.05136702880014445,0.015143730890998151,0.031367028800144456,0.015143730890998151,0.0033997875867677954
ds03,8,pca,-1,0.005,pooled,10,0.010230219973744036,0.008538572413360907,0.009066935627908931,0.012637743700393002,0.004099171287032095,0.007637743700393002,0.004099171287032095,0.003570808072484071
ds03,8,pca,-1,0.005,pooled,11,0.006959997243565448,0.0016068306053970605,0.004504229705547422,0.012809933988085654,0.011203103382688593,0.007809933988085654,0.011203103382688593,0.008305704282538233
ds03,8,pca,-1,0.005,pooled,12,0.00319094184251158,0.000818815822909902,0.0027589089769045876,0.004641303444262794,0.003822487621352892,0.004181184177090098,0.003822487621352892,0.0018823944673582067
ds03,8,pca,-1,0.005,pooled,13,0.008228931987142045,0.004677849097735255,0.003250711093051605,0.014348109267844144,0.01109739817479254,0.009348109267844143,0.009670260170108889,0.01109739817479254
ds03,8,pca,-1,0.005,pooled,14,0.003847575839228981,0.0017401218085265969,0.003337656393042417,0.005161342761927985,0.003421220953401388,0.003259878191473403,0.003421220953401388,0.0018236863688855685
ds03,8,pca,-1,0.005,pooled,15,0.007371041349744157,0.006201358097423336,0.00612587367014777,0.009039088842271744,0.002913215172123974,0.004039088842271744,0.0028377307448484088,0.002913215172123974
ds03,8,pca,-1,0.005,pooled,all,0.007070478473814745,0.004418072765015477,0.0051626711151644585,0.010265882211321437,0.00584780944630596,0.005265882211321436,0.00584780944630596,0.005103211096156978
ds03,8,pca,-1,0.005,phase_conditioned,10,0.013772373603150716,0.02882747383593407,0.01146237169182925,0.005614328647387135,0.023213145188546936,0.02382747383593407,-0.023213145188546936,-0.005848043044442116
ds03,8,pca,-1,0.005,phase_conditioned,11,0.0074883138660143105,0.010223853557869532,0.006954612005856516,0.006269119304459829,0.003954734253409703,0.0052238535578695315,-0.003954734253409703,-0.0006854927013966866
ds03,8,pca,-1,0.005,phase_conditioned,12,0.0072568193515182705,0.018013948104017845,0.008652941791200753,0.001052952423176037,0.016960995680841806,0.013013948104017844,-0.016960995680841806,-0.007599989368024716
ds03,8,pca,-1,0.005,phase_conditioned,13,0.011344085380632805,0.02431270437204796,0.005171585829854827,0.007940308800429102,0.019141118542193133,0.01931270437204796,-0.016372395571618858,0.002768722970574275
ds03,8,pca,-1,0.005,phase_conditioned,14,0.0052951165865610566,0.014731031172182052,0.0054737564845895635,0.0009076377035411418,0.01382339346864091,0.009731031172182051,-0.01382339346864091,-0.004566118781048421
ds03,8,pca,-1,0.005,phase_conditioned,15,0.010634766975522058,0.024572881461039968,0.007641049870476873,0.0027787235444650684,0.0217941579165749,0.019572881461039967,-0.0217941579165749,-0.0048623263260118045
ds03,8,pca,-1,0.005,phase_conditioned,all,0.009679619426900413,0.0208473024649968,0.007710780427220774,0.0044351319630443285,0.01641217050195247,0.0158473024649968,-0.01641217050195247,-0.0032756484641764455
ds03,8,pca,-1,0.005,causal_regime,10,0.012787774967180046,0.02820078962210942,0.006167197234742228,0.008894857935468245,0.02203359238736719,0.02320078962210942,-0.019305931686641173,0.002727660700726017
ds03,8,pca,-1,0.005,causal_regime,11,0.007913264192766657,0.009215646119189022,0.004829591670733691,0.010133231363709548,0.005303639692975857,0.005133231363709548,0.0009175852445205256,0.005303639692975857
ds03,8,pca,-1,0.005,causal_regime,12,0.007623520329387545,0.017477482564869976,0.00612394189570488,0.0037823159411455014,0.013695166623724475,0.012477482564869975,-0.013695166623724475,-0.0023416259545593785
ds03,8,pca,-1,0.005,causal_regime,13,0.010724233429887195,0.024418675063582414,0.002499599817763166,0.008457530362821347,0.02191907524581925,0.019418675063582413,-0.015961144700761067,0.005957930545058181
ds03,8,pca,-1,0.005,causal_regime,14,0.00758862270571058,0.014190993369535868,0.007915013732072018,0.004375626540952071,0.009815366828583798,0.009190993369535869,-0.009815366828583798,-0.003539387191119947
ds03,8,pca,-1,0.005,causal_regime,15,0.0104088876596137,0.021782270317199467,0.00529497059254794,0.005799075223231447,0.016487299724651527,0.016782270317199467,-0.01598319509396802,0.0005041046306835072
ds03,8,pca,-1,0.005,causal_regime,all,0.009743727981993992,0.01988592003380147,0.005265787049555226,0.007188750789972614,0.014620132984246244,0.014885920033801469,-0.012697169243828856,0.0019229637404173877
ds03,8,pca,-1,0.01,pooled,10,0.017498639172616952,0.012862693488751019,0.012891228291360671,0.025583725052015102,0.012721031563264084,0.015583725052015102,0.012721031563264084,0.012692496760654431
ds03,8,pca,-1,0.01,pooled,11,0.013246199374442493,0.003938310307345736,0.009699853587115666,0.022701658348092096,0.01876334804074636,0.012701658348092096,0.01876334804074636,0.01300180476097643
ds03,8,pca,-1,0.01,pooled,12,0.009366958311888832,0.00352937854702544,0.010952032605287909,0.011180692177671868,0.007651313630646427,0.00647062145297456,0.007651313630646427,0.0002286595723839588
ds03,8,pca,-1,0.01,pooled,13,0.015512192408402967,0.011883856122078236,0.008409983623311539,0.023332439370139076,0.014922455746827537,0.013332439370139075,0.01144858324806084,0.014922455746827537
ds03,8,pca,-1,0.01,pooled,14,0.010853422399909763,0.007620533437340614,0.00612221544095209,0.015673683925329866,0.009551468484377774,0.005673683925329865,0.008053150487989252,0.009551468484377774
ds03,8,pca,-1,0.01,pooled,15,0.015461208684829208,0.011426002294502496,0.008537121816908064,0.022987622049665566,0.014450500232757502,0.012987622049665566,0.01156161975516307,0.014450500232757502
ds03,8,pca,-1,0.01,pooled,all,0.014117785180728195,0.00909945409398891,0.009699772228358257,0.020827063709410454,0.011727609615421544,0.010827063709410454,0.011727609615421544,0.011127291481052197
ds03,8,pca,-1,0.01,phase_conditioned,10,0.024150683615638307,0.04617095945353136,0.018942856242317268,0.014134898006362907,0.03203606144716846,0.03617095945353136,-0.03203606144716846,-0.004807958235954361
ds03,8,pca,-1,0.01,phase_conditioned,11,0.015432205109357713,0.01715527969879803,0.015952903855539286,0.013816213170181935,0.0033390665286160935,0.007155279698798029,-0.0033390665286160935,-0.002136690685357351
ds03,8,pca,-1,0.01,phase_conditioned,12,0.013645136387030365,0.026936217070898157,0.01628174312885359,0.00537559921305661,0.02156061785784155,0.01693621707089816,-0.02156061785784155,-0.01090614391579698
ds03,8,pca,-1,0.01,phase_conditioned,13,0.018539930783198832,0.027961123894877073,0.014960659007794318,0.01536339603846596,0.013000464887082754,0.01796112389487707,-0.012597727856411113,0.0004027370306716408
ds03,8,pca,-1,0.01,phase_conditioned,14,0.009888395235021713,0.021871531007170503,0.008067592310039671,0.005770950174754125,0.01610058083241638,0.011871531007170503,-0.01610058083241638,-0.0022966421352855464
ds03,8,pca,-1,0.01,phase_conditioned,15,0.016396994422163833,0.03082074974419398,0.00977533032470389,0.010642621006271348,0.02104541941949009,0.020820749744193977,-0.02017812873792263,0.0008672906815674584
ds03,8,pca,-1,0.01,phase_conditioned,all,0.01698258796195814,0.029251744419236222,0.014640171218280392,0.011368082096963496,0.017883662322272724,0.019251744419236223,-0.017883662322272724,-0.0032720891213168964
ds03,8,pca,-1,0.01,causal_regime,10,0.036682302840126794,0.06166572664034593,0.03229636166882046,0.02372329065709662,0.03794243598324931,0.05166572664034593,-0.03794243598324931,-0.008573071011723839
ds03,8,pca,-1,0.01,causal_regime,11,0.016305076050794964,0.018273759826084215,0.008774605498617211,0.02250040251167284,0.013725797013055627,0.012500402511672839,0.004226642685588623,0.013725797013055627
ds03,8,pca,-1,0.01,causal_regime,12,0.01936438497169326,0.031143236298952482,0.014421569652001254,0.016861093407963646,0.01672166664695123,0.021143236298952484,-0.014282142890988836,0.0024395237559623924
ds03,8,pca,-1,0.01,causal_regime,13,0.017840610633639682,0.030186508417100643,0.005873443906763695,0.01933833952722118,0.02431306451033695,0.020186508417100645,-0.010848168889879464,0.013464895620457485
ds03,8,pca,-1,0.01,causal_regime,14,0.018460844336105176,0.029642074945246167,0.01882438205675923,0.013153973285648487,0.01648810165959768,0.01964207494524617,-0.01648810165959768,-0.005670408771110743
ds03,8,pca,-1,0.01,causal_regime,15,0.017037754114230398,0.02940994077703017,0.00959611593541765,0.013289547386572065,0.019813824841612517,0.01940994077703017,-0.016120393390458104,0.0036934314511544147
ds03,8,pca,-1,0.01,causal_regime,all,0.02129176421336872,0.033917817110770236,0.01530698759400736,0.01844774143067802,0.018610829516762878,0.023917817110770234,-0.015470075680092215,0.003140753836670661
ds03,8,pca,-1,0.02,pooled,10,0.03195542890077167,0.016732468509118255,0.029396623275653753,0.045332951705765144,0.02860048319664689,0.025332951705765144,0.02860048319664689,0.01593632843011139
ds03,8,pca,-1,0.02,pooled,11,0.025263488344493063,0.005356102017990201,0.021402716772409305,0.041800837224279505,0.036444735206289304,0.021800837224279505,0.036444735206289304,0.0203981204518702
ds03,8,pca,-1,0.02,pooled,12,0.02321152856407617,0.009571674619532993,0.018915247152262515,0.032752362215633574,0.02318068759610058,0.012752362215633573,0.02318068759610058,0.013837115063371059
ds03,8,pca,-1,0.02,pooled,13,0.027066868515891653,0.01774252149691171,0.019885978845751297,0.03855216275238497,0.020809641255473257,0.018552162752384967,0.020809641255473257,0.01866618390663367
ds03,8,pca,-1,0.02,pooled,14,0.02389382194622167,0.010770753952776694,0.01098565761367104,0.03898778075808069,0.028217026805303996,0.018987780758080688,0.028217026805303996,0.028002123144409648
ds03,8,pca,-1,0.02,pooled,15,0.027612593924307382,0.017348299277541782,0.011567474217566268,0.045700666673988734,0.03413319245642246,0.025700666673988733,0.02835236739644695,0.03413319245642246
ds03,8,pca,-1,0.02,pooled,all,0.026883883958880927,0.01346241576422249,0.01995637050242666,0.040815251737939755,0.027352835973717265,0.020815251737939754,0.027352835973717265,0.020858881235513094
ds03,8,pca,-1,0.02,phase_conditioned,10,0.05774711024302776,0.13790186125211507,0.0330318025656381,0.027323066083950725,0.11057879516816434,0.11790186125211506,-0.11057879516816434,-0.005708736481687373
ds03,8,pca,-1,0.02,phase_conditioned,11,0.026760385441431507,0.03662628585831535,0.023080364405401007,0.024100386411205925,0.013545921452914344,0.01662628585831535,-0.012525899447109426,0.001020022005804918
ds03,8,pca,-1,0.02,phase_conditioned,12,0.025437467833247556,0.059830025129175256,0.01991848678022782,0.01221978996370085,0.047610235165474406,0.03983002512917526,-0.047610235165474406,-0.007698696816526969
ds03,8,pca,-1,0.02,phase_conditioned,13,0.027420502000611906,0.03763473416495095,0.022607218056222525,0.024702118692770392,0.015027516108728427,0.01763473416495095,-0.01293261547218056,0.0020949006365478667
ds03,8,pca,-1,0.02,phase_conditioned,14,0.025723613713412,0.06435450481533707,0.012625877326823314,0.017583787152185105,0.051728627488513756,0.044354504815337065,-0.04677071766315197,0.004957909825361791
ds03,8,pca,-1,0.02,phase_conditioned,15,0.0265892223297838,0.042091718086260894,0.012593883901660177,0.025041461191226702,0.029497834184600717,0.022091718086260894,-0.017050256895034192,0.012447577289566525
ds03,8,pca,-1,0.02,phase_conditioned,all,0.03255324292739745,0.06304709243049113,0.022085141681293854,0.022412651599506454,0.04096195074919727,0.043047092430491124,-0.04063444083098468,0.00032750991821259984
ds03,8,pca,-1,0.02,causal_regime,10,0.09326470494060389,0.16177852979883436,0.07871318855653965,0.06037054569072755,0.10140798410810681,0.14177852979883437,-0.10140798410810681,-0.018342642865812102
ds03,8,pca,-1,0.02,causal_regime,11,0.03292790775132366,0.039367349832227984,0.02124003578981617,0.04038198357752375,0.019141947787707576,0.020381983577523747,0.0010146337452957635,0.019141947787707576
ds03,8,pca,-1,0.02,causal_regime,12,0.045483787956767885,0.07228167264308101,0.031852858187898424,0.04136994652110061,0.040428814455182586,0.052281672643081006,-0.0309117261219804,0.009517088333202188
ds03,8,pca,-1,0.02,causal_regime,13,0.03093696979811104,0.039678454644544024,0.01168532131555293,0.0403815945749205,0.02869627325936757,0.0203815945749205,0.0007031399303764757,0.02869627325936757
ds03,8,pca,-1,0.02,causal_regime,14,0.04130190937517624,0.08058564099486965,0.03072551113823619,0.031076431222737,0.049860129856633455,0.06058564099486964,-0.04950920977213265,0.0003509200845008102
ds03,8,pca,-1,0.02,causal_regime,15,0.029885216429262895,0.039611174847291555,0.016764691506867168,0.031839998242704476,0.022846483340424387,0.019611174847291555,-0.0077711766045870795,0.015075306735837308
ds03,8,pca,-1,0.02,causal_regime,all,0.046214544300170156,0.07117597891082106,0.03367078977639883,0.04117638207589756,0.03750518913442223,0.051175978910821054,-0.029999596834923502,0.00750559229949873
ds03,8,isolation_forest,0,0.005,pooled,10,0.00695622938746758,0.0016607131666353326,0.005547325621710215,0.012153370248461564,0.010492657081826232,0.007153370248461564,0.010492657081826232,0.006606044626751349
ds03,8,isolation_forest,0,0.005,pooled,11,0.0059148491426340025,0.0019061421887553364,0.003863673336586953,0.010505554661085171,0.008599412472329836,0.005505554661085171,0.008599412472329836,0.006641881324498219
ds03,8,isolation_forest,0,0.005,pooled,12,0.003049408131755018,0.005477595504983482,0.0020064792559306094,0.002549253235057774,0.0034711162490528727,0.0029935207440693907,-0.002928342269925708,0.0005427739791271646
ds03,8,isolation_forest,0,0.005,pooled,13,0.00714021766339655,0.0028006539905534697,0.0036324233804932706,0.012614459216121988,0.009813805225568519,0.007614459216121988,0.009813805225568519,0.008982035835628718
ds03,8,isolation_forest,0,0.005,pooled,14,0.003220934823067909,0.0015301071074975247,0.005168599328654257,0.002600991628058197,0.003638492221156732,0.003469892892502475,0.0010708845205606723,-0.00256760770059606
ds03,8,isolation_forest,0,0.005,pooled,15,0.004448439588807449,0.002108461753123934,0.004822496293520585,0.005853990708299926,0.0037455289551759923,0.002891538246876066,0.0037455289551759923,0.001031494414779341
ds03,8,isolation_forest,0,0.005,pooled,all,0.005432234553893281,0.0024279498978913884,0.004275874079403852,0.008227000511601312,0.005799050613709923,0.0032270005116013115,0.005799050613709923,0.003951126432197459
ds03,8,isolation_forest,0,0.005,phase_conditioned,10,0.008108930229579585,0.013552046123958137,0.006524411384625083,0.005944583273704025,0.007607462850254112,0.008552046123958136,-0.007607462850254112,-0.0005798281109210572
ds03,8,isolation_forest,0,0.005,phase_conditioned,11,0.005149172878215362,0.003859544101198822,0.0047685863022612655,0.006349621639027532,0.00249007753782871,0.001349621639027532,0.00249007753782871,0.0015810353367662665
ds03,8,isolation_forest,0,0.005,phase_conditioned,12,0.003808543489449305,0.012056357116638902,0.002403594942000209,0.0006927318573526559,0.011363625259286246,0.007056357116638902,-0.011363625259286246,-0.001710863084647553
ds03,8,isolation_forest,0,0.005,phase_conditioned,13,0.00714021766339655,0.008023495216180211,0.004457414453351065,0.008668250258610781,0.004210835805259716,0.003668250258610781,0.0006447550424305698,0.004210835805259716
ds03,8,isolation_forest,0,0.005,phase_conditioned,14,0.003070540979189252,0.004230296120728451,0.005721696673787,0.0006637947384106858,0.005057901935376315,0.0043362052615893145,-0.0035665013823177657,-0.005057901935376315
ds03,8,isolation_forest,0,0.005,phase_conditioned,15,0.004688148250587747,0.006650956559486528,0.0054253083302106585,0.00280068973849246,0.0038502668209940676,0.00219931026150754,-0.0038502668209940676,-0.0026246185917181983
ds03,8,isolation_forest,0,0.005,phase_conditioned,all,0.0056129743357233725,0.008073775385548035,0.005041223459104221,0.004570555839778507,0.003503219545769528,0.0030737753855480344,-0.003503219545769528,-0.0004706676193257141
ds03,8,isolation_forest,0,0.005,causal_regime,10,0.00906150939771381,0.014084727705709094,0.0036036603944064466,0.011250674269862064,0.010481067311302647,0.009084727705709093,-0.00283405343584703,0.007647013875455617
ds03,8,isolation_forest,0,0.005,causal_regime,11,0.005811482846937486,0.003938310307345736,0.0036298194241093217,0.009167203348897118,0.005537383924787797,0.004167203348897118,0.005228893041551382,0.005537383924787797
ds03,8,isolation_forest,0,0.005,causal_regime,12,0.0070895522388059705,0.011971652031510292,0.0037621486048698923,0.006899609299232453,0.0082095034266404,0.006971652031510292,-0.005072042732277839,0.003137460694362561
ds03,8,isolation_forest,0,0.005,causal_regime,13,0.0063852697746679225,0.00840196197166041,0.002327213623434672,0.008265966821194591,0.006074748348225738,0.0034019619716604095,-0.0001359951504658185,0.005938753197759919
ds03,8,isolation_forest,0,0.005,causal_regime,14,0.005395379149146828,0.00411028772014041,0.007800579798596277,0.00426725188978298,0.003690292078455867,0.002800579798596277,0.00015696416964256985,-0.0035333279088132974
ds03,8,isolation_forest,0,0.005,causal_regime,15,0.006748720785506846,0.006557936188025177,0.008651167337362941,0.00560137947698492,0.0030497878603780205,0.003651167337362941,-0.000956556711040257,-0.0030497878603780205
ds03,8,isolation_forest,0,0.005,causal_regime,all,0.006809409900060169,0.008229923487430077,0.0046035536042456264,0.007747374281501098,0.003626369883184451,0.003229923487430077,-0.00048254920592897925,0.0031438206772554716
ds03,8,isolation_forest,0,0.01,pooled,10,0.014212641285901828,0.0032900921225794324,0.010548323720070182,0.025726835390085755,0.022436743267506325,0.015726835390085757,0.022436743267506325,0.015178511670015573
ds03,8,isolation_forest,0,0.01,pooled,11,0.011783757709402888,0.0026938042502244837,0.010360745078900276,0.01899855095797778,0.016304746707753295,0.00899855095797778,0.016304746707753295,0.008637805879077504
ds03,8,isolation_forest,0,0.01,pooled,12,0.009823726196603192,0.007990513030465595,0.005225206395652628,0.0137715093241708,0.008546302928518172,0.004774793604347372,0.005780996293705206,0.008546302928518172
ds03,8,isolation_forest,0,0.01,pooled,13,0.014093685059581283,0.0042388276613782245,0.010244665262950512,0.023322861193057737,0.019084033531679513,0.013322861193057737,0.019084033531679513,0.013078195930107225
ds03,8,isolation_forest,0,0.01,pooled,14,0.007952074495084002,0.002550178512495875,0.00892584681110772,0.009699531279633694,0.007149352767137819,0.007449821487504125,0.007149352767137819,0.0007736844685259734
ds03,8,isolation_forest,0,0.01,pooled,15,0.008717097681279675,0.003240209605903693,0.008569706251323743,0.012696460147832486,0.009456250541928793,0.006759790394096308,0.009456250541928793,0.004126753896508743
ds03,8,isolation_forest,0,0.01,pooled,all,0.011480065715130931,0.0037904186299994183,0.009392715890394636,0.017917331246802493,0.014126912616803076,0.007917331246802493,0.014126912616803076,0.008524615356407857
ds03,8,isolation_forest,0,0.01,phase_conditioned,10,0.036141974320386794,0.10138183869148336,0.012859709395782772,0.01469633087110162,0.08852212929570058,0.09138183869148336,-0.08668550782038174,0.0018366214753188486
ds03,8,isolation_forest,0,0.01,phase_conditioned,11,0.012308245950529657,0.01197246333433104,0.012231576378721328,0.012598615359845435,0.0006261520255143958,0.002598615359845435,0.0006261520255143958,0.0003670389811241074
ds03,8,isolation_forest,0,0.01,phase_conditioned,12,0.020316520844055583,0.07253578789846683,0.006709165012017975,0.003713042755410236,0.0688227451430566,0.06253578789846684,-0.0688227451430566,-0.002996122256607739
ds03,8,isolation_forest,0,0.01,phase_conditioned,13,0.020308098206800095,0.037816398207581446,0.014024848238582494,0.014118233017892034,0.023791549968998953,0.027816398207581444,-0.02369816518968941,9.338477930954069e-05
ds03,8,isolation_forest,0,0.01,phase_conditioned,14,0.01021424856342547,0.022141549908493596,0.01178669514800122,0.0037118318025413854,0.01842971810595221,0.012141549908493596,-0.01842971810595221,-0.008074863345459836
ds03,8,isolation_forest,0,0.01,phase_conditioned,15,0.014719033789701748,0.029828532448606244,0.010394434578601801,0.006930334215642126,0.02289819823296412,0.019828532448606245,-0.02289819823296412,-0.003464100362959675
ds03,8,isolation_forest,0,0.01,phase_conditioned,all,0.0195701019326026,0.04580344321873287,0.011785005568260457,0.009844563483703994,0.03595887973502888,0.03580344321873287,-0.03595887973502888,-0.001940442084556463
ds03,8,isolation_forest,0,0.01,causal_regime,10,0.02285789760174186,0.04590461866265589,0.008972378941175235,0.021213355497088256,0.03693223972148066,0.03590461866265589,-0.024691263165567634,0.012240976555913021
ds03,8,isolation_forest,0,0.01,causal_regime,11,0.011397091195871473,0.0057341798074953924,0.008032373515536035,0.018344469489615198,0.012610289682119805,0.008344469489615198,0.012610289682119805,0.010312095974079163
ds03,8,isolation_forest,0,0.01,causal_regime,12,0.015478641276376737,0.023943304063020584,0.006479255930609259,0.01729058715952229,0.017464048132411324,0.013943304063020584,-0.006652716903498293,0.010811331228913031
ds03,8,isolation_forest,0,0.01,causal_regime,13,0.01381951977367457,0.019619716604093496,0.005935010404738158,0.016282901038274396,0.01368470619935534,0.009619716604093496,-0.0033368155658191,0.01034789063353624
ds03,8,isolation_forest,0,0.01,causal_regime,14,0.01048370420037473,0.00930065104557319,0.011138236191638694,0.010552981657590289,0.0018375851460655044,0.0011382361916386936,0.0012523306120170996,-0.0005852545340484048
ds03,8,isolation_forest,0,0.01,causal_regime,15,0.013801687180196377,0.01260426033301293,0.01829615992440411,0.011620116640490286,0.006676043283913826,0.008296159924404111,-0.000984143692522645,-0.006676043283913826
ds03,8,isolation_forest,0,0.01,causal_regime,all,0.014860054113799637,0.020087994048001764,0.00949354035957672,0.016053372054530682,0.010594453688425043,0.010087994048001763,-0.004034621993471082,0.006559831694953961
ds03,8,isolation_forest,0,0.02,pooled,10,0.02948592744388588,0.01037162373879802,0.01828095943518139,0.05465714065544535,0.04428551691664733,0.034657140655445354,0.04428551691664733,0.03637618122026396
ds03,8,isolation_forest,0,0.02,pooled,11,0.02236540368366851,0.0035917390002993114,0.016776476329917033,0.03988890677829657,0.036297167777997255,0.019888906778296567,0.036297167777997255,0.023112430448379535
ds03,8,isolation_forest,0,0.02,pooled,12,0.025045033453422544,0.011096366151847982,0.012519594523983697,0.0401923023636011,0.029095936211753118,0.0201923023636011,0.029095936211753118,0.0276727078396174
ds03,8,isolation_forest,0,0.02,pooled,13,0.024357002936349945,0.006600460215574664,0.020637090121039734,0.0384851155128156,0.03188465529724094,0.018485115512815602,0.03188465529724094,0.01784802539177587
ds03,8,isolation_forest,0,0.02,pooled,14,0.02144992198319349,0.0037802646185232966,0.016344980164784865,0.03305426860657292,0.029274003988049625,0.016219735381476703,0.029274003988049625,0.016709288441788057
ds03,8,isolation_forest,0,0.02,pooled,15,0.01700087585857189,0.0055812222876810026,0.016341093859463335,0.025535700556843018,0.019954478269162017,0.014418777712318998,0.019954478269162017,0.009194606697379683
ds03,8,isolation_forest,0,0.02,pooled,all,0.02343669743619847,0.0067511091107824855,0.017243275695345117,0.03877072737668904,0.03201961826590655,0.01877072737668904,0.03201961826590655,0.021527451681343922
ds03,8,isolation_forest,0,0.02,phase_conditioned,10,0.05463321699593353,0.1394842388920223,0.019268551496622224,0.03206772421537005,0.12021568739540008,0.1194842388920223,-0.10741651467665225,0.012799172718747823
ds03,8,isolation_forest,0,0.02,phase_conditioned,11,0.020210024999330032,0.01929772050599411,0.017447535383113714,0.023526807277411046,0.006079271894297331,0.0035268072774110454,0.004229086771416937,0.006079271894297331
ds03,8,isolation_forest,0,0.02,phase_conditioned,12,0.040948275862068964,0.12158003218793235,0.013543734977531613,0.01954889301449195,0.10803629721040074,0.10158003218793235,-0.10203113917344041,0.006005158036960338
ds03,8,isolation_forest,0,0.02,phase_conditioned,13,0.032820366109991936,0.05524100762988979,0.02147439449349242,0.0274606336921957,0.033766613136397367,0.035241007629889784,-0.027780373937694086,0.00598623919870328
ds03,8,isolation_forest,0,0.02,phase_conditioned,14,0.020039979696831075,0.0396327742942006,0.016917149832163563,0.01341136308217508,0.026221411212025515,0.019632774294200597,-0.026221411212025515,-0.003505786749988483
ds03,8,isolation_forest,0,0.02,phase_conditioned,15,0.023832572719310375,0.04185916715760751,0.017318626891933725,0.015453217498270163,0.02640594965933735,0.021859167157607513,-0.02640594965933735,-0.001865409393663562
ds03,8,isolation_forest,0,0.02,phase_conditioned,all,0.032380227067867785,0.06767642439217054,0.01808424342693205,0.022431460471275092,0.0495921809652385,0.04767642439217054,-0.045244963920895456,0.004347217044343044
ds03,8,isolation_forest,0,0.02,causal_regime,10,0.04842944510262239,0.10265087422447829,0.019121463317258697,0.04103964156364557,0.08352941090721959,0.08265087422447828,-0.06161123266083272,0.021918178246386873
ds03,8,isolation_forest,0,0.02,causal_regime,11,0.02478111229790932,0.013279982356369823,0.018677810313974298,0.03816816937691193,0.024888187020542102,0.018168169376911927,0.024888187020542102,0.01949035906293763
ds03,8,isolation_forest,0,0.02,causal_regime,12,0.04096114256304684,0.08312392353954316,0.01423346222175776,0.03798941505721965,0.0688904613177854,0.06312392353954316,-0.04513450848232351,0.02375595283546189
ds03,8,isolation_forest,0,0.02,causal_regime,13,0.030611150182975527,0.037604456824512536,0.018814721780995653,0.03536262978429945,0.018789735043516883,0.017604456824512536,-0.0022418270402130847,0.0165479080033038
ds03,8,isolation_forest,0,0.02,causal_regime,14,0.03056754876833708,0.02454171792025442,0.017184162343606958,0.042794440380395024,0.025610278036788066,0.022794440380395024,0.018252722460140605,0.025610278036788066
ds03,8,isolation_forest,0,0.02,causal_regime,15,0.028612916609044393,0.029797525658119127,0.03163948581762492,0.025733396303089545,0.005906089514535376,0.01163948581762492,-0.004064129355029582,-0.005906089514535376
ds03,8,isolation_forest,0,0.02,causal_regime,all,0.03377593982755571,0.04764966489392645,0.01995637050242666,0.03659642180023474,0.027693294391499788,0.027649664893926448,-0.011053243093691711,0.016640051297808076
ds03,8,isolation_forest,1,0.005,pooled,10,0.006964234254426691,0.001551043429216018,0.005557831920236182,0.012241438148812735,0.010690394719596718,0.007241438148812735,0.010690394719596718,0.0066836062285765534
ds03,8,isolation_forest,1,0.005,pooled,11,0.005796169321649114,0.0019376486712141022,0.0036399869855213924,0.010394863951054581,0.00845721527984048,0.005394863951054581,0.00845721527984048,0.006754876965533189
ds03,8,isolation_forest,1,0.005,pooled,12,0.0029722079258878023,0.0053081853347262615,0.0018183718256871147,0.0025908171464989332,0.003489813509039147,0.0031816281743128855,-0.002717368188227328,0.0007724453208118186
ds03,8,isolation_forest,1,0.005,pooled,13,0.006985254675710147,0.002709821969238222,0.0036570499796830555,0.012279223018275161,0.00956940104903694,0.007279223018275161,0.00956940104903694,0.008622173038592106
ds03,8,isolation_forest,1,0.005,pooled,14,0.0031708035417750235,0.0011700819057334014,0.0048443698504729935,0.0028854750873770624,0.003674287944739592,0.0038299180942665987,0.001715393181643661,-0.001958894763095931
ds03,8,isolation_forest,1,0.005,pooled,15,0.004213340708984465,0.0019999379864190257,0.004578113035402988,0.0055354808949027445,0.003535542908483719,0.0030000620135809744,0.003535542908483719,0.0009573678594997567
ds03,8,isolation_forest,1,0.005,pooled,all,0.005324872033917288,0.0023177277083275927,0.004138386166882828,0.008146122362996179,0.005828394654668586,0.0031461223629961786,0.005828394654668586,0.004007736196113351
ds03,8,isolation_forest,1,0.005,phase_conditioned,10,0.007572604143319138,0.011734661903866642,0.006156690936216262,0.006131727561950263,0.005602934341916378,0.0067346619038666415,-0.005602934341916378,-2.4963374265998643e-05
ds03,8,isolation_forest,1,0.005,phase_conditioned,11,0.0050151795319420996,0.004127349202098332,0.004372051407190499,0.006218805345355015,0.0020914561432566836,0.0012188053453550153,0.0020914561432566836,0.0018467539381645161
ds03,8,isolation_forest,1,0.005,phase_conditioned,12,0.0037120432321152857,0.012338707400400937,0.0020691817326784407,0.0005680401230291779,0.01177066727737176,0.007338707400400937,-0.01177066727737176,-0.0015011416096492628
ds03,8,isolation_forest,1,0.005,phase_conditioned,13,0.00717995176280332,0.00832626862056437,0.0042850282590225705,0.008706562966936133,0.004421534707913562,0.0037065629669361328,0.00038029434637176264,0.004421534707913562
ds03,8,isolation_forest,1,0.005,phase_conditioned,14,0.002957745596280259,0.004290300321022472,0.00537839487335978,0.0006367010756184128,0.004741693797741368,0.004363298924381588,-0.003653599245404059,-0.004741693797741368
ds03,8,isolation_forest,1,0.005,phase_conditioned,15,0.004669709122758494,0.006992031254844811,0.004887665162351945,0.0028775714175883317,0.004114459837256479,0.0021224285824116684,-0.004114459837256479,-0.002010093744763613
ds03,8,isolation_forest,1,0.005,phase_conditioned,all,0.0054615854586349205,0.007935997648593289,0.004686046351758242,0.004578079388485961,0.0033579182601073277,0.0029359976485932885,-0.0033579182601073277,-0.00010796696327228066
ds03,8,isolation_forest,1,0.005,causal_regime,10,0.008281034869200473,0.011922667168014038,0.0032359399459976255,0.011008487543896344,0.008686727222016412,0.006922667168014038,-0.0009141796241176944,0.007772547597898718
ds03,8,isolation_forest,1,0.005,causal_regime,11,0.005700459788596783,0.004017076513492651,0.0033756303888075483,0.009076638222508452,0.0057010078337009044,0.004076638222508452,0.0050595617090158015,0.0057010078337009044
ds03,8,isolation_forest,1,0.005,causal_regime,12,0.006877251672671127,0.011943417003134088,0.003365032918800293,0.006719499016320763,0.008578384084333795,0.006943417003134088,-0.005223917986813325,0.00335446609752047
ds03,8,isolation_forest,1,0.005,causal_regime,13,0.006146865178227303,0.008235436599249121,0.001970127935182791,0.008074403279567833,0.00626530866406633,0.003235436599249121,-0.00016103331968128805,0.006104275344385042
ds03,8,isolation_forest,1,0.005,causal_regime,14,0.005056993000419849,0.0040802856199934,0.007285627097955447,0.0039150342734834325,0.0033705928244720145,0.002285627097955447,-0.00016525134650996736,-0.0033705928244720145
ds03,8,isolation_forest,1,0.005,causal_regime,15,0.006776379477250726,0.006759480326191436,0.008537121816908064,0.00560137947698492,0.0029357423399231433,0.0035371218169080636,-0.0011581008492065155,-0.0029357423399231433
ds03,8,isolation_forest,1,0.005,causal_regime,all,0.006527486736094429,0.00782271373154161,0.004278165544612536,0.007578094435583376,0.0035445481869290744,0.0028227137315416104,-0.0002446192959582342,0.0032999288909708402
ds03,8,isolation_forest,1,0.01,pooled,10,0.01446479459511383,0.00291408159428464,0.010254147361343125,0.026992811457633836,0.024078729863349194,0.016992811457633837,0.024078729863349194,0.016738664096290712
ds03,8,isolation_forest,1,0.01,pooled,11,0.011814384759979634,0.00283558342128893,0.010157393850658858,0.019189744002576076,0.016354160581287146,0.009189744002576076,0.016354160581287146,0.009032350151917218
ds03,8,isolation_forest,1,0.01,pooled,12,0.009167524446731858,0.007736397775079764,0.004786289058417808,0.012773975449582975,0.007987686391165167,0.005213710941582192,0.005037577674503211,0.007987686391165167
ds03,8,isolation_forest,1,0.01,pooled,13,0.013747998394742384,0.003936054256994065,0.011069656335808307,0.02203938546415846,0.018103331207164394,0.01203938546415846,0.018103331207164394,0.010969729128350153
ds03,8,isolation_forest,1,0.01,pooled,14,0.007294101428114876,0.002490174312201854,0.008143881599023498,0.008859627733073234,0.00636945342087138,0.007509825687798146,0.00636945342087138,0.0007157461340497363
ds03,8,isolation_forest,1,0.01,pooled,15,0.008583414004517587,0.0031316858391987846,0.008048355300672869,0.012806291117969446,0.009674605278770662,0.006868314160801216,0.009674605278770662,0.004757935817296577
ds03,8,isolation_forest,1,0.01,pooled,all,0.011285422873160065,0.0036281470731416078,0.009220855999743356,0.01768410123687141,0.014055954163729801,0.007684101236871408,0.014055954163729801,0.008463245237128053
ds03,8,isolation_forest,1,0.01,phase_conditioned,10,0.03674233934232013,0.10313655449019239,0.012775659007575041,0.015202721298120852,0.09036089548261735,0.0931365544901924,-0.08793383319207154,0.0024270622905458103
ds03,8,isolation_forest,1,0.01,phase_conditioned,11,0.012262305374664538,0.013169709667764143,0.011733365869529852,0.012206166478827886,0.0014363437982342908,0.0031697096677641423,-0.0009635431889362563,0.00047280060929803455
ds03,8,isolation_forest,1,0.01,phase_conditioned,12,0.015684508492022645,0.05251715277973854,0.005894032814296165,0.004100972595527723,0.048416180184210816,0.04251715277973854,-0.048416180184210816,-0.0017930602187684417
ds03,8,isolation_forest,1,0.01,phase_conditioned,13,0.020069693610359474,0.03660530459004481,0.014788272813465824,0.013715949580475844,0.022889355009568964,0.026605304590044808,-0.022889355009568964,-0.0010723232329899798
ds03,8,isolation_forest,1,0.01,phase_conditioned,14,0.009969858567122653,0.023401638114668027,0.010108330790357034,0.0038066596223143407,0.019594978492353688,0.013401638114668027,-0.019594978492353688,-0.006301671168042693
ds03,8,isolation_forest,1,0.01,phase_conditioned,15,0.014530032729451896,0.030541688629809927,0.009433193763339252,0.006622807499258641,0.023918881130551288,0.02054168862980993,-0.023918881130551288,-0.0028103862640806113
ds03,8,isolation_forest,1,0.01,phase_conditioned,all,0.019012434742511464,0.044232777017448786,0.0113702503654887,0.009791898642751814,0.034440878374696976,0.034232777017448784,-0.034440878374696976,-0.0015783517227368864
ds03,8,isolation_forest,1,0.01,causal_regime,10,0.021777240562261855,0.041533496271228924,0.00869921517950011,0.021598652561124625,0.03283428109172881,0.03153349627122892,-0.0199348437101043,0.012899437381624515
ds03,8,isolation_forest,1,0.01,causal_regime,11,0.011676563032384278,0.006443075662817625,0.008337400357898163,0.018324343905973272,0.011881268243155647,0.008324343905973272,0.011881268243155647,0.00998694354807511
ds03,8,isolation_forest,1,0.01,causal_regime,12,0.014590838908903758,0.022418612530705595,0.005810429511965723,0.01657014602787553,0.016608183018739873,0.012418612530705595,-0.005848466502830066,0.010759716515909807
ds03,8,isolation_forest,1,0.01,causal_regime,13,0.01381951977367457,0.020876226232287756,0.005122332631475256,0.01612007202789165,0.015753893600812502,0.010876226232287756,-0.004756154204396106,0.010997739396416394
ds03,8,isolation_forest,1,0.01,causal_regime,14,0.010057588309385202,0.010860760253217725,0.010546994202014038,0.009347313663334146,0.0015134465898835794,0.0008607602532177249,-0.0015134465898835794,-0.0011996805386798922
ds03,8,isolation_forest,1,0.01,causal_regime,15,0.015359793481768313,0.016402592167684724,0.020088303817266492,0.011433403991257455,0.008654899826009038,0.010088303817266492,-0.00496918817642727,-0.008654899826009038
ds03,8,isolation_forest,1,0.01,causal_regime,all,0.014809848618846834,0.020369672976887018,0.009459168381446465,0.015786286075416052,0.010910504595440552,0.010369672976887017,-0.004583386901470966,0.006327117693969587
ds03,8,isolation_forest,1,0.02,pooled,10,0.028361243636130767,0.008632575045434606,0.017671594120675344,0.05342419005052896,0.044791615005094355,0.03342419005052896,0.044791615005094355,0.035752595929853616
ds03,8,isolation_forest,1,0.02,pooled,11,0.02192513983162779,0.003749271412593141,0.017132340979339515,0.03827886008694252,0.03452958867434938,0.01827886008694252,0.03452958867434938,0.021146519107603005
ds03,8,isolation_forest,1,0.02,pooled,12,0.021513124034997427,0.010559900612700115,0.010095098756400878,0.03445648258472111,0.024361383828320232,0.014456482584721108,0.02389658197202099,0.024361383828320232
ds03,8,isolation_forest,1,0.02,pooled,13,0.023395437730706115,0.006691292236889912,0.020181498036028714,0.03646412014865331,0.029772827911763396,0.016464120148653307,0.029772827911763396,0.016282622112624594
ds03,8,isolation_forest,1,0.02,pooled,14,0.017953265113014708,0.003600252017641235,0.014723832773878547,0.026727898344577204,0.02312764632693597,0.016399747982358766,0.02312764632693597,0.012004065570698656
ds03,8,isolation_forest,1,0.02,pooled,15,0.01597750426404831,0.005426188335245418,0.015184346437706707,0.023987083877911895,0.018560895542666475,0.014573811664754582,0.018560895542666475,0.008802737440205188
ds03,8,isolation_forest,1,0.02,pooled,all,0.02191740191970365,0.006353084537357668,0.016482509246062118,0.03593999217550935,0.02958690763815168,0.015939992175509347,0.02958690763815168,0.01945748292944723
ds03,8,isolation_forest,1,0.02,phase_conditioned,10,0.05538967692356953,0.14319734285893337,0.01829146573370736,0.03256310615484539,0.12490587712522602,0.12319734285893337,-0.11063423670408798,0.01427164042113803
ds03,8,isolation_forest,1,0.02,phase_conditioned,11,0.02083787953615332,0.019612785330581767,0.01838295103302424,0.024050072452101112,0.005667121419076871,0.004050072452101112,0.004437287121519345,0.005667121419076871
ds03,8,isolation_forest,1,0.02,phase_conditioned,12,0.035814462171899125,0.10565547618375357,0.011140140035531404,0.01790019119399263,0.09451533614822216,0.08565547618375356,-0.08775528498976093,0.006760051158461226
ds03,8,isolation_forest,1,0.02,phase_conditioned,13,0.032570041283729284,0.05561947438536999,0.0210188024084814,0.02697214666104747,0.03460067197688858,0.035619474385369984,-0.02864732772432252,0.005953344252566068
ds03,8,isolation_forest,1,0.02,phase_conditioned,14,0.01866136946127672,0.039932795295670696,0.015200640830027465,0.011514806686715976,0.028417988608954718,0.019932795295670696,-0.028417988608954718,-0.0036858341433114884
ds03,8,isolation_forest,1,0.02,phase_conditioned,15,0.023680449914719032,0.042401785991132056,0.015950080646475177,0.015628947050489297,0.02677283894064276,0.022401785991132055,-0.02677283894064276,-0.00032113359598587993
ds03,8,isolation_forest,1,0.02,phase_conditioned,all,0.031792436580804974,0.06695079497754224,0.017334934303692467,0.022060925697432964,0.049615860673849765,0.04695079497754223,-0.04488986928010927,0.004725991393740497
ds03,8,isolation_forest,1,0.02,causal_regime,10,0.04921792449809484,0.10713166635332456,0.01829146573370736,0.04092955668820661,0.0888402006196172,0.08713166635332456,-0.06620210966511796,0.02263809095449925
ds03,8,isolation_forest,1,0.02,causal_regime,11,0.0252443464378826,0.01471352730824367,0.019206523507401985,0.03794678795685075,0.023233260648607076,0.017946787956850747,0.023233260648607076,0.018740264449448762
ds03,8,isolation_forest,1,0.02,causal_regime,12,0.0360138960370561,0.07050286585538018,0.013899049012435992,0.033749896090221394,0.05660381684294419,0.05050286585538018,-0.03675296976515879,0.0198508470777854
ds03,8,isolation_forest,1,0.02,causal_regime,13,0.03157271538861936,0.03861874772919947,0.01984903894696662,0.036234243898701196,0.018769708782232847,0.018618747729199466,-0.0023845038304982705,0.016385204951734577
ds03,8,isolation_forest,1,0.02,causal_regime,14,0.028480834184520715,0.02700189013230926,0.017775404333231614,0.03675255357771817,0.018977149244486558,0.016752553577718172,0.00975066344540891,0.018977149244486558
ds03,8,isolation_forest,1,0.02,causal_regime,15,0.028400866639007975,0.03108430746333447,0.03173723912087196,0.024250678206240595,0.0074865609146313634,0.011737239120871958,-0.006833629257093875,-0.0074865609146313634
ds03,8,isolation_forest,1,0.02,causal_regime,all,0.03332177319629036,0.04814566474696353,0.020135104788703992,0.03503904721779169,0.02801055995825954,0.02814566474696353,-0.01310661752917184,0.0149039424290877
ds03,8,isolation_forest,2,0.005,pooled,10,0.006744100413051135,0.0016607131666353326,0.005284668158561058,0.011845132597232466,0.010184419430597134,0.006845132597232466,0.010184419430597134,0.0065604644386714085
ds03,8,isolation_forest,2,0.005,pooled,11,0.0062287764110456455,0.0019534019124434854,0.004361883845778429,0.010807438415714056,0.00885403650327057,0.005807438415714056,0.00885403650327057,0.006445554569935627
ds03,8,isolation_forest,2,0.005,pooled,12,0.003216675244467319,0.005336420363102465,0.0019019751280175566,0.003048020172351686,0.0034344452350849085,0.0030980248719824433,-0.0022884001907507792,0.0011460450443341295
ds03,8,isolation_forest,2,0.005,pooled,13,0.007434249999006648,0.002830931330991886,0.0038786893723911195,0.013112524424351558,0.010281593093359673,0.008112524424351557,0.010281593093359673,0.009233835051960439
ds03,8,isolation_forest,2,0.005,pooled,14,0.003246000463714352,0.0013800966067624733,0.004939731461702777,0.0028854750873770624,0.0035596348549403033,0.0036199033932375266,0.001505378480614589,-0.0020542563743257145
ds03,8,isolation_forest,2,0.005,pooled,15,0.004365463513575808,0.0020774549626368173,0.004806204076312746,0.005689244253094488,0.0036117892904576703,0.0029225450373631828,0.0036117892904576703,0.0008830401767817419
ds03,8,isolation_forest,2,0.005,pooled,all,0.0055210596603482405,0.0024065178054762056,0.004335452174829629,0.008407565680580216,0.006001047875104011,0.003407565680580216,0.006001047875104011,0.004072113505750587
ds03,8,isolation_forest,2,0.005,phase_conditioned,10,0.00811293266305914,0.01486808297298991,0.00570492009959971,0.005889540835984544,0.0091631628733902,0.009868082972989911,-0.008978542137005366,0.0001846207363848341
ds03,8,isolation_forest,2,0.005,phase_conditioned,11,0.005183628310114201,0.004237621890704013,0.004758418740849195,0.0062087425535340525,0.00197112066283004,0.0012087425535340524,0.00197112066283004,0.0014503238126848577
ds03,8,isolation_forest,2,0.005,phase_conditioned,12,0.0038342768914050437,0.012959878024677414,0.0020064792559306094,0.0005680401230291779,0.012391837901648236,0.007959878024677413,-0.012391837901648236,-0.0014384391329014315
ds03,8,isolation_forest,2,0.005,phase_conditioned,13,0.007136244253455873,0.00817488191837229,0.004075702165909399,0.008859813800237539,0.00478411163432814,0.0038598138002375387,0.000684931881865249,0.00478411163432814
ds03,8,isolation_forest,2,0.005,phase_conditioned,14,0.00296401200644187,0.004770333923374636,0.005168599328654257,0.000582513750033867,0.00458608557862039,0.004417486249966133,-0.004187820173340769,-0.00458608557862039
ds03,8,isolation_forest,2,0.005,phase_conditioned,15,0.004669709122758494,0.006976527859601253,0.005099463986053862,0.0027457742534239805,0.004230753606177272,0.0022542257465760196,-0.004230753606177272,-0.0023536897326298816
ds03,8,isolation_forest,2,0.005,phase_conditioned,all,0.005606795197883027,0.008652441880757962,0.004633342651958515,0.004534818983418099,0.004117622897339863,0.0036524418807579615,-0.004117622897339863,-9.852366854041627e-05
ds03,8,isolation_forest,2,0.005,causal_regime,10,0.009225609170375588,0.013567713229303753,0.00410796272365283,0.011536894946003368,0.009459750505650923,0.008567713229303754,-0.002030818283300385,0.007428932222350538
ds03,8,isolation_forest,2,0.005,causal_regime,11,0.005811482846937486,0.0040958427196395655,0.0038128355295265984,0.00888544517791016,0.005072609648383561,0.0038854451779101592,0.004789602458270594,0.005072609648383561
ds03,8,isolation_forest,2,0.005,causal_regime,12,0.006948018528049408,0.011915181974757884,0.0035113386978785663,0.006788772202056028,0.008403843276879317,0.006915181974757884,-0.005126409772701856,0.003277433504177462
ds03,8,isolation_forest,2,0.005,causal_regime,13,0.006087264029117148,0.007675305801138428,0.0022287072266755324,0.00808398145664917,0.005855274229973638,0.0030839814566491703,0.00040867565551074275,0.005855274229973638
ds03,8,isolation_forest,2,0.005,causal_regime,14,0.005132189922359178,0.0040802856199934,0.00772429050961245,0.0037660191281259315,0.003958271381486519,0.00272429050961245,-0.0003142664918674683,-0.003958271381486519
ds03,8,isolation_forest,2,0.005,causal_regime,15,0.007029917484902964,0.006464915816563828,0.00957982371820981,0.005711210447121879,0.0038686132710879315,0.00457982371820981,-0.0007537053694419487,-0.0038686132710879315
ds03,8,isolation_forest,2,0.005,causal_regime,all,0.006780831387548574,0.00798498528839942,0.004830408659905317,0.0076420445995967375,0.003154576628494104,0.0029849852883994206,-0.0003429406888026832,0.002811635939691421
ds03,8,isolation_forest,2,0.01,pooled,10,0.015045147449649387,0.003196089490505734,0.011420346497725387,0.027168947258336178,0.023972857767830445,0.017168947258336176,0.023972857767830445,0.01574860076061079
ds03,8,isolation_forest,2,0.01,pooled,11,0.012059401164593598,0.0027410639739126326,0.010492923377257199,0.019562067299951698,0.016821003326039065,0.009562067299951698,0.016821003326039065,0.009069143922694499
ds03,8,isolation_forest,2,0.01,pooled,12,0.009135357694287185,0.0075952226331987465,0.004744487407252586,0.012801684723877082,0.008057197316624496,0.005255512592747414,0.005206462090678336,0.008057197316624496
ds03,8,isolation_forest,2,0.01,pooled,13,0.01406984459993722,0.004117718299624561,0.011488308522034649,0.022374621662005288,0.018256903362380728,0.012374621662005288,0.018256903362380728,0.01088631313997064
ds03,8,isolation_forest,2,0.01,pooled,14,0.007576089885387358,0.002370165911613813,0.008849557522123894,0.00902218970982687,0.006652023798213058,0.0076298340883861875,0.006652023798213058,0.0001726321877029771
ds03,8,isolation_forest,2,0.01,pooled,15,0.008657170515834601,0.0033642367678521595,0.008390491862037506,0.012586629177695527,0.009222392409843367,0.00663576323214784,0.009222392409843367,0.004196137315658021
ds03,8,isolation_forest,2,0.01,pooled,all,0.011552670584754985,0.0037199988977781044,0.00975705885857535,0.01783833398537422,0.014118335087596117,0.00783833398537422,0.014118335087596117,0.00808127512679887
ds03,8,isolation_forest,2,0.01,phase_conditioned,10,0.03813518619320547,0.10786802030456853,0.012576039335581681,0.015918272988474112,0.09529198096898685,0.09786802030456854,-0.09194974731609443,0.003342233652892431
ds03,8,isolation_forest,2,0.01,phase_conditioned,11,0.012871018004877359,0.013784086075710078,0.011611355132585,0.013534454999194976,0.0021727309431250775,0.003784086075710078,-0.0002496310765151017,0.0019230998666099758
ds03,8,isolation_forest,2,0.01,phase_conditioned,12,0.022330159547092127,0.08021571561679419,0.0054551154770613435,0.005112361107262601,0.0751033545095316,0.0702157156167942,-0.0751033545095316,-0.00034275436979874264
ds03,8,isolation_forest,2,0.01,phase_conditioned,13,0.021043179045825335,0.03916373985709095,0.013446123157622548,0.015487912340523352,0.025717616699468402,0.029163739857090948,-0.023675827516567598,0.0020417891829008043
ds03,8,isolation_forest,2,0.01,phase_conditioned,14,0.01039597445811218,0.02487174102187153,0.010127403112602991,0.004050502587444797,0.020821238434426736,0.014871741021871531,-0.020821238434426736,-0.006076900525158194
ds03,8,isolation_forest,2,0.01,phase_conditioned,15,0.014742082699488315,0.030557192025053487,0.009237687156845175,0.007248844029039308,0.02330834799601418,0.02055719202505349,-0.02330834799601418,-0.001988843127805867
ds03,8,isolation_forest,2,0.01,phase_conditioned,all,0.020479207587363355,0.04895089907627682,0.010976118349595098,0.010788768846489513,0.0381621302297873,0.038950899076276815,-0.0381621302297873,-0.00018734950310558482
ds03,8,isolation_forest,2,0.01,causal_regime,10,0.02577567160833787,0.055085542395187065,0.009476681270421618,0.022259161813758407,0.04560886112476545,0.04508554239518706,-0.03282638058142866,0.01278248054333679
ds03,8,isolation_forest,2,0.01,causal_regime,11,0.012112998503102903,0.006537595110193923,0.008845778428501708,0.018907985831589116,0.012370390721395192,0.008907985831589115,0.012370390721395192,0.010062207403087407
ds03,8,isolation_forest,2,0.01,causal_regime,12,0.01606407617086979,0.02431035943191123,0.00693907409342669,0.018066446839757267,0.01737128533848454,0.014310359431911229,-0.006243912592153962,0.011127372746330577
ds03,8,isolation_forest,2,0.01,causal_regime,13,0.015059223675165791,0.02143635703039845,0.007868198441136271,0.01661813723612122,0.01356815858926218,0.01143635703039845,-0.004818219794277229,0.00874993879498495
ds03,8,isolation_forest,2,0.01,causal_regime,14,0.011292071111222515,0.011100777054393808,0.011309887091852305,0.011365791541358475,0.0002650144869646674,0.0013657915413584753,0.0002650144869646674,5.590444950617085e-05
ds03,8,isolation_forest,2,0.01,causal_regime,15,0.016000553173834878,0.01708474155840129,0.02096808354648984,0.011883710968818987,0.009084372577670854,0.010968083546489841,-0.005201030589582304,-0.009084372577670854
ds03,8,isolation_forest,2,0.01,causal_regime,all,0.016346909156632648,0.02351406710694308,0.010593443659744914,0.01666654127418821,0.012920623447198165,0.013514067106943079,-0.006847525832754869,0.006073097614443296
ds03,8,isolation_forest,2,0.02,pooled,10,0.031311037110563225,0.010418625054834868,0.02162196236643868,0.05614328647387135,0.045724661419036486,0.036143286473871356,0.045724661419036486,0.03452132410743267
ds03,8,isolation_forest,2,0.02,pooled,11,0.023020056889746447,0.003859544101198822,0.019013339840572636,0.03922476251811303,0.03536521841691421,0.019224762518113028,0.03536521841691421,0.02021142267754039
ds03,8,isolation_forest,2,0.02,pooled,12,0.023134328358208955,0.010926955981590762,0.012456892047235865,0.036202166865249796,0.025275210883659034,0.016202166865249796,0.025275210883659034,0.02374527481801393
ds03,8,isolation_forest,2,0.02,pooled,13,0.02472255665089223,0.006570182875136248,0.023309076133131396,0.03730699973181104,0.030736816856674794,0.017306999731811042,0.030736816856674794,0.013997923598679646
ds03,8,isolation_forest,2,0.02,pooled,14,0.01927547765711457,0.0036602562179352555,0.015429508696978945,0.029057953344712673,0.02539769712677742,0.016339743782064743,0.02539769712677742,0.013628444647733728
ds03,8,isolation_forest,2,0.02,pooled,15,0.01695938782095607,0.00559672568292456,0.016911321461737728,0.025041461191226702,0.01944473550830214,0.01440327431707544,0.01944473550830214,0.008130139729488974
ds03,8,isolation_forest,2,0.02,pooled,all,0.023487675323381318,0.006778664658173434,0.018936668484562397,0.03748796232206807,0.030709297663894637,0.017487962322068073,0.030709297663894637,0.018551293837505676
ds03,8,isolation_forest,2,0.02,phase_conditioned,10,0.058343472831481544,0.14540640471266528,0.02222082138241876,0.03501799887713427,0.12318558333024651,0.1254064047126653,-0.110388405835531,0.012797177494715508
ds03,8,isolation_forest,2,0.02,phase_conditioned,11,0.021890684399728952,0.020731265457867958,0.01958272327964861,0.024915472548703913,0.0053327492690553036,0.004915472548703913,0.004184207090835956,0.0053327492690553036
ds03,8,isolation_forest,2,0.02,phase_conditioned,12,0.04773546062789501,0.1515938673518367,0.012728602779809802,0.0199783867660506,0.1388652645720269,0.1315938673518367,-0.1316154805857861,0.007249783986240797
ds03,8,isolation_forest,2,0.02,phase_conditioned,13,0.03389318679397472,0.055816277098219694,0.023727728319357738,0.027929964369181257,0.032088548778861956,0.03581627709821969,-0.027886312729038437,0.004202236049823518
ds03,8,isolation_forest,2,0.02,phase_conditioned,14,0.020472361997982216,0.042933005310371725,0.015677448886176382,0.013736487035682353,0.029196518274689373,0.022933005310371724,-0.029196518274689373,-0.001940961850494029
ds03,8,isolation_forest,2,0.02,phase_conditioned,15,0.023993915087816346,0.042076214691017334,0.017171996937063165,0.01578271040868104,0.026293504282336295,0.022076214691017334,-0.026293504282336295,-0.0013892865283821262
ds03,8,isolation_forest,2,0.02,phase_conditioned,all,0.03453906335083832,0.07286299075664471,0.019369755409003625,0.023447139546781424,0.05349323534764108,0.052862990756644704,-0.04941585120986328,0.0040773841377777995
ds03,8,isolation_forest,2,0.02,causal_regime,10,0.04943405590599084,0.10622297424327881,0.01953120895977138,0.04086350576294323,0.08669176528350743,0.08622297424327881,-0.06535946848033558,0.02133229680317185
ds03,8,isolation_forest,2,0.02,causal_regime,11,0.025190749099373293,0.01502859213283133,0.01947088010411583,0.03734302044759298,0.02231442831476165,0.01734302044759298,0.02231442831476165,0.01787214034347715
ds03,8,isolation_forest,2,0.02,causal_regime,12,0.04334148224395265,0.09433322980489596,0.016846065419584073,0.03588351021086758,0.07748716438531189,0.07433322980489596,-0.05844971959402838,0.019037444791283508
ds03,8,isolation_forest,2,0.02,causal_regime,13,0.031588609028382064,0.03864902506963788,0.021338948197948605,0.03509444082602199,0.017310076871689277,0.018649025069637882,-0.003554584243615891,0.013755492628073386
ds03,8,isolation_forest,2,0.02,causal_regime,14,0.03027302749074138,0.02775194263598452,0.0190151052792188,0.039407732531360914,0.020392627252142116,0.019407732531360914,0.011655789895376394,0.020392627252142116
ds03,8,isolation_forest,2,0.02,causal_regime,15,0.028631355736873646,0.031037797277603797,0.031900161292950355,0.02472295137782952,0.007177209915120834,0.011900161292950354,-0.006314845899774275,-0.007177209915120834
ds03,8,isolation_forest,2,0.02,causal_regime,all,0.03449503699372586,0.0506868985619066,0.02123729955408087,0.03543027175057931,0.02944959900782573,0.0306868985619066,-0.015256626811327285,0.014192972196498444
ds03,8,lstm_autoencoder,0,0.005,pooled,10,0.008088918062181807,0.001504042113179169,0.009413643479265819,0.011327733682669337,0.009823691569490168,0.006327733682669337,0.009823691569490168,0.0019140902034035182
ds03,8,lstm_autoencoder,0,0.005,pooled,11,0.006837489041258466,0.002315726460719293,0.004890597039206117,0.011652712928674931,0.009336986467955638,0.006652712928674931,0.009336986467955638,0.0067621158894688145
ds03,8,lstm_autoencoder,0,0.005,pooled,12,0.0021937725167267114,0.0035576135754016433,0.001463057790782736,0.0020089223863227024,0.0020945557846189073,0.003536942209217264,-0.001548691189078941,0.0005458645955399664
ds03,8,lstm_autoencoder,0,0.005,pooled,13,0.007609080036396435,0.0031639820758144603,0.004223461761048108,0.01305505536186353,0.00989107328604907,0.00805505536186353,0.00989107328604907,0.008831593600815422
ds03,8,lstm_autoencoder,0,0.005,pooled,14,0.0021055138143012014,0.0027601932135249466,0.00200259383582545,0.0018830095640629658,0.0008771836494619809,0.0031169904359370343,-0.0008771836494619809,-0.00011958427176248431
ds03,8,lstm_autoencoder,0,0.005,pooled,15,0.004743465634075508,0.002651080586648476,0.006305088059434008,0.005173038693450779,0.0036540074727855324,0.002348919413351524,0.002521958106802303,-0.0011320493659832294
ds03,8,lstm_autoencoder,0,0.005,pooled,all,0.0057373294847603154,0.0025749128173097827,0.005229123606216287,0.008097219296397725,0.005522306479087942,0.003097219296397725,0.005522306479087942,0.0028680956901814382
ds03,8,lstm_autoencoder,0,0.005,phase_conditioned,10,0.008160961864813807,0.00878924609889077,0.010359210346602789,0.005416175871597002,0.004943034475005787,0.005359210346602789,-0.0033730702272937677,-0.004943034475005787
ds03,8,lstm_autoencoder,0,0.005,phase_conditioned,11,0.006343627850708442,0.006254036768065029,0.0065275744265495365,0.006218805345355015,0.00030876908119452113,0.0015275744265495364,-3.5231422710013845e-05,-0.00030876908119452113
ds03,8,lstm_autoencoder,0,0.005,phase_conditioned,12,0.003879310344827586,0.013044583109806026,0.00202738008151322,0.0006096040344703372,0.012434979075335688,0.008044583109806026,-0.012434979075335688,-0.0014177760470428825
ds03,8,lstm_autoencoder,0,0.005,phase_conditioned,13,0.007740202564438776,0.010067215695773284,0.005688744412840309,0.0078636833837784,0.004378471282932975,0.0050672156957732835,-0.002203532311994884,0.0021749389709380907
ds03,8,lstm_autoencoder,0,0.005,phase_conditioned,14,0.002895081494664152,0.007890552338663707,0.0030706438815990235,0.0005147795930531848,0.007375772745610522,0.0044852204069468155,-0.007375772745610522,-0.002555864288545839
ds03,8,lstm_autoencoder,0,0.005,phase_conditioned,15,0.0056469828977089385,0.008294316455303711,0.007298913309112237,0.0026579094773144132,0.005636406977989297,0.003294316455303711,-0.005636406977989297,-0.0046410038317978245
ds03,8,lstm_autoencoder,0,0.005,phase_conditioned,all,0.006128159953162135,0.008826960347567305,0.006406936723479728,0.00424140058382738,0.004585559763739925,0.0038269603475673047,-0.004585559763739925,-0.002165536139652348
ds03,8,lstm_autoencoder,0,0.005,causal_regime,10,0.009173577535141366,0.010481293476217334,0.008289469536987424,0.009181078611609552,0.00219182393922991,0.005481293476217334,-0.0013002148646077821,0.0008916090746221277
ds03,8,lstm_autoencoder,0,0.005,causal_regime,11,0.008460722721825985,0.006742387246175901,0.007493492760696274,0.010515617452906134,0.0037732302067302334,0.005515617452906134,0.0037732302067302334,0.00302212469220986
ds03,8,lstm_autoencoder,0,0.005,causal_regime,12,0.006722851260936696,0.01428692435835898,0.005037098965409134,0.0041286818698218295,0.010158242488537151,0.00928692435835898,-0.010158242488537151,-0.0009084170955873045
ds03,8,lstm_autoencoder,0,0.005,causal_regime,13,0.009341486770531603,0.01089984255782972,0.00992451947348331,0.007901996092103751,0.0029978464657259684,0.00589984255782972,-0.0029978464657259684,-0.002022523381379558
ds03,8,lstm_autoencoder,0,0.005,causal_regime,14,0.005871626321429243,0.008700609042632984,0.00823924321025328,0.0029125687501693354,0.005788040292463648,0.0037006090426329836,-0.005788040292463648,-0.005326674460083945
ds03,8,lstm_autoencoder,0,0.005,causal_regime,15,0.007237357672982068,0.009193513379430095,0.006744977924045684,0.006183483618710804,0.0030100297607192914,0.004193513379430095,-0.0030100297607192914,-0.0005614943053348798
ds03,8,lstm_autoencoder,0,0.005,causal_regime,all,0.008036741153598691,0.009815898326153582,0.007834519548489694,0.007109753528544344,0.002706144797609238,0.0048158983261535815,-0.002706144797609238,-0.0007247660199453509
ds03,8,lstm_autoencoder,0,0.01,pooled,10,0.0191876661009894,0.004794134235758601,0.01987791681112827,0.028578033663954908,0.023783899428196306,0.018578033663954906,0.023783899428196306,0.008700116852826636
ds03,8,lstm_autoencoder,0,0.01,pooled,11,0.015014911545249553,0.004615699680209203,0.014600618187733854,0.022067702463371437,0.017452002783162234,0.012067702463371436,0.017452002783162234,0.007467084275637583
ds03,8,lstm_autoencoder,0,0.01,pooled,12,0.00779722079258878,0.008752858796623091,0.004974396488661302,0.00919947906564327,0.004225082576981968,0.005025603511338698,0.0004466202690201794,0.004225082576981968
ds03,8,lstm_autoencoder,0,0.01,pooled,13,0.016358528725767166,0.007645028460700012,0.01512073190252792,0.022834374161909504,0.015189345701209493,0.012834374161909504,0.015189345701209493,0.007713642259381584
ds03,8,lstm_autoencoder,0,0.01,pooled,14,0.0071437075842362184,0.005670396927784945,0.007686145865120537,0.007423663605082771,0.0020157489373355923,0.0043296030722150556,0.0017532666772978262,-0.00026248226003776614
ds03,8,lstm_autoencoder,0,0.01,pooled,15,0.010104642050431014,0.005767263030603703,0.011241629873409473,0.012410899625476392,0.00664363659487269,0.004232736969396298,0.00664363659487269,0.0011692697520669197
ds03,8,lstm_autoencoder,0,0.01,pooled,all,0.013421859781459343,0.006046911788569346,0.013489855683521157,0.017896641487856992,0.011849729699287645,0.007896641487856992,0.011849729699287645,0.004406785804335836
ds03,8,lstm_autoencoder,0,0.01,phase_conditioned,10,0.021100829304216966,0.028091119884690104,0.021201710425400026,0.01608340030163256,0.012007719583057543,0.0180911198846901,-0.012007719583057543,-0.005118310123767466
ds03,8,lstm_autoencoder,0,0.01,phase_conditioned,11,0.014869433055010012,0.01299642401424093,0.015708882381649584,0.015235066816937691,0.002712458367408653,0.005708882381649584,0.0022386428026967605,-0.0004738155647118925
ds03,8,lstm_autoencoder,0,0.01,phase_conditioned,12,0.012911734431291818,0.04184431205353362,0.005162503918904797,0.003851589126880767,0.03799272292665285,0.031844312053533615,-0.03799272292665285,-0.0013109147920240295
ds03,8,lstm_autoencoder,0,0.01,phase_conditioned,13,0.01712142343437715,0.019498607242339833,0.01658601455432012,0.01603386843415961,0.0034647388081802226,0.009498607242339833,-0.0034647388081802226,-0.0005521461201605099
ds03,8,lstm_autoencoder,0,0.01,phase_conditioned,14,0.008704043714477288,0.021271489004230298,0.0080103753433018,0.0035221761629954753,0.01774931284123482,0.011271489004230298,-0.01774931284123482,-0.0044881991803063254
ds03,8,lstm_autoencoder,0,0.01,phase_conditioned,15,0.012547826487807126,0.02089857678831664,0.011746688606852507,0.007171962349943437,0.013726614438373204,0.01089857678831664,-0.013726614438373204,-0.004574726256909071
ds03,8,lstm_autoencoder,0,0.01,phase_conditioned,all,0.015125757040934471,0.022794561147290525,0.014431647884290173,0.010984381112883326,0.0118101800344072,0.012794561147290525,-0.0118101800344072,-0.0034472667714068473
ds03,8,lstm_autoencoder,0,0.01,causal_regime,10,0.025815695943133425,0.026195400137870528,0.029186497305134427,0.022016975087792687,0.0071695222173417394,0.01918649730513443,-0.004178425050077841,-0.0071695222173417394
ds03,8,lstm_autoencoder,0,0.01,causal_regime,11,0.015841841910821684,0.012807385119488335,0.015078493574101187,0.01853566253421349,0.005728277414725156,0.00853566253421349,0.005728277414725156,0.003457168960112304
ds03,8,lstm_autoencoder,0,0.01,causal_regime,12,0.018309315491507976,0.04212666233729565,0.009697983070331278,0.012330627060877276,0.032428679266964376,0.03212666233729565,-0.029796035276418376,0.002632643990545998
ds03,8,lstm_autoencoder,0,0.01,causal_regime,13,0.018619398982012373,0.019574300593435873,0.02057552362306527,0.01649362093406383,0.004081902689001441,0.010575523623065271,-0.0030806796593720424,-0.004081902689001441
ds03,8,lstm_autoencoder,0,0.01,causal_regime,14,0.012676947756938483,0.0215715100057004,0.014113518462007934,0.007640412907420954,0.013931097098279447,0.0115715100057004,-0.013931097098279447,-0.0064731055545869795
ds03,8,lstm_autoencoder,0,0.01,causal_regime,15,0.014069054533720555,0.019921862887972465,0.012039948516593624,0.011290623730079408,0.008631239157893057,0.009921862887972465,-0.008631239157893057,-0.0007493247865142157
ds03,8,lstm_autoencoder,0,0.01,causal_regime,all,0.01791563777585023,0.022271005746862495,0.018045288518384425,0.015133618225044389,0.007137387521818106,0.012271005746862495,-0.007137387521818106,-0.002911670293340036
ds03,8,lstm_autoencoder,0,0.02,pooled,10,0.04503538151195927,0.016058782979256753,0.04347506330044862,0.06703068065478483,0.05097189767552808,0.04703068065478483,0.05097189767552808,0.023555617354336214
ds03,8,lstm_autoencoder,0,0.02,pooled,11,0.03199378270873292,0.008364971092802344,0.034966243696111926,0.04414546771856384,0.03578049662576149,0.02414546771856384,0.03578049662576149,0.009179224022451915
ds03,8,lstm_autoencoder,0,0.02,pooled,12,0.020355120946989193,0.022079792190191152,0.01015780123314871,0.02626839203081271,0.016110590797664002,0.00984219876685129,0.00418859984062156,0.016110590797664002
ds03,8,lstm_autoencoder,0,0.02,pooled,13,0.035264013223508285,0.012943563037422792,0.04277640279265635,0.043542393011762,0.030598829974339208,0.023542393011762,0.030598829974339208,0.0007659902191056514
ds03,8,lstm_autoencoder,0,0.02,pooled,14,0.01605454283404666,0.01134079385556989,0.014361458651205371,0.019385515727871252,0.008044721872301363,0.008659206144430111,0.008044721872301363,0.00502405707666588
ds03,8,lstm_autoencoder,0,0.02,pooled,15,0.02016779606324621,0.012201172056680414,0.021717525538050474,0.024766883765884304,0.01256571170920389,0.007798827943319587,0.01256571170920389,0.00304935822783383
ds03,8,lstm_autoencoder,0,0.02,pooled,all,0.029802754196213886,0.013343008392195044,0.031216630537898544,0.03875379939209726,0.02541079099990222,0.018753799392097262,0.02541079099990222,0.007537168854198719
ds03,8,lstm_autoencoder,0,0.02,phase_conditioned,10,0.04618007748711216,0.0581876292536191,0.03515407486788329,0.04929600722156783,0.02303355438573581,0.0381876292536191,-0.008891622032051273,0.014141932353684536
ds03,8,lstm_autoencoder,0,0.02,phase_conditioned,11,0.029003816896178126,0.023740134532680097,0.028428501708150318,0.03293551763001127,0.009195383097331172,0.01293551763001127,0.009195383097331172,0.004507015921860952
ds03,8,lstm_autoencoder,0,0.02,phase_conditioned,12,0.038349202264539375,0.12293531354999011,0.008485735186539868,0.016639419213610795,0.11444957836345024,0.10293531354999011,-0.10629589433637932,0.008153684027070927
ds03,8,lstm_autoencoder,0,0.02,phase_conditioned,13,0.03411569775065263,0.033698679907956886,0.03636117370371739,0.03263284931611816,0.0037283243875992286,0.016361173703717386,-0.0010658305918387276,-0.0037283243875992286
ds03,8,lstm_autoencoder,0,0.02,phase_conditioned,14,0.02427607296607992,0.0681947736341544,0.012301647848642051,0.01295077081470644,0.055893125785512345,0.04819477363415439,-0.055244002819447954,0.0006491229660643884
ds03,8,lstm_autoencoder,0,0.02,phase_conditioned,15,0.023777255335822617,0.035843849803106884,0.018084361100702193,0.01906665641577612,0.01775948870240469,0.015843849803106883,-0.016777193387330764,0.0009822953150739264
ds03,8,lstm_autoencoder,0,0.02,phase_conditioned,all,0.032975741477231035,0.050169466616454335,0.02579273238894414,0.028309232898973788,0.024376734227510195,0.030169466616454334,-0.021860233717480547,0.0025165005100296484
ds03,8,lstm_autoencoder,0,0.02,causal_regime,10,0.048737632480548174,0.04424390549602056,0.052153265882896795,0.048316251830161056,0.007909360386876237,0.0321532658828968,0.0040723463341404975,-0.003837014052735739
ds03,8,lstm_autoencoder,0,0.02,causal_regime,11,0.031507578280827085,0.020605239528032893,0.033776639010899626,0.036226050555466106,0.015620811027433214,0.016226050555466106,0.015620811027433214,0.0024494115445664807
ds03,8,lstm_autoencoder,0,0.02,causal_regime,12,0.0439269171384457,0.09794731343705,0.015947329919531822,0.035966638033749894,0.08199998351751818,0.07794731343705,-0.06198067540330011,0.020019308114218072
ds03,8,lstm_autoencoder,0,0.02,causal_regime,13,0.032327663277347984,0.02923277219329054,0.03382463398716954,0.03312133634726639,0.004591861793879,0.01382463398716954,0.00388856415397585,-0.0007032976399031499
ds03,8,lstm_autoencoder,0,0.02,causal_regime,14,0.02784792675819803,0.05574390207314512,0.022448123283491,0.01908748543715625,0.03665641663598887,0.03574390207314512,-0.03665641663598887,-0.0033606378463347485
ds03,8,lstm_autoencoder,0,0.02,causal_regime,15,0.02417369658415157,0.03116182443955226,0.022385506443571904,0.020428560445474416,0.010733263994077844,0.01116182443955226,-0.010733263994077844,-0.001956945998097488
ds03,8,lstm_autoencoder,0,0.02,causal_regime,all,0.034803221493513066,0.04102714833763506,0.03287565134898557,0.03256191880586235,0.008465229531772707,0.021027148337635058,-0.008465229531772707,-0.00031373254312321713
ds03,8,lstm_autoencoder,1,0.005,pooled,10,0.008144952130895585,0.001143698690229993,0.009676300942414978,0.011459835533196095,0.010316136842966101,0.006459835533196095,0.010316136842966101,0.0017835345907811165
ds03,8,lstm_autoencoder,1,0.005,pooled,11,0.006634584831187526,0.0014808046755619968,0.005002440214738897,0.011542022218644341,0.010061217543082344,0.006542022218644341,0.010061217543082344,0.006539582003905444
ds03,8,lstm_autoencoder,1,0.005,pooled,12,0.0017563046834791558,0.00304938306462998,0.0010032396279653047,0.0016209925462052149,0.002046143436664675,0.003996760372034695,-0.001428390518424765,0.0006177529182399102
ds03,8,lstm_autoencoder,1,0.005,pooled,13,0.007577292756871019,0.0025584352670461425,0.0044327878541612796,0.013198728018083599,0.010640292751037457,0.0081987280180836,0.010640292751037457,0.00876594016392232
ds03,8,lstm_autoencoder,1,0.005,pooled,14,0.0016355330521803974,0.002550178512495875,0.0015830027464144034,0.0012598553198406894,0.0012903231926551855,0.0037401446801593108,-0.0012903231926551855,-0.00032314742657371404
ds03,8,lstm_autoencoder,1,0.005,pooled,15,0.004503756972295211,0.001968931195931909,0.006484302448720247,0.004964359850190557,0.004515371252788338,0.0030310688040680912,0.0029954286542586478,-0.00151994259852969
ds03,8,lstm_autoencoder,1,0.005,pooled,all,0.00555041056508988,0.002008493232051388,0.005274952910389962,0.007952390983779228,0.00594389775172784,0.002991506767948612,0.00594389775172784,0.0026774380733892668
ds03,8,lstm_autoencoder,1,0.005,phase_conditioned,10,0.00838509813966892,0.008663909256125838,0.0110421197507906,0.005405167384053105,0.005636952366737494,0.006042119750790599,-0.0032587418720727334,-0.005636952366737494
ds03,8,lstm_autoencoder,1,0.005,phase_conditioned,11,0.006045014107585172,0.005608153877660328,0.006466569058077111,0.005906858798905169,0.0008584151804167826,0.0014665690580771109,0.0002987049212448403,-0.0005597102591719423
ds03,8,lstm_autoencoder,1,0.005,phase_conditioned,12,0.0035898095728255277,0.012479882542281955,0.001672066046608841,0.0004987669372939123,0.011981115604988043,0.007479882542281955,-0.011981115604988043,-0.0011732991093149287
ds03,8,lstm_autoencoder,1,0.005,phase_conditioned,13,0.007513718197820187,0.009446530216785758,0.005516358218511814,0.007844527029615724,0.003930171998273943,0.0044465302167857575,-0.001602003187170034,0.002328168811103909
ds03,8,lstm_autoencoder,1,0.005,phase_conditioned,14,0.002481498423997844,0.0074705229366055625,0.00217424473603906,0.0004470454360725026,0.00702347750053306,0.004552954563927497,-0.00702347750053306,-0.0017271992999665575
ds03,8,lstm_autoencoder,1,0.005,phase_conditioned,15,0.005338127506568939,0.0072555889739853024,0.007543296567229834,0.0024931630221089744,0.00505013354512086,0.002543296567229834,-0.0047624259518763284,-0.00505013354512086
ds03,8,lstm_autoencoder,1,0.005,phase_conditioned,all,0.005929655150041052,0.00824217039738161,0.0063977708626449924,0.0041247855788618375,0.004117384818519773,0.00324217039738161,-0.004117384818519773,-0.002272985283783155
ds03,8,lstm_autoencoder,1,0.005,causal_regime,10,0.008477154109698697,0.009306260575296108,0.008236938044357593,0.008146280782483294,0.0011599797928128139,0.004306260575296108,-0.0011599797928128139,-9.065726187429922e-05
ds03,8,lstm_autoencoder,1,0.005,causal_regime,11,0.007572538255100361,0.005812946013642307,0.007229136163982431,0.0090363870552246,0.0032234410415822937,0.004036387055224601,0.0032234410415822937,0.0018072508912421702
ds03,8,lstm_autoencoder,1,0.005,causal_regime,12,0.006278950077200206,0.013750458819211114,0.00489079318633086,0.0035329324724985454,0.01021752634671257,0.008750458819211115,-0.01021752634671257,-0.0013578607138323142
ds03,8,lstm_autoencoder,1,0.005,causal_regime,13,0.00909513535420963,0.010248879738403778,0.009431987489687611,0.008103137810811846,0.0021457419275919317,0.005248879738403778,-0.0021457419275919317,-0.0013288496788757646
ds03,8,lstm_autoencoder,1,0.005,causal_regime,14,0.0054267111999548815,0.008100567039692778,0.007247482453463534,0.002926115581565472,0.005174451458127306,0.003100567039692778,-0.005174451458127306,-0.004321366871898062
ds03,8,lstm_autoencoder,1,0.005,causal_regime,15,0.006453694740238786,0.007968745155188986,0.006924192313331921,0.00506320772331382,0.0029055374318751655,0.002968745155188986,-0.0029055374318751655,-0.0018609845900181008
ds03,8,lstm_autoencoder,1,0.005,causal_regime,all,0.0074358199986251415,0.008912688717228034,0.00756183518865633,0.006425110596166,0.0024875781210620344,0.003912688717228034,-0.0024875781210620344,-0.0011367245924903307
ds03,8,lstm_autoencoder,1,0.01,pooled,10,0.019699977586372514,0.004042113179169016,0.021548418276756916,0.028765177952201147,0.02472306477303213,0.018765177952201145,0.02472306477303213,0.0072167596754442315
ds03,8,lstm_autoencoder,1,0.01,pooled,11,0.014946000681451875,0.004269128373162778,0.01532251504799089,0.02139349541136693,0.01712436703820415,0.011393495411366928,0.01712436703820415,0.0060709803633760395
ds03,8,lstm_autoencoder,1,0.01,pooled,12,0.007192485846628924,0.008414038456108648,0.004786289058417808,0.008188090553908393,0.00362774939769084,0.005213710941582192,-0.0002259479022002544,0.0034018014954905855
ds03,8,lstm_autoencoder,1,0.01,pooled,13,0.016124097539267225,0.006903233619958823,0.015539384088754264,0.02241293437033064,0.015509700750371818,0.01241293437033064,0.015509700750371818,0.006873550281576376
ds03,8,lstm_autoencoder,1,0.01,pooled,14,0.0064982673375903145,0.005580390627343914,0.007075831553249924,0.006502479070145493,0.0014954409259060096,0.004419609372656086,0.000922088442801579,-0.0005733524831044307
ds03,8,lstm_autoencoder,1,0.01,pooled,15,0.009675932328400867,0.005240147592322718,0.012023656299385784,0.011235708245010929,0.006783508707063066,0.004759852407677282,0.00599556065268821,-0.0007879480543748554
ds03,8,lstm_autoencoder,1,0.01,pooled,all,0.013237258038479036,0.005532541570604967,0.01411084275507445,0.017253378073369647,0.011720836502764679,0.007253378073369647,0.011720836502764679,0.0031425353182951976
ds03,8,lstm_autoencoder,1,0.01,phase_conditioned,10,0.021525087253049854,0.030002506736855297,0.02130677341065969,0.015797179625491254,0.014205327111364043,0.020002506736855295,-0.014205327111364043,-0.005509593785168437
ds03,8,lstm_autoencoder,1,0.01,phase_conditioned,11,0.01410375679059137,0.01197246333433104,0.0151089962583374,0.014470294638544517,0.00313653292400636,0.005108996258337399,0.002497831304213478,-0.0006387016197928821
ds03,8,lstm_autoencoder,1,0.01,phase_conditioned,12,0.012165465774575399,0.041194906400880936,0.004744487407252586,0.0028402006151458893,0.03835470578573505,0.031194906400880934,-0.03835470578573505,-0.001904286792106697
ds03,8,lstm_autoencoder,1,0.01,phase_conditioned,13,0.016652561061377264,0.019952767348916073,0.015243864898476844,0.015660319527987434,0.0047089024504392285,0.009952767348916073,-0.004292447820928639,0.0004164546295105896
ds03,8,lstm_autoencoder,1,0.01,phase_conditioned,14,0.007933275264599169,0.021901533107317513,0.006942325297528227,0.002330055000135468,0.019571478107182044,0.011901533107317513,-0.019571478107182044,-0.004612270297392759
ds03,8,lstm_autoencoder,1,0.01,phase_conditioned,15,0.011519845111326234,0.01781340113484853,0.011942195213346584,0.006776570857450384,0.011036830277398147,0.007813401134848531,-0.011036830277398147,-0.0051656243558962
ds03,8,lstm_autoencoder,1,0.01,phase_conditioned,all,0.014605164677885406,0.02244552421367184,0.013922942607962382,0.010348641247103434,0.012096882966568405,0.012445524213671838,-0.012096882966568405,-0.003574301360858949
ds03,8,lstm_autoencoder,1,0.01,causal_regime,10,0.025087253049854312,0.02523970671178793,0.030594341307613914,0.01920981076409912,0.011384530543514793,0.020594341307613916,-0.00602989594768881,-0.011384530543514793
ds03,8,lstm_autoencoder,1,0.01,causal_regime,11,0.015007254782605367,0.01176767119834906,0.014925980152920123,0.017157060054741588,0.005389388856392528,0.007157060054741588,0.005389388856392528,0.002231079901821465
ds03,8,lstm_autoencoder,1,0.01,causal_regime,12,0.017987647967061246,0.041364316571138156,0.00971888389591389,0.011998115769348,0.031645432675224267,0.031364316571138154,-0.029366200801790157,0.002279231873434111
ds03,8,lstm_autoencoder,1,0.01,causal_regime,13,0.01829357936687686,0.0198165193169432,0.02060015022225506,0.015535803225930041,0.005064346996325018,0.010600150222255059,-0.0042807160910131575,-0.005064346996325018
ds03,8,lstm_autoencoder,1,0.01,causal_regime,14,0.01196257699851486,0.02178152470672947,0.013064540738480318,0.006746322035275949,0.015035202671453522,0.01178152470672947,-0.015035202671453522,-0.006318218703204369
ds03,8,lstm_autoencoder,1,0.01,causal_regime,15,0.013068731848983543,0.01688319742023503,0.012919728245816973,0.010466891454052213,0.006416305966182817,0.00688319742023503,-0.006416305966182817,-0.0024528367917647596
ds03,8,lstm_autoencoder,1,0.01,causal_regime,all,0.017249063281323015,0.021269820858324684,0.018322555808635156,0.013897875349845015,0.007371945508479669,0.011269820858324684,-0.007371945508479669,-0.004424680458790142
ds03,8,lstm_autoencoder,1,0.02,pooled,10,0.04896577118888284,0.015432098765432098,0.05058782740252782,0.07082860885742907,0.055396510091996976,0.05082860885742907,0.055396510091996976,0.020240781454901255
ds03,8,lstm_autoencoder,1,0.02,pooled,11,0.03220051530012595,0.007608815513791963,0.034630714169513584,0.04550394461439382,0.03789512910060185,0.025503944614393818,0.03789512910060185,0.010873230444880234
ds03,8,lstm_autoencoder,1,0.02,pooled,12,0.021294390118373648,0.020329220430866532,0.010471313616887867,0.028942337000193965,0.0184710233833061,0.009528686383112134,0.008613116569327433,0.0184710233833061
ds03,8,lstm_autoencoder,1,0.02,pooled,13,0.03584015766490645,0.013079811069395665,0.04355214066713457,0.044241599938699666,0.031161788869304,0.024241599938699666,0.031161788869304,0.0006894592715650932
ds03,8,lstm_autoencoder,1,0.02,pooled,14,0.015910415400329614,0.011370795955716901,0.014380530973451327,0.01904684494296784,0.0076760489872509385,0.0086292040442831,0.0076760489872509385,0.004666313969516512
ds03,8,lstm_autoencoder,1,0.02,pooled,15,0.0215737795602268,0.011100430994387771,0.02461754020104596,0.026941536974596097,0.015841105980208325,0.008899569005612229,0.015841105980208325,0.0023239967735501355
ds03,8,lstm_autoencoder,1,0.02,pooled,all,0.03104553329435327,0.012696983892251686,0.03328124069092259,0.0404823347076349,0.027785350815383213,0.020482334707634896,0.027785350815383213,0.00720109401671231
ds03,8,lstm_autoencoder,1,0.02,phase_conditioned,10,0.051863533028081076,0.06876292536191013,0.04061735010138578,0.051772916918944506,0.02814557526052435,0.048762925361910125,-0.016990008442965623,0.011155566817558728
ds03,8,lstm_autoencoder,1,0.02,phase_conditioned,11,0.029310087401945583,0.022905212747522802,0.028875874410281437,0.03383110610207696,0.010925893354554156,0.013831106102076957,0.010925893354554156,0.004955231691795521
ds03,8,lstm_autoencoder,1,0.02,phase_conditioned,12,0.03445059186824498,0.10308608860151905,0.00856933848887031,0.017927900468286736,0.09451675011264873,0.08308608860151905,-0.08515818813323231,0.009358561979416426
ds03,8,lstm_autoencoder,1,0.02,phase_conditioned,13,0.03373425039634764,0.03398631464212184,0.03448955216529374,0.03298724186812766,0.0015023102971660762,0.014489552165293736,-0.000999072773994178,-0.0015023102971660762
ds03,8,lstm_autoencoder,1,0.02,phase_conditioned,14,0.022308420175334156,0.0600642044943146,0.011367104058590174,0.013032051803083259,0.04869710043572442,0.040064204494314595,-0.047032152691231344,0.0016649477444930852
ds03,8,lstm_autoencoder,1,0.02,phase_conditioned,15,0.02437191720831605,0.034526061207404424,0.02018605712051353,0.020000219661940273,0.01452584154546415,0.014526061207404423,-0.01452584154546415,-0.00018583745857325695
ds03,8,lstm_autoencoder,1,0.02,phase_conditioned,all,0.03344921791424747,0.048889664526519154,0.026929299132451272,0.029315507538595804,0.02196036539406788,0.028889664526519154,-0.01957415698792335,0.002386208406144532
ds03,8,lstm_autoencoder,1,0.02,causal_regime,10,0.04967820434824373,0.05224979632763051,0.05484287830554417,0.0424597364568082,0.01238314184873597,0.03484287830554417,-0.009790059870822307,-0.01238314184873597
ds03,8,lstm_autoencoder,1,0.02,causal_regime,11,0.029375169884421168,0.019896343672710662,0.03341060680006507,0.03143616164868781,0.01351426312735441,0.013410606800065072,0.011539817975977147,-0.001974445151377263
ds03,8,lstm_autoencoder,1,0.02,causal_regime,12,0.041173443129181676,0.08862975407290284,0.016323544780018812,0.03435950012469174,0.07230620929288403,0.06862975407290284,-0.054270253948211104,0.018035955344672925
ds03,8,lstm_autoencoder,1,0.02,causal_regime,13,0.03202171071191586,0.03100399660893787,0.03474813145678648,0.030544806712386498,0.0042033247443999805,0.014748131456786478,-0.00045918989655137354,-0.0042033247443999805
ds03,8,lstm_autoencoder,1,0.02,causal_regime,14,0.02505310782611965,0.0516036122528577,0.02170430271589869,0.015443387791595545,0.03616022446126216,0.031603612252857696,-0.03616022446126216,-0.006260914924303144
ds03,8,lstm_autoencoder,1,0.02,causal_regime,15,0.023201032591158438,0.02951846454373508,0.023314162824418776,0.018649298729255675,0.010869165814479404,0.009518464543735079,-0.010869165814479404,-0.004664864095163101
ds03,8,lstm_autoencoder,1,0.02,causal_regime,all,0.03365699142412907,0.04105470388502601,0.033634126333059886,0.029131180595263175,0.011923523289762834,0.02105470388502601,-0.011923523289762834,-0.00450294573779671
ds03,8,lstm_autoencoder,2,0.005,pooled,10,0.008225000800486696,0.0011907000062668421,0.009560731658629348,0.011768073184425193,0.01057737317815835,0.0067680731844251924,0.01057737317815835,0.002207341525795844
ds03,8,lstm_autoencoder,2,0.005,pooled,11,0.00650824824755845,0.001732856535232124,0.004951602407678542,0.011099259378521978,0.009366402843289854,0.006099259378521978,0.009366402843289854,0.006147656970843436
ds03,8,lstm_autoencoder,2,0.005,pooled,12,0.0017691713844570252,0.003388203405144422,0.0009196363256348625,0.0015378647233228963,0.0024685670795095596,0.0040803636743651376,-0.0018503386818215259,0.0006182283976880337
ds03,8,lstm_autoencoder,2,0.005,pooled,13,0.007410409539362586,0.0025887126074845587,0.00438353465578171,0.012815600934830083,0.010226888327345524,0.007815600934830084,0.010226888327345524,0.008432066279048373
ds03,8,lstm_autoencoder,2,0.005,pooled,14,0.0014287415168472437,0.002370165911613813,0.0011443393347574,0.0012056679942561435,0.001225826576856413,0.0038556606652426,-0.0011644979173576697,6.132865949874341e-05
ds03,8,lstm_autoencoder,2,0.005,pooled,15,0.004351634167703867,0.001968931195931909,0.006288795842226169,0.004733714812902942,0.00431986464629426,0.0030310688040680912,0.002764783616971033,-0.0015550810293232268
ds03,8,lstm_autoencoder,2,0.005,pooled,all,0.005458495889714748,0.0020911598742242347,0.005139756463077621,0.0077887537993920975,0.005697593925167863,0.0029088401257757654,0.005697593925167863,0.0026489973363144764
ds03,8,lstm_autoencoder,2,0.005,phase_conditioned,10,0.008333066504434695,0.009039919784420631,0.010348704048076822,0.005724413522826099,0.004624290525250724,0.005348704048076822,-0.0033155062615945327,-0.004624290525250724
ds03,8,lstm_autoencoder,2,0.005,phase_conditioned,11,0.0060871263021281975,0.0061752705619181145,0.0056734992679355785,0.006440186765416197,0.0007666874974806186,0.001440186765416197,0.00026491620349808256,0.0007666874974806186
ds03,8,lstm_autoencoder,2,0.005,phase_conditioned,12,0.003364642305712815,0.012310472372024733,0.0010241404535479151,0.0005264762115880185,0.011783996160436714,0.007310472372024733,-0.011783996160436714,-0.0004976642419598967
ds03,8,lstm_autoencoder,2,0.005,phase_conditioned,13,0.007990527390701427,0.011020951919583384,0.005073079433095686,0.008342592237845293,0.005947872486487698,0.006020951919583384,-0.0026783596817380913,0.003269512804749607
ds03,8,lstm_autoencoder,2,0.005,phase_conditioned,14,0.0021807107362405297,0.00726050823557649,0.0013350625572169667,0.000487685930260912,0.006772822305315578,0.004512314069739088,-0.006772822305315578,-0.0008473766269560547
ds03,8,lstm_autoencoder,2,0.005,phase_conditioned,15,0.005845203521873415,0.009255526960404329,0.006712393489630004,0.002844622126547244,0.006410904833857085,0.004255526960404329,-0.006410904833857085,-0.00386777136308276
ds03,8,lstm_autoencoder,2,0.005,phase_conditioned,all,0.006041652023397306,0.00909945409398891,0.005696582508787769,0.00444641728610551,0.0046530368078834,0.00409945409398891,-0.0046530368078834,-0.001250165222682259
ds03,8,lstm_autoencoder,2,0.005,causal_regime,10,0.010230219973744036,0.009807607946355832,0.011903636229919837,0.008773764572485387,0.00312987165743445,0.006903636229919837,-0.0010338433738704446,-0.00312987165743445
ds03,8,lstm_autoencoder,2,0.005,causal_regime,11,0.008445409196537612,0.006726634004946518,0.007961200585651538,0.010022540653678956,0.003295906648732439,0.005022540653678956,0.003295906648732439,0.002061340068027419
ds03,8,lstm_autoencoder,2,0.005,causal_regime,12,0.006060216160576428,0.014004574074596945,0.004242867593269934,0.0033666768267339078,0.010637897247863038,0.009004574074596945,-0.010637897247863038,-0.0008761907665360263
ds03,8,lstm_autoencoder,2,0.005,causal_regime,13,0.011065946684785416,0.012459125590408139,0.01360619605235615,0.008208497758706563,0.005397698293649587,0.00860619605235615,-0.0042506278317015755,-0.005397698293649587
ds03,8,lstm_autoencoder,2,0.005,causal_regime,14,0.005019394539450185,0.008310581740721851,0.00635108330790357,0.002587444796662061,0.005723136944059791,0.003310581740721851,-0.005723136944059791,-0.0037636385112415093
ds03,8,lstm_autoencoder,2,0.005,causal_regime,15,0.00720047941732356,0.010526805370376112,0.0066472246207986444,0.005216971081505563,0.005309834288870549,0.005526805370376112,-0.005309834288870549,-0.0014302535392930818
ds03,8,lstm_autoencoder,2,0.005,causal_regime,all,0.008382000480427967,0.010189429079675334,0.009085659552431015,0.006694077462457492,0.0034953516172178418,0.005189429079675334,-0.0034953516172178418,-0.002391582089973523
ds03,8,lstm_autoencoder,2,0.01,pooled,10,0.019796035989881847,0.004136115811242715,0.02190563242663977,0.028589042151498805,0.02445292634025609,0.018589042151498807,0.02445292634025609,0.006683409724859035
ds03,8,lstm_autoencoder,2,0.01,pooled,11,0.014923030393519316,0.0047574788512736495,0.015841060680006507,0.020507969731122202,0.015750490879848554,0.010507969731122202,0.015750490879848554,0.004666909051115695
ds03,8,lstm_autoencoder,2,0.01,pooled,12,0.005783582089552239,0.008244628285851428,0.003469537046713345,0.006109894981850425,0.004775091239138083,0.006530462953286655,-0.002134733304001003,0.00264035793513708
ds03,8,lstm_autoencoder,2,0.01,pooled,13,0.016906859297580592,0.007175729683904565,0.0190609877728935,0.021388069422627484,0.014212339738722919,0.011388069422627484,0.014212339738722919,0.0023270816497339836
ds03,8,lstm_autoencoder,2,0.01,pooled,14,0.005307649406884278,0.00516036122528577,0.005683552029295087,0.005107155436343439,0.0005763965929516477,0.004892844563656561,-5.320578894233048e-05,-0.0005763965929516477
ds03,8,lstm_autoencoder,2,0.01,pooled,15,0.009251832388328033,0.0060153173545006355,0.011306798742240831,0.010159364737668727,0.005291481387740196,0.003984682645499365,0.0041440473831680915,-0.001147434004572104
ds03,8,lstm_autoencoder,2,0.01,pooled,all,0.013016353860686704,0.00579278840707504,0.014548512609933043,0.016196319479972313,0.010403531072897272,0.006196319479972312,0.010403531072897272,0.0016478068700392697
ds03,8,lstm_autoencoder,2,0.01,phase_conditioned,10,0.021188882840767188,0.02785611330450586,0.020897027768147003,0.016809960479529717,0.011046152824976143,0.017856113304505858,-0.011046152824976143,-0.004087067288617286
ds03,8,lstm_autoencoder,2,0.01,phase_conditioned,11,0.014187981179677421,0.012397800847524378,0.014946315275744266,0.01458098534857511,0.0025485144282198884,0.004946315275744266,0.0021831845010507316,-0.00036532992716915673
ds03,8,lstm_autoencoder,2,0.01,phase_conditioned,12,0.013432835820895522,0.048903069147584494,0.003344132093217682,0.0027155088808224113,0.04618756026676208,0.03890306914758449,-0.04618756026676208,-0.0006286232123952707
ds03,8,lstm_autoencoder,2,0.01,phase_conditioned,13,0.017800876534232915,0.02099733559404142,0.01794047750975829,0.015669897705068773,0.005327437888972646,0.010997335594041419,-0.005327437888972646,-0.002270579804689518
ds03,8,lstm_autoencoder,2,0.01,phase_conditioned,14,0.008277927823487758,0.026311841828928026,0.0054737564845895635,0.0021268525291934215,0.024184989299734606,0.016311841828928024,-0.024184989299734606,-0.003346903955396142
ds03,8,lstm_autoencoder,2,0.01,phase_conditioned,15,0.012266629788411008,0.021813277107686584,0.010964662180876196,0.006381179364957331,0.015432097742729254,0.011813277107686584,-0.015432097742729254,-0.004583482815918865
ds03,8,lstm_autoencoder,2,0.01,phase_conditioned,all,0.015100268097343049,0.024395844623453445,0.013831283999615035,0.01043140028288543,0.013964444340568014,0.014395844623453445,-0.013964444340568014,-0.003399883716729604
ds03,8,lstm_autoencoder,2,0.01,causal_regime,10,0.027376645000160096,0.023672996177226294,0.033840787552137506,0.023205891742533492,0.010634895809604014,0.023840787552137505,-0.000467104434692802,-0.010634895809604014
ds03,8,lstm_autoencoder,2,0.01,causal_regime,11,0.016737683140191497,0.01181493092203721,0.017559378558646494,0.019068990500724522,0.007254059578687312,0.009068990500724522,0.007254059578687312,0.0015096119420780277
ds03,8,lstm_autoencoder,2,0.01,causal_regime,12,0.018817550180133813,0.04687014710449784,0.00852753683770509,0.011873424035024522,0.038342610266792754,0.03687014710449784,-0.03499672306947332,0.003345887197319432
ds03,8,lstm_autoencoder,2,0.01,causal_regime,13,0.01970413989581719,0.02070970085987647,0.02157290089025156,0.01761426765258036,0.003958633237671198,0.011572900890251559,-0.003095433207296109,-0.003958633237671198
ds03,8,lstm_autoencoder,2,0.01,causal_regime,14,0.013115596468251233,0.02496174732231256,0.013426914861153494,0.007545585087647999,0.017416162234664564,0.014961747322312561,-0.017416162234664564,-0.005881329773505495
ds03,8,lstm_autoencoder,2,0.01,causal_regime,15,0.014368690360945928,0.0207280394406375,0.011893318561723066,0.011532251864380718,0.00919578757625678,0.010728039440637499,-0.00919578757625678,-0.0003610666973423472
ds03,8,lstm_autoencoder,2,0.01,causal_regime,all,0.01877376554342814,0.022834363604633007,0.019573695812576477,0.01562264889102892,0.0072117147136040866,0.012834363604633007,-0.0072117147136040866,-0.003951046921547557
ds03,8,lstm_autoencoder,2,0.02,pooled,10,0.04727274182703083,0.012878360594096635,0.050052006177703535,0.06852783496075474,0.0556494743666581,0.04852783496075473,0.0556494743666581,0.0184758287830512
ds03,8,lstm_autoencoder,2,0.02,pooled,11,0.031055829284820084,0.007797854408544558,0.033959655116316906,0.04303856061825793,0.03524070620971337,0.023038560618257927,0.03524070620971337,0.009078905501941022
ds03,8,lstm_autoencoder,2,0.02,pooled,12,0.016462943901183736,0.018493943586413306,0.00810952032605288,0.02100362991493253,0.012894109588879649,0.011890479673947121,0.002509686328519223,0.012894109588879649
ds03,8,lstm_autoencoder,2,0.02,pooled,13,0.03631696685778769,0.015789633038633885,0.04518980951325527,0.042402589939082795,0.029400176474621384,0.02518980951325527,0.02661295690044891,-0.002787219574172474
ds03,8,lstm_autoencoder,2,0.02,pooled,14,0.013635708511664922,0.010830758153070715,0.012416081782117791,0.015768511745102822,0.004937753592032107,0.009169241846929285,0.004937753592032107,0.0033524299629850308
ds03,8,lstm_autoencoder,2,0.02,pooled,15,0.0199926243488683,0.013208892747511705,0.021538311148764235,0.02375643884062428,0.010547546093112575,0.006791107252488295,0.010547546093112575,0.0022181276918600452
ds03,8,lstm_autoencoder,2,0.02,pooled,all,0.029455177692694484,0.012944983818770227,0.03238986072474462,0.03718890126094676,0.024243917442176535,0.01718890126094676,0.024243917442176535,0.004799040536202143
ds03,8,lstm_autoencoder,2,0.02,phase_conditioned,10,0.05036662290672729,0.06174406216707401,0.04039671783234049,0.05281872323561466,0.021347344334733523,0.041744062167074006,-0.008925338931459352,0.01242200540327417
ds03,8,lstm_autoencoder,2,0.02,phase_conditioned,11,0.02908804128526418,0.023598355361615652,0.027869285830486416,0.033800917726614074,0.010202562364998422,0.013800917726614074,0.010202562364998422,0.005931631896127658
ds03,8,lstm_autoencoder,2,0.02,phase_conditioned,12,0.037564333504889344,0.12674704238077758,0.006353850977113596,0.014491950455817562,0.12039319140366399,0.10674704238077758,-0.11225509192496001,0.008138099478703966
ds03,8,lstm_autoencoder,2,0.02,phase_conditioned,13,0.035264013223508285,0.03394089863146421,0.03836824153768485,0.03368644879506532,0.004681792742619532,0.018368241537684852,-0.00025444983639889146,-0.004681792742619532
ds03,8,lstm_autoencoder,2,0.02,phase_conditioned,14,0.023956486047837774,0.07326512855899912,0.009993896856881294,0.011609634506488933,0.06327123170211783,0.05326512855899912,-0.06165549405251019,0.0016157376496076393
ds03,8,lstm_autoencoder,2,0.02,phase_conditioned,15,0.02319181302724381,0.03516170041239031,0.018198406621157074,0.01807817768454349,0.017083522727846825,0.015161700412390313,-0.017083522727846825,-0.0001202289366135853
ds03,8,lstm_autoencoder,2,0.02,phase_conditioned,all,0.033792160064386616,0.051681959995468645,0.02668869528553948,0.028632745493394323,0.024993264709929165,0.03168195999546865,-0.02304921450207432,0.0019440502078548437
ds03,8,lstm_autoencoder,2,0.02,causal_regime,10,0.0505907591815824,0.0455286081343611,0.05723831436946449,0.04718237761313973,0.011709706235103395,0.037238314369464495,0.0016537694787786342,-0.010055936756324761
ds03,8,lstm_autoencoder,2,0.02,causal_regime,11,0.03351747847492602,0.01914018809370028,0.040782088823816495,0.03551159233617775,0.021641900730116216,0.020782088823816495,0.016371404242477468,-0.005270496487638748
ds03,8,lstm_autoencoder,2,0.02,causal_regime,12,0.0404915079773546,0.09687438235875427,0.01425436304734037,0.03021696361772285,0.0826200193114139,0.07687438235875427,-0.06665741874103143,0.01596260057038248
ds03,8,lstm_autoencoder,2,0.02,causal_regime,13,0.0327925522404072,0.028536393363206975,0.033997020181498035,0.03454848473238573,0.006012091369178758,0.014548484732385732,0.006012091369178758,0.0005514645508876981
ds03,8,lstm_autoencoder,2,0.02,causal_regime,14,0.02626879139747213,0.05745402178152471,0.020006866036008545,0.016635508954455553,0.04081851282706915,0.03745402178152471,-0.04081851282706915,-0.003371357081552992
ds03,8,lstm_autoencoder,2,0.02,causal_regime,15,0.02271700548564053,0.02913087966264612,0.019957966079603772,0.02003316895298136,0.009172913583042348,0.00913087966264612,-0.00909771070966476,7.520287337758891e-05
ds03,8,lstm_autoencoder,2,0.02,causal_regime,all,0.034805538670203195,0.040509716392182794,0.034775276006984386,0.031326175930662975,0.00918354046151982,0.020509716392182794,-0.00918354046151982,-0.003449100076321411
